Timestamp,X,Y,Z
26-Jan-2025 14:20:42.972,-0.852336,4.74052,9.32781
26-Jan-2025 14:20:42.980,-0.80924,4.72376,9.677363
26-Jan-2025 14:20:42.988,-0.596156,4.709395,9.868899
26-Jan-2025 14:20:42.996,-0.536301,4.733337,9.842564
26-Jan-2025 14:20:43.004,-0.567426,4.759673,9.720459
26-Jan-2025 14:20:43.012,-0.533907,4.862624,9.52174
26-Jan-2025 14:20:43.020,-0.344765,4.946421,9.081207
26-Jan-2025 14:20:43.028,-0.076614,4.979939,8.719683
26-Jan-2025 14:20:43.036,0.181959,5.042189,8.698134
26-Jan-2025 14:20:43.044,0.531513,5.188235,8.942344
26-Jan-2025 14:20:43.052,0.926556,5.207389,9.052477
26-Jan-2025 14:20:43.060,1.070208,5.042189,9.018958
26-Jan-2025 14:20:43.068,0.720655,4.831499,8.813056
26-Jan-2025 14:20:43.076,0.021548,4.79798,8.468291
26-Jan-2025 14:20:43.084,-0.754174,4.896142,8.111555
26-Jan-2025 14:20:43.092,-1.25935,4.951209,7.963115
26-Jan-2025 14:20:43.100,-1.30484,4.924873,7.963115
26-Jan-2025 14:20:43.108,-1.108515,4.920084,8.099585
26-Jan-2025 14:20:43.117,-0.713472,4.960786,8.286332
26-Jan-2025 14:20:43.125,-0.342371,5.049371,8.35337
26-Jan-2025 14:20:43.133,-0.122104,5.097255,8.391677
26-Jan-2025 14:20:43.141,0.007183,5.023035,8.310274
26-Jan-2025 14:20:43.149,-0.043096,4.932055,8.149862
26-Jan-2025 14:20:43.157,-0.304064,4.867412,8.061277
26-Jan-2025 14:20:43.165,-0.703895,4.936844,8.341399
26-Jan-2025 14:20:43.173,-0.866701,4.908113,8.571242
26-Jan-2025 14:20:43.181,-0.814029,4.764462,8.767567
26-Jan-2025 14:20:43.189,-0.636858,4.625597,8.973468
26-Jan-2025 14:20:43.197,-0.588974,4.625597,9.0429
26-Jan-2025 14:20:43.205,-0.4956,4.699818,8.89446
26-Jan-2025 14:20:43.213,-0.323217,4.781221,8.492233
26-Jan-2025 14:20:43.221,-0.107739,4.953603,8.130709
26-Jan-2025 14:20:43.229,0.162806,5.114015,7.860164
26-Jan-2025 14:20:43.237,0.344765,5.207389,7.747637
26-Jan-2025 14:20:43.245,0.459687,5.209783,7.752425
26-Jan-2025 14:20:43.253,0.354342,5.130774,7.908048
26-Jan-2025 14:20:43.261,-0.593762,4.637568,8.111555
26-Jan-2025 14:20:43.269,-1.194707,4.630386,8.269572
26-Jan-2025 14:20:43.277,-0.926556,5.032612,8.48984
26-Jan-2025 14:20:43.285,-0.25618,5.204995,8.623915
26-Jan-2025 14:20:43.294,0.141258,5.142745,8.719683
26-Jan-2025 14:20:43.302,0.304064,5.046977,8.623915
26-Jan-2025 14:20:43.310,0.354342,5.2026,8.633492
26-Jan-2025 14:20:43.318,0.37589,5.437232,8.820239
26-Jan-2025 14:20:43.326,0.483629,5.473145,8.8777
26-Jan-2025 14:20:43.334,-1.37906,4.292804,8.779537
26-Jan-2025 14:20:43.342,-2.568978,4.149151,8.257602
26-Jan-2025 14:20:43.350,-2.030283,4.898537,7.917625
26-Jan-2025 14:20:43.358,-0.488417,5.45878,8.291121
26-Jan-2025 14:20:43.366,0.950498,5.659893,8.8777
26-Jan-2025 14:20:43.374,1.922544,5.722142,9.40203
26-Jan-2025 14:20:43.382,2.528277,5.702989,9.210494
26-Jan-2025 14:20:43.390,2.389413,5.738902,8.53054
26-Jan-2025 14:20:43.398,1.556231,5.868188,7.532158
26-Jan-2025 14:20:43.406,0.907402,5.511452,6.607996
26-Jan-2025 14:20:43.414,0.426168,5.185841,6.296751
26-Jan-2025 14:20:43.422,0.122104,4.709395,6.076484
26-Jan-2025 14:20:43.430,-0.004788,4.218584,6.500257
26-Jan-2025 14:20:43.438,-0.086191,4.328717,7.134721
26-Jan-2025 14:20:43.446,-0.253785,4.491522,7.383718
26-Jan-2025 14:20:43.454,-0.366313,4.730943,7.838616
26-Jan-2025 14:20:43.462,-0.363919,4.944026,8.360553
26-Jan-2025 14:20:43.470,-0.100556,5.181053,5.60722
26-Jan-2025 14:20:43.478,-0.773327,4.869806,6.481104
26-Jan-2025 14:20:43.486,-2.178724,4.580108,8.123527
26-Jan-2025 14:20:43.495,-2.75812,4.829105,8.631097
26-Jan-2025 14:20:43.503,-2.305616,5.006276,8.803479
26-Jan-2025 14:20:43.511,-1.975216,4.857835,8.801085
26-Jan-2025 14:20:43.519,-2.037466,4.486734,8.992621
26-Jan-2025 14:20:43.527,-2.11408,4.276044,9.25359
26-Jan-2025 14:20:43.535,-1.99437,4.419696,9.442732
26-Jan-2025 14:20:43.543,-1.884237,4.716578,9.497798
26-Jan-2025 14:20:43.551,-2.8491,5.025429,10.474632
26-Jan-2025 14:20:43.559,-4.177882,5.650316,11.35091
26-Jan-2025 14:20:43.567,-4.120421,5.966351,11.180922
26-Jan-2025 14:20:43.575,-3.093309,5.880159,10.771513
26-Jan-2025 14:20:43.583,-1.601721,5.566519,10.259154
26-Jan-2025 14:20:43.590,-0.246603,5.226542,9.684546
26-Jan-2025 14:20:43.599,0.632069,5.17387,9.102755
26-Jan-2025 14:20:43.607,1.252167,5.307945,9.093178
26-Jan-2025 14:20:43.615,1.426944,5.446809,9.351752
26-Jan-2025 14:20:43.623,1.132457,5.645528,8.980651
26-Jan-2025 14:20:43.631,0.37589,5.791574,8.573636
26-Jan-2025 14:20:43.639,-0.447716,5.758055,8.312668
26-Jan-2025 14:20:43.647,-1.084573,5.600038,8.41083
26-Jan-2025 14:20:43.655,-1.237802,5.336676,9.050082
26-Jan-2025 14:20:43.663,-0.979228,5.070919,9.76116
26-Jan-2025 14:20:43.671,-0.737414,4.96318,10.338163
26-Jan-2025 14:20:43.679,-0.572214,4.958392,10.67814
26-Jan-2025 14:20:43.687,-0.241814,5.130774,10.666168
26-Jan-2025 14:20:43.695,0.083797,5.518635,10.175357
26-Jan-2025 14:20:43.703,0.122104,5.556942,10.086772
26-Jan-2025 14:20:43.711,0.1652,5.600038,9.962274
26-Jan-2025 14:20:43.720,0.265756,5.681441,9.682152
26-Jan-2025 14:20:43.728,0.287304,5.705383,9.555259
26-Jan-2025 14:20:43.736,0.28491,5.724536,9.459491
26-Jan-2025 14:20:43.744,0.289698,5.729325,9.387665
26-Jan-2025 14:20:43.752,0.244209,5.724536,9.308656
26-Jan-2025 14:20:43.760,0.1652,5.748478,9.153033
26-Jan-2025 14:20:43.768,0.07422,5.770026,9.090784
26-Jan-2025 14:20:43.776,0.043096,5.781997,9.023746
26-Jan-2025 14:20:43.784,-0.04549,5.805939,8.880095
26-Jan-2025 14:20:43.792,-0.07422,5.791574,8.789114
26-Jan-2025 14:20:43.800,-0.002394,5.801151,8.59279
26-Jan-2025 14:20:43.808,0.083797,5.81791,8.508993
26-Jan-2025 14:20:43.816,0.191536,5.856217,8.449138
26-Jan-2025 14:20:43.824,0.292093,5.899313,8.408437
26-Jan-2025 14:20:43.832,0.380678,5.93762,8.384495
26-Jan-2025 14:20:43.840,0.588974,5.973533,8.329428
26-Jan-2025 14:20:43.848,0.653617,6.014235,8.286332
26-Jan-2025 14:20:43.856,0.715866,6.064513,8.202535
26-Jan-2025 14:20:43.864,0.797269,6.10282,7.994239
26-Jan-2025 14:20:43.872,0.845153,6.16507,7.900866
26-Jan-2025 14:20:43.880,0.897826,6.215348,7.769185
26-Jan-2025 14:20:43.888,0.948104,6.212954,7.764396
26-Jan-2025 14:20:43.896,0.926556,6.1938,7.802703
26-Jan-2025 14:20:43.904,0.897826,6.208165,7.864953
26-Jan-2025 14:20:43.912,0.955287,6.232107,7.927202
26-Jan-2025 14:20:43.920,0.964863,6.145916,8.010999
26-Jan-2025 14:20:43.928,0.907402,6.110003,8.030152
26-Jan-2025 14:20:43.936,0.92895,6.145916,8.042124
26-Jan-2025 14:20:43.944,0.950498,6.086061,8.025364
26-Jan-2025 14:20:43.953,0.952892,6.054936,8.00621
26-Jan-2025 14:20:43.961,1.036689,6.086061,7.965509
26-Jan-2025 14:20:43.969,1.122881,6.121974,7.929596
26-Jan-2025 14:20:43.977,1.182736,6.107608,7.8865
26-Jan-2025 14:20:43.985,1.173159,6.076484,7.838616
26-Jan-2025 14:20:43.993,1.118092,6.064513,7.778761
26-Jan-2025 14:20:44.001,1.070208,6.107608,7.659051
26-Jan-2025 14:20:44.009,0.995988,6.126762,7.603985
26-Jan-2025 14:20:44.017,0.919373,6.143522,7.577648
26-Jan-2025 14:20:44.025,0.852336,6.150704,7.57286
26-Jan-2025 14:20:44.033,0.799663,6.110003,7.611167
26-Jan-2025 14:20:44.041,0.828394,6.066907,7.704541
26-Jan-2025 14:20:44.049,0.878672,6.030994,7.752425
26-Jan-2025 14:20:44.057,0.955287,6.023811,7.802703
26-Jan-2025 14:20:44.065,1.005565,6.026206,7.850587
26-Jan-2025 14:20:44.073,1.022324,6.002264,7.874529
26-Jan-2025 14:20:44.081,1.118092,5.961562,7.884106
26-Jan-2025 14:20:44.089,1.146823,5.961562,7.876924
26-Jan-2025 14:20:44.097,1.108515,5.959168,7.869741
26-Jan-2025 14:20:44.105,1.091756,5.923255,7.862558
26-Jan-2025 14:20:44.113,1.108515,5.901707,7.872135
26-Jan-2025 14:20:44.121,1.130063,5.808333,7.900866
26-Jan-2025 14:20:44.129,1.180341,5.784391,7.93199
26-Jan-2025 14:20:44.137,1.18513,5.753267,7.984663
26-Jan-2025 14:20:44.145,1.225831,5.74369,8.046912
26-Jan-2025 14:20:44.153,1.228225,5.726931,8.092402
26-Jan-2025 14:20:44.161,1.266533,5.729325,8.149862
26-Jan-2025 14:20:44.169,1.261744,5.710171,8.166622
26-Jan-2025 14:20:44.178,1.261744,5.710171,8.164227
26-Jan-2025 14:20:44.186,1.266533,5.695806,8.12592
26-Jan-2025 14:20:44.194,1.237802,5.681441,8.078036
26-Jan-2025 14:20:44.202,1.199495,5.664681,7.994239
26-Jan-2025 14:20:44.210,1.194707,5.638345,7.967903
26-Jan-2025 14:20:44.218,1.187524,5.635951,7.951144
26-Jan-2025 14:20:44.226,1.206678,5.619191,7.951144
26-Jan-2025 14:20:44.234,1.206678,5.633556,7.979874
26-Jan-2025 14:20:44.242,1.221043,5.628768,8.061277
26-Jan-2025 14:20:44.250,1.256956,5.638345,8.104373
26-Jan-2025 14:20:44.258,1.252167,5.657499,8.137892
26-Jan-2025 14:20:44.266,1.199495,5.619191,8.173804
26-Jan-2025 14:20:44.274,1.151611,5.585672,8.183381
26-Jan-2025 14:20:44.282,1.098939,5.576096,8.202535
26-Jan-2025 14:20:44.290,1.084573,5.56173,8.207323
26-Jan-2025 14:20:44.298,1.077391,5.552154,8.212111
26-Jan-2025 14:20:44.306,1.079785,5.537788,8.214506
26-Jan-2025 14:20:44.314,1.108515,5.540183,8.2169
26-Jan-2025 14:20:44.322,1.091756,5.528212,8.221688
26-Jan-2025 14:20:44.330,1.11091,5.477933,8.240842
26-Jan-2025 14:20:44.338,1.106121,5.422867,8.26239
26-Jan-2025 14:20:44.346,1.158794,5.408502,8.298303
26-Jan-2025 14:20:44.354,1.158794,5.453991,8.310274
26-Jan-2025 14:20:44.362,1.194707,5.494693,8.307879
26-Jan-2025 14:20:44.370,1.228225,5.485116,8.283937
26-Jan-2025 14:20:44.378,1.175553,5.473145,8.255207
26-Jan-2025 14:20:44.387,1.18513,5.516241,8.252813
26-Jan-2025 14:20:44.395,1.240196,5.509058,8.255207
26-Jan-2025 14:20:44.403,1.120486,5.501875,8.236053
26-Jan-2025 14:20:44.411,1.027112,5.516241,8.200141
26-Jan-2025 14:20:44.419,1.041478,5.549759,8.147469
26-Jan-2025 14:20:44.427,0.907402,5.590461,8.001422
26-Jan-2025 14:20:44.435,0.893037,5.657499,7.93199
26-Jan-2025 14:20:44.443,0.847547,5.667076,7.788338
26-Jan-2025 14:20:44.451,0.826,5.6982,7.759608
26-Jan-2025 14:20:44.459,0.921768,5.681441,7.771579
26-Jan-2025 14:20:44.467,0.905008,5.635951,7.797915
26-Jan-2025 14:20:44.475,0.914585,5.662287,7.836222
26-Jan-2025 14:20:44.483,0.991199,5.643134,7.879318
26-Jan-2025 14:20:44.491,1.010353,5.619191,7.881712
26-Jan-2025 14:20:44.499,0.981623,5.597643,7.888895
26-Jan-2025 14:20:44.507,0.995988,5.600038,7.93199
26-Jan-2025 14:20:44.515,0.984017,5.56173,7.97748
26-Jan-2025 14:20:44.523,1.031901,5.530606,8.104373
26-Jan-2025 14:20:44.531,0.991199,5.494693,8.171411
26-Jan-2025 14:20:44.539,0.933739,5.463568,8.238448
26-Jan-2025 14:20:44.547,0.897826,5.430049,8.300697
26-Jan-2025 14:20:44.555,0.902614,5.408502,8.348581
26-Jan-2025 14:20:44.563,0.881066,5.410896,8.42759
26-Jan-2025 14:20:44.571,0.907402,5.432444,8.475474
26-Jan-2025 14:20:44.579,0.902614,5.432444,8.53054
26-Jan-2025 14:20:44.587,0.960075,5.41329,8.614338
26-Jan-2025 14:20:44.596,1.022324,5.408502,8.643068
26-Jan-2025 14:20:44.604,1.046266,5.377377,8.722076
26-Jan-2025 14:20:44.612,1.084573,5.358223,8.734048
26-Jan-2025 14:20:44.620,1.151611,5.398925,8.717288
26-Jan-2025 14:20:44.628,1.130063,5.456386,8.7125
26-Jan-2025 14:20:44.636,1.09415,5.513846,8.731653
26-Jan-2025 14:20:44.644,0.90022,5.650316,8.789114
26-Jan-2025 14:20:44.652,0.768539,5.702989,8.774749
26-Jan-2025 14:20:44.660,0.667982,5.738902,8.74123
26-Jan-2025 14:20:44.668,0.536301,5.765238,8.645462
26-Jan-2025 14:20:44.676,0.483629,5.784391,8.573636
26-Jan-2025 14:20:44.684,0.464475,5.815516,8.429984
26-Jan-2025 14:20:44.691,0.471658,5.81791,8.365341
26-Jan-2025 14:20:44.700,0.531513,5.856217,8.291121
26-Jan-2025 14:20:44.708,0.632069,5.899313,8.224083
26-Jan-2025 14:20:44.716,0.68953,5.949591,8.178593
26-Jan-2025 14:20:44.724,0.725443,6.050148,8.121132
26-Jan-2025 14:20:44.732,0.682347,6.062119,8.14268
26-Jan-2025 14:20:44.740,0.608127,6.035782,8.240842
26-Jan-2025 14:20:44.748,0.430956,5.959168,8.50181
26-Jan-2025 14:20:44.756,0.335188,5.916072,8.623915
26-Jan-2025 14:20:44.764,0.179565,5.832275,8.825027
26-Jan-2025 14:20:44.772,0.153229,5.813122,8.963891
26-Jan-2025 14:20:44.780,0.174777,5.81791,9.095572
26-Jan-2025 14:20:44.788,0.23942,5.825093,9.155427
26-Jan-2025 14:20:44.797,0.337582,5.829881,9.13388
26-Jan-2025 14:20:44.805,0.538695,5.808333,9.011775
26-Jan-2025 14:20:44.813,0.646434,5.793968,8.920795
26-Jan-2025 14:20:44.821,0.725443,5.798757,8.851364
26-Jan-2025 14:20:44.829,0.826,5.839458,8.805874
26-Jan-2025 14:20:44.837,0.847547,5.875371,8.829816
26-Jan-2025 14:20:44.845,0.869095,5.940014,8.882488
26-Jan-2025 14:20:44.853,0.840365,5.95438,8.884883
26-Jan-2025 14:20:44.861,0.787692,5.959168,8.841787
26-Jan-2025 14:20:44.869,0.732626,5.978322,8.74123
26-Jan-2025 14:20:44.877,0.677559,6.004658,8.537724
26-Jan-2025 14:20:44.885,0.56982,6.071695,8.056489
26-Jan-2025 14:20:44.893,0.536301,6.121974,7.809886
26-Jan-2025 14:20:44.901,0.557849,6.181829,7.548918
26-Jan-2025 14:20:44.909,0.617704,6.311116,6.993463
26-Jan-2025 14:20:44.917,0.624887,6.418855,6.756437
26-Jan-2025 14:20:44.925,0.78051,6.526594,6.169858
26-Jan-2025 14:20:44.933,0.787692,6.55293,5.899313
26-Jan-2025 14:20:44.941,0.718261,6.588843,5.77242
26-Jan-2025 14:20:44.949,0.608127,6.660669,5.726931
26-Jan-2025 14:20:44.957,0.47884,6.749255,5.700594
26-Jan-2025 14:20:44.965,0.215478,6.914454,5.65271
26-Jan-2025 14:20:44.973,0.095768,6.969521,5.628768
26-Jan-2025 14:20:44.981,0,7.000646,5.609614
26-Jan-2025 14:20:44.989,-0.141258,7.038953,5.571307
26-Jan-2025 14:20:44.998,-0.174777,7.053318,5.554548
26-Jan-2025 14:20:45.006,-0.227449,7.189788,5.612009
26-Jan-2025 14:20:45.014,-0.25618,7.304709,5.638345
26-Jan-2025 14:20:45.022,-0.287304,7.422025,5.683835
26-Jan-2025 14:20:45.030,-0.301669,7.524976,5.758055
26-Jan-2025 14:20:45.038,-0.282516,7.599196,5.83467
26-Jan-2025 14:20:45.046,-0.203507,7.711724,5.968745
26-Jan-2025 14:20:45.054,-0.148441,7.745243,5.997475
26-Jan-2025 14:20:45.062,-0.11971,7.778761,5.992687
26-Jan-2025 14:20:45.070,-0.114922,7.93199,6.054936
26-Jan-2025 14:20:45.078,-0.117316,7.939173,6.007052
26-Jan-2025 14:20:45.086,-0.124498,7.941567,5.884948
26-Jan-2025 14:20:45.094,-0.141258,7.941567,5.822699
26-Jan-2025 14:20:45.102,-0.167594,7.943961,5.777209
26-Jan-2025 14:20:45.110,-0.201113,7.946355,5.781997
26-Jan-2025 14:20:45.118,-0.25618,7.965509,5.815516
26-Jan-2025 14:20:45.126,-0.385466,8.015787,5.865794
26-Jan-2025 14:20:45.134,-0.418985,8.046912,5.884948
26-Jan-2025 14:20:45.142,-0.387861,8.06846,5.90889
26-Jan-2025 14:20:45.150,-0.124498,7.996634,5.980716
26-Jan-2025 14:20:45.158,1.833959,7.501034,6.016629
26-Jan-2025 14:20:45.166,0.629675,7.721301,5.695806
26-Jan-2025 14:20:45.174,-0.086191,8.480263,6.023811
26-Jan-2025 14:20:45.182,0.102951,8.815451,5.990293
26-Jan-2025 14:20:45.190,0.3304,8.947132,5.374983
26-Jan-2025 14:20:45.198,0.272939,8.66701,4.388572
26-Jan-2025 14:20:45.207,-0.117316,8.406042,3.332729
26-Jan-2025 14:20:45.215,-0.411803,8.379706,2.717419
26-Jan-2025 14:20:45.223,-0.658405,8.738836,2.257732
26-Jan-2025 14:20:45.231,-0.976834,8.892065,2.513912
26-Jan-2025 14:20:45.239,-1.247379,9.097966,2.504335
26-Jan-2025 14:20:45.247,-1.539472,9.11712,2.339135
26-Jan-2025 14:20:45.255,-1.716643,9.009381,2.073379
26-Jan-2025 14:20:45.263,-1.388637,8.870518,1.989582
26-Jan-2025 14:20:45.271,-1.039083,8.801085,1.960851
26-Jan-2025 14:20:45.279,-0.560243,9.004593,1.884237
26-Jan-2025 14:20:45.287,0.069432,9.301474,2.25055
26-Jan-2025 14:20:45.295,0.828394,9.437943,2.200271
26-Jan-2025 14:20:45.303,1.431733,9.363723,2.351106
26-Jan-2025 14:20:45.311,2.0231,8.889671,2.619257
26-Jan-2025 14:20:45.319,2.679112,8.523358,2.281674
26-Jan-2025 14:20:45.327,3.198653,8.224083,2.499547
26-Jan-2025 14:20:45.335,3.05979,8.197746,2.521094
26-Jan-2025 14:20:45.343,2.454057,9.533711,1.802834
26-Jan-2025 14:20:45.351,2.482787,10.836157,0.907402
26-Jan-2025 14:20:45.359,2.5187,10.374076,0.993594
26-Jan-2025 14:20:45.367,2.480393,10.295067,0.969652
26-Jan-2025 14:20:45.375,2.300828,10.376471,1.173159
26-Jan-2025 14:20:45.383,2.185906,10.34774,1.549049
26-Jan-2025 14:20:45.391,2.245761,10.16578,1.893813
26-Jan-2025 14:20:45.399,2.420538,9.868899,2.011129
26-Jan-2025 14:20:45.408,2.741361,9.636662,2.190695
26-Jan-2025 14:20:45.416,2.980781,9.375694,2.691083
26-Jan-2025 14:20:45.424,3.65834,8.89446,1.929727
26-Jan-2025 14:20:45.432,4.656722,8.394072,-0.229843
26-Jan-2025 14:20:45.440,4.280833,7.953538,0.282516
26-Jan-2025 14:20:45.448,4.072537,7.742848,0.146046
26-Jan-2025 14:20:45.456,3.885789,7.429208,-0.107739
26-Jan-2025 14:20:45.464,3.813963,7.697359,-0.04549
26-Jan-2025 14:20:45.472,3.196259,8.087613,0.208296
26-Jan-2025 14:20:45.480,2.06859,8.441956,0.205901
26-Jan-2025 14:20:45.488,0.931344,9.054871,-0.196325
26-Jan-2025 14:20:45.496,-0.497994,9.763555,0.162806
26-Jan-2025 14:20:45.504,-4.900931,10.603919,-10.465055
26-Jan-2025 14:20:45.512,-7.127539,11.796232,-12.473791
26-Jan-2025 14:20:45.520,-7.958326,11.571177,-12.751518
26-Jan-2025 14:20:45.528,-7.192182,11.473015,-8.327033
26-Jan-2025 14:20:45.536,-5.327099,11.192893,-3.155558
26-Jan-2025 14:20:45.544,-0.378284,9.775525,4.460398
26-Jan-2025 14:20:45.552,2.171541,9.797073,2.947262
26-Jan-2025 14:20:45.560,-3.363853,11.030087,-0.246603
26-Jan-2025 14:20:45.568,-3.117251,11.085154,-1.726219
26-Jan-2025 14:20:45.576,-1.046266,10.627861,-1.063026
26-Jan-2025 14:20:45.584,-0.474052,10.589554,-0.543484
26-Jan-2025 14:20:45.592,-0.957681,10.350134,-1.051055
26-Jan-2025 14:20:45.600,-1.266533,9.888053,-1.297657
26-Jan-2025 14:20:45.608,-0.92895,9.351752,-1.649605
26-Jan-2025 14:20:45.616,-0.596156,9.009381,-1.812411
26-Jan-2025 14:20:45.624,-0.162806,9.02614,-1.479617
26-Jan-2025 14:20:45.633,0.079009,9.210494,-0.577003
26-Jan-2025 14:20:45.641,0.007183,9.488221,0.342371
26-Jan-2025 14:20:45.649,0.110133,9.847352,0.557849
26-Jan-2025 14:20:45.657,0.136469,10.168175,-0.126893
26-Jan-2025 14:20:45.665,-0.047884,10.146626,-0.742203
26-Jan-2025 14:20:45.673,0.392649,9.816227,-1.125275
26-Jan-2025 14:20:45.681,0.320823,9.801862,-1.173159
26-Jan-2025 14:20:45.689,0.37589,9.701305,-0.967257
26-Jan-2025 14:20:45.697,0.68953,9.617508,-1.122881
26-Jan-2025 14:20:45.705,0.481235,9.576807,-1.149217
26-Jan-2025 14:20:45.713,-0.351948,9.763555,-0.835576
26-Jan-2025 14:20:45.721,-0.490811,9.955091,-0.347159
26-Jan-2025 14:20:45.729,-0.720655,10.254366,-0.292093
26-Jan-2025 14:20:45.737,-0.672771,10.30225,-0.682347
26-Jan-2025 14:20:45.745,-0.572214,10.230424,-1.216254
26-Jan-2025 14:20:45.753,-0.390255,10.120291,-1.414973
26-Jan-2025 14:20:45.761,-0.260968,9.979033,-1.194707
26-Jan-2025 14:20:45.769,-0.318429,9.718064,-0.294487
26-Jan-2025 14:20:45.777,-0.682347,9.583989,0.035913
26-Jan-2025 14:20:45.785,-0.560243,9.476251,0.07422
26-Jan-2025 14:20:45.793,-0.581791,9.105149,-0.160412
26-Jan-2025 14:20:45.801,-1.235408,8.92319,-0.146046
26-Jan-2025 14:20:45.809,-0.02873,9.995792,-2.346318
26-Jan-2025 14:20:45.817,-0.59855,10.666168,-1.417367
26-Jan-2025 14:20:45.825,0.452504,10.019734,-1.338359
26-Jan-2025 14:20:45.833,0.31364,9.296685,-0.227449
26-Jan-2025 14:20:45.841,0.416591,8.559271,1.553837
26-Jan-2025 14:20:45.849,0.411803,8.128315,1.886631
26-Jan-2025 14:20:45.857,0.100556,8.5473,1.927332
26-Jan-2025 14:20:45.865,-1.56102,10.27352,-3.98874
26-Jan-2025 14:20:45.873,-0.88346,10.658986,-5.705383
26-Jan-2025 14:20:45.882,-1.357512,10.874464,-3.107674
26-Jan-2025 14:20:45.890,-1.407791,10.500969,-1.09415
26-Jan-2025 14:20:45.898,-0.878672,10.34774,-1.144428
26-Jan-2025 14:20:45.906,-0.78051,10.093954,-1.362301
26-Jan-2025 14:20:45.914,-0.356736,9.428367,-1.290475
26-Jan-2025 14:20:45.922,-0.328006,9.31105,-0.622492
26-Jan-2025 14:20:45.930,-0.464475,9.689334,-0.459687
26-Jan-2025 14:20:45.937,-0.653617,10.323798,-2.078167
26-Jan-2025 14:20:45.946,-0.711078,10.87207,-3.414132
26-Jan-2025 14:20:45.954,-0.459687,10.098742,-1.039083
26-Jan-2025 14:20:45.962,-0.703895,10.151415,-2.097321
26-Jan-2025 14:20:45.970,0.148441,9.346964,-0.055067
26-Jan-2025 14:20:45.978,-0.538695,9.605537,-2.410961
26-Jan-2025 14:20:45.986,-0.620098,9.346964,-1.814805
26-Jan-2025 14:20:45.994,-0.725443,9.466674,-1.623269
26-Jan-2025 14:20:46.002,-0.849942,9.979033,-2.841918
26-Jan-2025 14:20:46.010,-0.47884,10.268731,-1.900996
26-Jan-2025 14:20:46.018,0.737414,10.070012,3.177106
26-Jan-2025 14:20:46.026,-0.131681,9.572019,-0.90022
26-Jan-2025 14:20:46.034,-0.095768,9.244013,-2.310405
26-Jan-2025 14:20:46.042,-0.301669,8.992621,-1.151611
26-Jan-2025 14:20:46.050,0.011971,9.066842,0
26-Jan-2025 14:20:46.058,0.198719,9.73243,-1.92015
26-Jan-2025 14:20:46.066,-0.246603,10.000581,-1.30484
26-Jan-2025 14:20:46.074,0.040701,9.780313,-0.739808
26-Jan-2025 14:20:46.082,-0.107739,10.084377,-1.946486
26-Jan-2025 14:20:46.090,-0.588974,10.500969,-3.186682
26-Jan-2025 14:20:46.098,-0.275333,10.455479,-1.857901
26-Jan-2025 14:20:46.106,-0.641646,10.443508,-3.100491
26-Jan-2025 14:20:46.114,-0.600945,9.888053,-2.281674
26-Jan-2025 14:20:46.122,-0.21069,9.466674,-1.551443
26-Jan-2025 14:20:46.130,-0.483629,9.485827,-2.339135
26-Jan-2025 14:20:46.138,-0.612916,9.739613,-2.499547
26-Jan-2025 14:20:46.146,-0.481235,9.684546,-2.073379
26-Jan-2025 14:20:46.154,-0.198719,9.476251,-1.441309
26-Jan-2025 14:20:46.162,-0.517148,9.861717,-1.376666
26-Jan-2025 14:20:46.170,-0.356736,9.983821,-1.675941
26-Jan-2025 14:20:46.178,-0.217872,9.375694,-0.612916
26-Jan-2025 14:20:46.186,-0.21069,9.354146,-1.853112
26-Jan-2025 14:20:46.195,0.026336,9.200917,-2.135628
26-Jan-2025 14:20:46.203,0.129287,9.296685,-1.623269
26-Jan-2025 14:20:46.211,0.40462,9.224859,-1.556231
26-Jan-2025 14:20:46.219,0.148441,10.089166,-3.095703
26-Jan-2025 14:20:46.227,-0.464475,10.170568,-1.862689
26-Jan-2025 14:20:46.235,-0.325611,10.172963,-1.843535
26-Jan-2025 14:20:46.243,-0.981623,9.981427,-2.319981
26-Jan-2025 14:20:46.251,-0.177171,9.813833,-1.714248
26-Jan-2025 14:20:46.258,0.237026,9.648633,-1.501164
26-Jan-2025 14:20:46.267,0.476446,9.478644,-1.273715
26-Jan-2025 14:20:46.275,0.509965,10.026917,-1.656788
26-Jan-2025 14:20:46.283,0.107739,10.055647,-1.632846
26-Jan-2025 14:20:46.291,-0.031125,9.866506,-2.291251
26-Jan-2025 14:20:46.299,-0.335188,9.715671,-1.936909
26-Jan-2025 14:20:46.307,-0.335188,9.756371,-1.570596
26-Jan-2025 14:20:46.315,0.148441,9.780313,-1.584962
26-Jan-2025 14:20:46.323,0.31364,9.77792,-1.824382
26-Jan-2025 14:20:46.331,-0.258574,9.727641,-1.553837
26-Jan-2025 14:20:46.339,-0.553061,9.85214,-1.060631
26-Jan-2025 14:20:46.347,-0.56982,9.682152,-0.150835
26-Jan-2025 14:20:46.355,-0.622492,9.730036,-1.496376
26-Jan-2025 14:20:46.363,-0.859518,9.643845,-1.695095
26-Jan-2025 14:20:46.371,-0.555455,9.378088,-1.714248
26-Jan-2025 14:20:46.379,-0.110133,9.528923,-1.666364
26-Jan-2025 14:20:46.387,0.100556,9.660604,-1.541866
26-Jan-2025 14:20:46.395,0.557849,9.651027,-1.541866
26-Jan-2025 14:20:46.403,0.804452,9.500193,-1.527501
26-Jan-2025 14:20:46.411,0.500388,9.557653,-1.458069
26-Jan-2025 14:20:46.419,0.237026,9.562442,-1.529895
26-Jan-2025 14:20:46.427,-0.035913,9.643845,-1.642422
26-Jan-2025 14:20:46.434,0.241814,9.65821,-2.121263
26-Jan-2025 14:20:46.443,-0.248997,9.698911,-1.604115
26-Jan-2025 14:20:46.451,0.270545,10.031705,-1.467646
26-Jan-2025 14:20:46.459,0.442927,10.295067,-1.264138
26-Jan-2025 14:20:46.467,0.452504,10.668563,-1.94888
26-Jan-2025 14:20:46.475,0.768539,9.986216,-1.687912
26-Jan-2025 14:20:46.483,1.49877,9.478644,-0.150835
26-Jan-2025 14:20:46.491,1.510741,9.325416,-1.644817
26-Jan-2025 14:20:46.499,1.49877,9.035717,-2.355895
26-Jan-2025 14:20:46.507,1.106121,9.052477,-1.005565
26-Jan-2025 14:20:46.515,1.074997,9.603143,-1.479617
26-Jan-2025 14:20:46.523,0.124498,10.170568,-0.177171
26-Jan-2025 14:20:46.532,1.106121,9.643845,-1.824382
26-Jan-2025 14:20:46.540,1.046266,9.368511,-1.18513
26-Jan-2025 14:20:46.548,0.986411,10.129868,-1.711854
26-Jan-2025 14:20:46.556,0.42138,10.338163,-1.673547
26-Jan-2025 14:20:46.564,0.933739,10.084377,-1.280898
26-Jan-2025 14:20:46.572,0.229843,10.362105,-0.47884
26-Jan-2025 14:20:46.580,0.694318,10.19451,-2.154782
26-Jan-2025 14:20:46.588,1.010353,9.651027,-1.776498
26-Jan-2025 14:20:46.596,0.869095,9.576807,-1.491588
26-Jan-2025 14:20:46.604,0.746991,9.509769,-1.668759
26-Jan-2025 14:20:46.612,0.964863,9.782708,-1.261744
26-Jan-2025 14:20:46.620,0.756568,10.338163,-0.840365
26-Jan-2025 14:20:46.628,1.053449,10.141838,-0.849942
26-Jan-2025 14:20:46.636,0.835576,10.105926,-1.790863
26-Jan-2025 14:20:46.644,0.811634,9.962274,-2.008735
26-Jan-2025 14:20:46.652,0.960075,9.770737,-1.244985
26-Jan-2025 14:20:46.660,1.149217,9.720459,-1.012747
26-Jan-2025 14:20:46.668,1.707066,9.794679,-2.152387
26-Jan-2025 14:20:46.684,1.675941,10.532093,-0.792481
26-Jan-2025 14:20:46.700,0.553061,10.436325,1.084573
26-Jan-2025 14:20:46.716,1.182736,10.510546,-2.604892
26-Jan-2025 14:20:46.732,0.392649,8.78672,-1.821988
26-Jan-2025 14:20:46.748,0.026336,8.836999,-1.68073
26-Jan-2025 14:20:46.764,0.457293,9.52174,-1.616086
26-Jan-2025 14:20:46.780,0.11971,10.405201,-1.307234
26-Jan-2025 14:20:46.796,0.593762,10.374076,-1.984793
26-Jan-2025 14:20:46.812,0.208296,10.694899,-2.190695
26-Jan-2025 14:20:46.828,-0.158017,10.783484,-1.958457
26-Jan-2025 14:20:46.844,-0.555455,10.268731,-1.980005
26-Jan-2025 14:20:46.860,-0.80924,9.85214,-1.989582
26-Jan-2025 14:20:46.876,0.272939,10.067618,-2.049437
26-Jan-2025 14:20:46.892,0.651223,10.517728,-1.098939
26-Jan-2025 14:20:46.908,0.76375,10.860099,-1.175553
26-Jan-2025 14:20:46.924,0.354342,10.649409,-1.017536
26-Jan-2025 14:20:46.940,-0.09098,9.792285,-1.628057
26-Jan-2025 14:20:46.957,-0.3304,10.007763,-1.113304
26-Jan-2025 14:20:46.973,0.138864,9.315839,-0.916979
26-Jan-2025 14:20:46.989,3.993528,10.230424,0.54109
26-Jan-2025 14:20:47.005,0.292093,9.648633,-1.189918
26-Jan-2025 14:20:47.021,-1.055843,8.568848,-0.979228
26-Jan-2025 14:20:47.037,-2.252944,6.864176,-0.885855
26-Jan-2025 14:20:47.053,-1.881842,6.687006,-0.658405
26-Jan-2025 14:20:47.069,-1.539472,7.000646,-1.01993
26-Jan-2025 14:20:47.085,-0.895431,9.351752,-1.776498
26-Jan-2025 14:20:47.101,-0.555455,11.089942,-1.704672
26-Jan-2025 14:20:47.117,-0.083797,11.3964,-1.704672
26-Jan-2025 14:20:47.133,0.378284,10.565612,-1.01993
26-Jan-2025 14:20:47.149,0.653617,9.208099,-1.326388
26-Jan-2025 14:20:47.165,0.488417,10.15381,-1.501164
26-Jan-2025 14:20:47.181,-0.866701,10.0341,-2.406173
26-Jan-2025 14:20:47.197,-0.998382,9.533711,-1.549049
26-Jan-2025 14:20:47.213,-0.011971,9.210494,-1.012747
26-Jan-2025 14:20:47.229,0.344765,10.053253,-1.295263
26-Jan-2025 14:20:47.245,-0.055067,10.733206,-1.541866
26-Jan-2025 14:20:47.261,0.167594,10.627861,-1.326388
26-Jan-2025 14:20:47.277,0.483629,10.096349,-0.799663
26-Jan-2025 14:20:47.293,-0.766145,9.607931,-1.211466
26-Jan-2025 14:20:47.309,-1.625663,9.583989,-1.675941
26-Jan-2025 14:20:47.325,-1.041478,9.399636,-1.355118
26-Jan-2025 14:20:47.341,-1.012747,9.56723,-0.708684
26-Jan-2025 14:20:47.357,-0.787692,9.531317,-0.665588
26-Jan-2025 14:20:47.373,-0.823605,10.503363,-0.555455
26-Jan-2025 14:20:47.389,-1.09415,11.372458,-0.964863
26-Jan-2025 14:20:47.405,0.995988,11.801021,-1.043872
26-Jan-2025 14:20:47.421,3.677494,13.742718,-1.49877
26-Jan-2025 14:20:47.438,-4.084508,10.742783,-1.848324
26-Jan-2025 14:20:47.454,-1.307234,8.535329,-1.18513
26-Jan-2025 14:20:47.470,-1.963245,8.190564,-0.483629
26-Jan-2025 14:20:47.486,-2.281674,7.606379,-0.593762
26-Jan-2025 14:20:47.502,-2.394202,7.747637,-0.45011
26-Jan-2025 14:20:47.518,-1.798046,8.121132,-0.383072
26-Jan-2025 14:20:47.534,-0.694318,8.494628,-1.448492
26-Jan-2025 14:20:47.550,0.011971,9.481039,-0.397437
26-Jan-2025 14:20:47.566,0.002394,11.058818,-0.071826
26-Jan-2025 14:20:47.582,-0.828394,12.064383,-0.28491
26-Jan-2025 14:20:47.598,-2.06859,11.700463,-2.552219
26-Jan-2025 14:20:47.614,-1.742979,10.340557,-0.519542
26-Jan-2025 14:20:47.630,-1.477222,9.603143,2.061408
26-Jan-2025 14:20:47.646,-1.68073,9.61272,-3.236961
26-Jan-2025 14:20:47.662,-0.610521,8.590396,-0.533907
26-Jan-2025 14:20:47.678,0.837971,7.376535,5.418078
26-Jan-2025 14:20:47.694,-2.054225,8.597578,-0.699107
26-Jan-2025 14:20:47.710,-1.077391,9.397242,0.126893
26-Jan-2025 14:20:47.726,-1.66397,10.237606,-0.169988
26-Jan-2025 14:20:47.742,-0.272939,10.417171,-0.387861
26-Jan-2025 14:20:47.758,0.11971,10.402806,0.081403
26-Jan-2025 14:20:47.774,-2.013524,9.172187,-0.663194
26-Jan-2025 14:20:47.790,-2.707842,8.070854,-0.447716
26-Jan-2025 14:20:47.806,-1.886631,9.07163,-0.481235
26-Jan-2025 14:20:47.822,-1.173159,9.617508,-0.469264
26-Jan-2025 14:20:47.838,-1.182736,9.689334,-0.215478
26-Jan-2025 14:20:47.854,-1.058237,9.718064,-0.124498
26-Jan-2025 14:20:47.870,-1.189918,10.129868,-0.265756
26-Jan-2025 14:20:47.886,-0.864307,10.85531,-0.368707
26-Jan-2025 14:20:47.902,-0.272939,10.757148,-0.603339
26-Jan-2025 14:20:47.918,-0.320823,10.702082,-0.426168
26-Jan-2025 14:20:47.935,-0.251391,10.575189,-0.033519
26-Jan-2025 14:20:47.951,-0.21069,10.342952,-0.102951
26-Jan-2025 14:20:47.966,0.040701,10.220847,-0.304064
26-Jan-2025 14:20:47.982,0.227449,10.268731,-0.797269
26-Jan-2025 14:20:47.998,0.715866,10.852917,-0.979228
26-Jan-2025 14:20:48.014,1.082179,10.857705,-0.713472
26-Jan-2025 14:20:48.030,-2.964022,7.43639,-1.031901
26-Jan-2025 14:20:48.046,-1.479617,7.867347,0.002394
26-Jan-2025 14:20:48.062,0.56982,8.662222,0.40462
26-Jan-2025 14:20:48.078,0.64404,10.098742,-0.672771
26-Jan-2025 14:20:48.094,-0.289698,10.907983,-1.429338
26-Jan-2025 14:20:48.110,-3.967192,10.117896,-1.113304
26-Jan-2025 14:20:48.126,-1.034295,9.909601,-0.960075
26-Jan-2025 14:20:48.142,2.65517,11.707646,0.059855
26-Jan-2025 14:20:48.158,0.45011,9.818622,-3.648763
26-Jan-2025 14:20:48.174,-1.323994,9.662998,-2.011129
26-Jan-2025 14:20:48.190,-1.158794,9.141062,-0.916979
26-Jan-2025 14:20:48.206,-0.653617,8.935161,-1.292869
26-Jan-2025 14:20:48.222,-0.102951,8.576031,-1.161188
26-Jan-2025 14:20:48.238,0.526724,10.012551,-0.483629
26-Jan-2025 14:20:48.254,0.80924,11.796232,0.895431
26-Jan-2025 14:20:48.270,0.778116,11.585542,-1.398214
26-Jan-2025 14:20:48.286,0.220267,9.923966,-2.363077
26-Jan-2025 14:20:48.302,-0.225055,8.810662,-0.557849
26-Jan-2025 14:20:48.318,-0.184354,8.765172,0.318429
26-Jan-2025 14:20:48.334,0.095768,9.682152,-0.538695
26-Jan-2025 14:20:48.350,0.134075,10.192117,-2.025495
26-Jan-2025 14:20:48.367,-0.031125,9.861717,-0.907402
26-Jan-2025 14:20:48.383,-0.201113,9.358934,-0.387861
26-Jan-2025 14:20:48.399,0.993594,9.440337,-0.335188
26-Jan-2025 14:20:48.415,0.426168,9.775525,-1.079785
26-Jan-2025 14:20:48.431,-0.749385,9.952697,-3.270479
26-Jan-2025 14:20:48.447,-0.433351,9.780313,-0.998382
26-Jan-2025 14:20:48.463,0.754174,9.421184,-0.97444
26-Jan-2025 14:20:48.479,0.253785,9.859323,-1.276109
26-Jan-2025 14:20:48.495,0.545878,9.68694,-1.21386
26-Jan-2025 14:20:48.511,0.457293,10.170568,-0.995988
26-Jan-2025 14:20:48.527,-0.3304,10.081984,-0.672771
26-Jan-2025 14:20:48.543,0.088585,9.684546,-1.398214
26-Jan-2025 14:20:48.559,0.988805,9.65821,-1.326388
26-Jan-2025 14:20:48.575,0.665588,10.42196,-1.237802
26-Jan-2025 14:20:48.591,0.397437,10.730812,-1.122881
26-Jan-2025 14:20:48.607,0.742203,9.947908,-1.21386
26-Jan-2025 14:20:48.623,1.16837,9.660604,-1.539472
26-Jan-2025 14:20:48.639,0.366313,9.765948,-1.972822
26-Jan-2025 14:20:48.655,-0.567426,9.591172,-2.087744
26-Jan-2025 14:20:48.671,-0.368707,9.651027,-2.458845
26-Jan-2025 14:20:48.687,-0.263362,9.018958,-2.339135
26-Jan-2025 14:20:48.703,-0.416591,8.595184,-2.260126
26-Jan-2025 14:20:48.719,-0.184354,8.743625,-2.178724
26-Jan-2025 14:20:48.736,-0.148441,9.157822,-2.106898
26-Jan-2025 14:20:48.752,-0.098162,9.706094,-1.92015
26-Jan-2025 14:20:48.768,-0.533907,10.0341,-1.678335
26-Jan-2025 14:20:48.784,-1.247379,10.67814,-1.268927
26-Jan-2025 14:20:48.800,-0.682347,10.172963,-1.158794
26-Jan-2025 14:20:48.816,-0.581791,9.844957,-1.04866
26-Jan-2025 14:20:48.832,0.426168,8.693346,-1.132457
26-Jan-2025 14:20:48.848,-0.007183,9.497798,-1.683124
26-Jan-2025 14:20:48.864,0.40462,9.77792,-1.977611
26-Jan-2025 14:20:48.880,0.265756,11.365275,-1.33357
26-Jan-2025 14:20:48.896,1.154005,11.432313,-1.058237
26-Jan-2025 14:20:48.912,2.154782,10.151415,-1.015141
26-Jan-2025 14:20:48.928,2.042254,10.019734,-0.280122
26-Jan-2025 14:20:48.944,0.392649,9.382876,-1.00317
26-Jan-2025 14:20:48.960,-0.062249,8.987833,-0.988805
26-Jan-2025 14:20:48.976,0.117316,9.054871,-1.09415
26-Jan-2025 14:20:48.992,0.399832,9.354146,-1.11091
26-Jan-2025 14:20:49.008,0.488417,9.627085,-1.221043
26-Jan-2025 14:20:49.024,0.100556,9.952697,-1.359907
26-Jan-2025 14:20:49.040,0.270545,9.830592,-1.170765
26-Jan-2025 14:20:49.056,0.440533,9.756371,-1.082179
26-Jan-2025 14:20:49.072,0.497994,9.80665,-1.163582
26-Jan-2025 14:20:49.088,0.488417,9.89763,-1.197101
26-Jan-2025 14:20:49.104,0.526724,10.026917,-1.09415
26-Jan-2025 14:20:49.120,0.579397,10.067618,-1.055843
26-Jan-2025 14:20:49.136,0.730232,9.885659,-1.278504
26-Jan-2025 14:20:49.152,0.593762,9.832987,-1.21386
26-Jan-2025 14:20:49.168,0.332794,9.691729,-1.156399
26-Jan-2025 14:20:49.184,0.90022,9.138668,-1.228225
26-Jan-2025 14:20:49.200,0.512359,10.472239,-1.254562
26-Jan-2025 14:20:49.216,0.881066,10.405201,-0.725443
26-Jan-2025 14:20:49.232,0.708684,9.854534,-1.173159
26-Jan-2025 14:20:49.248,0.909797,9.545682,-0.572214
26-Jan-2025 14:20:49.264,0.986411,9.739613,-0.816423
26-Jan-2025 14:20:49.281,0.967257,10.055647,-1.355118
26-Jan-2025 14:20:49.297,0.591368,10.512939,-0.500388
26-Jan-2025 14:20:49.313,0.596156,10.220847,-0.021548
26-Jan-2025 14:20:49.329,0.713472,10.254366,-0.509965
26-Jan-2025 14:20:49.345,0.454898,10.16578,-0.308852
26-Jan-2025 14:20:49.361,0.241814,9.701305,-0.23942
26-Jan-2025 14:20:49.377,0.529119,9.397242,0.086191
26-Jan-2025 14:20:49.393,0.926556,9.502586,0.294487
26-Jan-2025 14:20:49.409,0.97444,9.595961,-0.158017
26-Jan-2025 14:20:49.425,1.01993,9.835381,0.098162
26-Jan-2025 14:20:49.441,0.864307,9.727641,0.040701
26-Jan-2025 14:20:49.457,0.636858,9.91439,-0.217872
26-Jan-2025 14:20:49.473,0.545878,10.141838,-0.138864
26-Jan-2025 14:20:49.489,0.438139,10.496181,-0.07422
26-Jan-2025 14:20:49.505,0.052672,10.673351,-0.457293
26-Jan-2025 14:20:49.521,-0.107739,10.783484,-0.90022
26-Jan-2025 14:20:49.537,0.007183,10.96305,-0.703895
26-Jan-2025 14:20:49.553,-0.007183,10.714052,-0.770933
26-Jan-2025 14:20:49.569,-0.253785,10.158598,-0.471658
26-Jan-2025 14:20:49.585,-0.416591,9.651027,-0.574608
26-Jan-2025 14:20:49.601,-0.440533,9.41879,-0.720655
26-Jan-2025 14:20:49.617,-0.390255,9.387665,-0.627281
26-Jan-2025 14:20:49.633,-0.335188,9.351752,-0.579397
26-Jan-2025 14:20:49.649,-0.248997,9.181764,-0.751779
26-Jan-2025 14:20:49.666,-0.304064,9.246407,-0.802058
26-Jan-2025 14:20:49.682,-0.174777,9.411607,-0.790087
26-Jan-2025 14:20:49.698,-0.107739,9.275137,-0.921768
26-Jan-2025 14:20:49.714,-0.069432,9.409213,-1.151611
26-Jan-2025 14:20:49.730,-0.220267,9.631873,-1.271321
26-Jan-2025 14:20:49.746,-0.28491,9.770737,-0.907402
26-Jan-2025 14:20:49.762,-0.445322,9.80665,-1.177947
26-Jan-2025 14:20:49.778,-0.737414,9.825804,-1.403002
26-Jan-2025 14:20:49.794,-0.792481,10.058042,-1.228225
26-Jan-2025 14:20:49.810,-0.80924,10.192117,-1.13964
26-Jan-2025 14:20:49.826,-0.797269,10.084377,-1.300052
26-Jan-2025 14:20:49.842,-0.670376,9.921572,-1.659182
26-Jan-2025 14:20:49.858,-0.440533,9.981427,-1.699883
26-Jan-2025 14:20:49.874,-0.565032,9.502586,-1.565808
26-Jan-2025 14:20:49.890,-0.797269,9.306262,-1.549049
26-Jan-2025 14:20:49.906,-0.608127,9.52174,-0.984017
26-Jan-2025 14:20:49.922,-0.241814,9.188946,-1.254562
26-Jan-2025 14:20:49.938,-0.814029,9.428367,-1.56102
26-Jan-2025 14:20:49.954,-0.948104,9.600749,-1.711854
26-Jan-2025 14:20:49.970,-0.890643,9.737218,-1.747767
26-Jan-2025 14:20:49.986,-1.005565,9.947908,-2.126051
26-Jan-2025 14:20:50.003,-1.04866,9.816227,-2.135628
26-Jan-2025 14:20:50.019,-0.823605,9.763555,-1.132457
26-Jan-2025 14:20:50.035,-0.914585,9.68694,-1.331176
26-Jan-2025 14:20:50.051,-0.902614,9.600749,-1.613692
26-Jan-2025 14:20:50.067,-0.921768,9.564836,-1.63524
26-Jan-2025 14:20:50.083,-0.969652,9.581595,-1.513135
26-Jan-2025 14:20:50.099,-1.010353,9.600749,-1.436521
26-Jan-2025 14:20:50.115,-1.010353,9.576807,-1.39582
26-Jan-2025 14:20:50.131,-0.984017,9.56723,-1.592144
26-Jan-2025 14:20:50.147,-1.029507,9.662998,-1.699883
26-Jan-2025 14:20:50.163,-1.09415,9.746795,-1.683124
26-Jan-2025 14:20:50.179,-1.053449,9.706094,-1.644817
26-Jan-2025 14:20:50.195,-0.924162,9.689334,-1.596933
26-Jan-2025 14:20:50.211,-0.718261,9.572019,-1.438915
26-Jan-2025 14:20:50.227,-0.646434,9.502586,-1.292869
26-Jan-2025 14:20:50.243,-0.632069,9.495404,-1.357512
26-Jan-2025 14:20:50.259,-0.694318,9.579201,-1.450886
26-Jan-2025 14:20:50.275,-0.847547,9.677363,-1.376666
26-Jan-2025 14:20:50.291,-1.000776,9.725247,-1.316811
26-Jan-2025 14:20:50.307,-1.189918,9.849746,-1.098939
26-Jan-2025 14:20:50.323,-1.209072,9.80665,-1.209072
26-Jan-2025 14:20:50.339,-1.271321,9.94312,-1.381454
26-Jan-2025 14:20:50.355,-1.335965,9.962274,-1.338359
26-Jan-2025 14:20:50.372,-1.295263,9.866506,-1.106121
26-Jan-2025 14:20:50.388,-1.266533,9.775525,-0.897826
26-Jan-2025 14:20:50.404,-1.323994,9.765948,-0.665588
26-Jan-2025 14:20:50.420,-1.465251,9.756371,-0.52433
26-Jan-2025 14:20:50.436,-1.644817,9.840169,-0.371101
26-Jan-2025 14:20:50.452,-1.872266,10.09156,-0.055067
26-Jan-2025 14:20:50.468,-1.987187,10.551247,-0.318429
26-Jan-2025 14:20:50.484,-1.879448,10.606314,-1.221043
26-Jan-2025 14:20:50.500,-1.675941,10.350134,-1.659182
26-Jan-2025 14:20:50.516,-1.56102,10.13705,-1.21386
26-Jan-2025 14:20:50.532,-1.412579,9.919178,-0.821211
26-Jan-2025 14:20:50.548,-1.338359,9.617508,-0.955287
26-Jan-2025 14:20:50.564,-1.376666,9.399636,-1.237802
26-Jan-2025 14:20:50.580,-1.448492,9.409213,-1.39582
26-Jan-2025 14:20:50.596,-1.532289,9.490616,-1.429338
26-Jan-2025 14:20:50.612,-1.525106,9.545682,-1.503559
26-Jan-2025 14:20:50.628,-1.477222,9.545682,-1.479617
26-Jan-2025 14:20:50.644,-1.42455,9.595961,-1.381454
26-Jan-2025 14:20:50.660,-1.319205,9.840169,-1.23062
26-Jan-2025 14:20:50.676,-1.252167,10.002975,-1.127669
26-Jan-2025 14:20:50.692,-1.237802,9.928755,-1.326388
26-Jan-2025 14:20:50.708,-1.254562,9.720459,-1.484405
26-Jan-2025 14:20:50.724,-1.362301,9.495404,-1.386243
26-Jan-2025 14:20:50.740,-1.35033,9.409213,-1.163582
26-Jan-2025 14:20:50.757,-1.256956,9.421184,-0.907402
26-Jan-2025 14:20:50.773,-1.041478,9.464279,-0.830788
26-Jan-2025 14:20:50.789,-0.950498,9.416395,-0.991199
26-Jan-2025 14:20:50.805,-0.933739,9.361329,-0.833182
26-Jan-2025 14:20:50.821,-0.902614,9.469068,-0.768539
26-Jan-2025 14:20:50.837,-0.969652,9.674969,-1.101333
26-Jan-2025 14:20:50.853,-1.211466,9.768343,-1.438915
26-Jan-2025 14:20:50.869,-1.374272,9.694122,-1.280898
26-Jan-2025 14:20:50.885,-1.474828,9.627085,-1.103727
26-Jan-2025 14:20:50.901,-1.582567,9.744401,-1.070208
26-Jan-2025 14:20:50.917,-1.608904,9.993398,-0.88346
26-Jan-2025 14:20:50.933,-1.752556,10.125079,-0.768539
26-Jan-2025 14:20:50.949,-1.865083,10.110714,-0.849942
26-Jan-2025 14:20:50.965,-1.910573,10.055647,-1.108515
26-Jan-2025 14:20:50.981,-1.860295,9.928755,-1.244985
26-Jan-2025 14:20:50.997,-1.82917,9.883265,-0.775721
26-Jan-2025 14:20:51.013,-1.649605,10.144233,-0.270545
26-Jan-2025 14:20:51.029,-1.256956,10.216059,-0.68953
26-Jan-2025 14:20:51.045,-0.828394,10.134656,-1.477222
26-Jan-2025 14:20:51.061,-0.653617,9.998186,-1.18513
26-Jan-2025 14:20:51.077,-0.562637,9.813833,-0.691924
26-Jan-2025 14:20:51.093,-0.617704,9.526528,-0.770933
26-Jan-2025 14:20:51.110,-0.869095,9.385271,-0.794875
26-Jan-2025 14:20:51.126,-0.991199,9.41879,-0.639252
26-Jan-2025 14:20:51.142,-1.017536,9.473856,-0.617704
26-Jan-2025 14:20:51.158,-0.981623,9.504981,-0.711078
26-Jan-2025 14:20:51.174,-0.933739,9.574412,-0.565032
26-Jan-2025 14:20:51.190,-0.632069,9.782708,-0.442927
26-Jan-2025 14:20:51.206,-0.143652,9.931149,-0.723049
26-Jan-2025 14:20:51.222,0.263362,10.014946,-0.90022
26-Jan-2025 14:20:51.238,0.507571,9.900024,-0.742203
26-Jan-2025 14:20:51.254,0.545878,9.710882,-0.423774
26-Jan-2025 14:20:51.270,0.45011,9.634268,-0.21069
26-Jan-2025 14:20:51.286,0.296881,9.651027,-0.462081
26-Jan-2025 14:20:51.302,0,9.751583,-0.981623
26-Jan-2025 14:20:51.318,-0.253785,9.742006,-1.288081
26-Jan-2025 14:20:51.334,-0.148441,9.605537,-1.130063
26-Jan-2025 14:20:51.350,0.217872,9.55047,-0.97444
26-Jan-2025 14:20:51.366,0.550666,9.593566,-0.878672
26-Jan-2025 14:20:51.382,0.687136,9.794679,-0.64404
26-Jan-2025 14:20:51.398,0.78051,10.16578,-0.68953
26-Jan-2025 14:20:51.414,0.806846,10.534488,-1.161188
26-Jan-2025 14:20:51.430,0.775721,10.828975,-1.316811
26-Jan-2025 14:20:51.447,0.80924,10.857705,-1.273715
26-Jan-2025 14:20:51.463,0.641646,10.663774,-1.343147
26-Jan-2025 14:20:51.479,0.397437,10.287885,-1.505953
26-Jan-2025 14:20:51.495,0.179565,9.911995,-1.551443
26-Jan-2025 14:20:51.511,0.107739,9.583989,-1.474828
26-Jan-2025 14:20:51.527,-0.002394,9.375694,-1.422156
26-Jan-2025 14:20:51.543,-0.09098,9.23683,-1.374272
26-Jan-2025 14:20:51.559,-0.043096,9.066842,-1.35033
26-Jan-2025 14:20:51.575,-0.126893,8.980651,-1.369483
26-Jan-2025 14:20:51.591,-0.148441,9.076419,-1.223437
26-Jan-2025 14:20:51.607,-0.203507,9.229648,-1.252167
26-Jan-2025 14:20:51.623,-0.189142,9.358934,-1.572991
26-Jan-2025 14:20:51.639,-0.229843,9.500193,-1.707066
26-Jan-2025 14:20:51.655,-0.40462,9.634268,-1.522712
26-Jan-2025 14:20:51.671,-0.550666,9.782708,-1.448492
26-Jan-2025 14:20:51.687,-0.543484,9.866506,-1.479617
26-Jan-2025 14:20:51.703,-0.3304,9.80665,-1.584962
26-Jan-2025 14:20:51.719,-0.019154,9.643845,-1.666364
26-Jan-2025 14:20:51.735,0.153229,9.469068,-1.628057
26-Jan-2025 14:20:51.751,0.086191,9.454702,-1.941698
26-Jan-2025 14:20:51.767,-0.112527,9.224859,-1.309628
26-Jan-2025 14:20:51.783,-0.296881,9.200917,-1.826776
26-Jan-2025 14:20:51.799,-0.282516,9.342175,-2.087744
26-Jan-2025 14:20:51.816,-0.234632,9.624691,-1.73819
26-Jan-2025 14:20:51.832,-0.050278,9.677363,-1.486799
26-Jan-2025 14:20:51.848,0.191536,9.718064,-1.209072
26-Jan-2025 14:20:51.864,0.481235,9.911995,-1.228225
26-Jan-2025 14:20:51.880,0.438139,10.146626,-1.551443
26-Jan-2025 14:20:51.896,0.067038,10.25676,-1.623269
26-Jan-2025 14:20:51.912,-0.263362,10.500969,-1.314417
26-Jan-2025 14:20:51.928,-0.402226,10.783484,-1.472434
26-Jan-2025 14:20:51.944,-0.337582,11.077971,-1.687912
26-Jan-2025 14:20:51.960,-0.181959,11.33894,-1.601721
26-Jan-2025 14:20:51.976,-0.385466,11.7268,-1.024718
26-Jan-2025 14:20:51.992,-0.711078,12.107478,-1.271321
26-Jan-2025 14:20:52.008,-0.85473,12.354081,-1.687912
26-Jan-2025 14:20:52.024,-0.847547,12.421119,-1.584962
26-Jan-2025 14:20:52.040,-1.053449,12.181698,-0.916979
26-Jan-2025 14:20:52.056,-1.398214,11.597513,0.21069
26-Jan-2025 14:20:52.072,-1.958457,10.737994,1.005565
26-Jan-2025 14:20:52.088,-2.264915,9.775525,0.979228
26-Jan-2025 14:20:52.104,-2.327164,8.781932,0.998382
26-Jan-2025 14:20:52.120,-2.255338,7.946355,1.192312
26-Jan-2025 14:20:52.136,-2.133234,7.364564,1.685518
26-Jan-2025 14:20:52.152,-1.73819,6.938396,2.08535
26-Jan-2025 14:20:52.168,-1.120486,6.921637,1.814805
26-Jan-2025 14:20:52.185,-0.943315,7.929596,1.130063
26-Jan-2025 14:20:52.201,-0.960075,9.56723,0.368707
26-Jan-2025 14:20:52.217,-0.672771,11.11149,0.059855
26-Jan-2025 14:20:52.233,-0.361524,11.944673,0.47884
26-Jan-2025 14:20:52.249,-0.565032,11.573571,0.275333
26-Jan-2025 14:20:52.265,-0.998382,10.905589,-0.007183
26-Jan-2025 14:20:52.281,-1.359907,10.426748,0.033519
26-Jan-2025 14:20:52.297,-1.735796,9.950302,-0.122104
26-Jan-2025 14:20:52.313,-1.90339,9.466674,-0.234632
26-Jan-2025 14:20:52.329,-1.690306,8.932767,0.258574
26-Jan-2025 14:20:52.345,-1.09415,8.599973,0.45011
26-Jan-2025 14:20:52.361,-0.967257,8.63828,-0.069432
26-Jan-2025 14:20:52.377,-0.984017,8.825027,-0.308852
26-Jan-2025 14:20:52.393,-1.09415,9.045294,-0.572214
26-Jan-2025 14:20:52.409,-1.21386,9.153033,-1.010353
26-Jan-2025 14:20:52.425,-1.151611,9.375694,-0.97444
26-Jan-2025 14:20:52.441,-1.189918,9.483433,-0.732626
26-Jan-2025 14:20:52.457,-1.134852,9.315839,-0.770933
26-Jan-2025 14:20:52.473,-0.847547,9.038112,-0.890643
26-Jan-2025 14:20:52.489,-0.471658,8.913613,-1.070208
26-Jan-2025 14:20:52.505,-0.1652,9.030929,-0.656011
26-Jan-2025 14:20:52.521,-0.086191,9.138668,-0.442927
26-Jan-2025 14:20:52.537,-0.258574,9.181764,-0.514753
26-Jan-2025 14:20:52.554,-0.385466,9.198523,-0.756568
26-Jan-2025 14:20:52.570,-0.531513,9.26556,-1.290475
26-Jan-2025 14:20:52.586,-0.61531,9.61272,-1.158794
26-Jan-2025 14:20:52.602,-0.577003,9.964667,-0.52433
26-Jan-2025 14:20:52.618,-0.656011,9.97185,-0.52433
26-Jan-2025 14:20:52.634,-0.914585,10.086772,-0.380678
26-Jan-2025 14:20:52.650,-0.916979,10.026917,-0.299275
26-Jan-2025 14:20:52.666,-0.76375,10.110714,-0.208296
26-Jan-2025 14:20:52.682,-0.70629,10.460267,-0.397437
26-Jan-2025 14:20:52.698,-0.799663,10.754754,-0.517148
26-Jan-2025 14:20:52.714,-0.847547,10.800244,-0.682347
26-Jan-2025 14:20:52.730,-0.696713,10.864887,-0.711078
26-Jan-2025 14:20:52.746,-0.766145,11.403583,-0.529119
26-Jan-2025 14:20:52.762,-0.667982,12.354081,-0.699107
26-Jan-2025 14:20:52.778,-0.507571,12.916718,-1.103727
26-Jan-2025 14:20:52.794,-0.533907,12.74673,-1.491588
26-Jan-2025 14:20:52.810,0.371101,12.129025,2.56419
26-Jan-2025 14:20:52.826,-0.100556,11.731588,0.529119
26-Jan-2025 14:20:52.842,0.548272,10.644621,-1.060631
26-Jan-2025 14:20:52.858,0.677559,9.390059,-0.723049
26-Jan-2025 14:20:52.874,1.063026,8.346188,0.45011
26-Jan-2025 14:20:52.890,1.414973,7.704541,1.448492
26-Jan-2025 14:20:52.906,1.750161,7.450756,2.03986
26-Jan-2025 14:20:52.923,1.929727,7.366959,1.596933
26-Jan-2025 14:20:52.939,1.762132,7.649475,1.089362
26-Jan-2025 14:20:52.955,1.067814,8.468291,1.118092
26-Jan-2025 14:20:52.971,0.234632,9.710882,0.749385
26-Jan-2025 14:20:52.987,-0.538695,11.140221,-0.579397
26-Jan-2025 14:20:53.003,-1.027112,11.757924,-1.446098
26-Jan-2025 14:20:53.019,-1.182736,11.57836,-1.479617
26-Jan-2025 14:20:53.035,-0.258574,10.424355,-0.514753
26-Jan-2025 14:20:53.051,-0.136469,9.866506,0.059855
26-Jan-2025 14:20:53.067,0.248997,9.440337,-0.31364
26-Jan-2025 14:20:53.083,0.70629,9.205706,-0.658405
26-Jan-2025 14:20:53.099,0.924162,9.054871,-0.70629
26-Jan-2025 14:20:53.115,0.97444,9.057265,-1.781286
26-Jan-2025 14:20:53.131,1.106121,8.652645,-0.581791
26-Jan-2025 14:20:53.147,0.916979,8.403648,0.014365
26-Jan-2025 14:20:53.163,0.727837,8.425196,-0.282516
26-Jan-2025 14:20:53.179,0.617704,8.968679,-0.97444
26-Jan-2025 14:20:53.195,0.378284,9.746795,-1.42455
26-Jan-2025 14:20:53.211,0.526724,10.33098,-1.467646
26-Jan-2025 14:20:53.227,0.725443,10.405201,-1.010353
26-Jan-2025 14:20:53.243,0.713472,10.031705,-0.272939
26-Jan-2025 14:20:53.259,0.73502,9.974244,0.390255
26-Jan-2025 14:20:53.275,0.557849,10.268731,0.521936
26-Jan-2025 14:20:53.292,0.253785,10.831368,-0.043096
26-Jan-2025 14:20:53.308,-0.007183,11.463438,-0.957681
26-Jan-2025 14:20:53.324,-0.28491,11.930307,-1.029507
26-Jan-2025 14:20:53.340,-0.289698,12.595895,0.160412
26-Jan-2025 14:20:53.356,-0.636858,13.591883,1.170765
26-Jan-2025 14:20:53.372,-1.082179,13.13459,-0.828394
26-Jan-2025 14:20:53.388,-1.369483,11.990162,-1.431733
26-Jan-2025 14:20:53.404,-1.431733,11.092337,0.438139
26-Jan-2025 14:20:53.420,-1.300052,10.117896,0.979228
26-Jan-2025 14:20:53.436,-1.410185,9.277532,0.687136
26-Jan-2025 14:20:53.452,-1.448492,8.63828,0.076614
26-Jan-2025 14:20:53.468,-1.671153,8.135497,-0.110133
26-Jan-2025 14:20:53.484,-2.063802,7.960721,0.040701
26-Jan-2025 14:20:53.500,-1.917756,8.2169,-0.038307
26-Jan-2025 14:20:53.516,-1.35033,8.930372,-0.213084
26-Jan-2025 14:20:53.532,-0.320823,9.813833,-0.73502
26-Jan-2025 14:20:53.548,-0.067038,10.151415,-1.158794
26-Jan-2025 14:20:53.564,-0.153229,10.007763,-0.976834
26-Jan-2025 14:20:53.580,-0.167594,9.662998,-0.538695
26-Jan-2025 14:20:53.596,-0.349553,9.289502,-0.581791
26-Jan-2025 14:20:53.612,-0.811634,8.791509,-0.90022
26-Jan-2025 14:20:53.628,-0.912191,8.24563,-1.137246
26-Jan-2025 14:20:53.644,-0.773327,7.879318,-1.295263
26-Jan-2025 14:20:53.661,-0.670376,7.800309,-1.11091
26-Jan-2025 14:20:53.677,-0.622492,8.128315,-0.814029
26-Jan-2025 14:20:53.693,-0.675165,8.614338,-0.916979
26-Jan-2025 14:20:53.709,-1.098939,9.112331,-1.369483
26-Jan-2025 14:20:53.725,-1.551443,9.502586,-1.613692
26-Jan-2025 14:20:53.741,-1.790863,9.473856,-1.671153
26-Jan-2025 14:20:53.757,-1.776498,9.337387,-1.623269
26-Jan-2025 14:20:53.773,-1.594538,9.358934,-1.577779
26-Jan-2025 14:20:53.789,-1.448492,9.212888,-1.685518
26-Jan-2025 14:20:53.805,-1.278504,8.985439,-1.740585
26-Jan-2025 14:20:53.821,-1.233014,8.858546,-1.323994
26-Jan-2025 14:20:53.837,-1.276109,9.131485,-0.948104
26-Jan-2025 14:20:53.853,-1.326388,9.591172,-1.201889
26-Jan-2025 14:20:53.869,-1.369483,10.335769,-1.527501
26-Jan-2025 14:20:53.885,-1.276109,11.015722,-1.558625
26-Jan-2025 14:20:53.901,-1.364695,11.267113,-1.39582
26-Jan-2025 14:20:53.917,-1.465251,11.085154,-1.276109
26-Jan-2025 14:20:53.933,-1.568202,10.836157,-1.177947
26-Jan-2025 14:20:53.949,-1.61848,10.879252,-0.833182
26-Jan-2025 14:20:53.965,-1.446098,11.255142,-0.526724
26-Jan-2025 14:20:53.981,-1.328782,11.671733,-0.588974
26-Jan-2025 14:20:53.997,-1.35033,12.306197,-0.629675
26-Jan-2025 14:20:54.013,-1.247379,12.674904,-1.034295
26-Jan-2025 14:20:54.029,-1.161188,12.11466,-1.151611
26-Jan-2025 14:20:54.046,-0.691924,10.967838,-0.857124
26-Jan-2025 14:20:54.062,0.04549,9.804255,-0.318429
26-Jan-2025 14:20:54.078,0.536301,9.030929,0.07422
26-Jan-2025 14:20:54.094,0.696713,8.540117,-0.162806
26-Jan-2025 14:20:54.110,0.608127,8.161834,-0.529119
26-Jan-2025 14:20:54.126,0.459687,7.752425,0.134075
26-Jan-2025 14:20:54.142,0.629675,7.299921,0.713472
26-Jan-2025 14:20:54.158,1.029507,7.271191,0.902614
26-Jan-2025 14:20:54.174,1.125275,8.121132,0.452504
26-Jan-2025 14:20:54.190,1.283292,9.406818,-0.25618
26-Jan-2025 14:20:54.206,1.501164,10.960655,-0.830788
26-Jan-2025 14:20:54.222,0.933739,12.033257,-0.926556
26-Jan-2025 14:20:54.238,-0.292093,12.215217,-0.624887
26-Jan-2025 14:20:54.254,-0.739808,11.573571,-0.579397
26-Jan-2025 14:20:54.270,-0.423774,10.79785,-0.588974
26-Jan-2025 14:20:54.286,-0.093374,10.01734,-0.59855
26-Jan-2025 14:20:54.302,0.222661,9.476251,-0.56982
26-Jan-2025 14:20:54.318,0.56982,9.210494,-0.708684
26-Jan-2025 14:20:54.334,0.749385,9.006987,-0.799663
26-Jan-2025 14:20:54.350,0.804452,8.736442,-0.823605
26-Jan-2025 14:20:54.366,0.730232,8.5473,-0.821211
26-Jan-2025 14:20:54.382,0.335188,8.47308,-0.885855
26-Jan-2025 14:20:54.398,-0.035913,8.614338,-0.924162
26-Jan-2025 14:20:54.414,-0.203507,8.925584,-0.80924
26-Jan-2025 14:20:54.431,-0.181959,9.263166,-0.73502
26-Jan-2025 14:20:54.447,0.04549,9.591172,-0.960075
26-Jan-2025 14:20:54.463,0.227449,9.938332,-1.108515
26-Jan-2025 14:20:54.479,0.215478,10.290278,-1.180341
26-Jan-2025 14:20:54.495,0.277727,10.745177,-1.244985
26-Jan-2025 14:20:54.511,0.320823,11.331757,-1.357512
26-Jan-2025 14:20:54.527,0.102951,11.992557,-0.962469
26-Jan-2025 14:20:54.543,-0.234632,11.798626,-0.3304
26-Jan-2025 14:20:54.559,0.009577,10.721235,0.277727
26-Jan-2025 14:20:54.575,0.531513,9.751583,1.13964
26-Jan-2025 14:20:54.591,0.344765,9.751583,0.905008
26-Jan-2025 14:20:54.607,0.316035,10.620679,0.244209
26-Jan-2025 14:20:54.623,-0.342371,11.69807,0.304064
26-Jan-2025 14:20:54.639,-0.512359,11.259931,-1.321599
26-Jan-2025 14:20:54.655,-0.565032,10.824186,-0.715866
26-Jan-2025 14:20:54.671,-0.921768,10.989386,0.68953
26-Jan-2025 14:20:54.687,-1.309628,11.20247,0.383072
26-Jan-2025 14:20:54.703,-1.13964,10.97502,-0.632069
26-Jan-2025 14:20:54.719,-1.079785,10.290278,-0.584185
26-Jan-2025 14:20:54.735,-1.077391,9.435549,-0.122104
26-Jan-2025 14:20:54.751,-0.979228,8.702923,0.016759
26-Jan-2025 14:20:54.767,-0.976834,7.912837,-0.325611
26-Jan-2025 14:20:54.783,-0.758962,7.113173,-0.52433
26-Jan-2025 14:20:54.800,-0.902614,6.658275,-0.110133
26-Jan-2025 14:20:54.816,-1.477222,6.92882,0.428562
26-Jan-2025 14:20:54.832,-1.68073,7.735666,0.112527
26-Jan-2025 14:20:54.848,-1.716643,9.052477,-0.703895
26-Jan-2025 14:20:54.864,-2.056619,10.778696,-0.876278
26-Jan-2025 14:20:54.880,-2.640805,11.3964,-0.94571
26-Jan-2025 14:20:54.896,-2.336741,10.453085,-0.572214
26-Jan-2025 14:20:54.912,-1.692701,8.983045,0.328006
26-Jan-2025 14:20:54.928,-0.438139,8.456321,0.586579
26-Jan-2025 14:20:54.944,-0.19393,8.628703,-0.711078
26-Jan-2025 14:20:54.960,-0.25618,9.270349,-1.024718
26-Jan-2025 14:20:54.976,-0.493206,9.888053,-0.545878
26-Jan-2025 14:20:54.992,-1.201889,10.149021,-0.102951
26-Jan-2025 14:20:55.008,-1.187524,9.399636,-0.335188
26-Jan-2025 14:20:55.024,-0.687136,9.193734,-0.744597
26-Jan-2025 14:20:55.040,-0.794875,9.892841,-0.857124
26-Jan-2025 14:20:55.056,-1.278504,10.553641,-0.864307
26-Jan-2025 14:20:55.072,-1.517924,10.881647,-0.392649
26-Jan-2025 14:20:55.088,-1.472434,10.414778,-0.131681
26-Jan-2025 14:20:55.104,-1.165976,9.787497,-0.23942
26-Jan-2025 14:20:55.120,-0.940921,9.708488,-0.1652
26-Jan-2025 14:20:55.136,-1.35033,9.835381,0.07422
26-Jan-2025 14:20:55.152,-0.675165,11.054029,-0.462081
26-Jan-2025 14:20:55.168,-1.201889,11.779472,-1.407791
26-Jan-2025 14:20:55.184,-1.604115,12.006922,-1.33357
26-Jan-2025 14:20:55.200,-1.508347,12.37084,-0.45011
26-Jan-2025 14:20:55.217,-1.345541,12.933477,-0.237026
26-Jan-2025 14:20:55.233,-1.170765,12.172121,-0.490811
26-Jan-2025 14:20:55.249,-0.746991,11.71004,-0.641646
26-Jan-2025 14:20:55.265,-0.237026,11.049241,-0.622492
26-Jan-2025 14:20:55.281,-0.088585,10.340557,0.047884
26-Jan-2025 14:20:55.297,0.265756,9.435549,0.656011
26-Jan-2025 14:20:55.313,0.567426,8.817844,0.916979
26-Jan-2025 14:20:55.329,0.730232,8.236053,0.826
26-Jan-2025 14:20:55.345,0.893037,7.845799,0.466869
26-Jan-2025 14:20:55.361,0.969652,7.850587,0.287304
26-Jan-2025 14:20:55.377,1.374272,8.018182,0.275333
26-Jan-2025 14:20:55.393,1.884237,8.449138,0.45011
26-Jan-2025 14:20:55.409,1.812411,9.033323,0.339977
26-Jan-2025 14:20:55.425,1.127669,9.655815,0.009577
26-Jan-2025 14:20:55.441,0.380678,10.314221,-0.021548
26-Jan-2025 14:20:55.457,-0.42138,10.819398,0.009577
26-Jan-2025 14:20:55.473,-0.890643,10.793061,0.122104
26-Jan-2025 14:20:55.489,-0.768539,10.572795,0.265756
26-Jan-2025 14:20:55.505,-0.339977,10.206482,0.079009
26-Jan-2025 14:20:55.521,-0.158017,10.089166,0.016759
26-Jan-2025 14:20:55.537,0.792481,9.895236,0.289698
26-Jan-2025 14:20:55.553,0.811634,9.488221,-0.428562
26-Jan-2025 14:20:55.569,1.122881,9.212888,-0.246603
26-Jan-2025 14:20:55.585,1.216254,9.059659,-0.270545
26-Jan-2025 14:20:55.601,0.981623,9.045294,-0.299275
26-Jan-2025 14:20:55.617,0.610521,8.927979,-0.529119
26-Jan-2025 14:20:55.634,0.260968,8.856153,-0.754174
26-Jan-2025 14:20:55.650,0.081403,8.995016,-0.679953
26-Jan-2025 14:20:55.666,-0.067038,9.258378,-0.677559
26-Jan-2025 14:20:55.682,-0.150835,9.569624,-0.553061
26-Jan-2025 14:20:55.698,0.016759,9.727641,-0.6608
26-Jan-2025 14:20:55.714,0.246603,9.919178,-0.73502
26-Jan-2025 14:20:55.730,0.40462,10.220847,-0.627281
26-Jan-2025 14:20:55.746,0.474052,10.309433,-0.464475
26-Jan-2025 14:20:55.762,0.466869,10.079589,-0.241814
26-Jan-2025 14:20:55.778,0.588974,10.010158,0.124498
26-Jan-2025 14:20:55.794,0.577003,10.354922,0.069432
26-Jan-2025 14:20:55.810,0.265756,10.733206,-0.368707
26-Jan-2025 14:20:55.826,-0.246603,11.085154,-0.579397
26-Jan-2025 14:20:55.842,-0.612916,11.291056,-0.682347
26-Jan-2025 14:20:55.858,-0.665588,11.834539,-0.64404
26-Jan-2025 14:20:55.874,-0.292093,12.737153,0.418985
26-Jan-2025 14:20:55.890,-0.292093,12.607866,-0.332794
26-Jan-2025 14:20:55.906,-0.739808,11.851298,-0.840365
26-Jan-2025 14:20:55.922,-1.18513,11.475409,-0.349553
26-Jan-2025 14:20:55.938,-1.410185,11.731588,0.318429
26-Jan-2025 14:20:55.954,-1.642422,11.408371,0.124498
26-Jan-2025 14:20:55.970,-1.637634,10.560823,-0.538695
26-Jan-2025 14:20:55.986,-1.587356,9.888053,-0.3304
26-Jan-2025 14:20:56.002,-1.539472,8.939949,0.509965
26-Jan-2025 14:20:56.019,-1.412579,7.946355,0.730232
26-Jan-2025 14:20:56.035,-1.474828,7.273585,0.61531
26-Jan-2025 14:20:56.051,-1.757344,7.120356,0.64404
26-Jan-2025 14:20:56.067,-1.963245,7.546524,0.742203
26-Jan-2025 14:20:56.083,-2.049437,8.171411,0.481235
26-Jan-2025 14:20:56.099,-1.900996,8.882488,0.440533
26-Jan-2025 14:20:56.115,-1.426944,9.624691,0.380678
26-Jan-2025 14:20:56.131,-1.007959,10.350134,0.04549
26-Jan-2025 14:20:56.147,-1.055843,10.651803,-0.435745
26-Jan-2025 14:20:56.163,-1.273715,10.311827,-0.490811
26-Jan-2025 14:20:56.179,-1.319205,9.73243,-0.457293
26-Jan-2025 14:20:56.195,-1.242591,9.23683,-0.471658
26-Jan-2025 14:20:56.211,-1.130063,8.954314,-0.289698
26-Jan-2025 14:20:56.227,-0.979228,8.908825,-0.002394
26-Jan-2025 14:20:56.243,-1.053449,9.050082,0.181959
26-Jan-2025 14:20:56.259,-1.115698,9.208099,-0.311246
26-Jan-2025 14:20:56.275,-1.249773,9.346964,-0.909797
26-Jan-2025 14:20:56.291,-1.268927,9.466674,-1.362301
26-Jan-2025 14:20:56.307,-1.022324,9.579201,-1.467646
26-Jan-2025 14:20:56.323,-0.912191,9.564836,-1.216254
26-Jan-2025 14:20:56.339,-0.842759,9.198523,-1.007959
26-Jan-2025 14:20:56.355,-0.430956,9.153033,-0.895431
26-Jan-2025 14:20:56.371,-0.488417,9.076419,-0.995988
26-Jan-2025 14:20:56.387,-0.502782,8.990228,-0.88346
26-Jan-2025 14:20:56.403,-0.687136,9.047688,-0.711078
26-Jan-2025 14:20:56.420,-0.852336,8.913613,-0.512359
26-Jan-2025 14:20:56.436,-0.462081,8.485051,-0.079009
26-Jan-2025 14:20:56.452,0.505177,9.425972,-0.392649
26-Jan-2025 14:20:56.468,0.203507,10.726024,-1.156399
26-Jan-2025 14:20:56.484,-0.181959,11.913548,-1.359907
26-Jan-2025 14:20:56.500,-0.737414,12.263102,-1.601721
26-Jan-2025 14:20:56.516,-1.125275,11.796232,-1.218649
26-Jan-2025 14:20:56.532,-0.586579,11.923124,-0.749385
26-Jan-2025 14:20:56.548,-0.007183,12.277467,0.071826
26-Jan-2025 14:20:56.564,0.141258,12.524069,0.275333
26-Jan-2025 14:20:56.580,-0.138864,11.860875,0.081403
26-Jan-2025 14:20:56.596,0.002394,11.147403,-0.591368
26-Jan-2025 14:20:56.612,0.124498,10.656591,-0.526724
26-Jan-2025 14:20:56.628,0.272939,10.06283,-0.11971
26-Jan-2025 14:20:56.644,0.538695,9.40203,0.026336
26-Jan-2025 14:20:56.660,0.6608,8.746018,-0.004788
26-Jan-2025 14:20:56.676,0.76375,8.173804,0.45011
26-Jan-2025 14:20:56.692,1.127669,7.532158,1.412579
26-Jan-2025 14:20:56.708,1.199495,7.132327,1.077391
26-Jan-2025 14:20:56.724,0.950498,7.869741,0.639252
26-Jan-2025 14:20:56.740,0.445322,9.141062,0.083797
26-Jan-2025 14:20:56.756,0.107739,10.402806,-0.751779
26-Jan-2025 14:20:56.772,-0.225055,11.532869,-0.995988
26-Jan-2025 14:20:56.788,-0.617704,11.796232,-0.579397
26-Jan-2025 14:20:56.804,-0.634463,11.137826,-0.691924
26-Jan-2025 14:20:56.821,-0.275333,10.158598,-0.921768
26-Jan-2025 14:20:56.837,0.110133,9.514558,-0.622492
26-Jan-2025 14:20:56.853,0.25618,9.121908,-0.390255
26-Jan-2025 14:20:56.869,0.162806,8.853758,-0.505177
26-Jan-2025 14:20:56.885,0.248997,8.935161,-0.555455
26-Jan-2025 14:20:56.901,0.823605,9.662998,-1.429338
26-Jan-2025 14:20:56.917,0.263362,8.154651,-1.070208
26-Jan-2025 14:20:56.933,-0.383072,7.424419,-0.921768
26-Jan-2025 14:20:56.949,0.031125,8.149862,-0.768539
26-Jan-2025 14:20:56.965,0.069432,9.251195,-0.826
26-Jan-2025 14:20:56.981,-0.361524,9.950302,-1.534683
26-Jan-2025 14:20:56.997,-0.577003,10.184934,-1.922544
26-Jan-2025 14:20:57.013,-0.452504,10.144233,-1.491588
26-Jan-2025 14:20:57.029,-0.268151,10.201694,-0.92895
26-Jan-2025 14:20:57.045,-0.016759,10.388441,-0.54109
26-Jan-2025 14:20:57.061,0.308852,10.405201,-0.512359
26-Jan-2025 14:20:57.077,0.31364,10.378864,-0.811634
26-Jan-2025 14:20:57.093,-0.150835,10.55843,-0.895431
26-Jan-2025 14:20:57.109,-0.581791,10.893618,-0.952892
26-Jan-2025 14:20:57.125,-0.701501,11.355699,-0.986411
26-Jan-2025 14:20:57.141,-0.608127,12.270284,-0.138864
26-Jan-2025 14:20:57.157,-0.56982,13.512875,0.684742
26-Jan-2025 14:20:57.173,-1.118092,13.445837,-0.464475
26-Jan-2025 14:20:57.189,-1.843535,12.53604,-0.670376
26-Jan-2025 14:20:57.205,-2.152387,11.47062,0.409408
26-Jan-2025 14:20:57.222,-2.193089,10.536881,1.074997
26-Jan-2025 14:20:57.238,-2.23379,9.684546,1.015141
26-Jan-2025 14:20:57.254,-2.094927,8.983045,0.37589
26-Jan-2025 14:20:57.270,-1.819593,8.248025,0.244209
26-Jan-2025 14:20:57.286,-1.968034,8.111555,0.876278
26-Jan-2025 14:20:57.302,-1.891419,8.456321,1.151611
26-Jan-2025 14:20:57.318,-1.503559,8.858546,0.474052
26-Jan-2025 14:20:57.334,-0.988805,9.435549,-0.253785
26-Jan-2025 14:20:57.350,-0.426168,10.038888,-0.548272
26-Jan-2025 14:20:57.366,-0.181959,10.134656,-0.335188
26-Jan-2025 14:20:57.382,-0.105345,9.706094,-0.093374
26-Jan-2025 14:20:57.398,-0.371101,9.093178,0.057461
26-Jan-2025 14:20:57.414,-0.754174,8.669404,-0.260968
26-Jan-2025 14:20:57.430,-0.852336,8.5473,-0.794875
26-Jan-2025 14:20:57.446,-0.725443,8.738836,-1.04866
26-Jan-2025 14:20:57.462,-0.430956,9.054871,-0.758962
26-Jan-2025 14:20:57.478,-0.177171,9.126697,-0.361524
26-Jan-2025 14:20:57.494,-0.055067,9.090784,-0.237026
26-Jan-2025 14:20:57.510,-0.040701,9.188946,-0.189142
26-Jan-2025 14:20:57.526,-0.122104,9.325416,-0.213084
26-Jan-2025 14:20:57.542,-0.354342,9.591172,-0.584185
26-Jan-2025 14:20:57.558,-0.476446,9.830592,-1.173159
26-Jan-2025 14:20:57.574,-0.37589,9.816227,-1.37906
26-Jan-2025 14:20:57.590,-0.208296,9.519346,-1.192312
26-Jan-2025 14:20:57.606,0.071826,9.131485,-0.811634
26-Jan-2025 14:20:57.623,0.335188,8.676587,-0.356736
26-Jan-2025 14:20:57.639,0.409408,8.542512,-0.198719
26-Jan-2025 14:20:57.655,0.407014,8.817844,-0.093374
26-Jan-2025 14:20:57.671,0.462081,9.545682,-0.268151
26-Jan-2025 14:20:57.687,0.481235,10.398018,-0.493206
26-Jan-2025 14:20:57.703,0.301669,11.212047,-0.572214
26-Jan-2025 14:20:57.719,0.134075,11.444284,-0.73502
26-Jan-2025 14:20:57.735,0.251391,11.123461,-0.694318
26-Jan-2025 14:20:57.751,0.452504,10.716447,-0.378284
26-Jan-2025 14:20:57.767,0.411803,10.496181,-0.306458
26-Jan-2025 14:20:57.783,0.323217,10.714052,-0.538695
26-Jan-2025 14:20:57.799,0.368707,11.44189,-0.474052
26-Jan-2025 14:20:57.815,0.663194,12.10269,-0.37589
26-Jan-2025 14:20:57.831,0.845153,12.430696,0.021548
26-Jan-2025 14:20:57.847,0.936133,12.188881,0.292093
26-Jan-2025 14:20:57.863,1.151611,11.087548,0.390255
26-Jan-2025 14:20:57.879,1.388637,9.811439,0.596156
26-Jan-2025 14:20:57.895,1.484405,8.78672,0.632069
26-Jan-2025 14:20:57.911,1.338359,7.941567,0.78051
26-Jan-2025 14:20:57.927,1.254562,7.180211,1.541866
26-Jan-2025 14:20:57.943,1.448492,6.92882,2.047042
26-Jan-2025 14:20:57.959,1.388637,7.37893,1.458069
26-Jan-2025 14:20:57.975,0.921768,8.528147,0.464475
26-Jan-2025 14:20:57.991,0.565032,10.254366,-0.347159
26-Jan-2025 14:20:58.007,0.110133,12.423512,-0.826
26-Jan-2025 14:20:58.024,-0.830788,13.172897,-0.462081
26-Jan-2025 14:20:58.040,-0.529119,11.820174,-0.385466
26-Jan-2025 14:20:58.056,0.675165,10.292673,-0.603339
26-Jan-2025 14:20:58.072,1.297657,9.497798,-0.579397
26-Jan-2025 14:20:58.088,1.206678,8.904037,-0.263362
26-Jan-2025 14:20:58.104,1.180341,8.602366,-0.380678
26-Jan-2025 14:20:58.120,1.154005,8.494628,-0.363919
26-Jan-2025 14:20:58.136,1.187524,8.580819,-0.385466
26-Jan-2025 14:20:58.152,1.261744,8.719683,-0.553061
26-Jan-2025 14:20:58.168,1.247379,9.018958,-0.677559
26-Jan-2025 14:20:58.184,1.053449,9.397242,-0.814029
26-Jan-2025 14:20:58.200,0.830788,9.706094,-1.058237
26-Jan-2025 14:20:58.216,0.754174,9.832987,-1.154005
26-Jan-2025 14:20:58.232,0.85473,9.768343,-1.060631
26-Jan-2025 14:20:58.248,1.01993,9.665392,-1.022324
26-Jan-2025 14:20:58.264,1.134852,9.65821,-0.885855
26-Jan-2025 14:20:58.280,1.096544,9.89763,-0.866701
26-Jan-2025 14:20:58.296,0.924162,10.007763,-1.072602
26-Jan-2025 14:20:58.312,0.70629,10.103531,-1.142034
26-Jan-2025 14:20:58.328,0.486023,10.354922,-0.92895
26-Jan-2025 14:20:58.344,0.342371,10.836157,-0.699107
26-Jan-2025 14:20:58.360,0.227449,11.176133,-0.936133
26-Jan-2025 14:20:58.376,0.179565,11.197681,-1.127669
26-Jan-2025 14:20:58.392,0.248997,11.085154,-1.146823
26-Jan-2025 14:20:58.409,0.287304,10.919954,-0.940921
26-Jan-2025 14:20:58.425,0.275333,10.994174,-0.196325
26-Jan-2025 14:20:58.441,0.215478,11.568783,0.639252
26-Jan-2025 14:20:58.457,0.105345,11.77229,-0.248997
26-Jan-2025 14:20:58.473,-0.181959,11.583148,-0.727837
26-Jan-2025 14:20:58.489,-0.651223,11.101913,0.426168
26-Jan-2025 14:20:58.505,-0.948104,10.244789,0.914585
26-Jan-2025 14:20:58.521,-1.041478,9.452309,0.90022
26-Jan-2025 14:20:58.537,-0.988805,9.050082,0.878672
26-Jan-2025 14:20:58.553,-1.125275,8.74123,0.684742
26-Jan-2025 14:20:58.569,-1.678335,8.860941,0.787692
26-Jan-2025 14:20:58.585,-1.802834,9.188946,0.584185
26-Jan-2025 14:20:58.601,-1.39582,9.560047,0.09098
26-Jan-2025 14:20:58.617,-0.696713,10.014946,-0.251391
26-Jan-2025 14:20:58.633,-0.088585,10.261548,-0.486023
26-Jan-2025 14:20:58.649,0.179565,10.132261,-0.167594
26-Jan-2025 14:20:58.665,0.335188,9.629479,0.294487
26-Jan-2025 14:20:58.681,0.383072,9.097966,0.335188
26-Jan-2025 14:20:58.697,0.160412,8.810662,-0.055067
26-Jan-2025 14:20:58.713,-0.258574,8.829816,-0.373495
26-Jan-2025 14:20:58.729,-0.555455,8.999804,-0.380678
26-Jan-2025 14:20:58.745,-0.519542,9.203311,-0.320823
26-Jan-2025 14:20:58.761,-0.344765,9.28232,-0.344765
26-Jan-2025 14:20:58.777,-0.229843,9.294291,-0.411803
26-Jan-2025 14:20:58.793,-0.181959,9.342175,-0.316035
26-Jan-2025 14:20:58.810,-0.251391,9.428367,-0.385466
26-Jan-2025 14:20:58.826,-0.488417,9.56723,-0.667982
26-Jan-2025 14:20:58.842,-0.641646,9.646238,-0.778116
26-Jan-2025 14:20:58.858,-0.486023,9.65821,-1.11091
26-Jan-2025 14:20:58.874,-0.409408,9.603143,-1.25935
26-Jan-2025 14:20:58.890,-0.347159,9.306262,-0.979228
26-Jan-2025 14:20:58.906,-0.11971,8.860941,-0.713472
26-Jan-2025 14:20:58.922,-0.076614,8.698134,-0.47884
26-Jan-2025 14:20:58.938,-0.124498,8.992621,-0.203507
26-Jan-2025 14:20:58.954,-0.076614,9.569624,-0.251391
26-Jan-2025 14:20:58.970,0.07422,10.445902,-0.500388
26-Jan-2025 14:20:58.986,0.100556,11.291056,-0.656011
26-Jan-2025 14:20:59.002,0.004788,11.592725,-0.742203
26-Jan-2025 14:20:59.018,-0.047884,11.51611,-0.483629
26-Jan-2025 14:20:59.034,-0.138864,11.18571,-0.150835
26-Jan-2025 14:20:59.050,-0.409408,10.82658,-0.138864
26-Jan-2025 14:20:59.066,-0.718261,10.670957,-0.579397
26-Jan-2025 14:20:59.082,-0.792481,10.740389,-0.962469
26-Jan-2025 14:20:59.098,-0.392649,10.982203,-0.782904
26-Jan-2025 14:20:59.114,0.019154,11.159374,-0.531513
26-Jan-2025 14:20:59.130,0.160412,11.271901,-0.411803
26-Jan-2025 14:20:59.146,0.268151,11.152191,-0.033519
26-Jan-2025 14:20:59.162,0.605733,10.924743,0.117316
26-Jan-2025 14:20:59.178,0.988805,10.251971,0.09098
26-Jan-2025 14:20:59.195,1.347936,9.301474,0.21069
26-Jan-2025 14:20:59.211,1.352724,8.386889,0.280122
26-Jan-2025 14:20:59.227,1.426944,7.73806,0.466869
26-Jan-2025 14:20:59.243,1.790863,7.307104,1.170765
26-Jan-2025 14:20:59.259,2.001553,7.304709,1.747767
26-Jan-2025 14:20:59.275,1.812411,8.015787,1.144428
26-Jan-2025 14:20:59.291,1.340753,9.382876,0.203507
26-Jan-2025 14:20:59.307,1.098939,10.958261,-0.368707
26-Jan-2025 14:20:59.323,0.670376,12.394782,-0.268151
26-Jan-2025 14:20:59.339,0.026336,12.41633,0.158017
26-Jan-2025 14:20:59.355,0.196325,11.137826,-0.02873
26-Jan-2025 14:20:59.371,0.73502,9.844957,-0.328006
26-Jan-2025 14:20:59.387,1.031901,9.153033,-0.328006
26-Jan-2025 14:20:59.403,1.142034,8.825027,-0.047884
26-Jan-2025 14:20:59.419,1.077391,8.882488,0.016759
26-Jan-2025 14:20:59.435,1.096544,9.021352,-0.19393
26-Jan-2025 14:20:59.451,1.206678,9.064447,-0.361524
26-Jan-2025 14:20:59.467,1.338359,8.983045,-0.392649
26-Jan-2025 14:20:59.483,1.412579,8.90643,-0.323217
26-Jan-2025 14:20:59.499,1.216254,9.050082,-0.35913
26-Jan-2025 14:20:59.515,0.964863,9.366117,-0.727837
26-Jan-2025 14:20:59.531,0.799663,9.639056,-1.089362
26-Jan-2025 14:20:59.547,0.725443,9.835381,-1.079785
26-Jan-2025 14:20:59.563,0.866701,10.096349,-0.957681
26-Jan-2025 14:20:59.580,0.905008,10.34774,-0.751779
26-Jan-2025 14:20:59.596,1.01993,10.532093,-0.952892
26-Jan-2025 14:20:59.612,0.919373,10.632649,-0.435745
26-Jan-2025 14:20:59.628,0.931344,10.565612,-0.184354
26-Jan-2025 14:20:59.644,1.053449,10.553641,-0.153229
26-Jan-2025 14:20:59.660,0.981623,10.924743,-0.529119
26-Jan-2025 14:20:59.676,0.756568,11.611878,-0.720655
26-Jan-2025 14:20:59.692,0.3304,12.842498,-0.136469
26-Jan-2025 14:20:59.708,-0.677559,14.207192,0.416591
26-Jan-2025 14:20:59.724,-1.405396,13.553576,-0.246603
26-Jan-2025 14:20:59.740,-0.988805,11.961432,-0.248997
26-Jan-2025 14:20:59.756,-0.967257,10.97502,0.725443
26-Jan-2025 14:20:59.772,-1.37906,10.275913,1.022324
26-Jan-2025 14:20:59.788,-1.431733,9.591172,0.581791
26-Jan-2025 14:20:59.804,-1.302446,9.066842,0.007183
26-Jan-2025 14:20:59.820,-1.18513,8.451532,-0.002394
26-Jan-2025 14:20:59.836,-1.010353,7.831434,0.718261
26-Jan-2025 14:20:59.852,-0.893037,7.601591,1.228225
26-Jan-2025 14:20:59.868,-1.118092,7.824251,0.948104
26-Jan-2025 14:20:59.884,-1.45328,8.3821,0.248997
26-Jan-2025 14:20:59.900,-1.343147,8.935161,-0.328006
26-Jan-2025 14:20:59.916,-0.940921,9.435549,-0.411803
26-Jan-2025 14:20:59.932,-0.677559,9.89763,-0.215478
26-Jan-2025 14:20:59.948,-0.847547,9.935937,-0.335188
26-Jan-2025 14:20:59.965,-1.33357,9.528923,-0.577003
26-Jan-2025 14:20:59.981,-1.68073,9.160215,-0.435745
26-Jan-2025 14:20:59.997,-1.719037,8.844181,-0.227449
26-Jan-2025 14:21:00.013,-1.426944,8.714894,-0.337582
26-Jan-2025 14:21:00.029,-1.18513,8.856153,-0.47884
26-Jan-2025 14:21:00.045,-1.005565,9.093178,-0.493206
26-Jan-2025 14:21:00.061,-1.084573,9.346964,-0.45011
26-Jan-2025 14:21:00.077,-1.367089,9.560047,-0.500388
26-Jan-2025 14:21:00.093,-1.537078,9.653421,-0.646434
26-Jan-2025 14:21:00.109,-1.580173,9.562442,-0.842759
26-Jan-2025 14:21:00.125,-1.575385,9.528923,-0.88346
26-Jan-2025 14:21:00.141,-1.534683,9.591172,-0.92895
26-Jan-2025 14:21:00.157,-1.513135,9.631873,-0.94571
26-Jan-2025 14:21:00.173,-1.429338,9.495404,-0.816423
26-Jan-2025 14:21:00.189,-1.312023,9.291897,-0.773327
26-Jan-2025 14:21:00.205,-1.211466,9.14585,-0.782904
26-Jan-2025 14:21:00.221,-1.051055,9.14585,-0.787692
26-Jan-2025 14:21:00.237,-0.950498,9.41879,-0.550666
26-Jan-2025 14:21:00.253,-0.931344,9.979033,-0.328006
26-Jan-2025 14:21:00.269,-1.007959,10.623073,-0.600945
26-Jan-2025 14:21:00.285,-1.103727,10.857705,-0.988805
26-Jan-2025 14:21:00.301,-1.218649,10.740389,-0.933739
26-Jan-2025 14:21:00.318,-1.273715,10.508151,-1.027112
26-Jan-2025 14:21:00.334,-1.374272,10.761936,-0.61531
26-Jan-2025 14:21:00.350,-0.998382,11.420342,-0.557849
26-Jan-2025 14:21:00.366,-0.550666,11.86327,-1.120486
26-Jan-2025 14:21:00.382,-0.241814,12.071565,-1.405396
26-Jan-2025 14:21:00.398,-0.07422,12.093113,-0.656011
26-Jan-2025 14:21:00.414,0.213084,12.140997,-0.064643
26-Jan-2025 14:21:00.430,0.548272,11.801021,-0.196325
26-Jan-2025 14:21:00.446,0.746991,11.044453,-0.035913
26-Jan-2025 14:21:00.462,0.792481,9.916783,0.172383
26-Jan-2025 14:21:00.478,0.852336,8.798691,0.179565
26-Jan-2025 14:21:00.494,0.893037,7.987057,0.237026
26-Jan-2025 14:21:00.510,0.943315,7.340622,0.526724
26-Jan-2025 14:21:00.526,1.024718,6.993463,1.398214
26-Jan-2025 14:21:00.542,1.292869,7.137115,1.769315
26-Jan-2025 14:21:00.558,1.673547,7.723695,1.012747
26-Jan-2025 14:21:00.574,1.771709,8.729259,-0.146046
26-Jan-2025 14:21:00.590,1.407791,10.247183,-0.914585
26-Jan-2025 14:21:00.606,0.438139,11.556811,-0.258574
26-Jan-2025 14:21:00.622,-0.387861,11.892,0.344765
26-Jan-2025 14:21:00.638,-0.641646,11.226412,-0.023942
26-Jan-2025 14:21:00.655,-0.217872,10.283096,-0.656011
26-Jan-2025 14:21:00.671,0.466869,9.607931,-0.749385
26-Jan-2025 14:21:00.687,0.931344,9.296685,-0.469264
26-Jan-2025 14:21:00.703,1.031901,9.31105,-0.371101
26-Jan-2025 14:21:00.719,0.873884,9.361329,-0.572214
26-Jan-2025 14:21:00.735,0.730232,9.31105,-0.737414
26-Jan-2025 14:21:00.751,0.694318,9.188946,-0.629675
26-Jan-2025 14:21:00.767,0.612916,8.803479,-0.385466
26-Jan-2025 14:21:00.783,0.605733,8.542512,-0.31364
26-Jan-2025 14:21:00.799,0.505177,8.640674,-0.380678
26-Jan-2025 14:21:00.815,0.397437,9.047688,-0.533907
26-Jan-2025 14:21:00.831,0.402226,9.497798,-0.715866
26-Jan-2025 14:21:00.847,0.42138,9.77792,-0.943315
26-Jan-2025 14:21:00.863,0.519542,9.701305,-1.127669
26-Jan-2025 14:21:00.879,0.490811,9.555259,-1.09415
26-Jan-2025 14:21:00.895,0.4956,9.768343,-0.85473
26-Jan-2025 14:21:00.911,0.423774,10.077195,-0.80924
26-Jan-2025 14:21:00.927,0.4956,10.208876,-0.92895
26-Jan-2025 14:21:00.943,0.821211,10.333375,-0.713472
26-Jan-2025 14:21:00.959,0.895431,10.548853,-0.368707
26-Jan-2025 14:21:00.975,0.610521,10.84334,-0.414197
26-Jan-2025 14:21:00.991,0.148441,11.085154,-0.885855
26-Jan-2025 14:21:01.007,-0.272939,11.329363,-1.331176
26-Jan-2025 14:21:01.023,-0.306458,11.69807,-1.252167
26-Jan-2025 14:21:01.040,-0.016759,13.017275,0.033519
26-Jan-2025 14:21:01.056,-0.316035,13.453019,-0.050278
26-Jan-2025 14:21:01.072,-0.632069,12.299014,-1.206678
26-Jan-2025 14:21:01.088,-0.608127,11.496957,-0.579397
26-Jan-2025 14:21:01.104,-0.876278,11.300632,0.117316
26-Jan-2025 14:21:01.120,-1.35033,10.994174,0.349553
26-Jan-2025 14:21:01.136,-1.489193,10.584765,-0.079009
26-Jan-2025 14:21:01.152,-1.714248,9.979033,-0.454898
26-Jan-2025 14:21:01.168,-2.049437,9.093178,-0.275333
26-Jan-2025 14:21:01.184,-2.343924,8.025364,0.260968
26-Jan-2025 14:21:01.200,-2.48997,7.237672,0.864307
26-Jan-2025 14:21:01.216,-2.245761,7.00304,1.386243
26-Jan-2025 14:21:01.232,-1.728614,7.331046,1.072602
26-Jan-2025 14:21:01.248,-1.443704,8.202535,0.181959
26-Jan-2025 14:21:01.264,-1.30484,9.279925,-0.742203
26-Jan-2025 14:21:01.280,-1.063026,10.151415,-0.955287
26-Jan-2025 14:21:01.296,-0.857124,10.486604,-0.474052
26-Jan-2025 14:21:01.312,-0.699107,10.048465,-0.076614
26-Jan-2025 14:21:01.328,-0.641646,9.406818,-0.052672
26-Jan-2025 14:21:01.344,-0.718261,9.083601,-0.102951
26-Jan-2025 14:21:01.360,-0.713472,8.951921,-0.486023
26-Jan-2025 14:21:01.376,-0.68953,8.731653,-0.785298
26-Jan-2025 14:21:01.392,-0.426168,8.590396,-0.711078
26-Jan-2025 14:21:01.409,-0.337582,8.60955,-0.548272
26-Jan-2025 14:21:01.425,-0.397437,8.662222,-0.275333
26-Jan-2025 14:21:01.441,-0.440533,8.779537,-0.28491
26-Jan-2025 14:21:01.457,-0.512359,8.937555,-0.581791
26-Jan-2025 14:21:01.473,-0.512359,9.325416,-0.811634
26-Jan-2025 14:21:01.489,-0.560243,9.765948,-1.084573
26-Jan-2025 14:21:01.505,-0.64404,10.06283,-1.16837
26-Jan-2025 14:21:01.521,-0.68953,10.235212,-0.988805
26-Jan-2025 14:21:01.537,-0.768539,10.170568,-0.878672
26-Jan-2025 14:21:01.553,-0.679953,9.770737,-0.641646
26-Jan-2025 14:21:01.569,-0.483629,9.512163,-0.217872
26-Jan-2025 14:21:01.585,-0.378284,9.718064,-0.069432
26-Jan-2025 14:21:01.601,-0.435745,10.216059,-0.181959
26-Jan-2025 14:21:01.617,-0.411803,10.821792,-0.162806
26-Jan-2025 14:21:01.633,-0.40462,11.279084,-0.21069
26-Jan-2025 14:21:01.649,-0.600945,11.779472,-0.23942
26-Jan-2025 14:21:01.665,-0.823605,12.437878,-0.354342
26-Jan-2025 14:21:01.681,-0.837971,13.192051,-0.160412
26-Jan-2025 14:21:01.697,-0.481235,13.110648,-0.057461
26-Jan-2025 14:21:01.713,0.181959,12.485762,0.102951
26-Jan-2025 14:21:01.729,0.878672,11.449073,0.215478
26-Jan-2025 14:21:01.746,1.355118,10.46745,0.538695
26-Jan-2025 14:21:01.762,1.556231,9.349358,0.641646
26-Jan-2025 14:21:01.778,1.47004,8.458714,0.378284
26-Jan-2025 14:21:01.794,1.400608,7.841011,0.248997
26-Jan-2025 14:21:01.810,1.527501,7.479486,0.579397
26-Jan-2025 14:21:01.826,1.690306,7.52737,1.122881
26-Jan-2025 14:21:01.842,1.771709,8.013393,0.521936
26-Jan-2025 14:21:01.858,1.106121,8.920795,-0.158017
26-Jan-2025 14:21:01.874,0.253785,9.976639,-0.608127
26-Jan-2025 14:21:01.890,-0.603339,10.81461,-0.88346
26-Jan-2025 14:21:01.906,-1.127669,11.025299,-0.768539
26-Jan-2025 14:21:01.922,-1.084573,10.685322,-0.308852
26-Jan-2025 14:21:01.938,-0.529119,10.122684,-0.395043
26-Jan-2025 14:21:01.954,0.181959,9.634268,-0.80924
26-Jan-2025 14:21:01.970,0.514753,9.397242,-1.012747
26-Jan-2025 14:21:01.986,0.584185,9.320627,-1.005565
26-Jan-2025 14:21:02.002,0.593762,9.28232,-0.940921
26-Jan-2025 14:21:02.018,0.533907,9.141062,-0.995988
26-Jan-2025 14:21:02.034,0.304064,8.92319,-1.151611
26-Jan-2025 14:21:02.050,0.112527,8.714894,-1.173159
26-Jan-2025 14:21:02.066,0.014365,8.645462,-1.146823
26-Jan-2025 14:21:02.082,-0.069432,8.736442,-1.33357
26-Jan-2025 14:21:02.099,-0.201113,9.035717,-1.625663
26-Jan-2025 14:21:02.115,-0.265756,9.215282,-1.774103
26-Jan-2025 14:21:02.131,-0.081403,9.19134,-1.520318
26-Jan-2025 14:21:02.147,0.31364,9.155427,-1.367089
26-Jan-2025 14:21:02.163,0.351948,9.337387,-1.206678
26-Jan-2025 14:21:02.179,-0.043096,9.55047,-1.235408
26-Jan-2025 14:21:02.195,-0.280122,9.825804,-1.079785
26-Jan-2025 14:21:02.211,-0.289698,10.223241,-0.916979
26-Jan-2025 14:21:02.227,-0.411803,10.718841,-0.995988
26-Jan-2025 14:21:02.243,-0.555455,11.168951,-1.237802
26-Jan-2025 14:21:02.259,-0.438139,11.370064,-1.446098
26-Jan-2025 14:21:02.275,-0.371101,11.255142,-1.575385
26-Jan-2025 14:21:02.291,-0.505177,11.070788,-1.613692
26-Jan-2025 14:21:02.307,-0.636858,11.453861,-0.778116
26-Jan-2025 14:21:02.323,-0.916979,12.658144,0.244209
26-Jan-2025 14:21:02.339,-0.617704,12.263102,-1.321599
26-Jan-2025 14:21:02.355,-0.4956,11.425131,-1.465251
26-Jan-2025 14:21:02.371,-0.924162,11.372458,-0.244209
26-Jan-2025 14:21:02.387,-1.405396,11.123461,0.301669
26-Jan-2025 14:21:02.403,-1.584962,10.714052,0.277727
26-Jan-2025 14:21:02.419,-1.484405,10.113108,-0.155623
26-Jan-2025 14:21:02.436,-1.630451,9.437943,-0.54109
26-Jan-2025 14:21:02.452,-1.915361,8.827422,-0.332794
26-Jan-2025 14:21:02.468,-2.262521,8.451532,0.191536
26-Jan-2025 14:21:02.484,-2.341529,8.295909,0.696713
26-Jan-2025 14:21:02.500,-1.96564,8.35337,0.605733
26-Jan-2025 14:21:02.516,-1.580173,8.669404,0.363919
26-Jan-2025 14:21:02.532,-1.237802,9.184157,0.126893
26-Jan-2025 14:21:02.548,-0.960075,9.603143,-0.131681
26-Jan-2025 14:21:02.564,-0.902614,9.900024,-0.191536
26-Jan-2025 14:21:02.580,-0.924162,9.701305,-0.050278
26-Jan-2025 14:21:02.596,-0.960075,9.41879,0.246603
26-Jan-2025 14:21:02.612,-0.960075,9.217676,0.402226
26-Jan-2025 14:21:02.628,-0.835576,9.129091,-0.146046
26-Jan-2025 14:21:02.644,-0.837971,9.102755,-0.270545
26-Jan-2025 14:21:02.660,-0.730232,9.100361,-0.059855
26-Jan-2025 14:21:02.676,-0.608127,9.248801,-0.153229
26-Jan-2025 14:21:02.692,-0.703895,9.512163,-0.320823
26-Jan-2025 14:21:02.708,-0.97444,9.718064,-0.215478
26-Jan-2025 14:21:02.724,-1.16837,9.82341,-0.184354
26-Jan-2025 14:21:02.740,-1.156399,9.73243,-0.387861
26-Jan-2025 14:21:02.756,-1.118092,9.667787,-0.423774
26-Jan-2025 14:21:02.772,-1.082179,9.691729,-0.373495
26-Jan-2025 14:21:02.789,-0.972046,9.780313,-0.181959
26-Jan-2025 14:21:02.805,-0.85473,9.85214,-0.026336
26-Jan-2025 14:21:02.821,-0.679953,9.89763,0.040701
26-Jan-2025 14:21:02.837,-0.600945,9.847352,-0.09098
26-Jan-2025 14:21:02.853,-0.679953,9.684546,-0.299275
26-Jan-2025 14:21:02.869,-0.804452,9.65821,-0.344765
26-Jan-2025 14:21:02.885,-0.770933,9.744401,-0.31364
26-Jan-2025 14:21:02.901,-0.289698,10.005369,-0.057461
26-Jan-2025 14:21:02.917,0.553061,10.575189,0.691924
26-Jan-2025 14:21:02.933,1.154005,10.532093,0.416591
26-Jan-2025 14:21:02.949,1.273715,9.619903,0.371101
26-Jan-2025 14:21:02.965,1.302446,9.193734,1.477222
26-Jan-2025 14:21:02.981,1.101333,9.730036,2.181118
26-Jan-2025 14:21:02.997,0.227449,10.637438,0.730232
26-Jan-2025 14:21:03.013,-1.024718,11.226412,-1.244985
26-Jan-2025 14:21:03.029,-1.953669,11.530476,-1.604115
26-Jan-2025 14:21:03.045,-1.683124,11.628637,-0.306458
26-Jan-2025 14:21:03.061,-1.034295,11.753136,0.715866
26-Jan-2025 14:21:03.077,-0.744597,11.899182,0.490811
26-Jan-2025 14:21:03.093,-0.972046,11.585542,-0.397437
26-Jan-2025 14:21:03.109,-1.18513,11.010934,-0.885855
26-Jan-2025 14:21:03.125,-1.082179,10.362105,-0.684742
26-Jan-2025 14:21:03.141,-0.897826,9.67018,-0.414197
26-Jan-2025 14:21:03.158,-0.782904,8.942344,-0.323217
26-Jan-2025 14:21:03.174,-0.600945,8.394072,-0.277727
26-Jan-2025 14:21:03.190,-0.349553,7.984663,-0.205901
26-Jan-2025 14:21:03.206,-0.148441,7.872135,-0.052672
26-Jan-2025 14:21:03.222,0.004788,8.197746,0.138864
26-Jan-2025 14:21:03.238,0.189142,8.904037,0.035913
26-Jan-2025 14:21:03.254,0.251391,9.672575,-0.225055
26-Jan-2025 14:21:03.270,0.332794,10.565612,-0.59855
26-Jan-2025 14:21:03.286,0.25618,11.331757,-0.804452
26-Jan-2025 14:21:03.302,-0.19393,11.075577,-1.034295
26-Jan-2025 14:21:03.318,-0.325611,10.311827,-0.756568
26-Jan-2025 14:21:03.334,-0.064643,9.847352,-0.227449
26-Jan-2025 14:21:03.350,0.213084,9.607931,0.007183
26-Jan-2025 14:21:03.366,0.387861,9.464279,-0.699107
26-Jan-2025 14:21:03.382,0.296881,9.504981,-1.249773
26-Jan-2025 14:21:03.398,-0.124498,9.991004,-1.113304
26-Jan-2025 14:21:03.414,-0.56982,10.484209,-0.842759
26-Jan-2025 14:21:03.430,-1.060631,10.639832,-0.878672
26-Jan-2025 14:21:03.446,-1.369483,10.453085,-0.849942
26-Jan-2025 14:21:03.462,-1.405396,10.149021,-0.986411
26-Jan-2025 14:21:03.478,-1.271321,10.201694,-0.373495
26-Jan-2025 14:21:03.494,-1.007959,9.91439,-0.438139
26-Jan-2025 14:21:03.511,-0.682347,9.380483,-0.423774
26-Jan-2025 14:21:03.527,-0.926556,8.983045,-0.337582
26-Jan-2025 14:21:03.543,-1.271321,8.781932,-0.3304
26-Jan-2025 14:21:03.559,-1.460463,8.540117,-0.289698
26-Jan-2025 14:21:03.575,-1.338359,8.164227,-0.062249
26-Jan-2025 14:21:03.591,-0.991199,7.843405,0.215478
26-Jan-2025 14:21:03.607,-0.852336,8.00621,0.316035
26-Jan-2025 14:21:03.623,-1.154005,8.688558,0.265756
26-Jan-2025 14:21:03.639,-1.807622,9.660604,-0.052672
26-Jan-2025 14:21:03.655,-2.549825,10.412383,-0.342371
26-Jan-2025 14:21:03.671,-2.870648,10.879252,-0.632069
26-Jan-2025 14:21:03.687,-2.679112,10.87207,-0.579397
26-Jan-2025 14:21:03.703,-2.37026,10.749966,-0.129287
26-Jan-2025 14:21:03.719,-2.061408,10.709264,0.143652
26-Jan-2025 14:21:03.735,-2.044648,10.718841,0.347159
26-Jan-2025 14:21:03.751,-2.145205,10.505757,-0.107739
26-Jan-2025 14:21:03.767,-2.262521,10.31901,-0.507571
26-Jan-2025 14:21:03.783,-2.312799,10.199299,-0.742203
26-Jan-2025 14:21:03.799,-2.224213,10.036493,-0.54109
26-Jan-2025 14:21:03.815,-2.111686,9.749189,-0.203507
26-Jan-2025 14:21:03.831,-1.929727,9.41879,-0.002394
26-Jan-2025 14:21:03.847,-1.671153,9.181764,-0.102951
26-Jan-2025 14:21:03.864,-1.376666,8.99741,-0.42138
26-Jan-2025 14:21:03.880,-1.086968,8.789114,-0.701501
26-Jan-2025 14:21:03.896,-0.960075,8.657434,-0.761356
26-Jan-2025 14:21:03.912,-1.029507,8.76996,-0.502782
26-Jan-2025 14:21:03.928,-1.187524,9.181764,-0.392649
26-Jan-2025 14:21:03.944,-1.357512,9.832987,-0.816423
26-Jan-2025 14:21:03.960,-1.403002,10.297462,-1.414973
26-Jan-2025 14:21:03.976,-1.278504,10.608707,-1.580173
26-Jan-2025 14:21:03.992,-0.993594,10.687716,-1.261744
26-Jan-2025 14:21:04.008,-0.835576,10.611102,-1.036689
26-Jan-2025 14:21:04.024,-0.881066,10.582372,-1.024718
26-Jan-2025 14:21:04.040,-1.031901,10.515334,-1.175553
26-Jan-2025 14:21:04.056,-1.074997,10.220847,-1.369483
26-Jan-2025 14:21:04.072,-1.079785,9.825804,-0.869095
26-Jan-2025 14:21:04.088,-0.90022,9.773131,-0.148441
26-Jan-2025 14:21:04.104,-0.622492,10.101137,-0.232238
26-Jan-2025 14:21:04.120,-0.407014,10.560823,-0.476446
26-Jan-2025 14:21:04.136,-0.555455,11.077971,-0.509965
26-Jan-2025 14:21:04.152,-0.787692,11.528081,-0.646434
26-Jan-2025 14:21:04.168,-0.608127,11.489774,-0.756568
26-Jan-2025 14:21:04.184,-0.308852,10.948685,-0.560243
26-Jan-2025 14:21:04.200,0.270545,10.378864,-0.198719
26-Jan-2025 14:21:04.216,0.646434,9.73243,0.536301
26-Jan-2025 14:21:04.233,0.936133,9.069236,0.509965
26-Jan-2025 14:21:04.249,0.847547,8.576031,0.550666
26-Jan-2025 14:21:04.265,0.85473,8.204929,-0.071826
26-Jan-2025 14:21:04.281,1.053449,7.967903,-0.203507
26-Jan-2025 14:21:04.297,1.458069,7.838616,0.280122
26-Jan-2025 14:21:04.313,1.92015,8.042124,0.785298
26-Jan-2025 14:21:04.329,2.391808,8.643068,0.694318
26-Jan-2025 14:21:04.345,2.542642,9.607931,0.294487
26-Jan-2025 14:21:04.361,2.310405,10.613496,0.160412
26-Jan-2025 14:21:04.377,1.673547,11.535264,0.40462
26-Jan-2025 14:21:04.393,0.924162,11.745954,0.687136
26-Jan-2025 14:21:04.409,0.617704,11.259931,0.567426
26-Jan-2025 14:21:04.425,0.545878,10.699687,0.083797
26-Jan-2025 14:21:04.441,0.620098,10.33098,0.057461
26-Jan-2025 14:21:04.457,0.926556,10.0748,0.399832
26-Jan-2025 14:21:04.473,1.292869,9.804255,0.73502
26-Jan-2025 14:21:04.489,1.572991,9.459491,0.560243
26-Jan-2025 14:21:04.505,1.381454,9.150639,0.54109
26-Jan-2025 14:21:04.521,1.151611,8.971074,0.442927
26-Jan-2025 14:21:04.537,0.998382,8.827422,0.038307
26-Jan-2025 14:21:04.553,0.608127,8.8777,-0.299275
26-Jan-2025 14:21:04.569,0.248997,9.093178,-0.476446
26-Jan-2025 14:21:04.585,0.093374,9.404425,-0.591368
26-Jan-2025 14:21:04.602,0.117316,9.78989,-0.636858
26-Jan-2025 14:21:04.618,0.1652,9.955091,-0.610521
26-Jan-2025 14:21:04.634,0.23942,9.866506,-0.507571
26-Jan-2025 14:21:04.650,0.234632,9.811439,-0.40462
26-Jan-2025 14:21:04.666,0.21069,9.888053,-0.361524
26-Jan-2025 14:21:04.682,0.19393,10.014946,-0.246603
26-Jan-2025 14:21:04.698,0.23942,10.290278,-0.155623
26-Jan-2025 14:21:04.714,0.392649,10.618284,-0.150835
26-Jan-2025 14:21:04.730,0.418985,11.044453,0.062249
26-Jan-2025 14:21:04.746,0.390255,11.449073,0.177171
26-Jan-2025 14:21:04.762,0.177171,12.119449,0.251391
26-Jan-2025 14:21:04.778,-0.272939,13.144167,0.260968
26-Jan-2025 14:21:04.794,-0.591368,13.472173,0.304064
26-Jan-2025 14:21:04.810,-0.797269,13.046005,0.790087
26-Jan-2025 14:21:04.826,-1.283292,12.430696,0.92895
26-Jan-2025 14:21:04.842,-1.932121,12.167333,0.976834
26-Jan-2025 14:21:04.858,-1.924938,11.856087,0.732626
26-Jan-2025 14:21:04.874,-1.546654,11.049241,0.31364
26-Jan-2025 14:21:04.890,-1.127669,10.115502,0.361524
26-Jan-2025 14:21:04.906,-0.869095,9.136273,0.682347
26-Jan-2025 14:21:04.922,-0.823605,8.037335,1.146823
26-Jan-2025 14:21:04.938,-1.156399,7.290344,1.359907
26-Jan-2025 14:21:04.954,-1.522712,6.830657,1.201889
26-Jan-2025 14:21:04.971,-1.711854,6.799533,0.984017
26-Jan-2025 14:21:04.987,-1.529895,7.319075,0.775721
26-Jan-2025 14:21:05.003,-1.017536,8.149862,0.517148
26-Jan-2025 14:21:05.019,-0.325611,9.040505,0.275333
26-Jan-2025 14:21:05.035,0.177171,9.76116,0.469264
26-Jan-2025 14:21:05.051,0.246603,10.012551,0.390255
26-Jan-2025 14:21:05.067,-0.21069,9.787497,-0.146046
26-Jan-2025 14:21:05.083,-0.758962,9.540894,-0.471658
26-Jan-2025 14:21:05.099,-1.046266,9.313444,-0.213084
26-Jan-2025 14:21:05.115,-1.070208,9.224859,0.004788
26-Jan-2025 14:21:05.131,-1.142034,9.25359,-0.122104
26-Jan-2025 14:21:05.147,-1.244985,9.481039,-0.272939
26-Jan-2025 14:21:05.163,-1.448492,9.742006,-0.407014
26-Jan-2025 14:21:05.179,-1.446098,9.770737,-0.462081
26-Jan-2025 14:21:05.195,-1.053449,9.442732,-0.435745
26-Jan-2025 14:21:05.211,-0.799663,9.141062,-0.454898
26-Jan-2025 14:21:05.227,-0.787692,9.02614,-0.47884
26-Jan-2025 14:21:05.243,-0.979228,9.004593,-0.462081
26-Jan-2025 14:21:05.259,-1.012747,8.983045,-0.545878
26-Jan-2025 14:21:05.275,-1.151611,8.916007,-0.280122
26-Jan-2025 14:21:05.291,-1.096544,8.8777,-0.107739
26-Jan-2025 14:21:05.307,-0.873884,8.939949,-0.007183
26-Jan-2025 14:21:05.324,-0.723049,9.157822,0.11971
26-Jan-2025 14:21:05.340,-0.61531,9.679757,0.086191
26-Jan-2025 14:21:05.356,-0.646434,10.297462,-0.088585
26-Jan-2025 14:21:05.372,-0.837971,10.644621,-0.304064
26-Jan-2025 14:21:05.388,-1.103727,10.692505,-0.454898
26-Jan-2025 14:21:05.404,-1.309628,10.795456,-0.258574
26-Jan-2025 14:21:05.420,-1.47004,11.147403,-0.19393
26-Jan-2025 14:21:05.436,-1.56102,11.796232,-0.481235
26-Jan-2025 14:21:05.452,-1.37906,12.430696,-0.823605
26-Jan-2025 14:21:05.468,-1.108515,12.828133,-0.667982
26-Jan-2025 14:21:05.484,-0.620098,12.782643,-0.179565
26-Jan-2025 14:21:05.500,-0.179565,12.339716,-0.033519
26-Jan-2025 14:21:05.516,0.201113,11.774684,-0.134075
26-Jan-2025 14:21:05.532,0.507571,11.133038,0.31364
26-Jan-2025 14:21:05.548,0.713472,10.06283,0.646434
26-Jan-2025 14:21:05.564,0.873884,8.90643,0.797269
26-Jan-2025 14:21:05.580,0.876278,8.099585,1.091756
26-Jan-2025 14:21:05.596,1.024718,7.560889,1.549049
26-Jan-2025 14:21:05.612,1.225831,7.314286,1.503559
26-Jan-2025 14:21:05.628,1.321599,7.654263,0.948104
26-Jan-2025 14:21:05.644,0.960075,8.726865,0.433351
26-Jan-2025 14:21:05.661,0.567426,10.158598,0.179565
26-Jan-2025 14:21:05.677,0.059855,11.326968,0.3304
26-Jan-2025 14:21:05.693,-0.301669,11.384429,0.316035
26-Jan-2025 14:21:05.709,-0.191536,10.632649,0.038307
26-Jan-2025 14:21:05.725,-0.026336,9.859323,-0.227449
26-Jan-2025 14:21:05.741,0.014365,9.411607,-0.251391
26-Jan-2025 14:21:05.757,0.019154,9.306262,-0.248997
26-Jan-2025 14:21:05.773,0.232238,9.260772,-0.445322
26-Jan-2025 14:21:05.789,0.409408,9.291897,-0.268151
26-Jan-2025 14:21:05.805,0.591368,9.239224,-0.603339
26-Jan-2025 14:21:05.821,0.500388,9.157822,-0.509965
26-Jan-2025 14:21:05.837,0.505177,8.956709,-0.411803
26-Jan-2025 14:21:05.853,0.548272,8.76996,-0.581791
26-Jan-2025 14:21:05.869,0.481235,8.836999,-0.768539
26-Jan-2025 14:21:05.885,0.380678,9.119514,-0.837971
26-Jan-2025 14:21:05.901,0.347159,9.320627,-0.919373
26-Jan-2025 14:21:05.917,0.205901,9.466674,-0.682347
26-Jan-2025 14:21:05.933,0.222661,9.622296,-0.47884
26-Jan-2025 14:21:05.949,0.35913,9.758766,-0.222661
26-Jan-2025 14:21:05.965,0.466869,9.835381,0.007183
26-Jan-2025 14:21:05.981,0.553061,10.065224,0.09098
26-Jan-2025 14:21:05.997,0.553061,10.663774,0.043096
26-Jan-2025 14:21:06.013,0.272939,11.281479,-0.347159
26-Jan-2025 14:21:06.030,-0.035913,11.71004,-0.387861
26-Jan-2025 14:21:06.046,-0.174777,12.660539,0.42138
26-Jan-2025 14:21:06.062,-0.505177,14.087482,0.174777
26-Jan-2025 14:21:06.078,-1.187524,14.228741,-0.933739
26-Jan-2025 14:21:06.094,-1.450886,13.158532,-0.4956
26-Jan-2025 14:21:06.110,-1.484405,11.690886,0.155623
26-Jan-2025 14:21:06.126,-1.534683,10.627861,0.581791
26-Jan-2025 14:21:06.142,-1.410185,9.667787,0.270545
26-Jan-2025 14:21:06.158,-1.161188,8.793902,0.067038
26-Jan-2025 14:21:06.174,-0.950498,8.058883,0.083797
26-Jan-2025 14:21:06.190,-0.921768,7.66384,0.172383
26-Jan-2025 14:21:06.206,-1.036689,7.694964,0.198719
26-Jan-2025 14:21:06.222,-1.055843,7.920019,0.172383
26-Jan-2025 14:21:06.238,-0.80924,8.228871,0.129287
26-Jan-2025 14:21:06.254,-0.4956,9.040505,-0.069432
26-Jan-2025 14:21:06.270,-0.54109,9.964667,-0.531513
26-Jan-2025 14:21:06.286,-0.785298,10.25676,-0.756568
26-Jan-2025 14:21:06.302,-0.536301,9.950302,-0.605733
26-Jan-2025 14:21:06.318,-0.399832,9.770737,-0.296881
26-Jan-2025 14:21:06.334,-0.577003,9.809045,-0.311246
26-Jan-2025 14:21:06.350,-0.699107,9.737218,-0.533907
26-Jan-2025 14:21:06.366,-0.603339,9.380483,-0.31364
26-Jan-2025 14:21:06.382,-0.426168,8.860941,0.062249
26-Jan-2025 14:21:06.398,-0.351948,8.549694,0.205901
26-Jan-2025 14:21:06.415,-0.402226,8.444349,0.126893
26-Jan-2025 14:21:06.431,-0.452504,8.590396,-0.383072
26-Jan-2025 14:21:06.447,-0.545878,8.992621,-0.756568
26-Jan-2025 14:21:06.463,-0.656011,9.26556,-0.897826
26-Jan-2025 14:21:06.479,-0.593762,9.102755,-0.756568
26-Jan-2025 14:21:06.495,-0.469264,8.60955,-0.457293
26-Jan-2025 14:21:06.511,-0.392649,8.212111,-0.110133
26-Jan-2025 14:21:06.527,-0.481235,8.171411,0.134075
26-Jan-2025 14:21:06.543,-0.493206,8.595184,0.325611
26-Jan-2025 14:21:06.559,-0.785298,9.251195,-0.064643
26-Jan-2025 14:21:06.575,-1.134852,10.333375,0.136469
26-Jan-2025 14:21:06.591,-1.474828,11.250354,-0.287304
26-Jan-2025 14:21:06.607,-1.802834,11.920731,-0.593762
26-Jan-2025 14:21:06.623,-1.908179,12.11466,-0.466869
26-Jan-2025 14:21:06.639,-1.915361,11.353305,-0.162806
26-Jan-2025 14:21:06.655,-1.869871,10.702082,0.744597
26-Jan-2025 14:21:06.671,-1.733402,10.551247,1.276109
26-Jan-2025 14:21:06.687,-1.031901,10.809821,1.067814
26-Jan-2025 14:21:06.703,0.02873,11.530476,0.56982
26-Jan-2025 14:21:06.719,1.041478,11.889606,-0.043096
26-Jan-2025 14:21:06.735,1.553837,11.295844,0.07422
26-Jan-2025 14:21:06.752,1.54426,10.457873,0.711078
26-Jan-2025 14:21:06.768,1.606509,9.768343,1.541866
26-Jan-2025 14:21:06.784,1.905785,9.306262,1.51553
26-Jan-2025 14:21:06.800,2.06859,9.392453,0.976834
26-Jan-2025 14:21:06.816,1.910573,10.048465,0.299275
26-Jan-2025 14:21:06.832,1.074997,10.737994,-0.237026
26-Jan-2025 14:21:06.848,0.332794,10.869676,-0.136469
26-Jan-2025 14:21:06.864,-0.270545,10.371682,0.146046
26-Jan-2025 14:21:06.880,-0.639252,9.624691,0.265756
26-Jan-2025 14:21:06.896,-0.687136,8.959103,-0.287304
26-Jan-2025 14:21:06.912,-0.294487,8.516175,-0.988805
26-Jan-2025 14:21:06.928,0.093374,8.315063,-0.938527
26-Jan-2025 14:21:06.944,0.083797,8.164227,0.514753
26-Jan-2025 14:21:06.960,-0.100556,8.149862,0.986411
26-Jan-2025 14:21:06.976,-0.007183,8.310274,-0.088585
26-Jan-2025 14:21:06.992,-0.993594,8.860941,-0.950498
26-Jan-2025 14:21:07.008,-2.102109,9.516952,-1.280898
26-Jan-2025 14:21:07.024,-2.30801,9.665392,-0.976834
26-Jan-2025 14:21:07.040,-1.539472,9.512163,-0.85473
26-Jan-2025 14:21:07.056,-0.648829,9.414001,-0.88346
26-Jan-2025 14:21:07.072,-0.320823,9.639056,-0.751779
26-Jan-2025 14:21:07.089,-0.952892,9.909601,-0.555455
26-Jan-2025 14:21:07.105,-1.450886,10.058042,-0.967257
26-Jan-2025 14:21:07.121,-1.719037,10.31901,-1.173159
26-Jan-2025 14:21:07.137,-1.776498,10.266336,-1.125275
26-Jan-2025 14:21:07.153,-1.944092,10.295067,-0.94571
26-Jan-2025 14:21:07.169,-2.123657,10.54167,-1.233014
26-Jan-2025 14:21:07.185,-2.157176,10.824186,-1.529895
26-Jan-2025 14:21:07.201,-2.063802,10.833763,-1.608904
26-Jan-2025 14:21:07.217,-1.972822,10.800244,-1.503559
26-Jan-2025 14:21:07.233,-2.334347,11.212047,-0.134075
26-Jan-2025 14:21:07.249,-2.140416,11.180922,-0.457293
26-Jan-2025 14:21:07.265,-2.008735,10.836157,-0.038307
26-Jan-2025 14:21:07.281,-1.84593,10.828975,0.102951
26-Jan-2025 14:21:07.297,-2.106898,11.09473,-0.023942
26-Jan-2025 14:21:07.313,-2.221819,11.054029,-0.21069
26-Jan-2025 14:21:07.329,-2.298434,10.268731,0.050278
26-Jan-2025 14:21:07.345,-2.336741,9.354146,0.500388
26-Jan-2025 14:21:07.361,-2.475605,8.566454,0.378284
26-Jan-2025 14:21:07.377,-2.705448,7.824251,0.761356
26-Jan-2025 14:21:07.393,-2.676718,7.508216,1.685518
26-Jan-2025 14:21:07.409,-2.061408,7.606379,1.608904
26-Jan-2025 14:21:07.425,-1.376666,8.334216,0.701501
26-Jan-2025 14:21:07.442,-1.115698,9.469068,-0.316035
26-Jan-2025 14:21:07.457,-1.419762,10.658986,-0.648829
26-Jan-2025 14:21:07.474,-1.719037,10.941502,-0.289698
26-Jan-2025 14:21:07.490,-1.723825,10.311827,0.347159
26-Jan-2025 14:21:07.506,-1.47004,9.548077,0.723049
26-Jan-2025 14:21:07.522,-1.410185,9.277532,0.94571
26-Jan-2025 14:21:07.538,-1.426944,9.267955,0.823605
26-Jan-2025 14:21:07.554,-1.338359,9.416395,0.246603
26-Jan-2025 14:21:07.570,-1.362301,9.414001,-0.086191
26-Jan-2025 14:21:07.586,-1.254562,9.196129,-0.114922
26-Jan-2025 14:21:07.602,-1.072602,8.892065,0.110133
26-Jan-2025 14:21:07.618,-0.998382,8.626308,0.277727
26-Jan-2025 14:21:07.634,-0.878672,8.62152,0.301669
26-Jan-2025 14:21:07.650,-0.751779,9.028535,-0.059855
26-Jan-2025 14:21:07.666,-1.01993,9.619903,-0.591368
26-Jan-2025 14:21:07.682,-1.295263,10.002975,-0.837971
26-Jan-2025 14:21:07.698,-1.383849,10.081984,-0.471658
26-Jan-2025 14:21:07.714,-1.240196,9.919178,0.071826
26-Jan-2025 14:21:07.730,-0.988805,9.734824,0.344765
26-Jan-2025 14:21:07.746,-0.869095,9.689334,0.248997
26-Jan-2025 14:21:07.762,-0.766145,9.904813,-0.160412
26-Jan-2025 14:21:07.778,-0.828394,10.441113,-0.648829
26-Jan-2025 14:21:07.795,-0.914585,10.900801,-0.818817
26-Jan-2025 14:21:07.811,-0.861913,11.164163,-0.387861
26-Jan-2025 14:21:07.827,-0.64404,11.662156,0.105345
26-Jan-2025 14:21:07.843,-0.514753,12.210428,-0.155623
26-Jan-2025 14:21:07.859,-0.560243,12.258312,-0.471658
26-Jan-2025 14:21:07.875,-0.373495,12.119449,0.198719
26-Jan-2025 14:21:07.891,0.052672,11.563994,0.509965
26-Jan-2025 14:21:07.907,0.457293,10.979809,0.68953
26-Jan-2025 14:21:07.923,0.751779,10.335769,0.766145
26-Jan-2025 14:21:07.939,0.988805,9.504981,0.68953
26-Jan-2025 14:21:07.954,1.012747,8.858546,0.538695
26-Jan-2025 14:21:07.971,0.936133,8.425196,0.641646
26-Jan-2025 14:21:07.987,1.074997,8.032547,1.352724
26-Jan-2025 14:21:08.003,1.436521,7.764396,1.228225
26-Jan-2025 14:21:08.019,1.374272,8.286332,0.718261
26-Jan-2025 14:21:08.035,0.842759,9.543288,0.258574
26-Jan-2025 14:21:08.051,-0.038307,10.845734,-0.454898
26-Jan-2025 14:21:08.067,-1.027112,11.293449,-1.142034
26-Jan-2025 14:21:08.083,-1.47004,10.941502,-0.849942
26-Jan-2025 14:21:08.099,-1.206678,10.206482,0.033519
26-Jan-2025 14:21:08.116,-0.428562,9.811439,0.380678
26-Jan-2025 14:21:08.132,0.071826,9.871294,0.047884
26-Jan-2025 14:21:08.148,0.356736,10.180145,-0.433351
26-Jan-2025 14:21:08.164,0.514753,10.278308,-0.833182
26-Jan-2025 14:21:08.180,0.670376,9.959879,-0.890643
26-Jan-2025 14:21:08.196,0.596156,9.344569,-0.521936
26-Jan-2025 14:21:08.212,0.474052,8.801085,-0.21069
26-Jan-2025 14:21:08.228,0.387861,8.37013,-0.306458
26-Jan-2025 14:21:08.244,0.246603,8.377312,-0.782904
26-Jan-2025 14:21:08.260,-0.172383,8.779537,-1.21386
26-Jan-2025 14:21:08.276,-0.4956,9.23683,-1.491588
26-Jan-2025 14:21:08.292,-0.567426,9.495404,-1.043872
26-Jan-2025 14:21:08.308,-0.466869,9.308656,-0.648829
26-Jan-2025 14:21:08.324,-0.385466,9.0429,-0.452504
26-Jan-2025 14:21:08.340,-0.237026,8.920795,-0.275333
26-Jan-2025 14:21:08.356,-0.086191,9.315839,-0.277727
26-Jan-2025 14:21:08.372,0.011971,10.007763,-0.605733
26-Jan-2025 14:21:08.388,0.038307,10.709264,-1.039083
26-Jan-2025 14:21:08.404,-0.146046,11.247959,-1.077391
26-Jan-2025 14:21:08.420,-0.497994,11.499351,-0.991199
26-Jan-2025 14:21:08.437,-0.957681,11.822568,-0.641646
26-Jan-2025 14:21:08.453,-1.422156,13.323732,0.093374
26-Jan-2025 14:21:08.469,-1.687912,13.625401,-0.723049
26-Jan-2025 14:21:08.485,-1.987187,12.734758,-0.936133
26-Jan-2025 14:21:08.501,-2.200271,12.009315,0.624887
26-Jan-2025 14:21:08.517,-2.501941,11.525687,1.484405
26-Jan-2025 14:21:08.533,-2.681506,11.015722,0.723049
26-Jan-2025 14:21:08.549,-2.602497,10.453085,-0.174777
26-Jan-2025 14:21:08.565,-2.552219,9.727641,-0.433351
26-Jan-2025 14:21:08.581,-2.588132,8.995016,0.232238
26-Jan-2025 14:21:08.596,-2.719813,8.078036,1.146823
26-Jan-2025 14:21:08.613,-2.746149,7.319075,1.630451
26-Jan-2025 14:21:08.629,-2.621651,6.80911,1.45328
26-Jan-2025 14:21:08.645,-2.375048,6.67264,1.031901
26-Jan-2025 14:21:08.661,-1.843535,7.156269,0.754174
26-Jan-2025 14:21:08.677,-1.422156,8.140285,0.572214
26-Jan-2025 14:21:08.693,-1.312023,9.074024,0.220267
26-Jan-2025 14:21:08.709,-1.343147,9.859323,-0.229843
26-Jan-2025 14:21:08.725,-1.541866,10.230424,-0.339977
26-Jan-2025 14:21:08.741,-1.908179,10.144233,-0.021548
26-Jan-2025 14:21:08.757,-2.25055,9.710882,0.184354
26-Jan-2025 14:21:08.774,-2.542642,9.325416,0.189142
26-Jan-2025 14:21:08.790,-2.70066,9.210494,-0.064643
26-Jan-2025 14:21:08.806,-2.645593,9.244013,-0.387861
26-Jan-2025 14:21:08.822,-2.521094,9.452309,-0.263362
26-Jan-2025 14:21:08.838,-2.128445,9.581595,-0.232238
26-Jan-2025 14:21:08.854,-1.599327,9.902418,-0.234632
26-Jan-2025 14:21:08.870,-1.285686,10.251971,-0.35913
26-Jan-2025 14:21:08.886,-1.182736,10.342952,-0.799663
26-Jan-2025 14:21:08.902,-1.204283,10.134656,-1.235408
26-Jan-2025 14:21:08.917,-1.280898,9.77792,-1.022324
26-Jan-2025 14:21:08.934,-1.268927,9.315839,-0.639252
26-Jan-2025 14:21:08.950,-1.209072,8.805874,-0.232238
26-Jan-2025 14:21:08.966,-1.120486,8.695741,0.143652
26-Jan-2025 14:21:08.982,-1.053449,8.858546,0.21069
26-Jan-2025 14:21:08.998,-1.082179,9.368511,0.026336
26-Jan-2025 14:21:09.014,-0.938527,10.268731,-0.107739
26-Jan-2025 14:21:09.030,-0.876278,11.44189,-0.40462
26-Jan-2025 14:21:09.046,-1.323994,12.248735,-0.653617
26-Jan-2025 14:21:09.062,-1.927332,12.368446,-0.679953
26-Jan-2025 14:21:09.079,-1.616086,12.081141,-0.45011
26-Jan-2025 14:21:09.095,-0.766145,11.913548,-0.292093
26-Jan-2025 14:21:09.111,-0.031125,11.542446,-0.526724
26-Jan-2025 14:21:09.127,0.323217,11.559206,0.258574
26-Jan-2025 14:21:09.143,0.555455,11.719617,0.837971
26-Jan-2025 14:21:09.159,0.493206,11.542446,0.830788
26-Jan-2025 14:21:09.175,0.287304,10.699687,0.591368
26-Jan-2025 14:21:09.191,0.23942,9.531317,0.577003
26-Jan-2025 14:21:09.207,0.28491,8.542512,0.984017
26-Jan-2025 14:21:09.223,0.385466,7.809886,1.35033
26-Jan-2025 14:21:09.239,0.648829,7.635109,1.551443
26-Jan-2025 14:21:09.255,0.902614,7.843405,1.285686
26-Jan-2025 14:21:09.271,0.976834,8.458714,0.605733
26-Jan-2025 14:21:09.287,0.768539,9.318233,0.301669
26-Jan-2025 14:21:09.303,0.248997,10.213664,0.339977
26-Jan-2025 14:21:09.319,-0.459687,10.603919,0.536301
26-Jan-2025 14:21:09.335,-0.811634,10.465055,0.486023
26-Jan-2025 14:21:09.351,-0.565032,10.168175,0.059855
26-Jan-2025 14:21:09.367,-0.114922,10.041282,-0.299275
26-Jan-2025 14:21:09.383,0.227449,10.007763,-0.308852
26-Jan-2025 14:21:09.399,0.387861,9.849746,-0.260968
26-Jan-2025 14:21:09.416,0.593762,9.73243,-0.217872
26-Jan-2025 14:21:09.432,0.581791,9.536105,-0.342371
26-Jan-2025 14:21:09.448,0.442927,9.272743,-0.497994
26-Jan-2025 14:21:09.464,0.287304,8.959103,-0.521936
26-Jan-2025 14:21:09.480,0.071826,8.676587,-0.536301
26-Jan-2025 14:21:09.496,0.021548,8.549694,-0.567426
26-Jan-2025 14:21:09.512,0.107739,8.7125,-0.519542
26-Jan-2025 14:21:09.528,0.220267,8.995016,-0.553061
26-Jan-2025 14:21:09.544,0.177171,9.301474,-0.770933
26-Jan-2025 14:21:09.560,0.04549,9.524135,-0.881066
26-Jan-2025 14:21:09.576,-0.016759,9.698911,-0.804452
26-Jan-2025 14:21:09.592,-0.007183,9.61272,-0.723049
26-Jan-2025 14:21:09.608,0.107739,9.730036,-0.543484
26-Jan-2025 14:21:09.624,0.306458,10.113108,-0.572214
26-Jan-2025 14:21:09.640,0.31364,10.783484,-0.799663
26-Jan-2025 14:21:09.656,0.009577,11.473015,-0.727837
26-Jan-2025 14:21:09.672,-0.179565,11.446678,-1.194707
26-Jan-2025 14:21:09.688,-0.42138,11.257536,-0.950498
26-Jan-2025 14:21:09.704,-0.588974,11.382035,-0.952892
26-Jan-2025 14:21:09.720,-0.694318,12.366052,-0.378284
26-Jan-2025 14:21:09.735,-0.770933,12.931084,-0.730232
26-Jan-2025 14:21:09.753,-0.634463,12.186486,-1.400608
26-Jan-2025 14:21:09.769,-0.775721,11.599907,-0.708684
26-Jan-2025 14:21:09.785,-1.345541,11.195287,0.263362
26-Jan-2025 14:21:09.801,-1.922544,10.716447,0.54109
26-Jan-2025 14:21:09.817,-2.245761,10.134656,0.234632
26-Jan-2025 14:21:09.833,-2.375048,9.323022,0.23942
26-Jan-2025 14:21:09.849,-2.413355,8.401254,0.577003
26-Jan-2025 14:21:09.865,-2.607286,7.740454,0.821211
26-Jan-2025 14:21:09.881,-3.110068,7.465121,1.376666
26-Jan-2025 14:21:09.897,-3.234566,7.43639,1.61848
26-Jan-2025 14:21:09.913,-2.916138,7.587225,1.417367
26-Jan-2025 14:21:09.929,-2.573767,8.180987,0.926556
26-Jan-2025 14:21:09.945,-2.217031,9.241618,0.347159
26-Jan-2025 14:21:09.961,-1.996764,10.213664,0.016759
26-Jan-2025 14:21:09.977,-1.932121,10.505757,-0.124498
26-Jan-2025 14:21:09.993,-1.850718,9.962274,-0.083797
26-Jan-2025 14:21:10.009,-1.702277,9.361329,-0.035913
26-Jan-2025 14:21:10.025,-1.747767,9.009381,0.035913
26-Jan-2025 14:21:10.041,-1.714248,8.844181,0.062249
26-Jan-2025 14:21:10.057,-1.577779,8.836999,-0.055067
26-Jan-2025 14:21:10.074,-1.599327,8.896853,-0.181959
26-Jan-2025 14:21:10.090,-1.821988,8.980651,-0.131681
26-Jan-2025 14:21:10.106,-1.82917,9.018958,-0.04549
26-Jan-2025 14:21:10.122,-1.788469,8.999804,0.057461
26-Jan-2025 14:21:10.138,-1.726219,9.229648,-0.031125
26-Jan-2025 14:21:10.154,-1.678335,9.68694,-0.337582
26-Jan-2025 14:21:10.170,-1.644817,9.998186,-0.718261
26-Jan-2025 14:21:10.186,-1.508347,10.022128,-0.962469
26-Jan-2025 14:21:10.202,-1.381454,9.804255,-0.792481
26-Jan-2025 14:21:10.218,-1.261744,9.588778,-0.416591
26-Jan-2025 14:21:10.234,-1.194707,9.332599,-0.136469
26-Jan-2025 14:21:10.250,-1.108515,9.275137,0.064643
26-Jan-2025 14:21:10.266,-0.90022,9.464279,0.093374
26-Jan-2025 14:21:10.282,-0.78051,10.043676,-0.007183
26-Jan-2025 14:21:10.298,-0.936133,10.737994,-0.500388
26-Jan-2025 14:21:10.314,-1.134852,11.523293,-0.675165
26-Jan-2025 14:21:10.330,-1.165976,11.942278,-0.215478
26-Jan-2025 14:21:10.346,-1.719037,11.882423,-0.148441
26-Jan-2025 14:21:10.362,-1.517924,12.322956,-0.663194
26-Jan-2025 14:21:10.378,-0.924162,12.315774,-1.319205
26-Jan-2025 14:21:10.395,-0.213084,11.712435,-0.713472
26-Jan-2025 14:21:10.411,0.521936,11.056423,0.426168
26-Jan-2025 14:21:10.427,1.165976,10.405201,0.339977
26-Jan-2025 14:21:10.443,1.249773,9.919178,0.440533
26-Jan-2025 14:21:10.459,1.233014,9.222465,0.723049
26-Jan-2025 14:21:10.475,1.055843,8.513782,0.737414
26-Jan-2025 14:21:10.491,0.61531,8.152257,0.78051
26-Jan-2025 14:21:10.507,0.486023,8.176199,1.007959
26-Jan-2025 14:21:10.523,0.782904,8.494628,0.775721
26-Jan-2025 14:21:10.539,0.888249,9.234436,0.002394
26-Jan-2025 14:21:10.555,0.730232,9.979033,-0.294487
26-Jan-2025 14:21:10.571,0.464475,10.30225,0.055067
26-Jan-2025 14:21:10.587,-0.014365,10.141838,-0.016759
26-Jan-2025 14:21:10.603,-0.658405,9.938332,-0.107739
26-Jan-2025 14:21:10.619,-0.85473,9.753978,-0.114922
26-Jan-2025 14:21:10.635,-0.464475,9.473856,-0.337582
26-Jan-2025 14:21:10.651,-0.095768,9.390059,-0.409408
26-Jan-2025 14:21:10.667,0.177171,9.433155,-0.452504
26-Jan-2025 14:21:10.683,0.378284,9.545682,-0.52433
26-Jan-2025 14:21:10.699,0.486023,9.600749,-1.580173
26-Jan-2025 14:21:10.716,0.301669,9.344569,0.011971
26-Jan-2025 14:21:10.732,0.052672,9.119514,-0.68953
26-Jan-2025 14:21:10.748,-0.174777,8.829816,-0.677559
26-Jan-2025 14:21:10.764,-0.191536,8.851364,-0.629675
26-Jan-2025 14:21:10.780,-0.174777,9.105149,-0.802058
26-Jan-2025 14:21:10.796,-0.114922,9.52174,-1.06542
26-Jan-2025 14:21:10.812,-0.033519,9.797073,-1.216254
26-Jan-2025 14:21:10.828,0.057461,9.864111,-1.233014
26-Jan-2025 14:21:10.844,0.052672,9.811439,-1.04866
26-Jan-2025 14:21:10.860,0.148441,9.785102,-0.675165
26-Jan-2025 14:21:10.876,0.361524,9.847352,-0.208296
26-Jan-2025 14:21:10.892,0.6608,10.024523,-0.071826
26-Jan-2025 14:21:10.908,0.509965,10.534488,-0.505177
26-Jan-2025 14:21:10.924,-0.052672,11.216835,-0.931344
26-Jan-2025 14:21:10.940,-0.349553,12.076353,-0.282516
26-Jan-2025 14:21:10.956,-0.785298,14.269443,1.206678
26-Jan-2025 14:21:10.972,-1.522712,16.139313,-0.646434
26-Jan-2025 14:21:10.988,-2.063802,14.66688,0.1652
26-Jan-2025 14:21:11.004,-1.659182,11.992557,0.347159
26-Jan-2025 14:21:11.021,-1.446098,10.275913,1.486799
26-Jan-2025 14:21:11.037,-1.522712,9.65821,2.351106
26-Jan-2025 14:21:11.053,-1.264138,9.255983,1.419762
26-Jan-2025 14:21:11.069,-0.691924,8.789114,-0.23942
26-Jan-2025 14:21:11.085,-0.335188,8.176199,-0.471658
26-Jan-2025 14:21:11.101,-0.407014,7.630321,0.97444
26-Jan-2025 14:21:11.117,-0.739808,7.309498,1.90339
26-Jan-2025 14:21:11.133,-0.969652,7.522582,1.666364
26-Jan-2025 14:21:11.149,-1.276109,8.190564,0.790087
26-Jan-2025 14:21:11.165,-1.316811,9.244013,-0.433351
26-Jan-2025 14:21:11.181,-0.830788,10.216059,-1.362301
26-Jan-2025 14:21:11.197,-0.70629,10.67814,-0.770933
26-Jan-2025 14:21:11.213,-0.275333,10.455479,0.105345
26-Jan-2025 14:21:11.229,-0.102951,9.751583,0.09098
26-Jan-2025 14:21:11.245,-0.373495,9.16261,-0.227449
26-Jan-2025 14:21:11.261,-0.586579,8.868123,-0.294487
26-Jan-2025 14:21:11.277,-0.316035,8.640674,-0.220267
26-Jan-2025 14:21:11.293,-0.052672,8.420407,-0.280122
26-Jan-2025 14:21:11.309,-0.134075,8.42759,-0.131681
26-Jan-2025 14:21:11.325,-0.502782,8.686164,-0.069432
26-Jan-2025 14:21:11.342,-0.622492,9.090784,-0.222661
26-Jan-2025 14:21:11.358,-0.64404,9.703699,-0.320823
26-Jan-2025 14:21:11.374,-0.699107,10.067618,-0.387861
26-Jan-2025 14:21:11.390,-0.636858,9.895236,-0.497994
26-Jan-2025 14:21:11.406,-0.414197,9.5385,-0.260968
26-Jan-2025 14:21:11.422,-0.19393,9.102755,0.399832
26-Jan-2025 14:21:11.438,0.011971,8.693346,0.811634
26-Jan-2025 14:21:11.454,0.055067,8.63828,0.727837
26-Jan-2025 14:21:11.470,-0.237026,9.227253,0.447716
26-Jan-2025 14:21:11.486,-0.533907,10.405201,0.277727
26-Jan-2025 14:21:11.502,-0.675165,11.566388,-0.397437
26-Jan-2025 14:21:11.518,-0.723049,12.179304,-0.304064
26-Jan-2025 14:21:11.534,-0.536301,11.815386,-0.069432
26-Jan-2025 14:21:11.550,-0.490811,11.358093,0.663194
26-Jan-2025 14:21:11.566,-0.433351,11.403583,1.218649
26-Jan-2025 14:21:11.582,0.296881,11.326968,0.976834
26-Jan-2025 14:21:11.598,1.534683,11.743559,1.831564
26-Jan-2025 14:21:11.614,2.238579,12.01171,1.503559
26-Jan-2025 14:21:11.630,2.169147,11.271901,0.301669
26-Jan-2025 14:21:11.646,1.87466,10.338163,0.620098
26-Jan-2025 14:21:11.663,2.015918,9.303867,1.584962
26-Jan-2025 14:21:11.679,2.03986,8.240842,2.394202
26-Jan-2025 14:21:11.695,2.015918,7.745243,2.339135
26-Jan-2025 14:21:11.711,2.020706,7.905654,1.620875
26-Jan-2025 14:21:11.727,1.742979,8.664616,0.701501
26-Jan-2025 14:21:11.743,1.146823,9.744401,0.258574
26-Jan-2025 14:21:11.759,0.282516,10.824186,0.35913
26-Jan-2025 14:21:11.775,-0.505177,11.384429,0.538695
26-Jan-2025 14:21:11.791,-0.150835,11.080365,0.294487
26-Jan-2025 14:21:11.807,1.000776,10.290278,-0.002394
26-Jan-2025 14:21:11.823,1.860295,9.794679,0.318429
26-Jan-2025 14:21:11.839,2.020706,9.502586,0.550666
26-Jan-2025 14:21:11.855,1.908179,9.299079,0.464475
26-Jan-2025 14:21:11.871,1.637634,9.129091,0.47884
26-Jan-2025 14:21:11.887,1.340753,9.13388,0.423774
26-Jan-2025 14:21:11.903,1.386243,9.409213,-0.21069
26-Jan-2025 14:21:11.919,1.292869,9.667787,-0.691924
26-Jan-2025 14:21:11.935,1.120486,9.569624,-0.512359
26-Jan-2025 14:21:11.951,0.979228,9.406818,-0.270545
26-Jan-2025 14:21:11.967,0.967257,9.414001,-0.399832
26-Jan-2025 14:21:11.984,0.842759,9.548077,-0.751779
26-Jan-2025 14:21:12.000,0.624887,9.818622,-0.627281
26-Jan-2025 14:21:12.016,0.440533,10.043676,-0.292093
26-Jan-2025 14:21:12.032,0.509965,10.129868,-0.337582
26-Jan-2025 14:21:12.048,0.548272,10.357317,-0.624887
26-Jan-2025 14:21:12.064,0.64404,10.862494,-0.220267
26-Jan-2025 14:21:12.080,0.620098,11.314998,-0.272939
26-Jan-2025 14:21:12.096,0.222661,12.346898,0.146046
26-Jan-2025 14:21:12.112,-0.337582,13.333309,-0.191536
26-Jan-2025 14:21:12.128,-0.758962,12.58153,-1.017536
26-Jan-2025 14:21:12.144,-0.641646,10.491392,-0.155623
26-Jan-2025 14:21:12.160,-0.533907,9.248801,1.33357
26-Jan-2025 14:21:12.176,-0.972046,9.081207,1.915361
26-Jan-2025 14:21:12.192,-1.175553,9.030929,1.479617
26-Jan-2025 14:21:12.208,-0.744597,8.74123,0.538695
26-Jan-2025 14:21:12.224,-0.567426,8.14268,0.378284
26-Jan-2025 14:21:12.240,-0.687136,8.271967,1.055843
26-Jan-2025 14:21:12.256,-0.622492,9.188946,1.448492
26-Jan-2025 14:21:12.273,-0.483629,10.620679,1.201889
26-Jan-2025 14:21:12.289,-0.344765,12.105083,0.502782
26-Jan-2025 14:21:12.305,-0.258574,12.236765,-0.143652
26-Jan-2025 14:21:12.321,-0.464475,11.216835,-0.191536
26-Jan-2025 14:21:12.337,-0.696713,10.268731,0.452504
26-Jan-2025 14:21:12.353,-0.861913,9.339781,0.861913
26-Jan-2025 14:21:12.369,-1.005565,8.279149,1.031901
26-Jan-2025 14:21:12.385,-0.842759,7.613562,1.029507
26-Jan-2025 14:21:12.401,-0.596156,7.496245,1.079785
26-Jan-2025 14:21:12.417,-0.701501,7.716512,0.840365
26-Jan-2025 14:21:12.433,-1.146823,8.178593,0.462081
26-Jan-2025 14:21:12.449,-1.575385,8.808268,0.093374
26-Jan-2025 14:21:12.465,-1.529895,9.397242,-0.057461
26-Jan-2025 14:21:12.481,-1.335965,9.811439,-0.040701
26-Jan-2025 14:21:12.497,-1.297657,10.031705,-0.040701
26-Jan-2025 14:21:12.513,-1.39582,10.072407,-0.055067
26-Jan-2025 14:21:12.529,-1.522712,10.0748,-0.153229
26-Jan-2025 14:21:12.545,-1.711854,9.947908,-0.150835
26-Jan-2025 14:21:12.561,-1.719037,9.832987,-0.002394
26-Jan-2025 14:21:12.578,-1.63524,9.713276,0.153229
26-Jan-2025 14:21:12.594,-1.582567,9.519346,-0.050278
26-Jan-2025 14:21:12.610,-1.613692,9.363723,-0.418985
26-Jan-2025 14:21:12.626,-1.699883,9.466674,-0.641646
26-Jan-2025 14:21:12.642,-1.786075,9.751583,-0.737414
26-Jan-2025 14:21:12.658,-1.917756,9.993398,-0.713472
26-Jan-2025 14:21:12.674,-1.867477,10.014946,-0.852336
26-Jan-2025 14:21:12.690,-1.857901,9.904813,-0.890643
26-Jan-2025 14:21:12.706,-2.001553,9.77792,-0.476446
26-Jan-2025 14:21:12.722,-2.109292,9.737218,-0.062249
26-Jan-2025 14:21:12.738,-2.269703,9.888053,-0.196325
26-Jan-2025 14:21:12.754,-2.281674,10.345345,-0.670376
26-Jan-2025 14:21:12.770,-2.104503,11.073183,-0.842759
26-Jan-2025 14:21:12.786,-1.553837,11.3964,-1.04866
26-Jan-2025 14:21:12.802,-1.479617,11.341333,-0.881066
26-Jan-2025 14:21:12.818,-1.616086,11.2312,-0.519542
26-Jan-2025 14:21:12.834,-1.731008,11.075577,-0.438139
26-Jan-2025 14:21:12.850,-1.659182,11.075577,-0.275333
26-Jan-2025 14:21:12.866,-1.51553,10.907983,-0.435745
26-Jan-2025 14:21:12.883,-1.570596,10.948685,-0.390255
26-Jan-2025 14:21:12.899,-1.130063,11.197681,-0.251391
26-Jan-2025 14:21:12.915,-0.565032,11.295844,-0.076614
26-Jan-2025 14:21:12.931,0.241814,11.128249,0.287304
26-Jan-2025 14:21:12.947,1.189918,9.998186,0.368707
26-Jan-2025 14:21:12.963,1.56102,8.777143,0.299275
26-Jan-2025 14:21:12.979,1.647211,7.750031,0.620098
26-Jan-2025 14:21:12.995,1.735796,6.971915,1.374272
26-Jan-2025 14:21:13.011,1.821988,6.873753,1.426944
26-Jan-2025 14:21:13.027,1.448492,7.457938,0.785298
26-Jan-2025 14:21:13.043,0.397437,8.640674,0.160412
26-Jan-2025 14:21:13.059,-1.007959,10.160992,-0.457293
26-Jan-2025 14:21:13.075,-2.238579,11.614272,-0.40462
26-Jan-2025 14:21:13.091,-2.331953,12.291832,0.076614
26-Jan-2025 14:21:13.107,-1.647211,11.894394,-0.277727
26-Jan-2025 14:21:13.123,-0.864307,10.817003,-0.876278
26-Jan-2025 14:21:13.139,-0.062249,9.792285,-1.13964
26-Jan-2025 14:21:13.155,0.459687,9.186552,-0.852336
26-Jan-2025 14:21:13.171,0.395043,8.920795,-0.538695
26-Jan-2025 14:21:13.188,-0.021548,8.908825,-0.339977
26-Jan-2025 14:21:13.204,-0.287304,8.947132,-0.399832
26-Jan-2025 14:21:13.220,-0.428562,8.916007,-0.519542
26-Jan-2025 14:21:13.236,-0.634463,8.856153,-0.636858
26-Jan-2025 14:21:13.252,-0.797269,8.750807,-0.682347
26-Jan-2025 14:21:13.268,-0.926556,8.736442,-0.708684
26-Jan-2025 14:21:13.284,-1.000776,8.90643,-0.612916
26-Jan-2025 14:21:13.300,-0.816423,9.167398,-0.538695
26-Jan-2025 14:21:13.316,-0.497994,9.378088,-0.708684
26-Jan-2025 14:21:13.332,-0.337582,9.528923,-0.821211
26-Jan-2025 14:21:13.348,-0.426168,9.583989,-0.804452
26-Jan-2025 14:21:13.364,-0.493206,9.636662,-0.550666
26-Jan-2025 14:21:13.380,-0.579397,9.619903,-0.667982
26-Jan-2025 14:21:13.396,-0.653617,9.883265,-0.823605
26-Jan-2025 14:21:13.412,-0.656011,10.328587,-0.591368
26-Jan-2025 14:21:13.428,-0.670376,10.635044,-0.476446
26-Jan-2025 14:21:13.444,-0.694318,10.970232,-0.610521
26-Jan-2025 14:21:13.460,-0.818817,11.341333,-0.991199
26-Jan-2025 14:21:13.476,-0.94571,11.63582,-1.170765
26-Jan-2025 14:21:13.492,-1.115698,11.604695,-1.357512
26-Jan-2025 14:21:13.508,-1.381454,12.090718,-0.648829
26-Jan-2025 14:21:13.525,-1.436521,12.804191,0.098162
26-Jan-2025 14:21:13.541,-0.715866,11.942278,-1.058237
26-Jan-2025 14:21:13.557,-0.471658,10.874464,-1.489193
26-Jan-2025 14:21:13.573,-1.393425,10.666168,-0.107739
26-Jan-2025 14:21:13.589,-2.286463,10.896012,1.438915
26-Jan-2025 14:21:13.605,-2.674323,10.96305,1.252167
26-Jan-2025 14:21:13.621,-2.762909,10.395624,0.234632
26-Jan-2025 14:21:13.637,-2.86586,9.476251,0.102951
26-Jan-2025 14:21:13.653,-2.863465,8.525752,0.502782
26-Jan-2025 14:21:13.669,-2.688689,7.702147,1.316811
26-Jan-2025 14:21:13.685,-2.116474,7.335834,2.303222
26-Jan-2025 14:21:13.701,-1.101333,7.366959,2.432509
26-Jan-2025 14:21:13.717,-0.620098,7.711724,1.21386
26-Jan-2025 14:21:13.733,-0.984017,8.322245,0.217872
26-Jan-2025 14:21:13.749,-1.683124,9.14585,-0.047884
26-Jan-2025 14:21:13.765,-2.030283,9.97185,0.344765
26-Jan-2025 14:21:13.781,-1.745373,10.457873,0.610521
26-Jan-2025 14:21:13.797,-1.369483,10.398018,0.217872
26-Jan-2025 14:21:13.813,-1.331176,10.098742,-0.02873
26-Jan-2025 14:21:13.830,-1.338359,9.77792,-0.067038
26-Jan-2025 14:21:13.846,-1.436521,9.358934,0.059855
26-Jan-2025 14:21:13.862,-1.551443,8.99741,0.399832
26-Jan-2025 14:21:13.878,-1.405396,8.851364,0.438139
26-Jan-2025 14:21:13.894,-1.541866,8.92319,0.383072
26-Jan-2025 14:21:13.910,-1.927332,9.157822,-0.002394
26-Jan-2025 14:21:13.926,-1.836353,9.370906,-0.457293
26-Jan-2025 14:21:13.942,-1.537078,9.737218,-0.811634
26-Jan-2025 14:21:13.958,-1.285686,9.976639,-1.005565
26-Jan-2025 14:21:13.974,-1.273715,9.964667,-0.964863
26-Jan-2025 14:21:13.990,-1.316811,9.720459,-0.699107
26-Jan-2025 14:21:14.006,-1.417367,9.349358,-0.356736
26-Jan-2025 14:21:14.022,-1.467646,9.081207,-0.064643
26-Jan-2025 14:21:14.038,-1.414973,8.870518,0.107739
26-Jan-2025 14:21:14.054,-1.362301,8.927979,0.167594
26-Jan-2025 14:21:14.070,-1.412579,9.26556,0.102951
26-Jan-2025 14:21:14.086,-1.47004,9.756371,-0.038307
26-Jan-2025 14:21:14.102,-1.625663,10.323798,-0.323217
26-Jan-2025 14:21:14.118,-1.82917,10.819398,-0.715866
26-Jan-2025 14:21:14.134,-2.015918,10.936713,-0.967257
26-Jan-2025 14:21:14.150,-1.972822,11.118672,-0.64404
26-Jan-2025 14:21:14.167,-1.340753,11.669339,-0.42138
26-Jan-2025 14:21:14.183,-0.617704,11.796232,-0.61531
26-Jan-2025 14:21:14.199,-0.366313,11.827356,-0.299275
26-Jan-2025 14:21:14.215,-0.153229,12.01171,0.158017
26-Jan-2025 14:21:14.231,0.04549,11.68131,0.071826
26-Jan-2025 14:21:14.247,0.062249,10.749966,-0.160412
26-Jan-2025 14:21:14.263,0.002394,9.593566,-0.143652
26-Jan-2025 14:21:14.279,-0.244209,8.808268,0.251391
26-Jan-2025 14:21:14.295,-0.512359,8.475474,0.591368
26-Jan-2025 14:21:14.311,-0.158017,8.355764,0.967257
26-Jan-2025 14:21:14.327,0.720655,8.389283,0.885855
26-Jan-2025 14:21:14.343,1.197101,8.746018,0.296881
26-Jan-2025 14:21:14.359,1.058237,9.476251,-0.064643
26-Jan-2025 14:21:14.375,0.462081,10.010158,-0.225055
26-Jan-2025 14:21:14.391,-0.457293,10.290278,0.110133
26-Jan-2025 14:21:14.407,-1.374272,10.496181,0.220267
26-Jan-2025 14:21:14.423,-1.513135,10.7356,-0.248997
26-Jan-2025 14:21:14.439,-0.969652,10.84334,-0.859518
26-Jan-2025 14:21:14.455,-0.577003,10.642226,-1.031901
26-Jan-2025 14:21:14.472,-0.428562,10.125079,-0.998382
26-Jan-2025 14:21:14.488,-0.380678,9.749189,-0.514753
26-Jan-2025 14:21:14.504,-0.368707,9.497798,-0.117316
26-Jan-2025 14:21:14.520,-0.4956,9.272743,-0.280122
26-Jan-2025 14:21:14.536,-0.720655,9.179369,-0.562637
26-Jan-2025 14:21:14.552,-1.101333,9.088389,-0.548272
26-Jan-2025 14:21:14.568,-1.256956,8.980651,-0.548272
26-Jan-2025 14:21:14.584,-1.23062,9.107543,-0.61531
26-Jan-2025 14:21:14.600,-1.292869,9.41879,-0.488417
26-Jan-2025 14:21:14.616,-1.240196,9.56723,-0.296881
26-Jan-2025 14:21:14.632,-1.089362,9.607931,-0.399832
26-Jan-2025 14:21:14.648,-0.90022,9.605537,-0.363919
26-Jan-2025 14:21:14.664,-0.785298,9.545682,-0.265756
26-Jan-2025 14:21:14.680,-0.797269,9.512163,-0.371101
26-Jan-2025 14:21:14.696,-1.067814,9.665392,-0.339977
26-Jan-2025 14:21:14.712,-1.276109,9.888053,-0.371101
26-Jan-2025 14:21:14.728,-1.278504,10.184934,-0.555455
26-Jan-2025 14:21:14.744,-1.364695,10.426748,-0.749385
26-Jan-2025 14:21:14.760,-1.584962,10.496181,-0.88346
26-Jan-2025 14:21:14.777,-1.625663,10.409989,-0.979228
26-Jan-2025 14:21:14.793,-1.70946,10.323798,-0.691924
26-Jan-2025 14:21:14.809,-1.94888,10.534488,0.28491
26-Jan-2025 14:21:14.825,-2.08535,11.197681,0.792481
26-Jan-2025 14:21:14.841,-2.212242,11.329363,-0.519542
26-Jan-2025 14:21:14.857,-2.571373,10.675745,-1.063026
26-Jan-2025 14:21:14.873,-2.89459,10.043676,0.232238
26-Jan-2025 14:21:14.889,-3.107674,9.684546,1.651999
26-Jan-2025 14:21:14.905,-3.246537,9.634268,1.716643
26-Jan-2025 14:21:14.921,-3.148375,9.749189,1.04866
26-Jan-2025 14:21:14.937,-2.808398,9.900024,0.605733
26-Jan-2025 14:21:14.953,-2.293645,9.92636,0.612916
26-Jan-2025 14:21:14.969,-1.812411,9.832987,1.034295
26-Jan-2025 14:21:14.985,-1.45328,9.52174,1.467646
26-Jan-2025 14:21:15.001,-1.223437,9.19134,1.78368
26-Jan-2025 14:21:15.017,-1.328782,9.196129,1.939303
26-Jan-2025 14:21:15.033,-1.716643,9.49301,1.719037
26-Jan-2025 14:21:15.049,-2.27928,9.856929,0.926556
26-Jan-2025 14:21:15.065,-2.853889,9.986216,0.02873
26-Jan-2025 14:21:15.081,-3.090914,9.821015,-0.411803
26-Jan-2025 14:21:15.098,-2.798822,9.569624,0.057461
26-Jan-2025 14:21:15.114,-2.430115,9.25359,0.905008
26-Jan-2025 14:21:15.130,-1.984793,8.736442,1.06542
26-Jan-2025 14:21:15.146,-2.018312,8.48984,1.173159
26-Jan-2025 14:21:15.162,-2.226608,8.633492,0.991199
26-Jan-2025 14:21:15.178,-2.449268,9.16261,0.445322
26-Jan-2025 14:21:15.194,-2.559402,9.770737,-0.246603
26-Jan-2025 14:21:15.210,-2.72939,10.457873,-0.452504
26-Jan-2025 14:21:15.226,-2.899378,10.869676,-0.196325
26-Jan-2025 14:21:15.242,-2.889802,10.848128,0.277727
26-Jan-2025 14:21:15.258,-2.688689,10.560823,0.497994
26-Jan-2025 14:21:15.274,-2.487576,10.263943,0.471658
26-Jan-2025 14:21:15.290,-2.511518,9.89763,0.184354
26-Jan-2025 14:21:15.306,-2.578555,9.569624,-0.064643
26-Jan-2025 14:21:15.322,-2.525883,9.368511,-0.172383
26-Jan-2025 14:21:15.338,-2.269703,9.23683,-0.215478
26-Jan-2025 14:21:15.354,-2.066196,9.248801,-0.129287
26-Jan-2025 14:21:15.370,-1.896208,9.299079,-0.016759
26-Jan-2025 14:21:15.386,-1.695095,9.366117,0.047884
26-Jan-2025 14:21:15.402,-1.582567,9.394848,-0.162806
26-Jan-2025 14:21:15.418,-1.853112,9.445126,-0.385466
26-Jan-2025 14:21:15.435,-1.869871,9.358934,-0.505177
26-Jan-2025 14:21:15.451,-1.666364,9.619903,-0.37589
26-Jan-2025 14:21:15.467,-1.189918,10.002975,-0.493206
26-Jan-2025 14:21:15.483,-0.677559,9.835381,-0.986411
26-Jan-2025 14:21:15.499,-0.938527,9.744401,-0.593762
26-Jan-2025 14:21:15.515,-1.266533,9.986216,-0.146046
26-Jan-2025 14:21:15.531,-1.278504,10.323798,-0.217872
26-Jan-2025 14:21:15.547,-0.967257,10.481815,-0.466869
26-Jan-2025 14:21:15.563,-0.402226,10.307038,-0.679953
26-Jan-2025 14:21:15.579,0,9.856929,-0.560243
26-Jan-2025 14:21:15.595,0.181959,9.440337,-0.222661
26-Jan-2025 14:21:15.611,0.114922,9.215282,0.110133
26-Jan-2025 14:21:15.627,0.11971,9.100361,-0.011971
26-Jan-2025 14:21:15.643,0.318429,8.911219,-0.150835
26-Jan-2025 14:21:15.659,0.61531,8.901642,-0.136469
26-Jan-2025 14:21:15.675,0.876278,9.337387,0.079009
26-Jan-2025 14:21:15.691,0.833182,10.321404,-0.011971
26-Jan-2025 14:21:15.707,0.385466,11.336545,-0.648829
26-Jan-2025 14:21:15.723,-0.19393,11.645397,-1.204283
26-Jan-2025 14:21:15.740,-0.481235,11.09473,-0.972046
26-Jan-2025 14:21:15.756,-0.179565,10.414778,-0.392649
26-Jan-2025 14:21:15.772,0.390255,10.060435,-0.158017
26-Jan-2025 14:21:15.788,0.837971,9.844957,-0.440533
26-Jan-2025 14:21:15.804,0.960075,9.639056,-0.679953
26-Jan-2025 14:21:15.820,0.926556,9.500193,-0.593762
26-Jan-2025 14:21:15.836,0.746991,9.409213,-0.608127
26-Jan-2025 14:21:15.852,0.438139,9.380483,-0.684742
26-Jan-2025 14:21:15.868,0.234632,9.361329,-0.737414
26-Jan-2025 14:21:15.884,0.083797,9.323022,-0.804452
26-Jan-2025 14:21:15.900,0.064643,9.303867,-0.754174
26-Jan-2025 14:21:15.916,0.114922,9.423578,-0.691924
26-Jan-2025 14:21:15.932,0.181959,9.572019,-0.596156
26-Jan-2025 14:21:15.948,0.275333,9.560047,-0.670376
26-Jan-2025 14:21:15.964,0.277727,9.445126,-0.703895
26-Jan-2025 14:21:15.980,0.486023,9.366117,-0.787692
26-Jan-2025 14:21:15.996,0.608127,9.437943,-0.59855
26-Jan-2025 14:21:16.012,0.73502,9.473856,-0.572214
26-Jan-2025 14:21:16.028,0.859518,9.459491,-0.646434
26-Jan-2025 14:21:16.045,0.909797,9.61272,-0.701501
26-Jan-2025 14:21:16.061,0.792481,9.952697,-0.691924
26-Jan-2025 14:21:16.077,0.536301,10.232818,-0.835576
26-Jan-2025 14:21:16.093,0.466869,10.539276,-0.605733
26-Jan-2025 14:21:16.109,0.665588,10.939108,-0.292093
26-Jan-2025 14:21:16.125,0.761356,11.379641,-0.356736
26-Jan-2025 14:21:16.141,0.730232,11.832145,-0.529119
26-Jan-2025 14:21:16.157,0.629675,11.987768,-0.677559
26-Jan-2025 14:21:16.173,0.603339,11.884817,-0.579397
26-Jan-2025 14:21:16.189,0.471658,11.973403,-0.102951
26-Jan-2025 14:21:16.205,0.191536,12.952631,0.840365
26-Jan-2025 14:21:16.221,-0.191536,13.843274,1.055843
26-Jan-2025 14:21:16.237,-0.464475,13.172897,0.701501
26-Jan-2025 14:21:16.253,-0.701501,11.5616,1.029507
26-Jan-2025 14:21:16.269,-1.01993,10.254366,1.934515
26-Jan-2025 14:21:16.285,-1.098939,9.088389,2.293645
26-Jan-2025 14:21:16.301,-2.190695,8.271967,2.403779
26-Jan-2025 14:21:16.317,-2.056619,7.879318,2.327164
26-Jan-2025 14:21:16.333,-1.288081,7.838616,1.740585
26-Jan-2025 14:21:16.350,-0.509965,8.046912,0.56982
26-Jan-2025 14:21:16.366,-0.155623,8.432379,-0.002394
26-Jan-2025 14:21:16.382,-0.196325,8.702923,0.107739
26-Jan-2025 14:21:16.398,-0.158017,8.947132,0.100556
26-Jan-2025 14:21:16.414,0.454898,9.315839,-0.124498
26-Jan-2025 14:21:16.430,1.328782,9.569624,0.11971
26-Jan-2025 14:21:16.446,1.434127,9.516952,0.253785
26-Jan-2025 14:21:16.462,0.852336,9.246407,-0.117316
26-Jan-2025 14:21:16.478,0.588974,8.832211,-0.059855
26-Jan-2025 14:21:16.493,0.526724,8.595184,-0.011971
26-Jan-2025 14:21:16.510,0.507571,8.647857,-0.057461
26-Jan-2025 14:21:16.526,0.454898,8.7125,-0.287304
26-Jan-2025 14:21:16.542,0.4956,8.951921,-0.311246
26-Jan-2025 14:21:16.558,0.531513,9.442732,-0.35913
26-Jan-2025 14:21:16.574,0.701501,10.06283,-0.579397
26-Jan-2025 14:21:16.590,0.737414,10.54167,-0.90022
26-Jan-2025 14:21:16.606,0.490811,10.654198,-0.88346
26-Jan-2025 14:21:16.622,0.464475,10.333375,-0.514753
26-Jan-2025 14:21:16.638,0.567426,9.765948,-0.347159
26-Jan-2025 14:21:16.655,0.550666,9.251195,-0.186748
26-Jan-2025 14:21:16.671,0.725443,9.028535,-0.064643
26-Jan-2025 14:21:16.687,0.76375,9.121908,0.095768
26-Jan-2025 14:21:16.703,0.667982,9.603143,0.107739
26-Jan-2025 14:21:16.719,0.54109,10.115502,-0.093374
26-Jan-2025 14:21:16.735,0.289698,10.472239,-0.325611
26-Jan-2025 14:21:16.751,0.095768,10.852917,-0.452504
26-Jan-2025 14:21:16.767,0.011971,11.597513,-0.23942
26-Jan-2025 14:21:16.783,-0.105345,11.674128,-0.507571
26-Jan-2025 14:21:16.799,0.237026,10.900801,-0.916979
26-Jan-2025 14:21:16.814,0.85473,10.287885,-0.3304
26-Jan-2025 14:21:16.831,1.484405,10.144233,0.715866
26-Jan-2025 14:21:16.847,1.790863,10.453085,1.173159
26-Jan-2025 14:21:16.863,1.295263,10.730812,1.072602
26-Jan-2025 14:21:16.879,0.80924,10.548853,0.129287
26-Jan-2025 14:21:16.895,0.984017,9.995792,-0.459687
26-Jan-2025 14:21:16.911,1.58975,9.349358,-0.105345
26-Jan-2025 14:21:16.927,1.910573,8.90643,1.012747
26-Jan-2025 14:21:16.943,1.891419,8.892065,1.187524
26-Jan-2025 14:21:16.959,1.742979,9.277532,0.332794
26-Jan-2025 14:21:16.976,1.33357,10.026917,-0.727837
26-Jan-2025 14:21:16.992,1.010353,10.81461,-1.209072
26-Jan-2025 14:21:17.008,0.711078,10.81461,-0.76375
26-Jan-2025 14:21:17.024,0.490811,9.866506,-0.217872
26-Jan-2025 14:21:17.040,0.304064,8.963891,-0.110133
26-Jan-2025 14:21:17.056,0.25618,8.389283,-0.337582
26-Jan-2025 14:21:17.072,0.306458,7.915231,-0.538695
26-Jan-2025 14:21:17.088,0.447716,7.764396,-0.445322
26-Jan-2025 14:21:17.104,0.526724,7.955932,-0.538695
26-Jan-2025 14:21:17.120,0.517148,8.465898,-0.6608
26-Jan-2025 14:21:17.136,0.433351,9.009381,-0.737414
26-Jan-2025 14:21:17.152,0.368707,9.414001,-1.082179
26-Jan-2025 14:21:17.168,0.361524,10.058042,-1.33357
26-Jan-2025 14:21:17.184,0.217872,10.589554,-1.661576
26-Jan-2025 14:21:17.200,0.162806,10.896012,-1.556231
26-Jan-2025 14:21:17.216,0.497994,10.45069,0.100556
26-Jan-2025 14:21:17.232,0.344765,11.042058,-0.064643
26-Jan-2025 14:21:17.248,-0.126893,11.066,-0.59855
26-Jan-2025 14:21:17.264,-0.141258,10.927136,-0.924162
26-Jan-2025 14:21:17.280,0.079009,10.723629,-0.866701
26-Jan-2025 14:21:17.297,0.143652,10.656591,-0.814029
26-Jan-2025 14:21:17.313,-0.04549,10.800244,-1.273715
26-Jan-2025 14:21:17.329,0.023942,11.061212,-1.611298
26-Jan-2025 14:21:17.345,-0.148441,11.664551,-0.823605
26-Jan-2025 14:21:17.361,-0.227449,12.121843,-0.512359
26-Jan-2025 14:21:17.377,-0.490811,11.777079,-1.458069
26-Jan-2025 14:21:17.393,-1.09415,11.216835,-1.252167
26-Jan-2025 14:21:17.409,-1.575385,10.78109,-0.380678
26-Jan-2025 14:21:17.425,-2.066196,10.596737,0.263362
26-Jan-2025 14:21:17.441,-2.647987,10.510546,0.380678
26-Jan-2025 14:21:17.457,-3.019088,10.18254,0.136469
26-Jan-2025 14:21:17.473,-2.904167,9.526528,-0.19393
26-Jan-2025 14:21:17.489,-2.731784,8.875306,-0.081403
26-Jan-2025 14:21:17.505,-2.645593,8.054094,0.423774
26-Jan-2025 14:21:17.521,-2.202666,7.381324,0.952892
26-Jan-2025 14:21:17.537,-1.836353,7.180211,1.091756
26-Jan-2025 14:21:17.553,-1.726219,7.848193,1.151611
26-Jan-2025 14:21:17.569,-1.537078,8.573636,0.636858
26-Jan-2025 14:21:17.585,-1.271321,9.284714,-0.019154
26-Jan-2025 14:21:17.601,-1.113304,9.840169,-0.550666
26-Jan-2025 14:21:17.618,-1.359907,10.204087,-0.253785
26-Jan-2025 14:21:17.634,-1.364695,10.228029,0.124498
26-Jan-2025 14:21:17.650,-1.501164,9.902418,0.56982
26-Jan-2025 14:21:17.666,-1.434127,9.483433,0.533907
26-Jan-2025 14:21:17.682,-1.233014,8.992621,0.026336
26-Jan-2025 14:21:17.698,-1.084573,8.734048,-0.349553
26-Jan-2025 14:21:17.714,-0.866701,8.698134,-0.423774
26-Jan-2025 14:21:17.730,-0.991199,8.851364,-0.411803
26-Jan-2025 14:21:17.746,-1.228225,9.076419,-0.086191
26-Jan-2025 14:21:17.762,-1.204283,9.588778,-0.138864
26-Jan-2025 14:21:17.778,-1.371878,9.832987,-0.557849
26-Jan-2025 14:21:17.794,-1.142034,10.086772,-0.169988
26-Jan-2025 14:21:17.810,-0.988805,10.050858,-0.141258
26-Jan-2025 14:21:17.826,-0.962469,9.832987,-0.433351
26-Jan-2025 14:21:17.842,-0.972046,9.56723,-0.675165
26-Jan-2025 14:21:17.858,-1.096544,9.378088,-0.198719
26-Jan-2025 14:21:17.874,-1.16837,9.19134,0.260968
26-Jan-2025 14:21:17.890,-1.106121,9.3733,0.562637
26-Jan-2025 14:21:17.906,-0.926556,9.928755,0.064643
26-Jan-2025 14:21:17.922,-1.039083,10.694899,-0.35913
26-Jan-2025 14:21:17.939,-1.151611,11.228806,-0.586579
26-Jan-2025 14:21:17.955,-0.998382,11.221623,-0.486023
26-Jan-2025 14:21:17.971,-0.797269,11.08276,0.134075
26-Jan-2025 14:21:17.987,-0.481235,11.382035,0.42138
26-Jan-2025 14:21:18.003,0.052672,11.678916,0.337582
26-Jan-2025 14:21:18.019,0.442927,12.117055,0.050278
26-Jan-2025 14:21:18.035,-0.294487,12.732365,-0.021548
26-Jan-2025 14:21:18.051,0.691924,13.010092,0.248997
26-Jan-2025 14:21:18.067,-0.047884,11.374852,0.3304
26-Jan-2025 14:21:18.083,-0.138864,10.084377,0.785298
26-Jan-2025 14:21:18.099,0.081403,9.184157,1.120486
26-Jan-2025 14:21:18.115,0.076614,8.360553,0.897826
26-Jan-2025 14:21:18.131,0.186748,7.611167,0.667982
26-Jan-2025 14:21:18.147,0.672771,7.029376,1.029507
26-Jan-2025 14:21:18.163,1.407791,6.687006,1.529895
26-Jan-2025 14:21:18.180,1.719037,6.981492,1.51553
26-Jan-2025 14:21:18.196,1.288081,8.164227,1.022324
26-Jan-2025 14:21:18.212,0.600945,9.952697,0.294487
26-Jan-2025 14:21:18.228,-0.486023,11.925519,-0.667982
26-Jan-2025 14:21:18.244,-2.008735,12.533646,-0.684742
26-Jan-2025 14:21:18.260,-2.525883,11.439496,0.153229
26-Jan-2025 14:21:18.276,-1.714248,10.170568,0.550666
26-Jan-2025 14:21:18.292,-0.826,9.821015,0.591368
26-Jan-2025 14:21:18.308,-0.21069,10.0748,0.430956
26-Jan-2025 14:21:18.324,0.095768,10.290278,0.040701
26-Jan-2025 14:21:18.340,0.304064,10.13705,-0.191536
26-Jan-2025 14:21:18.356,0.399832,9.763555,0.02873
26-Jan-2025 14:21:18.372,0.361524,9.380483,0.378284
26-Jan-2025 14:21:18.388,0.093374,8.916007,0.397437
26-Jan-2025 14:21:18.404,-0.347159,8.492233,0.083797
26-Jan-2025 14:21:18.420,-0.967257,8.42759,-1.00317
26-Jan-2025 14:21:18.436,-1.556231,8.628703,0.052672
26-Jan-2025 14:21:18.452,-1.134852,9.380483,-0.148441
26-Jan-2025 14:21:18.468,-0.464475,9.837775,-0.699107
26-Jan-2025 14:21:18.485,0.150835,9.92636,-0.423774
26-Jan-2025 14:21:18.501,0.610521,9.840169,0.287304
26-Jan-2025 14:21:18.517,0.85473,9.753978,0.486023
26-Jan-2025 14:21:18.533,0.531513,9.674969,0.217872
26-Jan-2025 14:21:18.549,0.019154,9.617508,0.023942
26-Jan-2025 14:21:18.565,-0.323217,9.835381,0.131681
26-Jan-2025 14:21:18.581,-0.538695,10.172963,0.026336
26-Jan-2025 14:21:18.597,-0.766145,10.647015,-0.428562
26-Jan-2025 14:21:18.613,-0.943315,11.243171,-0.418985
26-Jan-2025 14:21:18.629,-1.180341,11.240777,-0.208296
26-Jan-2025 14:21:18.645,-1.400608,11.113884,0.107739
26-Jan-2025 14:21:18.661,-1.438915,11.592725,0.802058
26-Jan-2025 14:21:18.677,-0.847547,12.083536,0.600945
26-Jan-2025 14:21:18.693,-1.036689,12.480973,0.481235
26-Jan-2025 14:21:18.709,-1.766921,12.974179,0.04549
26-Jan-2025 14:21:18.725,-2.561796,13.065159,-0.011971
26-Jan-2025 14:21:18.741,-3.150769,12.028469,0.778116
26-Jan-2025 14:21:18.757,-3.045424,10.335769,1.079785
26-Jan-2025 14:21:18.774,-2.602497,9.01417,0.68953
26-Jan-2025 14:21:18.790,-2.477999,8.133103,0.943315
26-Jan-2025 14:21:18.806,-2.726996,7.465121,1.807622
26-Jan-2025 14:21:18.822,-2.920926,6.880936,2.173935
26-Jan-2025 14:21:18.838,-2.832341,6.636727,1.980005
26-Jan-2025 14:21:18.854,-2.65517,7.062895,1.941698
26-Jan-2025 14:21:18.870,-2.257732,7.989451,1.30484
26-Jan-2025 14:21:18.886,-1.33357,9.880871,0.112527
26-Jan-2025 14:21:18.902,-1.132457,11.530476,-0.639252
26-Jan-2025 14:21:18.918,-1.960851,11.851298,-0.100556
26-Jan-2025 14:21:18.934,-2.080561,10.589554,0.337582
26-Jan-2025 14:21:18.950,-1.850718,9.406818,0.572214
26-Jan-2025 14:21:18.966,-1.673547,8.66701,0.493206
26-Jan-2025 14:21:18.982,-1.685518,8.379706,-0.069432
26-Jan-2025 14:21:18.998,-1.381454,8.025364,-0.203507
26-Jan-2025 14:21:19.014,-1.314417,7.620744,-0.253785
26-Jan-2025 14:21:19.030,-1.654393,7.639898,-0.225055
26-Jan-2025 14:21:19.046,-1.551443,7.747637,-0.100556
26-Jan-2025 14:21:19.062,-1.532289,8.47308,-0.292093
26-Jan-2025 14:21:19.079,-1.549049,9.363723,-0.723049
26-Jan-2025 14:21:19.095,-1.553837,10.196905,-0.830788
26-Jan-2025 14:21:19.111,-1.496376,10.685322,-0.550666
26-Jan-2025 14:21:19.127,-1.448492,10.670957,-0.117316
26-Jan-2025 14:21:19.143,-1.314417,10.053253,0.043096
26-Jan-2025 14:21:19.159,-1.034295,9.514558,0.304064
26-Jan-2025 14:21:19.175,-1.000776,9.318233,0.35913
26-Jan-2025 14:21:19.191,-1.225831,9.557653,0.325611
26-Jan-2025 14:21:19.207,-1.316811,10.09156,0.387861
26-Jan-2025 14:21:19.223,-1.122881,10.85531,0.426168
26-Jan-2025 14:21:19.239,-1.079785,11.604695,0.23942
26-Jan-2025 14:21:19.255,-1.338359,12.270284,0.02873
26-Jan-2025 14:21:19.271,-1.766921,12.768278,-0.174777
26-Jan-2025 14:21:19.287,-1.889025,12.789825,0.107739
26-Jan-2025 14:21:19.303,-1.182736,11.997345,0.4956
26-Jan-2025 14:21:19.319,-0.31364,11.559206,1.015141
26-Jan-2025 14:21:19.335,0.177171,11.540052,1.216254
26-Jan-2025 14:21:19.351,0.428562,11.477803,1.417367
26-Jan-2025 14:21:19.367,0.605733,10.934319,1.319205
26-Jan-2025 14:21:19.384,0.790087,10.113108,1.017536
26-Jan-2025 14:21:19.400,0.871489,9.26556,1.084573
26-Jan-2025 14:21:19.416,1.034295,8.480263,1.80044
26-Jan-2025 14:21:19.432,1.319205,7.793127,2.171541
26-Jan-2025 14:21:19.448,1.199495,6.761226,1.984793
26-Jan-2025 14:21:19.464,1.223437,8.116343,0.895431
26-Jan-2025 14:21:19.480,0.095768,8.626308,0.984017
26-Jan-2025 14:21:19.496,-1.122881,8.935161,-0.172383
26-Jan-2025 14:21:19.512,-1.824382,9.301474,-0.385466
26-Jan-2025 14:21:19.528,-1.671153,10.103531,-0.040701
26-Jan-2025 14:21:19.544,-0.80924,10.821792,-0.311246
26-Jan-2025 14:21:19.560,-0.167594,10.831368,-0.560243
26-Jan-2025 14:21:19.576,0.112527,10.220847,-0.579397
26-Jan-2025 14:21:19.592,0.110133,9.399636,-0.42138
26-Jan-2025 14:21:19.608,0.047884,8.805874,-0.181959
26-Jan-2025 14:21:19.624,0.093374,8.774749,0.019154
26-Jan-2025 14:21:19.640,0.083797,8.983045,-0.11971
26-Jan-2025 14:21:19.656,0.179565,9.148245,-0.476446
26-Jan-2025 14:21:19.672,0.275333,9.299079,-0.672771
26-Jan-2025 14:21:19.689,0.258574,9.318233,-0.727837
26-Jan-2025 14:21:19.705,0.213084,9.279925,-0.833182
26-Jan-2025 14:21:19.721,0.277727,9.248801,-0.897826
26-Jan-2025 14:21:19.737,0.402226,9.258378,-0.823605
26-Jan-2025 14:21:19.753,0.387861,9.313444,-0.699107
26-Jan-2025 14:21:19.769,0.292093,9.452309,-0.543484
26-Jan-2025 14:21:19.785,0.148441,9.636662,-0.304064
26-Jan-2025 14:21:19.801,0.09098,9.753978,-0.117316
26-Jan-2025 14:21:19.817,-0.079009,9.976639,-0.09098
26-Jan-2025 14:21:19.833,-0.215478,10.405201,-0.383072
26-Jan-2025 14:21:19.849,-0.246603,11.073183,-0.665588
26-Jan-2025 14:21:19.865,-0.395043,11.686098,-0.94571
26-Jan-2025 14:21:19.881,-0.447716,11.932701,-0.984017
26-Jan-2025 14:21:19.897,-0.490811,12.823344,0.584185
26-Jan-2025 14:21:19.913,-0.548272,14.03481,0.59855
26-Jan-2025 14:21:19.929,-0.80924,14.140155,-0.725443
26-Jan-2025 14:21:19.945,-1.264138,13.292608,-0.02873
26-Jan-2025 14:21:19.961,-1.443704,11.884817,2.056619
26-Jan-2025 14:21:19.978,-1.654393,10.599131,2.885013
26-Jan-2025 14:21:19.994,-1.934515,9.684546,2.015918
26-Jan-2025 14:21:20.010,-2.059013,8.966286,0.64404
26-Jan-2025 14:21:20.026,-1.980005,8.23366,0.083797
26-Jan-2025 14:21:20.042,-1.80044,7.781156,1.163582
26-Jan-2025 14:21:20.058,-1.209072,7.750031,2.310405
26-Jan-2025 14:21:20.074,-0.852336,7.809886,1.898602
26-Jan-2025 14:21:20.090,-1.070208,8.015787,1.18513
26-Jan-2025 14:21:20.106,-1.158794,8.425196,0.124498
26-Jan-2025 14:21:20.122,-0.646434,9.064447,-0.440533
26-Jan-2025 14:21:20.138,-0.076614,9.677363,-0.004788
26-Jan-2025 14:21:20.154,-0.124498,9.742006,0.490811
26-Jan-2025 14:21:20.170,-0.002394,9.600749,0.490811
26-Jan-2025 14:21:20.186,-0.095768,9.548077,-0.057461
26-Jan-2025 14:21:20.202,-0.282516,9.488221,-0.392649
26-Jan-2025 14:21:20.218,-0.229843,9.330204,-0.505177
26-Jan-2025 14:21:20.234,0.014365,9.109938,-0.162806
26-Jan-2025 14:21:20.250,0.019154,8.583213,0.277727
26-Jan-2025 14:21:20.267,-0.007183,8.408437,0.416591
26-Jan-2025 14:21:20.283,-0.016759,8.647857,0.134075
26-Jan-2025 14:21:20.299,0.057461,9.208099,-0.426168
26-Jan-2025 14:21:20.315,0.146046,9.576807,-0.687136
26-Jan-2025 14:21:20.331,0.351948,9.753978,-0.826
26-Jan-2025 14:21:20.347,0.368707,10.048465,-0.636858
26-Jan-2025 14:21:20.363,0.258574,10.113108,-0.658405
26-Jan-2025 14:21:20.379,0.050278,9.67018,-1.046266
26-Jan-2025 14:21:20.395,-0.153229,8.901642,-1.254562
26-Jan-2025 14:21:20.411,-0.241814,8.578424,-0.632069
26-Jan-2025 14:21:20.427,-0.169988,8.74123,0.177171
26-Jan-2025 14:21:20.443,-0.035913,9.109938,0.40462
26-Jan-2025 14:21:20.459,0.430956,9.931149,-0.098162
26-Jan-2025 14:21:20.475,0.758962,11.025299,-0.969652
26-Jan-2025 14:21:20.491,0.110133,11.329363,-1.625663
26-Jan-2025 14:21:20.507,-0.332794,10.831368,-0.897826
26-Jan-2025 14:21:20.523,0.052672,10.125079,0.320823
26-Jan-2025 14:21:20.539,0.641646,10.254366,1.247379
26-Jan-2025 14:21:20.555,1.386243,11.822568,1.467646
26-Jan-2025 14:21:20.572,1.896208,13.900735,0.85473
26-Jan-2025 14:21:20.588,1.465251,15.284584,0.505177
26-Jan-2025 14:21:20.604,0.562637,12.780249,1.039083
26-Jan-2025 14:21:20.620,1.493982,10.335769,1.747767
26-Jan-2025 14:21:20.636,2.358289,9.969456,2.161964
26-Jan-2025 14:21:20.652,2.377442,9.950302,2.549825
26-Jan-2025 14:21:20.668,2.288857,9.991004,1.716643
26-Jan-2025 14:21:20.684,1.963245,9.979033,0.47884
26-Jan-2025 14:21:20.700,1.194707,10.026917,-0.059855
26-Jan-2025 14:21:20.716,0.311246,9.785102,0.265756
26-Jan-2025 14:21:20.732,-0.126893,9.263166,0.905008
26-Jan-2025 14:21:20.748,-0.162806,8.590396,1.376666
26-Jan-2025 14:21:20.764,0.174777,7.946355,1.022324
26-Jan-2025 14:21:20.780,0.68953,7.539341,0.205901
26-Jan-2025 14:21:20.796,1.165976,7.52737,-0.016759
26-Jan-2025 14:21:20.812,1.362301,7.70933,0.447716
26-Jan-2025 14:21:20.828,1.414973,8.090008,0.514753
26-Jan-2025 14:21:20.844,1.338359,8.633492,0.351948
26-Jan-2025 14:21:20.860,1.285686,9.066842,0.150835
26-Jan-2025 14:21:20.876,1.283292,9.442732,0.064643
26-Jan-2025 14:21:20.893,1.364695,9.77792,0.196325
26-Jan-2025 14:21:20.909,1.49877,10.175357,0.098162
26-Jan-2025 14:21:20.925,1.623269,10.455479,-0.423774
26-Jan-2025 14:21:20.941,1.450886,10.364499,-0.960075
26-Jan-2025 14:21:20.957,1.316811,10.149021,-0.964863
26-Jan-2025 14:21:20.973,1.312023,10.077195,-0.553061
26-Jan-2025 14:21:20.989,1.252167,9.945514,-0.488417
26-Jan-2025 14:21:21.005,1.209072,9.639056,-0.720655
26-Jan-2025 14:21:21.021,1.177947,9.275137,-0.730232
26-Jan-2025 14:21:21.037,1.201889,9.26556,-0.203507
26-Jan-2025 14:21:21.053,0.861913,9.528923,-0.265756
26-Jan-2025 14:21:21.069,0.459687,9.883265,-0.986411
26-Jan-2025 14:21:21.085,0.059855,10.620679,-1.520318
26-Jan-2025 14:21:21.101,-0.134075,11.243171,-1.362301
26-Jan-2025 14:21:21.117,-0.153229,11.595119,-0.646434
26-Jan-2025 14:21:21.133,0.064643,13.160927,1.053449
26-Jan-2025 14:21:21.149,-0.086191,14.508862,0.823605
26-Jan-2025 14:21:21.165,-0.684742,14.089877,0.158017
26-Jan-2025 14:21:21.181,-1.101333,12.835316,1.237802
26-Jan-2025 14:21:21.197,-1.35033,11.51611,2.135628
26-Jan-2025 14:21:21.213,-1.323994,10.405201,1.968034
26-Jan-2025 14:21:21.230,-1.338359,9.552865,1.235408
26-Jan-2025 14:21:21.246,-1.182736,8.657434,0.950498
26-Jan-2025 14:21:21.262,-0.773327,8.051701,2.056619
26-Jan-2025 14:21:21.278,-0.344765,7.838616,3.038242
26-Jan-2025 14:21:21.294,-0.181959,7.795521,2.858677
26-Jan-2025 14:21:21.310,-0.339977,8.073248,2.193089
26-Jan-2025 14:21:21.326,-0.620098,8.746018,1.13964
26-Jan-2025 14:21:21.342,-0.292093,9.916783,0.342371
26-Jan-2025 14:21:21.358,0.600945,11.09473,0.430956
26-Jan-2025 14:21:21.374,0.821211,11.341333,0.845153
26-Jan-2025 14:21:21.390,0.086191,10.7356,0.605733
26-Jan-2025 14:21:21.406,-0.775721,10.15381,0.227449
26-Jan-2025 14:21:21.422,-1.144428,9.583989,0.031125
26-Jan-2025 14:21:21.438,-0.852336,8.918402,0.064643
26-Jan-2025 14:21:21.454,-0.095768,8.468291,0.277727
26-Jan-2025 14:21:21.470,0.543484,8.339005,0.440533
26-Jan-2025 14:21:21.486,0.778116,8.549694,0.562637
26-Jan-2025 14:21:21.502,0.452504,8.791509,0.229843
26-Jan-2025 14:21:21.518,0.136469,8.973468,-0.25618
26-Jan-2025 14:21:21.534,-0.064643,9.090784,-0.517148
26-Jan-2025 14:21:21.550,-0.11971,9.205706,-0.567426
26-Jan-2025 14:21:21.567,0.105345,9.622296,-0.270545
26-Jan-2025 14:21:21.583,0.423774,10.237606,0.076614
26-Jan-2025 14:21:21.599,0.296881,10.426748,-0.548272
26-Jan-2025 14:21:21.615,-0.050278,10.321404,-0.567426
26-Jan-2025 14:21:21.631,-0.198719,10.019734,-0.718261
26-Jan-2025 14:21:21.647,-0.179565,9.581595,-0.871489
26-Jan-2025 14:21:21.663,-0.191536,9.186552,-0.857124
26-Jan-2025 14:21:21.679,-0.050278,8.937555,-0.667982
26-Jan-2025 14:21:21.695,0.11971,8.825027,-0.548272
26-Jan-2025 14:21:21.711,0.138864,8.968679,-0.639252
26-Jan-2025 14:21:21.727,0.205901,9.399636,-0.54109
26-Jan-2025 14:21:21.743,0.04549,9.794679,-0.354342
26-Jan-2025 14:21:21.759,-0.306458,10.105926,-0.52433
26-Jan-2025 14:21:21.775,-0.749385,10.620679,-0.782904
26-Jan-2025 14:21:21.791,-1.046266,11.180922,-1.113304
26-Jan-2025 14:21:21.807,-1.309628,11.722012,-1.359907
26-Jan-2025 14:21:21.823,-1.091756,12.174516,-0.878672
26-Jan-2025 14:21:21.839,0.04549,12.030864,-0.112527
26-Jan-2025 14:21:21.855,1.192312,11.358093,0.31364
26-Jan-2025 14:21:21.871,1.707066,11.106702,0.691924
26-Jan-2025 14:21:21.887,1.84593,10.986992,1.055843
26-Jan-2025 14:21:21.904,1.917756,10.697293,0.979228
26-Jan-2025 14:21:21.920,2.030283,10.213664,0.371101
26-Jan-2025 14:21:21.936,2.13084,9.763555,0.222661
26-Jan-2025 14:21:21.952,2.255338,9.516952,0.821211
26-Jan-2025 14:21:21.968,2.288857,9.457097,1.115698
26-Jan-2025 14:21:21.984,2.032677,9.636662,0.560243
26-Jan-2025 14:21:22.000,1.592144,9.828198,-0.179565
26-Jan-2025 14:21:22.016,1.371878,9.591172,-0.842759
26-Jan-2025 14:21:22.032,1.460463,9.095572,-0.902614
26-Jan-2025 14:21:22.048,1.45328,8.53054,-0.493206
26-Jan-2025 14:21:22.064,1.565808,8.23366,-0.110133
26-Jan-2025 14:21:22.080,1.932121,8.640674,0.062249
26-Jan-2025 14:21:22.096,1.850718,8.65025,0.1652
26-Jan-2025 14:21:22.112,1.70946,8.420407,0.339977
26-Jan-2025 14:21:22.128,1.814805,7.965509,0.138864
26-Jan-2025 14:21:22.144,1.953669,7.73806,-0.306458
26-Jan-2025 14:21:22.160,2.169147,8.015787,-0.093374
26-Jan-2025 14:21:22.176,2.286463,8.92319,0.423774
26-Jan-2025 14:21:22.192,2.288857,10.0748,0.42138
26-Jan-2025 14:21:22.209,2.212242,11.116279,0.179565
26-Jan-2025 14:21:22.225,2.054225,11.360487,0.244209
26-Jan-2025 14:21:22.241,1.843535,10.852917,0.596156
26-Jan-2025 14:21:22.257,1.496376,10.177752,0.265756
26-Jan-2025 14:21:22.273,1.261744,10.038888,-0.296881
26-Jan-2025 14:21:22.289,1.180341,10.163386,-0.746991
26-Jan-2025 14:21:22.305,1.434127,10.405201,-0.737414
26-Jan-2025 14:21:22.321,1.546654,10.551247,-0.215478
26-Jan-2025 14:21:22.337,1.587356,10.208876,-0.270545
26-Jan-2025 14:21:22.353,1.403002,10.113108,-0.287304
26-Jan-2025 14:21:22.369,1.060631,10.54167,-0.639252
26-Jan-2025 14:21:22.385,0.787692,11.137826,-1.359907
26-Jan-2025 14:21:22.401,0.526724,11.7268,-1.302446
26-Jan-2025 14:21:22.417,0.316035,12.002133,-0.797269
26-Jan-2025 14:21:22.433,0.229843,12.064383,-0.397437
26-Jan-2025 14:21:22.449,-0.023942,12.46182,0.083797
26-Jan-2025 14:21:22.465,-0.203507,13.565547,-0.3304
26-Jan-2025 14:21:22.481,-0.232238,13.323732,-0.500388
26-Jan-2025 14:21:22.497,0.04549,11.496957,0.964863
26-Jan-2025 14:21:22.513,0.02873,9.569624,1.776498
26-Jan-2025 14:21:22.529,-0.464475,8.413225,1.850718
26-Jan-2025 14:21:22.546,-1.04866,7.953538,1.297657
26-Jan-2025 14:21:22.562,-1.326388,7.764396,0.727837
26-Jan-2025 14:21:22.578,-1.391031,7.845799,0.620098
26-Jan-2025 14:21:22.594,-0.991199,8.085219,0.59855
26-Jan-2025 14:21:22.609,-0.253785,8.556877,0.620098
26-Jan-2025 14:21:22.626,-0.038307,9.334992,0.88346
26-Jan-2025 14:21:22.642,0.160412,9.859323,0.761356
26-Jan-2025 14:21:22.658,0.143652,10.010158,0.430956
26-Jan-2025 14:21:22.674,0.162806,10.031705,0.172383
26-Jan-2025 14:21:22.690,0.292093,9.964667,-0.110133
26-Jan-2025 14:21:22.706,0.1652,9.64145,-0.268151
26-Jan-2025 14:21:22.722,-0.148441,9.330204,-0.301669
26-Jan-2025 14:21:22.738,-0.42138,8.935161,-0.248997
26-Jan-2025 14:21:22.754,-0.3304,8.59279,-0.227449
26-Jan-2025 14:21:22.770,-0.02873,8.267179,-0.19393
26-Jan-2025 14:21:22.786,0.217872,8.224083,-0.301669
26-Jan-2025 14:21:22.802,0.225055,8.494628,-0.282516
26-Jan-2025 14:21:22.818,0.122104,8.985439,-0.198719
26-Jan-2025 14:21:22.834,-0.148441,9.459491,-0.153229
26-Jan-2025 14:21:22.850,-0.502782,9.856929,-0.368707
26-Jan-2025 14:21:22.867,-0.761356,9.900024,-0.588974
26-Jan-2025 14:21:22.883,-0.749385,9.689334,-0.64404
26-Jan-2025 14:21:22.899,-0.533907,9.73243,-0.07422
26-Jan-2025 14:21:22.915,-0.299275,9.787497,0.349553
26-Jan-2025 14:21:22.931,-0.102951,9.679757,0.464475
26-Jan-2025 14:21:22.947,0.141258,9.799467,0.486023
26-Jan-2025 14:21:22.963,0.229843,10.275913,0.497994
26-Jan-2025 14:21:22.979,0.131681,10.936713,0.169988
26-Jan-2025 14:21:22.995,0.033519,11.370064,-0.21069
26-Jan-2025 14:21:23.011,-0.062249,11.599907,0.251391
26-Jan-2025 14:21:23.027,0.057461,11.856087,0.739808
26-Jan-2025 14:21:23.043,0.186748,11.824963,0.938527
26-Jan-2025 14:21:23.059,0.656011,11.473015,0.943315
26-Jan-2025 14:21:23.075,1.127669,11.09473,1.386243
26-Jan-2025 14:21:23.091,1.321599,10.625467,1.572991
26-Jan-2025 14:21:23.107,1.084573,10.070012,1.302446
26-Jan-2025 14:21:23.123,0.92895,9.603143,0.861913
26-Jan-2025 14:21:23.139,1.156399,9.25359,0.921768
26-Jan-2025 14:21:23.155,1.812411,9.186552,1.393425
26-Jan-2025 14:21:23.171,2.195483,9.368511,1.285686
26-Jan-2025 14:21:23.188,1.99437,9.76116,0.555455
26-Jan-2025 14:21:23.204,1.175553,10.134656,0.114922
26-Jan-2025 14:21:23.220,0.191536,10.134656,-0.191536
26-Jan-2025 14:21:23.236,-0.591368,9.749189,-0.280122
26-Jan-2025 14:21:23.252,-0.823605,9.129091,-0.174777
26-Jan-2025 14:21:23.268,-0.442927,8.525752,-0.146046
26-Jan-2025 14:21:23.284,0.143652,8.085219,-0.148441
26-Jan-2025 14:21:23.300,0.696713,7.876924,-0.229843
26-Jan-2025 14:21:23.316,0.914585,7.93199,0.09098
26-Jan-2025 14:21:23.332,0.885855,8.303091,0.229843
26-Jan-2025 14:21:23.348,0.782904,8.822633,-0.112527
26-Jan-2025 14:21:23.364,0.670376,9.411607,-0.553061
26-Jan-2025 14:21:23.380,0.557849,10.019734,-0.914585
26-Jan-2025 14:21:23.396,0.294487,10.46745,-0.972046
26-Jan-2025 14:21:23.412,0.124498,10.704475,-0.981623
26-Jan-2025 14:21:23.428,0.107739,10.637438,-1.237802
26-Jan-2025 14:21:23.444,0.246603,10.357317,-1.328782
26-Jan-2025 14:21:23.460,0.244209,10.146626,-1.151611
26-Jan-2025 14:21:23.476,0.167594,10.043676,-0.845153
26-Jan-2025 14:21:23.492,0.11971,9.837775,-0.560243
26-Jan-2025 14:21:23.508,0.244209,9.540894,-0.529119
26-Jan-2025 14:21:23.525,0.35913,9.514558,-0.59855
26-Jan-2025 14:21:23.541,0.232238,10.117896,-0.924162
26-Jan-2025 14:21:23.557,-0.031125,11.030087,-1.393425
26-Jan-2025 14:21:23.572,-0.016759,11.968615,-1.611298
26-Jan-2025 14:21:23.589,0.124498,12.459426,-1.565808
26-Jan-2025 14:21:23.605,-0.088585,13.029245,-0.35913
26-Jan-2025 14:21:23.621,-0.605733,13.64695,0.893037
26-Jan-2025 14:21:23.637,-0.675165,12.567164,-0.110133
26-Jan-2025 14:21:23.653,-0.672771,11.255142,-0.263362
26-Jan-2025 14:21:23.669,-1.007959,11.087548,1.419762
26-Jan-2025 14:21:23.685,-1.477222,11.267113,2.123657
26-Jan-2025 14:21:23.701,-1.87466,11.106702,1.295263
26-Jan-2025 14:21:23.717,-2.217031,10.544065,0.440533
26-Jan-2025 14:21:23.733,-2.461239,9.516952,0.229843
26-Jan-2025 14:21:23.749,-2.640805,8.631097,1.45328
26-Jan-2025 14:21:23.765,-2.698265,8.037335,2.468422
26-Jan-2025 14:21:23.781,-2.25055,7.920019,1.989582
26-Jan-2025 14:21:23.797,-1.582567,8.116343,0.893037
26-Jan-2025 14:21:23.813,-0.80924,8.60955,0.124498
26-Jan-2025 14:21:23.829,-0.105345,9.093178,-0.011971
26-Jan-2025 14:21:23.845,0.347159,9.382876,0.232238
26-Jan-2025 14:21:23.862,0.112527,9.504981,0.399832
26-Jan-2025 14:21:23.878,-0.562637,9.461885,0.440533
26-Jan-2025 14:21:23.894,-1.285686,9.200917,-0.007183
26-Jan-2025 14:21:23.910,-1.675941,8.832211,-0.538695
26-Jan-2025 14:21:23.926,-1.632846,8.506598,-0.61531
26-Jan-2025 14:21:23.942,-1.496376,8.238448,-0.505177
26-Jan-2025 14:21:23.958,-1.347936,8.082825,-0.387861
26-Jan-2025 14:21:23.974,-1.101333,8.176199,-0.287304
26-Jan-2025 14:21:23.990,-0.866701,8.461109,-0.21069
26-Jan-2025 14:21:24.006,-0.828394,8.901642,-0.4956
26-Jan-2025 14:21:24.022,-0.921768,9.500193,-0.730232
26-Jan-2025 14:21:24.038,-1.115698,10.110714,-0.984017
26-Jan-2025 14:21:24.054,-1.340753,10.400413,-1.177947
26-Jan-2025 14:21:24.069,-1.33357,10.081984,-1.218649
26-Jan-2025 14:21:24.086,-1.144428,9.696517,-1.115698
26-Jan-2025 14:21:24.102,-0.957681,9.512163,-0.969652
26-Jan-2025 14:21:24.118,-0.936133,9.52174,-0.739808
26-Jan-2025 14:21:24.134,-0.960075,9.502586,-0.40462
26-Jan-2025 14:21:24.150,-0.873884,9.363723,-0.294487
26-Jan-2025 14:21:24.166,-0.694318,9.502586,-0.260968
26-Jan-2025 14:21:24.183,-0.490811,10.235212,-0.232238
26-Jan-2025 14:21:24.199,-0.237026,11.365275,-0.198719
26-Jan-2025 14:21:24.215,-0.505177,12.428301,-0.052672
26-Jan-2025 14:21:24.231,-1.211466,12.849681,0.004788
26-Jan-2025 14:21:24.247,-1.321599,12.885593,-0.332794
26-Jan-2025 14:21:24.263,-1.010353,12.61026,-1.005565
26-Jan-2025 14:21:24.279,-0.47884,11.834539,-1.151611
26-Jan-2025 14:21:24.295,-0.098162,11.058818,-0.356736
26-Jan-2025 14:21:24.311,0.146046,10.694899,0.272939
26-Jan-2025 14:21:24.327,0.21069,10.33098,0.126893
26-Jan-2025 14:21:24.343,0.457293,9.552865,-0.138864
26-Jan-2025 14:21:24.359,0.751779,8.449138,0.043096
26-Jan-2025 14:21:24.375,0.926556,7.414843,0.553061
26-Jan-2025 14:21:24.390,1.103727,6.710948,1.431733
26-Jan-2025 14:21:24.407,1.438915,6.835446,2.06859
26-Jan-2025 14:21:24.423,1.695095,7.963115,1.467646
26-Jan-2025 14:21:24.439,1.422156,9.660604,-0.229843
26-Jan-2025 14:21:24.455,0.861913,11.372458,-0.502782
26-Jan-2025 14:21:24.471,0.083797,12.368446,0.21069
26-Jan-2025 14:21:24.488,-0.828394,11.954249,0.387861
26-Jan-2025 14:21:24.504,-0.905008,10.66138,-0.301669
26-Jan-2025 14:21:24.520,-0.584185,9.782708,-0.52433
26-Jan-2025 14:21:24.536,-0.232238,9.370906,-0.47884
26-Jan-2025 14:21:24.552,0.100556,9.155427,-0.40462
26-Jan-2025 14:21:24.568,0.205901,9.14585,-0.732626
26-Jan-2025 14:21:24.584,0.373495,9.361329,-0.998382
26-Jan-2025 14:21:24.600,0.383072,9.528923,-0.878672
26-Jan-2025 14:21:24.616,0.292093,9.385271,-0.663194
26-Jan-2025 14:21:24.632,0.323217,8.949526,-0.4956
26-Jan-2025 14:21:24.648,0.325611,8.458714,-0.653617
26-Jan-2025 14:21:24.664,0.222661,8.339005,-0.749385
26-Jan-2025 14:21:24.680,0.07422,8.626308,-0.878672
26-Jan-2025 14:21:24.696,0.081403,9.047688,-1.156399
26-Jan-2025 14:21:24.712,0.146046,9.437943,-1.417367
26-Jan-2025 14:21:24.728,0.1652,9.677363,-1.340753
26-Jan-2025 14:21:24.744,0.272939,9.653421,-1.292869
26-Jan-2025 14:21:24.760,0.229843,9.509769,-0.957681
26-Jan-2025 14:21:24.776,0.146046,9.287108,-0.794875
26-Jan-2025 14:21:24.792,0.088585,9.423578,-0.502782
26-Jan-2025 14:21:24.809,0.217872,9.945514,-0.392649
26-Jan-2025 14:21:24.825,0.186748,10.754754,-0.567426
26-Jan-2025 14:21:24.841,0.004788,11.499351,-0.92895
26-Jan-2025 14:21:24.857,0.071826,11.640609,-1.35033
26-Jan-2025 14:21:24.873,0.196325,11.587936,-1.25935
26-Jan-2025 14:21:24.889,-0.299275,12.62702,0.519542
26-Jan-2025 14:21:24.905,-0.617704,13.52724,-0.402226
26-Jan-2025 14:21:24.921,-0.718261,12.732365,-2.875436
26-Jan-2025 14:21:24.937,-1.249773,11.971008,-1.491588
26-Jan-2025 14:21:24.953,-1.606509,11.463438,0.435745
26-Jan-2025 14:21:24.969,-1.908179,11.063606,1.108515
26-Jan-2025 14:21:24.985,-1.989582,10.556035,0.395043
26-Jan-2025 14:21:25.001,-1.908179,9.76116,-0.469264
26-Jan-2025 14:21:25.017,-2.001553,9.050082,-0.174777
26-Jan-2025 14:21:25.033,-2.327164,8.295909,0.890643
26-Jan-2025 14:21:25.049,-2.56419,7.694964,1.570596
26-Jan-2025 14:21:25.065,-2.346318,7.393295,0.893037
26-Jan-2025 14:21:25.081,-1.678335,7.773973,0.136469
26-Jan-2025 14:21:25.097,-0.938527,8.872911,0.124498
26-Jan-2025 14:21:25.113,-0.433351,10.196905,0.023942
26-Jan-2025 14:21:25.130,-0.354342,10.536881,-0.500388
26-Jan-2025 14:21:25.146,-0.603339,10.053253,-0.708684
26-Jan-2025 14:21:25.162,-0.696713,9.5385,-0.098162
26-Jan-2025 14:21:25.178,-0.818817,9.16261,-0.059855
26-Jan-2025 14:21:25.194,-1.007959,8.774749,-0.102951
26-Jan-2025 14:21:25.210,-0.876278,8.324639,-0.543484
26-Jan-2025 14:21:25.226,-0.59855,8.056489,-0.828394
26-Jan-2025 14:21:25.242,-0.426168,8.154651,-0.715866
26-Jan-2025 14:21:25.258,-0.502782,8.458714,-0.411803
26-Jan-2025 14:21:25.274,-0.514753,8.908825,-0.430956
26-Jan-2025 14:21:25.290,-0.577003,9.414001,-0.770933
26-Jan-2025 14:21:25.306,-0.713472,9.85214,-1.149217
26-Jan-2025 14:21:25.322,-0.775721,9.993398,-1.307234
26-Jan-2025 14:21:25.338,-0.849942,9.868899,-1.328782
26-Jan-2025 14:21:25.354,-0.893037,9.622296,-1.367089
26-Jan-2025 14:21:25.370,-0.85473,9.457097,-1.144428
26-Jan-2025 14:21:25.386,-0.725443,9.32781,-0.790087
26-Jan-2025 14:21:25.402,-0.550666,9.181764,-0.591368
26-Jan-2025 14:21:25.418,-0.351948,9.126697,-0.476446
26-Jan-2025 14:21:25.434,-0.033519,9.351752,-0.392649
26-Jan-2025 14:21:25.450,0.112527,9.964667,-0.378284
26-Jan-2025 14:21:25.467,-0.059855,10.694899,-0.28491
26-Jan-2025 14:21:25.483,-0.584185,11.195287,-0.610521
26-Jan-2025 14:21:25.499,-0.845153,11.437101,-0.749385
26-Jan-2025 14:21:25.515,-0.277727,11.918336,-0.538695
26-Jan-2025 14:21:25.531,0.198719,12.540829,-0.658405
26-Jan-2025 14:21:25.547,0.28491,12.39957,-0.94571
26-Jan-2025 14:21:25.563,0.684742,12.282255,-0.114922
26-Jan-2025 14:21:25.579,0.773327,12.270284,0.622492
26-Jan-2025 14:21:25.595,0.474052,11.760319,0.368707
26-Jan-2025 14:21:25.611,0.440533,10.601525,0.349553
26-Jan-2025 14:21:25.627,0.703895,9.3733,0.466869
26-Jan-2025 14:21:25.643,0.814029,8.343793,0.732626
26-Jan-2025 14:21:25.659,0.548272,7.752425,0.933739
26-Jan-2025 14:21:25.675,0.409408,7.773973,1.043872
26-Jan-2025 14:21:25.691,0.514753,8.451532,0.905008
26-Jan-2025 14:21:25.707,0.526724,9.346964,0.134075
26-Jan-2025 14:21:25.723,0.306458,10.275913,-0.380678
26-Jan-2025 14:21:25.739,-0.169988,10.941502,-0.299275
26-Jan-2025 14:21:25.755,-0.938527,11.092337,-0.387861
26-Jan-2025 14:21:25.772,-1.632846,10.824186,-0.754174
26-Jan-2025 14:21:25.788,-1.625663,10.390836,-0.754174
26-Jan-2025 14:21:25.804,-1.031901,9.967062,-0.502782
26-Jan-2025 14:21:25.820,-0.670376,9.528923,-0.610521
26-Jan-2025 14:21:25.836,-0.407014,9.344569,-0.790087
26-Jan-2025 14:21:25.852,-0.162806,9.26556,-0.691924
26-Jan-2025 14:21:25.868,-0.131681,9.165004,-0.469264
26-Jan-2025 14:21:25.884,-0.232238,9.047688,-0.292093
26-Jan-2025 14:21:25.900,-0.452504,8.851364,-0.378284
26-Jan-2025 14:21:25.916,-0.663194,8.590396,-0.409408
26-Jan-2025 14:21:25.932,-0.746991,8.5473,-0.083797
26-Jan-2025 14:21:25.948,-0.59855,8.674192,0.064643
26-Jan-2025 14:21:25.964,-0.316035,9.141062,-0.059855
26-Jan-2025 14:21:25.980,-0.081403,9.821015,-0.189142
26-Jan-2025 14:21:25.996,0.148441,10.34774,-0.088585
26-Jan-2025 14:21:26.012,0.311246,10.33098,-0.160412
26-Jan-2025 14:21:26.028,0.308852,10.079589,-0.059855
26-Jan-2025 14:21:26.044,0.11971,9.770737,0.134075
26-Jan-2025 14:21:26.060,-0.141258,9.689334,0.462081
26-Jan-2025 14:21:26.076,-0.349553,9.955091,0.73502
26-Jan-2025 14:21:26.093,-0.4956,10.18254,0.301669
26-Jan-2025 14:21:26.109,-0.567426,10.551247,-0.055067
26-Jan-2025 14:21:26.125,-0.667982,11.212047,0.076614
26-Jan-2025 14:21:26.141,-0.814029,11.812991,-0.081403
26-Jan-2025 14:21:26.157,-0.948104,12.303802,-0.177171
26-Jan-2025 14:21:26.173,-1.323994,12.751518,0.177171
26-Jan-2025 14:21:26.189,-2.044648,12.339716,-0.011971
26-Jan-2025 14:21:26.205,-2.786851,10.891224,-0.179565
26-Jan-2025 14:21:26.221,-3.004723,9.639056,0.31364
26-Jan-2025 14:21:26.237,-2.750938,8.762778,0.584185
26-Jan-2025 14:21:26.253,-2.291251,8.149862,0.550666
26-Jan-2025 14:21:26.269,-2.229002,7.848193,0.720655
26-Jan-2025 14:21:26.285,-2.240973,7.575254,0.782904
26-Jan-2025 14:21:26.301,-2.41575,7.472303,0.926556
26-Jan-2025 14:21:26.317,-2.542642,7.582437,1.314417
26-Jan-2025 14:21:26.333,-2.63841,8.180987,1.889025
26-Jan-2025 14:21:26.349,-2.832341,9.078813,1.980005
26-Jan-2025 14:21:26.365,-3.165135,9.832987,1.51553
26-Jan-2025 14:21:26.381,-3.356671,10.180145,1.086968
26-Jan-2025 14:21:26.398,-3.287239,10.283096,1.369483
26-Jan-2025 14:21:26.414,-3.16274,10.321404,1.970428
26-Jan-2025 14:21:26.430,-3.031059,10.34774,2.037466
26-Jan-2025 14:21:26.446,-2.724602,10.414778,1.508347
26-Jan-2025 14:21:26.462,-2.557007,10.242394,0.916979
26-Jan-2025 14:21:26.478,-2.48997,10.000581,0.778116
26-Jan-2025 14:21:26.494,-2.367866,9.804255,1.067814
26-Jan-2025 14:21:26.510,-2.166753,9.634268,1.055843
26-Jan-2025 14:21:26.526,-2.049437,9.449914,0.828394
26-Jan-2025 14:21:26.542,-2.147599,9.392453,0.758962
26-Jan-2025 14:21:26.558,-2.477999,9.411607,0.857124
26-Jan-2025 14:21:26.574,-2.89459,9.457097,1.000776
26-Jan-2025 14:21:26.590,-3.203442,9.593566,1.053449
26-Jan-2025 14:21:26.606,-3.371036,9.746795,0.842759
26-Jan-2025 14:21:26.622,-3.440468,9.876082,0.670376
26-Jan-2025 14:21:26.638,-3.141193,9.933543,0.73502
26-Jan-2025 14:21:26.654,-2.626439,9.993398,0.871489
26-Jan-2025 14:21:26.670,-2.284068,10.055647,1.053449
26-Jan-2025 14:21:26.686,-1.900996,9.945514,0.672771
26-Jan-2025 14:21:26.703,-1.958457,9.804255,0.31364
26-Jan-2025 14:21:26.719,-1.912967,9.847352,0.481235
26-Jan-2025 14:21:26.735,-1.879448,10.055647,0.287304
26-Jan-2025 14:21:26.751,-1.807622,10.101137,0.064643
26-Jan-2025 14:21:26.767,-1.714248,10.002975,0.100556
26-Jan-2025 14:21:26.783,-1.599327,9.651027,-0.057461
26-Jan-2025 14:21:26.799,-1.61848,9.263166,-0.186748
26-Jan-2025 14:21:26.815,-1.99437,9.050082,-0.138864
26-Jan-2025 14:21:26.831,-0.995988,9.763555,0.208296
26-Jan-2025 14:21:26.847,-1.391031,9.631873,-0.126893
26-Jan-2025 14:21:26.863,-1.889025,9.976639,-0.514753
26-Jan-2025 14:21:26.879,-2.138022,10.443508,-0.447716
26-Jan-2025 14:21:26.895,-2.138022,10.790668,-0.59855
26-Jan-2025 14:21:26.911,-1.788469,11.006145,-0.995988
26-Jan-2025 14:21:26.927,-1.438915,10.503363,-1.56102
26-Jan-2025 14:21:26.943,-1.000776,9.684546,-0.533907
26-Jan-2025 14:21:26.959,-0.679953,9.153033,-0.1652
26-Jan-2025 14:21:26.975,-0.603339,8.868123,0.373495
26-Jan-2025 14:21:26.991,-0.538695,8.777143,0.009577
26-Jan-2025 14:21:27.008,-0.361524,8.628703,-0.627281
26-Jan-2025 14:21:27.024,-0.093374,8.633492,-0.804452
26-Jan-2025 14:21:27.040,0.169988,8.927979,-0.694318
26-Jan-2025 14:21:27.056,0.4956,9.392453,-0.241814
26-Jan-2025 14:21:27.072,0.957681,9.749189,0.335188
26-Jan-2025 14:21:27.088,1.290475,10.271125,0.40462
26-Jan-2025 14:21:27.104,1.21386,11.039664,-0.033519
26-Jan-2025 14:21:27.120,0.80924,11.523293,-0.632069
26-Jan-2025 14:21:27.136,0.560243,11.506534,-0.833182
26-Jan-2025 14:21:27.152,0.627281,11.022904,-0.548272
26-Jan-2025 14:21:27.168,0.653617,10.453085,-0.35913
26-Jan-2025 14:21:27.184,0.78051,10.029311,-0.40462
26-Jan-2025 14:21:27.200,0.866701,9.727641,-0.433351
26-Jan-2025 14:21:27.216,0.931344,9.397242,-0.426168
26-Jan-2025 14:21:27.232,0.952892,9.172187,-0.497994
26-Jan-2025 14:21:27.248,0.897826,8.99741,-0.696713
26-Jan-2025 14:21:27.264,0.797269,8.851364,-0.773327
26-Jan-2025 14:21:27.280,0.773327,8.686164,-0.732626
26-Jan-2025 14:21:27.296,0.646434,8.683769,-0.64404
26-Jan-2025 14:21:27.313,0.543484,8.930372,-0.663194
26-Jan-2025 14:21:27.329,0.442927,9.382876,-0.88346
26-Jan-2025 14:21:27.345,0.227449,9.871294,-1.233014
26-Jan-2025 14:21:27.361,0.067038,10.311827,-1.455675
26-Jan-2025 14:21:27.377,0.102951,10.433931,-1.278504
26-Jan-2025 14:21:27.393,0.414197,9.528923,-1.11091
26-Jan-2025 14:21:27.409,0.632069,9.397242,-0.814029
26-Jan-2025 14:21:27.425,0.833182,9.519346,-0.948104
26-Jan-2025 14:21:27.441,0.744597,9.382876,-0.97444
26-Jan-2025 14:21:27.457,0.833182,9.461885,-0.677559
26-Jan-2025 14:21:27.473,0.878672,9.677363,-1.125275
26-Jan-2025 14:21:27.489,0.830788,10.120291,-1.422156
26-Jan-2025 14:21:27.505,0.730232,10.776301,-1.364695
26-Jan-2025 14:21:27.521,0.550666,11.595119,-0.770933
26-Jan-2025 14:21:27.537,0.31364,13.393165,0.442927
26-Jan-2025 14:21:27.553,0,15.081077,-0.134075
26-Jan-2025 14:21:27.569,-0.402226,13.745112,-0.852336
26-Jan-2025 14:21:27.585,-0.610521,11.659762,-0.215478
26-Jan-2025 14:21:27.601,-1.458069,11.087548,0.78051
26-Jan-2025 14:21:27.617,-2.659958,11.022904,1.137246
26-Jan-2025 14:21:27.633,-2.525883,10.477027,1.00317
26-Jan-2025 14:21:27.650,-2.135628,9.785102,-0.418985
26-Jan-2025 14:21:27.666,-2.032677,8.90643,-0.517148
26-Jan-2025 14:21:27.682,-2.11408,8.034941,0.842759
26-Jan-2025 14:21:27.698,-1.991976,7.211336,1.860295
26-Jan-2025 14:21:27.714,-1.678335,6.746861,2.051831
26-Jan-2025 14:21:27.730,-1.39582,6.995857,1.525106
26-Jan-2025 14:21:27.746,-1.173159,8.154651,0.519542
26-Jan-2025 14:21:27.762,-0.995988,9.569624,-0.289698
26-Jan-2025 14:21:27.778,-0.806846,10.714052,-0.6608
26-Jan-2025 14:21:27.794,-0.562637,11.032481,-0.325611
26-Jan-2025 14:21:27.810,-0.292093,10.654198,0.227449
26-Jan-2025 14:21:27.826,-0.3304,10.271125,0.567426
26-Jan-2025 14:21:27.842,-0.684742,9.873688,0.490811
26-Jan-2025 14:21:27.858,-0.92895,9.241618,0.222661
26-Jan-2025 14:21:27.874,-0.605733,8.564059,-0.079009
26-Jan-2025 14:21:27.890,-0.19393,8.401254,-0.138864
26-Jan-2025 14:21:27.906,-0.328006,8.595184,-0.071826
26-Jan-2025 14:21:27.922,-0.679953,8.995016,-0.153229
26-Jan-2025 14:21:27.938,-0.797269,9.313444,-0.509965
26-Jan-2025 14:21:27.954,-0.603339,9.406818,-0.804452
26-Jan-2025 14:21:27.971,-0.25618,9.49301,-0.632069
26-Jan-2025 14:21:27.987,-0.143652,9.461885,-0.323217
26-Jan-2025 14:21:28.003,-0.253785,9.313444,-0.304064
26-Jan-2025 14:21:28.019,-0.390255,9.325416,-0.354342
26-Jan-2025 14:21:28.035,-0.56982,9.490616,-0.351948
26-Jan-2025 14:21:28.051,-0.579397,9.713276,-0.318429
26-Jan-2025 14:21:28.067,-0.430956,9.873688,-0.148441
26-Jan-2025 14:21:28.083,-0.227449,10.002975,0.260968
26-Jan-2025 14:21:28.099,-0.196325,10.407595,0.395043
26-Jan-2025 14:21:28.115,-0.292093,10.87207,0.079009
26-Jan-2025 14:21:28.131,-0.368707,10.951078,-0.083797
26-Jan-2025 14:21:28.147,-0.344765,10.728417,0.04549
26-Jan-2025 14:21:28.163,-0.452504,10.850522,0.318429
26-Jan-2025 14:21:28.179,-0.536301,11.425131,-0.064643
26-Jan-2025 14:21:28.195,-0.670376,11.913548,-0.323217
26-Jan-2025 14:21:28.211,-0.25618,12.315774,0.258574
26-Jan-2025 14:21:28.227,0.265756,12.35887,0.265756
26-Jan-2025 14:21:28.243,0.778116,11.71004,0.153229
26-Jan-2025 14:21:28.259,1.357512,10.699687,0.553061
26-Jan-2025 14:21:28.276,1.707066,9.615114,1.000776
26-Jan-2025 14:21:28.292,1.565808,8.951921,1.11091
26-Jan-2025 14:21:28.308,1.077391,8.324639,0.610521
26-Jan-2025 14:21:28.324,1.055843,7.76679,0.466869
26-Jan-2025 14:21:28.340,1.343147,7.422025,0.931344
26-Jan-2025 14:21:28.356,1.49877,7.304709,1.410185
26-Jan-2025 14:21:28.372,1.309628,7.671022,1.376666
26-Jan-2025 14:21:28.388,0.744597,8.904037,0.895431
26-Jan-2025 14:21:28.404,0.181959,10.670957,-0.198719
26-Jan-2025 14:21:28.420,-0.277727,12.179304,-0.950498
26-Jan-2025 14:21:28.436,-0.35913,12.509704,-0.490811
26-Jan-2025 14:21:28.452,0.174777,11.216835,0.203507
26-Jan-2025 14:21:28.468,0.797269,10.019734,0.390255
26-Jan-2025 14:21:28.484,1.029507,9.557653,0.043096
26-Jan-2025 14:21:28.500,0.950498,9.459491,-0.486023
26-Jan-2025 14:21:28.516,0.905008,9.414001,-0.675165
26-Jan-2025 14:21:28.532,0.938527,9.167398,-0.596156
26-Jan-2025 14:21:28.548,0.979228,8.932767,-0.373495
26-Jan-2025 14:21:28.564,0.890643,8.662222,-0.311246
26-Jan-2025 14:21:28.581,0.586579,8.485051,-0.579397
26-Jan-2025 14:21:28.597,0.366313,8.669404,-0.871489
26-Jan-2025 14:21:28.613,0.268151,9.119514,-0.885855
26-Jan-2025 14:21:28.629,0.416591,9.490616,-0.840365
26-Jan-2025 14:21:28.645,0.61531,9.787497,-0.761356
26-Jan-2025 14:21:28.661,0.646434,9.880871,-0.701501
26-Jan-2025 14:21:28.677,0.696713,9.696517,-0.395043
26-Jan-2025 14:21:28.693,0.770933,9.605537,0.162806
26-Jan-2025 14:21:28.709,0.562637,9.983821,0.229843
26-Jan-2025 14:21:28.725,0.435745,10.544065,-0.409408
26-Jan-2025 14:21:28.741,0.289698,11.032481,-0.758962
26-Jan-2025 14:21:28.757,0.081403,11.353305,-0.378284
26-Jan-2025 14:21:28.773,-0.356736,12.605472,1.031901
26-Jan-2025 14:21:28.789,-1.06542,13.9151,0.964863
26-Jan-2025 14:21:28.805,-1.189918,13.204022,-0.505177
26-Jan-2025 14:21:28.821,-1.247379,12.332533,-0.122104
26-Jan-2025 14:21:28.837,-1.793257,11.896789,1.199495
26-Jan-2025 14:21:28.853,-2.090138,11.238382,1.49877
26-Jan-2025 14:21:28.869,-1.80044,10.383653,0.981623
26-Jan-2025 14:21:28.885,-1.161188,9.720459,0.289698
26-Jan-2025 14:21:28.902,-0.730232,9.052477,0.057461
26-Jan-2025 14:21:28.918,-0.588974,8.243237,0.553061
26-Jan-2025 14:21:28.934,-0.995988,7.666234,1.328782
26-Jan-2025 14:21:28.950,-1.376666,7.364564,1.170765
26-Jan-2025 14:21:28.966,-1.525106,7.501034,0.459687
26-Jan-2025 14:21:28.982,-1.460463,8.090008,-0.368707
26-Jan-2025 14:21:28.998,-1.278504,9.323022,-1.086968
26-Jan-2025 14:21:29.014,-1.000776,10.354922,-1.197101
26-Jan-2025 14:21:29.030,-0.61531,10.45069,-1.173159
26-Jan-2025 14:21:29.046,-0.368707,9.92636,-1.086968
26-Jan-2025 14:21:29.062,-0.416591,9.533711,-0.701501
26-Jan-2025 14:21:29.078,-0.624887,9.188946,-0.555455
26-Jan-2025 14:21:29.094,-0.797269,8.858546,-0.790087
26-Jan-2025 14:21:29.110,-0.864307,8.731653,-0.852336
26-Jan-2025 14:21:29.126,-0.878672,8.736442,-0.605733
26-Jan-2025 14:21:29.142,-0.85473,8.846576,-0.519542
26-Jan-2025 14:21:29.158,-0.919373,9.088389,-0.629675
26-Jan-2025 14:21:29.174,-0.861913,9.308656,-0.828394
26-Jan-2025 14:21:29.190,-0.730232,9.382876,-0.847547
26-Jan-2025 14:21:29.206,-0.859518,9.308656,-0.600945
26-Jan-2025 14:21:29.223,-1.029507,9.212888,-0.277727
26-Jan-2025 14:21:29.239,-1.18513,9.129091,0.155623
26-Jan-2025 14:21:29.255,-1.393425,9.021352,0.160412
26-Jan-2025 14:21:29.271,-1.673547,9.212888,0.270545
26-Jan-2025 14:21:29.287,-1.865083,9.605537,0.114922
26-Jan-2025 14:21:29.303,-2.070984,9.97185,-0.215478
26-Jan-2025 14:21:29.319,-2.477999,10.457873,-0.366313
26-Jan-2025 14:21:29.335,-3.107674,11.324574,0.002394
26-Jan-2025 14:21:29.351,-3.643975,12.51928,0.124498
26-Jan-2025 14:21:29.367,-2.669535,12.167333,-1.010353
26-Jan-2025 14:21:29.383,-0.921768,11.623849,-1.58975
26-Jan-2025 14:21:29.399,0.3304,11.133038,-1.072602
26-Jan-2025 14:21:29.415,0.158017,10.726024,0.107739
26-Jan-2025 14:21:29.431,-0.737414,10.25676,0.383072
26-Jan-2025 14:21:29.447,-1.233014,9.332599,-0.160412
26-Jan-2025 14:21:29.463,-1.106121,8.487445,-0.217872
26-Jan-2025 14:21:29.479,-0.474052,7.795521,0.016759
26-Jan-2025 14:21:29.495,0.354342,7.630321,0.196325
26-Jan-2025 14:21:29.511,0.555455,8.339005,0.363919
26-Jan-2025 14:21:29.528,0.146046,9.768343,0.038307
26-Jan-2025 14:21:29.544,-0.610521,11.652579,-0.785298
26-Jan-2025 14:21:29.560,-1.288081,12.962208,-1.58975
26-Jan-2025 14:21:29.576,-1.546654,12.449849,-2.097321
26-Jan-2025 14:21:29.592,-1.211466,10.577583,-1.99437
26-Jan-2025 14:21:29.608,-1.103727,9.370906,-1.256956
26-Jan-2025 14:21:29.624,-1.556231,8.930372,-0.411803
26-Jan-2025 14:21:29.640,-1.953669,8.748413,-0.189142
26-Jan-2025 14:21:29.656,-1.958457,8.664616,-0.548272
26-Jan-2025 14:21:29.672,-1.92015,8.485051,-1.256956
26-Jan-2025 14:21:29.688,-1.898602,8.276755,-1.541866
26-Jan-2025 14:21:29.704,-1.793257,8.202535,-1.352724
26-Jan-2025 14:21:29.720,-1.54426,8.425196,-1.199495
26-Jan-2025 14:21:29.736,-1.170765,8.856153,-1.249773
26-Jan-2025 14:21:29.752,-0.713472,9.157822,-1.623269
26-Jan-2025 14:21:29.768,-0.488417,9.26556,-1.37906
26-Jan-2025 14:21:29.784,-0.581791,9.332599,-0.859518
26-Jan-2025 14:21:29.800,-0.768539,9.528923,-0.88346
26-Jan-2025 14:21:29.816,-0.976834,9.763555,-1.060631
26-Jan-2025 14:21:29.833,-1.21386,9.993398,-0.871489
26-Jan-2025 14:21:29.849,-1.058237,10.316615,-0.794875
26-Jan-2025 14:21:29.865,-0.737414,10.771513,-1.221043
26-Jan-2025 14:21:29.881,-0.612916,11.506534,-1.118092
26-Jan-2025 14:21:29.897,-1.209072,13.06037,-0.263362
26-Jan-2025 14:21:29.913,-1.932121,13.977349,-0.392649
26-Jan-2025 14:21:29.929,-2.367866,13.572729,-0.610521
26-Jan-2025 14:21:29.945,-2.633622,12.179304,-0.177171
26-Jan-2025 14:21:29.961,-2.870648,10.565612,0.363919
26-Jan-2025 14:21:29.977,-3.066972,9.246407,0.694318
26-Jan-2025 14:21:29.993,-3.119645,8.51857,0.672771
26-Jan-2025 14:21:30.009,-3.165135,8.485051,1.070208
26-Jan-2025 14:21:30.025,-3.102885,8.561666,1.623269
26-Jan-2025 14:21:30.041,-3.05979,8.640674,1.726219
26-Jan-2025 14:21:30.057,-2.822764,8.74123,1.216254
26-Jan-2025 14:21:30.073,-2.619257,8.813056,0.251391
26-Jan-2025 14:21:30.089,-2.358289,9.260772,-0.409408
26-Jan-2025 14:21:30.105,-1.817199,9.911995,-0.110133
26-Jan-2025 14:21:30.121,-1.288081,10.072407,0.447716
26-Jan-2025 14:21:30.137,-1.041478,9.710882,0.651223
26-Jan-2025 14:21:30.153,-1.410185,9.174581,0.653617
26-Jan-2025 14:21:30.170,-2.020706,8.796297,0.507571
26-Jan-2025 14:21:30.186,-2.456451,8.607155,0.220267
26-Jan-2025 14:21:30.202,-2.547431,8.48984,-0.093374
26-Jan-2025 14:21:30.218,-2.468422,8.441956,-0.301669
26-Jan-2025 14:21:30.234,-2.434903,8.485051,-0.095768
26-Jan-2025 14:21:30.250,-2.37026,8.734048,0.129287
26-Jan-2025 14:21:30.266,-2.152387,8.973468,-0.026336
26-Jan-2025 14:21:30.282,-1.867477,9.19134,-0.47884
26-Jan-2025 14:21:30.298,-1.910573,9.325416,-0.701501
26-Jan-2025 14:21:30.314,-2.20506,9.313444,-0.25618
26-Jan-2025 14:21:30.330,-2.422932,9.406818,0.543484
26-Jan-2025 14:21:30.346,-2.264915,9.514558,0.826
26-Jan-2025 14:21:30.362,-2.106898,9.689334,0.519542
26-Jan-2025 14:21:30.378,-2.106898,9.986216,0.007183
26-Jan-2025 14:21:30.394,-1.956063,10.448297,-0.320823
26-Jan-2025 14:21:30.410,-1.745373,10.967838,-0.287304
26-Jan-2025 14:21:30.426,-1.422156,11.647791,-0.148441
26-Jan-2025 14:21:30.442,-1.163582,12.571953,0.014365
26-Jan-2025 14:21:30.458,-0.679953,12.988544,-0.426168
26-Jan-2025 14:21:30.474,-0.347159,12.662932,-0.174777
26-Jan-2025 14:21:30.490,-0.308852,12.428301,0.790087
26-Jan-2025 14:21:30.507,-0.189142,11.762712,0.866701
26-Jan-2025 14:21:30.523,0.031125,10.96305,0.617704
26-Jan-2025 14:21:30.539,0.430956,9.842564,0.452504
26-Jan-2025 14:21:30.555,0.677559,8.820239,0.502782
26-Jan-2025 14:21:30.571,0.612916,8.169016,0.665588
26-Jan-2025 14:21:30.587,0.565032,7.802703,1.189918
26-Jan-2025 14:21:30.603,0.754174,7.685388,1.714248
26-Jan-2025 14:21:30.619,1.09415,7.941567,1.592144
26-Jan-2025 14:21:30.635,1.017536,8.631097,0.679953
26-Jan-2025 14:21:30.651,0.325611,9.629479,0
26-Jan-2025 14:21:30.667,-0.591368,10.642226,-0.366313
26-Jan-2025 14:21:30.683,-1.61848,11.118672,-0.78051
26-Jan-2025 14:21:30.699,-2.466028,11.044453,-0.770933
26-Jan-2025 14:21:30.715,-2.207454,10.465055,-0.25618
26-Jan-2025 14:21:30.731,-1.000776,9.900024,-0.328006
26-Jan-2025 14:21:30.747,0.031125,9.739613,-0.536301
26-Jan-2025 14:21:30.763,0.493206,9.77792,-0.651223
26-Jan-2025 14:21:30.779,0.462081,9.751583,-0.677559
26-Jan-2025 14:21:30.795,0.014365,9.631873,-0.64404
26-Jan-2025 14:21:30.811,-0.395043,9.354146,-0.59855
26-Jan-2025 14:21:30.827,-0.588974,8.904037,-0.605733
26-Jan-2025 14:21:30.844,-0.799663,8.580819,-0.677559
26-Jan-2025 14:21:30.860,-1.060631,8.60955,-0.73502
26-Jan-2025 14:21:30.876,-1.089362,8.959103,-0.835576
26-Jan-2025 14:21:30.892,-0.744597,9.358934,-1.007959
26-Jan-2025 14:21:30.908,-0.3304,9.497798,-1.058237
26-Jan-2025 14:21:30.924,-0.09098,9.370906,-0.835576
26-Jan-2025 14:21:30.940,0.035913,9.232041,-0.517148
26-Jan-2025 14:21:30.956,-0.033519,9.337387,-0.476446
26-Jan-2025 14:21:30.972,-0.112527,9.588778,-0.73502
26-Jan-2025 14:21:30.988,-0.040701,9.821015,-0.610521
26-Jan-2025 14:21:31.004,0.079009,10.146626,-0.244209
26-Jan-2025 14:21:31.020,0.21069,10.618284,-0.234632
26-Jan-2025 14:21:31.036,0.038307,11.056423,-0.852336
26-Jan-2025 14:21:31.052,-0.31364,11.429919,-1.551443
26-Jan-2025 14:21:31.068,-0.572214,11.542446,-1.54426
26-Jan-2025 14:21:31.084,-0.572214,11.528081,-0.957681
26-Jan-2025 14:21:31.100,-0.548272,11.868058,-0.229843
26-Jan-2025 14:21:31.116,-0.703895,12.406754,-0.153229
26-Jan-2025 14:21:31.132,-1.084573,12.801797,-0.90022
26-Jan-2025 14:21:31.148,-1.810017,13.00291,-0.715866
26-Jan-2025 14:21:31.164,-2.772485,11.96622,-0.512359
26-Jan-2025 14:21:31.180,-3.232172,10.127473,-0.45011
26-Jan-2025 14:21:31.197,-2.906561,8.710106,-0.54109
26-Jan-2025 14:21:31.213,-2.796427,8.396465,0.023942
26-Jan-2025 14:21:31.229,-2.858677,8.590396,0.948104
26-Jan-2025 14:21:31.245,-2.576161,8.640674,0.972046
26-Jan-2025 14:21:31.261,-2.075773,8.652645,0.373495
26-Jan-2025 14:21:31.277,-1.391031,8.899248,-0.004788
26-Jan-2025 14:21:31.293,-0.586579,9.263166,-0.172383
26-Jan-2025 14:21:31.309,-0.131681,9.540894,-0.002394
26-Jan-2025 14:21:31.325,-0.241814,9.449914,-0.040701
26-Jan-2025 14:21:31.341,-0.821211,9.112331,-0.543484
26-Jan-2025 14:21:31.357,-1.45328,8.834604,-0.861913
26-Jan-2025 14:21:31.373,-1.623269,8.446744,-0.840365
26-Jan-2025 14:21:31.389,-1.472434,8.00621,-0.509965
26-Jan-2025 14:21:31.405,-1.268927,7.52737,-0.320823
26-Jan-2025 14:21:31.421,-0.909797,7.338228,-0.258574
26-Jan-2025 14:21:31.437,-0.634463,7.826645,-0.150835
26-Jan-2025 14:21:31.453,-0.454898,8.90643,-0.35913
26-Jan-2025 14:21:31.469,-0.720655,10.304645,-0.749385
26-Jan-2025 14:21:31.485,-1.223437,11.192893,-0.972046
26-Jan-2025 14:21:31.501,-1.747767,11.429919,-1.254562
26-Jan-2025 14:21:31.518,-1.73819,10.958261,-1.393425
26-Jan-2025 14:21:31.534,-1.223437,10.378864,-1.446098
26-Jan-2025 14:21:31.550,-0.797269,9.950302,-1.182736
26-Jan-2025 14:21:31.566,-0.591368,9.512163,-0.921768
26-Jan-2025 14:21:31.582,-0.466869,9.064447,-0.612916
26-Jan-2025 14:21:31.598,-0.294487,8.813056,-0.363919
26-Jan-2025 14:21:31.614,-0.141258,8.947132,-0.208296
26-Jan-2025 14:21:31.630,-0.064643,9.622296,-0.31364
26-Jan-2025 14:21:31.645,-0.301669,10.692505,-0.723049
26-Jan-2025 14:21:31.662,-0.830788,11.87524,-1.180341
26-Jan-2025 14:21:31.678,-1.319205,12.58153,-1.266533
26-Jan-2025 14:21:31.694,-1.063026,12.840104,-0.632069
26-Jan-2025 14:21:31.710,-0.61531,12.538434,-0.174777
26-Jan-2025 14:21:31.726,-0.02873,12.265495,0.076614
26-Jan-2025 14:21:31.742,0.222661,12.349293,0.244209
26-Jan-2025 14:21:31.758,0.189142,12.136209,0.342371
26-Jan-2025 14:21:31.774,0.428562,11.410766,0.586579
26-Jan-2025 14:21:31.790,1.005565,10.141838,0.696713
26-Jan-2025 14:21:31.806,1.300052,8.901642,0.972046
26-Jan-2025 14:21:31.822,1.493982,7.874529,1.307234
26-Jan-2025 14:21:31.838,1.201889,6.730101,1.300052
26-Jan-2025 14:21:31.855,1.886631,7.33344,1.077391
26-Jan-2025 14:21:31.871,1.836353,7.836222,0.471658
26-Jan-2025 14:21:31.887,0.940921,8.003817,0.146046
26-Jan-2025 14:21:31.903,-0.026336,8.520964,0.153229
26-Jan-2025 14:21:31.919,-0.636858,9.490616,0.21069
26-Jan-2025 14:21:31.935,-1.120486,10.728417,-0.160412
26-Jan-2025 14:21:31.951,-1.778892,11.48738,-0.462081
26-Jan-2025 14:21:31.966,-1.525106,11.216835,-0.52433
26-Jan-2025 14:21:31.983,-0.25618,10.342952,-0.663194
26-Jan-2025 14:21:31.999,0.517148,9.722853,-0.548272
26-Jan-2025 14:21:32.015,0.708684,9.933543,0.213084
26-Jan-2025 14:21:32.031,0.701501,10.09156,-0.332794
26-Jan-2025 14:21:32.047,0.335188,9.950302,-0.869095
26-Jan-2025 14:21:32.063,-0.069432,9.557653,-0.699107
26-Jan-2025 14:21:32.079,-0.323217,9.052477,-0.416591
26-Jan-2025 14:21:32.095,-0.486023,8.698134,-0.440533
26-Jan-2025 14:21:32.111,-0.588974,8.693346,-0.512359
26-Jan-2025 14:21:32.127,-0.584185,8.75799,-0.677559
26-Jan-2025 14:21:32.144,-0.454898,8.815451,-0.715866
26-Jan-2025 14:21:32.160,-0.332794,8.832211,-0.768539
26-Jan-2025 14:21:32.176,-0.323217,9.02614,-0.648829
26-Jan-2025 14:21:32.192,-0.383072,9.334992,-0.169988
26-Jan-2025 14:21:32.208,-0.414197,9.603143,-0.418985
26-Jan-2025 14:21:32.224,-0.153229,9.923966,0.373495
26-Jan-2025 14:21:32.240,0.117316,10.350134,-0.258574
26-Jan-2025 14:21:32.256,0.07422,10.809821,-0.328006
26-Jan-2025 14:21:32.272,-0.215478,11.47062,-0.893037
26-Jan-2025 14:21:32.287,-0.490811,11.77229,-0.914585
26-Jan-2025 14:21:32.304,-0.593762,12.294226,-0.28491
26-Jan-2025 14:21:32.320,-0.687136,13.213599,-0.337582
26-Jan-2025 14:21:32.336,-0.85473,13.06037,-0.744597
26-Jan-2025 14:21:32.352,-1.359907,12.564771,-0.016759
26-Jan-2025 14:21:32.368,-1.94888,12.093113,0.612916
26-Jan-2025 14:21:32.384,-2.408567,11.360487,0.88346
26-Jan-2025 14:21:32.400,-2.480393,10.532093,0.725443
26-Jan-2025 14:21:32.416,-2.329558,9.64145,0.033519
26-Jan-2025 14:21:32.432,-2.310405,8.927979,-0.246603
26-Jan-2025 14:21:32.449,-2.47321,8.204929,0.143652
26-Jan-2025 14:21:32.465,-2.801216,7.661446,0.926556
26-Jan-2025 14:21:32.481,-2.971204,7.211336,1.058237
26-Jan-2025 14:21:32.497,-2.916138,6.88333,0.562637
26-Jan-2025 14:21:32.513,-2.904167,6.873753,-0.079009
26-Jan-2025 14:21:32.529,-2.219425,8.391677,-0.050278
26-Jan-2025 14:21:32.545,-2.013524,9.588778,-0.136469
26-Jan-2025 14:21:32.561,-2.401384,9.979033,-0.605733
26-Jan-2025 14:21:32.577,-2.339135,9.916783,-1.070208
26-Jan-2025 14:21:32.593,-2.408567,9.40203,-0.651223
26-Jan-2025 14:21:32.609,-2.109292,8.887277,-0.363919
26-Jan-2025 14:21:32.625,-1.726219,8.643068,-0.387861
26-Jan-2025 14:21:32.641,-1.247379,8.573636,-0.258574
26-Jan-2025 14:21:32.657,-1.022324,8.494628,-0.390255
26-Jan-2025 14:21:32.673,-0.964863,8.53054,-0.220267
26-Jan-2025 14:21:32.689,-0.919373,8.710106,-0.430956
26-Jan-2025 14:21:32.705,-0.986411,9.155427,-0.881066
26-Jan-2025 14:21:32.721,-1.335965,9.888053,-0.914585
26-Jan-2025 14:21:32.737,-1.707066,10.340557,-0.711078
26-Jan-2025 14:21:32.753,-1.728614,10.280702,-0.976834
26-Jan-2025 14:21:32.770,-1.42455,9.864111,-1.039083
26-Jan-2025 14:21:32.786,-1.127669,9.49301,-0.622492
26-Jan-2025 14:21:32.802,-0.859518,9.263166,-0.160412
26-Jan-2025 14:21:32.818,-0.553061,9.248801,0.050278
26-Jan-2025 14:21:32.834,-0.337582,9.703699,0.076614
26-Jan-2025 14:21:32.850,-0.258574,10.771513,0.055067
26-Jan-2025 14:21:32.866,-0.52433,11.769896,-0.222661
26-Jan-2025 14:21:32.882,-1.247379,12.442666,-0.608127
26-Jan-2025 14:21:32.898,-1.80044,12.739547,-0.701501
26-Jan-2025 14:21:32.914,-1.489193,12.797009,-0.711078
26-Jan-2025 14:21:32.930,-0.773327,12.301409,-0.641646
26-Jan-2025 14:21:32.946,0.02873,11.559206,-0.117316
26-Jan-2025 14:21:32.962,0.577003,11.238382,0.761356
26-Jan-2025 14:21:32.978,0.744597,10.860099,0.78051
26-Jan-2025 14:21:32.994,0.885855,10.551247,0.708684
26-Jan-2025 14:21:33.010,0.758962,9.773131,0.92895
26-Jan-2025 14:21:33.026,0.73502,8.880095,1.154005
26-Jan-2025 14:21:33.042,0.672771,8.147469,1.197101
26-Jan-2025 14:21:33.058,0.584185,7.678205,1.058237
26-Jan-2025 14:21:33.075,0.849942,7.460332,1.074997
26-Jan-2025 14:21:33.091,1.175553,7.740454,1.031901
26-Jan-2025 14:21:33.107,1.096544,8.611943,0.895431
26-Jan-2025 14:21:33.123,0.727837,9.993398,0.641646
26-Jan-2025 14:21:33.139,-0.002394,11.358093,0.177171
26-Jan-2025 14:21:33.155,-1.163582,11.824963,-0.316035
26-Jan-2025 14:21:33.171,-1.987187,11.161768,-0.445322
26-Jan-2025 14:21:33.187,-1.426944,10.189722,-0.411803
26-Jan-2025 14:21:33.203,-0.409408,9.622296,-0.380678
26-Jan-2025 14:21:33.219,0.081403,9.387665,-0.335188
26-Jan-2025 14:21:33.235,0.215478,9.294291,-0.28491
26-Jan-2025 14:21:33.251,0.258574,9.114726,-0.268151
26-Jan-2025 14:21:33.267,0.198719,8.942344,-0.296881
26-Jan-2025 14:21:33.283,-0.064643,8.789114,-0.442927
26-Jan-2025 14:21:33.299,-0.452504,8.731653,-0.572214
26-Jan-2025 14:21:33.315,-0.696713,8.774749,-0.718261
26-Jan-2025 14:21:33.331,-0.782904,8.939949,-0.802058
26-Jan-2025 14:21:33.347,-0.76375,9.198523,-0.878672
26-Jan-2025 14:21:33.363,-0.648829,9.514558,-1.039083
26-Jan-2025 14:21:33.380,-0.342371,9.811439,-0.94571
26-Jan-2025 14:21:33.396,-0.009577,9.730036,-0.972046
26-Jan-2025 14:21:33.412,-0.055067,9.591172,-0.497994
26-Jan-2025 14:21:33.428,-0.174777,9.552865,-0.277727
26-Jan-2025 14:21:33.444,-0.205901,9.44752,-0.442927
26-Jan-2025 14:21:33.460,-0.11971,9.730036,-0.311246
26-Jan-2025 14:21:33.476,0.067038,10.201694,-0.141258
26-Jan-2025 14:21:33.492,0.138864,10.922348,-0.438139
26-Jan-2025 14:21:33.508,-0.083797,11.508927,-0.608127
26-Jan-2025 14:21:33.524,-0.363919,11.748347,-0.584185
26-Jan-2025 14:21:33.540,-0.687136,12.064383,-0.263362
26-Jan-2025 14:21:33.556,-1.249773,13.39077,0.80924
26-Jan-2025 14:21:33.572,-1.675941,14.018051,0.304064
26-Jan-2025 14:21:33.588,-1.235408,13.67568,-0.380678
26-Jan-2025 14:21:33.604,-1.30484,12.660539,0.593762
26-Jan-2025 14:21:33.620,-1.656788,10.922348,1.486799
26-Jan-2025 14:21:33.636,-1.723825,9.528923,1.831564
26-Jan-2025 14:21:33.652,-1.831564,8.47308,1.410185
26-Jan-2025 14:21:33.668,-2.078167,7.900866,1.024718
26-Jan-2025 14:21:33.684,-2.049437,7.852982,1.438915
26-Jan-2025 14:21:33.701,-1.23062,7.833828,1.285686
26-Jan-2025 14:21:33.717,-0.347159,8.075643,0.565032
26-Jan-2025 14:21:33.733,0.198719,8.753201,0.177171
26-Jan-2025 14:21:33.749,0.64404,9.557653,0.265756
26-Jan-2025 14:21:33.765,0.818817,10.237606,0.545878
26-Jan-2025 14:21:33.781,0.550666,10.577583,0.682347
26-Jan-2025 14:21:33.797,-0.023942,10.419566,0.282516
26-Jan-2025 14:21:33.813,-0.641646,10.189722,-0.45011
26-Jan-2025 14:21:33.829,-1.015141,9.780313,-0.739808
26-Jan-2025 14:21:33.845,-1.103727,9.349358,-0.505177
26-Jan-2025 14:21:33.861,-0.842759,8.947132,-0.129287
26-Jan-2025 14:21:33.877,-0.354342,8.619126,0.083797
26-Jan-2025 14:21:33.893,0.043096,8.274361,0.196325
26-Jan-2025 14:21:33.909,0.423774,8.178593,0.390255
26-Jan-2025 14:21:33.925,0.4956,8.300697,0.430956
26-Jan-2025 14:21:33.941,0.553061,9.129091,-0.246603
26-Jan-2025 14:21:33.957,0.474052,10.093954,0
26-Jan-2025 14:21:33.973,-0.098162,10.548853,-1.024718
26-Jan-2025 14:21:33.989,-0.172383,10.278308,-0.730232
26-Jan-2025 14:21:34.005,0.07422,9.770737,-0.304064
26-Jan-2025 14:21:34.022,0.354342,9.41879,0.373495
26-Jan-2025 14:21:34.038,0.529119,9.284714,0.56982
26-Jan-2025 14:21:34.054,0.600945,9.093178,0.371101
26-Jan-2025 14:21:34.070,0.823605,9.306262,0.371101
26-Jan-2025 14:21:34.086,0.833182,9.746795,0.292093
26-Jan-2025 14:21:34.102,0.64404,10.469844,0.287304
26-Jan-2025 14:21:34.118,0.114922,11.109096,0.488417
26-Jan-2025 14:21:34.134,-0.055067,11.247959,0.179565
26-Jan-2025 14:21:34.150,-0.026336,11.073183,-0.11971
26-Jan-2025 14:21:34.166,0.148441,10.747571,-0.093374
26-Jan-2025 14:21:34.182,0.397437,10.412383,-0.229843
26-Jan-2025 14:21:34.198,0.54109,10.271125,-0.344765
26-Jan-2025 14:21:34.214,0.454898,10.436325,0.038307
26-Jan-2025 14:21:34.230,0.471658,10.431537,0.538695
26-Jan-2025 14:21:34.246,0.914585,10.484209,1.06542
26-Jan-2025 14:21:34.262,1.642422,10.726024,1.750161
26-Jan-2025 14:21:34.278,2.135628,10.532093,1.242591
26-Jan-2025 14:21:34.294,2.248155,9.840169,1.051055
26-Jan-2025 14:21:34.311,2.147599,9.471462,1.735796
26-Jan-2025 14:21:34.327,2.109292,9.421184,2.693477
26-Jan-2025 14:21:34.343,2.092532,9.636662,2.645593
26-Jan-2025 14:21:34.359,1.810017,10.134656,1.915361
26-Jan-2025 14:21:34.375,1.419762,11.116279,1.345541
26-Jan-2025 14:21:34.391,0.517148,11.884817,0.814029
26-Jan-2025 14:21:34.407,-0.383072,11.68131,0.076614
26-Jan-2025 14:21:34.423,-0.639252,10.584765,0.272939
26-Jan-2025 14:21:34.439,-0.033519,9.5385,0.699107
26-Jan-2025 14:21:34.455,0.804452,8.880095,0.651223
26-Jan-2025 14:21:34.471,1.446098,8.413225,0.770933
26-Jan-2025 14:21:34.487,1.644817,7.991845,0.600945
26-Jan-2025 14:21:34.503,1.733402,7.580042,0.442927
26-Jan-2025 14:21:34.519,1.541866,7.491457,0.349553
26-Jan-2025 14:21:34.535,1.242591,7.740454,0.160412
26-Jan-2025 14:21:34.551,1.309628,8.214506,0.229843
26-Jan-2025 14:21:34.567,1.611298,8.779537,0.294487
26-Jan-2025 14:21:34.583,1.932121,9.375694,0.3304
26-Jan-2025 14:21:34.599,2.300828,9.710882,0.349553
26-Jan-2025 14:21:34.615,2.334347,9.816227,0.328006
26-Jan-2025 14:21:34.632,2.092532,9.82341,-0.100556
26-Jan-2025 14:21:34.648,1.685518,9.998186,-0.454898
26-Jan-2025 14:21:34.664,1.374272,10.436325,-0.414197
26-Jan-2025 14:21:34.680,1.161188,10.884041,-0.026336
26-Jan-2025 14:21:34.696,1.118092,11.116279,0.09098
26-Jan-2025 14:21:34.712,1.16837,11.295844,-0.227449
26-Jan-2025 14:21:34.728,1.027112,11.303026,-0.70629
26-Jan-2025 14:21:34.744,0.766145,11.039664,-0.919373
26-Jan-2025 14:21:34.760,0.40462,10.532093,-0.727837
26-Jan-2025 14:21:34.776,0.438139,10.366894,-0.383072
26-Jan-2025 14:21:34.792,0.447716,11.188105,0.380678
26-Jan-2025 14:21:34.808,0.263362,12.665327,0.25618
26-Jan-2025 14:21:34.824,-0.057461,13.249513,-0.277727
26-Jan-2025 14:21:34.840,-0.493206,12.10269,0.265756
26-Jan-2025 14:21:34.856,-0.636858,10.905589,1.223437
26-Jan-2025 14:21:34.872,-0.790087,10.757148,1.319205
26-Jan-2025 14:21:34.888,-1.300052,11.049241,0.981623
26-Jan-2025 14:21:34.904,-1.522712,10.721235,0.344765
26-Jan-2025 14:21:34.920,-1.154005,9.703699,0.454898
26-Jan-2025 14:21:34.936,-0.833182,8.789114,1.101333
26-Jan-2025 14:21:34.952,-0.821211,8.051701,2.11408
26-Jan-2025 14:21:34.969,-0.548272,7.831434,1.455675
26-Jan-2025 14:21:34.985,-0.31364,8.173804,0.919373
26-Jan-2025 14:21:35.001,-0.179565,8.884883,0.658405
26-Jan-2025 14:21:35.017,-0.043096,9.890448,0.114922
26-Jan-2025 14:21:35.033,-0.272939,10.27352,-0.23942
26-Jan-2025 14:21:35.049,-0.512359,9.801862,-0.143652
26-Jan-2025 14:21:35.065,-0.54109,9.038112,0.380678
26-Jan-2025 14:21:35.081,-0.785298,8.50181,0.756568
26-Jan-2025 14:21:35.097,-1.072602,8.209718,0.6608
26-Jan-2025 14:21:35.113,-0.984017,8.202535,0.3304
26-Jan-2025 14:21:35.129,-0.711078,8.480263,-0.280122
26-Jan-2025 14:21:35.145,-0.694318,8.863335,-0.529119
26-Jan-2025 14:21:35.161,-0.852336,9.153033,-0.428562
26-Jan-2025 14:21:35.177,-0.890643,9.385271,-0.454898
26-Jan-2025 14:21:35.193,-0.895431,9.646238,-0.677559
26-Jan-2025 14:21:35.209,-0.984017,9.78989,-0.905008
26-Jan-2025 14:21:35.225,-0.936133,9.725247,-0.787692
26-Jan-2025 14:21:35.241,-0.768539,9.634268,-0.579397
26-Jan-2025 14:21:35.257,-0.761356,9.440337,-0.684742
26-Jan-2025 14:21:35.274,-0.893037,9.165004,-0.325611
26-Jan-2025 14:21:35.290,-0.881066,9.203311,-0.42138
26-Jan-2025 14:21:35.306,-1.089362,9.476251,-0.328006
26-Jan-2025 14:21:35.322,-1.175553,9.818622,-0.433351
26-Jan-2025 14:21:35.338,-0.924162,10.244789,-0.603339
26-Jan-2025 14:21:35.354,-0.715866,10.769119,-0.742203
26-Jan-2025 14:21:35.370,-0.656011,11.097125,-0.890643
26-Jan-2025 14:21:35.386,-0.852336,11.403583,-0.785298
26-Jan-2025 14:21:35.402,-1.628057,11.061212,-0.577003
26-Jan-2025 14:21:35.418,-1.733402,10.903194,-0.464475
26-Jan-2025 14:21:35.434,-1.458069,10.960655,-0.758962
26-Jan-2025 14:21:35.450,-1.352724,11.104307,-0.988805
26-Jan-2025 14:21:35.466,-1.335965,11.425131,-1.015141
26-Jan-2025 14:21:35.482,-1.189918,11.803414,-0.972046
26-Jan-2025 14:21:35.498,-0.940921,12.413936,-0.603339
26-Jan-2025 14:21:35.514,-0.428562,12.437878,-0.90022
26-Jan-2025 14:21:35.530,0.42138,11.654974,-0.993594
26-Jan-2025 14:21:35.546,1.158794,10.443508,-0.050278
26-Jan-2025 14:21:35.562,1.690306,9.136273,0.433351
26-Jan-2025 14:21:35.578,1.790863,7.946355,0.323217
26-Jan-2025 14:21:35.594,1.58975,6.921637,-0.141258
26-Jan-2025 14:21:35.611,1.37906,6.282385,0.102951
26-Jan-2025 14:21:35.627,1.163582,6.126762,0.409408
26-Jan-2025 14:21:35.643,0.782904,6.476315,0
26-Jan-2025 14:21:35.659,0.201113,7.515399,-0.526724
26-Jan-2025 14:21:35.675,-0.294487,9.272743,-0.320823
26-Jan-2025 14:21:35.691,-0.416591,11.329363,-0.241814
26-Jan-2025 14:21:35.707,-0.244209,13.433866,-0.093374
26-Jan-2025 14:21:35.723,-0.969652,14.554352,-0.270545
26-Jan-2025 14:21:35.739,-1.568202,13.005303,-0.993594
26-Jan-2025 14:21:35.755,-0.76375,10.886436,-0.957681
26-Jan-2025 14:21:35.771,0.634463,9.809045,-0.368707
26-Jan-2025 14:21:35.787,1.273715,9.394848,-0.19393
26-Jan-2025 14:21:35.803,0.969652,9.076419,-0.567426
26-Jan-2025 14:21:35.819,0.35913,8.959103,-1.00317
26-Jan-2025 14:21:35.835,-0.160412,8.7125,-1.268927
26-Jan-2025 14:21:35.851,-0.423774,8.372523,-1.314417
26-Jan-2025 14:21:35.867,-0.45011,8.025364,-1.264138
26-Jan-2025 14:21:35.883,-0.581791,7.987057,-0.80924
26-Jan-2025 14:21:35.899,-0.526724,8.288726,-0.732626
26-Jan-2025 14:21:35.916,-0.344765,8.78672,-1.130063
26-Jan-2025 14:21:35.932,-0.186748,9.212888,-1.290475
26-Jan-2025 14:21:35.948,0.021548,9.28232,-1.046266
26-Jan-2025 14:21:35.964,0.196325,9.275137,-0.639252
26-Jan-2025 14:21:35.980,0.213084,9.416395,-0.418985
26-Jan-2025 14:21:35.996,0.09098,9.78989,-0.56982
26-Jan-2025 14:21:36.012,-0.031125,10.216059,-0.641646
26-Jan-2025 14:21:36.028,-0.02873,10.520123,-0.430956
26-Jan-2025 14:21:36.044,-0.131681,10.852917,-0.272939
26-Jan-2025 14:21:36.060,-0.296881,11.03727,-0.476446
26-Jan-2025 14:21:36.076,-0.483629,11.271901,-0.905008
26-Jan-2025 14:21:36.092,-0.639252,11.506534,-0.940921
26-Jan-2025 14:21:36.108,-0.641646,11.506534,-1.067814
26-Jan-2025 14:21:36.124,-0.442927,11.690886,-0.584185
26-Jan-2025 14:21:36.140,-0.09098,12.105083,0.093374
26-Jan-2025 14:21:36.156,-0.179565,11.446678,-0.902614
26-Jan-2025 14:21:36.172,-0.52433,10.572795,-0.632069
26-Jan-2025 14:21:36.188,-0.869095,10.625467,0.646434
26-Jan-2025 14:21:36.204,-1.331176,11.178528,0.718261
26-Jan-2025 14:21:36.221,-1.934515,11.257536,-0.016759
26-Jan-2025 14:21:36.237,-2.312799,10.761936,-0.37589
26-Jan-2025 14:21:36.253,-2.477999,9.82341,-0.430956
26-Jan-2025 14:21:36.269,-2.592921,9.124303,0.023942
26-Jan-2025 14:21:36.285,-2.750938,8.736442,0.893037
26-Jan-2025 14:21:36.301,-3.047819,8.590396,2.166753
26-Jan-2025 14:21:36.317,-2.717419,8.508993,1.850718
26-Jan-2025 14:21:36.333,-2.245761,7.699753,1.376666
26-Jan-2025 14:21:36.349,-1.582567,7.467515,0.912191
26-Jan-2025 14:21:36.365,-0.919373,8.178593,0.847547
26-Jan-2025 14:21:36.381,-0.500388,9.452309,0.742203
26-Jan-2025 14:21:36.397,-0.742203,10.709264,0.177171
26-Jan-2025 14:21:36.413,-1.295263,11.056423,-0.550666
26-Jan-2025 14:21:36.429,-1.599327,10.345345,-0.486023
26-Jan-2025 14:21:36.445,-1.577779,9.368511,0.332794
26-Jan-2025 14:21:36.461,-1.458069,8.774749,0.85473
26-Jan-2025 14:21:36.477,-1.280898,8.520964,0.684742
26-Jan-2025 14:21:36.493,-1.034295,8.604761,0.251391
26-Jan-2025 14:21:36.509,-1.235408,8.889671,-0.107739
26-Jan-2025 14:21:36.525,-1.436521,9.378088,-0.153229
26-Jan-2025 14:21:36.542,-1.472434,9.785102,-0.260968
26-Jan-2025 14:21:36.558,-1.443704,9.945514,-0.426168
26-Jan-2025 14:21:36.574,-1.307234,9.895236,-0.531513
26-Jan-2025 14:21:36.590,-1.101333,9.830592,-0.653617
26-Jan-2025 14:21:36.606,-1.024718,9.830592,-0.378284
26-Jan-2025 14:21:36.622,-0.835576,9.701305,-0.189142
26-Jan-2025 14:21:36.638,-0.952892,9.399636,0.237026
26-Jan-2025 14:21:36.654,-0.948104,9.26556,0.454898
26-Jan-2025 14:21:36.670,-0.833182,9.308656,0.328006
26-Jan-2025 14:21:36.686,-0.775721,9.552865,-0.021548
26-Jan-2025 14:21:36.702,-0.679953,10.13705,-0.347159
26-Jan-2025 14:21:36.718,-0.648829,10.623073,-0.612916
26-Jan-2025 14:21:36.734,-0.679953,11.010934,-0.423774
26-Jan-2025 14:21:36.750,-0.459687,11.420342,0.308852
26-Jan-2025 14:21:36.766,-0.155623,11.597513,0.574608
26-Jan-2025 14:21:36.782,-0.023942,11.786655,0.723049
26-Jan-2025 14:21:36.798,-0.009577,12.378023,0.390255
26-Jan-2025 14:21:36.814,0.079009,12.773067,-0.110133
26-Jan-2025 14:21:36.830,0.241814,12.263102,-0.253785
26-Jan-2025 14:21:36.847,0.529119,11.089942,0.076614
26-Jan-2025 14:21:36.863,0.78051,9.964667,0.565032
26-Jan-2025 14:21:36.879,0.679953,8.913613,0.656011
26-Jan-2025 14:21:36.895,0.799663,7.881712,0.816423
26-Jan-2025 14:21:36.911,1.319205,7.256825,1.012747
26-Jan-2025 14:21:36.927,1.450886,7.103596,0.869095
26-Jan-2025 14:21:36.943,1.137246,7.73806,0.837971
26-Jan-2025 14:21:36.959,0.703895,8.930372,0.656011
26-Jan-2025 14:21:36.975,0.28491,10.18254,-0.179565
26-Jan-2025 14:21:36.991,-0.318429,11.18571,-0.80924
26-Jan-2025 14:21:37.007,-0.842759,11.640609,-0.70629
26-Jan-2025 14:21:37.023,-0.658405,11.468226,-0.658405
26-Jan-2025 14:21:37.039,-0.203507,10.728417,-0.823605
26-Jan-2025 14:21:37.055,0.208296,10.072407,-0.464475
26-Jan-2025 14:21:37.071,0.519542,9.660604,-0.617704
26-Jan-2025 14:21:37.087,0.656011,9.442732,-0.701501
26-Jan-2025 14:21:37.103,0.675165,9.284714,-0.545878
26-Jan-2025 14:21:37.119,0.35913,9.016563,-0.40462
26-Jan-2025 14:21:37.136,0.181959,8.736442,-0.411803
26-Jan-2025 14:21:37.152,0.105345,8.659827,-0.354342
26-Jan-2025 14:21:37.168,0,8.647857,-0.454898
26-Jan-2025 14:21:37.184,-0.055067,8.841787,-0.454898
26-Jan-2025 14:21:37.200,0.014365,9.112331,-0.54109
26-Jan-2025 14:21:37.216,0.143652,9.306262,-0.531513
26-Jan-2025 14:21:37.232,0.251391,9.591172,-0.138864
26-Jan-2025 14:21:37.248,0.40462,9.840169,0.016759
26-Jan-2025 14:21:37.264,0.457293,10.247183,-0.076614
26-Jan-2025 14:21:37.280,0.464475,10.783484,-0.373495
26-Jan-2025 14:21:37.296,0.454898,11.343728,-0.636858
26-Jan-2025 14:21:37.312,0.229843,11.796232,-0.586579
26-Jan-2025 14:21:37.328,-0.02873,11.743559,-0.464475
26-Jan-2025 14:21:37.344,-0.311246,11.686098,0.02873
26-Jan-2025 14:21:37.360,-0.543484,11.801021,-0.088585
26-Jan-2025 14:21:37.376,-0.593762,11.798626,-0.617704
26-Jan-2025 14:21:37.392,-0.665588,11.140221,-0.976834
26-Jan-2025 14:21:37.408,-0.97444,10.196905,-0.471658
26-Jan-2025 14:21:37.424,-1.352724,9.605537,0.505177
26-Jan-2025 14:21:37.441,-1.580173,9.306262,0.964863
26-Jan-2025 14:21:37.457,-1.56102,9.366117,0.459687
26-Jan-2025 14:21:37.473,-1.443704,9.82341,-0.248997
26-Jan-2025 14:21:37.489,-1.472434,9.880871,-0.694318
26-Jan-2025 14:21:37.505,-1.56102,9.55047,-0.294487
26-Jan-2025 14:21:37.521,-1.431733,9.078813,0.442927
26-Jan-2025 14:21:37.537,-1.288081,8.748413,0.679953
26-Jan-2025 14:21:37.553,-1.357512,8.643068,0.397437
26-Jan-2025 14:21:37.569,-1.61848,8.686164,0.203507
26-Jan-2025 14:21:37.585,-2.070984,8.932767,0.105345
26-Jan-2025 14:21:37.601,-2.566584,9.31105,-0.057461
26-Jan-2025 14:21:37.617,-2.964022,9.622296,-0.069432
26-Jan-2025 14:21:37.633,-3.016694,9.782708,-0.102951
26-Jan-2025 14:21:37.649,-2.480393,9.792285,-0.071826
26-Jan-2025 14:21:37.665,-2.027889,9.801862,0.057461
26-Jan-2025 14:21:37.681,-1.802834,9.607931,-0.184354
26-Jan-2025 14:21:37.697,-1.805228,9.275137,-0.110133
26-Jan-2025 14:21:37.713,-1.987187,9.248801,0.167594
26-Jan-2025 14:21:37.729,-2.219425,9.344569,0.09098
26-Jan-2025 14:21:37.745,-2.511518,9.512163,0.004788
26-Jan-2025 14:21:37.762,-2.65517,9.65821,-0.09098
26-Jan-2025 14:21:37.778,-2.607286,9.80665,-0.189142
26-Jan-2025 14:21:37.794,-2.571373,10.041282,-0.038307
26-Jan-2025 14:21:37.810,-2.533065,10.213664,0.292093
26-Jan-2025 14:21:37.826,-2.425326,10.254366,0.323217
26-Jan-2025 14:21:37.842,-2.30801,10.208876,0.088585
26-Jan-2025 14:21:37.858,-2.372654,10.022128,0.083797
26-Jan-2025 14:21:37.874,-2.497152,10.024523,0.392649
26-Jan-2025 14:21:37.890,-2.475605,10.139444,0.646434
26-Jan-2025 14:21:37.906,-2.406173,10.156203,0.648829
26-Jan-2025 14:21:37.922,-2.432509,10.055647,0.459687
26-Jan-2025 14:21:37.938,-2.351106,9.830592,0.481235
26-Jan-2025 14:21:37.954,-2.389413,9.495404,0.579397
26-Jan-2025 14:21:37.970,-2.492364,9.440337,0.577003
26-Jan-2025 14:21:37.986,-2.509123,9.433155,0.675165
26-Jan-2025 14:21:38.002,-2.420538,9.318233,0.897826
26-Jan-2025 14:21:38.018,-2.382231,9.143456,0.806846
26-Jan-2025 14:21:38.034,-2.243367,9.107543,0.921768
26-Jan-2025 14:21:38.050,-2.06859,9.251195,1.106121
26-Jan-2025 14:21:38.067,-1.893813,9.52174,1.149217
26-Jan-2025 14:21:38.083,-1.742979,9.718064,0.991199
26-Jan-2025 14:21:38.099,-1.70946,9.720459,0.713472
26-Jan-2025 14:21:38.115,-1.711854,9.619903,0.715866
26-Jan-2025 14:21:38.131,-1.699883,9.696517,0.782904
26-Jan-2025 14:21:38.147,-1.568202,10.053253,1.161188
26-Jan-2025 14:21:38.163,-1.118092,10.553641,1.158794
26-Jan-2025 14:21:38.179,-0.579397,10.857705,0.335188
26-Jan-2025 14:21:38.195,-0.483629,11.101913,-0.023942
26-Jan-2025 14:21:38.211,-0.708684,11.358093,0.277727
26-Jan-2025 14:21:38.227,-1.156399,11.310209,0.620098
26-Jan-2025 14:21:38.243,-1.472434,10.900801,0.656011
26-Jan-2025 14:21:38.259,-1.352724,10.369287,0.275333
26-Jan-2025 14:21:38.275,-1.04866,9.962274,0.158017
26-Jan-2025 14:21:38.291,-0.806846,9.543288,0.169988
26-Jan-2025 14:21:38.307,-0.380678,9.172187,0.430956
26-Jan-2025 14:21:38.323,0.122104,8.497022,0.703895
26-Jan-2025 14:21:38.339,0.392649,8.025364,1.362301
26-Jan-2025 14:21:38.355,0.847547,7.989451,1.340753
26-Jan-2025 14:21:38.372,1.127669,8.714894,1.177947
26-Jan-2025 14:21:38.388,0.916979,9.825804,0.502782
26-Jan-2025 14:21:38.404,0.54109,11.118672,-0.311246
26-Jan-2025 14:21:38.420,0.050278,11.908759,-0.782904
26-Jan-2025 14:21:38.436,-0.620098,11.719617,-0.430956
26-Jan-2025 14:21:38.452,-0.960075,10.649409,0.112527
26-Jan-2025 14:21:38.468,-0.742203,9.765948,0.304064
26-Jan-2025 14:21:38.484,-0.320823,9.346964,0.282516
26-Jan-2025 14:21:38.500,0.124498,9.090784,0.100556
26-Jan-2025 14:21:38.516,0.392649,9.114726,-0.114922
26-Jan-2025 14:21:38.532,0.526724,9.315839,-0.064643
26-Jan-2025 14:21:38.548,0.342371,9.334992,0.181959
26-Jan-2025 14:21:38.564,0.177171,9.232041,0.136469
26-Jan-2025 14:21:38.580,0.033519,9.033323,-0.110133
26-Jan-2025 14:21:38.596,0.014365,9.188946,0.009577
26-Jan-2025 14:21:38.612,0.169988,9.497798,-0.040701
26-Jan-2025 14:21:38.628,0.270545,9.809045,-0.107739
26-Jan-2025 14:21:38.644,0.335188,10.022128,-0.368707
26-Jan-2025 14:21:38.661,0.42138,9.981427,-0.466869
26-Jan-2025 14:21:38.677,0.490811,9.76116,-0.311246
26-Jan-2025 14:21:38.693,0.378284,9.689334,-0.270545
26-Jan-2025 14:21:38.709,0.184354,9.842564,-0.373495
26-Jan-2025 14:21:38.724,0.110133,10.010158,-0.260968
26-Jan-2025 14:21:38.741,0.196325,9.986216,-0.201113
26-Jan-2025 14:21:38.757,0.416591,9.832987,-0.064643
26-Jan-2025 14:21:38.773,0.538695,9.792285,0.141258
26-Jan-2025 14:21:38.789,0.572214,9.904813,0.062249
26-Jan-2025 14:21:38.805,0.306458,10.441113,-0.114922
26-Jan-2025 14:21:38.821,0.076614,11.003751,-0.167594
26-Jan-2025 14:21:38.837,0.23942,11.080365,-0.222661
26-Jan-2025 14:21:38.853,0.529119,11.070788,-0.098162
26-Jan-2025 14:21:38.869,0.550666,11.168951,-0.126893
26-Jan-2025 14:21:38.885,0.397437,11.314998,-0.402226
26-Jan-2025 14:21:38.901,0.272939,11.573571,-0.100556
26-Jan-2025 14:21:38.917,0.052672,11.841722,-0.306458
26-Jan-2025 14:21:38.933,-0.04549,12.196063,-0.548272
26-Jan-2025 14:21:38.949,-0.490811,11.93749,-0.629675
26-Jan-2025 14:21:38.966,-1.240196,11.286267,-0.069432
26-Jan-2025 14:21:38.982,-1.642422,10.263943,-0.464475
26-Jan-2025 14:21:38.998,-1.819593,9.435549,-0.122104
26-Jan-2025 14:21:39.014,-2.061408,8.568848,-0.071826
26-Jan-2025 14:21:39.030,-2.073379,7.773973,0.038307
26-Jan-2025 14:21:39.045,-1.812411,7.254431,0.301669
26-Jan-2025 14:21:39.062,-1.244985,7.005434,0.861913
26-Jan-2025 14:21:39.078,-0.612916,7.345411,0.984017
26-Jan-2025 14:21:39.094,-0.464475,8.106767,0.275333
26-Jan-2025 14:21:39.110,-0.474052,9.306262,-0.428562
26-Jan-2025 14:21:39.126,-0.28491,10.105926,-0.6608
26-Jan-2025 14:21:39.142,-0.323217,10.532093,-0.548272
26-Jan-2025 14:21:39.158,-0.363919,10.419566,-0.452504
26-Jan-2025 14:21:39.174,-0.636858,9.969456,-0.409408
26-Jan-2025 14:21:39.190,-0.713472,9.466674,-0.270545
26-Jan-2025 14:21:39.206,-0.591368,9.334992,-0.21069
26-Jan-2025 14:21:39.221,-0.402226,9.416395,-0.512359
26-Jan-2025 14:21:39.238,-0.296881,9.255983,-0.52433
26-Jan-2025 14:21:39.254,-0.23942,8.880095,-0.294487
26-Jan-2025 14:21:39.271,-0.383072,8.791509,-0.260968
26-Jan-2025 14:21:39.287,-0.452504,8.817844,-0.237026
26-Jan-2025 14:21:39.303,-0.476446,9.097966,-0.31364
26-Jan-2025 14:21:39.319,-0.593762,9.471462,-0.770933
26-Jan-2025 14:21:39.335,-0.768539,9.816227,-1.149217
26-Jan-2025 14:21:39.351,-0.943315,9.890448,-0.936133
26-Jan-2025 14:21:39.366,-0.739808,9.622296,-0.536301
26-Jan-2025 14:21:39.383,-0.512359,9.301474,-0.081403
26-Jan-2025 14:21:39.399,-0.418985,9.248801,0.196325
26-Jan-2025 14:21:39.415,-0.457293,9.708488,0.057461
26-Jan-2025 14:21:39.431,-0.581791,10.503363,-0.287304
26-Jan-2025 14:21:39.447,-0.885855,11.109096,-0.648829
26-Jan-2025 14:21:39.463,-1.151611,11.243171,-0.770933
26-Jan-2025 14:21:39.479,-1.118092,10.891224,-0.593762
26-Jan-2025 14:21:39.495,-0.888249,10.69011,0.548272
26-Jan-2025 14:21:39.511,-0.553061,10.745177,1.211466
26-Jan-2025 14:21:39.527,-0.167594,10.544065,0.866701
26-Jan-2025 14:21:39.542,0.402226,10.754754,0.76375
26-Jan-2025 14:21:39.559,1.101333,11.183316,0.4956
26-Jan-2025 14:21:39.575,1.347936,11.722012,0.59855
26-Jan-2025 14:21:39.592,0.921768,11.925519,0.998382
26-Jan-2025 14:21:39.608,0.775721,11.233594,1.017536
26-Jan-2025 14:21:39.624,0.926556,10.345345,1.039083
26-Jan-2025 14:21:39.640,1.228225,9.787497,1.61848
26-Jan-2025 14:21:39.656,1.438915,9.272743,1.910573
26-Jan-2025 14:21:39.672,1.594538,8.719683,1.568202
26-Jan-2025 14:21:39.688,1.288081,8.468291,1.122881
26-Jan-2025 14:21:39.704,0.754174,8.74123,0.653617
26-Jan-2025 14:21:39.720,0.095768,9.548077,0.304064
26-Jan-2025 14:21:39.736,-0.11971,10.206482,-0.136469
26-Jan-2025 14:21:39.752,0.167594,10.175357,0.217872
26-Jan-2025 14:21:39.768,0.703895,9.643845,0.931344
26-Jan-2025 14:21:39.784,1.000776,9.208099,0.754174
26-Jan-2025 14:21:39.800,1.13964,8.896853,0.270545
26-Jan-2025 14:21:39.816,1.142034,8.674192,0.292093
26-Jan-2025 14:21:39.832,1.175553,8.681376,0.392649
26-Jan-2025 14:21:39.848,1.211466,9.02614,0.476446
26-Jan-2025 14:21:39.864,1.302446,9.5385,0.268151
26-Jan-2025 14:21:39.881,1.352724,10.122684,-0.198719
26-Jan-2025 14:21:39.897,1.343147,10.474632,-0.270545
26-Jan-2025 14:21:39.913,1.209072,10.503363,-0.009577
26-Jan-2025 14:21:39.929,1.024718,10.206482,0.167594
26-Jan-2025 14:21:39.945,0.861913,9.813833,0.122104
26-Jan-2025 14:21:39.961,0.80924,9.679757,0.009577
26-Jan-2025 14:21:39.977,0.768539,9.770737,-0.158017
26-Jan-2025 14:21:39.993,0.847547,9.861717,-0.131681
26-Jan-2025 14:21:40.009,1.015141,9.804255,-0.155623
26-Jan-2025 14:21:40.025,1.005565,9.768343,-0.457293
26-Jan-2025 14:21:40.041,0.852336,9.832987,-0.744597
26-Jan-2025 14:21:40.057,0.531513,10.101137,-0.890643
26-Jan-2025 14:21:40.073,0.174777,10.448297,-0.881066
26-Jan-2025 14:21:40.089,-0.105345,10.805033,-0.938527
26-Jan-2025 14:21:40.105,-0.174777,11.089942,-0.828394
26-Jan-2025 14:21:40.121,-0.153229,11.312603,-0.608127
26-Jan-2025 14:21:40.137,-0.234632,11.573571,-0.620098
26-Jan-2025 14:21:40.153,-0.294487,12.476185,-0.177171
26-Jan-2025 14:21:40.169,-0.847547,13.146562,-0.213084
26-Jan-2025 14:21:40.184,-1.611298,12.492945,-0.593762
26-Jan-2025 14:21:40.202,-1.944092,11.415554,-0.100556
26-Jan-2025 14:21:40.218,-1.810017,10.268731,0.414197
26-Jan-2025 14:21:40.234,-1.711854,9.679757,0.914585
26-Jan-2025 14:21:40.250,-1.517924,9.500193,1.192312
26-Jan-2025 14:21:40.266,-1.405396,9.299079,1.151611
26-Jan-2025 14:21:40.282,-1.51553,8.918402,1.01993
26-Jan-2025 14:21:40.298,-1.719037,8.293514,0.651223
26-Jan-2025 14:21:40.314,-2.339135,7.575254,0.802058
26-Jan-2025 14:21:40.330,-2.853889,7.575254,1.953669
26-Jan-2025 14:21:40.346,-2.760514,8.161834,1.659182
26-Jan-2025 14:21:40.362,-2.442086,9.085996,0.459687
26-Jan-2025 14:21:40.378,-1.891419,10.098742,-0.486023
26-Jan-2025 14:21:40.394,-1.592144,10.867282,-0.500388
26-Jan-2025 14:21:40.410,-1.472434,10.986992,0.004788
26-Jan-2025 14:21:40.426,-1.331176,10.7356,0.246603
26-Jan-2025 14:21:40.442,-1.276109,10.448297,-0.011971
26-Jan-2025 14:21:40.458,-1.323994,10.043676,-0.016759
26-Jan-2025 14:21:40.474,-0.995988,9.56723,0.294487
26-Jan-2025 14:21:40.490,-0.538695,8.956709,0.42138
26-Jan-2025 14:21:40.506,-0.308852,8.449138,0.380678
26-Jan-2025 14:21:40.523,-0.318429,8.259995,0.229843
26-Jan-2025 14:21:40.539,-0.634463,8.319851,-0.107739
26-Jan-2025 14:21:40.555,-1.051055,8.439561,-0.328006
26-Jan-2025 14:21:40.571,-1.323994,8.655039,-0.241814
26-Jan-2025 14:21:40.587,-1.25935,8.990228,-0.04549
26-Jan-2025 14:21:40.603,-1.23062,9.323022,-0.220267
26-Jan-2025 14:21:40.619,-1.249773,9.624691,-0.368707
26-Jan-2025 14:21:40.635,-1.273715,9.737218,-0.45011
26-Jan-2025 14:21:40.651,-1.146823,9.667787,-0.596156
26-Jan-2025 14:21:40.667,-1.158794,9.744401,-0.550666
26-Jan-2025 14:21:40.683,-1.144428,9.947908,-0.399832
26-Jan-2025 14:21:40.699,-1.09415,10.120291,-0.395043
26-Jan-2025 14:21:40.715,-0.998382,10.21127,-0.428562
26-Jan-2025 14:21:40.731,-0.909797,10.25676,-0.474052
26-Jan-2025 14:21:40.747,-0.845153,10.31901,-0.658405
26-Jan-2025 14:21:40.763,-0.826,10.388441,-0.742203
26-Jan-2025 14:21:40.779,-0.792481,10.345345,-0.557849
26-Jan-2025 14:21:40.795,-0.770933,10.314221,-0.416591
26-Jan-2025 14:21:40.812,-0.744597,10.503363,-0.347159
26-Jan-2025 14:21:40.828,-0.596156,10.965444,-0.318429
26-Jan-2025 14:21:40.844,-0.452504,11.20247,-0.368707
26-Jan-2025 14:21:40.860,-0.390255,11.446678,-0.21069
26-Jan-2025 14:21:40.876,-0.548272,11.767501,0.131681
26-Jan-2025 14:21:40.892,-0.600945,11.978191,0.42138
26-Jan-2025 14:21:40.908,-0.289698,11.707646,0.555455
26-Jan-2025 14:21:40.924,0.19393,10.709264,0.56982
26-Jan-2025 14:21:40.940,0.435745,9.394848,0.158017
26-Jan-2025 14:21:40.956,0.656011,8.384495,0.155623
26-Jan-2025 14:21:40.972,0.936133,7.560889,0.972046
26-Jan-2025 14:21:40.988,1.199495,6.878541,2.070984
26-Jan-2025 14:21:41.004,1.436521,6.562507,2.020706
26-Jan-2025 14:21:41.020,1.434127,6.95755,0.816423
26-Jan-2025 14:21:41.036,0.758962,8.415619,-0.134075
26-Jan-2025 14:21:41.052,-0.169988,10.663774,-0.512359
26-Jan-2025 14:21:41.068,-1.347936,12.993333,-0.452504
26-Jan-2025 14:21:41.084,-2.542642,13.493721,0.579397
26-Jan-2025 14:21:41.100,-2.276886,11.717223,0.675165
26-Jan-2025 14:21:41.117,-0.972046,10.177752,0.306458
26-Jan-2025 14:21:41.133,-0.174777,9.730036,0.114922
26-Jan-2025 14:21:41.149,0.076614,9.722853,0.105345
26-Jan-2025 14:21:41.165,0.033519,9.598354,-0.098162
26-Jan-2025 14:21:41.181,-0.102951,9.270349,-0.294487
26-Jan-2025 14:21:41.197,-0.222661,8.925584,-0.280122
26-Jan-2025 14:21:41.213,-0.414197,8.669404,-0.09098
26-Jan-2025 14:21:41.229,-0.675165,8.645462,0.050278
26-Jan-2025 14:21:41.245,-0.766145,8.844181,-0.102951
26-Jan-2025 14:21:41.261,-0.792481,9.210494,-0.471658
26-Jan-2025 14:21:41.277,-0.823605,9.655815,-0.955287
26-Jan-2025 14:21:41.293,-0.988805,9.91439,-1.031901
26-Jan-2025 14:21:41.309,-1.041478,9.78989,-0.775721
26-Jan-2025 14:21:41.325,-0.933739,9.579201,-0.433351
26-Jan-2025 14:21:41.341,-0.677559,9.461885,-0.174777
26-Jan-2025 14:21:41.357,-0.289698,9.588778,-0.059855
26-Jan-2025 14:21:41.373,-0.014365,9.828198,-0.318429
26-Jan-2025 14:21:41.389,-0.076614,10.101137,-0.629675
26-Jan-2025 14:21:41.405,-0.275333,10.369287,-0.708684
26-Jan-2025 14:21:41.421,-0.445322,10.639832,-0.280122
26-Jan-2025 14:21:41.438,-0.502782,10.723629,-0.189142
26-Jan-2025 14:21:41.454,-0.462081,10.54167,-0.177171
26-Jan-2025 14:21:41.470,-0.124498,11.022904,0.201113
26-Jan-2025 14:21:41.486,-0.294487,10.943896,-0.457293
26-Jan-2025 14:21:41.502,-0.452504,10.943896,-0.711078
26-Jan-2025 14:21:41.518,-0.967257,11.549629,0.342371
26-Jan-2025 14:21:41.534,-1.407791,12.081141,0.512359
26-Jan-2025 14:21:41.550,-1.599327,11.781867,-0.055067
26-Jan-2025 14:21:41.566,-2.463634,12.016499,0.088585
26-Jan-2025 14:21:41.582,-3.186682,12.284649,0.727837
26-Jan-2025 14:21:41.598,-3.392584,11.571177,1.517924
26-Jan-2025 14:21:41.614,-3.095703,10.295067,1.793257
26-Jan-2025 14:21:41.630,-2.516306,9.050082,1.024718
26-Jan-2025 14:21:41.646,-2.355895,8.41083,1.041478
26-Jan-2025 14:21:41.662,-2.367866,8.166622,2.006341
26-Jan-2025 14:21:41.678,-2.348712,8.02297,2.054225
26-Jan-2025 14:21:41.694,-2.135628,7.970297,1.137246
26-Jan-2025 14:21:41.710,-1.699883,8.315063,0.100556
26-Jan-2025 14:21:41.726,-1.249773,8.942344,-0.282516
26-Jan-2025 14:21:41.743,-0.699107,9.682152,0.260968
26-Jan-2025 14:21:41.759,-0.723049,9.900024,0.311246
26-Jan-2025 14:21:41.775,-0.936133,9.409213,0.988805
26-Jan-2025 14:21:41.791,-1.357512,9.124303,0.160412
26-Jan-2025 14:21:41.807,-1.719037,8.937555,-0.189142
26-Jan-2025 14:21:41.823,-1.826776,8.851364,-0.296881
26-Jan-2025 14:21:41.839,-1.817199,8.619126,-0.241814
26-Jan-2025 14:21:41.855,-1.630451,8.346188,-0.184354
26-Jan-2025 14:21:41.871,-1.302446,8.303091,-0.069432
26-Jan-2025 14:21:41.887,-0.981623,8.681376,-0.100556
26-Jan-2025 14:21:41.903,-0.950498,9.260772,-0.471658
26-Jan-2025 14:21:41.919,-1.118092,9.952697,-0.730232
26-Jan-2025 14:21:41.935,-1.18513,10.16578,-0.893037
26-Jan-2025 14:21:41.951,-1.036689,9.840169,-1.022324
26-Jan-2025 14:21:41.967,-0.787692,9.457097,-1.012747
26-Jan-2025 14:21:41.983,-0.665588,9.25359,-0.818817
26-Jan-2025 14:21:41.999,-0.61531,9.323022,-0.416591
26-Jan-2025 14:21:42.015,-0.629675,9.543288,-0.25618
26-Jan-2025 14:21:42.031,-0.802058,9.792285,-0.620098
26-Jan-2025 14:21:42.048,-0.878672,10.127473,-0.969652
26-Jan-2025 14:21:42.064,-0.703895,10.54167,-0.979228
26-Jan-2025 14:21:42.080,-0.411803,10.970232,-0.529119
26-Jan-2025 14:21:42.096,-0.134075,11.279084,0.31364
26-Jan-2025 14:21:42.112,-0.220267,11.372458,0.52433
26-Jan-2025 14:21:42.128,-0.730232,11.595119,-0.275333
26-Jan-2025 14:21:42.144,-1.221043,12.016499,-0.924162
26-Jan-2025 14:21:42.160,-0.995988,12.349293,-0.356736
26-Jan-2025 14:21:42.176,-0.098162,12.361263,0.665588
26-Jan-2025 14:21:42.192,0.718261,12.210428,1.340753
26-Jan-2025 14:21:42.208,1.158794,11.896789,1.223437
26-Jan-2025 14:21:42.224,1.060631,11.329363,1.079785
26-Jan-2025 14:21:42.240,0.995988,10.455479,0.984017
26-Jan-2025 14:21:42.256,0.952892,9.332599,0.641646
26-Jan-2025 14:21:42.272,0.861913,8.159439,0.565032
26-Jan-2025 14:21:42.288,0.940921,7.170634,1.335965
26-Jan-2025 14:21:42.304,1.264138,6.691794,2.092532
26-Jan-2025 14:21:42.320,1.362301,6.845023,2.161964
26-Jan-2025 14:21:42.336,0.837971,7.821857,1.798046
26-Jan-2025 14:21:42.352,0.167594,9.414001,0.981623
26-Jan-2025 14:21:42.369,-0.471658,11.168951,-0.246603
26-Jan-2025 14:21:42.385,-0.90022,12.291832,-1.043872
26-Jan-2025 14:21:42.401,-1.072602,11.872847,-0.483629
26-Jan-2025 14:21:42.417,-0.519542,10.402806,0.215478
26-Jan-2025 14:21:42.433,0.229843,9.260772,0.514753
26-Jan-2025 14:21:42.449,0.641646,8.947132,0.47884
26-Jan-2025 14:21:42.465,0.533907,9.069236,0.148441
26-Jan-2025 14:21:42.481,0.248997,9.258378,-0.169988
26-Jan-2025 14:21:42.497,0.009577,9.3733,-0.220267
26-Jan-2025 14:21:42.513,0.100556,9.342175,-0.21069
26-Jan-2025 14:21:42.529,0.136469,9.138668,-0.277727
26-Jan-2025 14:21:42.545,-0.009577,8.892065,-0.47884
26-Jan-2025 14:21:42.561,-0.248997,8.781932,-0.682347
26-Jan-2025 14:21:42.577,-0.385466,9.021352,-0.694318
26-Jan-2025 14:21:42.593,-0.320823,9.397242,-0.778116
26-Jan-2025 14:21:42.609,-0.050278,9.689334,-0.955287
26-Jan-2025 14:21:42.625,0.141258,9.734824,-1.031901
26-Jan-2025 14:21:42.641,0.205901,9.607931,-0.797269
26-Jan-2025 14:21:42.658,0.198719,9.562442,-0.251391
26-Jan-2025 14:21:42.674,0.122104,9.698911,0.265756
26-Jan-2025 14:21:42.690,0.095768,10.029311,0.055067
26-Jan-2025 14:21:42.706,0.129287,10.788273,-0.505177
26-Jan-2025 14:21:42.722,0.076614,11.518504,-0.890643
26-Jan-2025 14:21:42.738,-0.076614,11.841722,-0.967257
26-Jan-2025 14:21:42.754,-0.316035,11.762712,-0.651223
26-Jan-2025 14:21:42.770,-0.881066,12.662932,0.258574
26-Jan-2025 14:21:42.786,-1.426944,14.099454,0.354342
26-Jan-2025 14:21:42.802,-1.323994,13.670892,-0.663194
26-Jan-2025 14:21:42.818,-1.194707,12.255919,-0.37589
26-Jan-2025 14:21:42.834,-1.467646,11.125855,0.878672
26-Jan-2025 14:21:42.850,-1.726219,10.04607,1.482011
26-Jan-2025 14:21:42.866,-1.963245,9.047688,1.218649
26-Jan-2025 14:21:42.882,-2.104503,8.171411,0.634463
26-Jan-2025 14:21:42.898,-2.315193,7.5561,0.459687
26-Jan-2025 14:21:42.914,-2.734178,7.501034,1.335965
26-Jan-2025 14:21:42.930,-2.667141,7.675811,1.80044
26-Jan-2025 14:21:42.946,-2.097321,7.979874,1.321599
26-Jan-2025 14:21:42.963,-1.326388,8.508993,0.469264
26-Jan-2025 14:21:42.979,-0.708684,9.452309,-0.100556
26-Jan-2025 14:21:42.995,-0.167594,10.532093,0.033519
26-Jan-2025 14:21:43.011,0.203507,11.030087,0.354342
26-Jan-2025 14:21:43.027,0.179565,10.639832,0.306458
26-Jan-2025 14:21:43.043,-0.356736,9.974244,-0.181959
26-Jan-2025 14:21:43.059,-0.878672,9.607931,-0.464475
26-Jan-2025 14:21:43.075,-0.924162,9.258378,-0.715866
26-Jan-2025 14:21:43.091,-0.696713,8.872911,-0.632069
26-Jan-2025 14:21:43.107,-0.294487,8.583213,-0.155623
26-Jan-2025 14:21:43.123,0.148441,8.468291,0.215478
26-Jan-2025 14:21:43.139,0.416591,8.573636,0.184354
26-Jan-2025 14:21:43.155,0.363919,9.033323,-0.189142
26-Jan-2025 14:21:43.171,0.208296,9.67018,-0.826
26-Jan-2025 14:21:43.187,0.009577,10.261548,-1.120486
26-Jan-2025 14:21:43.203,-0.1652,10.472239,-1.070208
26-Jan-2025 14:21:43.219,-0.217872,10.125079,-0.696713
26-Jan-2025 14:21:43.236,-0.105345,9.414001,-0.45011
26-Jan-2025 14:21:43.252,0.052672,8.801085,-0.093374
26-Jan-2025 14:21:43.268,0.275333,8.607155,-0.011971
26-Jan-2025 14:21:43.284,0.241814,8.961497,-0.205901
26-Jan-2025 14:21:43.300,0.186748,9.579201,-0.323217
26-Jan-2025 14:21:43.316,0.205901,10.287885,-0.474052
26-Jan-2025 14:21:43.332,0.141258,10.776301,-0.150835
26-Jan-2025 14:21:43.348,0.292093,10.900801,0.019154
26-Jan-2025 14:21:43.364,0.457293,10.759542,-0.217872
26-Jan-2025 14:21:43.380,0.208296,10.503363,-0.493206
26-Jan-2025 14:21:43.396,-0.232238,10.505757,-0.562637
26-Jan-2025 14:21:43.412,-0.679953,10.694899,-0.665588
26-Jan-2025 14:21:43.428,-0.691924,10.697293,-0.430956
26-Jan-2025 14:21:43.444,-0.136469,10.82658,0.241814
26-Jan-2025 14:21:43.460,0.280122,11.657368,0.208296
26-Jan-2025 14:21:43.476,0.526724,12.303802,0.09098
26-Jan-2025 14:21:43.492,0.902614,11.32218,0.299275
26-Jan-2025 14:21:43.508,1.221043,9.440337,0.141258
26-Jan-2025 14:21:43.525,1.314417,8.214506,-0.009577
26-Jan-2025 14:21:43.541,1.357512,7.666234,0.505177
26-Jan-2025 14:21:43.557,1.565808,7.623138,1.596933
26-Jan-2025 14:21:43.573,2.027889,8.09719,1.963245
26-Jan-2025 14:21:43.589,2.063802,8.911219,1.09415
26-Jan-2025 14:21:43.605,1.431733,10.089166,0.260968
26-Jan-2025 14:21:43.621,0.351948,11.238382,-0.093374
26-Jan-2025 14:21:43.637,-0.835576,11.789049,0.016759
26-Jan-2025 14:21:43.653,-1.252167,11.386824,0.114922
26-Jan-2025 14:21:43.669,-0.368707,10.369287,-0.057461
26-Jan-2025 14:21:43.685,0.768539,9.555259,-0.105345
26-Jan-2025 14:21:43.701,1.695095,9.045294,-0.189142
26-Jan-2025 14:21:43.717,1.695095,8.966286,-0.222661
26-Jan-2025 14:21:43.733,1.352724,9.19134,-0.088585
26-Jan-2025 14:21:43.749,1.252167,9.13388,-0.124498
26-Jan-2025 14:21:43.765,1.268927,9.018958,-0.299275
26-Jan-2025 14:21:43.781,1.211466,8.925584,-0.430956
26-Jan-2025 14:21:43.797,1.204283,8.968679,-0.52433
26-Jan-2025 14:21:43.813,0.881066,9.097966,-0.64404
26-Jan-2025 14:21:43.830,0.385466,9.251195,-0.921768
26-Jan-2025 14:21:43.846,0.026336,9.461885,-1.103727
26-Jan-2025 14:21:43.862,0.138864,9.643845,-1.122881
26-Jan-2025 14:21:43.878,0.407014,9.835381,-0.916979
26-Jan-2025 14:21:43.894,0.538695,9.969456,-0.766145
26-Jan-2025 14:21:43.910,0.677559,10.093954,-0.682347
26-Jan-2025 14:21:43.926,0.770933,10.158598,-0.639252
26-Jan-2025 14:21:43.942,0.512359,10.431537,-0.531513
26-Jan-2025 14:21:43.958,0.079009,10.94629,-0.533907
26-Jan-2025 14:21:43.974,-0.275333,11.51611,-0.873884
26-Jan-2025 14:21:43.990,-0.42138,12.289437,-0.47884
26-Jan-2025 14:21:44.006,-0.483629,14.156915,1.053449
26-Jan-2025 14:21:44.022,-0.773327,14.690822,1.233014
26-Jan-2025 14:21:44.038,-0.926556,12.835316,0.873884
26-Jan-2025 14:21:44.054,-0.950498,11.678916,1.302446
26-Jan-2025 14:21:44.070,-0.936133,11.427525,1.625663
26-Jan-2025 14:21:44.086,-0.938527,10.951078,1.455675
26-Jan-2025 14:21:44.103,-1.079785,10.132261,0.806846
26-Jan-2025 14:21:44.119,-1.319205,9.279925,0.519542
26-Jan-2025 14:21:44.135,-1.297657,8.50181,0.893037
26-Jan-2025 14:21:44.151,-1.381454,7.666234,1.82917
26-Jan-2025 14:21:44.167,-1.400608,7.48188,2.621651
26-Jan-2025 14:21:44.183,-1.288081,7.637504,2.099715
26-Jan-2025 14:21:44.199,-1.177947,8.008605,0.90022
26-Jan-2025 14:21:44.215,-1.017536,8.619126,0.339977
26-Jan-2025 14:21:44.231,-0.433351,9.397242,0.229843
26-Jan-2025 14:21:44.247,-0.043096,9.974244,0.280122
26-Jan-2025 14:21:44.263,-0.177171,9.993398,0.418985
26-Jan-2025 14:21:44.279,-0.466869,9.706094,0.1652
26-Jan-2025 14:21:44.295,-0.596156,9.5385,-0.004788
26-Jan-2025 14:21:44.311,-0.634463,9.409213,0.055067
26-Jan-2025 14:21:44.327,-0.318429,9.160215,0.009577
26-Jan-2025 14:21:44.343,0.081403,9.095572,-0.035913
26-Jan-2025 14:21:44.359,0.272939,9.26556,-0.033519
26-Jan-2025 14:21:44.375,0.102951,9.478644,-0.079009
26-Jan-2025 14:21:44.391,-0.184354,9.64145,-0.430956
26-Jan-2025 14:21:44.408,-0.196325,9.634268,-0.531513
26-Jan-2025 14:21:44.424,0.064643,9.61272,-0.715866
26-Jan-2025 14:21:44.440,0.160412,9.610326,-0.632069
26-Jan-2025 14:21:44.456,0.270545,9.512163,-0.679953
26-Jan-2025 14:21:44.472,0.237026,9.361329,-0.80924
26-Jan-2025 14:21:44.488,-0.107739,9.181764,-0.845153
26-Jan-2025 14:21:44.504,-0.395043,9.054871,-0.490811
26-Jan-2025 14:21:44.520,-0.40462,8.939949,-0.169988
26-Jan-2025 14:21:44.536,-0.079009,9.126697,-0.067038
26-Jan-2025 14:21:44.552,0.244209,9.639056,-0.126893
26-Jan-2025 14:21:44.568,0.442927,10.201694,-0.335188
26-Jan-2025 14:21:44.584,0.363919,10.745177,-0.452504
26-Jan-2025 14:21:44.600,0.21069,11.159374,-0.189142
26-Jan-2025 14:21:44.616,-0.004788,11.355699,-0.102951
26-Jan-2025 14:21:44.632,-0.110133,11.329363,-0.217872
26-Jan-2025 14:21:44.648,0.023942,11.896789,-0.21069
26-Jan-2025 14:21:44.664,-0.086191,12.179304,-0.486023
26-Jan-2025 14:21:44.680,0.153229,11.745954,0.112527
26-Jan-2025 14:21:44.697,0.852336,11.221623,0.845153
26-Jan-2025 14:21:44.713,1.376666,10.888829,0.881066
26-Jan-2025 14:21:44.729,1.886631,10.761936,0.981623
26-Jan-2025 14:21:44.745,1.855506,10.522516,1.187524
26-Jan-2025 14:21:44.761,1.865083,9.804255,1.103727
26-Jan-2025 14:21:44.777,1.90339,9.002198,1.309628
26-Jan-2025 14:21:44.793,2.087744,8.219295,1.850718
26-Jan-2025 14:21:44.809,2.506729,7.390901,2.291251
26-Jan-2025 14:21:44.825,2.892196,7.295133,2.0231
26-Jan-2025 14:21:44.841,2.686294,7.991845,1.489193
26-Jan-2025 14:21:44.857,1.841141,9.184157,1.300052
26-Jan-2025 14:21:44.873,1.189918,10.292673,0.902614
26-Jan-2025 14:21:44.889,0.600945,11.020511,0.665588
26-Jan-2025 14:21:44.905,0.392649,10.828975,0.790087
26-Jan-2025 14:21:44.921,0.806846,9.904813,0.756568
26-Jan-2025 14:21:44.937,1.410185,9.07163,0.708684
26-Jan-2025 14:21:44.953,2.047042,8.5473,0.926556
26-Jan-2025 14:21:44.970,2.39899,8.396465,1.01993
26-Jan-2025 14:21:44.986,2.358289,8.51857,0.802058
26-Jan-2025 14:21:45.002,2.145205,8.853758,0.47884
26-Jan-2025 14:21:45.018,1.996764,9.227253,0.574608
26-Jan-2025 14:21:45.034,1.762132,9.557653,0.517148
26-Jan-2025 14:21:45.050,1.594538,9.859323,0.277727
26-Jan-2025 14:21:45.066,1.410185,10.15381,0.148441
26-Jan-2025 14:21:45.082,1.211466,10.168175,0.040701
26-Jan-2025 14:21:45.098,1.106121,9.947908,0.146046
26-Jan-2025 14:21:45.114,1.237802,9.787497,0.033519
26-Jan-2025 14:21:45.130,1.070208,9.856929,0.172383
26-Jan-2025 14:21:45.146,0.905008,10.043676,0.198719
26-Jan-2025 14:21:45.162,1.082179,10.316615,0.287304
26-Jan-2025 14:21:45.178,1.335965,10.70687,0.612916
26-Jan-2025 14:21:45.194,1.357512,11.243171,0.857124
26-Jan-2025 14:21:45.210,1.120486,11.848905,0.483629
26-Jan-2025 14:21:45.226,0.639252,12.629414,0.153229
26-Jan-2025 14:21:45.242,-0.043096,13.883976,0.950498
26-Jan-2025 14:21:45.258,-0.490811,14.17128,1.125275
26-Jan-2025 14:21:45.274,-0.70629,12.646173,0.031125
26-Jan-2025 14:21:45.291,-1.074997,11.422736,0.617704
26-Jan-2025 14:21:45.306,-1.031901,10.292673,1.63524
26-Jan-2025 14:21:45.323,-0.830788,9.160215,1.577779
26-Jan-2025 14:21:45.339,-0.667982,8.50181,1.067814
26-Jan-2025 14:21:45.355,-0.667982,8.149862,0.821211
26-Jan-2025 14:21:45.371,-0.675165,7.920019,0.833182
26-Jan-2025 14:21:45.387,-0.624887,7.862558,0.725443
26-Jan-2025 14:21:45.403,-0.730232,8.164227,0.890643
26-Jan-2025 14:21:45.419,-0.684742,8.750807,0.806846
26-Jan-2025 14:21:45.435,-0.380678,9.416395,0.3304
26-Jan-2025 14:21:45.451,0.07422,10.089166,-0.04549
26-Jan-2025 14:21:45.467,0.572214,10.395624,-0.213084
26-Jan-2025 14:21:45.483,0.711078,10.196905,-0.043096
26-Jan-2025 14:21:45.499,0.440533,9.655815,-0.019154
26-Jan-2025 14:21:45.515,-0.014365,9.188946,0.014365
26-Jan-2025 14:21:45.531,-0.572214,8.858546,0.244209
26-Jan-2025 14:21:45.547,-0.773327,8.583213,0.167594
26-Jan-2025 14:21:45.563,-0.651223,8.480263,-0.260968
26-Jan-2025 14:21:45.579,-0.593762,8.535329,-0.56982
26-Jan-2025 14:21:45.595,-0.442927,8.746018,-0.6608
26-Jan-2025 14:21:45.612,-0.349553,9.0429,-0.500388
26-Jan-2025 14:21:45.628,-0.332794,9.488221,-0.476446
26-Jan-2025 14:21:45.644,-0.380678,9.904813,-0.574608
26-Jan-2025 14:21:45.660,-0.64404,10.117896,-0.787692
26-Jan-2025 14:21:45.676,-0.984017,9.904813,-0.976834
26-Jan-2025 14:21:45.692,-1.132457,9.380483,-0.933739
26-Jan-2025 14:21:45.708,-1.072602,8.920795,-0.723049
26-Jan-2025 14:21:45.724,-0.88346,8.844181,-0.486023
26-Jan-2025 14:21:45.740,-0.718261,9.270349,-0.31364
26-Jan-2025 14:21:45.756,-0.586579,9.94312,-0.347159
26-Jan-2025 14:21:45.772,-0.380678,10.589554,-0.538695
26-Jan-2025 14:21:45.788,-0.220267,11.257536,-0.61531
26-Jan-2025 14:21:45.803,-0.019154,11.640609,-0.646434
26-Jan-2025 14:21:45.820,-0.177171,11.415554,-0.426168
26-Jan-2025 14:21:45.836,-0.512359,10.941502,-0.019154
26-Jan-2025 14:21:45.852,-0.68953,10.721235,-0.323217
26-Jan-2025 14:21:45.868,-0.56982,11.166556,-0.902614
26-Jan-2025 14:21:45.884,-0.392649,11.882423,-1.039083
26-Jan-2025 14:21:45.900,-0.155623,12.081141,-0.560243
26-Jan-2025 14:21:45.916,-0.158017,11.882423,0.04549
26-Jan-2025 14:21:45.933,-0.351948,11.587936,0.114922
26-Jan-2025 14:21:45.949,-0.220267,11.11149,-0.181959
26-Jan-2025 14:21:45.965,0.251391,10.170568,-0.067038
26-Jan-2025 14:21:45.981,0.919373,8.853758,0.122104
26-Jan-2025 14:21:45.997,1.489193,7.697359,0.105345
26-Jan-2025 14:21:46.013,1.757344,7.034164,0.672771
26-Jan-2025 14:21:46.029,2.11408,6.897695,1.891419
26-Jan-2025 14:21:46.045,2.420538,7.144298,1.774103
26-Jan-2025 14:21:46.061,2.094927,7.922413,0.684742
26-Jan-2025 14:21:46.077,1.249773,9.342175,-0.253785
26-Jan-2025 14:21:46.093,0.574608,10.905589,-0.509965
26-Jan-2025 14:21:46.109,0.138864,12.334928,-0.337582
26-Jan-2025 14:21:46.124,-0.656011,12.722788,-0.088585
26-Jan-2025 14:21:46.141,-0.933739,11.573571,-0.500388
26-Jan-2025 14:21:46.157,-0.158017,10.158598,-0.622492
26-Jan-2025 14:21:46.173,0.744597,9.363723,-0.687136
26-Jan-2025 14:21:46.189,1.204283,9.033323,-0.727837
26-Jan-2025 14:21:46.205,1.206678,8.930372,-0.715866
26-Jan-2025 14:21:46.221,1.000776,8.8777,-0.725443
26-Jan-2025 14:21:46.238,0.869095,8.755595,-0.653617
26-Jan-2025 14:21:46.254,0.811634,8.631097,-0.610521
26-Jan-2025 14:21:46.270,0.526724,8.542512,-0.718261
26-Jan-2025 14:21:46.286,0.062249,8.647857,-0.986411
26-Jan-2025 14:21:46.302,-0.306458,8.985439,-1.180341
26-Jan-2025 14:21:46.318,-0.371101,9.595961,-1.340753
26-Jan-2025 14:21:46.334,-0.201113,10.081984,-1.570596
26-Jan-2025 14:21:46.350,0.203507,10.187328,-1.726219
26-Jan-2025 14:21:46.366,0.4956,10.036493,-1.486799
26-Jan-2025 14:21:46.382,0.462081,9.89763,-0.981623
26-Jan-2025 14:21:46.398,0.258574,9.883265,-0.325611
26-Jan-2025 14:21:46.414,0.038307,9.859323,-0.383072
26-Jan-2025 14:21:46.430,-0.138864,10.160992,-0.885855
26-Jan-2025 14:21:46.446,-0.251391,11.077971,-1.089362
26-Jan-2025 14:21:46.462,-0.416591,11.96622,-1.173159
26-Jan-2025 14:21:46.478,-0.694318,12.868834,-0.481235
26-Jan-2025 14:21:46.494,-1.254562,14.255077,0.335188
26-Jan-2025 14:21:46.510,-1.266533,13.979744,-0.392649
26-Jan-2025 14:21:46.527,-1.053449,12.27986,-0.335188
26-Jan-2025 14:21:46.543,-1.343147,11.45865,1.04866
26-Jan-2025 14:21:46.559,-1.841141,11.252748,1.47004
26-Jan-2025 14:21:46.575,-2.082955,10.771513,0.802058
26-Jan-2025 14:21:46.591,-2.030283,10.043676,0.093374
26-Jan-2025 14:21:46.607,-2.138022,9.229648,0.093374
26-Jan-2025 14:21:46.623,-2.451663,8.458714,0.804452
26-Jan-2025 14:21:46.639,-2.738967,7.771579,1.503559
26-Jan-2025 14:21:46.655,-2.636016,7.448361,1.405396
26-Jan-2025 14:21:46.671,-2.303222,7.517793,0.711078
26-Jan-2025 14:21:46.687,-1.482011,8.202535,0.129287
26-Jan-2025 14:21:46.703,-0.505177,9.176975,0.023942
26-Jan-2025 14:21:46.719,-0.186748,9.713276,0.081403
26-Jan-2025 14:21:46.735,-0.466869,9.481039,0.110133
26-Jan-2025 14:21:46.751,-0.816423,9.136273,0.220267
26-Jan-2025 14:21:46.767,-1.084573,8.693346,0.198719
26-Jan-2025 14:21:46.783,-1.335965,8.439561,0.064643
26-Jan-2025 14:21:46.799,-1.45328,8.39886,-0.067038
26-Jan-2025 14:21:46.815,-1.264138,8.722076,0.033519
26-Jan-2025 14:21:46.832,-1.067814,9.126697,-0.122104
26-Jan-2025 14:21:46.848,-1.058237,9.291897,-0.414197
26-Jan-2025 14:21:46.864,-0.912191,9.414001,-0.579397
26-Jan-2025 14:21:46.880,-0.744597,9.557653,-0.627281
26-Jan-2025 14:21:46.896,-0.713472,9.64145,-0.725443
26-Jan-2025 14:21:46.912,-0.823605,9.73243,-0.881066
26-Jan-2025 14:21:46.928,-1.024718,9.763555,-1.113304
26-Jan-2025 14:21:46.944,-1.173159,9.691729,-1.297657
26-Jan-2025 14:21:46.960,-1.074997,9.651027,-1.01993
26-Jan-2025 14:21:46.976,-1.113304,9.437943,-0.620098
26-Jan-2025 14:21:46.992,-1.187524,9.155427,-0.440533
26-Jan-2025 14:21:47.008,-1.079785,9.021352,-0.399832
26-Jan-2025 14:21:47.024,-0.754174,9.303867,-0.397437
26-Jan-2025 14:21:47.040,-0.577003,10.084377,-0.588974
26-Jan-2025 14:21:47.056,-0.445322,11.075577,-0.739808
26-Jan-2025 14:21:47.072,-0.605733,11.5616,-0.612916
26-Jan-2025 14:21:47.088,-0.955287,11.571177,-0.423774
26-Jan-2025 14:21:47.104,-1.079785,11.575965,-0.474052
26-Jan-2025 14:21:47.120,-0.847547,12.061988,-0.670376
26-Jan-2025 14:21:47.136,-0.665588,12.220005,-1.142034
26-Jan-2025 14:21:47.153,-0.31364,11.722012,-1.012747
26-Jan-2025 14:21:47.169,0.289698,11.348516,-0.476446
26-Jan-2025 14:21:47.185,0.490811,11.070788,-0.222661
26-Jan-2025 14:21:47.201,0.466869,10.536881,0.217872
26-Jan-2025 14:21:47.217,0.761356,9.610326,0.52433
26-Jan-2025 14:21:47.233,1.058237,8.568848,0.509965
26-Jan-2025 14:21:47.249,1.103727,7.82904,0.378284
26-Jan-2025 14:21:47.265,1.074997,7.414843,0.617704
26-Jan-2025 14:21:47.281,1.30484,7.486669,1.154005
26-Jan-2025 14:21:47.297,1.642422,8.101978,1.199495
26-Jan-2025 14:21:47.313,1.477222,9.155427,0.610521
26-Jan-2025 14:21:47.329,0.835576,10.33098,0.098162
26-Jan-2025 14:21:47.345,-0.062249,11.267113,-0.158017
26-Jan-2025 14:21:47.361,-0.847547,11.422736,-0.392649
26-Jan-2025 14:21:47.377,-1.144428,10.812215,-0.430956
26-Jan-2025 14:21:47.393,-0.962469,10.115502,-0.277727
26-Jan-2025 14:21:47.409,-0.47884,9.715671,-0.23942
26-Jan-2025 14:21:47.425,0.031125,9.603143,-0.325611
26-Jan-2025 14:21:47.441,0.289698,9.662998,-0.667982
26-Jan-2025 14:21:47.457,0.474052,9.603143,-0.816423
26-Jan-2025 14:21:47.474,0.56982,9.44752,-0.826
26-Jan-2025 14:21:47.490,0.517148,9.263166,-0.670376
26-Jan-2025 14:21:47.506,0.378284,9.02614,-0.691924
26-Jan-2025 14:21:47.522,0.067038,8.911219,-0.811634
26-Jan-2025 14:21:47.538,-0.196325,8.942344,-0.986411
26-Jan-2025 14:21:47.554,-0.282516,9.004593,-1.134852
26-Jan-2025 14:21:47.570,-0.244209,9.119514,-1.027112
26-Jan-2025 14:21:47.586,0.062249,9.150639,-0.955287
26-Jan-2025 14:21:47.602,0.387861,9.064447,-1.007959
26-Jan-2025 14:21:47.618,0.433351,9.059659,-0.897826
26-Jan-2025 14:21:47.634,0.148441,9.169792,-0.708684
26-Jan-2025 14:21:47.650,0.067038,9.358934,-0.574608
26-Jan-2025 14:21:47.666,0.225055,9.595961,-0.433351
26-Jan-2025 14:21:47.682,0.35913,9.94312,-0.23942
26-Jan-2025 14:21:47.698,0.110133,10.443508,-0.368707
26-Jan-2025 14:21:47.714,-0.208296,11.092337,-0.749385
26-Jan-2025 14:21:47.730,-0.184354,11.571177,-1.058237
26-Jan-2025 14:21:47.746,0.153229,11.908759,-1.103727
26-Jan-2025 14:21:47.762,0.35913,11.98298,-1.115698
26-Jan-2025 14:21:47.779,0.098162,12.445061,-0.268151
26-Jan-2025 14:21:47.795,-0.454898,13.730747,0.708684
26-Jan-2025 14:21:47.811,-0.596156,13.03164,-0.548272
26-Jan-2025 14:21:47.827,-0.380678,11.812991,-0.56982
26-Jan-2025 14:21:47.843,-0.840365,11.341333,0.936133
26-Jan-2025 14:21:47.859,-1.47004,10.888829,1.501164
26-Jan-2025 14:21:47.875,-1.714248,10.240001,1.122881
26-Jan-2025 14:21:47.891,-1.821988,9.572019,0.296881
26-Jan-2025 14:21:47.907,-1.944092,8.887277,0.095768
26-Jan-2025 14:21:47.923,-2.185906,8.236053,1.115698
26-Jan-2025 14:21:47.939,-2.408567,7.946355,2.264915
26-Jan-2025 14:21:47.955,-2.245761,8.078036,2.133234
26-Jan-2025 14:21:47.971,-1.632846,8.556877,0.960075
26-Jan-2025 14:21:47.987,-1.007959,9.502586,-0.067038
26-Jan-2025 14:21:48.003,-0.426168,10.496181,-0.083797
26-Jan-2025 14:21:48.019,0.117316,10.91756,0.605733
26-Jan-2025 14:21:48.035,0.179565,10.311827,0.675165
26-Jan-2025 14:21:48.051,-0.086191,9.722853,0.265756
26-Jan-2025 14:21:48.068,-0.416591,9.435549,-0.086191
26-Jan-2025 14:21:48.084,-0.653617,9.114726,-0.347159
26-Jan-2025 14:21:48.100,-0.562637,8.611943,-0.500388
26-Jan-2025 14:21:48.116,-0.301669,8.238448,-0.354342
26-Jan-2025 14:21:48.132,-0.047884,7.989451,0.004788
26-Jan-2025 14:21:48.148,0.150835,8.044518,0.258574
26-Jan-2025 14:21:48.164,0.04549,8.408437,0.040701
26-Jan-2025 14:21:48.180,-0.325611,8.925584,-0.708684
26-Jan-2025 14:21:48.196,-0.531513,9.375694,-1.130063
26-Jan-2025 14:21:48.212,-0.507571,9.902418,-0.998382
26-Jan-2025 14:21:48.228,-0.447716,10.187328,-0.6608
26-Jan-2025 14:21:48.244,-0.347159,10.110714,-0.730232
26-Jan-2025 14:21:48.260,-0.260968,9.856929,-0.565032
26-Jan-2025 14:21:48.276,0.009577,9.516952,-0.490811
26-Jan-2025 14:21:48.292,0.248997,9.368511,-0.371101
26-Jan-2025 14:21:48.308,0.397437,9.440337,-0.222661
26-Jan-2025 14:21:48.324,0.502782,9.653421,-0.155623
26-Jan-2025 14:21:48.340,0.426168,10.101137,-0.25618
26-Jan-2025 14:21:48.356,0.107739,10.591949,-0.442927
26-Jan-2025 14:21:48.373,-0.215478,10.733206,-0.610521
26-Jan-2025 14:21:48.389,-0.169988,10.627861,-0.732626
26-Jan-2025 14:21:48.405,0.287304,10.711658,-0.723049
26-Jan-2025 14:21:48.421,0.833182,11.683704,-0.143652
26-Jan-2025 14:21:48.437,0.600945,12.593501,-0.383072
26-Jan-2025 14:21:48.453,0.289698,12.2224,-0.462081
26-Jan-2025 14:21:48.469,0.519542,12.148179,0.500388
26-Jan-2025 14:21:48.485,0.356736,11.666945,0.440533
26-Jan-2025 14:21:48.501,0.383072,10.620679,-0.064643
26-Jan-2025 14:21:48.517,0.766145,9.536105,-0.052672
26-Jan-2025 14:21:48.533,1.043872,8.643068,0.433351
26-Jan-2025 14:21:48.549,0.852336,8.092402,0.861913
26-Jan-2025 14:21:48.565,0.715866,7.955932,1.154005
26-Jan-2025 14:21:48.581,0.893037,8.406042,0.672771
26-Jan-2025 14:21:48.597,0.888249,9.356541,-0.296881
26-Jan-2025 14:21:48.613,0.301669,10.204087,-0.663194
26-Jan-2025 14:21:48.629,-0.873884,10.627861,-0.433351
26-Jan-2025 14:21:48.645,-1.762132,10.333375,-0.177171
26-Jan-2025 14:21:48.662,-1.810017,9.667787,0.011971
26-Jan-2025 14:21:48.678,-1.137246,9.248801,0.035913
26-Jan-2025 14:21:48.694,-0.318429,9.437943,0.043096
26-Jan-2025 14:21:48.710,0.258574,9.873688,-0.804452
26-Jan-2025 14:21:48.726,0.476446,10.405201,-0.794875
26-Jan-2025 14:21:48.742,0.529119,10.510546,-0.80924
26-Jan-2025 14:21:48.758,0.423774,10.098742,-0.586579
26-Jan-2025 14:21:48.774,0.339977,9.583989,-0.138864
26-Jan-2025 14:21:48.790,0.138864,9.023746,-0.155623
26-Jan-2025 14:21:48.806,-0.248997,8.789114,-0.464475
26-Jan-2025 14:21:48.822,-0.670376,8.963891,-0.617704
26-Jan-2025 14:21:48.838,-0.742203,9.346964,-0.579397
26-Jan-2025 14:21:48.854,-0.577003,9.720459,-0.430956
26-Jan-2025 14:21:48.870,-0.277727,9.830592,-0.45011
26-Jan-2025 14:21:48.886,0.016759,9.672575,-0.40462
26-Jan-2025 14:21:48.902,0.114922,9.519346,-0.325611
26-Jan-2025 14:21:48.918,0.035913,9.469068,-0.263362
26-Jan-2025 14:21:48.934,-0.356736,9.500193,-0.215478
26-Jan-2025 14:21:48.951,-0.76375,9.837775,0.208296
26-Jan-2025 14:21:48.967,-0.61531,10.156203,0.368707
26-Jan-2025 14:21:48.983,-0.260968,10.754754,0.337582
26-Jan-2025 14:21:48.999,0.079009,11.496957,-0.160412
26-Jan-2025 14:21:49.015,0.100556,12.263102,-0.339977
26-Jan-2025 14:21:49.031,-0.244209,12.531252,-0.45011
26-Jan-2025 14:21:49.047,-0.991199,12.576741,-0.462081
26-Jan-2025 14:21:49.063,-1.963245,11.71004,-0.88346
26-Jan-2025 14:21:49.079,-2.434903,10.424355,-0.924162
26-Jan-2025 14:21:49.095,-2.576161,9.445126,-0.332794
26-Jan-2025 14:21:49.111,-2.375048,8.647857,0.071826
26-Jan-2025 14:21:49.127,-2.025495,8.149862,0.428562
26-Jan-2025 14:21:49.143,-1.630451,7.762002,0.507571
26-Jan-2025 14:21:49.159,-1.302446,7.745243,0.54109
26-Jan-2025 14:21:49.175,-1.053449,7.912837,0.474052
26-Jan-2025 14:21:49.191,-1.211466,8.116343,0.35913
26-Jan-2025 14:21:49.207,-1.563414,8.348581,0.373495
26-Jan-2025 14:21:49.223,-2.051831,8.714894,0.373495
26-Jan-2025 14:21:49.240,-2.492364,9.320627,0.442927
26-Jan-2025 14:21:49.256,-2.669535,10.06283,0.457293
26-Jan-2025 14:21:49.272,-2.65517,10.654198,0.380678
26-Jan-2025 14:21:49.288,-2.545036,11.166556,0.701501
26-Jan-2025 14:21:49.304,-2.281674,11.712435,0.907402
26-Jan-2025 14:21:49.320,-1.886631,11.86327,0.205901
26-Jan-2025 14:21:49.336,-1.647211,11.295844,-0.488417
26-Jan-2025 14:21:49.352,-1.49877,10.465055,-0.179565
26-Jan-2025 14:21:49.368,-1.364695,9.856929,0.814029
26-Jan-2025 14:21:49.384,-1.371878,9.560047,1.163582
26-Jan-2025 14:21:49.400,-1.479617,9.385271,0.967257
26-Jan-2025 14:21:49.416,-1.297657,9.330204,0.172383
26-Jan-2025 14:21:49.432,-1.067814,9.394848,-0.414197
26-Jan-2025 14:21:49.448,-1.036689,9.478644,-0.275333
26-Jan-2025 14:21:49.464,-1.053449,9.504981,0.076614
26-Jan-2025 14:21:49.480,-1.084573,9.545682,0.198719
26-Jan-2025 14:21:49.496,-1.237802,9.655815,-0.014365
26-Jan-2025 14:21:49.512,-1.403002,9.89763,-0.134075
26-Jan-2025 14:21:49.528,-1.522712,10.206482,-0.253785
26-Jan-2025 14:21:49.545,-1.580173,10.441113,-0.469264
26-Jan-2025 14:21:49.561,-1.616086,10.515334,-0.68953
26-Jan-2025 14:21:49.577,-1.505953,10.307038,-0.785298
26-Jan-2025 14:21:49.593,-1.405396,9.993398,-0.715866
26-Jan-2025 14:21:49.609,-1.338359,9.703699,-0.577003
26-Jan-2025 14:21:49.625,-1.268927,9.528923,-0.407014
26-Jan-2025 14:21:49.641,-1.151611,9.473856,-0.509965
26-Jan-2025 14:21:49.657,-1.216254,9.478644,-0.581791
26-Jan-2025 14:21:49.673,-1.35033,9.320627,-0.579397
26-Jan-2025 14:21:49.689,-1.383849,9.291897,-0.349553
26-Jan-2025 14:21:49.705,-1.23062,9.600749,-0.035913
26-Jan-2025 14:21:49.721,-1.053449,9.847352,-0.684742
26-Jan-2025 14:21:49.737,-1.328782,10.072407,-0.861913
26-Jan-2025 14:21:49.753,-1.659182,10.424355,-0.339977
26-Jan-2025 14:21:49.769,-1.905785,10.785878,-0.026336
26-Jan-2025 14:21:49.785,-1.78368,10.94629,-0.277727
26-Jan-2025 14:21:49.801,-1.101333,10.742783,-0.562637
26-Jan-2025 14:21:49.817,-0.25618,10.170568,-0.402226
26-Jan-2025 14:21:49.833,0.294487,9.490616,0.198719
26-Jan-2025 14:21:49.849,0.40462,9.081207,0.545878
26-Jan-2025 14:21:49.866,0.342371,8.90643,0.237026
26-Jan-2025 14:21:49.882,0.150835,8.870518,-0.294487
26-Jan-2025 14:21:49.898,0.296881,8.925584,-0.129287
26-Jan-2025 14:21:49.914,0.756568,9.004593,0.320823
26-Jan-2025 14:21:49.930,1.278504,9.23683,0.656011
26-Jan-2025 14:21:49.946,1.479617,9.907207,0.720655
26-Jan-2025 14:21:49.962,1.175553,11.11149,0.076614
26-Jan-2025 14:21:49.978,0.339977,12.23437,-0.78051
26-Jan-2025 14:21:49.994,-0.387861,12.425907,-0.981623
26-Jan-2025 14:21:50.010,-0.567426,11.676521,-0.670376
26-Jan-2025 14:21:50.026,-0.318429,10.836157,-0.397437
26-Jan-2025 14:21:50.042,0.019154,10.156203,-0.258574
26-Jan-2025 14:21:50.058,0.323217,9.662998,-0.275333
26-Jan-2025 14:21:50.074,0.632069,9.275137,-0.191536
26-Jan-2025 14:21:50.090,0.993594,8.975863,-0.383072
26-Jan-2025 14:21:50.106,1.067814,8.698134,-0.282516
26-Jan-2025 14:21:50.122,0.92895,8.463503,-0.160412
26-Jan-2025 14:21:50.138,0.847547,8.339005,-0.232238
26-Jan-2025 14:21:50.154,0.876278,8.441956,-0.31364
26-Jan-2025 14:21:50.170,0.811634,8.746018,-0.383072
26-Jan-2025 14:21:50.187,0.76375,9.169792,-0.430956
26-Jan-2025 14:21:50.203,0.804452,9.624691,-0.411803
26-Jan-2025 14:21:50.219,0.816423,9.957485,-0.519542
26-Jan-2025 14:21:50.235,0.804452,10.163386,-0.509965
26-Jan-2025 14:21:50.251,0.823605,10.249578,-0.543484
26-Jan-2025 14:21:50.267,0.821211,10.216059,-0.835576
26-Jan-2025 14:21:50.283,0.852336,10.086772,-0.845153
26-Jan-2025 14:21:50.299,0.869095,9.883265,-0.605733
26-Jan-2025 14:21:50.315,0.799663,9.701305,-0.627281
26-Jan-2025 14:21:50.331,0.804452,9.821015,-0.600945
26-Jan-2025 14:21:50.347,0.94571,10.120291,-0.25618
26-Jan-2025 14:21:50.363,0.962469,10.31901,-0.241814
26-Jan-2025 14:21:50.379,0.782904,10.58716,-0.418985
26-Jan-2025 14:21:50.395,0.529119,10.860099,-0.730232
26-Jan-2025 14:21:50.411,0.272939,11.013328,-0.612916
26-Jan-2025 14:21:50.427,0.222661,11.147403,-0.490811
26-Jan-2025 14:21:50.443,0.318429,11.815386,0.052672
26-Jan-2025 14:21:50.459,0.3304,13.27106,0.100556
26-Jan-2025 14:21:50.475,-0.169988,13.393165,-0.713472
26-Jan-2025 14:21:50.492,-0.289698,12.337321,0.016759
26-Jan-2025 14:21:50.508,-0.876278,11.820174,0.629675
26-Jan-2025 14:21:50.524,-1.70946,11.963826,0.497994
26-Jan-2025 14:21:50.540,-2.075773,11.678916,-0.031125
26-Jan-2025 14:21:50.556,-1.853112,10.651803,-0.237026
26-Jan-2025 14:21:50.572,-1.790863,9.528923,0.100556
26-Jan-2025 14:21:50.588,-1.84593,8.441956,0.605733
26-Jan-2025 14:21:50.604,-1.865083,7.472303,0.931344
26-Jan-2025 14:21:50.620,-1.726219,6.835446,1.180341
26-Jan-2025 14:21:50.636,-1.438915,6.842628,1.005565
26-Jan-2025 14:21:50.652,-1.225831,7.417237,0.442927
26-Jan-2025 14:21:50.668,-1.182736,8.343793,-0.040701
26-Jan-2025 14:21:50.684,-1.115698,9.088389,-0.095768
26-Jan-2025 14:21:50.700,-0.919373,9.809045,0.071826
26-Jan-2025 14:21:50.716,-0.864307,10.297462,-0.126893
26-Jan-2025 14:21:50.732,-0.90022,10.366894,-0.497994
26-Jan-2025 14:21:50.748,-0.88346,10.170568,-0.509965
26-Jan-2025 14:21:50.764,-0.730232,9.854534,-0.428562
26-Jan-2025 14:21:50.781,-0.656011,9.502586,-0.265756
26-Jan-2025 14:21:50.797,-0.40462,9.069236,-0.050278
26-Jan-2025 14:21:50.813,-0.543484,9.047688,-0.337582
26-Jan-2025 14:21:50.829,-0.56982,9.13388,-0.936133
26-Jan-2025 14:21:50.845,-0.636858,8.825027,-0.897826
26-Jan-2025 14:21:50.861,-0.723049,8.65025,-0.471658
26-Jan-2025 14:21:50.877,-0.792481,8.693346,-0.102951
26-Jan-2025 14:21:50.893,-0.632069,9.016563,-0.59855
26-Jan-2025 14:21:50.909,-0.371101,9.502586,-1.405396
26-Jan-2025 14:21:50.925,-0.476446,9.768343,-1.216254
26-Jan-2025 14:21:50.941,-0.64404,9.619903,-0.916979
26-Jan-2025 14:21:50.957,-0.749385,9.210494,-0.691924
26-Jan-2025 14:21:50.973,-0.691924,8.918402,-0.629675
26-Jan-2025 14:21:50.989,-0.603339,8.992621,-0.567426
26-Jan-2025 14:21:51.005,-0.339977,9.220071,-0.289698
26-Jan-2025 14:21:51.021,-0.179565,9.296685,-0.122104
26-Jan-2025 14:21:51.037,-0.124498,9.811439,-0.09098
26-Jan-2025 14:21:51.053,-0.122104,10.572795,-0.387861
26-Jan-2025 14:21:51.070,-0.3304,11.106702,-0.730232
26-Jan-2025 14:21:51.086,-0.665588,11.279084,-0.577003
26-Jan-2025 14:21:51.102,-0.634463,11.372458,-0.433351
26-Jan-2025 14:21:51.118,-0.667982,11.647791,-0.536301
26-Jan-2025 14:21:51.134,-0.521936,12.097901,-0.718261
26-Jan-2025 14:21:51.150,-0.344765,12.373235,-0.679953
26-Jan-2025 14:21:51.166,-0.062249,12.409147,-0.248997
26-Jan-2025 14:21:51.182,0.057461,12.310986,-0.246603
26-Jan-2025 14:21:51.198,0.088585,11.77229,-0.445322
26-Jan-2025 14:21:51.214,0.335188,10.924743,-0.148441
26-Jan-2025 14:21:51.230,0.627281,9.780313,0.320823
26-Jan-2025 14:21:51.246,0.665588,8.707711,0.672771
26-Jan-2025 14:21:51.262,0.474052,7.81228,0.339977
26-Jan-2025 14:21:51.278,0.505177,7.060501,0.21069
26-Jan-2025 14:21:51.294,0.895431,6.634333,0.90022
26-Jan-2025 14:21:51.310,1.458069,6.828263,1.312023
26-Jan-2025 14:21:51.326,1.616086,7.785944,0.756568
26-Jan-2025 14:21:51.342,1.572991,9.583989,0.117316
26-Jan-2025 14:21:51.358,0.845153,11.475409,-0.454898
26-Jan-2025 14:21:51.375,-0.356736,12.485762,-0.438139
26-Jan-2025 14:21:51.391,-0.737414,12.10269,-0.349553
26-Jan-2025 14:21:51.407,-0.265756,10.915166,-0.519542
26-Jan-2025 14:21:51.423,0.095768,10.139444,-0.280122
26-Jan-2025 14:21:51.439,0.272939,9.665392,-0.11971
26-Jan-2025 14:21:51.455,0.390255,9.445126,-0.306458
26-Jan-2025 14:21:51.471,0.567426,9.25359,-0.502782
26-Jan-2025 14:21:51.487,0.61531,9.028535,-0.76375
26-Jan-2025 14:21:51.503,0.505177,8.76996,-0.567426
26-Jan-2025 14:21:51.519,0.433351,8.425196,-0.639252
26-Jan-2025 14:21:51.535,0.4956,8.087613,-0.852336
26-Jan-2025 14:21:51.551,0.531513,8.178593,-0.823605
26-Jan-2025 14:21:51.567,0.351948,8.671799,-0.909797
26-Jan-2025 14:21:51.583,0.402226,9.107543,-1.288081
26-Jan-2025 14:21:51.599,0.514753,9.469068,-1.209072
26-Jan-2025 14:21:51.615,0.545878,9.634268,-0.751779
26-Jan-2025 14:21:51.631,0.593762,9.785102,-0.593762
26-Jan-2025 14:21:51.647,0.572214,9.952697,-0.610521
26-Jan-2025 14:21:51.663,0.452504,10.201694,-0.588974
26-Jan-2025 14:21:51.680,0.263362,10.58716,-0.730232
26-Jan-2025 14:21:51.696,-0.038307,11.109096,-1.039083
26-Jan-2025 14:21:51.712,-0.289698,11.602302,-1.276109
26-Jan-2025 14:21:51.728,-0.445322,11.98298,-1.177947
26-Jan-2025 14:21:51.743,-0.395043,13.065159,-0.198719
26-Jan-2025 14:21:51.760,-0.895431,14.075512,-0.033519
26-Jan-2025 14:21:51.776,-1.30484,12.916718,-0.773327
26-Jan-2025 14:21:51.792,-1.240196,11.343728,-0.201113
26-Jan-2025 14:21:51.808,-1.441309,11.018116,0.797269
26-Jan-2025 14:21:51.824,-1.831564,10.699687,0.3304
26-Jan-2025 14:21:51.840,-2.059013,10.067618,-0.656011
26-Jan-2025 14:21:51.856,-2.161964,9.13388,-1.158794
26-Jan-2025 14:21:51.872,-2.255338,8.248025,-0.179565
26-Jan-2025 14:21:51.888,-1.934515,7.843405,1.091756
26-Jan-2025 14:21:51.904,-1.458069,7.876924,1.151611
26-Jan-2025 14:21:51.920,-1.074997,8.066066,0.244209
26-Jan-2025 14:21:51.936,-0.684742,8.611943,-0.23942
26-Jan-2025 14:21:51.952,-0.325611,9.232041,-0.191536
26-Jan-2025 14:21:51.969,-0.021548,9.888053,-0.186748
26-Jan-2025 14:21:51.985,-0.25618,10.196905,-0.306458
26-Jan-2025 14:21:52.001,-0.893037,9.998186,-0.373495
26-Jan-2025 14:21:52.017,-1.115698,9.524135,-0.356736
26-Jan-2025 14:21:52.033,-1.015141,9.210494,-0.232238
26-Jan-2025 14:21:52.049,-0.78051,8.975863,-0.23942
26-Jan-2025 14:21:52.064,-0.481235,8.690952,-0.205901
26-Jan-2025 14:21:52.081,-0.205901,8.444349,-0.062249
26-Jan-2025 14:21:52.097,-0.311246,8.3821,-0.007183
26-Jan-2025 14:21:52.113,-0.730232,8.576031,-0.234632
26-Jan-2025 14:21:52.129,-1.077391,8.868123,-0.675165
26-Jan-2025 14:21:52.145,-1.197101,9.315839,-0.940921
26-Jan-2025 14:21:52.161,-1.165976,9.746795,-0.842759
26-Jan-2025 14:21:52.177,-1.058237,9.696517,-0.732626
26-Jan-2025 14:21:52.193,-1.13964,9.26556,-0.699107
26-Jan-2025 14:21:52.209,-1.173159,9.018958,-0.363919
26-Jan-2025 14:21:52.225,-1.254562,9.07163,-0.095768
26-Jan-2025 14:21:52.241,-1.42455,9.354146,0.057461
26-Jan-2025 14:21:52.257,-1.793257,9.955091,0.234632
26-Jan-2025 14:21:52.274,-2.224213,10.560823,0.246603
26-Jan-2025 14:21:52.290,-2.561796,10.898406,0.093374
26-Jan-2025 14:21:52.306,-2.726996,10.620679,-0.067038
26-Jan-2025 14:21:52.322,-2.786851,10.338163,0.268151
26-Jan-2025 14:21:52.338,-2.92332,10.639832,1.015141
26-Jan-2025 14:21:52.354,-2.5187,11.006145,1.436521
26-Jan-2025 14:21:52.370,-1.869871,11.461043,1.084573
26-Jan-2025 14:21:52.385,-1.328782,12.186486,0.651223
26-Jan-2025 14:21:52.402,-1.046266,11.911154,0.004788
26-Jan-2025 14:21:52.418,-1.108515,10.857705,0.055067
26-Jan-2025 14:21:52.434,-0.976834,10.13705,0.768539
26-Jan-2025 14:21:52.450,-0.612916,9.423578,0.97444
26-Jan-2025 14:21:52.466,-0.347159,9.011775,1.060631
26-Jan-2025 14:21:52.482,0.117316,8.995016,0.768539
26-Jan-2025 14:21:52.498,0.337582,9.277532,0.241814
26-Jan-2025 14:21:52.514,0.141258,10.163386,0.21069
26-Jan-2025 14:21:52.530,-0.519542,11.221623,-0.014365
26-Jan-2025 14:21:52.546,-1.740585,11.638214,-0.438139
26-Jan-2025 14:21:52.562,-2.607286,11.291056,-0.426168
26-Jan-2025 14:21:52.578,-2.011129,10.278308,-0.59855
26-Jan-2025 14:21:52.595,-0.78051,9.251195,-0.682347
26-Jan-2025 14:21:52.611,-0.3304,8.731653,-0.430956
26-Jan-2025 14:21:52.627,-0.507571,8.595184,-0.304064
26-Jan-2025 14:21:52.643,-0.814029,8.686164,-0.430956
26-Jan-2025 14:21:52.659,-1.177947,8.726865,-0.691924
26-Jan-2025 14:21:52.675,-1.479617,8.702923,-0.888249
26-Jan-2025 14:21:52.691,-1.647211,8.540117,-0.876278
26-Jan-2025 14:21:52.707,-1.458069,8.628703,-0.749385
26-Jan-2025 14:21:52.723,-1.338359,8.944737,-0.711078
26-Jan-2025 14:21:52.739,-1.419762,9.356541,-0.931344
26-Jan-2025 14:21:52.755,-1.383849,9.555259,-1.201889
26-Jan-2025 14:21:52.771,-1.206678,9.43076,-1.01993
26-Jan-2025 14:21:52.787,-1.221043,9.301474,-0.577003
26-Jan-2025 14:21:52.803,-1.412579,9.390059,-0.31364
26-Jan-2025 14:21:52.819,-1.474828,9.557653,-0.442927
26-Jan-2025 14:21:52.835,-1.446098,9.842564,-0.790087
26-Jan-2025 14:21:52.851,-1.539472,10.199299,-0.754174
26-Jan-2025 14:21:52.867,-1.84593,10.716447,-0.596156
26-Jan-2025 14:21:52.884,-2.181118,11.341333,-0.751779
26-Jan-2025 14:21:52.900,-1.656788,11.465832,-1.42455
26-Jan-2025 14:21:52.916,-0.976834,11.741165,-0.696713
26-Jan-2025 14:21:52.932,-1.309628,12.571953,-0.232238
26-Jan-2025 14:21:52.948,-1.685518,12.53604,-0.837971
26-Jan-2025 14:21:52.964,-2.185906,12.526464,-0.80924
26-Jan-2025 14:21:52.980,-2.703054,12.270284,0.011971
26-Jan-2025 14:21:52.996,-3.033453,11.245565,0.454898
26-Jan-2025 14:21:53.012,-3.081338,10.000581,0.548272
26-Jan-2025 14:21:53.028,-2.861071,8.985439,0.351948
26-Jan-2025 14:21:53.044,-2.513912,8.06846,0.105345
26-Jan-2025 14:21:53.060,-2.403779,7.232883,0.632069
26-Jan-2025 14:21:53.076,-2.375048,6.591237,1.467646
26-Jan-2025 14:21:53.092,-2.406173,6.208165,1.565808
26-Jan-2025 14:21:53.108,-2.437297,6.725313,1.505953
26-Jan-2025 14:21:53.124,-2.336741,8.02297,1.30484
26-Jan-2025 14:21:53.140,-2.111686,9.708488,0.656011
26-Jan-2025 14:21:53.156,-1.673547,11.762712,0.062249
26-Jan-2025 14:21:53.172,-1.553837,12.588713,-0.407014
26-Jan-2025 14:21:53.189,-1.587356,11.532869,-0.402226
26-Jan-2025 14:21:53.205,-1.690306,10.283096,0.25618
26-Jan-2025 14:21:53.221,-1.63524,9.495404,0.440533
26-Jan-2025 14:21:53.237,-1.537078,8.951921,0.07422
26-Jan-2025 14:21:53.253,-1.45328,8.506598,-0.248997
26-Jan-2025 14:21:53.269,-1.233014,8.231265,-0.201113
26-Jan-2025 14:21:53.285,-1.034295,8.197746,-0.023942
26-Jan-2025 14:21:53.301,-1.043872,8.463503,-0.071826
26-Jan-2025 14:21:53.317,-1.254562,8.815451,-0.493206
26-Jan-2025 14:21:53.333,-1.517924,9.258378,-0.955287
26-Jan-2025 14:21:53.349,-1.683124,9.610326,-0.94571
26-Jan-2025 14:21:53.365,-1.750161,9.643845,-0.816423
26-Jan-2025 14:21:53.381,-1.656788,9.483433,-0.603339
26-Jan-2025 14:21:53.397,-1.482011,9.323022,-0.296881
26-Jan-2025 14:21:53.413,-1.359907,9.143456,-0.067038
26-Jan-2025 14:21:53.429,-1.070208,9.241618,0.057461
26-Jan-2025 14:21:53.445,-0.92895,9.593566,0.033519
26-Jan-2025 14:21:53.461,-0.957681,10.249578,-0.117316
26-Jan-2025 14:21:53.478,-0.981623,10.919954,-0.246603
26-Jan-2025 14:21:53.494,-1.086968,11.530476,-0.505177
26-Jan-2025 14:21:53.510,-1.254562,12.035652,-0.505177
26-Jan-2025 14:21:53.526,-1.098939,12.706028,-0.354342
26-Jan-2025 14:21:53.542,-0.691924,12.842498,-0.466869
26-Jan-2025 14:21:53.558,-0.462081,12.682086,-0.181959
26-Jan-2025 14:21:53.574,-0.155623,12.375628,0.134075
26-Jan-2025 14:21:53.590,-0.234632,11.805809,0.241814
26-Jan-2025 14:21:53.606,-0.153229,10.771513,0.047884
26-Jan-2025 14:21:53.622,0.064643,9.516952,0.294487
26-Jan-2025 14:21:53.638,0.217872,8.463503,0.588974
26-Jan-2025 14:21:53.654,0.277727,7.369353,0.782904
26-Jan-2025 14:21:53.670,0.526724,6.710948,1.031901
26-Jan-2025 14:21:53.686,1.043872,6.610391,1.347936
26-Jan-2025 14:21:53.702,1.309628,7.249643,1.197101
26-Jan-2025 14:21:53.718,0.924162,8.576031,0.440533
26-Jan-2025 14:21:53.734,0.160412,10.429143,-0.31364
26-Jan-2025 14:21:53.750,-1.005565,12.016499,-0.579397
26-Jan-2025 14:21:53.767,-2.099715,12.145785,-0.553061
26-Jan-2025 14:21:53.783,-2.080561,11.001357,-0.4956
26-Jan-2025 14:21:53.799,-1.273715,10.175357,-0.179565
26-Jan-2025 14:21:53.815,-0.723049,9.89763,-0.112527
26-Jan-2025 14:21:53.831,-0.339977,9.923966,-0.347159
26-Jan-2025 14:21:53.847,-0.02873,9.868899,-0.452504
26-Jan-2025 14:21:53.863,0.344765,9.569624,-0.591368
26-Jan-2025 14:21:53.879,0.373495,9.143456,-0.435745
26-Jan-2025 14:21:53.895,0.189142,8.784326,-0.169988
26-Jan-2025 14:21:53.911,0,8.439561,-0.277727
26-Jan-2025 14:21:53.927,-0.244209,8.324639,-0.517148
26-Jan-2025 14:21:53.943,-0.514753,8.537724,-0.861913
26-Jan-2025 14:21:53.959,-0.687136,8.968679,-1.046266
26-Jan-2025 14:21:53.975,-0.543484,9.392453,-0.914585
26-Jan-2025 14:21:53.991,-0.225055,9.660604,-0.859518
26-Jan-2025 14:21:54.007,-0.069432,9.691729,-0.907402
26-Jan-2025 14:21:54.023,-0.217872,9.677363,-0.924162
26-Jan-2025 14:21:54.039,-0.395043,9.763555,-0.80924
26-Jan-2025 14:21:54.056,-0.335188,9.847352,-0.52433
26-Jan-2025 14:21:54.072,-0.177171,10.086772,-0.148441
26-Jan-2025 14:21:54.088,0.141258,10.412383,-0.378284
26-Jan-2025 14:21:54.104,0.21069,10.85531,-0.840365
26-Jan-2025 14:21:54.120,-0.129287,11.183316,-1.154005
26-Jan-2025 14:21:54.136,-0.423774,11.250354,-1.199495
26-Jan-2025 14:21:54.152,-0.588974,11.200075,-1.120486
26-Jan-2025 14:21:54.168,-0.770933,11.549629,-0.418985
26-Jan-2025 14:21:54.184,-0.893037,12.366052,0.007183
26-Jan-2025 14:21:54.200,-0.893037,12.394782,-0.80924
26-Jan-2025 14:21:54.216,-1.156399,12.081141,-0.919373
26-Jan-2025 14:21:54.232,-1.407791,11.767501,-0.227449
26-Jan-2025 14:21:54.248,-1.941698,11.221623,0.584185
26-Jan-2025 14:21:54.264,-2.358289,10.474632,0.723049
26-Jan-2025 14:21:54.280,-2.341529,9.758766,0.363919
26-Jan-2025 14:21:54.296,-2.358289,9.030929,0.081403
26-Jan-2025 14:21:54.312,-2.384625,8.317456,0.112527
26-Jan-2025 14:21:54.328,-2.602497,7.671022,1.084573
26-Jan-2025 14:21:54.344,-2.674323,7.319075,1.881842
26-Jan-2025 14:21:54.361,-2.284068,7.311892,1.616086
26-Jan-2025 14:21:54.377,-1.980005,7.982268,0.823605
26-Jan-2025 14:21:54.393,-1.912967,9.148245,0.150835
26-Jan-2025 14:21:54.409,-1.912967,10.560823,-0.234632
26-Jan-2025 14:21:54.425,-2.135628,11.32218,-0.205901
26-Jan-2025 14:21:54.441,-2.276886,10.85531,-0.117316
26-Jan-2025 14:21:54.457,-2.264915,9.945514,-0.02873
26-Jan-2025 14:21:54.473,-2.231396,9.375694,0.110133
26-Jan-2025 14:21:54.489,-1.987187,8.868123,0.129287
26-Jan-2025 14:21:54.505,-1.66397,8.461109,0.21069
26-Jan-2025 14:21:54.521,-1.338359,8.176199,0.320823
26-Jan-2025 14:21:54.537,-1.154005,8.111555,0.244209
26-Jan-2025 14:21:54.553,-1.233014,8.341399,0.002394
26-Jan-2025 14:21:54.569,-1.539472,8.949526,-0.268151
26-Jan-2025 14:21:54.585,-1.905785,9.710882,-0.708684
26-Jan-2025 14:21:54.601,-2.169147,10.378864,-0.912191
26-Jan-2025 14:21:54.617,-2.185906,10.486604,-0.998382
26-Jan-2025 14:21:54.633,-1.891419,10.146626,-0.881066
26-Jan-2025 14:21:54.650,-1.568202,9.629479,-0.730232
26-Jan-2025 14:21:54.666,-1.355118,9.239224,-0.486023
26-Jan-2025 14:21:54.682,-1.187524,9.100361,-0.110133
26-Jan-2025 14:21:54.698,-1.089362,9.176975,0.067038
26-Jan-2025 14:21:54.714,-1.098939,9.516952,0.179565
26-Jan-2025 14:21:54.730,-1.144428,10.0748,-0.038307
26-Jan-2025 14:21:54.746,-1.029507,10.840945,-0.426168
26-Jan-2025 14:21:54.762,-1.027112,11.75553,-0.531513
26-Jan-2025 14:21:54.778,-1.371878,12.196063,-0.445322
26-Jan-2025 14:21:54.794,-1.510741,12.217611,-0.356736
26-Jan-2025 14:21:54.810,-1.266533,12.327744,-0.423774
26-Jan-2025 14:21:54.826,-0.711078,12.385205,-0.354342
26-Jan-2025 14:21:54.842,-0.040701,12.083536,-0.248997
26-Jan-2025 14:21:54.858,0.184354,11.803414,0.248997
26-Jan-2025 14:21:54.874,-0.035913,11.255142,0.565032
26-Jan-2025 14:21:54.890,-0.217872,10.589554,0.519542
26-Jan-2025 14:21:54.906,-0.184354,9.646238,0.31364
26-Jan-2025 14:21:54.923,-0.112527,8.614338,0.323217
26-Jan-2025 14:21:54.939,-0.004788,7.668628,0.629675
26-Jan-2025 14:21:54.955,0.306458,7.084443,1.280898
26-Jan-2025 14:21:54.971,0.864307,6.947973,1.42455
26-Jan-2025 14:21:54.987,1.407791,7.465121,0.972046
26-Jan-2025 14:21:55.003,1.307234,8.683769,0.306458
26-Jan-2025 14:21:55.019,0.723049,10.048465,0.162806
26-Jan-2025 14:21:55.035,0.019154,11.113884,0.409408
26-Jan-2025 14:21:55.051,-0.76375,11.51611,-0.052672
26-Jan-2025 14:21:55.067,-1.036689,11.197681,-0.742203
26-Jan-2025 14:21:55.083,-0.435745,10.429143,-0.926556
26-Jan-2025 14:21:55.099,0.04549,9.782708,-0.328006
26-Jan-2025 14:21:55.115,0.409408,9.394848,-0.095768
26-Jan-2025 14:21:55.131,0.562637,9.284714,-0.380678
26-Jan-2025 14:21:55.147,0.584185,9.306262,-0.670376
26-Jan-2025 14:21:55.163,0.52433,9.303867,-0.672771
26-Jan-2025 14:21:55.179,0.438139,9.124303,-0.711078
26-Jan-2025 14:21:55.195,0.287304,8.935161,-0.806846
26-Jan-2025 14:21:55.211,0.131681,8.820239,-0.792481
26-Jan-2025 14:21:55.228,-0.033519,8.882488,-0.859518
26-Jan-2025 14:21:55.244,-0.148441,9.045294,-1.070208
26-Jan-2025 14:21:55.260,-0.189142,9.234436,-1.16837
26-Jan-2025 14:21:55.276,-0.033519,9.299079,-1.118092
26-Jan-2025 14:21:55.292,0.069432,9.320627,-0.97444
26-Jan-2025 14:21:55.308,0.021548,9.382876,-0.754174
26-Jan-2025 14:21:55.324,0,9.595961,-0.469264
26-Jan-2025 14:21:55.340,0.208296,9.849746,-0.56982
26-Jan-2025 14:21:55.356,0.201113,10.19451,-0.749385
26-Jan-2025 14:21:55.372,-0.191536,10.673351,-0.754174
26-Jan-2025 14:21:55.388,-0.301669,11.27669,-1.118092
26-Jan-2025 14:21:55.404,-0.579397,11.750742,-1.192312
26-Jan-2025 14:21:55.420,-0.766145,12.595895,-0.347159
26-Jan-2025 14:21:55.436,-0.814029,13.304579,-0.775721
26-Jan-2025 14:21:55.452,-1.027112,13.139379,-1.086968
26-Jan-2025 14:21:55.468,-1.300052,12.617443,-0.361524
26-Jan-2025 14:21:55.484,-1.699883,12.258312,0.469264
26-Jan-2025 14:21:55.500,-2.178724,11.832145,0.565032
26-Jan-2025 14:21:55.516,-2.212242,11.166556,0.062249
26-Jan-2025 14:21:55.532,-2.078167,10.170568,-0.347159
26-Jan-2025 14:21:55.549,-2.099715,9.11712,-0.270545
26-Jan-2025 14:21:55.565,-2.147599,8.015787,0.244209
26-Jan-2025 14:21:55.581,-2.164358,7.177817,1.137246
26-Jan-2025 14:21:55.597,-2.006341,6.691794,1.443704
26-Jan-2025 14:21:55.613,-1.807622,6.337452,0.960075
26-Jan-2025 14:21:55.629,-1.73819,6.95755,0.512359
26-Jan-2025 14:21:55.645,-1.675941,8.06846,0.067038
26-Jan-2025 14:21:55.661,-1.647211,9.169792,-0.1652
26-Jan-2025 14:21:55.677,-1.668759,10.16578,-0.189142
26-Jan-2025 14:21:55.693,-1.596933,10.534488,-0.220267
26-Jan-2025 14:21:55.709,-1.685518,10.316615,-0.339977
26-Jan-2025 14:21:55.725,-1.915361,9.981427,-0.323217
26-Jan-2025 14:21:55.741,-1.932121,9.634268,-0.172383
26-Jan-2025 14:21:55.757,-1.752556,9.131485,-0.083797
26-Jan-2025 14:21:55.773,-1.496376,8.643068,-0.134075
26-Jan-2025 14:21:55.789,-1.326388,8.439561,-0.179565
26-Jan-2025 14:21:55.805,-1.194707,8.475474,-0.052672
26-Jan-2025 14:21:55.821,-1.254562,8.825027,-0.390255
26-Jan-2025 14:21:55.837,-1.400608,9.461885,-0.519542
26-Jan-2025 14:21:55.854,-1.611298,9.938332,-0.967257
26-Jan-2025 14:21:55.870,-1.685518,10.081984,-1.235408
26-Jan-2025 14:21:55.886,-1.549049,9.715671,-0.998382
26-Jan-2025 14:21:55.902,-1.340753,9.358934,-0.560243
26-Jan-2025 14:21:55.918,-1.225831,9.385271,-0.447716
26-Jan-2025 14:21:55.934,-1.036689,9.562442,-0.392649
26-Jan-2025 14:21:55.950,-0.976834,9.655815,-0.37589
26-Jan-2025 14:21:55.966,-0.938527,9.825804,-0.426168
26-Jan-2025 14:21:55.982,-0.826,10.110714,-0.52433
26-Jan-2025 14:21:55.998,-0.562637,10.529699,-0.620098
26-Jan-2025 14:21:56.014,-0.577003,11.034876,-0.600945
26-Jan-2025 14:21:56.030,-0.816423,11.468226,-0.529119
26-Jan-2025 14:21:56.046,-1.149217,11.75553,-0.560243
26-Jan-2025 14:21:56.062,-1.295263,12.064383,-0.632069
26-Jan-2025 14:21:56.078,-1.242591,12.176909,-1.106121
26-Jan-2025 14:21:56.094,-0.972046,11.784261,-0.70629
26-Jan-2025 14:21:56.110,-0.380678,11.125855,0.289698
26-Jan-2025 14:21:56.126,0.196325,10.560823,0.641646
26-Jan-2025 14:21:56.143,0.715866,10.113108,0.56982
26-Jan-2025 14:21:56.159,1.175553,9.811439,0.423774
26-Jan-2025 14:21:56.175,1.472434,9.076419,0.37589
26-Jan-2025 14:21:56.191,1.513135,8.681376,0.608127
26-Jan-2025 14:21:56.207,1.273715,8.24563,0.622492
26-Jan-2025 14:21:56.223,1.314417,8.039729,0.811634
26-Jan-2025 14:21:56.239,1.721431,8.305486,1.012747
26-Jan-2025 14:21:56.255,1.630451,9.035717,0.768539
26-Jan-2025 14:21:56.271,0.952892,9.895236,0.47884
26-Jan-2025 14:21:56.287,0.093374,10.793061,0.155623
26-Jan-2025 14:21:56.303,-0.720655,11.44189,-0.399832
26-Jan-2025 14:21:56.319,-1.383849,11.403583,-0.744597
26-Jan-2025 14:21:56.335,-1.35033,10.721235,-0.73502
26-Jan-2025 14:21:56.351,-0.656011,9.89763,-0.517148
26-Jan-2025 14:21:56.367,0.009577,9.188946,-0.442927
26-Jan-2025 14:21:56.383,0.45011,8.918402,-0.270545
26-Jan-2025 14:21:56.399,0.665588,9.011775,-0.234632
26-Jan-2025 14:21:56.415,0.651223,9.136273,-0.392649
26-Jan-2025 14:21:56.431,0.438139,9.105149,-0.493206
26-Jan-2025 14:21:56.447,0.167594,8.951921,-0.311246
26-Jan-2025 14:21:56.464,0.035913,8.791509,-0.37589
26-Jan-2025 14:21:56.480,-0.011971,8.798691,-0.617704
26-Jan-2025 14:21:56.496,-0.098162,9.088389,-0.574608
26-Jan-2025 14:21:56.512,-0.213084,9.454702,-0.538695
26-Jan-2025 14:21:56.528,-0.07422,9.634268,-0.464475
26-Jan-2025 14:21:56.544,0.373495,9.583989,-0.749385
26-Jan-2025 14:21:56.560,0.505177,9.555259,-0.608127
26-Jan-2025 14:21:56.576,0.462081,9.65821,-0.304064
26-Jan-2025 14:21:56.592,0.392649,9.825804,-0.289698
26-Jan-2025 14:21:56.608,0.3304,10.005369,-0.268151
26-Jan-2025 14:21:56.624,0.244209,10.25676,-0.270545
26-Jan-2025 14:21:56.640,-0.009577,10.632649,-0.509965
26-Jan-2025 14:21:56.656,-0.509965,11.070788,-0.818817
26-Jan-2025 14:21:56.672,-0.933739,11.386824,-0.940921
26-Jan-2025 14:21:56.688,-0.907402,11.549629,-0.802058
26-Jan-2025 14:21:56.704,-0.641646,11.882423,-0.445322
26-Jan-2025 14:21:56.720,-0.497994,13.309367,0.574608
26-Jan-2025 14:21:56.736,-0.383072,14.334085,0.28491
26-Jan-2025 14:21:56.752,-0.433351,13.836092,-0.11971
26-Jan-2025 14:21:56.769,-0.852336,12.495338,0.711078
26-Jan-2025 14:21:56.785,-1.309628,11.068395,1.695095
26-Jan-2025 14:21:56.801,-1.489193,10.129868,1.795651
26-Jan-2025 14:21:56.817,-1.477222,9.385271,0.818817
26-Jan-2025 14:21:56.833,-1.261744,8.729259,0.09098
26-Jan-2025 14:21:56.849,-0.995988,8.070854,0.555455
26-Jan-2025 14:21:56.865,-0.955287,7.570466,1.685518
26-Jan-2025 14:21:56.881,-1.007959,7.359776,2.047042
26-Jan-2025 14:21:56.897,-0.993594,7.814674,1.493982
26-Jan-2025 14:21:56.913,-1.180341,8.899248,0.536301
26-Jan-2025 14:21:56.929,-1.400608,9.952697,-0.586579
26-Jan-2025 14:21:56.945,-1.173159,10.769119,-0.960075
26-Jan-2025 14:21:56.961,-0.54109,10.793061,-0.258574
26-Jan-2025 14:21:56.977,-0.09098,10.031705,0.399832
26-Jan-2025 14:21:56.993,0.122104,9.294291,0.399832
26-Jan-2025 14:21:57.009,0.081403,8.808268,0.07422
26-Jan-2025 14:21:57.025,0.064643,8.465898,-0.011971
26-Jan-2025 14:21:57.042,0.260968,8.159439,0.124498
26-Jan-2025 14:21:57.058,0.483629,8.073248,0.440533
26-Jan-2025 14:21:57.074,0.426168,8.288726,0.486023
26-Jan-2025 14:21:57.090,0.100556,8.726865,0.220267
26-Jan-2025 14:21:57.106,-0.031125,9.291897,-0.069432
26-Jan-2025 14:21:57.122,-0.040701,9.988609,-0.191536
26-Jan-2025 14:21:57.138,-0.040701,10.278308,-0.232238
26-Jan-2025 14:21:57.154,0.019154,10.295067,-0.076614
26-Jan-2025 14:21:57.170,-0.134075,10.228029,0.047884
26-Jan-2025 14:21:57.186,-0.399832,10.005369,0.105345
26-Jan-2025 14:21:57.202,-0.4956,9.624691,0.201113
26-Jan-2025 14:21:57.218,-0.509965,9.366117,0.248997
26-Jan-2025 14:21:57.234,-0.61531,9.457097,0.095768
26-Jan-2025 14:21:57.250,-0.782904,9.698911,0.038307
26-Jan-2025 14:21:57.266,-0.859518,9.919178,0.179565
26-Jan-2025 14:21:57.282,-0.814029,10.192117,0.402226
26-Jan-2025 14:21:57.298,-0.782904,10.560823,0.600945
26-Jan-2025 14:21:57.314,-0.746991,10.840945,-0.196325
26-Jan-2025 14:21:57.331,-0.957681,10.898406,-0.529119
26-Jan-2025 14:21:57.347,-1.189918,10.596737,-0.146046
26-Jan-2025 14:21:57.363,-1.031901,10.323798,0.169988
26-Jan-2025 14:21:57.379,-1.027112,10.249578,-0.158017
26-Jan-2025 14:21:57.395,-1.027112,10.295067,-0.711078
26-Jan-2025 14:21:57.411,-0.924162,10.292673,-0.821211
26-Jan-2025 14:21:57.427,-0.816423,10.469844,-0.146046
26-Jan-2025 14:21:57.443,-0.488417,10.697293,0.253785
26-Jan-2025 14:21:57.459,0.148441,10.927136,0.213084
26-Jan-2025 14:21:57.475,0.890643,10.982203,0.588974
26-Jan-2025 14:21:57.491,1.611298,11.032481,1.678335
26-Jan-2025 14:21:57.507,2.075773,10.658986,1.594538
26-Jan-2025 14:21:57.523,1.817199,9.981427,1.235408
26-Jan-2025 14:21:57.539,1.659182,9.241618,1.817199
26-Jan-2025 14:21:57.555,2.30801,8.827422,2.86586
26-Jan-2025 14:21:57.571,2.480393,9.203311,2.523489
26-Jan-2025 14:21:57.587,1.764527,10.060435,1.601721
26-Jan-2025 14:21:57.603,0.711078,10.929531,1.127669
26-Jan-2025 14:21:57.619,-0.342371,11.575965,0.095768
26-Jan-2025 14:21:57.636,-1.086968,11.789049,-0.349553
26-Jan-2025 14:21:57.652,-0.902614,10.812215,0.100556
26-Jan-2025 14:21:57.668,-0.100556,9.516952,0.658405
26-Jan-2025 14:21:57.684,0.837971,8.60955,0.593762
26-Jan-2025 14:21:57.700,1.553837,8.183381,0.232238
26-Jan-2025 14:21:57.716,1.771709,7.996634,0.038307
26-Jan-2025 14:21:57.732,1.704672,7.821857,0.086191
26-Jan-2025 14:21:57.748,1.649605,7.831434,0.270545
26-Jan-2025 14:21:57.764,1.678335,8.027759,0.407014
26-Jan-2025 14:21:57.780,1.697489,8.173804,0.634463
26-Jan-2025 14:21:57.796,1.592144,8.465898,0.380678
26-Jan-2025 14:21:57.812,1.527501,8.971074,0.071826
26-Jan-2025 14:21:57.828,1.450886,9.698911,-0.11971
26-Jan-2025 14:21:57.844,1.340753,10.170568,-0.222661
26-Jan-2025 14:21:57.860,1.362301,10.510546,-0.229843
26-Jan-2025 14:21:57.876,1.477222,10.611102,-0.344765
26-Jan-2025 14:21:57.892,1.400608,10.682928,-0.428562
26-Jan-2025 14:21:57.909,1.192312,10.852917,-0.596156
26-Jan-2025 14:21:57.925,1.041478,10.951078,-0.639252
26-Jan-2025 14:21:57.941,0.931344,11.106702,-0.593762
26-Jan-2025 14:21:57.957,0.766145,11.224017,-0.699107
26-Jan-2025 14:21:57.973,0.612916,11.326968,-0.653617
26-Jan-2025 14:21:57.989,0.627281,11.473015,-0.430956
26-Jan-2025 14:21:58.005,0.577003,11.760319,-0.220267
26-Jan-2025 14:21:58.021,0.311246,12.373235,-0.035913
26-Jan-2025 14:21:58.037,-0.373495,12.72997,0.272939
26-Jan-2025 14:21:58.053,-0.572214,11.712435,0.435745
26-Jan-2025 14:21:58.069,-0.675165,10.608707,1.091756
26-Jan-2025 14:21:58.085,-0.849942,9.89763,1.036689
26-Jan-2025 14:21:58.101,-1.060631,9.629479,0.761356
26-Jan-2025 14:21:58.117,-1.235408,9.557653,0.500388
26-Jan-2025 14:21:58.133,-1.161188,9.356541,0.462081
26-Jan-2025 14:21:58.149,-0.950498,8.729259,0.392649
26-Jan-2025 14:21:58.165,-0.830788,8.195353,0.847547
26-Jan-2025 14:21:58.181,-0.92895,8.027759,1.228225
26-Jan-2025 14:21:58.197,-1.058237,8.295909,0.859518
26-Jan-2025 14:21:58.214,-1.063026,9.033323,0.143652
26-Jan-2025 14:21:58.230,-0.806846,9.813833,-0.464475
26-Jan-2025 14:21:58.246,-0.474052,10.287885,-0.565032
26-Jan-2025 14:21:58.262,-0.246603,10.488997,-0.191536
26-Jan-2025 14:21:58.278,-0.270545,10.196905,0.04549
26-Jan-2025 14:21:58.294,-0.507571,9.490616,-0.105345
26-Jan-2025 14:21:58.310,-0.739808,8.935161,-0.414197
26-Jan-2025 14:21:58.325,-1.024718,8.645462,-0.486023
26-Jan-2025 14:21:58.342,-1.063026,8.456321,-0.390255
26-Jan-2025 14:21:58.358,-1.043872,8.379706,-0.502782
26-Jan-2025 14:21:58.374,-1.125275,8.5473,-0.732626
26-Jan-2025 14:21:58.390,-1.015141,8.978256,-0.85473
26-Jan-2025 14:21:58.406,-1.043872,9.375694,-0.830788
26-Jan-2025 14:21:58.422,-1.201889,9.634268,-0.531513
26-Jan-2025 14:21:58.438,-1.398214,9.691729,-0.356736
26-Jan-2025 14:21:58.454,-1.474828,9.540894,-0.64404
26-Jan-2025 14:21:58.470,-1.520318,9.344569,-0.845153
26-Jan-2025 14:21:58.486,-1.613692,9.124303,-0.766145
26-Jan-2025 14:21:58.503,-1.771709,8.949526,-0.435745
26-Jan-2025 14:21:58.519,-1.939303,8.925584,-0.141258
26-Jan-2025 14:21:58.535,-2.121263,9.090784,-0.131681
26-Jan-2025 14:21:58.551,-2.073379,9.445126,-0.308852
26-Jan-2025 14:21:58.567,-2.020706,9.962274,-0.411803
26-Jan-2025 14:21:58.583,-2.008735,10.575189,-0.402226
26-Jan-2025 14:21:58.599,-2.030283,11.042058,-0.301669
26-Jan-2025 14:21:58.615,-2.238579,11.145009,-0.251391
26-Jan-2025 14:21:58.631,-2.501941,10.941502,0.059855
26-Jan-2025 14:21:58.647,-2.504335,11.068395,0.411803
26-Jan-2025 14:21:58.663,-2.123657,11.513716,0.081403
26-Jan-2025 14:21:58.679,-1.666364,12.140997,-0.488417
26-Jan-2025 14:21:58.695,-1.268927,12.964602,-0.31364
26-Jan-2025 14:21:58.711,-0.672771,13.148955,0.11971
26-Jan-2025 14:21:58.727,0.047884,12.698846,0.320823
26-Jan-2025 14:21:58.743,0.687136,11.760319,0.821211
26-Jan-2025 14:21:58.759,1.115698,10.596737,1.221043
26-Jan-2025 14:21:58.776,1.335965,9.148245,1.082179
26-Jan-2025 14:21:58.792,0.955287,7.855376,0.849942
26-Jan-2025 14:21:58.808,0.411803,6.945579,1.35033
26-Jan-2025 14:21:58.824,0.514753,6.485892,1.505953
26-Jan-2025 14:21:58.840,0.816423,6.574478,0.80924
26-Jan-2025 14:21:58.856,0.866701,7.429208,0.31364
26-Jan-2025 14:21:58.872,0.447716,9.052477,0.746991
26-Jan-2025 14:21:58.888,-0.069432,11.018116,0.737414
26-Jan-2025 14:21:58.904,-0.761356,12.832921,0.229843
26-Jan-2025 14:21:58.920,-2.015918,12.79222,-0.1652
26-Jan-2025 14:21:58.936,-2.15957,11.128249,-0.328006
26-Jan-2025 14:21:58.952,-1.388637,9.837775,-0.205901
26-Jan-2025 14:21:58.968,-0.701501,9.344569,-0.076614
26-Jan-2025 14:21:58.984,-0.414197,9.313444,0.014365
26-Jan-2025 14:21:59.000,-0.385466,9.423578,-0.040701
26-Jan-2025 14:21:59.016,-0.323217,9.449914,-0.260968
26-Jan-2025 14:21:59.032,-0.251391,9.184157,-0.320823
26-Jan-2025 14:21:59.048,-0.169988,8.729259,-0.213084
26-Jan-2025 14:21:59.065,-0.383072,8.415619,0.043096
26-Jan-2025 14:21:59.081,-0.792481,8.415619,0.083797
26-Jan-2025 14:21:59.097,-1.082179,8.508993,-0.076614
26-Jan-2025 14:21:59.113,-1.127669,8.781932,-0.222661
26-Jan-2025 14:21:59.129,-0.782904,8.925584,-0.289698
26-Jan-2025 14:21:59.145,-0.459687,9.069236,0.047884
26-Jan-2025 14:21:59.161,-0.28491,9.323022,0.289698
26-Jan-2025 14:21:59.177,-0.292093,9.665392,0.328006
26-Jan-2025 14:21:59.193,-0.409408,10.01734,0.237026
26-Jan-2025 14:21:59.209,-0.452504,10.196905,0.186748
26-Jan-2025 14:21:59.225,-0.402226,10.34774,0.411803
26-Jan-2025 14:21:59.241,-0.268151,10.627861,0.45011
26-Jan-2025 14:21:59.257,-0.383072,11.039664,0.31364
26-Jan-2025 14:21:59.273,-0.426168,11.384429,0.172383
26-Jan-2025 14:21:59.289,-0.418985,11.358093,-0.114922
26-Jan-2025 14:21:59.305,-0.553061,11.425131,-0.306458
26-Jan-2025 14:21:59.321,-0.61531,12.509704,0.28491
26-Jan-2025 14:21:59.337,-0.574608,13.084312,0.124498
26-Jan-2025 14:21:59.353,-0.948104,12.440272,-0.162806
26-Jan-2025 14:21:59.370,-1.312023,11.690886,0.275333
26-Jan-2025 14:21:59.386,-1.884237,11.295844,0.600945
26-Jan-2025 14:21:59.402,-2.461239,11.056423,1.103727
26-Jan-2025 14:21:59.418,-2.801216,10.603919,0.950498
26-Jan-2025 14:21:59.434,-2.873042,9.888053,0.471658
26-Jan-2025 14:21:59.450,-2.801216,9.040505,0.289698
26-Jan-2025 14:21:59.466,-2.782062,8.130709,0.593762
26-Jan-2025 14:21:59.482,-2.628834,7.431602,1.513135
26-Jan-2025 14:21:59.498,-2.243367,7.041347,2.200271
26-Jan-2025 14:21:59.514,-1.774103,7.043741,2.104503
26-Jan-2025 14:21:59.530,-1.54426,7.611167,1.99437
26-Jan-2025 14:21:59.546,-1.640028,8.590396,1.09415
26-Jan-2025 14:21:59.562,-2.06859,9.703699,0.038307
26-Jan-2025 14:21:59.578,-2.497152,10.500969,-0.3304
26-Jan-2025 14:21:59.594,-2.542642,10.611102,-0.093374
26-Jan-2025 14:21:59.610,-2.255338,10.065224,0.328006
26-Jan-2025 14:21:59.626,-2.102109,9.56723,0.70629
26-Jan-2025 14:21:59.642,-1.96564,9.200917,0.651223
26-Jan-2025 14:21:59.658,-1.910573,8.887277,0.438139
26-Jan-2025 14:21:59.675,-1.908179,8.686164,0.337582
26-Jan-2025 14:21:59.691,-1.80044,8.772355,0.402226
26-Jan-2025 14:21:59.707,-1.824382,9.076419,0.500388
26-Jan-2025 14:21:59.723,-1.869871,9.339781,0.227449
26-Jan-2025 14:21:59.739,-1.824382,9.572019,-0.328006
26-Jan-2025 14:21:59.755,-1.731008,9.68694,-0.531513
26-Jan-2025 14:21:59.771,-1.661576,9.698911,-0.40462
26-Jan-2025 14:21:59.787,-1.63524,9.627085,-0.189142
26-Jan-2025 14:21:59.803,-1.527501,9.610326,-0.009577
26-Jan-2025 14:21:59.819,-1.455675,9.586384,-0.050278
26-Jan-2025 14:21:59.835,-1.407791,9.533711,0.02873
26-Jan-2025 14:21:59.851,-1.331176,9.507375,0.093374
26-Jan-2025 14:21:59.867,-1.331176,9.615114,0.201113
26-Jan-2025 14:21:59.883,-1.25935,9.921572,0.217872
26-Jan-2025 14:21:59.899,-1.278504,10.261548,0.347159
26-Jan-2025 14:21:59.915,-1.30484,10.388441,0.457293
26-Jan-2025 14:21:59.931,-1.187524,10.539276,0.162806
26-Jan-2025 14:21:59.948,-1.06542,11.20247,0.086191
26-Jan-2025 14:21:59.964,-0.588974,12.315774,-0.09098
26-Jan-2025 14:21:59.980,-0.387861,12.741941,-0.385466
26-Jan-2025 14:21:59.996,-0.505177,12.579136,0.301669
26-Jan-2025 14:22:00.012,-0.241814,12.136209,0.687136
26-Jan-2025 14:22:00.028,0.040701,11.449073,0.802058
26-Jan-2025 14:22:00.044,0.407014,10.388441,0.711078
26-Jan-2025 14:22:00.060,0.773327,9.406818,0.457293
26-Jan-2025 14:22:00.076,0.711078,8.707711,0.605733
26-Jan-2025 14:22:00.092,0.943315,8.066066,1.23062
26-Jan-2025 14:22:00.108,1.106121,7.678205,1.802834
26-Jan-2025 14:22:00.124,1.278504,7.64708,1.479617
26-Jan-2025 14:22:00.140,1.127669,8.116343,0.699107
26-Jan-2025 14:22:00.156,0.59855,9.179369,-0.079009
26-Jan-2025 14:22:00.172,-0.148441,10.34774,-0.888249
26-Jan-2025 14:22:00.188,-1.486799,10.960655,-1.443704
26-Jan-2025 14:22:00.204,-2.631228,10.936713,-1.055843
26-Jan-2025 14:22:00.220,-2.135628,10.714052,-0.373495
26-Jan-2025 14:22:00.236,-0.656011,10.594342,-0.574608
26-Jan-2025 14:22:00.253,0.320823,10.5704,-0.984017
26-Jan-2025 14:22:00.269,0.454898,10.304645,-1.249773
26-Jan-2025 14:22:00.285,0.37589,9.885659,-0.890643
26-Jan-2025 14:22:00.301,0.270545,9.313444,-0.775721
26-Jan-2025 14:22:00.317,-0.126893,8.858546,-0.45011
26-Jan-2025 14:22:00.333,-0.428562,8.444349,-0.502782
26-Jan-2025 14:22:00.349,-0.579397,8.054094,-0.629675
26-Jan-2025 14:22:00.365,-0.486023,7.94875,-0.550666
26-Jan-2025 14:22:00.381,-0.248997,8.286332,-0.332794
26-Jan-2025 14:22:00.397,0.055067,8.913613,-0.373495
26-Jan-2025 14:22:00.413,0.217872,9.481039,-0.466869
26-Jan-2025 14:22:00.429,0.316035,9.911995,-0.526724
26-Jan-2025 14:22:00.445,0.344765,10.160992,-0.591368
26-Jan-2025 14:22:00.461,0.196325,10.307038,-0.656011
26-Jan-2025 14:22:00.477,-0.057461,10.491392,-0.565032
26-Jan-2025 14:22:00.493,-0.287304,10.658986,-0.514753
26-Jan-2025 14:22:00.509,-0.337582,10.70687,-0.617704
26-Jan-2025 14:22:00.525,-0.162806,10.654198,-0.682347
26-Jan-2025 14:22:00.542,-0.107739,10.584765,-0.701501
26-Jan-2025 14:22:00.558,0.055067,11.121067,-0.792481
26-Jan-2025 14:22:00.574,-0.002394,12.059594,-0.557849
26-Jan-2025 14:22:00.590,-0.325611,12.799402,-0.42138
26-Jan-2025 14:22:00.606,-0.670376,12.23437,-0.70629
26-Jan-2025 14:22:00.622,-1.146823,11.015722,-0.617704
26-Jan-2025 14:22:00.638,-1.891419,10.623073,0.179565
26-Jan-2025 14:22:00.654,-2.600103,10.994174,0.897826
26-Jan-2025 14:22:00.670,-2.772485,11.300632,0.833182
26-Jan-2025 14:22:00.686,-2.406173,11.080365,0.308852
26-Jan-2025 14:22:00.702,-1.855506,10.225636,-0.035913
26-Jan-2025 14:22:00.718,-1.666364,9.332599,0.328006
26-Jan-2025 14:22:00.734,-1.582567,8.690952,1.017536
26-Jan-2025 14:22:00.750,-1.312023,8.339005,1.367089
26-Jan-2025 14:22:00.766,-1.007959,8.078036,1.39582
26-Jan-2025 14:22:00.782,-1.015141,7.891289,1.036689
26-Jan-2025 14:22:00.798,-1.359907,7.838616,0.751779
26-Jan-2025 14:22:00.814,-1.951274,7.936779,0.778116
26-Jan-2025 14:22:00.831,-2.434903,8.243237,1.043872
26-Jan-2025 14:22:00.847,-2.669535,8.743625,1.323994
26-Jan-2025 14:22:00.863,-2.693477,9.320627,1.247379
26-Jan-2025 14:22:00.879,-2.595315,9.780313,0.924162
26-Jan-2025 14:22:00.895,-2.588132,9.988609,0.823605
26-Jan-2025 14:22:00.911,-2.552219,10.105926,0.897826
26-Jan-2025 14:22:00.927,-2.528277,10.170568,0.916979
26-Jan-2025 14:22:00.943,-2.176329,10.340557,1.280898
26-Jan-2025 14:22:00.959,-2.099715,10.7356,1.082179
26-Jan-2025 14:22:00.975,-2.276886,10.675745,0.6608
26-Jan-2025 14:22:00.991,-2.410961,10.249578,0.442927
26-Jan-2025 14:22:01.007,-2.456451,9.739613,0.512359
26-Jan-2025 14:22:01.023,-2.525883,9.397242,0.787692
26-Jan-2025 14:22:01.039,-2.604892,9.186552,0.897826
26-Jan-2025 14:22:01.055,-2.75812,9.033323,1.132457
26-Jan-2025 14:22:01.071,-2.722207,9.002198,1.072602
26-Jan-2025 14:22:01.087,-2.743755,9.088389,1.082179
26-Jan-2025 14:22:01.103,-2.647987,9.26556,1.086968
26-Jan-2025 14:22:01.120,-2.355895,9.519346,1.120486
26-Jan-2025 14:22:01.136,-1.989582,9.89763,1.127669
26-Jan-2025 14:22:01.152,-1.853112,10.364499,1.031901
26-Jan-2025 14:22:01.168,-1.733402,10.692505,0.737414
26-Jan-2025 14:22:01.184,-1.56102,10.795456,0.399832
26-Jan-2025 14:22:01.200,-1.513135,10.69011,0.335188
26-Jan-2025 14:22:01.216,-1.570596,10.409989,0.471658
26-Jan-2025 14:22:01.232,-1.642422,10.189722,0.548272
26-Jan-2025 14:22:01.248,-1.49877,10.105926,0.550666
26-Jan-2025 14:22:01.264,-0.986411,10.280702,0.275333
26-Jan-2025 14:22:01.280,-0.361524,10.158598,-0.344765
26-Jan-2025 14:22:01.296,-0.02873,9.80665,-0.459687
26-Jan-2025 14:22:01.312,-0.081403,9.44752,0.167594
26-Jan-2025 14:22:01.328,-0.543484,9.109938,0.766145
26-Jan-2025 14:22:01.344,-0.952892,8.882488,0.873884
26-Jan-2025 14:22:01.360,-1.120486,8.851364,0.572214
26-Jan-2025 14:22:01.376,-1.070208,9.129091,0.186748
26-Jan-2025 14:22:01.392,-1.022324,9.509769,-0.174777
26-Jan-2025 14:22:01.408,-0.864307,9.907207,-0.368707
26-Jan-2025 14:22:01.424,-0.624887,9.904813,-0.462081
26-Jan-2025 14:22:01.441,-0.19393,9.52174,-0.289698
26-Jan-2025 14:22:01.457,0.418985,9.205706,0
26-Jan-2025 14:22:01.473,1.144428,9.045294,0.162806
26-Jan-2025 14:22:01.489,1.642422,9.188946,0.141258
26-Jan-2025 14:22:01.505,1.551443,9.856929,-0.134075
26-Jan-2025 14:22:01.521,1.055843,10.984597,-0.545878
26-Jan-2025 14:22:01.537,0.349553,11.990162,-1.043872
26-Jan-2025 14:22:01.553,-0.395043,11.913548,-1.089362
26-Jan-2025 14:22:01.569,-0.497994,11.066,-0.797269
26-Jan-2025 14:22:01.585,-0.117316,10.206482,-0.632069
26-Jan-2025 14:22:01.601,0.160412,9.794679,-0.519542
26-Jan-2025 14:22:01.617,0.351948,9.583989,-0.54109
26-Jan-2025 14:22:01.633,0.469264,9.421184,-0.553061
26-Jan-2025 14:22:01.649,0.497994,9.246407,-0.500388
26-Jan-2025 14:22:01.665,0.490811,9.078813,-0.466869
26-Jan-2025 14:22:01.681,0.512359,9.004593,-0.572214
26-Jan-2025 14:22:01.697,0.54109,9.064447,-0.739808
26-Jan-2025 14:22:01.713,0.435745,9.220071,-0.648829
26-Jan-2025 14:22:01.730,0.409408,9.31105,-0.474052
26-Jan-2025 14:22:01.746,0.399832,9.485827,-0.385466
26-Jan-2025 14:22:01.762,0.457293,9.67018,-0.622492
26-Jan-2025 14:22:01.778,0.447716,9.859323,-1.036689
26-Jan-2025 14:22:01.794,0.452504,10.084377,-1.225831
26-Jan-2025 14:22:01.810,0.476446,10.189722,-1.21386
26-Jan-2025 14:22:01.826,0.52433,10.098742,-1.158794
26-Jan-2025 14:22:01.842,0.610521,9.916783,-0.842759
26-Jan-2025 14:22:01.858,0.794875,9.691729,-0.972046
26-Jan-2025 14:22:01.874,0.816423,9.718064,-0.849942
26-Jan-2025 14:22:01.890,0.785298,9.689334,-0.90022
26-Jan-2025 14:22:01.906,0.612916,9.651027,-1.082179
26-Jan-2025 14:22:01.922,0.440533,9.751583,-1.182736
26-Jan-2025 14:22:01.938,0.373495,10.19451,-1.072602
26-Jan-2025 14:22:01.954,0.292093,10.67814,-1.233014
26-Jan-2025 14:22:01.970,0.138864,11.11149,-1.300052
26-Jan-2025 14:22:01.986,0.112527,11.255142,-1.312023
26-Jan-2025 14:22:02.003,-0.038307,11.20247,-1.434127
26-Jan-2025 14:22:02.019,0.043096,11.154586,-1.391031
26-Jan-2025 14:22:02.035,0.196325,11.121067,-1.240196
26-Jan-2025 14:22:02.051,0.191536,11.501745,-0.469264
26-Jan-2025 14:22:02.067,0.186748,12.600683,-0.1652
26-Jan-2025 14:22:02.083,-0.064643,13.101071,-1.125275
26-Jan-2025 14:22:02.099,-0.280122,12.11466,-0.304064
26-Jan-2025 14:22:02.115,-0.790087,10.91756,1.00317
26-Jan-2025 14:22:02.131,-1.580173,10.309433,1.034295
26-Jan-2025 14:22:02.147,-2.075773,9.998186,0.531513
26-Jan-2025 14:22:02.163,-1.972822,9.425972,-0.316035
26-Jan-2025 14:22:02.179,-1.853112,8.827422,0.050278
26-Jan-2025 14:22:02.195,-1.364695,8.365341,0.967257
26-Jan-2025 14:22:02.211,-0.651223,7.958326,1.163582
26-Jan-2025 14:22:02.227,-0.067038,7.917625,0.792481
26-Jan-2025 14:22:02.243,0.287304,8.458714,0.37589
26-Jan-2025 14:22:02.259,0.45011,9.205706,0.016759
26-Jan-2025 14:22:02.275,0.332794,9.97185,-0.131681
26-Jan-2025 14:22:02.292,0.062249,10.065224,-0.260968
26-Jan-2025 14:22:02.308,0.043096,9.464279,-0.244209
26-Jan-2025 14:22:02.324,0.040701,8.961497,-0.299275
26-Jan-2025 14:22:02.340,-0.124498,8.635885,-0.411803
26-Jan-2025 14:22:02.356,-0.143652,8.506598,-0.512359
26-Jan-2025 14:22:02.372,0.102951,8.315063,-0.466869
26-Jan-2025 14:22:02.388,0.205901,8.307879,-0.397437
26-Jan-2025 14:22:02.404,0.270545,8.59279,-0.368707
26-Jan-2025 14:22:02.420,-0.014365,8.872911,-0.603339
26-Jan-2025 14:22:02.436,-0.277727,9.217676,-0.787692
26-Jan-2025 14:22:02.452,-0.373495,9.617508,-0.869095
26-Jan-2025 14:22:02.468,-0.280122,9.909601,-0.995988
26-Jan-2025 14:22:02.484,-0.225055,10.024523,-1.012747
26-Jan-2025 14:22:02.500,-0.237026,10.012551,-1.058237
26-Jan-2025 14:22:02.516,-0.253785,9.787497,-1.027112
26-Jan-2025 14:22:02.532,-0.158017,9.361329,-0.778116
26-Jan-2025 14:22:02.548,-0.047884,8.925584,-0.411803
26-Jan-2025 14:22:02.564,-0.129287,8.542512,-0.1652
26-Jan-2025 14:22:02.581,-0.002394,9.174581,-0.184354
26-Jan-2025 14:22:02.597,-0.3304,9.880871,-0.387861
26-Jan-2025 14:22:02.613,-0.653617,10.539276,-0.28491
26-Jan-2025 14:22:02.629,-0.744597,11.09473,-0.596156
26-Jan-2025 14:22:02.645,-0.646434,11.257536,-0.620098
26-Jan-2025 14:22:02.661,-0.521936,11.238382,-0.553061
26-Jan-2025 14:22:02.677,-0.608127,11.492168,-0.323217
26-Jan-2025 14:22:02.693,-0.454898,11.798626,-0.21069
26-Jan-2025 14:22:02.709,0.21069,11.643003,-0.282516
26-Jan-2025 14:22:02.725,0.972046,11.951855,0.234632
26-Jan-2025 14:22:02.741,1.323994,12.509704,0.622492
26-Jan-2025 14:22:02.757,1.249773,12.562376,0.804452
26-Jan-2025 14:22:02.773,0.861913,11.96622,1.240196
26-Jan-2025 14:22:02.789,0.802058,10.896012,1.316811
26-Jan-2025 14:22:02.805,0.936133,9.694122,1.036689
26-Jan-2025 14:22:02.821,1.115698,8.736442,1.055843
26-Jan-2025 14:22:02.837,1.527501,7.76679,1.881842
26-Jan-2025 14:22:02.853,2.051831,7.012617,2.554613
26-Jan-2025 14:22:02.870,2.190695,6.799533,2.499547
26-Jan-2025 14:22:02.886,1.625663,7.510611,1.73819
26-Jan-2025 14:22:02.902,0.758962,8.719683,0.548272
26-Jan-2025 14:22:02.918,0.057461,10.354922,-0.531513
26-Jan-2025 14:22:02.934,-0.095768,11.48738,-0.411803
26-Jan-2025 14:22:02.950,0.272939,11.224017,0.237026
26-Jan-2025 14:22:02.966,0.787692,9.981427,0.409408
26-Jan-2025 14:22:02.982,1.331176,9.217676,0.323217
26-Jan-2025 14:22:02.998,1.841141,8.901642,0.079009
26-Jan-2025 14:22:03.014,2.001553,8.746018,0.220267
26-Jan-2025 14:22:03.030,1.814805,8.801085,0.347159
26-Jan-2025 14:22:03.046,1.529895,9.169792,0.469264
26-Jan-2025 14:22:03.062,1.405396,9.572019,0.361524
26-Jan-2025 14:22:03.078,1.374272,9.837775,0.191536
26-Jan-2025 14:22:03.094,1.218649,9.94312,0.019154
26-Jan-2025 14:22:03.110,0.955287,9.904813,-0.09098
26-Jan-2025 14:22:03.126,0.694318,9.749189,-0.229843
26-Jan-2025 14:22:03.143,0.488417,9.660604,-0.459687
26-Jan-2025 14:22:03.159,0.31364,9.603143,-0.814029
26-Jan-2025 14:22:03.175,0.244209,9.624691,-1.00317
26-Jan-2025 14:22:03.191,0.268151,9.689334,-0.849942
26-Jan-2025 14:22:03.207,0.275333,9.854534,-0.691924
26-Jan-2025 14:22:03.223,0.158017,10.002975,-0.687136
26-Jan-2025 14:22:03.239,-0.023942,10.09156,-0.912191
26-Jan-2025 14:22:03.255,-0.098162,10.189722,-1.125275
26-Jan-2025 14:22:03.271,-0.100556,10.522516,-1.072602
26-Jan-2025 14:22:03.287,-0.129287,10.836157,-1.010353
26-Jan-2025 14:22:03.303,-0.050278,11.068395,-1.163582
26-Jan-2025 14:22:03.319,-0.234632,11.348516,-1.21386
26-Jan-2025 14:22:03.335,-1.082179,12.435484,0.320823
26-Jan-2025 14:22:03.351,-1.556231,12.962208,0.280122
26-Jan-2025 14:22:03.367,-1.422156,12.260707,-0.632069
26-Jan-2025 14:22:03.383,-1.556231,11.777079,-0.289698
26-Jan-2025 14:22:03.399,-2.171541,11.259931,0.749385
26-Jan-2025 14:22:03.415,-2.274492,10.572795,1.312023
26-Jan-2025 14:22:03.432,-1.915361,10.177752,0.97444
26-Jan-2025 14:22:03.447,-1.699883,9.722853,0.538695
26-Jan-2025 14:22:03.464,-1.671153,8.896853,0.778116
26-Jan-2025 14:22:03.480,-1.936909,8.118738,1.541866
26-Jan-2025 14:22:03.496,-2.116474,7.608773,1.781286
26-Jan-2025 14:22:03.512,-2.087744,7.762002,1.103727
26-Jan-2025 14:22:03.528,-1.975216,8.729259,0.332794
26-Jan-2025 14:22:03.544,-1.745373,10.002975,-0.076614
26-Jan-2025 14:22:03.560,-1.015141,10.761936,-0.225055
26-Jan-2025 14:22:03.576,-0.497994,10.606314,-0.1652
26-Jan-2025 14:22:03.592,-0.665588,9.904813,-0.1652
26-Jan-2025 14:22:03.608,-1.101333,9.387665,0.009577
26-Jan-2025 14:22:03.624,-1.386243,8.944737,-0.002394
26-Jan-2025 14:22:03.640,-1.443704,8.348581,-0.07422
26-Jan-2025 14:22:03.656,-1.240196,7.673417,-0.095768
26-Jan-2025 14:22:03.672,-0.972046,7.36217,-0.002394
26-Jan-2025 14:22:03.688,-1.00317,7.529764,0.155623
26-Jan-2025 14:22:03.704,-1.290475,7.94875,-0.02873
26-Jan-2025 14:22:03.721,-1.673547,8.60955,-0.469264
26-Jan-2025 14:22:03.737,-1.989582,9.416395,-0.936133
26-Jan-2025 14:22:03.753,-2.049437,10.228029,-1.134852
26-Jan-2025 14:22:03.768,-1.719037,10.508151,-0.723049
26-Jan-2025 14:22:03.785,-1.130063,10.28549,-0.325611
26-Jan-2025 14:22:03.801,-0.737414,10.024523,-0.052672
26-Jan-2025 14:22:03.817,-0.73502,9.792285,-0.023942
26-Jan-2025 14:22:03.833,-0.742203,9.648633,-0.148441
26-Jan-2025 14:22:03.849,-0.629675,9.569624,-0.019154
26-Jan-2025 14:22:03.865,-0.560243,9.629479,0.071826
26-Jan-2025 14:22:03.881,-0.713472,9.878476,0.09098
26-Jan-2025 14:22:03.897,-0.852336,10.084377,0.272939
26-Jan-2025 14:22:03.913,-0.687136,10.795456,0.062249
26-Jan-2025 14:22:03.929,-0.797269,11.226412,-0.014365
26-Jan-2025 14:22:03.944,-0.397437,12.066776,-0.014365
26-Jan-2025 14:22:03.961,0.205901,12.842498,0.153229
26-Jan-2025 14:22:03.977,0.246603,13.457808,0.773327
26-Jan-2025 14:22:03.993,0.038307,13.711593,1.201889
26-Jan-2025 14:22:04.010,0.050278,12.94066,0.730232
26-Jan-2025 14:22:04.026,0.565032,11.456255,0.744597
26-Jan-2025 14:22:04.042,1.029507,10.309433,0.713472
26-Jan-2025 14:22:04.058,0.933739,9.179369,0.533907
26-Jan-2025 14:22:04.074,0.902614,7.924808,0.557849
26-Jan-2025 14:22:04.090,0.816423,7.144298,1.228225
26-Jan-2025 14:22:04.106,0.881066,7.050924,1.788469
26-Jan-2025 14:22:04.122,0.881066,7.247249,1.273715
26-Jan-2025 14:22:04.138,0.486023,7.790732,0.342371
26-Jan-2025 14:22:04.154,-0.253785,8.729259,-0.09098
26-Jan-2025 14:22:04.170,-0.852336,9.916783,-0.378284
26-Jan-2025 14:22:04.186,-1.565808,11.228806,-0.433351
26-Jan-2025 14:22:04.202,-2.056619,11.944673,-0.272939
26-Jan-2025 14:22:04.218,-1.45328,11.358093,-0.430956
26-Jan-2025 14:22:04.234,-0.603339,10.271125,-0.459687
26-Jan-2025 14:22:04.250,-0.095768,9.821015,-0.308852
26-Jan-2025 14:22:04.265,0.095768,9.739613,-0.220267
26-Jan-2025 14:22:04.282,0.02873,9.739613,-0.122104
26-Jan-2025 14:22:04.298,-0.124498,9.591172,-0.167594
26-Jan-2025 14:22:04.315,-0.246603,9.19134,-0.31364
26-Jan-2025 14:22:04.331,-0.411803,8.746018,-0.23942
26-Jan-2025 14:22:04.347,-0.4956,8.437167,-0.055067
26-Jan-2025 14:22:04.363,-0.505177,8.420407,-0.059855
26-Jan-2025 14:22:04.379,-0.459687,8.655039,-0.272939
26-Jan-2025 14:22:04.395,-0.344765,8.985439,-0.392649
26-Jan-2025 14:22:04.411,-0.114922,9.342175,-0.3304
26-Jan-2025 14:22:04.427,0.124498,9.607931,0.02873
26-Jan-2025 14:22:04.443,0.318429,9.696517,0.414197
26-Jan-2025 14:22:04.459,0.399832,9.782708,0.514753
26-Jan-2025 14:22:04.475,0.301669,10.014946,0.167594
26-Jan-2025 14:22:04.491,0.019154,10.333375,0.126893
26-Jan-2025 14:22:04.507,-0.148441,10.697293,0.134075
26-Jan-2025 14:22:04.523,-0.158017,11.061212,0.117316
26-Jan-2025 14:22:04.539,-0.107739,11.259931,-0.1652
26-Jan-2025 14:22:04.555,-0.076614,11.176133,-0.509965
26-Jan-2025 14:22:04.571,-0.158017,11.288661,-0.126893
26-Jan-2025 14:22:04.586,-0.409408,12.3876,1.297657
26-Jan-2025 14:22:04.603,-0.454898,12.842498,0.742203
26-Jan-2025 14:22:04.620,-0.675165,12.449849,-0.577003
26-Jan-2025 14:22:04.636,-1.510741,12.488156,-0.172383
26-Jan-2025 14:22:04.652,-2.777274,11.930307,0.581791
26-Jan-2025 14:22:04.668,-3.406949,10.726024,1.218649
26-Jan-2025 14:22:04.684,-3.143587,9.591172,0.76375
26-Jan-2025 14:22:04.700,-2.477999,8.827422,0.043096
26-Jan-2025 14:22:04.716,-2.092532,8.475474,0.708684
26-Jan-2025 14:22:04.732,-1.719037,8.214506,2.044648
26-Jan-2025 14:22:04.748,-1.216254,7.769185,1.843535
26-Jan-2025 14:22:04.764,-1.144428,7.553706,1.046266
26-Jan-2025 14:22:04.780,-1.182736,7.922413,0.802058
26-Jan-2025 14:22:04.796,-0.979228,8.738836,0.634463
26-Jan-2025 14:22:04.812,-1.113304,9.813833,0.318429
26-Jan-2025 14:22:04.828,-1.766921,10.141838,0.098162
26-Jan-2025 14:22:04.844,-2.212242,9.579201,0.033519
26-Jan-2025 14:22:04.860,-2.190695,9.174581,0.203507
26-Jan-2025 14:22:04.876,-1.893813,9.095572,0.543484
26-Jan-2025 14:22:04.893,-1.604115,8.918402,0.574608
26-Jan-2025 14:22:04.909,-1.204283,8.597578,0.588974
26-Jan-2025 14:22:04.925,-0.962469,8.626308,0.553061
26-Jan-2025 14:22:04.941,-0.873884,9.284714,-0.19393
26-Jan-2025 14:22:04.957,-1.192312,10.103531,-1.204283
26-Jan-2025 14:22:04.973,-1.56102,10.527305,-1.611298
26-Jan-2025 14:22:04.989,-1.611298,10.412383,-1.276109
26-Jan-2025 14:22:05.005,-1.400608,10.041282,-0.737414
26-Jan-2025 14:22:05.021,-0.993594,9.744401,-0.70629
26-Jan-2025 14:22:05.037,-1.070208,9.313444,-1.098939
26-Jan-2025 14:22:05.053,-1.331176,9.016563,-1.144428
26-Jan-2025 14:22:05.069,-1.532289,8.767567,-0.579397
26-Jan-2025 14:22:05.085,-1.462857,8.647857,-0.043096
26-Jan-2025 14:22:05.101,-1.374272,8.844181,0.191536
26-Jan-2025 14:22:05.117,-1.300052,9.382876,0.105345
26-Jan-2025 14:22:05.133,-1.125275,10.103531,-0.304064
26-Jan-2025 14:22:05.149,-1.04866,10.747571,-0.596156
26-Jan-2025 14:22:05.165,-0.948104,11.477803,-0.447716
26-Jan-2025 14:22:05.181,-1.297657,11.51611,-0.172383
26-Jan-2025 14:22:05.198,-1.441309,11.628637,0.186748
26-Jan-2025 14:22:05.214,-1.154005,11.999739,0.071826
26-Jan-2025 14:22:05.230,-0.445322,12.253524,-0.263362
26-Jan-2025 14:22:05.246,0.272939,12.555194,0.081403
26-Jan-2025 14:22:05.262,0.620098,12.457031,0.725443
26-Jan-2025 14:22:05.278,0.727837,11.923124,0.723049
26-Jan-2025 14:22:05.294,0.387861,11.178528,0.754174
26-Jan-2025 14:22:05.310,0.260968,10.232818,0.636858
26-Jan-2025 14:22:05.326,0.189142,9.011775,0.577003
26-Jan-2025 14:22:05.342,0.232238,7.920019,0.756568
26-Jan-2025 14:22:05.358,0.280122,7.175423,1.082179
26-Jan-2025 14:22:05.374,0.629675,6.88333,1.608904
26-Jan-2025 14:22:05.390,1.04866,7.127539,1.68073
26-Jan-2025 14:22:05.406,0.94571,8.087613,1.235408
26-Jan-2025 14:22:05.422,0.545878,9.495404,0.634463
26-Jan-2025 14:22:05.438,0.306458,11.121067,0.088585
26-Jan-2025 14:22:05.454,-0.222661,12.373235,-0.265756
26-Jan-2025 14:22:05.471,-0.756568,12.198458,-0.1652
26-Jan-2025 14:22:05.487,-0.567426,11.049241,0.088585
26-Jan-2025 14:22:05.503,0.040701,10.070012,0.191536
26-Jan-2025 14:22:05.519,0.466869,9.622296,0.155623
26-Jan-2025 14:22:05.535,0.696713,9.454702,0.033519
26-Jan-2025 14:22:05.551,0.708684,9.351752,0.031125
26-Jan-2025 14:22:05.567,0.622492,9.19134,0.038307
26-Jan-2025 14:22:05.583,0.526724,8.92319,-0.169988
26-Jan-2025 14:22:05.599,0.344765,8.643068,-0.318429
26-Jan-2025 14:22:05.615,0.237026,8.465898,-0.366313
26-Jan-2025 14:22:05.631,0.129287,8.434772,-0.337582
26-Jan-2025 14:22:05.647,-0.004788,8.750807,-0.371101
26-Jan-2025 14:22:05.663,0.038307,9.224859,-0.68953
26-Jan-2025 14:22:05.679,0.205901,9.591172,-0.907402
26-Jan-2025 14:22:05.695,0.351948,9.792285,-0.972046
26-Jan-2025 14:22:05.711,0.409408,9.92636,-0.730232
26-Jan-2025 14:22:05.727,0.395043,9.904813,-0.380678
26-Jan-2025 14:22:05.743,0.320823,9.813833,-0.222661
26-Jan-2025 14:22:05.759,0.397437,9.878476,-0.100556
26-Jan-2025 14:22:05.775,0.3304,10.206482,-0.009577
26-Jan-2025 14:22:05.791,0.189142,10.737994,-0.122104
26-Jan-2025 14:22:05.808,0.071826,11.525687,-0.4956
26-Jan-2025 14:22:05.824,0.071826,11.906365,-0.924162
26-Jan-2025 14:22:05.840,0.011971,12.023681,-1.029507
26-Jan-2025 14:22:05.856,-0.098162,12.674904,-0.134075
26-Jan-2025 14:22:05.872,-0.409408,14.135366,0.490811
26-Jan-2025 14:22:05.888,-0.572214,14.0803,-0.244209
26-Jan-2025 14:22:05.904,-0.703895,12.65575,0.014365
26-Jan-2025 14:22:05.920,-1.189918,11.374852,0.488417
26-Jan-2025 14:22:05.936,-1.625663,10.551247,1.173159
26-Jan-2025 14:22:05.952,-1.764527,9.773131,1.376666
26-Jan-2025 14:22:05.968,-1.776498,8.851364,0.732626
26-Jan-2025 14:22:05.984,-1.570596,8.027759,0.227449
26-Jan-2025 14:22:06.000,-1.757344,7.620744,1.142034
26-Jan-2025 14:22:06.016,-1.841141,7.508216,2.3535
26-Jan-2025 14:22:06.032,-1.580173,7.584831,1.891419
26-Jan-2025 14:22:06.048,-1.343147,8.044518,1.017536
26-Jan-2025 14:22:06.064,-1.357512,8.851364,0.311246
26-Jan-2025 14:22:06.080,-0.979228,9.622296,-0.169988
26-Jan-2025 14:22:06.097,-0.483629,10.189722,-0.289698
26-Jan-2025 14:22:06.113,-0.361524,10.175357,-0.356736
26-Jan-2025 14:22:06.129,-0.445322,9.883265,-0.54109
26-Jan-2025 14:22:06.145,-0.497994,9.595961,-0.490811
26-Jan-2025 14:22:06.161,-0.395043,9.349358,-0.301669
26-Jan-2025 14:22:06.177,0.014365,9.066842,-0.201113
26-Jan-2025 14:22:06.193,0.37589,8.791509,-0.179565
26-Jan-2025 14:22:06.209,0.347159,8.588001,-0.064643
26-Jan-2025 14:22:06.225,0.059855,8.552089,0.050278
26-Jan-2025 14:22:06.241,-0.079009,8.781932,-0.179565
26-Jan-2025 14:22:06.257,0.062249,9.138668,-0.679953
26-Jan-2025 14:22:06.273,0.244209,9.409213,-0.943315
26-Jan-2025 14:22:06.289,0.320823,9.43076,-0.869095
26-Jan-2025 14:22:06.305,0.356736,9.366117,-0.577003
26-Jan-2025 14:22:06.321,0.349553,9.224859,-0.529119
26-Jan-2025 14:22:06.337,0.21069,8.961497,-0.354342
26-Jan-2025 14:22:06.353,0.208296,8.76996,-0.227449
26-Jan-2025 14:22:06.369,0.28491,8.870518,-0.007183
26-Jan-2025 14:22:06.385,0.3304,9.380483,0.251391
26-Jan-2025 14:22:06.401,0.191536,10.041282,0.014365
26-Jan-2025 14:22:06.418,0.079009,10.910378,-0.438139
26-Jan-2025 14:22:06.434,0.02873,11.535264,-0.545878
26-Jan-2025 14:22:06.450,-0.055067,11.35091,-0.509965
26-Jan-2025 14:22:06.466,0.011971,10.785878,-0.502782
26-Jan-2025 14:22:06.482,0.146046,10.362105,-0.186748
26-Jan-2025 14:22:06.498,0.220267,10.058042,0.301669
26-Jan-2025 14:22:06.514,0.399832,10.16578,1.142034
26-Jan-2025 14:22:06.530,0.744597,10.512939,1.292869
26-Jan-2025 14:22:06.546,1.601721,11.398794,1.446098
26-Jan-2025 14:22:06.562,2.145205,12.375628,0.775721
26-Jan-2025 14:22:06.578,1.630451,12.071565,0.004788
26-Jan-2025 14:22:06.594,1.422156,11.058818,0.756568
26-Jan-2025 14:22:06.610,1.934515,10.618284,2.389413
26-Jan-2025 14:22:06.626,2.152387,10.268731,2.645593
26-Jan-2025 14:22:06.642,1.774103,10.026917,0.986411
26-Jan-2025 14:22:06.658,1.42455,10.232818,-0.019154
26-Jan-2025 14:22:06.674,0.852336,10.216059,-0.351948
26-Jan-2025 14:22:06.690,0.172383,9.615114,0.023942
26-Jan-2025 14:22:06.706,-0.026336,8.671799,0.445322
26-Jan-2025 14:22:06.722,0.263362,7.819463,0.560243
26-Jan-2025 14:22:06.739,0.802058,7.460332,0.481235
26-Jan-2025 14:22:06.755,1.505953,7.455544,0.304064
26-Jan-2025 14:22:06.771,2.035071,7.491457,0.150835
26-Jan-2025 14:22:06.787,2.200271,7.76679,0.280122
26-Jan-2025 14:22:06.803,1.862689,8.298303,0.438139
26-Jan-2025 14:22:06.819,1.520318,8.944737,0.395043
26-Jan-2025 14:22:06.835,1.254562,9.674969,0.378284
26-Jan-2025 14:22:06.851,1.103727,10.381259,0.1652
26-Jan-2025 14:22:06.867,1.043872,10.819398,-0.416591
26-Jan-2025 14:22:06.883,1.051055,10.905589,-1.00317
26-Jan-2025 14:22:06.899,1.151611,10.759542,-0.885855
26-Jan-2025 14:22:06.915,1.156399,10.534488,-0.543484
26-Jan-2025 14:22:06.931,1.211466,10.290278,-0.466869
26-Jan-2025 14:22:06.947,1.446098,10.086772,-0.270545
26-Jan-2025 14:22:06.963,1.565808,9.998186,-0.241814
26-Jan-2025 14:22:06.979,1.398214,10.180145,-0.23942
26-Jan-2025 14:22:06.995,0.998382,10.682928,-0.457293
26-Jan-2025 14:22:07.011,0.416591,11.32218,-1.283292
26-Jan-2025 14:22:07.027,-0.251391,11.858481,-1.491588
26-Jan-2025 14:22:07.044,-0.272939,12.435484,-0.627281
26-Jan-2025 14:22:07.060,-0.196325,13.441049,0.861913
26-Jan-2025 14:22:07.076,-0.577003,13.357251,0.672771
26-Jan-2025 14:22:07.092,-0.926556,12.078748,0.110133
26-Jan-2025 14:22:07.108,-1.130063,11.267113,0.943315
26-Jan-2025 14:22:07.124,-1.493982,10.560823,2.003947
26-Jan-2025 14:22:07.140,-1.867477,9.744401,1.872266
26-Jan-2025 14:22:07.156,-2.219425,9.124303,1.113304
26-Jan-2025 14:22:07.172,-2.315193,8.566454,0.739808
26-Jan-2025 14:22:07.188,-2.298434,8.219295,1.323994
26-Jan-2025 14:22:07.204,-1.956063,8.09719,1.922544
26-Jan-2025 14:22:07.220,-1.228225,8.192958,1.510741
26-Jan-2025 14:22:07.236,-0.574608,8.738836,0.794875
26-Jan-2025 14:22:07.252,0.102951,9.576807,0.177171
26-Jan-2025 14:22:07.268,0.715866,10.505757,-0.363919
26-Jan-2025 14:22:07.284,0.737414,10.934319,-0.323217
26-Jan-2025 14:22:07.300,0.102951,10.390836,0.009577
26-Jan-2025 14:22:07.316,-0.4956,9.583989,-0.150835
26-Jan-2025 14:22:07.332,-0.943315,9.193734,-0.222661
26-Jan-2025 14:22:07.348,-1.161188,8.860941,-0.263362
26-Jan-2025 14:22:07.365,-1.00317,8.437167,-0.19393
26-Jan-2025 14:22:07.381,-0.440533,8.161834,-0.057461
26-Jan-2025 14:22:07.397,0.160412,8.236053,0.146046
26-Jan-2025 14:22:07.413,0.521936,8.585608,0.158017
26-Jan-2025 14:22:07.429,0.737414,8.942344,-0.04549
26-Jan-2025 14:22:07.445,0.347159,9.366117,-0.409408
26-Jan-2025 14:22:07.461,-0.280122,9.832987,-0.507571
26-Jan-2025 14:22:07.477,-0.732626,9.957485,-0.536301
26-Jan-2025 14:22:07.493,-0.802058,9.708488,-0.414197
26-Jan-2025 14:22:07.509,-0.782904,9.564836,-0.052672
26-Jan-2025 14:22:07.525,-0.565032,9.414001,0.019154
26-Jan-2025 14:22:07.541,-0.201113,9.342175,-0.196325
26-Jan-2025 14:22:07.557,-0.009577,9.548077,-0.129287
26-Jan-2025 14:22:07.573,-0.126893,10.158598,0.07422
26-Jan-2025 14:22:07.589,-0.311246,10.682928,-0.25618
26-Jan-2025 14:22:07.605,-0.28491,10.953473,-0.708684
26-Jan-2025 14:22:07.621,-0.124498,10.812215,-0.715866
26-Jan-2025 14:22:07.638,-0.064643,10.441113,-0.557849
26-Jan-2025 14:22:07.654,-0.148441,10.417171,-0.040701
26-Jan-2025 14:22:07.670,-0.033519,11.195287,0.684742
26-Jan-2025 14:22:07.686,0.402226,11.702858,0.155623
26-Jan-2025 14:22:07.702,1.61848,11.705252,-0.016759
26-Jan-2025 14:22:07.718,2.387019,11.669339,1.053449
26-Jan-2025 14:22:07.734,2.236184,11.252748,1.06542
26-Jan-2025 14:22:07.750,1.661576,10.771513,0.648829
26-Jan-2025 14:22:07.766,1.292869,10.19451,0.258574
26-Jan-2025 14:22:07.782,1.51553,9.323022,0.342371
26-Jan-2025 14:22:07.798,1.989582,8.755595,1.103727
26-Jan-2025 14:22:07.814,2.111686,8.389283,1.651999
26-Jan-2025 14:22:07.830,1.927332,8.293514,1.314417
26-Jan-2025 14:22:07.846,1.537078,8.631097,0.76375
26-Jan-2025 14:22:07.862,0.919373,9.28232,0.143652
26-Jan-2025 14:22:07.878,0.428562,9.907207,-0.37589
26-Jan-2025 14:22:07.894,0.445322,10.201694,-0.222661
26-Jan-2025 14:22:07.910,0.890643,10.0748,-0.033519
26-Jan-2025 14:22:07.927,1.501164,9.80665,0.002394
26-Jan-2025 14:22:07.943,1.742979,9.411607,0.227449
26-Jan-2025 14:22:07.959,1.877054,9.011775,0.500388
26-Jan-2025 14:22:07.975,2.032677,8.655039,0.560243
26-Jan-2025 14:22:07.991,1.975216,8.564059,0.299275
26-Jan-2025 14:22:08.007,1.678335,8.777143,0.272939
26-Jan-2025 14:22:08.023,1.410185,9.069236,0.126893
26-Jan-2025 14:22:08.039,1.467646,9.445126,-0.244209
26-Jan-2025 14:22:08.055,1.661576,9.91439,-0.246603
26-Jan-2025 14:22:08.071,1.685518,10.208876,-0.189142
26-Jan-2025 14:22:08.087,1.723825,10.295067,-0.167594
26-Jan-2025 14:22:08.103,1.850718,10.180145,-0.215478
26-Jan-2025 14:22:08.119,1.84593,9.935937,-0.189142
26-Jan-2025 14:22:08.135,1.671153,9.588778,0.007183
26-Jan-2025 14:22:08.151,1.355118,9.392453,0.079009
26-Jan-2025 14:22:08.167,1.051055,9.411607,-0.023942
26-Jan-2025 14:22:08.183,0.976834,9.703699,-0.052672
26-Jan-2025 14:22:08.199,1.027112,10.163386,0.1652
26-Jan-2025 14:22:08.216,0.981623,10.649409,-0.306458
26-Jan-2025 14:22:08.232,0.632069,11.27669,-0.452504
26-Jan-2025 14:22:08.248,0.122104,11.712435,-0.78051
26-Jan-2025 14:22:08.264,-0.019154,12.059594,-0.361524
26-Jan-2025 14:22:08.280,-0.021548,12.947843,1.192312
26-Jan-2025 14:22:08.296,-0.232238,14.173674,1.343147
26-Jan-2025 14:22:08.312,-0.457293,14.101848,0.361524
26-Jan-2025 14:22:08.328,-0.938527,12.696451,1.055843
26-Jan-2025 14:22:08.344,-1.414973,11.403583,2.075773
26-Jan-2025 14:22:08.360,-1.450886,10.31901,2.315193
26-Jan-2025 14:22:08.376,-1.56102,9.354146,1.896208
26-Jan-2025 14:22:08.392,-1.486799,8.50181,1.328782
26-Jan-2025 14:22:08.408,-1.058237,7.805098,1.223437
26-Jan-2025 14:22:08.424,-0.70629,7.455544,1.625663
26-Jan-2025 14:22:08.440,-0.474052,7.264008,1.438915
26-Jan-2025 14:22:08.456,-0.296881,7.553706,1.082179
26-Jan-2025 14:22:08.472,-0.179565,8.310274,0.737414
26-Jan-2025 14:22:08.488,-0.251391,9.473856,0.270545
26-Jan-2025 14:22:08.505,-0.282516,10.498574,-0.296881
26-Jan-2025 14:22:08.521,-0.543484,10.728417,-0.751779
26-Jan-2025 14:22:08.537,-0.629675,10.113108,-0.543484
26-Jan-2025 14:22:08.553,-0.699107,9.476251,-0.114922
26-Jan-2025 14:22:08.569,-0.878672,9.07163,-0.057461
26-Jan-2025 14:22:08.585,-0.713472,8.882488,-0.23942
26-Jan-2025 14:22:08.601,-0.160412,8.767567,-0.325611
26-Jan-2025 14:22:08.617,0.263362,8.734048,-0.481235
26-Jan-2025 14:22:08.633,0.294487,8.738836,-0.514753
26-Jan-2025 14:22:08.649,-0.050278,8.784326,-0.385466
26-Jan-2025 14:22:08.665,-0.304064,8.975863,-0.328006
26-Jan-2025 14:22:08.681,-0.4956,9.224859,-0.507571
26-Jan-2025 14:22:08.697,-0.574608,9.433155,-0.727837
26-Jan-2025 14:22:08.713,-0.588974,9.636662,-0.885855
26-Jan-2025 14:22:08.729,-0.562637,9.646238,-0.962469
26-Jan-2025 14:22:08.745,-0.545878,9.452309,-0.861913
26-Jan-2025 14:22:08.761,-0.565032,9.267955,-0.725443
26-Jan-2025 14:22:08.777,-0.512359,9.224859,-0.471658
26-Jan-2025 14:22:08.794,-0.354342,9.404425,-0.215478
26-Jan-2025 14:22:08.810,-0.260968,9.742006,-0.052672
26-Jan-2025 14:22:08.826,-0.184354,10.335769,-0.126893
26-Jan-2025 14:22:08.842,-0.136469,11.003751,-0.392649
26-Jan-2025 14:22:08.858,-0.246603,11.614272,-0.718261
26-Jan-2025 14:22:08.874,-0.562637,11.927913,-0.715866
26-Jan-2025 14:22:08.890,-0.943315,11.695675,-0.588974
26-Jan-2025 14:22:08.906,-1.254562,11.283873,-0.258574
26-Jan-2025 14:22:08.922,-1.446098,11.173739,-0.433351
26-Jan-2025 14:22:08.938,-1.438915,11.288661,-0.675165
26-Jan-2025 14:22:08.954,-0.761356,11.415554,-1.005565
26-Jan-2025 14:22:08.970,-0.126893,11.475409,-0.651223
26-Jan-2025 14:22:08.986,0.07422,11.575965,-0.323217
26-Jan-2025 14:22:09.002,0.134075,11.563994,-0.280122
26-Jan-2025 14:22:09.018,0.35913,10.910378,0.002394
26-Jan-2025 14:22:09.034,0.708684,9.773131,0.517148
26-Jan-2025 14:22:09.050,0.943315,8.607155,0.967257
26-Jan-2025 14:22:09.066,0.842759,7.553706,0.861913
26-Jan-2025 14:22:09.083,0.833182,6.655881,0.469264
26-Jan-2025 14:22:09.099,1.218649,6.042965,0.634463
26-Jan-2025 14:22:09.115,1.769315,6.332664,0.94571
26-Jan-2025 14:22:09.131,1.94888,7.350199,0.684742
26-Jan-2025 14:22:09.147,2.035071,9.394848,-0.160412
26-Jan-2025 14:22:09.163,1.431733,11.518504,-0.378284
26-Jan-2025 14:22:09.179,0.459687,13.309367,-0.220267
26-Jan-2025 14:22:09.195,-0.938527,13.922283,0.323217
26-Jan-2025 14:22:09.211,-1.25935,12.516887,0.277727
26-Jan-2025 14:22:09.227,-0.536301,10.692505,0.088585
26-Jan-2025 14:22:09.243,-0.09098,9.485827,-0.11971
26-Jan-2025 14:22:09.259,-0.021548,8.90643,-0.203507
26-Jan-2025 14:22:09.275,-0.186748,8.74123,-0.112527
26-Jan-2025 14:22:09.291,-0.354342,8.722076,-0.263362
26-Jan-2025 14:22:09.307,-0.378284,8.652645,-0.667982
26-Jan-2025 14:22:09.323,-0.150835,8.406042,-1.000776
26-Jan-2025 14:22:09.340,0.131681,8.288726,-0.948104
26-Jan-2025 14:22:09.356,0.196325,8.171411,-0.912191
26-Jan-2025 14:22:09.372,0.04549,8.470686,-1.165976
26-Jan-2025 14:22:09.387,-0.148441,9.033323,-1.271321
26-Jan-2025 14:22:09.404,-0.172383,9.548077,-1.264138
26-Jan-2025 14:22:09.420,-0.1652,9.888053,-1.268927
26-Jan-2025 14:22:09.436,-0.150835,10.081984,-1.041478
26-Jan-2025 14:22:09.452,-0.052672,10.160992,-0.751779
26-Jan-2025 14:22:09.468,-0.040701,10.292673,-0.476446
26-Jan-2025 14:22:09.484,0.004788,10.55843,-0.349553
26-Jan-2025 14:22:09.500,-0.059855,10.922348,-0.509965
26-Jan-2025 14:22:09.516,-0.25618,11.57836,-0.414197
26-Jan-2025 14:22:09.532,-0.42138,12.243947,-0.380678
26-Jan-2025 14:22:09.548,-0.675165,13.402741,0.282516
26-Jan-2025 14:22:09.563,-1.264138,14.779408,0.916979
26-Jan-2025 14:22:09.580,-1.242591,13.88637,0.225055
26-Jan-2025 14:22:09.596,-1.206678,12.162544,0.454898
26-Jan-2025 14:22:09.612,-1.778892,11.358093,1.821988
26-Jan-2025 14:22:09.629,-2.140416,11.109096,2.736573
26-Jan-2025 14:22:09.645,-1.956063,10.254366,1.936909
26-Jan-2025 14:22:09.661,-1.810017,9.452309,1.051055
26-Jan-2025 14:22:09.677,-1.991976,8.796297,1.029507
26-Jan-2025 14:22:09.693,-2.497152,8.159439,1.774103
26-Jan-2025 14:22:09.708,-2.841918,7.656657,2.059013
26-Jan-2025 14:22:09.725,-2.798822,7.675811,1.742979
26-Jan-2025 14:22:09.741,-2.197877,8.257602,0.878672
26-Jan-2025 14:22:09.757,-1.233014,9.155427,0.296881
26-Jan-2025 14:22:09.773,-0.282516,9.94312,-0.150835
26-Jan-2025 14:22:09.789,-0.141258,10.113108,-0.174777
26-Jan-2025 14:22:09.805,-0.696713,9.677363,0.138864
26-Jan-2025 14:22:09.821,-1.192312,8.983045,0.304064
26-Jan-2025 14:22:09.837,-1.323994,8.401254,0.311246
26-Jan-2025 14:22:09.853,-1.331176,7.920019,0.179565
26-Jan-2025 14:22:09.869,-1.189918,7.714118,0.124498
26-Jan-2025 14:22:09.885,-0.88346,7.790732,0.244209
26-Jan-2025 14:22:09.902,-0.68953,8.240842,0.141258
26-Jan-2025 14:22:09.918,-0.749385,8.870518,-0.208296
26-Jan-2025 14:22:09.934,-0.907402,9.564836,-0.562637
26-Jan-2025 14:22:09.950,-1.170765,10.005369,-1.01993
26-Jan-2025 14:22:09.966,-1.309628,10.141838,-1.165976
26-Jan-2025 14:22:09.982,-1.134852,9.952697,-1.101333
26-Jan-2025 14:22:09.998,-0.871489,9.569624,-1.058237
26-Jan-2025 14:22:10.014,-0.691924,9.260772,-0.799663
26-Jan-2025 14:22:10.030,-0.557849,9.035717,-0.277727
26-Jan-2025 14:22:10.046,-0.476446,8.975863,0.052672
26-Jan-2025 14:22:10.062,-0.31364,9.220071,0.227449
26-Jan-2025 14:22:10.078,-0.117316,9.878476,-0.007183
26-Jan-2025 14:22:10.094,0.019154,10.718841,-0.588974
26-Jan-2025 14:22:10.110,-0.186748,11.645397,-1.177947
26-Jan-2025 14:22:10.126,-1.115698,12.088325,-1.323994
26-Jan-2025 14:22:10.142,-1.35033,12.497733,-0.746991
26-Jan-2025 14:22:10.158,-0.768539,12.907142,-0.617704
26-Jan-2025 14:22:10.175,0.023942,12.449849,-1.060631
26-Jan-2025 14:22:10.191,0.627281,12.018892,-0.143652
26-Jan-2025 14:22:10.207,0.830788,11.77229,0.553061
26-Jan-2025 14:22:10.223,0.715866,10.924743,0.057461
26-Jan-2025 14:22:10.239,0.857124,9.734824,-0.296881
26-Jan-2025 14:22:10.255,0.943315,8.568848,-0.19393
26-Jan-2025 14:22:10.271,0.837971,7.838616,0.268151
26-Jan-2025 14:22:10.287,0.646434,7.560889,1.015141
26-Jan-2025 14:22:10.303,0.718261,7.560889,1.493982
26-Jan-2025 14:22:10.319,0.988805,7.955932,1.268927
26-Jan-2025 14:22:10.335,1.089362,9.129091,0.627281
26-Jan-2025 14:22:10.351,0.969652,10.34774,-0.062249
26-Jan-2025 14:22:10.367,0.438139,11.513716,-0.390255
26-Jan-2025 14:22:10.383,-0.447716,11.812991,-0.050278
26-Jan-2025 14:22:10.399,-0.823605,11.137826,-0.342371
26-Jan-2025 14:22:10.415,-0.59855,10.132261,-0.720655
26-Jan-2025 14:22:10.431,-0.452504,9.502586,-0.577003
26-Jan-2025 14:22:10.448,-0.397437,9.064447,-0.517148
26-Jan-2025 14:22:10.464,-0.366313,9.102755,-0.790087
26-Jan-2025 14:22:10.480,-0.263362,9.246407,-0.909797
26-Jan-2025 14:22:10.496,-0.079009,9.200917,-0.938527
26-Jan-2025 14:22:10.512,0.016759,8.942344,-0.933739
26-Jan-2025 14:22:10.528,-0.050278,8.559271,-0.804452
26-Jan-2025 14:22:10.544,-0.265756,8.257602,-0.608127
26-Jan-2025 14:22:10.560,-0.433351,8.274361,-0.691924
26-Jan-2025 14:22:10.576,-0.47884,8.66701,-1.242591
26-Jan-2025 14:22:10.592,-0.222661,9.176975,-1.513135
26-Jan-2025 14:22:10.608,0.234632,9.514558,-1.496376
26-Jan-2025 14:22:10.624,0.593762,9.65821,-1.321599
26-Jan-2025 14:22:10.640,0.76375,9.691729,-1.051055
26-Jan-2025 14:22:10.656,0.852336,9.737218,-0.955287
26-Jan-2025 14:22:10.672,0.624887,9.751583,-1.132457
26-Jan-2025 14:22:10.688,0.40462,9.890448,-1.252167
26-Jan-2025 14:22:10.704,0.162806,10.249578,-1.302446
26-Jan-2025 14:22:10.720,0.016759,10.761936,-1.414973
26-Jan-2025 14:22:10.736,-0.098162,11.168951,-1.726219
26-Jan-2025 14:22:10.753,-0.229843,11.461043,-2.027889
26-Jan-2025 14:22:10.769,-0.153229,11.525687,-2.121263
26-Jan-2025 14:22:10.785,0.184354,11.300632,-2.133234
26-Jan-2025 14:22:10.801,0.517148,10.96305,-1.862689
26-Jan-2025 14:22:10.817,0.823605,11.312603,-0.873884
26-Jan-2025 14:22:10.833,1.233014,11.599907,-0.984017
26-Jan-2025 14:22:10.849,1.374272,10.723629,-1.450886
26-Jan-2025 14:22:10.865,1.015141,10.026917,-0.610521
26-Jan-2025 14:22:10.881,0.191536,10.524911,-0.160412
26-Jan-2025 14:22:10.897,-1.022324,11.243171,-0.620098
26-Jan-2025 14:22:10.913,-2.238579,11.056423,-1.254562
26-Jan-2025 14:22:10.929,-2.667141,10.407595,-1.027112
26-Jan-2025 14:22:10.945,-2.628834,9.710882,-0.186748
26-Jan-2025 14:22:10.961,-2.396596,9.069236,0.399832
26-Jan-2025 14:22:10.977,-2.042254,8.607155,0.639252
26-Jan-2025 14:22:10.993,-1.714248,8.288726,0.902614
26-Jan-2025 14:22:11.009,-1.33357,8.26239,1.010353
26-Jan-2025 14:22:11.025,-0.749385,8.659827,0.751779
26-Jan-2025 14:22:11.041,-0.656011,9.387665,0.275333
26-Jan-2025 14:22:11.058,-0.78051,10.223241,-0.076614
26-Jan-2025 14:22:11.074,-0.778116,10.687716,-0.067038
26-Jan-2025 14:22:11.090,-0.600945,10.529699,-0.081403
26-Jan-2025 14:22:11.106,-0.426168,10.010158,0.04549
26-Jan-2025 14:22:11.122,-0.270545,9.490616,0.146046
26-Jan-2025 14:22:11.138,-0.148441,9.045294,0.055067
26-Jan-2025 14:22:11.154,-0.19393,8.781932,0.026336
26-Jan-2025 14:22:11.170,-0.169988,8.631097,-0.100556
26-Jan-2025 14:22:11.186,-0.155623,8.564059,-0.112527
26-Jan-2025 14:22:11.202,-0.272939,8.602366,0.064643
26-Jan-2025 14:22:11.218,-0.574608,8.772355,-0.02873
26-Jan-2025 14:22:11.234,-0.634463,9.040505,-0.371101
26-Jan-2025 14:22:11.250,-0.433351,9.370906,-0.593762
26-Jan-2025 14:22:11.266,-0.265756,9.660604,-0.696713
26-Jan-2025 14:22:11.282,-0.102951,9.698911,-0.54109
26-Jan-2025 14:22:11.298,-0.143652,9.519346,-0.584185
26-Jan-2025 14:22:11.314,-0.265756,9.409213,-0.316035
26-Jan-2025 14:22:11.330,-0.28491,9.330204,-0.337582
26-Jan-2025 14:22:11.347,-0.316035,9.41879,-0.433351
26-Jan-2025 14:22:11.363,-0.102951,9.849746,-0.457293
26-Jan-2025 14:22:11.379,0,10.333375,-0.471658
26-Jan-2025 14:22:11.395,-0.1652,10.603919,-0.328006
26-Jan-2025 14:22:11.411,-0.311246,10.599131,-0.332794
26-Jan-2025 14:22:11.427,-0.270545,10.601525,-0.464475
26-Jan-2025 14:22:11.443,-0.332794,10.551247,-0.474052
26-Jan-2025 14:22:11.459,-0.538695,10.426748,-0.35913
26-Jan-2025 14:22:11.475,-0.476446,10.544065,-0.418985
26-Jan-2025 14:22:11.491,-0.095768,11.125855,-0.588974
26-Jan-2025 14:22:11.507,0.337582,11.930307,-0.505177
26-Jan-2025 14:22:11.523,0.737414,12.20564,-0.502782
26-Jan-2025 14:22:11.539,0.916979,12.260707,0.328006
26-Jan-2025 14:22:11.555,0.76375,12.25113,1.204283
26-Jan-2025 14:22:11.571,0.407014,11.269507,0.859518
26-Jan-2025 14:22:11.587,0.265756,9.878476,0.251391
26-Jan-2025 14:22:11.603,0.363919,8.738836,0.414197
26-Jan-2025 14:22:11.620,0.294487,7.912837,1.436521
26-Jan-2025 14:22:11.636,0.052672,7.386112,1.884237
26-Jan-2025 14:22:11.652,0.203507,7.343017,1.271321
26-Jan-2025 14:22:11.668,0.292093,7.615956,0.270545
26-Jan-2025 14:22:11.684,0.248997,8.707711,-0.701501
26-Jan-2025 14:22:11.700,-0.47884,10.058042,-1.364695
26-Jan-2025 14:22:11.716,-1.951274,11.324574,-1.276109
26-Jan-2025 14:22:11.732,-3.203442,11.844116,-1.283292
26-Jan-2025 14:22:11.748,-2.466028,11.494562,-1.525106
26-Jan-2025 14:22:11.764,-0.943315,11.070788,-1.501164
26-Jan-2025 14:22:11.780,0.232238,10.627861,-1.352724
26-Jan-2025 14:22:11.796,0.770933,10.168175,-1.154005
26-Jan-2025 14:22:11.812,0.792481,9.665392,-1.127669
26-Jan-2025 14:22:11.828,0.509965,9.392453,-0.845153
26-Jan-2025 14:22:11.844,0.131681,9.222465,-0.849942
26-Jan-2025 14:22:11.860,-0.081403,9.011775,-1.525106
26-Jan-2025 14:22:11.876,-0.395043,8.858546,-1.991976
26-Jan-2025 14:22:11.892,-0.368707,8.930372,-1.956063
26-Jan-2025 14:22:11.909,-0.380678,8.875306,-1.68073
26-Jan-2025 14:22:11.925,-0.378284,8.896853,-1.223437
26-Jan-2025 14:22:11.941,-0.308852,9.102755,-0.758962
26-Jan-2025 14:22:11.957,-0.086191,9.255983,-0.881066
26-Jan-2025 14:22:11.973,0.227449,9.488221,-1.218649
26-Jan-2025 14:22:11.989,0.373495,9.708488,-1.007959
26-Jan-2025 14:22:12.005,0.237026,9.876082,-0.730232
26-Jan-2025 14:22:12.021,0.016759,10.21127,-0.699107
26-Jan-2025 14:22:12.037,-0.047884,10.675745,-0.948104
26-Jan-2025 14:22:12.053,-0.055067,11.113884,-1.192312
26-Jan-2025 14:22:12.069,-0.143652,11.269507,-1.216254
26-Jan-2025 14:22:12.085,-0.220267,11.212047,-1.13964
26-Jan-2025 14:22:12.101,-0.399832,11.274296,-1.012747
26-Jan-2025 14:22:12.117,-0.665588,11.434708,-1.005565
26-Jan-2025 14:22:12.133,-0.890643,11.281479,-1.055843
26-Jan-2025 14:22:12.149,-1.070208,10.714052,-0.852336
26-Jan-2025 14:22:12.165,-1.357512,10.13705,-0.47884
26-Jan-2025 14:22:12.181,-2.008735,9.756371,-0.272939
26-Jan-2025 14:22:12.198,-2.738967,9.5385,-0.007183
26-Jan-2025 14:22:12.214,-3.260903,9.457097,0.244209
26-Jan-2025 14:22:12.230,-3.117251,9.421184,0.383072
26-Jan-2025 14:22:12.246,-2.736573,9.248801,0.47884
26-Jan-2025 14:22:12.262,-2.363077,9.141062,0.78051
26-Jan-2025 14:22:12.278,-2.037466,9.076419,1.170765
26-Jan-2025 14:22:12.294,-1.692701,8.949526,1.09415
26-Jan-2025 14:22:12.310,-1.58975,8.793902,0.790087
26-Jan-2025 14:22:12.326,-1.769315,8.619126,0.553061
26-Jan-2025 14:22:12.342,-1.963245,8.66701,0.658405
26-Jan-2025 14:22:12.358,-2.269703,8.932767,0.758962
26-Jan-2025 14:22:12.374,-2.662352,9.26556,0.857124
26-Jan-2025 14:22:12.390,-3.04303,9.703699,0.919373
26-Jan-2025 14:22:12.406,-3.37343,10.201694,0.912191
26-Jan-2025 14:22:12.422,-3.569755,10.560823,0.790087
26-Jan-2025 14:22:12.438,-3.53863,10.757148,0.672771
26-Jan-2025 14:22:12.454,-3.256114,10.685322,0.512359
26-Jan-2025 14:22:12.470,-2.659958,10.340557,0.277727
26-Jan-2025 14:22:12.486,-2.214637,9.868899,0.596156
26-Jan-2025 14:22:12.503,-2.025495,9.667787,0.861913
26-Jan-2025 14:22:12.519,-2.200271,9.461885,0.948104
26-Jan-2025 14:22:12.535,-2.422932,9.246407,0.842759
26-Jan-2025 14:22:12.551,-2.53546,9.124303,0.40462
26-Jan-2025 14:22:12.567,-2.552219,9.239224,0.222661
26-Jan-2025 14:22:12.583,-2.588132,9.56723,0.634463
26-Jan-2025 14:22:12.599,-2.190695,9.821015,0.526724
26-Jan-2025 14:22:12.615,-2.073379,9.969456,0.509965
26-Jan-2025 14:22:12.631,-1.778892,10.093954,0.299275
26-Jan-2025 14:22:12.647,-1.558625,10.070012,0.040701
26-Jan-2025 14:22:12.663,-1.678335,10.012551,-0.083797
26-Jan-2025 14:22:12.679,-1.711854,9.907207,-0.064643
26-Jan-2025 14:22:12.695,-1.728614,9.696517,-0.23942
26-Jan-2025 14:22:12.711,-1.685518,9.497798,-0.466869
26-Jan-2025 14:22:12.727,-1.73819,9.215282,-0.497994
26-Jan-2025 14:22:12.743,-1.707066,8.951921,-0.253785
26-Jan-2025 14:22:12.759,-1.616086,8.753201,0.102951
26-Jan-2025 14:22:12.776,-1.472434,8.604761,0.366313
26-Jan-2025 14:22:12.792,-1.206678,9.090784,0.440533
26-Jan-2025 14:22:12.808,-0.921768,10.405201,0.153229
26-Jan-2025 14:22:12.824,-0.718261,11.765107,-0.684742
26-Jan-2025 14:22:12.840,-0.905008,12.35887,-1.137246
26-Jan-2025 14:22:12.856,-1.000776,11.602302,-0.828394
26-Jan-2025 14:22:12.872,-0.859518,10.563218,0.07422
26-Jan-2025 14:22:12.888,-0.574608,9.78989,0.390255
26-Jan-2025 14:22:12.904,-0.043096,9.002198,-0.043096
26-Jan-2025 14:22:12.920,0.45011,8.420407,-0.201113
26-Jan-2025 14:22:12.936,1.343147,8.092402,0.110133
26-Jan-2025 14:22:12.952,1.977611,8.159439,0.816423
26-Jan-2025 14:22:12.968,1.90339,8.868123,1.034295
26-Jan-2025 14:22:12.984,1.163582,10.240001,0.399832
26-Jan-2025 14:22:13.000,0.548272,11.60709,-0.457293
26-Jan-2025 14:22:13.016,-0.009577,12.406754,-0.969652
26-Jan-2025 14:22:13.032,-0.37589,12.054806,-0.620098
26-Jan-2025 14:22:13.048,-0.11971,11.046846,-0.064643
26-Jan-2025 14:22:13.065,0.373495,10.007763,0.043096
26-Jan-2025 14:22:13.081,0.849942,9.363723,-0.040701
26-Jan-2025 14:22:13.097,1.295263,8.920795,-0.105345
26-Jan-2025 14:22:13.113,1.496376,8.810662,-0.131681
26-Jan-2025 14:22:13.129,1.37906,8.796297,-0.150835
26-Jan-2025 14:22:13.145,1.235408,8.805874,-0.026336
26-Jan-2025 14:22:13.161,1.158794,8.865729,-0.114922
26-Jan-2025 14:22:13.177,1.120486,9.030929,-0.280122
26-Jan-2025 14:22:13.193,1.055843,9.306262,-0.454898
26-Jan-2025 14:22:13.209,1.051055,9.557653,-0.497994
26-Jan-2025 14:22:13.225,1.115698,9.809045,-0.349553
26-Jan-2025 14:22:13.241,1.103727,9.940725,-0.373495
26-Jan-2025 14:22:13.257,1.034295,10.096349,-0.4956
26-Jan-2025 14:22:13.273,0.90022,10.180145,-0.6608
26-Jan-2025 14:22:13.289,0.857124,10.086772,-0.720655
26-Jan-2025 14:22:13.305,0.943315,10.014946,-0.610521
26-Jan-2025 14:22:13.321,1.11091,9.981427,-0.567426
26-Jan-2025 14:22:13.337,1.194707,9.962274,-0.814029
26-Jan-2025 14:22:13.353,1.223437,10.105926,-0.438139
26-Jan-2025 14:22:13.370,1.237802,10.287885,-0.282516
26-Jan-2025 14:22:13.386,0.948104,10.386047,-0.335188
26-Jan-2025 14:22:13.402,0.861913,10.615891,-0.533907
26-Jan-2025 14:22:13.418,0.694318,10.934319,-0.797269
26-Jan-2025 14:22:13.434,0.354342,11.233594,-0.916979
26-Jan-2025 14:22:13.450,0.107739,11.298238,-0.514753
26-Jan-2025 14:22:13.466,0.057461,11.889606,0.196325
26-Jan-2025 14:22:13.482,-0.019154,13.402741,0.407014
26-Jan-2025 14:22:13.498,-0.160412,13.680469,-0.512359
26-Jan-2025 14:22:13.514,-0.502782,12.452243,-0.471658
26-Jan-2025 14:22:13.530,-0.770933,11.434708,0.237026
26-Jan-2025 14:22:13.546,-1.465251,11.147403,0.656011
26-Jan-2025 14:22:13.562,-1.980005,10.783484,0.452504
26-Jan-2025 14:22:13.578,-1.999158,10.084377,0.062249
26-Jan-2025 14:22:13.594,-1.697489,9.150639,0.067038
26-Jan-2025 14:22:13.610,-1.489193,8.207323,0.373495
26-Jan-2025 14:22:13.626,-1.503559,7.299921,1.101333
26-Jan-2025 14:22:13.643,-1.582567,6.737284,1.802834
26-Jan-2025 14:22:13.659,-1.508347,6.73489,1.66397
26-Jan-2025 14:22:13.675,-1.314417,7.314286,0.828394
26-Jan-2025 14:22:13.691,-1.130063,8.341399,-0.043096
26-Jan-2025 14:22:13.707,-0.981623,9.473856,-0.064643
26-Jan-2025 14:22:13.723,-0.794875,10.477027,0.387861
26-Jan-2025 14:22:13.739,-0.665588,11.046846,0.447716
26-Jan-2025 14:22:13.755,-0.672771,11.010934,-0.122104
26-Jan-2025 14:22:13.771,-0.730232,10.460267,-0.639252
26-Jan-2025 14:22:13.787,-0.794875,9.837775,-0.462081
26-Jan-2025 14:22:13.803,-0.648829,9.138668,-0.110133
26-Jan-2025 14:22:13.819,-0.505177,8.578424,0.019154
26-Jan-2025 14:22:13.835,-0.521936,8.276755,0.02873
26-Jan-2025 14:22:13.851,-0.679953,8.303091,-0.177171
26-Jan-2025 14:22:13.867,-0.837971,8.652645,-0.466869
26-Jan-2025 14:22:13.883,-0.869095,9.124303,-0.624887
26-Jan-2025 14:22:13.899,-0.90022,9.528923,-0.811634
26-Jan-2025 14:22:13.915,-0.802058,9.720459,-0.993594
26-Jan-2025 14:22:13.932,-0.80924,9.725247,-1.00317
26-Jan-2025 14:22:13.948,-0.859518,9.504981,-0.782904
26-Jan-2025 14:22:13.964,-0.847547,9.260772,-0.612916
26-Jan-2025 14:22:13.980,-0.761356,9.157822,-0.658405
26-Jan-2025 14:22:13.996,-0.751779,9.097966,-0.696713
26-Jan-2025 14:22:14.012,-0.818817,9.224859,-0.600945
26-Jan-2025 14:22:14.028,-0.725443,9.543288,-0.411803
26-Jan-2025 14:22:14.044,-0.54109,9.959879,-0.141258
26-Jan-2025 14:22:14.060,-0.378284,10.364499,-0.265756
26-Jan-2025 14:22:14.076,-0.462081,10.888829,-0.483629
26-Jan-2025 14:22:14.092,-0.720655,11.394006,-0.543484
26-Jan-2025 14:22:14.108,-1.036689,11.599907,-0.555455
26-Jan-2025 14:22:14.124,-1.177947,11.542446,-0.306458
26-Jan-2025 14:22:14.140,-0.85473,11.674128,-0.464475
26-Jan-2025 14:22:14.156,-0.651223,12.109872,-0.395043
26-Jan-2025 14:22:14.172,-0.138864,12.315774,-0.251391
26-Jan-2025 14:22:14.188,0.366313,12.378023,0
26-Jan-2025 14:22:14.204,0.641646,12.064383,0
26-Jan-2025 14:22:14.221,0.730232,11.401189,0.110133
26-Jan-2025 14:22:14.237,0.799663,10.278308,0.258574
26-Jan-2025 14:22:14.253,0.624887,9.179369,0.447716
26-Jan-2025 14:22:14.269,0.385466,8.183381,0.390255
26-Jan-2025 14:22:14.285,0.385466,7.204153,0.627281
26-Jan-2025 14:22:14.301,0.88346,6.562507,1.412579
26-Jan-2025 14:22:14.317,1.580173,6.555324,1.740585
26-Jan-2025 14:22:14.333,1.853112,7.199365,1.357512
26-Jan-2025 14:22:14.349,1.414973,8.628703,0.792481
26-Jan-2025 14:22:14.365,0.651223,10.402806,-0.031125
26-Jan-2025 14:22:14.381,-0.177171,12.263102,-0.409408
26-Jan-2025 14:22:14.397,-0.826,13.175292,-0.167594
26-Jan-2025 14:22:14.413,-0.555455,12.136209,-0.481235
26-Jan-2025 14:22:14.429,0.19393,10.500969,-0.304064
26-Jan-2025 14:22:14.445,0.588974,9.548077,-0.050278
26-Jan-2025 14:22:14.461,0.565032,9.155427,-0.023942
26-Jan-2025 14:22:14.477,0.505177,8.983045,-0.174777
26-Jan-2025 14:22:14.494,0.476446,8.961497,-0.328006
26-Jan-2025 14:22:14.509,0.577003,8.985439,-0.469264
26-Jan-2025 14:22:14.526,0.703895,8.817844,-0.691924
26-Jan-2025 14:22:14.542,0.826,8.678981,-0.790087
26-Jan-2025 14:22:14.558,0.76375,8.753201,-0.70629
26-Jan-2025 14:22:14.574,0.603339,8.961497,-0.711078
26-Jan-2025 14:22:14.590,0.512359,9.097966,-0.869095
26-Jan-2025 14:22:14.606,0.505177,9.323022,-0.94571
26-Jan-2025 14:22:14.622,0.529119,9.610326,-0.701501
26-Jan-2025 14:22:14.638,0.629675,9.763555,-0.325611
26-Jan-2025 14:22:14.654,0.787692,9.799467,0.272939
26-Jan-2025 14:22:14.670,0.830788,9.983821,0.452504
26-Jan-2025 14:22:14.686,0.624887,10.486604,0.007183
26-Jan-2025 14:22:14.702,0.304064,11.03727,-0.632069
26-Jan-2025 14:22:14.718,0.057461,11.434708,-0.97444
26-Jan-2025 14:22:14.734,-0.014365,11.882423,-0.277727
26-Jan-2025 14:22:14.750,-0.198719,13.285425,1.261744
26-Jan-2025 14:22:14.767,-0.708684,14.195222,-0.392649
26-Jan-2025 14:22:14.783,-0.909797,13.081918,-1.695095
26-Jan-2025 14:22:14.799,-1.103727,11.575965,-0.04549
26-Jan-2025 14:22:14.815,-1.616086,10.426748,0.864307
26-Jan-2025 14:22:14.830,-1.714248,9.5385,0.438139
26-Jan-2025 14:22:14.847,-1.570596,8.652645,-0.411803
26-Jan-2025 14:22:14.863,-1.297657,8.013393,-0.416591
26-Jan-2025 14:22:14.879,-0.955287,7.805098,0.76375
26-Jan-2025 14:22:14.895,-0.708684,7.965509,1.149217
26-Jan-2025 14:22:14.911,-0.617704,8.226477,0.464475
26-Jan-2025 14:22:14.927,-0.620098,8.825027,-0.09098
26-Jan-2025 14:22:14.943,-0.792481,9.634268,0.37589
26-Jan-2025 14:22:14.959,-0.778116,10.323798,0.37589
26-Jan-2025 14:22:14.975,-0.916979,10.553641,-0.21069
26-Jan-2025 14:22:14.991,-0.952892,10.299856,-0.474052
26-Jan-2025 14:22:15.007,-1.11091,9.749189,-0.248997
26-Jan-2025 14:22:15.023,-1.043872,9.500193,-0.083797
26-Jan-2025 14:22:15.039,-0.969652,9.291897,-0.260968
26-Jan-2025 14:22:15.055,-0.907402,8.985439,-0.629675
26-Jan-2025 14:22:15.072,-0.806846,8.671799,-0.581791
26-Jan-2025 14:22:15.088,-0.730232,8.425196,-0.550666
26-Jan-2025 14:22:15.104,-0.73502,8.259995,-0.826
26-Jan-2025 14:22:15.120,-1.177947,8.573636,-0.632069
26-Jan-2025 14:22:15.136,-1.54426,9.040505,-0.385466
26-Jan-2025 14:22:15.152,-1.568202,9.07163,-0.718261
26-Jan-2025 14:22:15.168,-1.731008,8.944737,-0.909797
26-Jan-2025 14:22:15.184,-1.726219,8.688558,-1.058237
26-Jan-2025 14:22:15.200,-1.580173,8.408437,-0.849942
26-Jan-2025 14:22:15.216,-1.637634,8.585608,0.124498
26-Jan-2025 14:22:15.232,-1.702277,9.26556,0.560243
26-Jan-2025 14:22:15.248,-2.140416,10.259154,0.742203
26-Jan-2025 14:22:15.264,-2.545036,11.039664,0.545878
26-Jan-2025 14:22:15.280,-3.0143,11.365275,0.579397
26-Jan-2025 14:22:15.296,-3.007117,11.27669,0.557849
26-Jan-2025 14:22:15.312,-2.916138,10.788273,0.311246
26-Jan-2025 14:22:15.328,-3.095703,10.43872,0.371101
26-Jan-2025 14:22:15.344,-3.174711,10.333375,0.816423
26-Jan-2025 14:22:15.361,-2.707842,10.079589,1.16837
26-Jan-2025 14:22:15.377,-2.080561,9.861717,1.043872
26-Jan-2025 14:22:15.393,-1.843535,10.491392,0.797269
26-Jan-2025 14:22:15.409,-1.608904,11.425131,0.167594
26-Jan-2025 14:22:15.425,-1.472434,11.568783,-0.526724
26-Jan-2025 14:22:15.441,-1.381454,10.79785,0.186748
26-Jan-2025 14:22:15.457,-0.957681,9.662998,0.754174
26-Jan-2025 14:22:15.473,-0.562637,8.860941,0.957681
26-Jan-2025 14:22:15.489,-0.344765,8.676587,0.948104
26-Jan-2025 14:22:15.505,-0.148441,9.002198,0.172383
26-Jan-2025 14:22:15.521,-0.428562,9.78989,-0.294487
26-Jan-2025 14:22:15.537,-0.76375,10.747571,-0.248997
26-Jan-2025 14:22:15.553,-1.010353,10.824186,-0.665588
26-Jan-2025 14:22:15.569,-1.831564,10.414778,-0.916979
26-Jan-2025 14:22:15.585,-2.418144,9.832987,-0.505177
26-Jan-2025 14:22:15.601,-2.166753,9.14585,-0.191536
26-Jan-2025 14:22:15.617,-1.798046,8.746018,-0.294487
26-Jan-2025 14:22:15.633,-1.774103,8.913613,-0.612916
26-Jan-2025 14:22:15.650,-1.714248,9.224859,-0.952892
26-Jan-2025 14:22:15.666,-1.529895,9.31105,-0.931344
26-Jan-2025 14:22:15.682,-1.297657,9.215282,-0.816423
26-Jan-2025 14:22:15.698,-1.352724,8.899248,-0.811634
26-Jan-2025 14:22:15.714,-1.642422,8.760384,-0.588974
26-Jan-2025 14:22:15.730,-1.946486,8.669404,-0.531513
26-Jan-2025 14:22:15.746,-1.915361,8.690952,-0.6608
26-Jan-2025 14:22:15.762,-1.889025,8.920795,-0.909797
26-Jan-2025 14:22:15.778,-1.836353,9.255983,-0.749385
26-Jan-2025 14:22:15.794,-1.668759,9.56723,-0.519542
26-Jan-2025 14:22:15.810,-1.568202,9.916783,-0.414197
26-Jan-2025 14:22:15.826,-1.398214,10.266336,-0.624887
26-Jan-2025 14:22:15.842,-1.522712,10.639832,-0.797269
26-Jan-2025 14:22:15.858,-1.75495,11.054029,-0.567426
26-Jan-2025 14:22:15.874,-1.699883,11.128249,-0.488417
26-Jan-2025 14:22:15.890,-1.534683,11.046846,-0.797269
26-Jan-2025 14:22:15.906,-1.575385,11.283873,-0.859518
26-Jan-2025 14:22:15.922,-2.312799,12.591106,0.117316
26-Jan-2025 14:22:15.938,-2.363077,13.000515,-0.342371
26-Jan-2025 14:22:15.955,-2.456451,12.25113,-0.85473
26-Jan-2025 14:22:15.971,-2.322376,11.647791,0.471658
26-Jan-2025 14:22:15.987,-2.245761,11.317391,1.417367
26-Jan-2025 14:22:16.003,-2.183512,10.783484,1.144428
26-Jan-2025 14:22:16.019,-2.257732,9.876082,0.397437
26-Jan-2025 14:22:16.035,-2.384625,9.205706,0.442927
26-Jan-2025 14:22:16.051,-2.377442,8.51857,0.794875
26-Jan-2025 14:22:16.067,-2.181118,7.76679,0.852336
26-Jan-2025 14:22:16.083,-1.946486,6.940791,0.924162
26-Jan-2025 14:22:16.099,-1.82917,6.435614,1.431733
26-Jan-2025 14:22:16.115,-1.793257,6.483498,1.80044
26-Jan-2025 14:22:16.131,-2.011129,7.141904,1.651999
26-Jan-2025 14:22:16.147,-2.384625,8.305486,0.888249
26-Jan-2025 14:22:16.163,-2.829947,9.945514,-0.004788
26-Jan-2025 14:22:16.179,-2.767697,11.623849,-0.251391
26-Jan-2025 14:22:16.195,-2.475605,12.021287,0.237026
26-Jan-2025 14:22:16.211,-2.118869,10.986992,0.292093
26-Jan-2025 14:22:16.227,-1.982399,10.201694,0.287304
26-Jan-2025 14:22:16.244,-1.886631,9.603143,0.217872
26-Jan-2025 14:22:16.260,-1.505953,8.707711,0.038307
26-Jan-2025 14:22:16.276,-1.070208,7.979874,0.086191
26-Jan-2025 14:22:16.292,-0.995988,7.776367,0.21069
26-Jan-2025 14:22:16.308,-1.474828,8.154651,0.114922
26-Jan-2025 14:22:16.324,-1.934515,8.683769,-0.265756
26-Jan-2025 14:22:16.340,-2.06859,9.109938,-0.663194
26-Jan-2025 14:22:16.356,-1.790863,9.471462,-0.723049
26-Jan-2025 14:22:16.372,-1.505953,9.780313,-0.581791
26-Jan-2025 14:22:16.388,-1.290475,9.856929,-0.593762
26-Jan-2025 14:22:16.404,-1.187524,9.674969,-0.620098
26-Jan-2025 14:22:16.420,-1.022324,9.406818,-0.593762
26-Jan-2025 14:22:16.436,-0.823605,9.320627,-0.514753
26-Jan-2025 14:22:16.452,-0.739808,9.504981,-0.363919
26-Jan-2025 14:22:16.468,-0.840365,9.849746,-0.07422
26-Jan-2025 14:22:16.484,-0.912191,10.213664,0.067038
26-Jan-2025 14:22:16.500,-0.921768,10.663774,-0.07422
26-Jan-2025 14:22:16.517,-0.70629,11.197681,-0.208296
26-Jan-2025 14:22:16.533,-0.555455,11.657368,-0.373495
26-Jan-2025 14:22:16.549,-0.663194,12.203246,-0.11971
26-Jan-2025 14:22:16.565,-0.462081,13.01488,0.500388
26-Jan-2025 14:22:16.581,-0.203507,12.725182,-0.395043
26-Jan-2025 14:22:16.597,-0.071826,12.289437,-0.371101
26-Jan-2025 14:22:16.613,0.227449,11.7268,0.543484
26-Jan-2025 14:22:16.629,0.397437,10.994174,1.053449
26-Jan-2025 14:22:16.645,0.301669,10.141838,1.098939
26-Jan-2025 14:22:16.661,0.392649,9.275137,1.067814
26-Jan-2025 14:22:16.677,0.634463,8.257602,1.273715
26-Jan-2025 14:22:16.693,0.873884,7.232883,1.407791
26-Jan-2025 14:22:16.709,1.527501,6.550536,1.975216
26-Jan-2025 14:22:16.725,2.331953,6.58166,2.719813
26-Jan-2025 14:22:16.741,2.47321,7.223307,2.549825
26-Jan-2025 14:22:16.757,1.805228,8.664616,1.264138
26-Jan-2025 14:22:16.774,1.022324,10.544065,0.031125
26-Jan-2025 14:22:16.790,0.169988,12.018892,-0.067038
26-Jan-2025 14:22:16.806,-0.414197,11.99495,0.533907
26-Jan-2025 14:22:16.822,-0.011971,10.979809,0.699107
26-Jan-2025 14:22:16.838,0.663194,9.859323,0.567426
26-Jan-2025 14:22:16.854,1.041478,9.054871,0.311246
26-Jan-2025 14:22:16.870,1.278504,8.566454,0.328006
26-Jan-2025 14:22:16.886,1.252167,8.401254,0.282516
26-Jan-2025 14:22:16.902,1.084573,8.576031,0.215478
26-Jan-2025 14:22:16.918,1.024718,8.827422,0.31364
26-Jan-2025 14:22:16.934,1.010353,9.083601,0.213084
26-Jan-2025 14:22:16.950,0.916979,9.263166,-0.04549
26-Jan-2025 14:22:16.966,0.790087,9.44752,-0.265756
26-Jan-2025 14:22:16.982,0.632069,9.749189,-0.169988
26-Jan-2025 14:22:16.998,0.483629,10.144233,0.162806
26-Jan-2025 14:22:17.014,0.407014,10.644621,0.325611
26-Jan-2025 14:22:17.030,0.440533,11.051635,-0.014365
26-Jan-2025 14:22:17.046,0.454898,11.269507,-0.215478
26-Jan-2025 14:22:17.063,0.371101,11.243171,0.141258
26-Jan-2025 14:22:17.079,0.143652,10.994174,0.373495
26-Jan-2025 14:22:17.095,-0.016759,10.66138,0.440533
26-Jan-2025 14:22:17.111,-0.026336,10.673351,1.070208
26-Jan-2025 14:22:17.127,-0.047884,11.609484,2.252944
26-Jan-2025 14:22:17.143,-0.143652,11.868058,0.732626
26-Jan-2025 14:22:17.159,-0.888249,9.794679,-1.462857
26-Jan-2025 14:22:17.175,-1.611298,7.874529,-0.414197
26-Jan-2025 14:22:17.191,-2.051831,6.964733,2.183512
26-Jan-2025 14:22:17.207,-1.66397,7.082048,3.536236
26-Jan-2025 14:22:17.223,-0.962469,7.807492,2.576161
26-Jan-2025 14:22:17.239,-0.136469,8.731653,0.416591
26-Jan-2025 14:22:17.255,0.641646,9.536105,-1.09415
26-Jan-2025 14:22:17.271,1.031901,10.060435,-0.746991
26-Jan-2025 14:22:17.287,0.811634,10.122684,1.130063
26-Jan-2025 14:22:17.303,0.351948,9.753978,2.133234
26-Jan-2025 14:22:17.319,-0.160412,9.339781,1.352724
26-Jan-2025 14:22:17.336,-0.727837,9.306262,0.342371
26-Jan-2025 14:22:17.352,-1.21386,9.059659,-0.361524
26-Jan-2025 14:22:17.368,-1.091756,8.310274,-0.596156
26-Jan-2025 14:22:17.384,-0.632069,7.544129,0.270545
26-Jan-2025 14:22:17.400,-0.217872,6.76362,0.952892
26-Jan-2025 14:22:17.416,-0.162806,6.210559,0.76375
26-Jan-2025 14:22:17.432,-0.574608,5.856217,0.440533
26-Jan-2025 14:22:17.448,-1.010353,5.62398,0.253785
26-Jan-2025 14:22:17.464,-1.290475,5.48751,0.225055
26-Jan-2025 14:22:17.480,-1.625663,5.439626,0.486023
26-Jan-2025 14:22:17.496,-1.941698,5.415684,0.581791
26-Jan-2025 14:22:17.512,-2.272097,5.317522,0.488417
26-Jan-2025 14:22:17.528,-2.597709,5.046977,0.038307
26-Jan-2025 14:22:17.544,-2.695871,4.625597,-0.509965
26-Jan-2025 14:22:17.560,-2.571373,4.321534,-0.830788
26-Jan-2025 14:22:17.576,-2.138022,4.024653,-0.59855
26-Jan-2025 14:22:17.593,-1.991976,3.847482,-0.069432
26-Jan-2025 14:22:17.609,-2.221819,3.706224,0.531513
26-Jan-2025 14:22:17.625,-2.458845,3.775656,0.773327
26-Jan-2025 14:22:17.641,-2.92332,3.804387,0.033519
26-Jan-2025 14:22:17.657,-3.155558,3.746926,-1.13964
26-Jan-2025 14:22:17.673,-3.189077,3.524265,-1.35033
26-Jan-2025 14:22:17.689,-3.236961,3.174711,-0.304064
26-Jan-2025 14:22:17.705,-2.992752,3.598485,0.835576
26-Jan-2025 14:22:17.721,-2.952051,4.553771,1.623269
26-Jan-2025 14:22:17.737,-4.639963,5.255273,2.264915
26-Jan-2025 14:22:17.753,-6.713342,5.231331,1.989582
26-Jan-2025 14:22:17.769,-7.589619,4.972757,-0.112527
26-Jan-2025 14:22:17.785,-7.029376,5.006276,-1.228225
26-Jan-2025 14:22:17.801,-5.65271,5.705383,-0.232238
26-Jan-2025 14:22:17.817,-3.833117,7.613562,-2.652776
26-Jan-2025 14:22:17.833,-1.872266,8.765172,-6.026206
26-Jan-2025 14:22:17.850,1.747767,7.371747,-3.655946
26-Jan-2025 14:22:17.866,4.905719,2.035071,2.504335
26-Jan-2025 14:22:17.882,10.807426,-7.448361,6.624756
26-Jan-2025 14:22:17.898,18.720263,-13.239936,2.336741
26-Jan-2025 14:22:17.914,18.696321,-8.710106,-11.008539
26-Jan-2025 14:22:17.930,17.199945,1.187524,-7.350199
26-Jan-2025 14:22:17.946,38.508339,20.101717,-7.984663
26-Jan-2025 14:22:17.962,47.491386,48.116272,-23.228544
26-Jan-2025 14:22:17.978,39.729382,22.972364,33.389538
26-Jan-2025 14:22:17.994,43.77319,3.608062,-13.620613
26-Jan-2025 14:22:18.010,39.47081,-6.485892,-14.889541
26-Jan-2025 14:22:18.026,32.008083,-7.469909,4.304775
26-Jan-2025 14:22:18.042,21.619642,-6.600814,-23.142353
26-Jan-2025 14:22:18.058,12.737153,-7.386112,-6.971915
26-Jan-2025 14:22:18.074,7.345411,-6.907272,3.29921
26-Jan-2025 14:22:18.090,1.314417,-5.166687,1.120486
26-Jan-2025 14:22:18.106,-1.010353,-3.445256,-0.754174
26-Jan-2025 14:22:18.123,1.414973,-2.468422,-4.809951
26-Jan-2025 14:22:18.139,5.406107,-2.791639,-4.982334
26-Jan-2025 14:22:18.155,8.188169,-2.049437,-4.472369
26-Jan-2025 14:22:18.171,9.512163,-1.637634,-5.420473
26-Jan-2025 14:22:18.187,10.283096,-1.30484,-5.209783
26-Jan-2025 14:22:18.203,8.810662,-0.835576,-4.534618
26-Jan-2025 14:22:18.219,6.514623,-0.560243,-3.505111
26-Jan-2025 14:22:18.235,4.299986,-0.402226,-2.954445
26-Jan-2025 14:22:18.251,4.34787,-1.288081,-3.65834
26-Jan-2025 14:22:18.267,4.546589,-0.687136,-3.624821
26-Jan-2025 14:22:18.283,7.010222,-0.474052,-3.423708
26-Jan-2025 14:22:18.299,9.986216,-1.103727,-3.828329
26-Jan-2025 14:22:18.315,11.949461,-1.180341,-3.878607
26-Jan-2025 14:22:18.331,12.320562,-1.010353,-4.812346
26-Jan-2025 14:22:18.347,11.779472,-1.06542,-6.181829
26-Jan-2025 14:22:18.363,11.077971,-1.505953,-6.177041
26-Jan-2025 14:22:18.379,10.196905,-2.073379,-4.620809
26-Jan-2025 14:22:18.396,10.058042,-1.898602,-2.214637
26-Jan-2025 14:22:18.412,10.860099,-1.410185,-2.631228
26-Jan-2025 14:22:18.428,10.108319,-0.59855,-5.951985
26-Jan-2025 14:22:18.444,7.034164,1.165976,-7.874529
26-Jan-2025 14:22:18.460,5.911284,3.016694,-5.655105
26-Jan-2025 14:22:18.476,5.592855,3.828329,-4.304775
26-Jan-2025 14:22:18.492,5.386954,3.809175,-4.620809
26-Jan-2025 14:22:18.508,6.200983,2.645593,-5.748478
26-Jan-2025 14:22:18.524,7.026982,1.25935,-7.230489
26-Jan-2025 14:22:18.540,7.410054,0.263362,-7.029376
26-Jan-2025 14:22:18.556,6.435614,0.201113,-6.28478
26-Jan-2025 14:22:18.572,5.145139,0.399832,-6.586449
26-Jan-2025 14:22:18.588,4.778827,0.464475,-7.283162
26-Jan-2025 14:22:18.604,5.635951,0.134075,-7.809886
26-Jan-2025 14:22:18.620,6.842628,0.026336,-8.358158
26-Jan-2025 14:22:18.636,7.400477,0.493206,-8.480263
26-Jan-2025 14:22:18.652,6.890512,1.312023,-6.904878
26-Jan-2025 14:22:18.668,6.119579,2.219425,-5.841852
26-Jan-2025 14:22:18.685,6.016629,2.992752,-5.616797
26-Jan-2025 14:22:18.701,6.320693,3.13401,-6.873753
26-Jan-2025 14:22:18.717,6.593631,3.031059,-8.37013
26-Jan-2025 14:22:18.733,6.636727,2.916138,-8.030152
26-Jan-2025 14:22:18.749,6.406884,2.829947,-5.949591
26-Jan-2025 14:22:18.765,6.093243,2.738967,-6.538565
26-Jan-2025 14:22:18.781,5.770026,2.207454,-7.639898
26-Jan-2025 14:22:18.797,5.805939,1.266533,-6.31351
26-Jan-2025 14:22:18.813,6.0286,0.296881,-6.019023
26-Jan-2025 14:22:18.829,6.619968,0.1652,-6.375759
26-Jan-2025 14:22:18.845,7.402872,0.452504,-6.157887
26-Jan-2025 14:22:18.861,7.987057,0.924162,-5.932832
26-Jan-2025 14:22:18.877,8.437167,1.513135,-6.189012
26-Jan-2025 14:22:18.893,8.731653,1.865083,-6.354211
26-Jan-2025 14:22:18.909,8.801085,2.217031,-6.517017
26-Jan-2025 14:22:18.925,8.451532,2.336741,-6.327875
26-Jan-2025 14:22:18.941,7.917625,2.300828,-6.435614
26-Jan-2025 14:22:18.958,7.16824,1.857901,-6.936002
26-Jan-2025 14:22:18.974,6.184223,1.237802,-7.082048
26-Jan-2025 14:22:18.990,5.370194,0.931344,-6.299145
26-Jan-2025 14:22:19.006,5.602432,0.591368,-6.375759
26-Jan-2025 14:22:19.022,6.737284,-0.198719,-6.71813
26-Jan-2025 14:22:19.038,7.292738,-0.821211,-7.141904
26-Jan-2025 14:22:19.054,7.012617,-1.084573,-7.041347
26-Jan-2025 14:22:19.070,6.368577,-0.778116,-6.924031
26-Jan-2025 14:22:19.086,5.987898,-0.184354,-6.92882
26-Jan-2025 14:22:19.102,6.098032,0.466869,-6.789956
26-Jan-2025 14:22:19.118,6.189012,0.47884,-7.721301
26-Jan-2025 14:22:19.134,6.040571,0.746991,-7.836222
26-Jan-2025 14:22:19.150,5.712565,1.106121,-7.8865
26-Jan-2025 14:22:19.166,5.604826,1.199495,-7.965509
26-Jan-2025 14:22:19.182,5.580884,1.130063,-7.85777
26-Jan-2025 14:22:19.198,5.576096,0.967257,-7.946355
26-Jan-2025 14:22:19.214,5.643134,0.677559,-7.996634
26-Jan-2025 14:22:19.230,5.559336,0.40462,-8.06846
26-Jan-2025 14:22:19.247,5.453991,0.332794,-8.085219
26-Jan-2025 14:22:19.263,5.44202,0.205901,-8.123527
26-Jan-2025 14:22:19.279,5.355829,0.100556,-8.116343
26-Jan-2025 14:22:19.295,5.025429,0.129287,-8.070854
26-Jan-2025 14:22:19.311,4.841076,0.217872,-8.061277
26-Jan-2025 14:22:19.327,4.865018,0.155623,-8.188169
26-Jan-2025 14:22:19.343,4.908113,-0.122104,-8.135497
26-Jan-2025 14:22:19.359,4.74052,-0.270545,-8.09719
26-Jan-2025 14:22:19.375,4.72376,-0.335188,-8.315063
26-Jan-2025 14:22:19.391,4.498705,-0.138864,-8.700529
26-Jan-2025 14:22:19.407,4.616021,0.21069,-8.248025
26-Jan-2025 14:22:19.423,4.764462,0.433351,-8.683769
26-Jan-2025 14:22:19.439,4.625597,0.665588,-8.858546
26-Jan-2025 14:22:19.455,4.548983,0.787692,-8.542512
26-Jan-2025 14:22:19.471,4.520253,0.849942,-8.492233
26-Jan-2025 14:22:19.487,4.532224,0.888249,-8.576031
26-Jan-2025 14:22:19.504,4.556166,0.88346,-8.41083
26-Jan-2025 14:22:19.520,4.589684,0.78051,-8.346188
26-Jan-2025 14:22:19.536,4.592079,0.775721,-8.350976
26-Jan-2025 14:22:19.552,4.663905,0.756568,-8.341399
26-Jan-2025 14:22:19.568,4.67827,0.648829,-8.300697
26-Jan-2025 14:22:19.584,4.680665,0.517148,-8.271967
26-Jan-2025 14:22:19.600,4.661511,0.442927,-8.319851
26-Jan-2025 14:22:19.616,4.738125,0.411803,-8.339005
26-Jan-2025 14:22:19.631,4.783615,0.378284,-8.327033
26-Jan-2025 14:22:19.648,4.857835,0.294487,-8.451532
26-Jan-2025 14:22:19.664,4.884171,0.248997,-8.310274
26-Jan-2025 14:22:19.680,4.826711,0.189142,-8.48984
26-Jan-2025 14:22:19.696,4.81474,0.169988,-8.418014
26-Jan-2025 14:22:19.712,4.754885,0.174777,-8.468291
26-Jan-2025 14:22:19.728,4.76925,0.203507,-8.3821
26-Jan-2025 14:22:19.744,4.754885,0.131681,-8.255207
26-Jan-2025 14:22:19.760,4.750096,0.107739,-8.248025
26-Jan-2025 14:22:19.776,4.757279,0.155623,-8.283937
26-Jan-2025 14:22:19.793,4.783615,0.160412,-8.346188
26-Jan-2025 14:22:19.809,4.757279,0.174777,-8.391677
26-Jan-2025 14:22:19.825,4.783615,0.131681,-8.37013
26-Jan-2025 14:22:19.841,4.762067,0.201113,-8.331821
26-Jan-2025 14:22:19.857,4.81474,0.299275,-8.372523
26-Jan-2025 14:22:19.873,4.850653,0.35913,-8.487445
26-Jan-2025 14:22:19.889,4.84347,0.347159,-8.463503
26-Jan-2025 14:22:19.905,4.819528,0.325611,-8.358158
26-Jan-2025 14:22:19.921,4.742914,0.308852,-8.348581
26-Jan-2025 14:22:19.937,4.718972,0.323217,-8.334216
26-Jan-2025 14:22:19.952,4.673482,0.428562,-8.37013
26-Jan-2025 14:22:19.969,4.707001,0.519542,-8.319851
26-Jan-2025 14:22:19.985,4.721366,0.560243,-8.334216
26-Jan-2025 14:22:20.001,4.683059,0.593762,-8.494628
26-Jan-2025 14:22:20.017,4.750096,0.59855,-8.204929
26-Jan-2025 14:22:20.033,4.572925,0.529119,-8.844181
26-Jan-2025 14:22:20.049,4.501099,0.500388,-8.346188
26-Jan-2025 14:22:20.066,4.673482,0.440533,-8.26239
26-Jan-2025 14:22:20.082,4.544195,0.342371,-8.623915
26-Jan-2025 14:22:20.098,4.481946,0.385466,-8.568848
26-Jan-2025 14:22:20.114,4.570531,0.509965,-8.360553
26-Jan-2025 14:22:20.130,4.601655,0.545878,-8.508993
26-Jan-2025 14:22:20.146,4.656722,0.509965,-8.461109
26-Jan-2025 14:22:20.162,4.716578,0.474052,-8.386889
26-Jan-2025 14:22:20.178,4.692636,0.299275,-8.394072
26-Jan-2025 14:22:20.194,4.627992,0.107739,-8.432379
26-Jan-2025 14:22:20.210,4.572925,0.057461,-8.429984
26-Jan-2025 14:22:20.226,4.608838,0.100556,-8.391677
26-Jan-2025 14:22:20.242,4.639963,0.25618,-8.461109
26-Jan-2025 14:22:20.258,4.692636,0.323217,-8.451532
26-Jan-2025 14:22:20.273,4.666299,0.361524,-8.461109
26-Jan-2025 14:22:20.290,4.63278,0.399832,-8.628703
26-Jan-2025 14:22:20.306,4.623203,0.387861,-8.396465
26-Jan-2025 14:22:20.322,4.560954,0.325611,-8.298303
26-Jan-2025 14:22:20.338,4.520253,0.251391,-8.628703
26-Jan-2025 14:22:20.354,4.486734,0.275333,-8.487445
26-Jan-2025 14:22:20.371,4.426879,0.349553,-8.334216
26-Jan-2025 14:22:20.387,4.458004,0.426168,-8.525752
26-Jan-2025 14:22:20.403,4.501099,0.464475,-8.580819
26-Jan-2025 14:22:20.419,4.556166,0.464475,-8.573636
26-Jan-2025 14:22:20.435,4.546589,0.452504,-8.540117
26-Jan-2025 14:22:20.451,4.537012,0.411803,-8.520964
26-Jan-2025 14:22:20.467,4.508282,0.390255,-8.511387
26-Jan-2025 14:22:20.483,4.498705,0.402226,-8.480263
26-Jan-2025 14:22:20.499,4.477157,0.399832,-8.485051
26-Jan-2025 14:22:20.515,4.52983,0.395043,-8.485051
26-Jan-2025 14:22:20.531,4.465186,0.35913,-8.463503
26-Jan-2025 14:22:20.547,4.458004,0.289698,-8.525752
26-Jan-2025 14:22:20.563,4.493917,0.287304,-8.549694
26-Jan-2025 14:22:20.579,4.575319,0.299275,-8.437167
26-Jan-2025 14:22:20.595,4.560954,0.301669,-8.453926
26-Jan-2025 14:22:20.611,4.58729,0.3304,-8.528147
26-Jan-2025 14:22:20.627,4.544195,0.380678,-8.585608
26-Jan-2025 14:22:20.643,4.496311,0.433351,-8.578424
26-Jan-2025 14:22:20.660,4.462792,0.464475,-8.365341
26-Jan-2025 14:22:20.676,4.453215,0.40462,-8.497022
26-Jan-2025 14:22:20.692,4.472369,0.301669,-8.604761
26-Jan-2025 14:22:20.708,4.489128,0.304064,-8.480263
26-Jan-2025 14:22:20.724,4.479551,0.354342,-8.362947
26-Jan-2025 14:22:20.740,4.560954,0.378284,-8.485051
26-Jan-2025 14:22:20.756,4.60405,0.433351,-8.355764
26-Jan-2025 14:22:20.772,4.608838,0.351948,-8.59279
26-Jan-2025 14:22:20.788,4.436456,0.354342,-8.753201
26-Jan-2025 14:22:20.804,4.503493,0.335188,-8.269572
26-Jan-2025 14:22:20.820,4.582502,0.316035,-8.669404
26-Jan-2025 14:22:20.836,4.611232,0.433351,-8.561666
26-Jan-2025 14:22:20.852,4.663905,0.509965,-8.240842
26-Jan-2025 14:22:20.868,4.584896,0.54109,-8.516175
26-Jan-2025 14:22:20.884,4.522647,0.531513,-8.482656
26-Jan-2025 14:22:20.900,4.568137,0.4956,-8.418014
26-Jan-2025 14:22:20.916,4.537012,0.435745,-8.525752
26-Jan-2025 14:22:20.932,4.582502,0.407014,-8.528147
26-Jan-2025 14:22:20.949,4.556166,0.351948,-8.437167
26-Jan-2025 14:22:20.965,4.469975,0.335188,-8.47308
26-Jan-2025 14:22:20.981,4.462792,0.390255,-8.499416
26-Jan-2025 14:22:20.997,4.465186,0.397437,-8.566454
26-Jan-2025 14:22:21.013,4.493917,0.380678,-8.528147
26-Jan-2025 14:22:21.029,4.527435,0.368707,-8.463503
26-Jan-2025 14:22:21.045,4.52983,0.37589,-8.659827
26-Jan-2025 14:22:21.061,4.436456,0.387861,-8.494628
26-Jan-2025 14:22:21.077,4.374207,0.349553,-8.475474
26-Jan-2025 14:22:21.093,4.333505,0.311246,-8.846576
26-Jan-2025 14:22:21.109,4.388572,0.3304,-8.482656
26-Jan-2025 14:22:21.125,4.39336,0.366313,-8.525752
26-Jan-2025 14:22:21.141,4.448427,0.368707,-8.528147
26-Jan-2025 14:22:21.157,4.446033,0.366313,-8.623915
26-Jan-2025 14:22:21.173,4.400543,0.316035,-8.60955
26-Jan-2025 14:22:21.189,4.405331,0.287304,-8.5473
26-Jan-2025 14:22:21.205,4.383783,0.272939,-8.537724
26-Jan-2025 14:22:21.221,4.374207,0.316035,-8.552089
26-Jan-2025 14:22:21.237,4.383783,0.342371,-8.53054
26-Jan-2025 14:22:21.254,4.352659,0.31364,-8.566454
26-Jan-2025 14:22:21.270,4.367024,0.277727,-8.590396
26-Jan-2025 14:22:21.286,4.340688,0.268151,-8.611943
26-Jan-2025 14:22:21.302,4.326323,0.275333,-8.573636
26-Jan-2025 14:22:21.318,4.36463,0.272939,-8.583213
26-Jan-2025 14:22:21.334,4.345476,0.275333,-8.559271
26-Jan-2025 14:22:21.350,4.333505,0.320823,-8.576031
26-Jan-2025 14:22:21.366,4.355053,0.342371,-8.566454
26-Jan-2025 14:22:21.382,4.378995,0.361524,-8.50181
26-Jan-2025 14:22:21.398,4.355053,0.371101,-8.549694
26-Jan-2025 14:22:21.414,4.388572,0.3304,-8.573636
26-Jan-2025 14:22:21.430,4.446033,0.361524,-8.63828
26-Jan-2025 14:22:21.446,4.48434,0.37589,-8.544906
26-Jan-2025 14:22:21.462,4.491522,0.361524,-8.595184
26-Jan-2025 14:22:21.478,4.448427,0.31364,-8.678981
26-Jan-2025 14:22:21.494,4.407725,0.251391,-8.590396
26-Jan-2025 14:22:21.510,4.448427,0.186748,-8.475474
26-Jan-2025 14:22:21.527,4.39336,0.215478,-8.47308
26-Jan-2025 14:22:21.543,4.450821,0.215478,-8.647857
26-Jan-2025 14:22:21.559,4.424485,0.21069,-8.662222
26-Jan-2025 14:22:21.575,4.378995,0.248997,-8.635885
26-Jan-2025 14:22:21.591,4.352659,0.234632,-8.576031
26-Jan-2025 14:22:21.607,4.422091,0.213084,-8.286332
26-Jan-2025 14:22:21.623,4.292804,0.217872,-9.028535
26-Jan-2025 14:22:21.639,4.230555,0.241814,-8.396465
26-Jan-2025 14:22:21.655,4.323928,0.260968,-8.456321
26-Jan-2025 14:22:21.671,4.29041,0.248997,-8.832211
26-Jan-2025 14:22:21.687,4.314352,0.320823,-8.578424
26-Jan-2025 14:22:21.703,4.36463,0.371101,-8.449138
26-Jan-2025 14:22:21.719,4.407725,0.418985,-8.62152
26-Jan-2025 14:22:21.735,4.436456,0.466869,-8.580819
26-Jan-2025 14:22:21.751,4.417302,0.464475,-8.549694
26-Jan-2025 14:22:21.767,4.436456,0.399832,-8.532935
26-Jan-2025 14:22:21.783,4.434062,0.337582,-8.580819
26-Jan-2025 14:22:21.799,4.424485,0.275333,-8.578424
26-Jan-2025 14:22:21.815,4.36463,0.277727,-8.523358
26-Jan-2025 14:22:21.832,4.369418,0.258574,-8.556877
26-Jan-2025 14:22:21.848,4.355053,0.299275,-8.602366
26-Jan-2025 14:22:21.864,4.39336,0.292093,-8.693346
26-Jan-2025 14:22:21.880,4.424485,0.272939,-8.604761
26-Jan-2025 14:22:21.896,4.46758,0.282516,-8.619126
26-Jan-2025 14:22:21.912,4.503493,0.201113,-8.343793
26-Jan-2025 14:22:21.928,4.161122,0.320823,-8.42759
26-Jan-2025 14:22:21.944,4.082114,0.457293,-8.683769
26-Jan-2025 14:22:21.960,4.378995,0.287304,-8.499416
26-Jan-2025 14:22:21.976,4.443638,0.134075,-8.53054
26-Jan-2025 14:22:21.992,4.390966,0.196325,-8.623915
26-Jan-2025 14:22:22.008,4.331111,0.215478,-8.590396
26-Jan-2025 14:22:22.024,4.369418,0.241814,-8.542512
26-Jan-2025 14:22:22.040,4.378995,0.275333,-8.590396
26-Jan-2025 14:22:22.056,4.362236,0.320823,-8.664616
26-Jan-2025 14:22:22.072,4.386178,0.356736,-8.611943
26-Jan-2025 14:22:22.088,4.340688,0.332794,-8.616732
26-Jan-2025 14:22:22.104,4.333505,0.253785,-8.578424
26-Jan-2025 14:22:22.120,4.335899,0.272939,-8.60955
26-Jan-2025 14:22:22.137,4.288015,0.258574,-8.616732
26-Jan-2025 14:22:22.153,4.283227,0.272939,-8.590396
26-Jan-2025 14:22:22.169,4.27365,0.265756,-8.599973
26-Jan-2025 14:22:22.185,4.304775,0.253785,-8.604761
26-Jan-2025 14:22:22.201,4.302381,0.287304,-8.655039
26-Jan-2025 14:22:22.217,4.307169,0.248997,-8.693346
26-Jan-2025 14:22:22.233,4.278439,0.244209,-8.65025
26-Jan-2025 14:22:22.249,4.285621,0.244209,-8.599973
26-Jan-2025 14:22:22.265,4.297592,0.25618,-8.602366
26-Jan-2025 14:22:22.281,4.295198,0.275333,-8.662222
26-Jan-2025 14:22:22.297,4.311957,0.280122,-8.62152
26-Jan-2025 14:22:22.313,4.27365,0.248997,-8.633492
26-Jan-2025 14:22:22.329,4.268862,0.275333,-8.633492
26-Jan-2025 14:22:22.345,4.297592,0.251391,-8.671799
26-Jan-2025 14:22:22.361,4.302381,0.237026,-8.556877
26-Jan-2025 14:22:22.377,4.288015,0.248997,-8.540117
26-Jan-2025 14:22:22.393,4.285621,0.23942,-8.59279
26-Jan-2025 14:22:22.409,4.264073,0.275333,-8.717288
26-Jan-2025 14:22:22.426,4.299986,0.320823,-8.681376
26-Jan-2025 14:22:22.442,4.307169,0.351948,-8.640674
26-Jan-2025 14:22:22.458,4.323928,0.292093,-8.60955
26-Jan-2025 14:22:22.474,4.369418,0.186748,-8.372523
26-Jan-2025 14:22:22.490,4.321534,0.148441,-8.971074
26-Jan-2025 14:22:22.506,4.206613,0.131681,-8.477868
26-Jan-2025 14:22:22.522,4.280833,0.105345,-8.437167
26-Jan-2025 14:22:22.538,4.240131,0.162806,-8.937555
26-Jan-2025 14:22:22.554,4.264073,0.25618,-8.640674
26-Jan-2025 14:22:22.570,4.321534,0.282516,-8.499416
26-Jan-2025 14:22:22.586,4.374207,0.292093,-8.652645
26-Jan-2025 14:22:22.602,4.369418,0.3304,-8.616732
26-Jan-2025 14:22:22.618,4.374207,0.323217,-8.537724
26-Jan-2025 14:22:22.634,4.326323,0.323217,-8.602366
26-Jan-2025 14:22:22.650,4.259285,0.323217,-8.645462
26-Jan-2025 14:22:22.666,4.252102,0.272939,-8.63828
26-Jan-2025 14:22:22.682,4.235343,0.244209,-8.647857
26-Jan-2025 14:22:22.698,4.259285,0.201113,-8.655039
26-Jan-2025 14:22:22.715,4.237737,0.181959,-8.681376
26-Jan-2025 14:22:22.731,4.194642,0.179565,-8.705317
26-Jan-2025 14:22:22.747,4.185065,0.225055,-8.676587
26-Jan-2025 14:22:22.763,4.216189,0.234632,-8.815451
26-Jan-2025 14:22:22.779,4.254497,0.244209,-8.549694
26-Jan-2025 14:22:22.795,4.192247,0.162806,-8.614338
26-Jan-2025 14:22:22.811,4.115633,0.141258,-8.872911
26-Jan-2025 14:22:22.827,4.120421,0.181959,-8.542512
26-Jan-2025 14:22:22.843,4.106056,0.186748,-8.731653
26-Jan-2025 14:22:22.859,4.127604,0.227449,-8.734048
26-Jan-2025 14:22:22.875,4.144363,0.25618,-8.729259
26-Jan-2025 14:22:22.891,4.139575,0.263362,-8.753201
26-Jan-2025 14:22:22.907,4.175488,0.258574,-8.707711
26-Jan-2025 14:22:22.923,4.1707,0.25618,-8.724471
26-Jan-2025 14:22:22.939,4.201824,0.232238,-8.681376
26-Jan-2025 14:22:22.955,4.185065,0.232238,-8.63828
26-Jan-2025 14:22:22.971,4.182671,0.205901,-8.631097
26-Jan-2025 14:22:22.988,4.173094,0.208296,-8.616732
26-Jan-2025 14:22:23.004,4.211401,0.222661,-8.678981
26-Jan-2025 14:22:23.020,4.237737,0.21069,-8.66701
26-Jan-2025 14:22:23.036,4.223372,0.186748,-8.633492
26-Jan-2025 14:22:23.052,4.256891,0.19393,-8.66701
26-Jan-2025 14:22:23.068,4.24492,0.220267,-8.62152
26-Jan-2025 14:22:23.084,4.271256,0.225055,-8.652645
26-Jan-2025 14:22:23.100,4.264073,0.244209,-8.705317
26-Jan-2025 14:22:23.116,4.237737,0.272939,-8.669404
26-Jan-2025 14:22:23.132,4.242526,0.287304,-8.628703
26-Jan-2025 14:22:23.148,4.237737,0.25618,-8.645462
26-Jan-2025 14:22:23.164,4.182671,0.23942,-8.652645
26-Jan-2025 14:22:23.180,4.189853,0.251391,-8.66701
26-Jan-2025 14:22:23.196,4.240131,0.237026,-8.695741
26-Jan-2025 14:22:23.212,4.22816,0.241814,-8.695741
26-Jan-2025 14:22:23.228,4.168305,0.246603,-8.662222
26-Jan-2025 14:22:23.244,4.139575,0.215478,-8.681376
26-Jan-2025 14:22:23.261,4.180276,0.201113,-8.655039
26-Jan-2025 14:22:23.277,4.180276,0.201113,-8.7125
26-Jan-2025 14:22:23.293,4.204218,0.179565,-8.839393
26-Jan-2025 14:22:23.309,4.197036,0.143652,-8.588001
26-Jan-2025 14:22:23.325,4.173094,0.055067,-8.542512
26-Jan-2025 14:22:23.341,4.072537,0.062249,-8.623915
26-Jan-2025 14:22:23.357,4.182671,0.148441,-8.439561
26-Jan-2025 14:22:23.373,4.149151,0.253785,-9.188946
26-Jan-2025 14:22:23.389,4.24492,0.361524,-8.343793
26-Jan-2025 14:22:23.405,4.31914,0.3304,-8.688558
26-Jan-2025 14:22:23.421,4.187459,0.323217,-9.035717
26-Jan-2025 14:22:23.437,4.189853,0.3304,-8.662222
26-Jan-2025 14:22:23.453,4.173094,0.31364,-8.588001
26-Jan-2025 14:22:23.469,4.220978,0.363919,-8.678981
26-Jan-2025 14:22:23.485,4.256891,0.407014,-8.561666
26-Jan-2025 14:22:23.501,4.29041,0.430956,-8.626308
26-Jan-2025 14:22:23.517,4.299986,0.397437,-8.674192
26-Jan-2025 14:22:23.534,4.280833,0.316035,-8.681376
26-Jan-2025 14:22:23.550,4.22816,0.296881,-8.659827
26-Jan-2025 14:22:23.566,4.232949,0.289698,-8.659827
26-Jan-2025 14:22:23.582,4.256891,0.275333,-8.683769
26-Jan-2025 14:22:23.598,4.235343,0.289698,-8.683769
26-Jan-2025 14:22:23.614,4.180276,0.282516,-8.645462
26-Jan-2025 14:22:23.630,4.158728,0.220267,-8.576031
26-Jan-2025 14:22:23.646,4.247314,0.253785,-8.808268
26-Jan-2025 14:22:23.662,4.206613,0.280122,-8.47308
26-Jan-2025 14:22:23.678,4.13718,0.220267,-8.657434
26-Jan-2025 14:22:23.694,4.113238,0.23942,-8.834604
26-Jan-2025 14:22:23.710,4.134786,0.275333,-8.525752
26-Jan-2025 14:22:23.726,4.161122,0.28491,-8.726865
26-Jan-2025 14:22:23.742,4.158728,0.31364,-8.695741
26-Jan-2025 14:22:23.758,4.122815,0.328006,-8.707711
26-Jan-2025 14:22:23.774,4.141969,0.342371,-8.755595
26-Jan-2025 14:22:23.790,4.237737,0.3304,-8.688558
26-Jan-2025 14:22:23.807,4.249708,0.3304,-8.657434
26-Jan-2025 14:22:23.823,4.252102,0.325611,-8.702923
26-Jan-2025 14:22:23.839,4.220978,0.316035,-8.724471
26-Jan-2025 14:22:23.855,4.1707,0.263362,-8.588001
26-Jan-2025 14:22:23.871,4.218584,0.253785,-8.568848
26-Jan-2025 14:22:23.887,4.249708,0.265756,-8.571242
26-Jan-2025 14:22:23.903,4.24492,0.248997,-8.657434
26-Jan-2025 14:22:23.919,4.242526,0.234632,-8.690952
26-Jan-2025 14:22:23.935,4.201824,0.241814,-8.698134
26-Jan-2025 14:22:23.951,4.177882,0.260968,-8.66701
26-Jan-2025 14:22:23.967,4.220978,0.25618,-8.647857
26-Jan-2025 14:22:23.983,4.206613,0.308852,-8.686164
26-Jan-2025 14:22:23.999,4.1707,0.35913,-8.710106
26-Jan-2025 14:22:24.015,4.151546,0.351948,-8.714894
26-Jan-2025 14:22:24.031,4.230555,0.335188,-8.659827
26-Jan-2025 14:22:24.047,4.209007,0.3304,-8.669404
26-Jan-2025 14:22:24.063,4.161122,0.296881,-8.664616
26-Jan-2025 14:22:24.080,4.158728,0.323217,-8.700529
26-Jan-2025 14:22:24.096,4.161122,0.316035,-8.683769
26-Jan-2025 14:22:24.112,4.15394,0.31364,-8.700529
26-Jan-2025 14:22:24.128,4.187459,0.304064,-8.676587
26-Jan-2025 14:22:24.144,4.175488,0.263362,-8.7125
26-Jan-2025 14:22:24.160,4.161122,0.277727,-8.734048
26-Jan-2025 14:22:24.176,4.182671,0.28491,-8.628703
26-Jan-2025 14:22:24.192,4.194642,0.25618,-8.628703
26-Jan-2025 14:22:24.208,4.175488,0.234632,-8.760384
26-Jan-2025 14:22:24.224,4.197036,0.318429,-8.75799
26-Jan-2025 14:22:24.240,4.206613,0.31364,-8.580819
26-Jan-2025 14:22:24.256,4.218584,0.289698,-8.616732
26-Jan-2025 14:22:24.272,4.237737,0.296881,-8.554482
26-Jan-2025 14:22:24.288,4.261679,0.253785,-8.717288
26-Jan-2025 14:22:24.304,4.058172,0.28491,-8.863335
26-Jan-2025 14:22:24.320,4.168305,0.272939,-8.243237
26-Jan-2025 14:22:24.336,4.216189,0.215478,-8.968679
26-Jan-2025 14:22:24.352,4.134786,0.268151,-8.90643
26-Jan-2025 14:22:24.369,4.180276,0.301669,-8.60955
26-Jan-2025 14:22:24.385,4.177882,0.354342,-8.674192
26-Jan-2025 14:22:24.401,4.240131,0.402226,-8.60955
26-Jan-2025 14:22:24.417,4.247314,0.416591,-8.645462
26-Jan-2025 14:22:24.433,4.242526,0.399832,-8.705317
26-Jan-2025 14:22:24.449,4.235343,0.328006,-8.693346
26-Jan-2025 14:22:24.465,4.232949,0.265756,-8.614338
26-Jan-2025 14:22:24.481,4.177882,0.270545,-8.655039
26-Jan-2025 14:22:24.497,4.127604,0.272939,-8.707711
26-Jan-2025 14:22:24.513,4.098873,0.296881,-8.74123
26-Jan-2025 14:22:24.529,4.120421,0.253785,-8.76996
26-Jan-2025 14:22:24.545,4.10845,0.253785,-8.686164
26-Jan-2025 14:22:24.561,4.146757,0.23942,-8.640674
26-Jan-2025 14:22:24.577,4.151546,0.294487,-8.719683
26-Jan-2025 14:22:24.593,4.106056,0.287304,-8.492233
26-Jan-2025 14:22:24.609,4.07972,0.306458,-8.8777
26-Jan-2025 14:22:24.625,4.091691,0.3304,-8.690952
26-Jan-2025 14:22:24.642,4.122815,0.306458,-8.62152
26-Jan-2025 14:22:24.658,4.15394,0.316035,-8.736442
26-Jan-2025 14:22:24.674,4.139575,0.337582,-8.683769
26-Jan-2025 14:22:24.690,4.161122,0.349553,-8.750807
26-Jan-2025 14:22:24.706,4.1707,0.368707,-8.791509
26-Jan-2025 14:22:24.722,4.201824,0.349553,-8.700529
26-Jan-2025 14:22:24.738,4.19943,0.320823,-8.698134
26-Jan-2025 14:22:24.753,4.192247,0.308852,-8.674192
26-Jan-2025 14:22:24.770,4.165911,0.258574,-8.669404
26-Jan-2025 14:22:24.786,4.189853,0.301669,-8.599973
26-Jan-2025 14:22:24.802,4.216189,0.371101,-8.671799
26-Jan-2025 14:22:24.818,4.264073,0.438139,-8.63828
26-Jan-2025 14:22:24.834,4.235343,0.464475,-8.707711
26-Jan-2025 14:22:24.850,4.254497,0.500388,-8.798691
26-Jan-2025 14:22:24.866,4.22816,0.416591,-8.736442
26-Jan-2025 14:22:24.882,4.180276,0.332794,-8.580819
26-Jan-2025 14:22:24.898,4.201824,0.373495,-8.66701
26-Jan-2025 14:22:24.915,4.189853,0.462081,-8.63828
26-Jan-2025 14:22:24.931,4.094085,0.529119,-8.705317
26-Jan-2025 14:22:24.947,4.106056,0.543484,-8.7125
26-Jan-2025 14:22:24.963,4.180276,0.529119,-8.714894
26-Jan-2025 14:22:24.979,4.220978,0.457293,-8.585608
26-Jan-2025 14:22:24.995,4.146757,0.332794,-8.573636
26-Jan-2025 14:22:25.011,4.158728,0.220267,-8.487445
26-Jan-2025 14:22:25.027,4.204218,0.143652,-8.458714
26-Jan-2025 14:22:25.043,4.297592,0.038307,-8.51857
26-Jan-2025 14:22:25.059,4.419696,-0.067038,-8.561666
26-Jan-2025 14:22:25.074,4.594473,-0.203507,-8.458714
26-Jan-2025 14:22:25.091,4.76925,-0.3304,-8.39886
26-Jan-2025 14:22:25.107,4.833893,-0.292093,-8.418014
26-Jan-2025 14:22:25.123,4.841076,-0.196325,-8.391677
26-Jan-2025 14:22:25.139,4.841076,-0.009577,-8.698134
26-Jan-2025 14:22:25.155,4.879383,0.150835,-8.655039
26-Jan-2025 14:22:25.171,4.754885,0.172383,-8.487445
26-Jan-2025 14:22:25.187,4.582502,0.232238,-8.446744
26-Jan-2025 14:22:25.204,4.328717,0.356736,-8.556877
26-Jan-2025 14:22:25.220,4.321534,0.294487,-8.140285
26-Jan-2025 14:22:25.236,4.252102,0.114922,-8.686164
26-Jan-2025 14:22:25.252,4.230555,0.069432,-7.800309
26-Jan-2025 14:22:25.268,4.122815,0.229843,-8.41083
26-Jan-2025 14:22:25.284,4.046201,0.387861,-8.918402
26-Jan-2025 14:22:25.300,4.106056,0.306458,-8.602366
26-Jan-2025 14:22:25.316,4.024653,0.158017,-8.822633
26-Jan-2025 14:22:25.332,4.019865,0.052672,-8.719683
26-Jan-2025 14:22:25.348,3.881001,0.09098,-8.987833
26-Jan-2025 14:22:25.364,3.797204,0.177171,-9.181764
26-Jan-2025 14:22:25.380,3.737349,0.220267,-9.284714
26-Jan-2025 14:22:25.395,3.806781,0.007183,-8.7125
26-Jan-2025 14:22:25.412,3.780444,-0.213084,-8.528147
26-Jan-2025 14:22:25.428,3.610456,-0.124498,-8.932767
26-Jan-2025 14:22:25.444,3.483563,-0.014365,-9.445126
26-Jan-2025 14:22:25.460,3.406949,-0.031125,-9.344569
26-Jan-2025 14:22:25.476,3.44765,-0.158017,-8.937555
26-Jan-2025 14:22:25.493,3.466804,-0.227449,-8.784326
26-Jan-2025 14:22:25.509,3.22499,0.043096,-9.287108
26-Jan-2025 14:22:25.525,3.189077,0.260968,-9.325416
26-Jan-2025 14:22:25.541,3.476381,0.342371,-9.16261
26-Jan-2025 14:22:25.557,3.718195,0.21069,-9.370906
26-Jan-2025 14:22:25.573,3.754108,-0.07422,-9.643845
26-Jan-2025 14:22:25.589,3.833117,-0.416591,-9.629479
26-Jan-2025 14:22:25.605,4.247314,-0.466869,-9.73243
26-Jan-2025 14:22:25.621,4.692636,-0.294487,-9.241618
26-Jan-2025 14:22:25.637,4.908113,0.222661,-9.512163
26-Jan-2025 14:22:25.653,4.79798,0.861913,-10.448297
26-Jan-2025 14:22:25.669,4.568137,1.383849,-10.208876
26-Jan-2025 14:22:25.685,5.286397,1.628057,-9.409213
26-Jan-2025 14:22:25.701,5.801151,2.015918,-8.781932
26-Jan-2025 14:22:25.717,6.229713,2.504335,-8.540117
26-Jan-2025 14:22:25.733,6.794744,2.437297,-8.334216
26-Jan-2025 14:22:25.750,7.237672,1.493982,-8.451532
26-Jan-2025 14:22:25.766,7.268796,0.632069,-8.176199
26-Jan-2025 14:22:25.782,6.959944,0.794875,-7.773973
26-Jan-2025 14:22:25.798,7.28795,1.182736,-7.211336
26-Jan-2025 14:22:25.814,7.623138,1.946486,-7.113173
26-Jan-2025 14:22:25.830,7.465121,1.836353,-7.218518
26-Jan-2025 14:22:25.846,6.562507,2.102109,-6.540959
26-Jan-2025 14:22:25.862,6.110003,2.738967,-5.554548
26-Jan-2025 14:22:25.878,5.968745,3.938462,-5.245696
26-Jan-2025 14:22:25.894,5.963956,4.826711,-6.244078
26-Jan-2025 14:22:25.910,5.935226,5.492299,-6.631939
26-Jan-2025 14:22:25.926,5.571307,5.544971,-6.34224
26-Jan-2025 14:22:25.942,5.269638,5.547365,-6.210559
26-Jan-2025 14:22:25.958,5.157111,5.585672,-5.56173
26-Jan-2025 14:22:25.974,5.207389,6.019023,-5.063736
26-Jan-2025 14:22:25.990,5.762844,6.675035,-4.996699
26-Jan-2025 14:22:26.006,6.6894,7.194576,-7.156269
26-Jan-2025 14:22:26.022,7.450756,6.86657,-5.446809
26-Jan-2025 14:22:26.039,7.620744,7.175423,-4.455609
26-Jan-2025 14:22:26.055,7.144298,7.225701,-4.048595
26-Jan-2025 14:22:26.071,6.828263,6.323087,-4.280833
26-Jan-2025 14:22:26.087,6.476315,6.105214,-3.780444
26-Jan-2025 14:22:26.103,5.731719,6.212954,-2.138022
26-Jan-2025 14:22:26.119,5.66947,5.916072,-1.625663
26-Jan-2025 14:22:26.135,5.576096,6.205771,-1.558625
26-Jan-2025 14:22:26.151,4.776433,6.902483,-1.49877
26-Jan-2025 14:22:26.167,3.763685,7.165846,-1.642422
26-Jan-2025 14:22:26.183,3.495534,6.564901,-1.695095
26-Jan-2025 14:22:26.199,3.742137,6.720524,-0.792481
26-Jan-2025 14:22:26.215,4.326323,7.460332,0.560243
26-Jan-2025 14:22:26.231,4.568137,7.603985,0.629675
26-Jan-2025 14:22:26.247,5.08289,7.539341,-0.529119
26-Jan-2025 14:22:26.263,5.932832,7.426814,-1.403002
26-Jan-2025 14:22:26.279,6.256049,7.565677,-1.503559
26-Jan-2025 14:22:26.295,5.815516,7.927202,-0.811634
26-Jan-2025 14:22:26.311,5.307945,8.118738,0.531513
26-Jan-2025 14:22:26.328,4.76925,7.989451,1.414973
26-Jan-2025 14:22:26.344,4.304775,7.951144,1.161188
26-Jan-2025 14:22:26.360,3.950433,8.101978,0.612916
26-Jan-2025 14:22:26.376,3.909731,8.453926,1.024718
26-Jan-2025 14:22:26.392,4.055778,8.975863,1.951274
26-Jan-2025 14:22:26.408,4.134786,9.397242,3.277662
26-Jan-2025 14:22:26.424,3.770868,9.109938,3.983952
26-Jan-2025 14:22:26.440,3.320758,8.384495,3.773262
26-Jan-2025 14:22:26.456,2.906561,8.00621,2.169147
26-Jan-2025 14:22:26.472,2.331953,7.975086,1.029507
26-Jan-2025 14:22:26.488,2.420538,8.640674,2.281674
26-Jan-2025 14:22:26.504,2.621651,9.844957,4.565742
26-Jan-2025 14:22:26.520,2.686294,9.904813,5.609614
26-Jan-2025 14:22:26.536,2.379837,9.433155,4.280833
26-Jan-2025 14:22:26.552,1.340753,9.244013,2.106898
26-Jan-2025 14:22:26.568,1.09415,8.999804,1.922544
26-Jan-2025 14:22:26.584,1.288081,8.556877,2.607286
26-Jan-2025 14:22:26.600,1.015141,8.463503,2.753332
26-Jan-2025 14:22:26.617,0.476446,8.626308,2.750938
26-Jan-2025 14:22:26.633,-0.141258,8.899248,2.999935
26-Jan-2025 14:22:26.649,-0.3304,8.832211,3.529053
26-Jan-2025 14:22:26.665,0.289698,9.119514,4.51307
26-Jan-2025 14:22:26.681,-0.189142,9.296685,4.307169
26-Jan-2025 14:22:26.697,-1.070208,9.627085,3.347094
26-Jan-2025 14:22:26.713,-1.429338,9.64145,2.86586
26-Jan-2025 14:22:26.729,-1.027112,9.380483,3.366248
26-Jan-2025 14:22:26.745,-0.162806,9.296685,4.510676
26-Jan-2025 14:22:26.761,0.40462,9.28232,4.788404
26-Jan-2025 14:22:26.777,0.112527,9.01417,4.295198
26-Jan-2025 14:22:26.793,-0.426168,8.580819,4.1707
26-Jan-2025 14:22:26.809,-0.723049,8.789114,5.099649
26-Jan-2025 14:22:26.825,-0.790087,9.126697,5.382165
26-Jan-2025 14:22:26.841,-1.00317,9.504981,4.685453
26-Jan-2025 14:22:26.857,-0.366313,9.454702,4.103662
26-Jan-2025 14:22:26.874,-0.102951,8.939949,3.940856
26-Jan-2025 14:22:26.890,-0.067038,8.671799,4.453215
26-Jan-2025 14:22:26.906,0.062249,9.095572,5.161899
26-Jan-2025 14:22:26.922,0.620098,9.844957,4.996699
26-Jan-2025 14:22:26.938,1.75495,10.589554,4.824317
26-Jan-2025 14:22:26.954,2.456451,11.300632,6.409278
26-Jan-2025 14:22:26.970,2.626439,11.832145,7.28795
26-Jan-2025 14:22:26.986,2.20506,11.638214,5.913678
26-Jan-2025 14:22:27.002,1.527501,10.132261,4.977545
26-Jan-2025 14:22:27.018,1.134852,8.307879,6.576872
26-Jan-2025 14:22:27.034,1.079785,7.266402,7.651869
26-Jan-2025 14:22:27.050,0.766145,7.486669,7.431602
26-Jan-2025 14:22:27.066,0.572214,7.872135,6.849811
26-Jan-2025 14:22:27.082,-0.110133,8.815451,6.555324
26-Jan-2025 14:22:27.098,0.42138,10.177752,7.144298
26-Jan-2025 14:22:27.114,0.857124,10.989386,8.121132
26-Jan-2025 14:22:27.130,1.616086,10.110714,8.293514
26-Jan-2025 14:22:27.146,2.245761,7.072472,8.401254
26-Jan-2025 14:22:27.163,3.047819,4.462792,8.082825
26-Jan-2025 14:22:27.179,3.485958,3.811569,8.959103
26-Jan-2025 14:22:27.195,3.854665,4.259285,9.959879
26-Jan-2025 14:22:27.211,3.404555,4.955997,10.01734
26-Jan-2025 14:22:27.227,4.24492,3.019088,10.170568
26-Jan-2025 14:22:27.243,5.631162,1.917756,9.895236
26-Jan-2025 14:22:27.259,7.551312,2.37026,10.709264
26-Jan-2025 14:22:27.275,7.192182,3.122039,12.404359
26-Jan-2025 14:22:27.291,4.776433,3.948039,13.376405
26-Jan-2025 14:22:27.307,2.753332,3.849876,14.149732
26-Jan-2025 14:22:27.323,2.456451,3.466804,14.02284
26-Jan-2025 14:22:27.339,1.381454,3.047819,12.476185
26-Jan-2025 14:22:27.355,2.190695,2.947262,11.382035
26-Jan-2025 14:22:27.371,3.236961,2.952051,10.199299
26-Jan-2025 14:22:27.387,4.141969,3.402161,9.679757
26-Jan-2025 14:22:27.403,3.873818,3.229778,8.523358
26-Jan-2025 14:22:27.419,3.552995,2.746149,9.0429
26-Jan-2025 14:22:27.435,3.993528,2.446874,10.25676
26-Jan-2025 14:22:27.452,4.584896,3.143587,11.104307
26-Jan-2025 14:22:27.468,4.999093,4.036624,11.257536
26-Jan-2025 14:22:27.484,4.474763,4.620809,10.510546
26-Jan-2025 14:22:27.500,4.089296,4.642357,9.82341
26-Jan-2025 14:22:27.516,3.768473,4.426879,9.519346
26-Jan-2025 14:22:27.532,3.835511,3.699042,9.68694
26-Jan-2025 14:22:27.548,3.852271,2.880225,10.18254
26-Jan-2025 14:22:27.564,4.333505,2.726996,11.010934
26-Jan-2025 14:22:27.580,4.055778,3.284845,10.625467
26-Jan-2025 14:22:27.596,4.161122,3.852271,10.18254
26-Jan-2025 14:22:27.612,4.271256,3.995923,9.526528
26-Jan-2025 14:22:27.628,4.163517,4.158728,9.011775
26-Jan-2025 14:22:27.644,3.864242,4.266468,8.820239
26-Jan-2025 14:22:27.660,4.163517,4.132392,8.767567
26-Jan-2025 14:22:27.676,4.125209,3.919308,8.523358
26-Jan-2025 14:22:27.692,3.895366,3.948039,8.75799
26-Jan-2025 14:22:27.708,3.813963,4.074931,8.537724
26-Jan-2025 14:22:27.725,3.699042,4.120421,7.960721
26-Jan-2025 14:22:27.741,3.414132,4.072537,7.108385
26-Jan-2025 14:22:27.757,3.153164,3.730166,6.464345
26-Jan-2025 14:22:27.773,2.86586,3.387795,6.007052
26-Jan-2025 14:22:27.789,2.408567,3.114856,6.050148
26-Jan-2025 14:22:27.805,2.264915,3.191471,6.610391
26-Jan-2025 14:22:27.821,2.185906,3.636792,6.679823
26-Jan-2025 14:22:27.837,2.11408,3.940856,6.256049
26-Jan-2025 14:22:27.853,1.927332,3.912126,4.517859
26-Jan-2025 14:22:27.869,1.455675,4.050989,2.432509
26-Jan-2025 14:22:27.885,0.835576,4.343082,1.587356
26-Jan-2025 14:22:27.901,0.167594,4.79798,2.454057
26-Jan-2025 14:22:27.917,-0.292093,5.109226,3.514688
26-Jan-2025 14:22:27.933,-0.270545,5.185841,3.617639
26-Jan-2025 14:22:27.949,0.035913,5.193024,3.074155
26-Jan-2025 14:22:27.965,0.517148,5.346252,2.171541
26-Jan-2025 14:22:27.981,0.893037,5.3678,1.572991
26-Jan-2025 14:22:27.997,1.024718,5.355829,1.661576
26-Jan-2025 14:22:28.014,1.156399,5.542577,1.941698
26-Jan-2025 14:22:28.030,1.187524,5.719748,1.867477
26-Jan-2025 14:22:28.046,1.254562,5.736507,1.517924
26-Jan-2025 14:22:28.062,1.18513,5.813122,1.400608
26-Jan-2025 14:22:28.078,1.244985,6.368577,1.280898
26-Jan-2025 14:22:28.094,1.474828,7.304709,1.192312
26-Jan-2025 14:22:28.110,1.570596,8.391677,0.988805
26-Jan-2025 14:22:28.126,1.09415,9.399636,1.302446
26-Jan-2025 14:22:28.142,0.852336,10.01734,1.759738
26-Jan-2025 14:22:28.158,1.197101,10.014946,1.731008
26-Jan-2025 14:22:28.174,0.948104,10.192117,1.939303
26-Jan-2025 14:22:28.190,-0.043096,10.728417,2.185906
26-Jan-2025 14:22:28.206,-0.888249,11.259931,2.11408
26-Jan-2025 14:22:28.222,-1.355118,11.372458,2.214637
26-Jan-2025 14:22:28.238,-1.16837,11.262324,2.595315
26-Jan-2025 14:22:28.254,-1.146823,11.166556,2.825158
26-Jan-2025 14:22:28.270,-1.297657,11.042058,2.47321
26-Jan-2025 14:22:28.286,-1.422156,10.845734,2.140416
26-Jan-2025 14:22:28.303,-1.082179,10.69011,2.281674
26-Jan-2025 14:22:28.319,-0.414197,11.075577,2.681506
26-Jan-2025 14:22:28.335,-0.227449,12.138602,3.315969
26-Jan-2025 14:22:28.351,-0.150835,12.231977,3.016694
26-Jan-2025 14:22:28.367,-0.732626,11.298238,1.934515
26-Jan-2025 14:22:28.383,-1.489193,9.964667,2.169147
26-Jan-2025 14:22:28.399,-1.96564,9.023746,3.543418
26-Jan-2025 14:22:28.415,-2.092532,8.444349,4.668694
26-Jan-2025 14:22:28.431,-2.181118,8.073248,4.953603
26-Jan-2025 14:22:28.447,-2.126051,7.989451,4.675876
26-Jan-2025 14:22:28.463,-1.776498,8.214506,3.945644
26-Jan-2025 14:22:28.479,-1.103727,8.746018,2.588132
26-Jan-2025 14:22:28.495,-0.292093,9.677363,1.118092
26-Jan-2025 14:22:28.511,0.636858,10.560823,1.096544
26-Jan-2025 14:22:28.527,1.082179,10.670957,2.300828
26-Jan-2025 14:22:28.543,0.952892,10.108319,3.052607
26-Jan-2025 14:22:28.559,0.699107,9.876082,2.674323
26-Jan-2025 14:22:28.576,0.378284,9.847352,1.824382
26-Jan-2025 14:22:28.592,-0.306458,9.751583,1.541866
26-Jan-2025 14:22:28.608,-0.653617,9.574412,1.541866
26-Jan-2025 14:22:28.624,-0.052672,8.851364,1.108515
26-Jan-2025 14:22:28.640,0.179565,8.09719,0.677559
26-Jan-2025 14:22:28.656,0.215478,7.860164,0.842759
26-Jan-2025 14:22:28.672,0.308852,8.207323,0.972046
26-Jan-2025 14:22:28.688,0.275333,8.595184,0.905008
26-Jan-2025 14:22:28.704,-0.169988,9.141062,0.797269
26-Jan-2025 14:22:28.720,-0.675165,9.768343,0.323217
26-Jan-2025 14:22:28.736,-0.962469,10.462662,-0.124498
26-Jan-2025 14:22:28.752,-0.919373,10.409989,-0.153229
26-Jan-2025 14:22:28.768,-0.299275,9.830592,-0.418985
26-Jan-2025 14:22:28.784,0.122104,9.234436,-0.158017
26-Jan-2025 14:22:28.800,0.648829,8.461109,0.057461
26-Jan-2025 14:22:28.816,1.455675,8.303091,0.260968
26-Jan-2025 14:22:28.832,1.079785,8.674192,0.902614
26-Jan-2025 14:22:28.848,0.871489,9.19134,0.205901
26-Jan-2025 14:22:28.865,0.756568,9.794679,-0.292093
26-Jan-2025 14:22:28.881,0.565032,10.235212,-0.383072
26-Jan-2025 14:22:28.897,0.086191,10.524911,0.052672
26-Jan-2025 14:22:28.913,-0.40462,10.869676,0.993594
26-Jan-2025 14:22:28.929,-0.749385,11.293449,-0.035913
26-Jan-2025 14:22:28.945,-0.744597,11.164163,-0.869095
26-Jan-2025 14:22:28.961,-0.555455,11.15698,-1.058237
26-Jan-2025 14:22:28.977,0.069432,11.348516,-1.077391
26-Jan-2025 14:22:28.993,0.505177,11.281479,-0.73502
26-Jan-2025 14:22:29.009,0.948104,11.152191,-0.768539
26-Jan-2025 14:22:29.025,1.242591,10.998962,-0.905008
26-Jan-2025 14:22:29.041,1.146823,10.718841,-1.103727
26-Jan-2025 14:22:29.057,1.04866,10.314221,-1.228225
26-Jan-2025 14:22:29.073,1.266533,10.005369,-0.70629
26-Jan-2025 14:22:29.089,1.484405,9.473856,-0.040701
26-Jan-2025 14:22:29.105,1.218649,8.573636,-0.509965
26-Jan-2025 14:22:29.121,1.189918,7.910442,-0.19393
26-Jan-2025 14:22:29.138,1.745373,7.376535,-0.311246
26-Jan-2025 14:22:29.154,2.200271,6.950367,-0.232238
26-Jan-2025 14:22:29.170,2.48997,6.91206,0.4956
26-Jan-2025 14:22:29.186,2.319981,7.474698,0.624887
26-Jan-2025 14:22:29.202,1.975216,8.674192,0.100556
26-Jan-2025 14:22:29.218,1.814805,10.603919,-0.153229
26-Jan-2025 14:22:29.234,1.000776,12.586318,0.004788
26-Jan-2025 14:22:29.250,-0.186748,13.136985,-0.131681
26-Jan-2025 14:22:29.266,0.1652,12.650962,-0.617704
26-Jan-2025 14:22:29.282,0.873884,11.839328,-0.852336
26-Jan-2025 14:22:29.298,0.881066,10.742783,-0.881066
26-Jan-2025 14:22:29.314,0.720655,9.734824,-0.497994
26-Jan-2025 14:22:29.330,0.682347,9.021352,-0.42138
26-Jan-2025 14:22:29.346,0.59855,8.631097,-0.653617
26-Jan-2025 14:22:29.362,0.555455,8.288726,-0.713472
26-Jan-2025 14:22:29.378,0.471658,8.02297,-0.366313
26-Jan-2025 14:22:29.394,0.620098,7.769185,-0.505177
26-Jan-2025 14:22:29.411,0.816423,7.5561,-0.634463
26-Jan-2025 14:22:29.427,0.76375,7.893683,-0.725443
26-Jan-2025 14:22:29.443,0.70629,8.511387,-1.015141
26-Jan-2025 14:22:29.459,0.878672,9.306262,-1.125275
26-Jan-2025 14:22:29.475,0.792481,9.904813,-1.070208
26-Jan-2025 14:22:29.491,0.196325,10.335769,-1.192312
26-Jan-2025 14:22:29.507,0.457293,10.445902,-1.163582
26-Jan-2025 14:22:29.523,0.639252,10.632649,-1.024718
26-Jan-2025 14:22:29.539,0.718261,11.049241,-0.814029
26-Jan-2025 14:22:29.555,0.749385,11.434708,-0.605733
26-Jan-2025 14:22:29.571,0.799663,11.15698,-0.533907
26-Jan-2025 14:22:29.587,0.617704,10.790668,-0.514753
26-Jan-2025 14:22:29.603,0.59855,11.001357,-0.636858
26-Jan-2025 14:22:29.619,0.304064,11.870452,-1.079785
26-Jan-2025 14:22:29.635,0.148441,12.945449,-0.80924
26-Jan-2025 14:22:29.651,0.086191,13.742718,-0.019154
26-Jan-2025 14:22:29.667,-0.184354,12.98615,-1.398214
26-Jan-2025 14:22:29.683,-1.00317,11.99495,-0.742203
26-Jan-2025 14:22:29.699,-1.089362,11.283873,0.555455
26-Jan-2025 14:22:29.716,-1.63524,10.721235,0.873884
26-Jan-2025 14:22:29.732,-2.336741,10.16578,0.543484
26-Jan-2025 14:22:29.748,-2.695871,9.543288,0.093374
26-Jan-2025 14:22:29.764,-2.602497,8.743625,-0.016759
26-Jan-2025 14:22:29.780,-2.360683,8.018182,0.100556
26-Jan-2025 14:22:29.796,-2.255338,7.589619,0.337582
26-Jan-2025 14:22:29.812,-1.90339,7.338228,0.043096
26-Jan-2025 14:22:29.828,-1.56102,7.462727,-0.409408
26-Jan-2025 14:22:29.844,-1.154005,8.128315,-0.246603
26-Jan-2025 14:22:29.860,-1.005565,9.129091,0.064643
26-Jan-2025 14:22:29.875,-1.161188,10.072407,-0.095768
26-Jan-2025 14:22:29.892,-1.233014,10.196905,-0.301669
26-Jan-2025 14:22:29.908,-1.199495,10.163386,-0.814029
26-Jan-2025 14:22:29.924,-1.369483,9.962274,-1.04866
26-Jan-2025 14:22:29.940,-1.501164,9.593566,-0.751779
26-Jan-2025 14:22:29.956,-1.029507,9.279925,-0.636858
26-Jan-2025 14:22:29.972,-0.720655,9.131485,-0.617704
26-Jan-2025 14:22:29.989,-0.711078,8.899248,-0.248997
26-Jan-2025 14:22:30.005,-0.577003,8.762778,-0.25618
26-Jan-2025 14:22:30.021,-0.823605,8.406042,-0.296881
26-Jan-2025 14:22:30.037,-0.794875,7.963115,-0.521936
26-Jan-2025 14:22:30.053,-0.581791,7.795521,-1.012747
26-Jan-2025 14:22:30.069,-0.426168,8.197746,-1.276109
26-Jan-2025 14:22:30.085,-0.550666,9.004593,-1.403002
26-Jan-2025 14:22:30.101,-0.701501,9.574412,-1.604115
26-Jan-2025 14:22:30.117,-0.864307,9.713276,-1.558625
26-Jan-2025 14:22:30.133,-0.703895,9.622296,-1.391031
26-Jan-2025 14:22:30.149,-0.557849,9.330204,-0.952892
26-Jan-2025 14:22:30.165,-0.464475,9.299079,-0.402226
26-Jan-2025 14:22:30.181,-0.435745,9.576807,-0.624887
26-Jan-2025 14:22:30.196,-0.373495,9.950302,-0.861913
26-Jan-2025 14:22:30.213,-0.445322,10.323798,-0.876278
26-Jan-2025 14:22:30.229,-0.471658,10.809821,-0.92895
26-Jan-2025 14:22:30.245,-0.565032,11.089942,-0.727837
26-Jan-2025 14:22:30.261,-0.687136,11.190498,-0.936133
26-Jan-2025 14:22:30.278,-0.76375,11.137826,-0.691924
26-Jan-2025 14:22:30.294,-0.581791,11.291056,0.059855
26-Jan-2025 14:22:30.310,-0.287304,11.628637,-0.349553
26-Jan-2025 14:22:30.326,-0.126893,11.956643,-0.574608
26-Jan-2025 14:22:30.342,0.155623,12.291832,-0.263362
26-Jan-2025 14:22:30.358,-0.021548,12.090718,-0.624887
26-Jan-2025 14:22:30.374,-0.04549,11.341333,-0.76375
26-Jan-2025 14:22:30.390,0.407014,9.976639,-0.670376
26-Jan-2025 14:22:30.406,0.699107,8.978256,-0.301669
26-Jan-2025 14:22:30.422,0.926556,8.372523,0.907402
26-Jan-2025 14:22:30.438,1.477222,8.106767,1.802834
26-Jan-2025 14:22:30.454,1.984793,8.298303,1.640028
26-Jan-2025 14:22:30.470,1.877054,8.820239,0.35913
26-Jan-2025 14:22:30.486,1.314417,9.500193,-0.600945
26-Jan-2025 14:22:30.502,0.363919,10.022128,-1.058237
26-Jan-2025 14:22:30.517,-0.423774,10.196905,-0.497994
26-Jan-2025 14:22:30.534,-0.577003,10.623073,-0.42138
26-Jan-2025 14:22:30.551,-0.438139,10.888829,0.253785
26-Jan-2025 14:22:30.567,0.229843,11.08276,0.555455
26-Jan-2025 14:22:30.583,-0.371101,10.687716,-0.136469
26-Jan-2025 14:22:30.599,-0.294487,10.170568,-0.957681
26-Jan-2025 14:22:30.615,0.363919,9.464279,-1.278504
26-Jan-2025 14:22:30.631,0.553061,9.100361,-0.746991
26-Jan-2025 14:22:30.647,0.696713,9.083601,-0.497994
26-Jan-2025 14:22:30.663,0.73502,8.930372,-0.392649
26-Jan-2025 14:22:30.679,0.543484,8.631097,-0.428562
26-Jan-2025 14:22:30.695,0.507571,8.339005,-0.632069
26-Jan-2025 14:22:30.711,0.61531,8.257602,-0.713472
26-Jan-2025 14:22:30.727,0.545878,8.446744,-0.787692
26-Jan-2025 14:22:30.743,0.474052,8.942344,-0.761356
26-Jan-2025 14:22:30.759,0.251391,9.516952,-1.221043
26-Jan-2025 14:22:30.775,0.80924,9.923966,-1.225831
26-Jan-2025 14:22:30.791,1.383849,9.92636,-0.452504
26-Jan-2025 14:22:30.807,1.307234,9.900024,0.191536
26-Jan-2025 14:22:30.824,0.897826,10.168175,0.110133
26-Jan-2025 14:22:30.840,0.952892,10.431537,-0.292093
26-Jan-2025 14:22:30.856,0.969652,10.785878,-0.577003
26-Jan-2025 14:22:30.872,0.852336,11.382035,-0.76375
26-Jan-2025 14:22:30.888,0.509965,12.088325,-0.976834
26-Jan-2025 14:22:30.904,0.433351,13.03164,-0.586579
26-Jan-2025 14:22:30.920,-0.100556,14.214375,0.627281
26-Jan-2025 14:22:30.936,-0.840365,13.690045,0.311246
26-Jan-2025 14:22:30.952,-1.951274,12.842498,0.320823
26-Jan-2025 14:22:30.968,-2.980781,11.96622,1.565808
26-Jan-2025 14:22:30.984,-3.100491,10.462662,1.812411
26-Jan-2025 14:22:31.000,-2.090138,8.872911,0.907402
26-Jan-2025 14:22:31.016,-1.067814,7.788338,-0.1652
26-Jan-2025 14:22:31.032,-0.639252,7.395689,-0.141258
26-Jan-2025 14:22:31.048,-0.500388,7.484274,0.481235
26-Jan-2025 14:22:31.064,-0.258574,7.785944,0.775721
26-Jan-2025 14:22:31.080,-0.316035,8.209718,0.469264
26-Jan-2025 14:22:31.096,-0.849942,8.726865,0.213084
26-Jan-2025 14:22:31.113,-1.295263,9.126697,0.019154
26-Jan-2025 14:22:31.129,-1.043872,9.339781,0.083797
26-Jan-2025 14:22:31.145,-0.483629,9.583989,0.220267
26-Jan-2025 14:22:31.161,-0.318429,9.674969,-0.02873
26-Jan-2025 14:22:31.177,-0.117316,9.864111,-0.454898
26-Jan-2025 14:22:31.193,0.009577,10.007763,-0.981623
26-Jan-2025 14:22:31.209,0.040701,10.005369,-1.403002
26-Jan-2025 14:22:31.225,-0.002394,9.876082,-1.122881
26-Jan-2025 14:22:31.241,0.181959,9.588778,-0.397437
26-Jan-2025 14:22:31.257,0.246603,9.323022,-0.122104
26-Jan-2025 14:22:31.273,0.117316,9.260772,-0.122104
26-Jan-2025 14:22:31.289,0.339977,9.516952,-0.435745
26-Jan-2025 14:22:31.305,0.663194,9.919178,-0.964863
26-Jan-2025 14:22:31.321,0.919373,10.352529,-1.127669
26-Jan-2025 14:22:31.337,1.015141,10.290278,-0.833182
26-Jan-2025 14:22:31.353,0.964863,9.878476,-0.332794
26-Jan-2025 14:22:31.370,1.11091,9.514558,0.237026
26-Jan-2025 14:22:31.386,1.089362,9.31105,0.361524
26-Jan-2025 14:22:31.402,0.857124,9.011775,0.208296
26-Jan-2025 14:22:31.418,0.828394,8.92319,0.531513
26-Jan-2025 14:22:31.434,0.912191,9.174581,0.629675
26-Jan-2025 14:22:31.450,0.73502,9.691729,0.739808
26-Jan-2025 14:22:31.466,0.466869,9.955091,0.469264
26-Jan-2025 14:22:31.482,0.213084,10.254366,0.268151
26-Jan-2025 14:22:31.498,0.201113,10.685322,0.229843
26-Jan-2025 14:22:31.514,0.031125,11.030087,-0.21069
26-Jan-2025 14:22:31.530,0.09098,11.178528,-0.126893
26-Jan-2025 14:22:31.546,1.055843,11.15698,0.567426
26-Jan-2025 14:22:31.562,0.802058,12.073959,1.039083
26-Jan-2025 14:22:31.578,0.146046,12.174516,0.112527
26-Jan-2025 14:22:31.594,0.11971,11.405977,-0.055067
26-Jan-2025 14:22:31.610,1.529895,9.923966,0.914585
26-Jan-2025 14:22:31.626,2.310405,9.337387,2.226608
26-Jan-2025 14:22:31.643,1.999158,9.136273,2.149993
26-Jan-2025 14:22:31.659,1.982399,8.762778,1.692701
26-Jan-2025 14:22:31.675,2.509123,8.025364,1.527501
26-Jan-2025 14:22:31.691,2.554613,7.419631,2.6839
26-Jan-2025 14:22:31.707,2.96881,7.716512,3.73256
26-Jan-2025 14:22:31.723,2.743755,8.717288,2.889802
26-Jan-2025 14:22:31.739,1.613692,10.237606,1.127669
26-Jan-2025 14:22:31.755,0.586579,12.090718,-0.356736
26-Jan-2025 14:22:31.771,0.761356,12.765883,-0.344765
26-Jan-2025 14:22:31.787,0.840365,12.155362,0.402226
26-Jan-2025 14:22:31.803,1.233014,10.910378,0.64404
26-Jan-2025 14:22:31.819,1.922544,10.014946,0.466869
26-Jan-2025 14:22:31.835,1.956063,9.272743,0.37589
26-Jan-2025 14:22:31.851,1.721431,8.631097,0.481235
26-Jan-2025 14:22:31.867,1.819593,7.915231,0.169988
26-Jan-2025 14:22:31.883,2.221819,7.410054,-0.059855
26-Jan-2025 14:22:31.899,2.207454,7.52737,0.390255
26-Jan-2025 14:22:31.915,2.111686,7.800309,0.512359
26-Jan-2025 14:22:31.932,2.059013,8.176199,0.234632
26-Jan-2025 14:22:31.948,2.229002,8.78672,0.102951
26-Jan-2025 14:22:31.964,2.396596,9.421184,0.007183
26-Jan-2025 14:22:31.980,1.934515,9.923966,-0.112527
26-Jan-2025 14:22:31.996,1.244985,10.307038,-0.402226
26-Jan-2025 14:22:32.012,0.940921,10.512939,-0.703895
26-Jan-2025 14:22:32.028,0.790087,10.635044,-1.055843
26-Jan-2025 14:22:32.044,0.873884,10.477027,-1.09415
26-Jan-2025 14:22:32.060,1.163582,10.175357,-0.866701
26-Jan-2025 14:22:32.076,1.079785,10.175357,-0.742203
26-Jan-2025 14:22:32.092,0.198719,10.924743,-0.639252
26-Jan-2025 14:22:32.108,-0.25618,11.48738,-0.988805
26-Jan-2025 14:22:32.124,-0.059855,11.745954,-1.120486
26-Jan-2025 14:22:32.140,0.158017,11.7268,-0.979228
26-Jan-2025 14:22:32.156,0.493206,12.289437,0.023942
26-Jan-2025 14:22:32.172,0.289698,12.521675,-0.531513
26-Jan-2025 14:22:32.188,-0.943315,12.078748,-0.677559
26-Jan-2025 14:22:32.204,-1.209072,11.437101,0.155623
26-Jan-2025 14:22:32.220,-0.962469,10.960655,0.979228
26-Jan-2025 14:22:32.237,-0.988805,10.709264,1.838747
26-Jan-2025 14:22:32.253,-2.0231,10.711658,1.987187
26-Jan-2025 14:22:32.269,-2.908955,10.546458,1.335965
26-Jan-2025 14:22:32.285,-3.093309,9.780313,0.828394
26-Jan-2025 14:22:32.301,-2.815581,8.65025,0.979228
26-Jan-2025 14:22:32.317,-2.360683,7.704541,1.443704
26-Jan-2025 14:22:32.333,-2.006341,7.369353,1.843535
26-Jan-2025 14:22:32.349,-1.884237,7.460332,1.735796
26-Jan-2025 14:22:32.365,-1.651999,7.97748,1.046266
26-Jan-2025 14:22:32.381,-1.594538,8.983045,0.347159
26-Jan-2025 14:22:32.397,-1.82917,10.115502,-0.126893
26-Jan-2025 14:22:32.413,-1.599327,10.453085,-0.335188
26-Jan-2025 14:22:32.429,-1.525106,10.477027,-0.004788
26-Jan-2025 14:22:32.445,-1.752556,10.196905,0.344765
26-Jan-2025 14:22:32.461,-1.881842,9.677363,0.31364
26-Jan-2025 14:22:32.477,-1.651999,9.100361,-0.002394
26-Jan-2025 14:22:32.493,-1.606509,8.700529,0.141258
26-Jan-2025 14:22:32.510,-1.54426,8.470686,0.296881
26-Jan-2025 14:22:32.526,-1.61848,8.571242,0.325611
26-Jan-2025 14:22:32.542,-1.649605,8.693346,0.035913
26-Jan-2025 14:22:32.558,-1.280898,8.932767,0.04549
26-Jan-2025 14:22:32.574,-1.015141,9.241618,-0.040701
26-Jan-2025 14:22:32.590,-0.878672,9.581595,-0.079009
26-Jan-2025 14:22:32.606,-0.976834,9.622296,-0.136469
26-Jan-2025 14:22:32.622,-1.16837,9.481039,-0.371101
26-Jan-2025 14:22:32.638,-1.189918,9.279925,-0.435745
26-Jan-2025 14:22:32.654,-1.070208,9.179369,-0.21069
26-Jan-2025 14:22:32.670,-0.852336,9.337387,-0.076614
26-Jan-2025 14:22:32.686,-1.120486,9.667787,0.047884
26-Jan-2025 14:22:32.702,-1.254562,9.904813,0.002394
26-Jan-2025 14:22:32.718,-1.247379,9.986216,-0.430956
26-Jan-2025 14:22:32.734,-1.036689,10.266336,-0.814029
26-Jan-2025 14:22:32.750,-0.641646,10.642226,-1.005565
26-Jan-2025 14:22:32.766,-0.567426,10.807426,-0.881066
26-Jan-2025 14:22:32.782,-0.78051,10.876859,-0.679953
26-Jan-2025 14:22:32.799,-0.641646,11.417948,-0.64404
26-Jan-2025 14:22:32.815,-0.835576,12.172121,-0.35913
26-Jan-2025 14:22:32.831,-0.873884,12.421119,-0.383072
26-Jan-2025 14:22:32.847,-0.328006,12.215217,-0.37589
26-Jan-2025 14:22:32.863,0.208296,11.949461,-0.086191
26-Jan-2025 14:22:32.879,0.428562,11.501745,-0.387861
26-Jan-2025 14:22:32.895,0.438139,10.874464,-0.337582
26-Jan-2025 14:22:32.911,0.548272,9.773131,0.148441
26-Jan-2025 14:22:32.927,0.732626,8.693346,0.612916
26-Jan-2025 14:22:32.943,0.591368,7.943961,0.68953
26-Jan-2025 14:22:32.959,0.47884,7.49864,0.462081
26-Jan-2025 14:22:32.975,0.782904,7.058106,0.435745
26-Jan-2025 14:22:32.991,1.165976,6.663064,0.830788
26-Jan-2025 14:22:33.007,1.383849,6.83784,0.548272
26-Jan-2025 14:22:33.023,0.905008,7.826645,0.265756
26-Jan-2025 14:22:33.039,0.533907,9.045294,0.138864
26-Jan-2025 14:22:33.055,0.531513,10.575189,-0.251391
26-Jan-2025 14:22:33.071,-0.117316,11.815386,-0.481235
26-Jan-2025 14:22:33.088,-1.223437,12.308591,-0.349553
26-Jan-2025 14:22:33.104,-1.467646,12.088325,-1.108515
26-Jan-2025 14:22:33.120,-0.936133,11.303026,-1.68073
26-Jan-2025 14:22:33.136,-0.687136,10.668563,-1.280898
26-Jan-2025 14:22:33.152,-0.579397,10.108319,-0.670376
26-Jan-2025 14:22:33.168,-0.268151,9.799467,-0.40462
26-Jan-2025 14:22:33.184,-0.248997,9.466674,-0.574608
26-Jan-2025 14:22:33.200,-0.347159,9.100361,-0.713472
26-Jan-2025 14:22:33.216,-0.466869,8.76996,-0.608127
26-Jan-2025 14:22:33.232,-0.538695,8.573636,-0.411803
26-Jan-2025 14:22:33.248,-0.543484,8.686164,-0.457293
26-Jan-2025 14:22:33.264,-0.61531,8.978256,-0.885855
26-Jan-2025 14:22:33.280,-0.500388,9.241618,-1.122881
26-Jan-2025 14:22:33.296,-0.3304,9.270349,-1.015141
26-Jan-2025 14:22:33.312,-0.064643,9.234436,-0.696713
26-Jan-2025 14:22:33.328,0.100556,9.251195,-0.52433
26-Jan-2025 14:22:33.344,0.390255,9.385271,-0.21069
26-Jan-2025 14:22:33.360,0.572214,9.545682,-0.040701
26-Jan-2025 14:22:33.376,0.497994,9.720459,0.203507
26-Jan-2025 14:22:33.393,0.435745,10.110714,0.237026
26-Jan-2025 14:22:33.409,0.277727,10.625467,-0.050278
26-Jan-2025 14:22:33.425,-0.196325,11.295844,-0.452504
26-Jan-2025 14:22:33.441,-0.691924,11.71004,-1.060631
26-Jan-2025 14:22:33.457,-0.749385,12.454638,-0.54109
26-Jan-2025 14:22:33.473,-0.500388,13.093889,-0.019154
26-Jan-2025 14:22:33.489,-1.074997,12.725182,-0.6608
26-Jan-2025 14:22:33.505,-1.56102,12.105083,-0.203507
26-Jan-2025 14:22:33.521,-1.699883,11.611878,0.940921
26-Jan-2025 14:22:33.537,-1.896208,11.343728,1.647211
26-Jan-2025 14:22:33.553,-2.133234,11.283873,1.187524
26-Jan-2025 14:22:33.569,-2.612074,10.79785,0.035913
26-Jan-2025 14:22:33.585,-2.913743,9.80665,-0.086191
26-Jan-2025 14:22:33.601,-3.078943,8.784326,0.837971
26-Jan-2025 14:22:33.617,-3.052607,7.905654,2.190695
26-Jan-2025 14:22:33.633,-2.669535,7.340622,2.600103
26-Jan-2025 14:22:33.649,-2.300828,7.45315,1.723825
26-Jan-2025 14:22:33.665,-2.494758,8.133103,0.775721
26-Jan-2025 14:22:33.681,-2.408567,9.275137,0.201113
26-Jan-2025 14:22:33.697,-1.956063,10.323798,0.237026
26-Jan-2025 14:22:33.714,-1.70946,10.82658,0.237026
26-Jan-2025 14:22:33.730,-1.642422,10.553641,0.021548
26-Jan-2025 14:22:33.746,-1.699883,9.830592,0.205901
26-Jan-2025 14:22:33.762,-1.766921,9.198523,0.265756
26-Jan-2025 14:22:33.778,-1.484405,8.657434,0.158017
26-Jan-2025 14:22:33.794,-1.134852,8.224083,-0.043096
26-Jan-2025 14:22:33.810,-1.01993,8.034941,-0.146046
26-Jan-2025 14:22:33.826,-1.024718,8.279149,0.098162
26-Jan-2025 14:22:33.842,-1.079785,8.66701,0.055067
26-Jan-2025 14:22:33.858,-1.149217,9.064447,-0.143652
26-Jan-2025 14:22:33.874,-1.106121,9.263166,-0.586579
26-Jan-2025 14:22:33.890,-1.142034,9.425972,-0.97444
26-Jan-2025 14:22:33.906,-1.098939,9.809045,-1.201889
26-Jan-2025 14:22:33.922,-1.017536,10.21127,-1.197101
26-Jan-2025 14:22:33.938,-1.154005,10.350134,-1.089362
26-Jan-2025 14:22:33.954,-1.256956,10.196905,-0.957681
26-Jan-2025 14:22:33.970,-1.051055,9.873688,-0.550666
26-Jan-2025 14:22:33.986,-0.782904,9.555259,-0.203507
26-Jan-2025 14:22:34.002,-0.634463,9.279925,-0.246603
26-Jan-2025 14:22:34.018,-0.600945,9.246407,-0.488417
26-Jan-2025 14:22:34.035,-0.842759,9.713276,-0.557849
26-Jan-2025 14:22:34.051,-0.85473,10.304645,-0.639252
26-Jan-2025 14:22:34.067,-0.56982,10.943896,-0.80924
26-Jan-2025 14:22:34.083,-0.098162,11.678916,-0.684742
26-Jan-2025 14:22:34.099,0.007183,12.25113,-0.682347
26-Jan-2025 14:22:34.115,-0.095768,12.241553,-0.474052
26-Jan-2025 14:22:34.131,0.014365,12.08593,-0.023942
26-Jan-2025 14:22:34.147,-0.146046,11.410766,0.344765
26-Jan-2025 14:22:34.163,-0.244209,10.374076,-0.172383
26-Jan-2025 14:22:34.179,-0.007183,9.382876,-0.447716
26-Jan-2025 14:22:34.195,0.232238,8.655039,-0.014365
26-Jan-2025 14:22:34.211,0.718261,8.082825,0.459687
26-Jan-2025 14:22:34.227,1.292869,7.66384,0.849942
26-Jan-2025 14:22:34.243,1.642422,7.809886,1.031901
26-Jan-2025 14:22:34.259,1.599327,8.813056,0.155623
26-Jan-2025 14:22:34.275,1.144428,9.986216,-0.770933
26-Jan-2025 14:22:34.291,0,10.996569,-1.098939
26-Jan-2025 14:22:34.307,-0.950498,10.934319,-0.952892
26-Jan-2025 14:22:34.323,-1.067814,10.417171,-0.23942
26-Jan-2025 14:22:34.340,-0.90022,10.070012,-0.09098
26-Jan-2025 14:22:34.356,-0.658405,10.081984,-0.079009
26-Jan-2025 14:22:34.372,-0.354342,10.18254,-0.442927
26-Jan-2025 14:22:34.388,0.055067,10.163386,-1.01993
26-Jan-2025 14:22:34.404,0.306458,10.139444,-1.228225
26-Jan-2025 14:22:34.420,0.181959,9.832987,-0.873884
26-Jan-2025 14:22:34.436,0.292093,9.414001,-0.490811
26-Jan-2025 14:22:34.452,0.251391,9.002198,-0.186748
26-Jan-2025 14:22:34.468,0.043096,8.683769,-0.512359
26-Jan-2025 14:22:34.484,-0.189142,8.588001,-0.948104
26-Jan-2025 14:22:34.500,-0.390255,8.944737,-0.849942
26-Jan-2025 14:22:34.516,-0.414197,9.459491,-0.459687
26-Jan-2025 14:22:34.532,-0.411803,10.127473,-0.237026
26-Jan-2025 14:22:34.548,-0.474052,10.572795,-0.675165
26-Jan-2025 14:22:34.564,-0.486023,10.488997,-1.173159
26-Jan-2025 14:22:34.580,-0.277727,10.362105,-0.981623
26-Jan-2025 14:22:34.596,-0.069432,10.409989,-0.933739
26-Jan-2025 14:22:34.612,0.076614,10.649409,-0.967257
26-Jan-2025 14:22:34.628,0.112527,10.663774,-0.840365
26-Jan-2025 14:22:34.645,0.320823,10.685322,-0.52433
26-Jan-2025 14:22:34.661,0.134075,11.11149,-0.737414
26-Jan-2025 14:22:34.677,-0.328006,11.626244,-1.367089
26-Jan-2025 14:22:34.693,-0.905008,11.999739,-1.438915
26-Jan-2025 14:22:34.709,-1.735796,11.86327,-0.727837
26-Jan-2025 14:22:34.725,-2.662352,11.123461,-0.476446
26-Jan-2025 14:22:34.741,-3.201048,9.880871,-0.002394
26-Jan-2025 14:22:34.757,-3.009511,8.844181,0.785298
26-Jan-2025 14:22:34.773,-2.794033,8.283937,1.570596
26-Jan-2025 14:22:34.789,-2.794033,8.300697,2.138022
26-Jan-2025 14:22:34.805,-2.750938,8.616732,1.647211
26-Jan-2025 14:22:34.821,-2.492364,9.174581,0.581791
26-Jan-2025 14:22:34.837,-2.027889,9.837775,-0.198719
26-Jan-2025 14:22:34.853,-1.575385,10.359711,0.081403
26-Jan-2025 14:22:34.869,-1.422156,10.400413,0.517148
26-Jan-2025 14:22:34.885,-1.673547,10.081984,0.821211
26-Jan-2025 14:22:34.901,-1.812411,9.5385,0.754174
26-Jan-2025 14:22:34.917,-1.877054,9.088389,0.663194
26-Jan-2025 14:22:34.933,-1.944092,8.813056,0.533907
26-Jan-2025 14:22:34.950,-1.956063,8.599973,0.366313
26-Jan-2025 14:22:34.966,-1.790863,8.556877,-0.014365
26-Jan-2025 14:22:34.982,-1.956063,8.827422,-0.184354
26-Jan-2025 14:22:34.997,-2.080561,9.260772,-0.241814
26-Jan-2025 14:22:35.014,-2.018312,9.627085,-0.102951
26-Jan-2025 14:22:35.030,-1.82917,9.921572,0.095768
26-Jan-2025 14:22:35.046,-1.810017,10.036493,0.234632
26-Jan-2025 14:22:35.062,-1.968034,9.97185,0.057461
26-Jan-2025 14:22:35.078,-1.984793,9.82341,0.023942
26-Jan-2025 14:22:35.094,-2.128445,9.775525,0.122104
26-Jan-2025 14:22:35.110,-2.248155,9.842564,0.100556
26-Jan-2025 14:22:35.126,-2.305616,9.952697,0.117316
26-Jan-2025 14:22:35.142,-2.329558,10.079589,0.047884
26-Jan-2025 14:22:35.158,-2.379837,10.105926,-0.043096
26-Jan-2025 14:22:35.174,-2.272097,10.002975,0.095768
26-Jan-2025 14:22:35.190,-1.912967,9.737218,0.272939
26-Jan-2025 14:22:35.206,-1.728614,9.615114,0.196325
26-Jan-2025 14:22:35.222,-1.699883,9.557653,0.057461
26-Jan-2025 14:22:35.238,-1.649605,9.514558,-0.009577
26-Jan-2025 14:22:35.254,-1.54426,9.564836,-0.031125
26-Jan-2025 14:22:35.271,-1.386243,9.694122,0.114922
26-Jan-2025 14:22:35.287,-1.357512,9.964667,-0.076614
26-Jan-2025 14:22:35.303,-1.460463,10.225636,-0.31364
26-Jan-2025 14:22:35.318,-1.371878,10.213664,-0.407014
26-Jan-2025 14:22:35.335,-1.323994,10.065224,-0.37589
26-Jan-2025 14:22:35.351,-1.254562,10.084377,-0.323217
26-Jan-2025 14:22:35.367,-1.055843,10.311827,-0.426168
26-Jan-2025 14:22:35.383,-0.97444,10.522516,-0.665588
26-Jan-2025 14:22:35.399,-0.909797,10.517728,-0.718261
26-Jan-2025 14:22:35.415,-0.756568,10.30225,-0.397437
26-Jan-2025 14:22:35.431,-0.538695,10.235212,0.148441
26-Jan-2025 14:22:35.447,-0.414197,9.832987,-0.201113
26-Jan-2025 14:22:35.463,-0.447716,9.246407,-0.732626
26-Jan-2025 14:22:35.479,-0.548272,8.927979,-0.476446
26-Jan-2025 14:22:35.495,-0.423774,9.090784,-0.057461
26-Jan-2025 14:22:35.511,-0.126893,9.40203,0.225055
26-Jan-2025 14:22:35.527,0.014365,9.844957,-0.196325
26-Jan-2025 14:22:35.543,-0.131681,10.254366,-0.629675
26-Jan-2025 14:22:35.559,-0.380678,10.13705,-0.950498
26-Jan-2025 14:22:35.576,-0.347159,9.595961,-0.770933
26-Jan-2025 14:22:35.592,0.270545,9.126697,-0.205901
26-Jan-2025 14:22:35.608,0.859518,9.124303,-0.107739
26-Jan-2025 14:22:35.624,1.086968,9.624691,-0.287304
26-Jan-2025 14:22:35.640,1.290475,9.799467,-0.409408
26-Jan-2025 14:22:35.656,1.403002,9.794679,0.067038
26-Jan-2025 14:22:35.672,1.388637,9.998186,0.316035
26-Jan-2025 14:22:35.688,1.177947,10.503363,-0.011971
26-Jan-2025 14:22:35.704,1.027112,10.960655,-0.363919
26-Jan-2025 14:22:35.720,0.785298,11.09473,-0.720655
26-Jan-2025 14:22:35.736,0.720655,10.828975,-0.790087
26-Jan-2025 14:22:35.752,0.73502,10.371682,-0.505177
26-Jan-2025 14:22:35.768,0.816423,9.938332,-0.605733
26-Jan-2025 14:22:35.784,1.00317,9.533711,-0.782904
26-Jan-2025 14:22:35.800,1.130063,9.040505,-0.682347
26-Jan-2025 14:22:35.816,1.223437,8.674192,-0.550666
26-Jan-2025 14:22:35.832,0.993594,8.422802,-0.545878
26-Jan-2025 14:22:35.848,1.000776,8.207323,-0.418985
26-Jan-2025 14:22:35.864,0.818817,8.350976,-0.797269
26-Jan-2025 14:22:35.881,0.675165,8.856153,-1.192312
26-Jan-2025 14:22:35.897,0.533907,9.52174,-1.582567
26-Jan-2025 14:22:35.913,0.679953,9.92636,-1.386243
26-Jan-2025 14:22:35.929,0.790087,10.096349,-0.943315
26-Jan-2025 14:22:35.945,0.567426,9.780313,-0.998382
26-Jan-2025 14:22:35.960,0.916979,9.888053,-1.247379
26-Jan-2025 14:22:35.977,1.043872,10.012551,-1.125275
26-Jan-2025 14:22:35.993,1.04866,9.955091,-1.146823
26-Jan-2025 14:22:36.009,1.096544,9.715671,-1.149217
26-Jan-2025 14:22:36.025,1.13964,9.512163,-0.936133
26-Jan-2025 14:22:36.041,1.06542,9.583989,-0.842759
26-Jan-2025 14:22:36.057,0.988805,9.832987,-0.852336
26-Jan-2025 14:22:36.073,0.885855,10.101137,-0.794875
26-Jan-2025 14:22:36.089,0.833182,10.663774,-1.18513
26-Jan-2025 14:22:36.105,0.493206,11.192893,-1.391031
26-Jan-2025 14:22:36.121,0.304064,11.408371,-1.307234
26-Jan-2025 14:22:36.137,0.205901,11.295844,-1.426944
26-Jan-2025 14:22:36.153,0.222661,11.003751,-1.225831
26-Jan-2025 14:22:36.170,-0.088585,12.373235,0.131681
26-Jan-2025 14:22:36.186,-0.179565,12.785037,-0.512359
26-Jan-2025 14:22:36.202,-0.459687,12.389994,-1.321599
26-Jan-2025 14:22:36.218,-0.675165,11.707646,-0.684742
26-Jan-2025 14:22:36.234,-0.794875,11.930307,-0.4956
26-Jan-2025 14:22:36.250,-1.091756,12.545617,-0.033519
26-Jan-2025 14:22:36.266,-1.78368,12.703634,0.083797
26-Jan-2025 14:22:36.282,-2.183512,11.643003,0.016759
26-Jan-2025 14:22:36.298,-2.075773,10.125079,0.363919
26-Jan-2025 14:22:36.314,-2.070984,8.791509,0.416591
26-Jan-2025 14:22:36.330,-2.149993,7.874529,0.435745
26-Jan-2025 14:22:36.346,-1.529895,6.988675,0.756568
26-Jan-2025 14:22:36.362,-1.237802,6.679823,1.036689
26-Jan-2025 14:22:36.378,-1.082179,6.742072,0.318429
26-Jan-2025 14:22:36.394,-1.125275,7.134721,-0.344765
26-Jan-2025 14:22:36.410,-0.902614,7.850587,-0.220267
26-Jan-2025 14:22:36.426,-0.869095,8.631097,-0.138864
26-Jan-2025 14:22:36.443,-0.799663,9.299079,-0.292093
26-Jan-2025 14:22:36.459,-0.756568,9.629479,-0.418985
26-Jan-2025 14:22:36.475,-1.053449,9.679757,-0.76375
26-Jan-2025 14:22:36.491,-1.391031,9.710882,-0.833182
26-Jan-2025 14:22:36.507,-1.268927,9.557653,-0.826
26-Jan-2025 14:22:36.523,-1.046266,9.421184,-0.787692
26-Jan-2025 14:22:36.539,-0.888249,9.406818,-0.620098
26-Jan-2025 14:22:36.555,-1.015141,9.528923,-0.746991
26-Jan-2025 14:22:36.571,-0.940921,9.428367,-1.007959
26-Jan-2025 14:22:36.587,-0.890643,9.315839,-1.046266
26-Jan-2025 14:22:36.603,-0.711078,9.212888,-1.06542
26-Jan-2025 14:22:36.619,-0.634463,9.184157,-1.134852
26-Jan-2025 14:22:36.635,-0.703895,9.306262,-1.029507
26-Jan-2025 14:22:36.651,-0.612916,9.272743,-1.144428
26-Jan-2025 14:22:36.667,-0.746991,9.394848,-1.273715
26-Jan-2025 14:22:36.683,-0.984017,9.392453,-1.209072
26-Jan-2025 14:22:36.699,-1.024718,9.382876,-0.991199
26-Jan-2025 14:22:36.715,-0.890643,9.320627,-0.708684
26-Jan-2025 14:22:36.731,-0.852336,9.425972,-0.725443
26-Jan-2025 14:22:36.748,-0.730232,9.545682,-0.768539
26-Jan-2025 14:22:36.764,-0.311246,9.768343,-0.548272
26-Jan-2025 14:22:36.780,-0.150835,10.120291,-0.452504
26-Jan-2025 14:22:36.796,-0.088585,10.517728,-0.325611
26-Jan-2025 14:22:36.812,-0.122104,10.828975,-0.248997
26-Jan-2025 14:22:36.828,-0.366313,11.063606,-0.253785
26-Jan-2025 14:22:36.844,-0.483629,11.310209,-0.445322
26-Jan-2025 14:22:36.860,-0.323217,11.99495,-0.347159
26-Jan-2025 14:22:36.876,-0.225055,12.665327,-0.02873
26-Jan-2025 14:22:36.892,0.229843,12.832921,0.047884
26-Jan-2025 14:22:36.908,0.550666,12.643779,0.110133
26-Jan-2025 14:22:36.924,0.80924,11.915942,0.241814
26-Jan-2025 14:22:36.940,0.632069,11.099519,0.158017
26-Jan-2025 14:22:36.956,0.797269,10.0341,-0.306458
26-Jan-2025 14:22:36.972,1.13964,9.291897,-0.215478
26-Jan-2025 14:22:36.988,1.592144,8.487445,0.42138
26-Jan-2025 14:22:37.005,2.243367,7.256825,0.737414
26-Jan-2025 14:22:37.021,2.975993,6.098032,0.612916
26-Jan-2025 14:22:37.037,2.712631,5.815516,0.758962
26-Jan-2025 14:22:37.053,1.757344,6.557718,1.422156
26-Jan-2025 14:22:37.069,1.051055,8.008605,2.106898
26-Jan-2025 14:22:37.085,0.90022,10.362105,0.986411
26-Jan-2025 14:22:37.101,1.09415,13.374011,-1.137246
26-Jan-2025 14:22:37.117,0.54109,15.215152,-0.986411
26-Jan-2025 14:22:37.133,-0.02873,13.64695,0.014365
26-Jan-2025 14:22:37.149,1.297657,11.03727,0.198719
26-Jan-2025 14:22:37.165,2.231396,9.698911,-0.1652
26-Jan-2025 14:22:37.181,1.934515,8.975863,-0.653617
26-Jan-2025 14:22:37.197,1.405396,8.659827,-0.438139
26-Jan-2025 14:22:37.213,1.125275,8.319851,-0.40462
26-Jan-2025 14:22:37.229,1.197101,8.154651,-0.612916
26-Jan-2025 14:22:37.245,1.268927,8.329428,-0.521936
26-Jan-2025 14:22:37.261,1.35033,8.604761,-0.366313
26-Jan-2025 14:22:37.277,1.455675,8.880095,-0.648829
26-Jan-2025 14:22:37.294,1.335965,9.342175,-1.276109
26-Jan-2025 14:22:37.310,0.919373,9.842564,-1.489193
26-Jan-2025 14:22:37.326,0.603339,9.964667,-1.307234
26-Jan-2025 14:22:37.342,0.486023,9.749189,-1.323994
26-Jan-2025 14:22:37.358,0.610521,9.595961,-1.316811
26-Jan-2025 14:22:37.374,0.672771,9.488221,-1.261744
26-Jan-2025 14:22:37.390,0.627281,9.504981,-1.235408
26-Jan-2025 14:22:37.406,0.557849,9.619903,-1.223437
26-Jan-2025 14:22:37.422,0.407014,9.923966,-1.273715
26-Jan-2025 14:22:37.438,0.23942,10.216059,-1.54426
26-Jan-2025 14:22:37.454,0.282516,10.357317,-1.570596
26-Jan-2025 14:22:37.470,-0.021548,10.426748,-1.355118
26-Jan-2025 14:22:37.486,-0.081403,10.654198,-0.940921
26-Jan-2025 14:22:37.502,0.043096,10.869676,-0.849942
26-Jan-2025 14:22:37.518,0.361524,11.228806,-1.252167
26-Jan-2025 14:22:37.534,0.323217,11.971008,-0.799663
26-Jan-2025 14:22:37.550,-0.052672,12.789825,-0.730232
26-Jan-2025 14:22:37.567,-1.101333,12.806585,-1.295263
26-Jan-2025 14:22:37.583,-1.496376,12.37084,-0.37589
26-Jan-2025 14:22:37.599,-1.56102,11.3964,-0.299275
26-Jan-2025 14:22:37.615,-2.104503,10.714052,0.04549
26-Jan-2025 14:22:37.631,-2.23379,9.921572,0.368707
26-Jan-2025 14:22:37.647,-2.293645,9.301474,0.667982
26-Jan-2025 14:22:37.663,-2.217031,8.815451,0.6608
26-Jan-2025 14:22:37.679,-2.341529,8.269572,0.07422
26-Jan-2025 14:22:37.695,-2.427721,8.058883,0.160412
26-Jan-2025 14:22:37.711,-2.075773,8.046912,0.648829
26-Jan-2025 14:22:37.727,-1.687912,8.154651,0.596156
26-Jan-2025 14:22:37.743,-1.386243,8.494628,0.500388
26-Jan-2025 14:22:37.759,-0.890643,9.172187,0.167594
26-Jan-2025 14:22:37.775,-0.608127,9.749189,-0.395043
26-Jan-2025 14:22:37.791,-0.617704,9.923966,-0.560243
26-Jan-2025 14:22:37.807,-0.739808,9.849746,-0.325611
26-Jan-2025 14:22:37.823,-0.814029,9.722853,-0.435745
26-Jan-2025 14:22:37.840,-0.907402,9.524135,-0.301669
26-Jan-2025 14:22:37.856,-0.90022,9.244013,-0.031125
26-Jan-2025 14:22:37.872,-0.964863,8.863335,-0.067038
26-Jan-2025 14:22:37.888,-1.113304,8.465898,-0.244209
26-Jan-2025 14:22:37.904,-1.369483,8.334216,-0.378284
26-Jan-2025 14:22:37.920,-1.733402,8.415619,-0.426168
26-Jan-2025 14:22:37.936,-2.15957,8.717288,-0.445322
26-Jan-2025 14:22:37.952,-2.15957,9.069236,-0.184354
26-Jan-2025 14:22:37.968,-2.097321,9.545682,-0.117316
26-Jan-2025 14:22:37.984,-2.181118,10.041282,-0.483629
26-Jan-2025 14:22:38.000,-2.410961,10.271125,-0.462081
26-Jan-2025 14:22:38.016,-2.408567,9.801862,-0.177171
26-Jan-2025 14:22:38.032,-2.413355,9.270349,0.320823
26-Jan-2025 14:22:38.048,-2.616863,9.006987,0.593762
26-Jan-2025 14:22:38.064,-2.590526,9.07163,0.466869
26-Jan-2025 14:22:38.080,-2.243367,9.334992,-0.014365
26-Jan-2025 14:22:38.096,-1.936909,9.91439,-0.306458
26-Jan-2025 14:22:38.113,-1.896208,10.527305,-0.217872
26-Jan-2025 14:22:38.129,-1.668759,10.948685,-0.21069
26-Jan-2025 14:22:38.145,-1.182736,11.798626,0.19393
26-Jan-2025 14:22:38.161,-0.871489,12.974179,0.457293
26-Jan-2025 14:22:38.177,-0.723049,13.678074,-0.143652
26-Jan-2025 14:22:38.193,-1.127669,13.802573,-0.507571
26-Jan-2025 14:22:38.209,-1.029507,12.981361,-0.397437
26-Jan-2025 14:22:38.225,-0.837971,11.829751,0.275333
26-Jan-2025 14:22:38.241,-0.61531,10.745177,0.972046
26-Jan-2025 14:22:38.257,0.244209,9.799467,1.125275
26-Jan-2025 14:22:38.273,1.256956,8.389283,0.390255
26-Jan-2025 14:22:38.289,1.841141,7.03177,0.28491
26-Jan-2025 14:22:38.305,2.430115,6.270414,1.091756
26-Jan-2025 14:22:38.321,3.234566,6.07409,0.318429
26-Jan-2025 14:22:38.337,2.427721,6.631939,-0.177171
26-Jan-2025 14:22:38.353,1.060631,7.951144,0.215478
26-Jan-2025 14:22:38.369,-0.11971,9.497798,0.471658
26-Jan-2025 14:22:38.385,-0.694318,10.979809,0.19393
26-Jan-2025 14:22:38.402,-1.54426,12.349293,-0.083797
26-Jan-2025 14:22:38.418,-1.826776,12.650962,-0.787692
26-Jan-2025 14:22:38.434,-1.486799,11.762712,-0.586579
26-Jan-2025 14:22:38.450,-0.701501,10.553641,-0.050278
26-Jan-2025 14:22:38.466,-0.438139,9.821015,-0.174777
26-Jan-2025 14:22:38.482,-0.711078,9.576807,-0.31364
26-Jan-2025 14:22:38.498,-0.905008,9.404425,-0.395043
26-Jan-2025 14:22:38.514,-0.531513,9.002198,0.059855
26-Jan-2025 14:22:38.530,-0.392649,8.671799,0.301669
26-Jan-2025 14:22:38.546,-0.445322,8.568848,-0.064643
26-Jan-2025 14:22:38.562,-0.268151,8.707711,0.110133
26-Jan-2025 14:22:38.578,-0.723049,9.291897,0.347159
26-Jan-2025 14:22:38.594,-0.78051,9.631873,0.093374
26-Jan-2025 14:22:38.610,-0.481235,9.703699,0.076614
26-Jan-2025 14:22:38.626,-0.332794,9.787497,0.196325
26-Jan-2025 14:22:38.642,-0.275333,9.902418,-0.009577
26-Jan-2025 14:22:38.658,-0.177171,9.895236,0.1652
26-Jan-2025 14:22:38.675,-0.069432,9.900024,0.354342
26-Jan-2025 14:22:38.691,-0.016759,10.086772,0.268151
26-Jan-2025 14:22:38.707,-0.098162,10.28549,-0.02873
26-Jan-2025 14:22:38.723,-0.141258,10.323798,0.033519
26-Jan-2025 14:22:38.739,0.081403,10.19451,0.371101
26-Jan-2025 14:22:38.755,0.229843,10.235212,0.423774
26-Jan-2025 14:22:38.771,0.043096,10.632649,-0.052672
26-Jan-2025 14:22:38.787,-0.071826,10.771513,-0.344765
26-Jan-2025 14:22:38.803,-0.09098,10.709264,-0.438139
26-Jan-2025 14:22:38.819,0.007183,10.46745,-0.469264
26-Jan-2025 14:22:38.835,0.057461,10.594342,-0.31364
26-Jan-2025 14:22:38.851,0.064643,11.580753,0.847547
26-Jan-2025 14:22:38.867,-0.347159,12.136209,-0.409408
26-Jan-2025 14:22:38.883,-1.01993,12.052411,-1.374272
26-Jan-2025 14:22:38.899,-1.570596,12.11466,-0.083797
26-Jan-2025 14:22:38.915,-2.027889,11.32218,0.363919
26-Jan-2025 14:22:38.931,-2.504335,10.529699,0.112527
26-Jan-2025 14:22:38.947,-2.755726,9.981427,0.172383
26-Jan-2025 14:22:38.964,-2.652776,9.193734,-0.064643
26-Jan-2025 14:22:38.980,-2.41575,8.549694,0.442927
26-Jan-2025 14:22:38.996,-2.109292,8.331821,1.558625
26-Jan-2025 14:22:39.012,-1.795651,8.281544,1.460463
26-Jan-2025 14:22:39.028,-1.752556,8.190564,0.289698
26-Jan-2025 14:22:39.044,-1.539472,8.5473,-0.311246
26-Jan-2025 14:22:39.060,-1.13964,9.464279,0.205901
26-Jan-2025 14:22:39.076,-0.988805,10.072407,0.37589
26-Jan-2025 14:22:39.092,-1.027112,10.120291,-0.023942
26-Jan-2025 14:22:39.108,-0.972046,9.830592,-0.469264
26-Jan-2025 14:22:39.124,-1.00317,9.624691,-0.505177
26-Jan-2025 14:22:39.140,-0.995988,9.334992,-0.351948
26-Jan-2025 14:22:39.156,-1.015141,9.150639,-0.316035
26-Jan-2025 14:22:39.172,-0.785298,9.11712,-0.28491
26-Jan-2025 14:22:39.188,-0.61531,9.239224,-0.268151
26-Jan-2025 14:22:39.204,-1.060631,9.167398,-0.105345
26-Jan-2025 14:22:39.220,-1.254562,8.710106,-0.531513
26-Jan-2025 14:22:39.237,-1.316811,8.475474,-0.842759
26-Jan-2025 14:22:39.253,-1.549049,8.652645,-1.233014
26-Jan-2025 14:22:39.269,-1.434127,9.200917,-1.735796
26-Jan-2025 14:22:39.285,-0.792481,9.753978,-1.843535
26-Jan-2025 14:22:39.301,-0.61531,10.290278,-1.637634
26-Jan-2025 14:22:39.317,-0.550666,10.283096,-0.916979
26-Jan-2025 14:22:39.333,-0.536301,9.902418,-0.488417
26-Jan-2025 14:22:39.349,-0.70629,9.531317,-0.500388
26-Jan-2025 14:22:39.365,-0.641646,9.267955,-0.299275
26-Jan-2025 14:22:39.381,-0.591368,9.832987,-0.363919
26-Jan-2025 14:22:39.397,-0.21069,10.529699,-0.802058
26-Jan-2025 14:22:39.413,-0.043096,11.552023,-0.852336
26-Jan-2025 14:22:39.429,-0.318429,12.172121,-0.814029
26-Jan-2025 14:22:39.445,-0.390255,12.246342,-0.596156
26-Jan-2025 14:22:39.461,-0.80924,12.658144,-0.423774
26-Jan-2025 14:22:39.477,-0.677559,12.069171,-0.486023
26-Jan-2025 14:22:39.493,0.02873,11.45865,-0.222661
26-Jan-2025 14:22:39.509,0.548272,11.140221,0
26-Jan-2025 14:22:39.526,0.543484,10.979809,-0.37589
26-Jan-2025 14:22:39.542,0.225055,10.445902,-0.821211
26-Jan-2025 14:22:39.558,0.452504,9.679757,-0.591368
26-Jan-2025 14:22:39.574,1.367089,8.475474,0.122104
26-Jan-2025 14:22:39.590,1.642422,7.817069,1.137246
26-Jan-2025 14:22:39.606,1.956063,7.326257,0.842759
26-Jan-2025 14:22:39.622,1.35033,7.575254,0.859518
26-Jan-2025 14:22:39.638,0.830788,8.14268,0.378284
26-Jan-2025 14:22:39.654,0.095768,9.255983,0.306458
26-Jan-2025 14:22:39.670,-0.363919,10.242394,-0.129287
26-Jan-2025 14:22:39.686,-0.3304,10.67814,-0.407014
26-Jan-2025 14:22:39.702,0.134075,10.752359,-0.553061
26-Jan-2025 14:22:39.718,0.205901,10.469844,-0.641646
26-Jan-2025 14:22:39.734,0.067038,9.955091,-0.694318
26-Jan-2025 14:22:39.750,0.088585,9.576807,-0.586579
26-Jan-2025 14:22:39.766,0.373495,9.339781,-0.52433
26-Jan-2025 14:22:39.782,0.466869,9.14585,-0.512359
26-Jan-2025 14:22:39.798,0.37589,8.920795,-0.474052
26-Jan-2025 14:22:39.815,0.469264,8.643068,-0.474052
26-Jan-2025 14:22:39.831,0.481235,8.470686,-0.632069
26-Jan-2025 14:22:39.847,0.588974,8.643068,-0.835576
26-Jan-2025 14:22:39.863,0.483629,9.050082,-0.972046
26-Jan-2025 14:22:39.879,0.294487,9.289502,-1.33357
26-Jan-2025 14:22:39.895,0.093374,9.404425,-1.398214
26-Jan-2025 14:22:39.911,0.397437,9.361329,-1.273715
26-Jan-2025 14:22:39.927,0.6608,9.411607,-0.948104
26-Jan-2025 14:22:39.943,0.6608,9.691729,-0.778116
26-Jan-2025 14:22:39.959,0.361524,9.837775,-0.656011
26-Jan-2025 14:22:39.975,0.246603,9.847352,-0.325611
26-Jan-2025 14:22:39.991,0.40462,10.249578,-0.251391
26-Jan-2025 14:22:40.007,0.3304,11.032481,-0.960075
26-Jan-2025 14:22:40.023,0.122104,11.719617,-1.733402
26-Jan-2025 14:22:40.039,0.102951,11.836933,-1.824382
26-Jan-2025 14:22:40.055,0.095768,12.045229,-1.01993
26-Jan-2025 14:22:40.071,0.093374,13.261483,0.92895
26-Jan-2025 14:22:40.087,-0.565032,13.802573,0.787692
26-Jan-2025 14:22:40.103,-1.716643,13.18008,-0.229843
26-Jan-2025 14:22:40.119,-2.075773,11.959038,0.162806
26-Jan-2025 14:22:40.136,-1.75495,10.740389,1.558625
26-Jan-2025 14:22:40.152,-1.364695,9.923966,1.513135
26-Jan-2025 14:22:40.168,-1.766921,9.332599,0.591368
26-Jan-2025 14:22:40.184,-1.438915,8.391677,0.560243
26-Jan-2025 14:22:40.200,-1.345541,7.843405,1.568202
26-Jan-2025 14:22:40.216,-1.288081,7.762002,2.310405
26-Jan-2025 14:22:40.232,-1.628057,8.092402,1.807622
26-Jan-2025 14:22:40.248,-1.94888,8.607155,0.821211
26-Jan-2025 14:22:40.264,-1.771709,9.303867,0.447716
26-Jan-2025 14:22:40.280,-0.711078,9.976639,0.557849
26-Jan-2025 14:22:40.296,-0.057461,10.311827,0.277727
26-Jan-2025 14:22:40.312,-0.196325,10.295067,-0.098162
26-Jan-2025 14:22:40.328,-0.457293,10.077195,-0.325611
26-Jan-2025 14:22:40.344,-0.548272,9.634268,-0.035913
26-Jan-2025 14:22:40.360,-0.490811,9.26556,-0.294487
26-Jan-2025 14:22:40.376,-0.459687,8.985439,-0.363919
26-Jan-2025 14:22:40.392,-0.181959,8.832211,-0.248997
26-Jan-2025 14:22:40.408,-0.043096,8.78672,-0.201113
26-Jan-2025 14:22:40.424,-0.222661,8.74123,-0.270545
26-Jan-2025 14:22:40.440,-0.354342,8.801085,-0.493206
26-Jan-2025 14:22:40.457,-0.454898,8.937555,-1.072602
26-Jan-2025 14:22:40.473,-0.454898,9.251195,-1.216254
26-Jan-2025 14:22:40.489,-0.335188,9.481039,-1.199495
26-Jan-2025 14:22:40.505,-0.07422,9.502586,-1.278504
26-Jan-2025 14:22:40.521,-0.035913,9.411607,-1.283292
26-Jan-2025 14:22:40.537,-0.057461,9.361329,-1.151611
26-Jan-2025 14:22:40.553,-0.098162,9.251195,-1.029507
26-Jan-2025 14:22:40.569,-0.04549,9.126697,-1.149217
26-Jan-2025 14:22:40.585,-0.026336,9.421184,-0.85473
26-Jan-2025 14:22:40.601,0.567426,9.679757,-0.658405
26-Jan-2025 14:22:40.617,0.931344,9.82341,-0.749385
26-Jan-2025 14:22:40.633,1.122881,9.950302,-0.600945
26-Jan-2025 14:22:40.649,1.836353,9.818622,-0.47884
26-Jan-2025 14:22:40.665,0.893037,11.461043,-0.277727
26-Jan-2025 14:22:40.681,-0.557849,11.858481,0.361524
26-Jan-2025 14:22:40.697,-0.634463,11.326968,0.354342
26-Jan-2025 14:22:40.713,-0.373495,10.989386,-0.181959
26-Jan-2025 14:22:40.730,-0.222661,10.764331,0.040701
26-Jan-2025 14:22:40.746,-0.265756,11.75553,4.481946
26-Jan-2025 14:22:40.762,1.00317,12.512098,-0.912191
26-Jan-2025 14:22:40.778,0.617704,12.876017,-2.39899
26-Jan-2025 14:22:40.794,1.654393,12.061988,-1.572991
26-Jan-2025 14:22:40.810,1.575385,10.053253,0.275333
26-Jan-2025 14:22:40.826,1.747767,8.717288,1.151611
26-Jan-2025 14:22:40.842,1.762132,8.161834,1.58975
26-Jan-2025 14:22:40.858,1.582567,7.93199,1.963245
26-Jan-2025 14:22:40.874,1.790863,7.90326,2.152387
26-Jan-2025 14:22:40.890,1.968034,8.379706,1.249773
26-Jan-2025 14:22:40.906,1.869871,9.387665,0.114922
26-Jan-2025 14:22:40.922,1.556231,10.386047,-0.665588
26-Jan-2025 14:22:40.938,0.723049,10.874464,0.052672
26-Jan-2025 14:22:40.954,-0.069432,10.812215,1.113304
26-Jan-2025 14:22:40.970,-0.488417,10.601525,0.933739
26-Jan-2025 14:22:40.986,0.383072,9.77792,0.280122
26-Jan-2025 14:22:41.002,1.098939,9.01417,0.23942
26-Jan-2025 14:22:41.019,1.209072,8.602366,0.292093
26-Jan-2025 14:22:41.035,1.18513,8.408437,0.148441
26-Jan-2025 14:22:41.051,1.25935,8.286332,0.062249
26-Jan-2025 14:22:41.067,1.204283,8.434772,0.050278
26-Jan-2025 14:22:41.082,1.158794,8.7125,-0.088585
26-Jan-2025 14:22:41.099,1.149217,8.954314,-0.306458
26-Jan-2025 14:22:41.115,1.053449,9.397242,-0.514753
26-Jan-2025 14:22:41.131,0.890643,9.864111,-0.823605
26-Jan-2025 14:22:41.147,0.584185,10.359711,-0.957681
26-Jan-2025 14:22:41.163,0.380678,10.532093,-0.909797
26-Jan-2025 14:22:41.179,0.337582,10.340557,-0.677559
26-Jan-2025 14:22:41.195,0.339977,10.110714,-0.438139
26-Jan-2025 14:22:41.211,0.442927,9.883265,-0.201113
26-Jan-2025 14:22:41.227,0.526724,10.103531,0.011971
26-Jan-2025 14:22:41.243,0.727837,10.673351,-0.21069
26-Jan-2025 14:22:41.259,0.481235,11.420342,-1.300052
26-Jan-2025 14:22:41.275,0.301669,12.088325,-1.438915
26-Jan-2025 14:22:41.291,0.198719,12.241553,-0.952892
26-Jan-2025 14:22:41.307,0.248997,13.24233,0.847547
26-Jan-2025 14:22:41.324,-0.251391,13.553576,0.828394
26-Jan-2025 14:22:41.340,-1.407791,12.8832,-0.732626
26-Jan-2025 14:22:41.356,-2.327164,12.445061,0.031125
26-Jan-2025 14:22:41.372,-1.527501,10.986992,1.199495
26-Jan-2025 14:22:41.388,-1.431733,9.854534,1.335965
26-Jan-2025 14:22:41.404,-1.460463,9.224859,1.007959
26-Jan-2025 14:22:41.420,-1.285686,8.693346,1.316811
26-Jan-2025 14:22:41.436,-0.964863,8.180987,1.908179
26-Jan-2025 14:22:41.452,-0.840365,7.960721,1.683124
26-Jan-2025 14:22:41.468,-1.084573,7.963115,0.521936
26-Jan-2025 14:22:41.484,-1.367089,8.082825,-0.23942
26-Jan-2025 14:22:41.500,-1.292869,8.451532,-0.081403
26-Jan-2025 14:22:41.516,-0.682347,9.093178,0.28491
26-Jan-2025 14:22:41.532,0.069432,9.916783,0.61531
26-Jan-2025 14:22:41.548,0.213084,10.46745,0.23942
26-Jan-2025 14:22:41.564,-0.526724,10.445902,-0.505177
26-Jan-2025 14:22:41.579,-1.082179,10.25676,-1.043872
26-Jan-2025 14:22:41.596,-1.01993,9.94312,-0.962469
26-Jan-2025 14:22:41.612,-0.70629,9.5385,-0.430956
26-Jan-2025 14:22:41.628,-0.356736,8.947132,-0.505177
26-Jan-2025 14:22:41.645,0.112527,8.504205,-0.632069
26-Jan-2025 14:22:41.661,0.502782,8.463503,-0.3304
26-Jan-2025 14:22:41.677,0.062249,8.714894,-0.122104
26-Jan-2025 14:22:41.693,-0.265756,9.088389,-0.418985
26-Jan-2025 14:22:41.709,-0.486023,9.55047,-0.861913
26-Jan-2025 14:22:41.725,-0.629675,9.811439,-1.256956
26-Jan-2025 14:22:41.741,-0.483629,9.691729,-1.465251
26-Jan-2025 14:22:41.757,-0.270545,9.270349,-1.233014
26-Jan-2025 14:22:41.773,0.076614,8.841787,-0.476446
26-Jan-2025 14:22:41.789,0.134075,8.595184,-0.107739
26-Jan-2025 14:22:41.805,0.110133,8.63828,-0.553061
26-Jan-2025 14:22:41.821,-0.021548,8.939949,-0.787692
26-Jan-2025 14:22:41.837,-0.02873,9.318233,-0.373495
26-Jan-2025 14:22:41.853,-0.040701,9.67018,-0.608127
26-Jan-2025 14:22:41.869,0.122104,10.086772,-0.88346
26-Jan-2025 14:22:41.885,0.308852,10.800244,-1.00317
26-Jan-2025 14:22:41.900,0.138864,11.336545,-1.367089
26-Jan-2025 14:22:41.917,-0.160412,11.544841,-0.823605
26-Jan-2025 14:22:41.934,-0.203507,11.468226,-0.304064
26-Jan-2025 14:22:41.950,-0.067038,11.386824,-0.634463
26-Jan-2025 14:22:41.966,0.28491,11.365275,-0.471658
26-Jan-2025 14:22:41.982,0.610521,11.252748,-0.383072
26-Jan-2025 14:22:41.998,0.845153,11.286267,-0.155623
26-Jan-2025 14:22:42.014,1.312023,11.633426,0.114922
26-Jan-2025 14:22:42.030,1.692701,11.808203,-0.117316
26-Jan-2025 14:22:42.046,1.642422,10.910378,-0.282516
26-Jan-2025 14:22:42.062,1.745373,9.586384,-0.069432
26-Jan-2025 14:22:42.078,1.525106,9.19134,1.060631
26-Jan-2025 14:22:42.094,2.075773,8.724471,2.061408
26-Jan-2025 14:22:42.110,2.492364,8.374918,1.838747
26-Jan-2025 14:22:42.126,2.240973,8.446744,1.082179
26-Jan-2025 14:22:42.142,1.819593,8.875306,0.332794
26-Jan-2025 14:22:42.158,1.321599,9.713276,-0.222661
26-Jan-2025 14:22:42.174,0.857124,10.206482,-0.452504
26-Jan-2025 14:22:42.190,0.608127,10.108319,-0.016759
26-Jan-2025 14:22:42.206,0.957681,9.55047,0.122104
26-Jan-2025 14:22:42.223,1.374272,9.143456,0.076614
26-Jan-2025 14:22:42.239,1.642422,8.834604,0.191536
26-Jan-2025 14:22:42.255,1.831564,8.470686,0.337582
26-Jan-2025 14:22:42.271,1.651999,8.279149,0.299275
26-Jan-2025 14:22:42.287,1.546654,8.35337,-0.007183
26-Jan-2025 14:22:42.303,1.47004,8.829816,-0.368707
26-Jan-2025 14:22:42.319,1.436521,9.507375,-0.699107
26-Jan-2025 14:22:42.335,1.503559,10.201694,-0.521936
26-Jan-2025 14:22:42.351,1.429338,10.747571,-0.45011
26-Jan-2025 14:22:42.367,1.326388,10.896012,-0.395043
26-Jan-2025 14:22:42.383,1.09415,10.915166,-0.378284
26-Jan-2025 14:22:42.399,0.907402,10.747571,-0.493206
26-Jan-2025 14:22:42.415,0.955287,10.441113,-0.457293
26-Jan-2025 14:22:42.431,1.137246,10.079589,-0.179565
26-Jan-2025 14:22:42.447,1.376666,9.900024,-0.112527
26-Jan-2025 14:22:42.463,1.30484,10.081984,-0.308852
26-Jan-2025 14:22:42.479,1.156399,10.242394,-0.318429
26-Jan-2025 14:22:42.496,0.936133,10.611102,-0.25618
26-Jan-2025 14:22:42.512,0.572214,11.271901,-0.3304
26-Jan-2025 14:22:42.528,0.42138,11.877635,-0.026336
26-Jan-2025 14:22:42.544,0.344765,12.847286,1.556231
26-Jan-2025 14:22:42.560,-0.105345,13.328521,1.666364
26-Jan-2025 14:22:42.576,-0.54109,12.349293,-0.19393
26-Jan-2025 14:22:42.592,-0.902614,11.32218,0.153229
26-Jan-2025 14:22:42.608,-1.300052,10.635044,1.438915
26-Jan-2025 14:22:42.624,-1.343147,10.079589,1.47004
26-Jan-2025 14:22:42.640,-1.120486,9.627085,1.096544
26-Jan-2025 14:22:42.656,-0.814029,8.961497,0.723049
26-Jan-2025 14:22:42.672,-0.553061,8.343793,0.584185
26-Jan-2025 14:22:42.688,-0.31364,7.987057,0.241814
26-Jan-2025 14:22:42.704,-0.052672,7.809886,-0.160412
26-Jan-2025 14:22:42.720,-0.105345,8.123527,0.026336
26-Jan-2025 14:22:42.736,-0.215478,8.858546,0.263362
26-Jan-2025 14:22:42.752,-0.272939,9.569624,0.196325
26-Jan-2025 14:22:42.769,-0.464475,9.895236,0.031125
26-Jan-2025 14:22:42.785,-0.548272,9.708488,-0.07422
26-Jan-2025 14:22:42.801,-0.507571,9.287108,-0.138864
26-Jan-2025 14:22:42.817,-0.641646,8.765172,0.067038
26-Jan-2025 14:22:42.833,-0.924162,8.434772,0.363919
26-Jan-2025 14:22:42.849,-1.180341,8.295909,0.043096
26-Jan-2025 14:22:42.865,-1.055843,8.611943,0.019154
26-Jan-2025 14:22:42.881,-0.770933,9.193734,-0.102951
26-Jan-2025 14:22:42.897,-0.766145,9.919178,-0.521936
26-Jan-2025 14:22:42.913,-0.88346,10.390836,-0.766145
26-Jan-2025 14:22:42.929,-1.022324,10.280702,-0.881066
26-Jan-2025 14:22:42.945,-1.055843,9.804255,-0.797269
26-Jan-2025 14:22:42.961,-1.053449,9.232041,-0.531513
26-Jan-2025 14:22:42.977,-1.106121,9.028535,-0.486023
26-Jan-2025 14:22:42.993,-1.393425,9.172187,-0.509965
26-Jan-2025 14:22:43.009,-1.458069,9.179369,-0.620098
26-Jan-2025 14:22:43.025,-1.242591,9.078813,-0.632069
26-Jan-2025 14:22:43.041,-1.391031,9.31105,-0.37589
26-Jan-2025 14:22:43.058,-1.450886,9.56723,-0.416591
26-Jan-2025 14:22:43.074,-1.508347,9.979033,-0.703895
26-Jan-2025 14:22:43.090,-1.601721,10.304645,-0.871489
26-Jan-2025 14:22:43.106,-1.642422,10.594342,-1.058237
26-Jan-2025 14:22:43.122,-1.862689,10.730812,-0.909797
26-Jan-2025 14:22:43.138,-2.082955,10.666168,-0.893037
26-Jan-2025 14:22:43.154,-2.25055,10.7356,-0.490811
26-Jan-2025 14:22:43.170,-2.27928,10.790668,-0.4956
26-Jan-2025 14:22:43.186,-2.109292,10.941502,-0.574608
26-Jan-2025 14:22:43.202,-1.886631,11.386824,-0.596156
26-Jan-2025 14:22:43.218,-1.541866,11.748347,-0.859518
26-Jan-2025 14:22:43.234,-1.326388,12.143391,-0.952892
26-Jan-2025 14:22:43.250,-1.063026,12.339716,-1.043872
26-Jan-2025 14:22:43.266,-0.715866,12.196063,-0.545878
26-Jan-2025 14:22:43.282,-0.572214,11.640609,-0.325611
26-Jan-2025 14:22:43.298,-0.682347,11.228806,0.04549
26-Jan-2025 14:22:43.314,-0.270545,10.66138,0.251391
26-Jan-2025 14:22:43.330,0.069432,9.722853,0.014365
26-Jan-2025 14:22:43.347,0.122104,8.913613,0.150835
26-Jan-2025 14:22:43.363,0.294487,8.018182,0.428562
26-Jan-2025 14:22:43.379,0.624887,7.117962,1.101333
26-Jan-2025 14:22:43.395,0.78051,6.639122,1.697489
26-Jan-2025 14:22:43.411,0.888249,6.79235,1.491588
26-Jan-2025 14:22:43.427,0.68953,7.927202,0.612916
26-Jan-2025 14:22:43.443,0.727837,9.382876,-0.237026
26-Jan-2025 14:22:43.459,1.25935,10.948685,-0.464475
26-Jan-2025 14:22:43.475,1.005565,12.143391,-0.155623
26-Jan-2025 14:22:43.491,-0.026336,12.196063,0.002394
26-Jan-2025 14:22:43.507,-0.737414,11.262324,-0.402226
26-Jan-2025 14:22:43.523,-0.272939,10.029311,-0.323217
26-Jan-2025 14:22:43.539,-0.316035,9.416395,-0.033519
26-Jan-2025 14:22:43.555,-0.52433,9.397242,-0.258574
26-Jan-2025 14:22:43.571,-0.509965,9.485827,-0.790087
26-Jan-2025 14:22:43.587,-0.215478,9.428367,-0.984017
26-Jan-2025 14:22:43.603,0.143652,9.150639,-0.823605
26-Jan-2025 14:22:43.620,0.387861,8.681376,-0.701501
26-Jan-2025 14:22:43.636,0.411803,8.291121,-0.354342
26-Jan-2025 14:22:43.652,0.40462,8.24563,-0.055067
26-Jan-2025 14:22:43.668,-0.016759,8.47308,-1.070208
26-Jan-2025 14:22:43.684,-0.486023,8.916007,-0.991199
26-Jan-2025 14:22:43.700,-0.452504,9.291897,-0.696713
26-Jan-2025 14:22:43.716,-0.28491,9.667787,-0.682347
26-Jan-2025 14:22:43.732,-0.215478,9.967062,-0.723049
26-Jan-2025 14:22:43.748,-0.177171,10.070012,-0.878672
26-Jan-2025 14:22:43.764,-0.129287,9.935937,-0.804452
26-Jan-2025 14:22:43.780,-0.098162,9.900024,-0.555455
26-Jan-2025 14:22:43.796,-0.004788,9.876082,-0.454898
26-Jan-2025 14:22:43.812,0.114922,10.070012,-0.337582
26-Jan-2025 14:22:43.828,0.081403,10.510546,-0.462081
26-Jan-2025 14:22:43.844,0.09098,11.070788,-0.732626
26-Jan-2025 14:22:43.860,-0.167594,11.597513,-0.926556
26-Jan-2025 14:22:43.876,-0.533907,11.722012,-1.120486
26-Jan-2025 14:22:43.893,-0.304064,11.832145,-0.694318
26-Jan-2025 14:22:43.909,0.09098,12.749125,0.038307
26-Jan-2025 14:22:43.925,-0.339977,12.777855,-1.302446
26-Jan-2025 14:22:43.941,-1.06542,11.643003,-1.345541
26-Jan-2025 14:22:43.957,-1.288081,10.776301,-0.136469
26-Jan-2025 14:22:43.973,-1.592144,10.864887,0.991199
26-Jan-2025 14:22:43.989,-1.877054,11.020511,0.988805
26-Jan-2025 14:22:44.005,-2.047042,10.54167,0.031125
26-Jan-2025 14:22:44.021,-2.298434,9.662998,-0.54109
26-Jan-2025 14:22:44.037,-2.743755,8.78672,-0.088585
26-Jan-2025 14:22:44.053,-2.901772,8.073248,0.981623
26-Jan-2025 14:22:44.069,-2.511518,7.690176,1.472434
26-Jan-2025 14:22:44.085,-1.972822,7.637504,0.916979
26-Jan-2025 14:22:44.101,-1.472434,8.078036,0.158017
26-Jan-2025 14:22:44.117,-1.077391,8.889671,-0.02873
26-Jan-2025 14:22:44.133,-0.940921,9.416395,-0.114922
26-Jan-2025 14:22:44.149,-0.991199,9.531317,-0.186748
26-Jan-2025 14:22:44.165,-1.137246,9.406818,-0.294487
26-Jan-2025 14:22:44.182,-1.120486,9.136273,-0.383072
26-Jan-2025 14:22:44.198,-1.271321,9.062054,-0.445322
26-Jan-2025 14:22:44.214,-1.264138,8.911219,-0.543484
26-Jan-2025 14:22:44.230,-1.11091,8.674192,-0.577003
26-Jan-2025 14:22:44.246,-0.845153,8.415619,-0.423774
26-Jan-2025 14:22:44.262,-0.56982,8.228871,-0.25618
26-Jan-2025 14:22:44.278,-0.395043,8.434772,-0.368707
26-Jan-2025 14:22:44.294,-0.517148,9.01417,-0.739808
26-Jan-2025 14:22:44.310,-0.746991,9.667787,-1.120486
26-Jan-2025 14:22:44.326,-0.873884,10.184934,-1.386243
26-Jan-2025 14:22:44.342,-0.926556,10.488997,-1.37906
26-Jan-2025 14:22:44.358,-0.818817,10.290278,-1.295263
26-Jan-2025 14:22:44.374,-0.531513,9.840169,-1.149217
26-Jan-2025 14:22:44.390,-0.344765,9.564836,-1.015141
26-Jan-2025 14:22:44.406,-0.229843,9.528923,-0.718261
26-Jan-2025 14:22:44.422,-0.1652,9.665392,-0.59855
26-Jan-2025 14:22:44.438,-0.402226,9.888053,-0.766145
26-Jan-2025 14:22:44.454,-0.445322,10.216059,-0.59855
26-Jan-2025 14:22:44.471,-0.148441,10.261548,-0.177171
26-Jan-2025 14:22:44.487,-0.019154,10.16578,0.093374
26-Jan-2025 14:22:44.503,-0.062249,10.359711,-0.184354
26-Jan-2025 14:22:44.519,0.009577,11.130644,-0.342371
26-Jan-2025 14:22:44.535,-0.023942,11.980585,-0.464475
26-Jan-2025 14:22:44.551,0.026336,12.378023,-0.260968
26-Jan-2025 14:22:44.567,0.447716,12.411542,0.124498
26-Jan-2025 14:22:44.583,0.761356,12.076353,-0.071826
26-Jan-2025 14:22:44.599,0.447716,11.705252,-0.466869
26-Jan-2025 14:22:44.615,0.225055,11.449073,0.155623
26-Jan-2025 14:22:44.631,0.237026,10.544065,0.31364
26-Jan-2025 14:22:44.647,0.234632,9.619903,0.217872
26-Jan-2025 14:22:44.663,0.263362,8.951921,0.325611
26-Jan-2025 14:22:44.679,0.952892,8.228871,0.632069
26-Jan-2025 14:22:44.695,1.790863,7.838616,0.785298
26-Jan-2025 14:22:44.711,1.867477,7.963115,0.658405
26-Jan-2025 14:22:44.727,1.326388,8.39886,0.191536
26-Jan-2025 14:22:44.743,0.837971,9.085996,-0.117316
26-Jan-2025 14:22:44.759,0.509965,9.818622,-0.562637
26-Jan-2025 14:22:44.776,0.02873,10.266336,-0.97444
26-Jan-2025 14:22:44.792,-0.09098,10.560823,-0.526724
26-Jan-2025 14:22:44.808,-0.426168,10.85531,-0.320823
26-Jan-2025 14:22:44.824,0.292093,10.127473,-0.80924
26-Jan-2025 14:22:44.840,0.430956,9.684546,-0.969652
26-Jan-2025 14:22:44.856,0.095768,9.593566,-0.888249
26-Jan-2025 14:22:44.872,0.229843,9.457097,-0.986411
26-Jan-2025 14:22:44.888,0.457293,9.227253,-1.072602
26-Jan-2025 14:22:44.904,0.612916,8.937555,-1.13964
26-Jan-2025 14:22:44.920,0.725443,8.523358,-1.189918
26-Jan-2025 14:22:44.936,0.565032,8.415619,-1.086968
26-Jan-2025 14:22:44.952,0.426168,8.710106,-1.209072
26-Jan-2025 14:22:44.968,0.198719,9.244013,-1.599327
26-Jan-2025 14:22:44.984,-0.014365,9.481039,-1.745373
26-Jan-2025 14:22:45.000,-0.009577,9.449914,-1.426944
26-Jan-2025 14:22:45.016,0.217872,9.349358,-1.199495
26-Jan-2025 14:22:45.033,0.397437,9.25359,-1.125275
26-Jan-2025 14:22:45.049,0.411803,9.387665,-0.727837
26-Jan-2025 14:22:45.065,0.411803,9.708488,-0.682347
26-Jan-2025 14:22:45.081,0.371101,10.187328,-0.859518
26-Jan-2025 14:22:45.097,0.21069,10.848128,-1.04866
26-Jan-2025 14:22:45.113,-0.040701,11.346122,-1.180341
26-Jan-2025 14:22:45.129,-0.222661,11.386824,-0.914585
26-Jan-2025 14:22:45.145,-0.148441,11.96622,0.181959
26-Jan-2025 14:22:45.161,-0.102951,12.943054,0.739808
26-Jan-2025 14:22:45.177,-0.387861,12.378023,-1.474828
26-Jan-2025 14:22:45.193,-0.914585,12.138602,-1.201889
26-Jan-2025 14:22:45.209,-1.063026,12.231977,0.371101
26-Jan-2025 14:22:45.225,-1.079785,12.58153,1.240196
26-Jan-2025 14:22:45.241,-1.039083,12.188881,0.696713
26-Jan-2025 14:22:45.257,-1.33357,11.207258,-0.435745
26-Jan-2025 14:22:45.273,-1.520318,10.328587,0.294487
26-Jan-2025 14:22:45.289,-1.405396,9.14585,0.986411
26-Jan-2025 14:22:45.305,-1.25935,8.051701,0.804452
26-Jan-2025 14:22:45.321,-1.37906,7.247249,0.746991
26-Jan-2025 14:22:45.338,-1.762132,6.907272,1.09415
26-Jan-2025 14:22:45.354,-1.841141,6.933608,0.962469
26-Jan-2025 14:22:45.370,-1.721431,7.563283,0.663194
26-Jan-2025 14:22:45.386,-1.659182,8.494628,0.471658
26-Jan-2025 14:22:45.402,-1.462857,9.698911,0.311246
26-Jan-2025 14:22:45.418,-1.182736,10.757148,0.217872
26-Jan-2025 14:22:45.434,-1.276109,10.989386,-0.124498
26-Jan-2025 14:22:45.450,-1.532289,10.409989,-0.387861
26-Jan-2025 14:22:45.466,-1.692701,9.730036,-0.110133
26-Jan-2025 14:22:45.482,-1.647211,9.301474,0.253785
26-Jan-2025 14:22:45.498,-1.290475,8.935161,0.385466
26-Jan-2025 14:22:45.514,-1.00317,8.765172,0.071826
26-Jan-2025 14:22:45.530,-0.787692,8.868123,-0.114922
26-Jan-2025 14:22:45.546,-0.768539,9.102755,-0.196325
26-Jan-2025 14:22:45.562,-0.878672,9.318233,-0.339977
26-Jan-2025 14:22:45.578,-0.998382,9.572019,-0.433351
26-Jan-2025 14:22:45.594,-1.151611,9.545682,-0.474052
26-Jan-2025 14:22:45.611,-1.118092,9.502586,-0.42138
26-Jan-2025 14:22:45.627,-1.043872,9.449914,-0.476446
26-Jan-2025 14:22:45.643,-0.885855,9.452309,-0.411803
26-Jan-2025 14:22:45.659,-0.785298,9.586384,-0.462081
26-Jan-2025 14:22:45.675,-0.70629,9.782708,-0.126893
26-Jan-2025 14:22:45.691,-0.56982,9.888053,0.134075
26-Jan-2025 14:22:45.707,-0.586579,9.854534,-0.026336
26-Jan-2025 14:22:45.723,-0.636858,9.967062,-0.37589
26-Jan-2025 14:22:45.739,-0.746991,10.180145,-0.6608
26-Jan-2025 14:22:45.755,-0.969652,10.393229,-0.265756
26-Jan-2025 14:22:45.771,-0.845153,10.5704,-0.105345
26-Jan-2025 14:22:45.787,-0.486023,10.601525,-0.416591
26-Jan-2025 14:22:45.803,0.232238,10.723629,-0.28491
26-Jan-2025 14:22:45.819,0.469264,10.864887,-0.043096
26-Jan-2025 14:22:45.835,0.416591,10.927136,0.189142
26-Jan-2025 14:22:45.851,0.423774,10.881647,0.684742
26-Jan-2025 14:22:45.867,0.426168,10.577583,0.368707
26-Jan-2025 14:22:45.883,0.452504,10.105926,-0.026336
26-Jan-2025 14:22:45.900,0.399832,10.065224,0.177171
26-Jan-2025 14:22:45.916,0.402226,9.974244,-0.076614
26-Jan-2025 14:22:45.932,0.61531,9.849746,0.225055
26-Jan-2025 14:22:45.948,0.818817,9.986216,0.632069
26-Jan-2025 14:22:45.964,0.806846,10.041282,-0.373495
26-Jan-2025 14:22:45.980,0.761356,10.093954,-0.794875
26-Jan-2025 14:22:45.996,0.639252,10.13705,-0.64404
26-Jan-2025 14:22:46.012,0.158017,10.072407,-0.756568
26-Jan-2025 14:22:46.028,-0.557849,10.122684,-0.684742
26-Jan-2025 14:22:46.044,-0.97444,10.213664,-0.682347
26-Jan-2025 14:22:46.060,-0.936133,10.268731,-0.675165
26-Jan-2025 14:22:46.076,-0.718261,10.242394,-0.392649
26-Jan-2025 14:22:46.092,-0.577003,9.825804,-0.658405
26-Jan-2025 14:22:46.108,-0.538695,9.318233,-0.787692
26-Jan-2025 14:22:46.124,-0.268151,8.971074,-0.684742
26-Jan-2025 14:22:46.140,0,8.702923,-0.543484
26-Jan-2025 14:22:46.156,0.205901,8.525752,-0.162806
26-Jan-2025 14:22:46.173,0.351948,8.578424,-0.043096
26-Jan-2025 14:22:46.189,0.428562,8.848969,-0.440533
26-Jan-2025 14:22:46.204,0.687136,9.212888,-0.64404
26-Jan-2025 14:22:46.221,0.988805,9.715671,-0.548272
26-Jan-2025 14:22:46.237,1.034295,10.371682,-0.632069
26-Jan-2025 14:22:46.253,0.802058,10.884041,-0.902614
26-Jan-2025 14:22:46.269,0.373495,10.745177,-0.895431
26-Jan-2025 14:22:46.285,-0.04549,10.180145,-0.588974
26-Jan-2025 14:22:46.301,-0.457293,9.725247,-0.253785
26-Jan-2025 14:22:46.317,-0.816423,9.497798,-0.3304
26-Jan-2025 14:22:46.333,-0.890643,9.588778,-0.445322
26-Jan-2025 14:22:46.349,-0.739808,10.010158,-0.560243
26-Jan-2025 14:22:46.365,-0.627281,10.67814,-0.488417
26-Jan-2025 14:22:46.381,-0.64404,11.528081,-0.035913
26-Jan-2025 14:22:46.397,-0.842759,11.908759,-0.672771
26-Jan-2025 14:22:46.413,-1.216254,11.212047,-1.161188
26-Jan-2025 14:22:46.429,-1.273715,10.630256,0.009577
26-Jan-2025 14:22:46.445,-1.419762,10.230424,0.663194
26-Jan-2025 14:22:46.462,-1.580173,9.950302,0.481235
26-Jan-2025 14:22:46.478,-1.630451,9.828198,0.502782
26-Jan-2025 14:22:46.494,-1.61848,9.651027,0.85473
26-Jan-2025 14:22:46.510,-1.572991,9.452309,1.345541
26-Jan-2025 14:22:46.526,-1.242591,9.323022,1.338359
26-Jan-2025 14:22:46.542,-1.180341,9.251195,0.586579
26-Jan-2025 14:22:46.558,-1.477222,9.296685,0.126893
26-Jan-2025 14:22:46.574,-1.596933,9.433155,0.531513
26-Jan-2025 14:22:46.590,-1.632846,9.557653,1.06542
26-Jan-2025 14:22:46.606,-1.649605,9.56723,1.120486
26-Jan-2025 14:22:46.622,-1.924938,9.572019,0.912191
26-Jan-2025 14:22:46.638,-2.305616,9.722853,0.636858
26-Jan-2025 14:22:46.654,-2.621651,9.840169,0.316035
26-Jan-2025 14:22:46.670,-2.762909,9.885659,0.392649
26-Jan-2025 14:22:46.686,-2.58095,9.998186,0.828394
26-Jan-2025 14:22:46.701,-2.37026,9.837775,0.768539
26-Jan-2025 14:22:46.718,-2.317587,9.586384,0.469264
26-Jan-2025 14:22:46.735,-2.288857,9.375694,0.486023
26-Jan-2025 14:22:46.751,-2.214637,9.205706,0.634463
26-Jan-2025 14:22:46.767,-2.049437,9.248801,0.720655
26-Jan-2025 14:22:46.783,-1.896208,9.49301,0.543484
26-Jan-2025 14:22:46.799,-2.063802,9.765948,0.055067
26-Jan-2025 14:22:46.815,-2.252944,9.91439,-0.189142
26-Jan-2025 14:22:46.831,-2.329558,9.97185,0.316035
26-Jan-2025 14:22:46.847,-2.087744,9.866506,0.222661
26-Jan-2025 14:22:46.863,-1.877054,9.809045,0.222661
26-Jan-2025 14:22:46.879,-1.685518,9.799467,0.229843
26-Jan-2025 14:22:46.895,-1.479617,9.744401,-0.076614
26-Jan-2025 14:22:46.911,-1.300052,9.689334,-0.237026
26-Jan-2025 14:22:46.927,-1.292869,9.674969,-0.217872
26-Jan-2025 14:22:46.943,-1.170765,9.765948,-0.191536
26-Jan-2025 14:22:46.959,-0.981623,9.931149,-0.062249
26-Jan-2025 14:22:46.975,-0.859518,10.079589,-0.040701
26-Jan-2025 14:22:46.991,-0.634463,10.304645,-0.059855
26-Jan-2025 14:22:47.007,-0.378284,10.551247,-0.306458
26-Jan-2025 14:22:47.024,-0.043096,10.642226,-0.605733
26-Jan-2025 14:22:47.040,0.323217,10.603919,-0.426168
26-Jan-2025 14:22:47.056,0.577003,10.390836,-0.263362
26-Jan-2025 14:22:47.072,0.629675,10.108319,-0.208296
26-Jan-2025 14:22:47.088,0.708684,10.058042,0.227449
26-Jan-2025 14:22:47.104,0.921768,9.773131,0.610521
26-Jan-2025 14:22:47.120,0.131681,9.859323,0.181959
26-Jan-2025 14:22:47.136,-0.641646,10.160992,-0.687136
26-Jan-2025 14:22:47.152,-0.687136,10.240001,-1.005565
26-Jan-2025 14:22:47.168,-0.184354,9.770737,-0.775721
26-Jan-2025 14:22:47.184,0.565032,9.172187,-0.31364
26-Jan-2025 14:22:47.200,1.228225,8.808268,0.107739
26-Jan-2025 14:22:47.216,1.673547,8.50181,-0.100556
26-Jan-2025 14:22:47.232,1.905785,8.528147,-0.785298
26-Jan-2025 14:22:47.248,1.58975,9.414001,-0.761356
26-Jan-2025 14:22:47.264,1.151611,9.878476,-0.979228
26-Jan-2025 14:22:47.280,1.455675,10.70687,-1.053449
26-Jan-2025 14:22:47.296,1.486799,11.128249,-0.94571
26-Jan-2025 14:22:47.313,1.173159,11.010934,-0.708684
26-Jan-2025 14:22:47.329,1.125275,10.259154,-0.648829
26-Jan-2025 14:22:47.345,1.314417,9.595961,-0.536301
26-Jan-2025 14:22:47.361,1.51553,9.354146,-0.572214
26-Jan-2025 14:22:47.377,0.964863,9.923966,-0.483629
26-Jan-2025 14:22:47.393,1.244985,9.138668,-0.363919
26-Jan-2025 14:22:47.409,1.759738,8.836999,-0.392649
26-Jan-2025 14:22:47.425,1.872266,9.018958,-0.715866
26-Jan-2025 14:22:47.441,1.582567,9.296685,-1.067814
26-Jan-2025 14:22:47.457,1.151611,9.528923,-0.861913
26-Jan-2025 14:22:47.473,0.893037,9.485827,-0.457293
26-Jan-2025 14:22:47.489,0.878672,9.442732,-0.438139
26-Jan-2025 14:22:47.505,1.000776,9.667787,-0.639252
26-Jan-2025 14:22:47.521,1.051055,10.04607,-0.720655
26-Jan-2025 14:22:47.537,1.096544,10.261548,-0.555455
26-Jan-2025 14:22:47.553,0.955287,10.187328,-0.277727
26-Jan-2025 14:22:47.569,0.885855,9.962274,-0.23942
26-Jan-2025 14:22:47.586,0.866701,9.895236,-0.538695
26-Jan-2025 14:22:47.602,0.725443,10.201694,-0.814029
26-Jan-2025 14:22:47.618,0.617704,10.790668,-0.725443
26-Jan-2025 14:22:47.634,0.737414,11.370064,-0.802058
26-Jan-2025 14:22:47.650,0.849942,12.208035,-0.579397
26-Jan-2025 14:22:47.666,1.182736,12.938266,0.138864
26-Jan-2025 14:22:47.682,0.251391,14.140155,0.663194
26-Jan-2025 14:22:47.698,-1.098939,14.408306,-0.548272
26-Jan-2025 14:22:47.714,-1.312023,13.661315,-0.830788
26-Jan-2025 14:22:47.730,-1.78368,12.753913,-0.100556
26-Jan-2025 14:22:47.746,-1.932121,11.547235,-0.289698
26-Jan-2025 14:22:47.762,-1.774103,10.462662,-0.651223
26-Jan-2025 14:22:47.778,-1.405396,9.524135,-0.241814
26-Jan-2025 14:22:47.794,-1.163582,8.643068,0.244209
26-Jan-2025 14:22:47.810,-1.290475,7.869741,0.150835
26-Jan-2025 14:22:47.826,-1.223437,7.218518,0.244209
26-Jan-2025 14:22:47.843,-1.046266,6.658275,0.47884
26-Jan-2025 14:22:47.859,-0.919373,6.572083,0.328006
26-Jan-2025 14:22:47.875,-0.969652,7.041347,-0.009577
26-Jan-2025 14:22:47.891,-0.998382,7.843405,-0.433351
26-Jan-2025 14:22:47.907,-1.060631,8.66701,-0.797269
26-Jan-2025 14:22:47.923,-1.132457,9.342175,-1.254562
26-Jan-2025 14:22:47.939,-1.376666,9.624691,-1.434127
26-Jan-2025 14:22:47.955,-1.606509,9.414001,-1.067814
26-Jan-2025 14:22:47.971,-1.596933,8.841787,-0.718261
26-Jan-2025 14:22:47.987,-1.63524,8.508993,-0.320823
26-Jan-2025 14:22:48.003,-1.877054,8.544906,-0.445322
26-Jan-2025 14:22:48.019,-1.719037,8.901642,-1.015141
26-Jan-2025 14:22:48.035,-1.23062,9.205706,-1.335965
26-Jan-2025 14:22:48.051,-0.864307,9.471462,-1.156399
26-Jan-2025 14:22:48.067,-1.00317,9.694122,-0.871489
26-Jan-2025 14:22:48.083,-1.067814,9.811439,-0.92895
26-Jan-2025 14:22:48.099,-1.149217,9.849746,-0.991199
26-Jan-2025 14:22:48.116,-1.156399,9.698911,-1.067814
26-Jan-2025 14:22:48.132,-1.182736,9.318233,-1.022324
26-Jan-2025 14:22:48.148,-1.031901,9.01417,-0.732626
26-Jan-2025 14:22:48.164,-0.782904,8.930372,-0.435745
26-Jan-2025 14:22:48.180,-0.442927,9.270349,-0.184354
26-Jan-2025 14:22:48.196,-0.320823,9.952697,-0.435745
26-Jan-2025 14:22:48.212,-0.514753,11.034876,-0.466869
26-Jan-2025 14:22:48.228,-0.756568,11.678916,-0.476446
26-Jan-2025 14:22:48.244,-0.811634,11.786655,-0.612916
26-Jan-2025 14:22:48.260,-0.754174,11.724405,-0.483629
26-Jan-2025 14:22:48.276,-0.718261,11.57836,-0.179565
26-Jan-2025 14:22:48.292,-0.299275,11.757924,0.146046
26-Jan-2025 14:22:48.308,0.471658,12.203246,0.248997
26-Jan-2025 14:22:48.324,1.225831,12.615048,0.672771
26-Jan-2025 14:22:48.340,1.319205,12.409147,0.438139
26-Jan-2025 14:22:48.356,1.225831,11.549629,-0.229843
26-Jan-2025 14:22:48.372,1.125275,10.170568,-0.368707
26-Jan-2025 14:22:48.389,1.204283,9.018958,-0.155623
26-Jan-2025 14:22:48.405,1.405396,8.147469,0.483629
26-Jan-2025 14:22:48.421,1.855506,7.489063,1.029507
26-Jan-2025 14:22:48.437,2.13084,7.283162,1.623269
26-Jan-2025 14:22:48.453,1.733402,7.651869,0.565032
26-Jan-2025 14:22:48.469,0.737414,8.738836,-0.050278
26-Jan-2025 14:22:48.485,0.117316,9.61272,-0.612916
26-Jan-2025 14:22:48.501,0.02873,10.055647,-0.708684
26-Jan-2025 14:22:48.517,0.220267,10.254366,-0.263362
26-Jan-2025 14:22:48.533,0.476446,10.225636,-0.526724
26-Jan-2025 14:22:48.549,0.80924,9.967062,-0.905008
26-Jan-2025 14:22:48.565,0.94571,9.624691,-0.732626
26-Jan-2025 14:22:48.581,0.608127,9.411607,-0.509965
26-Jan-2025 14:22:48.597,0.306458,9.442732,-0.608127
26-Jan-2025 14:22:48.613,0.462081,9.241618,-0.842759
26-Jan-2025 14:22:48.629,0.6608,9.153033,-0.785298
26-Jan-2025 14:22:48.646,0.679953,9.064447,-0.792481
26-Jan-2025 14:22:48.662,0.641646,9.078813,-0.847547
26-Jan-2025 14:22:48.678,0.622492,9.083601,-0.861913
26-Jan-2025 14:22:48.694,0.727837,9.193734,-0.885855
26-Jan-2025 14:22:48.710,0.852336,9.358934,-1.182736
26-Jan-2025 14:22:48.726,0.909797,9.497798,-0.948104
26-Jan-2025 14:22:48.742,0.955287,9.509769,-0.984017
26-Jan-2025 14:22:48.758,0.787692,9.504981,-0.878672
26-Jan-2025 14:22:48.774,0.782904,9.548077,-0.744597
26-Jan-2025 14:22:48.790,0.919373,9.672575,-0.749385
26-Jan-2025 14:22:48.806,0.895431,10.010158,-0.679953
26-Jan-2025 14:22:48.822,0.739808,10.474632,-0.897826
26-Jan-2025 14:22:48.838,0.529119,10.879252,-1.388637
26-Jan-2025 14:22:48.854,0.407014,11.061212,-1.63524
26-Jan-2025 14:22:48.870,0.486023,11.025299,-1.307234
26-Jan-2025 14:22:48.886,0.677559,11.154586,-0.713472
26-Jan-2025 14:22:48.902,0.799663,12.176909,0.064643
26-Jan-2025 14:22:48.919,0.203507,12.974179,-0.064643
26-Jan-2025 14:22:48.935,-0.354342,12.806585,-0.646434
26-Jan-2025 14:22:48.951,-0.418985,11.992557,-0.452504
26-Jan-2025 14:22:48.967,-0.565032,11.374852,0.110133
26-Jan-2025 14:22:48.983,-0.6608,11.133038,0.663194
26-Jan-2025 14:22:48.999,-0.919373,10.603919,0.361524
26-Jan-2025 14:22:49.015,-0.940921,9.876082,-0.167594
26-Jan-2025 14:22:49.031,-1.022324,8.978256,-0.292093
26-Jan-2025 14:22:49.047,-1.149217,8.176199,0.335188
26-Jan-2025 14:22:49.063,-1.149217,7.603985,1.177947
26-Jan-2025 14:22:49.079,-0.964863,7.5561,1.163582
26-Jan-2025 14:22:49.095,-0.667982,7.934384,0.474052
26-Jan-2025 14:22:49.111,-0.459687,8.63828,-0.059855
26-Jan-2025 14:22:49.127,-0.184354,9.655815,-0.512359
26-Jan-2025 14:22:49.143,-0.328006,10.486604,-0.758962
26-Jan-2025 14:22:49.159,-0.596156,10.627861,-0.725443
26-Jan-2025 14:22:49.175,-0.603339,10.259154,-0.593762
26-Jan-2025 14:22:49.192,-0.608127,9.665392,-0.155623
26-Jan-2025 14:22:49.208,-0.385466,9.210494,-0.272939
26-Jan-2025 14:22:49.224,-0.248997,8.980651,-0.418985
26-Jan-2025 14:22:49.240,0.057461,8.836999,-0.292093
26-Jan-2025 14:22:49.256,0.328006,8.693346,-0.277727
26-Jan-2025 14:22:49.272,0.253785,8.631097,-0.220267
26-Jan-2025 14:22:49.288,-0.086191,8.688558,-0.050278
26-Jan-2025 14:22:49.304,-0.102951,8.971074,-0.047884
26-Jan-2025 14:22:49.320,-0.227449,9.337387,-0.248997
26-Jan-2025 14:22:49.336,-0.445322,9.682152,-0.708684
26-Jan-2025 14:22:49.352,-0.605733,9.976639,-0.943315
26-Jan-2025 14:22:49.368,-0.593762,10.036493,-0.818817
26-Jan-2025 14:22:49.384,-0.636858,9.694122,-0.493206
26-Jan-2025 14:22:49.400,-0.342371,9.246407,-0.050278
26-Jan-2025 14:22:49.416,-0.100556,8.949526,0.543484
26-Jan-2025 14:22:49.432,-0.052672,9.143456,0.775721
26-Jan-2025 14:22:49.448,0.181959,9.648633,0.469264
26-Jan-2025 14:22:49.465,0.158017,10.33098,0.308852
26-Jan-2025 14:22:49.481,0.270545,10.848128,-0.064643
26-Jan-2025 14:22:49.497,0.23942,11.489774,0.268151
26-Jan-2025 14:22:49.513,0.553061,12.753913,0.950498
26-Jan-2025 14:22:49.529,0.749385,13.654132,0.720655
26-Jan-2025 14:22:49.545,0.703895,13.678074,0.521936
26-Jan-2025 14:22:49.561,0.45011,12.76349,0.292093
26-Jan-2025 14:22:49.577,0.509965,11.429919,0.505177
26-Jan-2025 14:22:49.593,0.814029,10.208876,0.56982
26-Jan-2025 14:22:49.609,0.92895,9.088389,0.184354
26-Jan-2025 14:22:49.625,1.070208,8.066066,0.167594
26-Jan-2025 14:22:49.641,1.620875,7.369353,0.852336
26-Jan-2025 14:22:49.657,2.082955,7.125144,1.264138
26-Jan-2025 14:22:49.673,2.229002,7.067683,1.036689
26-Jan-2025 14:22:49.689,1.774103,7.637504,0.871489
26-Jan-2025 14:22:49.705,0.782904,8.887277,0.634463
26-Jan-2025 14:22:49.721,-0.258574,10.644621,0.272939
26-Jan-2025 14:22:49.737,-0.64404,12.241553,0.086191
26-Jan-2025 14:22:49.754,-0.3304,12.389994,-0.423774
26-Jan-2025 14:22:49.770,0.574608,11.250354,-1.086968
26-Jan-2025 14:22:49.786,1.23062,9.911995,-1.209072
26-Jan-2025 14:22:49.802,1.742979,9.366117,-0.859518
26-Jan-2025 14:22:49.818,1.61848,9.301474,-0.632069
26-Jan-2025 14:22:49.834,1.132457,9.267955,-0.550666
26-Jan-2025 14:22:49.850,0.830788,9.148245,-0.610521
26-Jan-2025 14:22:49.866,0.672771,8.975863,-0.612916
26-Jan-2025 14:22:49.882,0.6608,8.810662,-0.545878
26-Jan-2025 14:22:49.898,0.746991,8.552089,-0.612916
26-Jan-2025 14:22:49.914,0.948104,8.549694,-0.634463
26-Jan-2025 14:22:49.930,1.098939,8.887277,-0.593762
26-Jan-2025 14:22:49.946,0.962469,9.275137,-0.452504
26-Jan-2025 14:22:49.962,0.806846,9.600749,-0.952892
26-Jan-2025 14:22:49.978,0.852336,9.358934,-1.218649
26-Jan-2025 14:22:49.994,0.835576,9.188946,-0.897826
26-Jan-2025 14:22:50.010,0.802058,9.19134,-0.347159
26-Jan-2025 14:22:50.026,0.847547,9.363723,0.134075
26-Jan-2025 14:22:50.043,0.730232,9.92636,-0.026336
26-Jan-2025 14:22:50.059,0.560243,10.7356,-0.675165
26-Jan-2025 14:22:50.075,0.395043,11.463438,-1.563414
26-Jan-2025 14:22:50.091,0.253785,11.951855,-0.641646
26-Jan-2025 14:22:50.107,0.371101,12.988544,0.799663
26-Jan-2025 14:22:50.123,-0.169988,13.560759,0.366313
26-Jan-2025 14:22:50.139,-1.343147,13.132196,-0.600945
26-Jan-2025 14:22:50.155,-1.793257,12.425907,-0.486023
26-Jan-2025 14:22:50.171,-1.640028,12.042834,0.512359
26-Jan-2025 14:22:50.187,-1.769315,11.60709,1.266533
26-Jan-2025 14:22:50.203,-1.87466,10.948685,0.962469
26-Jan-2025 14:22:50.219,-1.838747,10.117896,0.064643
26-Jan-2025 14:22:50.235,-1.841141,9.255983,-0.1652
26-Jan-2025 14:22:50.251,-1.944092,8.336611,0.486023
26-Jan-2025 14:22:50.267,-1.908179,7.601591,1.582567
26-Jan-2025 14:22:50.283,-1.673547,7.19697,2.13084
26-Jan-2025 14:22:50.299,-1.347936,7.350199,1.819593
26-Jan-2025 14:22:50.315,-1.022324,8.018182,1.053449
26-Jan-2025 14:22:50.331,-0.940921,9.064447,0.181959
26-Jan-2025 14:22:50.348,-1.549049,10.359711,-0.596156
26-Jan-2025 14:22:50.364,-2.439692,10.94629,-0.723049
26-Jan-2025 14:22:50.380,-2.011129,10.675745,-0.217872
26-Jan-2025 14:22:50.396,-1.149217,9.787497,0.380678
26-Jan-2025 14:22:50.412,-0.565032,9.107543,0.335188
26-Jan-2025 14:22:50.428,-0.42138,8.731653,0.011971
26-Jan-2025 14:22:50.444,-0.85473,8.810662,-0.222661
26-Jan-2025 14:22:50.460,-0.921768,8.90643,-0.102951
26-Jan-2025 14:22:50.476,-0.754174,8.911219,0.071826
26-Jan-2025 14:22:50.492,-0.653617,9.102755,0.081403
26-Jan-2025 14:22:50.508,-0.639252,9.421184,-0.050278
26-Jan-2025 14:22:50.524,-0.620098,9.847352,-0.407014
26-Jan-2025 14:22:50.540,-0.641646,10.263943,-0.775721
26-Jan-2025 14:22:50.556,-0.557849,10.479421,-1.04866
26-Jan-2025 14:22:50.572,-0.543484,10.249578,-1.007959
26-Jan-2025 14:22:50.588,-0.440533,9.737218,-0.687136
26-Jan-2025 14:22:50.604,-0.383072,9.174581,-0.380678
26-Jan-2025 14:22:50.620,-0.280122,8.916007,0.055067
26-Jan-2025 14:22:50.637,-0.385466,9.220071,0.335188
26-Jan-2025 14:22:50.653,-0.234632,9.555259,0.260968
26-Jan-2025 14:22:50.669,-0.433351,10.27352,0.258574
26-Jan-2025 14:22:50.684,-0.732626,11.123461,0.368707
26-Jan-2025 14:22:50.701,-0.371101,12.136209,-0.086191
26-Jan-2025 14:22:50.717,0.203507,13.079524,-1.09415
26-Jan-2025 14:22:50.733,-0.138864,12.887988,-1.283292
26-Jan-2025 14:22:50.749,-0.095768,12.212823,0.011971
26-Jan-2025 14:22:50.765,0.371101,11.604695,0.92895
26-Jan-2025 14:22:50.781,0.639252,11.063606,0.914585
26-Jan-2025 14:22:50.797,0.677559,10.340557,0.258574
26-Jan-2025 14:22:50.813,0.972046,9.406818,-0.275333
26-Jan-2025 14:22:50.829,1.084573,8.633492,-0.277727
26-Jan-2025 14:22:50.845,0.799663,8.061277,0.100556
26-Jan-2025 14:22:50.861,1.084573,7.517793,0.907402
26-Jan-2025 14:22:50.877,1.35033,7.405266,1.154005
26-Jan-2025 14:22:50.894,1.067814,7.881712,0.723049
26-Jan-2025 14:22:50.910,0.653617,8.899248,0.225055
26-Jan-2025 14:22:50.926,0.387861,9.957485,-0.73502
26-Jan-2025 14:22:50.942,-0.426168,11.142614,-0.629675
26-Jan-2025 14:22:50.958,-0.837971,11.645397,-0.517148
26-Jan-2025 14:22:50.974,-0.488417,11.269507,-0.869095
26-Jan-2025 14:22:50.990,-0.454898,10.424355,-1.118092
26-Jan-2025 14:22:51.006,-0.081403,9.785102,-1.06542
26-Jan-2025 14:22:51.022,0.31364,9.524135,-1.077391
26-Jan-2025 14:22:51.038,0.47884,9.476251,-1.11091
26-Jan-2025 14:22:51.054,0.452504,9.459491,-1.084573
26-Jan-2025 14:22:51.070,0.509965,9.366117,-0.713472
26-Jan-2025 14:22:51.086,0.553061,8.844181,-0.471658
26-Jan-2025 14:22:51.102,0.533907,8.504205,-0.512359
26-Jan-2025 14:22:51.118,0.426168,8.394072,-0.656011
26-Jan-2025 14:22:51.134,0.198719,8.880095,-0.916979
26-Jan-2025 14:22:51.150,-0.035913,9.41879,-1.582567
26-Jan-2025 14:22:51.166,-0.081403,9.68694,-1.805228
26-Jan-2025 14:22:51.182,-0.009577,9.595961,-1.690306
26-Jan-2025 14:22:51.199,0.081403,9.351752,-0.885855
26-Jan-2025 14:22:51.215,0.21069,9.569624,-0.416591
26-Jan-2025 14:22:51.231,0.222661,9.485827,-0.588974
26-Jan-2025 14:22:51.247,0.469264,9.636662,-0.823605
26-Jan-2025 14:22:51.263,0.699107,10.010158,-1.120486
26-Jan-2025 14:22:51.279,0.684742,10.754754,-1.137246
26-Jan-2025 14:22:51.295,0.342371,11.358093,-1.218649
26-Jan-2025 14:22:51.311,0.02873,11.420342,-1.632846
26-Jan-2025 14:22:51.326,0.102951,11.159374,-1.826776
26-Jan-2025 14:22:51.343,0.181959,11.097125,-1.115698
26-Jan-2025 14:22:51.359,0.409408,11.959038,-0.026336
26-Jan-2025 14:22:51.375,0.378284,12.382812,-0.742203
26-Jan-2025 14:22:51.391,-0.4956,12.411542,-1.429338
26-Jan-2025 14:22:51.407,-1.132457,12.471396,-0.701501
26-Jan-2025 14:22:51.423,-1.762132,12.026075,-0.155623
26-Jan-2025 14:22:51.439,-2.32477,11.171345,0.112527
26-Jan-2025 14:22:51.455,-2.257732,10.189722,0.050278
26-Jan-2025 14:22:51.471,-2.001553,9.346964,-0.306458
26-Jan-2025 14:22:51.487,-2.195483,8.63828,-0.339977
26-Jan-2025 14:22:51.503,-2.420538,7.999028,0.457293
26-Jan-2025 14:22:51.520,-2.267309,7.764396,1.419762
26-Jan-2025 14:22:51.536,-1.939303,7.912837,1.266533
26-Jan-2025 14:22:51.552,-1.661576,8.475474,0.505177
26-Jan-2025 14:22:51.568,-1.443704,9.143456,0.02873
26-Jan-2025 14:22:51.584,-1.007959,9.634268,-0.016759
26-Jan-2025 14:22:51.600,-0.488417,9.979033,0.093374
26-Jan-2025 14:22:51.616,-0.627281,9.844957,0.146046
26-Jan-2025 14:22:51.632,-0.301669,9.457097,0.112527
26-Jan-2025 14:22:51.647,-0.742203,9.710882,-0.371101
26-Jan-2025 14:22:51.664,-1.242591,9.196129,-1.051055
26-Jan-2025 14:22:51.680,-1.345541,8.985439,-1.029507
26-Jan-2025 14:22:51.696,-1.247379,8.561666,-0.526724
26-Jan-2025 14:22:51.712,-1.165976,8.236053,-0.086191
26-Jan-2025 14:22:51.728,-1.376666,8.094796,0.545878
26-Jan-2025 14:22:51.744,-1.268927,8.092402,0.438139
26-Jan-2025 14:22:51.760,-0.758962,8.437167,-0.31364
26-Jan-2025 14:22:51.776,-0.921768,9.519346,-0.694318
26-Jan-2025 14:22:51.792,-1.058237,10.910378,-0.924162
26-Jan-2025 14:22:51.809,-1.211466,11.906365,-1.742979
26-Jan-2025 14:22:51.825,-1.51553,11.872847,-1.702277
26-Jan-2025 14:22:51.841,-1.206678,10.94629,-0.632069
26-Jan-2025 14:22:51.857,-0.620098,9.962274,-0.282516
26-Jan-2025 14:22:51.873,-0.306458,9.334992,-0.509965
26-Jan-2025 14:22:51.889,-0.287304,9.203311,-0.363919
26-Jan-2025 14:22:51.905,-0.227449,9.751583,-0.09098
26-Jan-2025 14:22:51.921,-0.339977,10.747571,-0.373495
26-Jan-2025 14:22:51.937,-0.703895,11.980585,-0.842759
26-Jan-2025 14:22:51.953,-1.010353,12.706028,-0.893037
26-Jan-2025 14:22:51.969,-0.916979,12.574347,-0.277727
26-Jan-2025 14:22:51.985,-0.198719,11.73877,-0.466869
26-Jan-2025 14:22:52.001,0.277727,10.783484,-0.205901
26-Jan-2025 14:22:52.017,0.833182,10.170568,0.466869
26-Jan-2025 14:22:52.033,1.244985,9.967062,1.012747
26-Jan-2025 14:22:52.049,1.072602,9.835381,0.986411
26-Jan-2025 14:22:52.065,1.031901,9.279925,0.469264
26-Jan-2025 14:22:52.081,1.074997,8.645462,0.373495
26-Jan-2025 14:22:52.098,1.288081,8.248025,0.742203
26-Jan-2025 14:22:52.114,1.625663,8.286332,1.007959
26-Jan-2025 14:22:52.130,1.465251,8.90643,0.730232
26-Jan-2025 14:22:52.146,0.682347,9.78989,0.292093
26-Jan-2025 14:22:52.162,0.208296,10.577583,0.086191
26-Jan-2025 14:22:52.178,0.110133,11.056423,-0.282516
26-Jan-2025 14:22:52.194,-0.272939,10.845734,-0.878672
26-Jan-2025 14:22:52.210,-0.797269,10.34774,-0.703895
26-Jan-2025 14:22:52.226,-0.56982,9.763555,-0.538695
26-Jan-2025 14:22:52.242,-0.572214,9.138668,-0.68953
26-Jan-2025 14:22:52.258,-0.162806,8.951921,-0.857124
26-Jan-2025 14:22:52.274,0.043096,8.916007,-0.981623
26-Jan-2025 14:22:52.290,0.270545,9.052477,-1.132457
26-Jan-2025 14:22:52.306,0.325611,9.217676,-1.142034
26-Jan-2025 14:22:52.322,0.25618,9.260772,-0.897826
26-Jan-2025 14:22:52.338,0.09098,9.299079,-0.811634
26-Jan-2025 14:22:52.354,-0.088585,9.342175,-0.864307
26-Jan-2025 14:22:52.370,-0.234632,9.255983,-1.04866
26-Jan-2025 14:22:52.386,-0.208296,9.155427,-1.115698
26-Jan-2025 14:22:52.403,-0.253785,9.325416,-1.041478
26-Jan-2025 14:22:52.419,-0.227449,9.442732,-0.792481
26-Jan-2025 14:22:52.435,0.167594,9.119514,-0.488417
26-Jan-2025 14:22:52.451,0.555455,9.050082,-0.390255
26-Jan-2025 14:22:52.467,0.4956,9.32781,-0.47884
26-Jan-2025 14:22:52.483,0.320823,9.794679,-0.699107
26-Jan-2025 14:22:52.499,0.131681,10.333375,-0.768539
26-Jan-2025 14:22:52.515,-0.035913,10.857705,-0.742203
26-Jan-2025 14:22:52.531,-0.201113,11.353305,-0.885855
26-Jan-2025 14:22:52.547,0.016759,11.678916,-1.060631
26-Jan-2025 14:22:52.563,0.095768,11.882423,-1.434127
26-Jan-2025 14:22:52.579,-0.014365,11.808203,-1.072602
26-Jan-2025 14:22:52.595,-0.057461,12.140997,-0.248997
26-Jan-2025 14:22:52.611,0.021548,12.471396,-0.203507
26-Jan-2025 14:22:52.627,-0.086191,12.026075,-0.502782
26-Jan-2025 14:22:52.643,-0.208296,11.671733,-0.076614
26-Jan-2025 14:22:52.659,-0.897826,11.480197,0.275333
26-Jan-2025 14:22:52.675,-1.731008,11.310209,0.778116
26-Jan-2025 14:22:52.692,-2.454057,11.140221,0.6608
26-Jan-2025 14:22:52.708,-2.6839,10.54167,0.100556
26-Jan-2025 14:22:52.724,-2.688689,9.390059,-0.055067
26-Jan-2025 14:22:52.740,-2.681506,8.439561,0.600945
26-Jan-2025 14:22:52.756,-2.456451,7.841011,1.70946
26-Jan-2025 14:22:52.772,-1.793257,7.644686,1.80044
26-Jan-2025 14:22:52.788,-1.137246,7.900866,1.130063
26-Jan-2025 14:22:52.804,-0.715866,8.588001,0.462081
26-Jan-2025 14:22:52.820,-0.289698,9.411607,-0.184354
26-Jan-2025 14:22:52.836,-0.414197,9.919178,-0.555455
26-Jan-2025 14:22:52.852,-0.651223,9.888053,-0.514753
26-Jan-2025 14:22:52.868,-0.797269,9.473856,-0.469264
26-Jan-2025 14:22:52.884,-0.897826,8.978256,-0.397437
26-Jan-2025 14:22:52.900,-0.85473,8.63828,-0.363919
26-Jan-2025 14:22:52.916,-0.715866,8.401254,-0.25618
26-Jan-2025 14:22:52.932,-0.497994,8.35337,-0.21069
26-Jan-2025 14:22:52.948,-0.311246,8.477868,-0.186748
26-Jan-2025 14:22:52.964,-0.383072,8.631097,-0.105345
26-Jan-2025 14:22:52.981,-0.497994,8.695741,-0.093374
26-Jan-2025 14:22:52.997,-0.545878,8.896853,-0.260968
26-Jan-2025 14:22:53.013,-0.610521,9.308656,-0.727837
26-Jan-2025 14:22:53.029,-0.73502,9.976639,-1.151611
26-Jan-2025 14:22:53.045,-0.912191,10.42196,-1.465251
26-Jan-2025 14:22:53.061,-1.067814,10.424355,-1.436521
26-Jan-2025 14:22:53.077,-0.92895,10.247183,-1.070208
26-Jan-2025 14:22:53.093,-0.754174,9.864111,-0.457293
26-Jan-2025 14:22:53.109,-0.407014,9.303867,0.09098
26-Jan-2025 14:22:53.125,-0.246603,8.954314,0.572214
26-Jan-2025 14:22:53.141,-0.205901,9.222465,0.509965
26-Jan-2025 14:22:53.157,-0.225055,10.038888,0.366313
26-Jan-2025 14:22:53.173,-0.088585,11.2312,0.033519
26-Jan-2025 14:22:53.189,-0.28491,12.265495,-0.507571
26-Jan-2025 14:22:53.205,-0.311246,12.928689,-0.622492
26-Jan-2025 14:22:53.221,-0.1652,13.251906,0.117316
26-Jan-2025 14:22:53.237,0.3304,12.789825,0.835576
26-Jan-2025 14:22:53.253,1.01993,12.076353,1.460463
26-Jan-2025 14:22:53.269,1.386243,11.362882,1.446098
26-Jan-2025 14:22:53.286,1.508347,10.776301,1.103727
26-Jan-2025 14:22:53.302,1.403002,9.940725,0.603339
26-Jan-2025 14:22:53.318,1.285686,9.083601,0.426168
26-Jan-2025 14:22:53.334,1.175553,8.264784,0.849942
26-Jan-2025 14:22:53.350,1.61848,7.496245,1.45328
26-Jan-2025 14:22:53.366,1.999158,7.060501,1.374272
26-Jan-2025 14:22:53.382,1.941698,7.422025,1.295263
26-Jan-2025 14:22:53.398,1.577779,8.499416,1.015141
26-Jan-2025 14:22:53.414,1.18513,9.933543,0.308852
26-Jan-2025 14:22:53.430,0.318429,10.929531,-0.062249
26-Jan-2025 14:22:53.446,-0.459687,11.063606,-0.275333
26-Jan-2025 14:22:53.462,-0.356736,10.611102,-0.351948
26-Jan-2025 14:22:53.478,0.088585,10.086772,-0.45011
26-Jan-2025 14:22:53.494,0.37589,9.811439,-0.497994
26-Jan-2025 14:22:53.510,0.529119,9.639056,-0.70629
26-Jan-2025 14:22:53.526,0.703895,9.543288,-0.828394
26-Jan-2025 14:22:53.542,0.948104,9.605537,-0.703895
26-Jan-2025 14:22:53.558,1.060631,9.540894,-0.691924
26-Jan-2025 14:22:53.575,0.967257,9.248801,-0.893037
26-Jan-2025 14:22:53.591,0.775721,8.760384,-1.101333
26-Jan-2025 14:22:53.607,0.560243,8.470686,-1.268927
26-Jan-2025 14:22:53.623,0.25618,8.394072,-1.496376
26-Jan-2025 14:22:53.639,-0.011971,8.511387,-1.127669
26-Jan-2025 14:22:53.655,0.191536,8.611943,-0.85473
26-Jan-2025 14:22:53.671,0.347159,8.554482,-0.888249
26-Jan-2025 14:22:53.687,0.454898,8.669404,-0.653617
26-Jan-2025 14:22:53.703,0.648829,9.32781,-0.294487
26-Jan-2025 14:22:53.719,0.646434,10.081984,-0.347159
26-Jan-2025 14:22:53.735,0.916979,10.670957,-0.35913
26-Jan-2025 14:22:53.751,1.18513,11.125855,-0.430956
26-Jan-2025 14:22:53.767,1.072602,11.568783,-0.629675
26-Jan-2025 14:22:53.783,0.620098,11.954249,-0.830788
26-Jan-2025 14:22:53.799,0.158017,12.121843,-0.761356
26-Jan-2025 14:22:53.815,-0.275333,12.191275,-0.399832
26-Jan-2025 14:22:53.831,-0.428562,13.194446,0.804452
26-Jan-2025 14:22:53.847,-0.785298,13.733141,0.366313
26-Jan-2025 14:22:53.863,-0.718261,13.687651,-0.579397
26-Jan-2025 14:22:53.880,-0.641646,13.125013,-0.167594
26-Jan-2025 14:22:53.896,-0.950498,11.827356,0.646434
26-Jan-2025 14:22:53.912,-1.06542,10.723629,1.704672
26-Jan-2025 14:22:53.928,-1.163582,9.866506,1.572991
26-Jan-2025 14:22:53.944,-1.09415,8.860941,0.318429
26-Jan-2025 14:22:53.960,-0.97444,8.099585,-0.253785
26-Jan-2025 14:22:53.976,-0.94571,7.627927,0.488417
26-Jan-2025 14:22:53.992,-0.976834,7.235278,1.326388
26-Jan-2025 14:22:54.008,-0.821211,7.086837,1.374272
26-Jan-2025 14:22:54.024,-0.493206,7.438785,0.914585
26-Jan-2025 14:22:54.040,-0.160412,8.255207,0.287304
26-Jan-2025 14:22:54.056,0.229843,9.23683,-0.246603
26-Jan-2025 14:22:54.072,0.474052,10.204087,-0.368707
26-Jan-2025 14:22:54.088,0.562637,10.575189,-0.047884
26-Jan-2025 14:22:54.104,0.390255,10.393229,-0.004788
26-Jan-2025 14:22:54.120,0.179565,10.120291,-0.23942
26-Jan-2025 14:22:54.136,-0.107739,9.794679,-0.325611
26-Jan-2025 14:22:54.152,-0.225055,9.562442,-0.383072
26-Jan-2025 14:22:54.168,-0.502782,9.471462,-0.253785
26-Jan-2025 14:22:54.185,-0.572214,9.346964,-0.105345
26-Jan-2025 14:22:54.201,-0.438139,9.114726,-0.565032
26-Jan-2025 14:22:54.217,-0.071826,9.040505,-0.881066
26-Jan-2025 14:22:54.233,0.347159,9.114726,-0.778116
26-Jan-2025 14:22:54.249,0.593762,9.198523,-0.701501
26-Jan-2025 14:22:54.265,0.574608,9.239224,-0.703895
26-Jan-2025 14:22:54.281,0.368707,9.330204,-0.440533
26-Jan-2025 14:22:54.297,0.011971,9.31105,-0.356736
26-Jan-2025 14:22:54.313,-0.138864,9.16261,-0.490811
26-Jan-2025 14:22:54.329,-0.088585,8.916007,-0.52433
26-Jan-2025 14:22:54.345,0.09098,8.767567,-0.390255
26-Jan-2025 14:22:54.361,0.201113,8.963891,-0.134075
26-Jan-2025 14:22:54.377,0.251391,9.437943,0.067038
26-Jan-2025 14:22:54.393,0.363919,10.031705,0.064643
26-Jan-2025 14:22:54.409,0.344765,10.623073,-0.071826
26-Jan-2025 14:22:54.425,0.222661,11.097125,-0.373495
26-Jan-2025 14:22:54.441,-0.320823,11.286267,-0.423774
26-Jan-2025 14:22:54.457,-0.864307,11.238382,-0.296881
26-Jan-2025 14:22:54.473,-1.084573,11.195287,-0.366313
26-Jan-2025 14:22:54.489,-1.012747,11.439496,-0.452504
26-Jan-2025 14:22:54.506,-0.773327,11.820174,-0.349553
26-Jan-2025 14:22:54.522,-0.390255,11.858481,-0.466869
26-Jan-2025 14:22:54.538,-0.052672,11.853693,-0.440533
26-Jan-2025 14:22:54.554,0.241814,11.537658,-0.28491
26-Jan-2025 14:22:54.570,0.617704,10.759542,-0.009577
26-Jan-2025 14:22:54.586,1.115698,9.758766,0.588974
26-Jan-2025 14:22:54.602,1.541866,8.781932,0.919373
26-Jan-2025 14:22:54.618,1.742979,8.269572,0.995988
26-Jan-2025 14:22:54.634,1.742979,8.207323,1.149217
26-Jan-2025 14:22:54.650,1.869871,8.413225,1.240196
26-Jan-2025 14:22:54.666,1.92015,9.01417,1.326388
26-Jan-2025 14:22:54.682,1.606509,10.048465,1.335965
26-Jan-2025 14:22:54.698,0.749385,11.135432,0.933739
26-Jan-2025 14:22:54.714,-0.581791,11.623849,0.177171
26-Jan-2025 14:22:54.730,-1.18513,11.061212,-0.426168
26-Jan-2025 14:22:54.746,-0.531513,9.878476,-0.466869
26-Jan-2025 14:22:54.762,0.378284,8.995016,-0.004788
26-Jan-2025 14:22:54.778,0.897826,8.39886,0.320823
26-Jan-2025 14:22:54.795,1.233014,8.271967,0.002394
26-Jan-2025 14:22:54.811,1.513135,8.149862,0.459687
26-Jan-2025 14:22:54.827,1.601721,8.058883,0.785298
26-Jan-2025 14:22:54.843,1.690306,8.274361,0.481235
26-Jan-2025 14:22:54.859,1.774103,9.31105,0.538695
26-Jan-2025 14:22:54.875,1.204283,10.378864,0.086191
26-Jan-2025 14:22:54.891,0.768539,11.449073,-0.684742
26-Jan-2025 14:22:54.907,0.59855,12.145785,-0.888249
26-Jan-2025 14:22:54.923,0.837971,11.71004,-0.811634
26-Jan-2025 14:22:54.939,1.216254,10.737994,-0.409408
26-Jan-2025 14:22:54.955,1.285686,10.024523,0.064643
26-Jan-2025 14:22:54.971,1.199495,9.792285,0.213084
26-Jan-2025 14:22:54.987,0.919373,9.866506,0.062249
26-Jan-2025 14:22:55.003,0.68953,10.086772,-0.11971
26-Jan-2025 14:22:55.019,0.653617,10.340557,-0.270545
26-Jan-2025 14:22:55.035,0.641646,10.520123,0.11971
26-Jan-2025 14:22:55.051,0.916979,10.388441,-0.311246
26-Jan-2025 14:22:55.068,0.500388,10.149021,0.081403
26-Jan-2025 14:22:55.084,-0.258574,10.46745,1.412579
26-Jan-2025 14:22:55.100,-0.703895,11.473015,2.451663
26-Jan-2025 14:22:55.116,-1.158794,11.360487,0.4956
26-Jan-2025 14:22:55.132,-1.074997,10.196905,-0.663194
26-Jan-2025 14:22:55.148,-0.234632,8.836999,-0.019154
26-Jan-2025 14:22:55.164,0.531513,7.85777,1.747767
26-Jan-2025 14:22:55.180,0.816423,7.908048,2.892196
26-Jan-2025 14:22:55.196,0.993594,9.047688,2.178724
26-Jan-2025 14:22:55.212,1.280898,10.666168,0.553061
26-Jan-2025 14:22:55.228,1.163582,11.743559,-0.476446
26-Jan-2025 14:22:55.244,0.988805,11.848905,-0.134075
26-Jan-2025 14:22:55.260,0.960075,10.951078,1.00317
26-Jan-2025 14:22:55.276,0.732626,9.811439,1.374272
26-Jan-2025 14:22:55.292,0.301669,9.097966,1.063026
26-Jan-2025 14:22:55.308,-0.088585,8.796297,0.600945
26-Jan-2025 14:22:55.324,-0.270545,8.75799,-0.004788
26-Jan-2025 14:22:55.340,-0.100556,8.810662,-0.320823
26-Jan-2025 14:22:55.357,-0.016759,8.736442,-0.339977
26-Jan-2025 14:22:55.373,-0.026336,8.707711,0.124498
26-Jan-2025 14:22:55.389,-0.112527,8.724471,0.296881
26-Jan-2025 14:22:55.405,-0.241814,8.748413,0.153229
26-Jan-2025 14:22:55.421,-0.263362,8.731653,0.112527
26-Jan-2025 14:22:55.437,-0.323217,8.846576,0.081403
26-Jan-2025 14:22:55.453,-0.40462,9.093178,0.189142
26-Jan-2025 14:22:55.469,-0.562637,9.423578,0.306458
26-Jan-2025 14:22:55.485,-0.603339,9.856929,0.54109
26-Jan-2025 14:22:55.501,-0.826,10.228029,0.699107
26-Jan-2025 14:22:55.517,-1.039083,10.534488,0.634463
26-Jan-2025 14:22:55.533,-1.13964,10.900801,0.395043
26-Jan-2025 14:22:55.549,-1.192312,11.085154,-0.215478
26-Jan-2025 14:22:55.565,-1.070208,11.020511,-0.679953
26-Jan-2025 14:22:55.581,-0.617704,10.907983,-0.244209
26-Jan-2025 14:22:55.597,0.143652,10.984597,0.667982
26-Jan-2025 14:22:55.613,0.940921,10.931925,0.888249
26-Jan-2025 14:22:55.629,1.762132,10.728417,0.677559
26-Jan-2025 14:22:55.645,2.777274,11.010934,1.386243
26-Jan-2025 14:22:55.662,3.421314,11.59033,1.795651
26-Jan-2025 14:22:55.678,2.530671,12.095507,1.031901
26-Jan-2025 14:22:55.694,1.082179,12.11466,0.102951
26-Jan-2025 14:22:55.710,0.890643,11.145009,-0.387861
26-Jan-2025 14:22:55.726,1.09415,10.060435,0.062249
26-Jan-2025 14:22:55.742,1.144428,9.160215,0.620098
26-Jan-2025 14:22:55.758,1.266533,8.602366,0.902614
26-Jan-2025 14:22:55.774,1.443704,8.396465,0.462081
26-Jan-2025 14:22:55.790,1.300052,8.602366,-0.28491
26-Jan-2025 14:22:55.806,0.711078,9.078813,-0.629675
26-Jan-2025 14:22:55.822,0.086191,9.409213,-0.711078
26-Jan-2025 14:22:55.838,-0.143652,9.358934,-0.287304
26-Jan-2025 14:22:55.854,0.1652,8.892065,0.064643
26-Jan-2025 14:22:55.870,0.452504,8.334216,0.016759
26-Jan-2025 14:22:55.886,0.483629,8.2169,-0.181959
26-Jan-2025 14:22:55.902,0.19393,8.475474,-0.296881
26-Jan-2025 14:22:55.918,-0.129287,8.935161,-0.270545
26-Jan-2025 14:22:55.935,-0.517148,9.423578,-0.442927
26-Jan-2025 14:22:55.951,-0.842759,10.029311,-0.416591
26-Jan-2025 14:22:55.967,-0.921768,10.168175,-0.857124
26-Jan-2025 14:22:55.983,-0.732626,10.022128,-0.938527
26-Jan-2025 14:22:55.999,-0.385466,9.782708,-0.591368
26-Jan-2025 14:22:56.015,-0.320823,9.593566,-0.457293
26-Jan-2025 14:22:56.031,-0.476446,9.667787,-0.418985
26-Jan-2025 14:22:56.047,-0.610521,9.892841,-0.28491
26-Jan-2025 14:22:56.063,-0.593762,10.139444,-0.253785
26-Jan-2025 14:22:56.079,-0.395043,10.311827,-0.289698
26-Jan-2025 14:22:56.095,-0.258574,10.445902,-0.390255
26-Jan-2025 14:22:56.111,-0.332794,10.589554,-0.476446
26-Jan-2025 14:22:56.127,-0.567426,10.5704,-0.586579
26-Jan-2025 14:22:56.143,-0.600945,10.462662,-0.756568
26-Jan-2025 14:22:56.159,-0.624887,10.338163,-0.869095
26-Jan-2025 14:22:56.175,-0.653617,10.34774,-0.802058
26-Jan-2025 14:22:56.191,-0.749385,10.831368,-0.162806
26-Jan-2025 14:22:56.208,-1.134852,12.196063,0.926556
26-Jan-2025 14:22:56.224,-1.357512,12.849681,0.112527
26-Jan-2025 14:22:56.240,-1.462857,12.907142,-0.335188
26-Jan-2025 14:22:56.256,-1.37906,12.524069,0.325611
26-Jan-2025 14:22:56.272,-1.06542,11.439496,1.074997
26-Jan-2025 14:22:56.288,-0.876278,10.122684,1.570596
26-Jan-2025 14:22:56.304,-0.881066,9.138668,1.647211
26-Jan-2025 14:22:56.320,-1.285686,8.485051,1.403002
26-Jan-2025 14:22:56.336,-1.826776,8.046912,1.721431
26-Jan-2025 14:22:56.352,-1.819593,7.915231,2.949656
26-Jan-2025 14:22:56.368,-1.146823,7.905654,3.323152
26-Jan-2025 14:22:56.384,-0.54109,8.209718,2.906561
26-Jan-2025 14:22:56.400,-0.306458,8.995016,2.576161
26-Jan-2025 14:22:56.416,-0.395043,10.079589,2.092532
26-Jan-2025 14:22:56.432,-0.622492,10.788273,0.871489
26-Jan-2025 14:22:56.448,-1.130063,10.702082,-0.356736
26-Jan-2025 14:22:56.464,-1.659182,10.189722,-0.440533
26-Jan-2025 14:22:56.480,-1.824382,9.528923,0.354342
26-Jan-2025 14:22:56.497,-1.793257,9.200917,1.053449
26-Jan-2025 14:22:56.513,-1.532289,9.01417,1.283292
26-Jan-2025 14:22:56.529,-1.21386,8.803479,1.031901
26-Jan-2025 14:22:56.545,-0.902614,8.657434,0.612916
26-Jan-2025 14:22:56.561,-0.821211,8.688558,0.275333
26-Jan-2025 14:22:56.577,-1.115698,8.865729,0.19393
26-Jan-2025 14:22:56.593,-1.448492,9.196129,0.222661
26-Jan-2025 14:22:56.609,-1.719037,9.615114,0.153229
26-Jan-2025 14:22:56.625,-1.731008,9.873688,-0.131681
26-Jan-2025 14:22:56.641,-1.338359,9.883265,-0.3304
26-Jan-2025 14:22:56.657,-0.955287,9.746795,-0.222661
26-Jan-2025 14:22:56.673,-0.799663,9.548077,0.234632
26-Jan-2025 14:22:56.689,-0.653617,9.244013,0.418985
26-Jan-2025 14:22:56.705,-0.682347,8.971074,0.301669
26-Jan-2025 14:22:56.721,-0.792481,9.088389,0.387861
26-Jan-2025 14:22:56.737,-0.713472,9.49301,0.428562
26-Jan-2025 14:22:56.753,-0.699107,10.117896,0.4956
26-Jan-2025 14:22:56.769,-0.605733,10.553641,0.019154
26-Jan-2025 14:22:56.786,-0.545878,10.639832,-0.146046
26-Jan-2025 14:22:56.802,-0.40462,10.687716,0.093374
26-Jan-2025 14:22:56.818,-0.220267,11.188105,0.490811
26-Jan-2025 14:22:56.834,-0.143652,12.030864,0.452504
26-Jan-2025 14:22:56.850,-0.292093,12.46182,0.296881
26-Jan-2025 14:22:56.866,-0.081403,12.289437,0.28491
26-Jan-2025 14:22:56.882,0.086191,11.75553,0.414197
26-Jan-2025 14:22:56.898,0.160412,10.881647,0.445322
26-Jan-2025 14:22:56.914,0.390255,9.859323,0.268151
26-Jan-2025 14:22:56.930,0.476446,8.927979,0.117316
26-Jan-2025 14:22:56.946,0.509965,8.231265,0.19393
26-Jan-2025 14:22:56.962,0.835576,7.848193,0.711078
26-Jan-2025 14:22:56.978,1.221043,7.802703,1.276109
26-Jan-2025 14:22:56.994,1.247379,8.207323,0.828394
26-Jan-2025 14:22:57.010,0.955287,9.121908,0.098162
26-Jan-2025 14:22:57.026,0.531513,10.13705,-0.186748
26-Jan-2025 14:22:57.042,-0.311246,10.802638,-0.457293
26-Jan-2025 14:22:57.058,-1.206678,11.049241,-0.483629
26-Jan-2025 14:22:57.075,-1.391031,10.984597,-0.454898
26-Jan-2025 14:22:57.091,-0.861913,10.522516,-0.469264
26-Jan-2025 14:22:57.107,-0.392649,10.086772,-0.351948
26-Jan-2025 14:22:57.123,-0.038307,9.835381,-0.452504
26-Jan-2025 14:22:57.139,0.138864,9.651027,-0.600945
26-Jan-2025 14:22:57.155,0.143652,9.574412,-0.684742
26-Jan-2025 14:22:57.171,0.23942,9.560047,-0.895431
26-Jan-2025 14:22:57.187,0.189142,9.569624,-0.866701
26-Jan-2025 14:22:57.203,-0.124498,9.296685,-0.782904
26-Jan-2025 14:22:57.219,-0.265756,8.947132,-0.70629
26-Jan-2025 14:22:57.235,-0.215478,8.698134,-0.646434
26-Jan-2025 14:22:57.251,-0.088585,8.693346,-0.768539
26-Jan-2025 14:22:57.266,0.134075,8.846576,-0.969652
26-Jan-2025 14:22:57.283,0.335188,8.956709,-0.988805
26-Jan-2025 14:22:57.299,0.457293,9.155427,-0.701501
26-Jan-2025 14:22:57.315,0.462081,9.433155,-0.409408
26-Jan-2025 14:22:57.331,0.37589,9.703699,-0.486023
26-Jan-2025 14:22:57.347,0.438139,10.103531,-0.538695
26-Jan-2025 14:22:57.364,0.337582,10.527305,-0.782904
26-Jan-2025 14:22:57.380,-0.038307,10.97502,-1.053449
26-Jan-2025 14:22:57.396,-0.335188,11.310209,-1.338359
26-Jan-2025 14:22:57.412,-0.64404,11.329363,-1.429338
26-Jan-2025 14:22:57.428,-0.699107,11.27669,-1.448492
26-Jan-2025 14:22:57.444,-0.52433,11.262324,-1.247379
26-Jan-2025 14:22:57.460,-0.299275,11.602302,-0.258574
26-Jan-2025 14:22:57.476,-0.009577,12.028469,0.56982
26-Jan-2025 14:22:57.492,-0.172383,11.614272,0.399832
26-Jan-2025 14:22:57.508,-0.694318,11.238382,0.699107
26-Jan-2025 14:22:57.524,-1.022324,11.595119,0.770933
26-Jan-2025 14:22:57.540,-2.090138,11.769896,0.830788
26-Jan-2025 14:22:57.556,-3.028665,11.432313,0.454898
26-Jan-2025 14:22:57.572,-3.318364,10.70687,0.088585
26-Jan-2025 14:22:57.587,-3.229778,9.648633,0.016759
26-Jan-2025 14:22:57.604,-3.071761,8.549694,0.428562
26-Jan-2025 14:22:57.620,-2.585738,7.800309,1.393425
26-Jan-2025 14:22:57.637,-1.860295,7.457938,2.082955
26-Jan-2025 14:22:57.653,-1.240196,7.457938,2.367866
26-Jan-2025 14:22:57.669,-1.134852,7.757214,1.283292
26-Jan-2025 14:22:57.685,-1.103727,8.872911,0.160412
26-Jan-2025 14:22:57.701,-1.292869,9.959879,-0.653617
26-Jan-2025 14:22:57.717,-1.647211,10.517728,-0.351948
26-Jan-2025 14:22:57.733,-1.51553,10.081984,0.265756
26-Jan-2025 14:22:57.749,-1.182736,9.334992,0.828394
26-Jan-2025 14:22:57.765,-1.041478,9.064447,1.015141
26-Jan-2025 14:22:57.781,-1.084573,8.963891,0.732626
26-Jan-2025 14:22:57.797,-1.194707,9.064447,0.476446
26-Jan-2025 14:22:57.813,-1.520318,9.409213,0.25618
26-Jan-2025 14:22:57.829,-1.908179,9.785102,0.014365
26-Jan-2025 14:22:57.845,-1.99437,10.060435,-0.280122
26-Jan-2025 14:22:57.861,-2.075773,9.933543,-0.272939
26-Jan-2025 14:22:57.877,-1.525106,9.753978,-0.31364
26-Jan-2025 14:22:57.893,-1.192312,9.821015,-0.337582
26-Jan-2025 14:22:57.909,-0.912191,9.811439,-0.162806
26-Jan-2025 14:22:57.925,-0.940921,9.574412,-0.059855
26-Jan-2025 14:22:57.942,-0.967257,9.196129,0.186748
26-Jan-2025 14:22:57.958,-0.936133,9.114726,0.452504
26-Jan-2025 14:22:57.974,-0.916979,9.25359,0.536301
26-Jan-2025 14:22:57.990,-0.981623,9.574412,0.483629
26-Jan-2025 14:22:58.006,-1.189918,10.014946,-0.021548
26-Jan-2025 14:22:58.022,-1.647211,10.687716,-0.265756
26-Jan-2025 14:22:58.038,-1.661576,11.398794,-0.23942
26-Jan-2025 14:22:58.054,-1.18513,12.028469,0.023942
26-Jan-2025 14:22:58.070,-0.325611,12.368446,-0.296881
26-Jan-2025 14:22:58.086,-0.043096,12.119449,-0.727837
26-Jan-2025 14:22:58.102,0.095768,11.820174,-0.320823
26-Jan-2025 14:22:58.118,0.31364,10.994174,0.351948
26-Jan-2025 14:22:58.134,0.416591,9.94312,0.88346
26-Jan-2025 14:22:58.150,0.761356,8.774749,0.912191
26-Jan-2025 14:22:58.166,1.297657,7.972692,0.670376
26-Jan-2025 14:22:58.182,1.103727,7.433996,0.380678
26-Jan-2025 14:22:58.198,0.579397,7.173028,0.512359
26-Jan-2025 14:22:58.215,0.842759,7.735666,0.885855
26-Jan-2025 14:22:58.231,1.158794,9.308656,0.720655
26-Jan-2025 14:22:58.247,1.058237,11.288661,0.325611
26-Jan-2025 14:22:58.263,0.004788,12.23437,-0.086191
26-Jan-2025 14:22:58.279,-0.318429,11.868058,-0.428562
26-Jan-2025 14:22:58.295,-0.92895,10.54167,-0.521936
26-Jan-2025 14:22:58.311,-1.142034,9.694122,-0.517148
26-Jan-2025 14:22:58.327,-1.249773,9.251195,-0.342371
26-Jan-2025 14:22:58.343,-1.173159,9.481039,-0.043096
26-Jan-2025 14:22:58.359,-0.773327,9.849746,-0.371101
26-Jan-2025 14:22:58.375,-0.232238,9.940725,-0.818817
26-Jan-2025 14:22:58.391,0.150835,9.763555,-0.684742
26-Jan-2025 14:22:58.407,0.462081,9.514558,-0.260968
26-Jan-2025 14:22:58.423,0.560243,9.19134,-0.031125
26-Jan-2025 14:22:58.439,0.395043,9.004593,-0.227449
26-Jan-2025 14:22:58.455,0.071826,8.99741,-0.244209
26-Jan-2025 14:22:58.471,-0.196325,9.186552,-0.141258
26-Jan-2025 14:22:58.487,-0.426168,9.646238,-0.339977
26-Jan-2025 14:22:58.504,-0.591368,10.144233,-0.584185
26-Jan-2025 14:22:58.520,-0.320823,10.362105,-0.56982
26-Jan-2025 14:22:58.536,0.114922,10.632649,-0.713472
26-Jan-2025 14:22:58.552,0.316035,10.647015,-0.380678
26-Jan-2025 14:22:58.568,0.363919,10.283096,-0.251391
26-Jan-2025 14:22:58.584,0.002394,9.916783,-0.177171
26-Jan-2025 14:22:58.600,-0.162806,9.840169,-0.337582
26-Jan-2025 14:22:58.616,-0.19393,10.149021,-0.474052
26-Jan-2025 14:22:58.632,-0.241814,10.680533,-0.572214
26-Jan-2025 14:22:58.648,-0.260968,11.269507,-0.682347
26-Jan-2025 14:22:58.664,-0.198719,11.796232,-0.52433
26-Jan-2025 14:22:58.680,-0.189142,12.050017,-0.320823
26-Jan-2025 14:22:58.696,-0.277727,12.117055,-0.110133
26-Jan-2025 14:22:58.712,-0.605733,11.731588,-0.428562
26-Jan-2025 14:22:58.728,-1.352724,10.773908,-0.739808
26-Jan-2025 14:22:58.744,-1.860295,10.139444,-0.287304
26-Jan-2025 14:22:58.760,-2.152387,9.742006,0.311246
26-Jan-2025 14:22:58.777,-2.32477,9.651027,0.486023
26-Jan-2025 14:22:58.793,-2.15957,9.672575,0.174777
26-Jan-2025 14:22:58.809,-1.776498,9.763555,0.098162
26-Jan-2025 14:22:58.825,-1.381454,9.576807,0.397437
26-Jan-2025 14:22:58.841,-1.101333,9.169792,0.656011
26-Jan-2025 14:22:58.857,-1.053449,8.540117,0.835576
26-Jan-2025 14:22:58.873,-1.194707,8.085219,0.641646
26-Jan-2025 14:22:58.889,-1.383849,7.915231,0.505177
26-Jan-2025 14:22:58.905,-1.668759,7.989451,0.392649
26-Jan-2025 14:22:58.921,-1.702277,8.295909,0.339977
26-Jan-2025 14:22:58.937,-1.644817,8.856153,0.301669
26-Jan-2025 14:22:58.953,-1.812411,9.442732,0.148441
26-Jan-2025 14:22:58.969,-1.989582,9.859323,0.014365
26-Jan-2025 14:22:58.985,-2.178724,10.002975,-0.014365
26-Jan-2025 14:22:59.001,-2.248155,9.892841,0.069432
26-Jan-2025 14:22:59.017,-2.018312,9.742006,0.155623
26-Jan-2025 14:22:59.033,-1.790863,9.603143,-0.124498
26-Jan-2025 14:22:59.049,-1.735796,9.617508,-0.280122
26-Jan-2025 14:22:59.066,-1.953669,9.832987,-0.246603
26-Jan-2025 14:22:59.082,-2.133234,10.081984,-0.222661
26-Jan-2025 14:22:59.098,-2.154782,10.242394,-0.308852
26-Jan-2025 14:22:59.114,-2.08535,10.232818,-0.550666
26-Jan-2025 14:22:59.130,-2.037466,10.134656,-0.792481
26-Jan-2025 14:22:59.146,-1.915361,9.952697,-0.782904
26-Jan-2025 14:22:59.162,-1.723825,9.78989,-0.648829
26-Jan-2025 14:22:59.178,-1.599327,9.574412,-0.737414
26-Jan-2025 14:22:59.194,-1.592144,9.390059,-0.711078
26-Jan-2025 14:22:59.210,-1.517924,9.16261,-0.634463
26-Jan-2025 14:22:59.226,-1.369483,8.939949,-0.553061
26-Jan-2025 14:22:59.242,-1.285686,8.913613,-0.641646
26-Jan-2025 14:22:59.258,-1.326388,9.109938,-0.715866
26-Jan-2025 14:22:59.274,-1.426944,9.351752,-0.715866
26-Jan-2025 14:22:59.290,-1.496376,9.591172,-0.605733
26-Jan-2025 14:22:59.306,-1.575385,9.785102,-0.557849
26-Jan-2025 14:22:59.322,-1.594538,9.955091,-0.861913
26-Jan-2025 14:22:59.338,-1.601721,10.151415,-1.017536
26-Jan-2025 14:22:59.354,-1.510741,10.335769,-0.806846
26-Jan-2025 14:22:59.371,-1.051055,11.226412,-0.452504
26-Jan-2025 14:22:59.387,-1.290475,11.520899,-0.993594
26-Jan-2025 14:22:59.403,-1.189918,11.377247,-1.13964
26-Jan-2025 14:22:59.419,-0.694318,10.972627,-0.658405
26-Jan-2025 14:22:59.435,-0.507571,10.793061,-0.536301
26-Jan-2025 14:22:59.451,-0.531513,10.584765,-0.150835
26-Jan-2025 14:22:59.467,-0.596156,10.486604,-0.086191
26-Jan-2025 14:22:59.483,-0.217872,9.974244,-0.227449
26-Jan-2025 14:22:59.499,0.131681,9.239224,-0.050278
26-Jan-2025 14:22:59.515,0.390255,8.774749,0.277727
26-Jan-2025 14:22:59.531,0.466869,8.63828,0.23942
26-Jan-2025 14:22:59.547,0.59855,8.683769,-0.026336
26-Jan-2025 14:22:59.563,0.960075,8.889671,-0.09098
26-Jan-2025 14:22:59.579,1.321599,9.069236,0.019154
26-Jan-2025 14:22:59.595,1.661576,9.40203,0.167594
26-Jan-2025 14:22:59.611,1.687912,10.007763,0.184354
26-Jan-2025 14:22:59.627,1.137246,10.905589,0.423774
26-Jan-2025 14:22:59.643,0.624887,11.343728,0.31364
26-Jan-2025 14:22:59.660,0.222661,11.003751,-0.043096
26-Jan-2025 14:22:59.676,0.131681,10.539276,-0.407014
26-Jan-2025 14:22:59.692,0.265756,10.098742,-0.445322
26-Jan-2025 14:22:59.708,0.354342,9.928755,-0.526724
26-Jan-2025 14:22:59.724,0.366313,9.828198,-0.600945
26-Jan-2025 14:22:59.740,0.6608,9.624691,-0.402226
26-Jan-2025 14:22:59.756,0.976834,9.476251,-0.435745
26-Jan-2025 14:22:59.772,1.041478,9.315839,-0.548272
26-Jan-2025 14:22:59.788,0.818817,9.090784,-0.493206
26-Jan-2025 14:22:59.804,0.778116,8.887277,-0.474052
26-Jan-2025 14:22:59.820,0.624887,9.028535,-0.519542
26-Jan-2025 14:22:59.836,0.565032,9.399636,-0.672771
26-Jan-2025 14:22:59.852,0.653617,9.720459,-0.667982
26-Jan-2025 14:22:59.868,0.459687,9.940725,-0.639252
26-Jan-2025 14:22:59.884,0.548272,10.041282,-0.545878
26-Jan-2025 14:22:59.900,0.584185,9.995792,-0.577003
26-Jan-2025 14:22:59.916,0.656011,10.060435,-0.407014
26-Jan-2025 14:22:59.932,0.562637,9.979033,-0.172383
26-Jan-2025 14:22:59.949,0.624887,10.218452,0.055067
26-Jan-2025 14:22:59.965,0.804452,10.620679,-0.179565
26-Jan-2025 14:22:59.981,0.624887,11.171345,-0.418985
26-Jan-2025 14:22:59.997,0.325611,11.848905,0.232238
26-Jan-2025 14:23:00.013,-0.069432,13.201628,0.986411
26-Jan-2025 14:23:00.029,-0.737414,14.065935,0.237026
26-Jan-2025 14:23:00.045,-1.221043,13.769054,0.21069
26-Jan-2025 14:23:00.061,-1.022324,12.265495,0.897826
26-Jan-2025 14:23:00.077,-0.699107,10.788273,1.233014
26-Jan-2025 14:23:00.093,-0.797269,10.041282,0.76375
26-Jan-2025 14:23:00.109,-0.852336,9.636662,-0.021548
26-Jan-2025 14:23:00.125,-0.505177,8.92319,0.002394
26-Jan-2025 14:23:00.141,-0.301669,8.209718,0.713472
26-Jan-2025 14:23:00.157,-0.332794,7.714118,1.393425
26-Jan-2025 14:23:00.173,-0.430956,7.762002,1.465251
26-Jan-2025 14:23:00.189,-0.272939,8.528147,1.000776
26-Jan-2025 14:23:00.205,-0.004788,9.251195,0.1652
26-Jan-2025 14:23:00.221,0.009577,9.828198,-0.229843
26-Jan-2025 14:23:00.238,0.148441,10.060435,-0.35913
26-Jan-2025 14:23:00.254,0.19393,9.933543,-0.351948
26-Jan-2025 14:23:00.270,0.122104,9.555259,-0.189142
26-Jan-2025 14:23:00.286,-0.095768,9.263166,-0.069432
26-Jan-2025 14:23:00.302,-0.363919,9.0429,0.09098
26-Jan-2025 14:23:00.318,-0.42138,8.774749,0.052672
26-Jan-2025 14:23:00.334,-0.368707,8.535329,0.177171
26-Jan-2025 14:23:00.350,-0.349553,8.3821,0.011971
26-Jan-2025 14:23:00.366,-0.493206,8.413225,-0.318429
26-Jan-2025 14:23:00.382,-0.378284,8.671799,-0.407014
26-Jan-2025 14:23:00.398,-0.344765,9.184157,-0.830788
26-Jan-2025 14:23:00.414,-0.486023,9.794679,-1.206678
26-Jan-2025 14:23:00.430,-0.555455,10.060435,-0.828394
26-Jan-2025 14:23:00.446,-0.6608,10.048465,-0.287304
26-Jan-2025 14:23:00.462,-0.790087,9.866506,-0.088585
26-Jan-2025 14:23:00.478,-0.878672,9.598354,0.234632
26-Jan-2025 14:23:00.494,-0.723049,9.380483,0.107739
26-Jan-2025 14:23:00.511,-0.768539,9.552865,0.047884
26-Jan-2025 14:23:00.527,-0.842759,10.146626,-0.026336
26-Jan-2025 14:23:00.543,-0.948104,11.09473,-0.289698
26-Jan-2025 14:23:00.559,-1.039083,11.619061,-0.385466
26-Jan-2025 14:23:00.575,-1.21386,11.540052,-0.816423
26-Jan-2025 14:23:00.591,-1.42455,11.604695,-0.268151
26-Jan-2025 14:23:00.607,-1.546654,11.506534,0.016759
26-Jan-2025 14:23:00.623,-1.285686,10.785878,-0.742203
26-Jan-2025 14:23:00.639,-0.577003,10.21127,-0.720655
26-Jan-2025 14:23:00.655,0.191536,10.038888,-0.339977
26-Jan-2025 14:23:00.671,0.361524,10.352529,0.098162
26-Jan-2025 14:23:00.687,0.282516,10.615891,0.107739
26-Jan-2025 14:23:00.703,0.095768,10.486604,-0.4956
26-Jan-2025 14:23:00.719,0.287304,9.89763,-0.804452
26-Jan-2025 14:23:00.735,1.151611,9.093178,-0.253785
26-Jan-2025 14:23:00.751,1.94888,8.456321,0.347159
26-Jan-2025 14:23:00.767,2.506729,8.281544,0.565032
26-Jan-2025 14:23:00.783,2.269703,8.793902,0.114922
26-Jan-2025 14:23:00.799,1.73819,9.727641,-0.519542
26-Jan-2025 14:23:00.816,0.991199,10.658986,-0.864307
26-Jan-2025 14:23:00.832,0.445322,10.819398,-0.6608
26-Jan-2025 14:23:00.848,0.457293,10.129868,-0.347159
26-Jan-2025 14:23:00.864,0.814029,9.28232,-0.342371
26-Jan-2025 14:23:00.880,1.264138,8.813056,-0.351948
26-Jan-2025 14:23:00.896,1.575385,8.719683,-0.318429
26-Jan-2025 14:23:00.912,1.517924,8.796297,-0.344765
26-Jan-2025 14:23:00.928,1.266533,9.023746,-0.469264
26-Jan-2025 14:23:00.944,1.022324,9.315839,-0.677559
26-Jan-2025 14:23:00.960,1.089362,9.49301,-0.667982
26-Jan-2025 14:23:00.976,1.309628,9.548077,-0.533907
26-Jan-2025 14:23:00.992,1.484405,9.636662,-0.514753
26-Jan-2025 14:23:01.008,1.407791,9.756371,-0.804452
26-Jan-2025 14:23:01.024,1.264138,10.012551,-1.058237
26-Jan-2025 14:23:01.040,1.060631,10.235212,-1.175553
26-Jan-2025 14:23:01.056,0.950498,10.175357,-1.144428
26-Jan-2025 14:23:01.072,1.051055,9.847352,-1.091756
26-Jan-2025 14:23:01.089,1.132457,9.667787,-0.804452
26-Jan-2025 14:23:01.105,1.017536,9.782708,-0.567426
26-Jan-2025 14:23:01.121,1.031901,10.184934,-0.663194
26-Jan-2025 14:23:01.137,1.04866,10.642226,-0.993594
26-Jan-2025 14:23:01.153,0.897826,11.212047,-1.175553
26-Jan-2025 14:23:01.169,0.684742,11.360487,-0.88346
26-Jan-2025 14:23:01.185,0.907402,10.965444,-1.125275
26-Jan-2025 14:23:01.201,0.845153,10.879252,-0.976834
26-Jan-2025 14:23:01.217,0.509965,11.291056,-0.325611
26-Jan-2025 14:23:01.233,-0.057461,11.903971,0.344765
26-Jan-2025 14:23:01.249,-0.550666,11.7268,-0.488417
26-Jan-2025 14:23:01.265,-0.531513,11.374852,-0.225055
26-Jan-2025 14:23:01.281,-0.873884,11.133038,0.61531
26-Jan-2025 14:23:01.297,-1.575385,10.749966,0.986411
26-Jan-2025 14:23:01.313,-1.96564,10.299856,1.086968
26-Jan-2025 14:23:01.329,-2.08535,10.0341,0.407014
26-Jan-2025 14:23:01.345,-2.343924,9.720459,-0.201113
26-Jan-2025 14:23:01.361,-2.410961,9.368511,0.543484
26-Jan-2025 14:23:01.378,-1.996764,8.935161,1.197101
26-Jan-2025 14:23:01.394,-1.577779,8.683769,1.218649
26-Jan-2025 14:23:01.410,-1.00317,8.686164,0.553061
26-Jan-2025 14:23:01.426,-0.584185,8.901642,0.081403
26-Jan-2025 14:23:01.442,-0.253785,9.167398,-0.246603
26-Jan-2025 14:23:01.458,-0.433351,9.356541,-0.270545
26-Jan-2025 14:23:01.474,-0.715866,9.325416,-0.057461
26-Jan-2025 14:23:01.490,-0.948104,9.141062,0.083797
26-Jan-2025 14:23:01.506,-1.127669,9.018958,0.263362
26-Jan-2025 14:23:01.522,-1.070208,9.002198,0.308852
26-Jan-2025 14:23:01.538,-0.921768,9.028535,0.095768
26-Jan-2025 14:23:01.554,-0.940921,9.172187,0.04549
26-Jan-2025 14:23:01.570,-1.00317,9.342175,-0.019154
26-Jan-2025 14:23:01.586,-1.249773,9.725247,-0.011971
26-Jan-2025 14:23:01.602,-1.61848,10.251971,-0.059855
26-Jan-2025 14:23:01.618,-1.795651,10.524911,-0.272939
26-Jan-2025 14:23:01.634,-1.841141,10.393229,-0.35913
26-Jan-2025 14:23:01.650,-1.568202,9.837775,-0.136469
26-Jan-2025 14:23:01.666,-1.201889,9.232041,0.117316
26-Jan-2025 14:23:01.683,-0.864307,8.841787,0.172383
26-Jan-2025 14:23:01.699,-0.490811,8.743625,-0.019154
26-Jan-2025 14:23:01.715,-0.19393,8.748413,-0.423774
26-Jan-2025 14:23:01.731,-0.134075,9.112331,-0.442927
26-Jan-2025 14:23:01.747,-0.423774,9.682152,-0.263362
26-Jan-2025 14:23:01.763,-0.871489,10.199299,-0.201113
26-Jan-2025 14:23:01.779,-1.127669,10.321404,-0.433351
26-Jan-2025 14:23:01.795,-1.283292,10.077195,-0.849942
26-Jan-2025 14:23:01.811,-1.007959,9.835381,-0.773327
26-Jan-2025 14:23:01.827,-0.529119,10.309433,-0.392649
26-Jan-2025 14:23:01.843,-0.117316,11.32218,-0.301669
26-Jan-2025 14:23:01.859,0.354342,12.322956,-0.354342
26-Jan-2025 14:23:01.875,0.526724,13.15135,-0.071826
26-Jan-2025 14:23:01.891,0.217872,13.385982,0.117316
26-Jan-2025 14:23:01.907,0.095768,12.720393,-0.11971
26-Jan-2025 14:23:01.923,0.521936,11.427525,-0.07422
26-Jan-2025 14:23:01.939,0.744597,9.998186,-0.071826
26-Jan-2025 14:23:01.955,0.85473,8.595184,-0.320823
26-Jan-2025 14:23:01.972,1.01993,7.445967,0.270545
26-Jan-2025 14:23:01.988,1.163582,6.785168,1.034295
26-Jan-2025 14:23:02.004,1.683124,6.531382,1.407791
26-Jan-2025 14:23:02.020,2.147599,6.663064,1.458069
26-Jan-2025 14:23:02.036,2.063802,7.450756,1.060631
26-Jan-2025 14:23:02.052,1.628057,9.011775,0.675165
26-Jan-2025 14:23:02.068,1.16837,11.180922,-0.093374
26-Jan-2025 14:23:02.084,0.014365,13.120225,-0.35913
26-Jan-2025 14:23:02.100,-0.699107,13.029245,0.169988
26-Jan-2025 14:23:02.116,-0.102951,11.300632,0.222661
26-Jan-2025 14:23:02.132,0.426168,10.053253,0.306458
26-Jan-2025 14:23:02.148,0.821211,9.65821,0.445322
26-Jan-2025 14:23:02.164,0.92895,9.531317,0.179565
26-Jan-2025 14:23:02.180,0.814029,9.43076,-0.126893
26-Jan-2025 14:23:02.196,0.600945,9.344569,-0.162806
26-Jan-2025 14:23:02.212,0.414197,9.148245,-0.095768
26-Jan-2025 14:23:02.228,0.308852,8.913613,0.023942
26-Jan-2025 14:23:02.244,0.383072,8.803479,0.040701
26-Jan-2025 14:23:02.260,0.304064,8.834604,0.043096
26-Jan-2025 14:23:02.277,0.160412,9.02614,-0.196325
26-Jan-2025 14:23:02.293,0.114922,9.234436,-0.234632
26-Jan-2025 14:23:02.309,0.131681,9.445126,-0.160412
26-Jan-2025 14:23:02.325,0.141258,9.636662,0.031125
26-Jan-2025 14:23:02.341,0.098162,9.720459,0.181959
26-Jan-2025 14:23:02.357,0.167594,9.844957,0.316035
26-Jan-2025 14:23:02.373,0.167594,9.945514,0.172383
26-Jan-2025 14:23:02.388,0.311246,10.247183,0.177171
26-Jan-2025 14:23:02.405,0.433351,10.5704,0.423774
26-Jan-2025 14:23:02.421,0.414197,10.728417,0.244209
26-Jan-2025 14:23:02.437,0.244209,10.833763,-0.126893
26-Jan-2025 14:23:02.453,0.014365,10.891224,-0.378284
26-Jan-2025 14:23:02.469,-0.038307,10.867282,-0.430956
26-Jan-2025 14:23:02.485,-0.04549,11.09473,0.177171
26-Jan-2025 14:23:02.501,0.098162,11.99495,1.067814
26-Jan-2025 14:23:02.517,0.016759,11.918336,0.150835
26-Jan-2025 14:23:02.533,-0.40462,12.34211,0.378284
26-Jan-2025 14:23:02.550,-0.840365,12.847286,0.754174
26-Jan-2025 14:23:02.566,-1.862689,12.488156,1.036689
26-Jan-2025 14:23:02.582,-2.545036,11.563994,0.727837
26-Jan-2025 14:23:02.598,-2.540248,10.378864,-0.09098
26-Jan-2025 14:23:02.614,-2.430115,9.303867,-0.380678
26-Jan-2025 14:23:02.630,-2.245761,8.439561,0.356736
26-Jan-2025 14:23:02.646,-2.025495,7.939173,1.750161
26-Jan-2025 14:23:02.662,-1.704672,7.78355,2.358289
26-Jan-2025 14:23:02.678,-1.443704,7.603985,1.92015
26-Jan-2025 14:23:02.694,-1.357512,7.728483,1.278504
26-Jan-2025 14:23:02.709,-1.074997,8.384495,0.565032
26-Jan-2025 14:23:02.726,-0.837971,9.574412,-0.1652
26-Jan-2025 14:23:02.742,-1.031901,10.34774,-0.445322
26-Jan-2025 14:23:02.758,-1.223437,10.218452,-0.390255
26-Jan-2025 14:23:02.774,-1.458069,9.871294,0.134075
26-Jan-2025 14:23:02.790,-1.479617,9.646238,0.320823
26-Jan-2025 14:23:02.806,-1.211466,9.380483,0.308852
26-Jan-2025 14:23:02.822,-0.943315,8.968679,-0.09098
26-Jan-2025 14:23:02.839,-0.799663,8.444349,-0.114922
26-Jan-2025 14:23:02.855,-0.648829,8.188169,-0.153229
26-Jan-2025 14:23:02.871,-0.792481,8.271967,-0.126893
26-Jan-2025 14:23:02.887,-0.90022,8.822633,-0.002394
26-Jan-2025 14:23:02.903,-0.916979,9.674969,-0.371101
26-Jan-2025 14:23:02.919,-1.036689,10.503363,-1.328782
26-Jan-2025 14:23:02.935,-1.194707,10.766725,-1.807622
26-Jan-2025 14:23:02.951,-1.070208,10.474632,-1.383849
26-Jan-2025 14:23:02.967,-0.802058,9.900024,-0.792481
26-Jan-2025 14:23:02.983,-0.622492,9.545682,-0.474052
26-Jan-2025 14:23:02.999,-0.555455,9.28232,-0.335188
26-Jan-2025 14:23:03.015,-0.296881,9.160215,-0.323217
26-Jan-2025 14:23:03.031,-0.174777,9.291897,-0.423774
26-Jan-2025 14:23:03.047,-0.033519,9.746795,-0.47884
26-Jan-2025 14:23:03.063,0.004788,10.448297,-0.588974
26-Jan-2025 14:23:03.079,-0.186748,11.075577,-0.500388
26-Jan-2025 14:23:03.095,-0.45011,11.36767,-0.509965
26-Jan-2025 14:23:03.111,-0.687136,11.784261,-0.426168
26-Jan-2025 14:23:03.128,-0.802058,12.093113,-0.703895
26-Jan-2025 14:23:03.144,-0.380678,11.935096,-0.514753
26-Jan-2025 14:23:03.160,0.469264,11.669339,0.318429
26-Jan-2025 14:23:03.176,1.233014,11.348516,0.78051
26-Jan-2025 14:23:03.192,1.604115,11.123461,0.876278
26-Jan-2025 14:23:03.208,1.503559,10.730812,0.555455
26-Jan-2025 14:23:03.224,1.37906,9.957485,0.1652
26-Jan-2025 14:23:03.240,1.122881,8.860941,0.088585
26-Jan-2025 14:23:03.256,1.115698,8.384495,0.921768
26-Jan-2025 14:23:03.272,1.673547,8.075643,1.632846
26-Jan-2025 14:23:03.288,1.817199,8.130709,1.410185
26-Jan-2025 14:23:03.304,1.189918,8.698134,0.505177
26-Jan-2025 14:23:03.320,0.768539,9.830592,0.385466
26-Jan-2025 14:23:03.336,0.397437,10.692505,0.076614
26-Jan-2025 14:23:03.352,-0.064643,10.862494,-0.287304
26-Jan-2025 14:23:03.368,-0.002394,10.443508,-0.153229
26-Jan-2025 14:23:03.384,0.565032,9.662998,-0.071826
26-Jan-2025 14:23:03.400,0.97444,9.203311,0.177171
26-Jan-2025 14:23:03.417,1.228225,9.193734,0.098162
26-Jan-2025 14:23:03.433,1.290475,9.382876,-0.363919
26-Jan-2025 14:23:03.449,1.256956,9.543288,-0.521936
26-Jan-2025 14:23:03.465,1.187524,9.495404,-0.373495
26-Jan-2025 14:23:03.481,1.180341,9.306262,-0.131681
26-Jan-2025 14:23:03.497,1.146823,9.085996,-0.031125
26-Jan-2025 14:23:03.513,1.103727,8.942344,-0.150835
26-Jan-2025 14:23:03.529,1.029507,8.930372,-0.476446
26-Jan-2025 14:23:03.545,0.890643,9.093178,-0.677559
26-Jan-2025 14:23:03.561,0.902614,9.25359,-0.909797
26-Jan-2025 14:23:03.577,1.082179,9.428367,-1.053449
26-Jan-2025 14:23:03.593,1.233014,9.516952,-0.775721
26-Jan-2025 14:23:03.609,1.426944,9.562442,-0.629675
26-Jan-2025 14:23:03.625,1.448492,9.653421,-0.368707
26-Jan-2025 14:23:03.641,1.204283,9.696517,-0.227449
26-Jan-2025 14:23:03.657,1.091756,9.952697,-0.390255
26-Jan-2025 14:23:03.673,1.024718,10.524911,-0.545878
26-Jan-2025 14:23:03.689,0.794875,11.113884,-0.629675
26-Jan-2025 14:23:03.705,0.56982,11.520899,-0.943315
26-Jan-2025 14:23:03.722,0.562637,11.712435,-1.070208
26-Jan-2025 14:23:03.738,0.670376,12.064383,-0.543484
26-Jan-2025 14:23:03.754,0.462081,13.278243,0.476446
26-Jan-2025 14:23:03.770,0.220267,13.532028,-0.203507
26-Jan-2025 14:23:03.786,0.019154,13.053187,-0.409408
26-Jan-2025 14:23:03.802,-0.481235,12.212823,0.663194
26-Jan-2025 14:23:03.818,-0.893037,11.025299,1.690306
26-Jan-2025 14:23:03.834,-0.756568,9.864111,1.704672
26-Jan-2025 14:23:03.850,-0.565032,9.01417,1.122881
26-Jan-2025 14:23:03.866,-0.517148,8.365341,0.665588
26-Jan-2025 14:23:03.882,-0.64404,7.850587,0.912191
26-Jan-2025 14:23:03.898,-0.981623,7.682993,2.025495
26-Jan-2025 14:23:03.914,-1.137246,7.826645,2.30801
26-Jan-2025 14:23:03.930,-1.082179,8.286332,1.307234
26-Jan-2025 14:23:03.946,-0.888249,9.119514,0.471658
26-Jan-2025 14:23:03.962,-0.227449,10.206482,0.177171
26-Jan-2025 14:23:03.978,0.469264,10.905589,-0.062249
26-Jan-2025 14:23:03.994,0.548272,10.845734,0.031125
26-Jan-2025 14:23:04.010,0.390255,10.204087,0.181959
26-Jan-2025 14:23:04.026,0.258574,9.646238,0.067038
26-Jan-2025 14:23:04.043,0.107739,9.291897,-0.217872
26-Jan-2025 14:23:04.059,0.014365,9.155427,-0.344765
26-Jan-2025 14:23:04.075,0.248997,8.947132,-0.380678
26-Jan-2025 14:23:04.091,0.459687,8.705317,-0.131681
26-Jan-2025 14:23:04.107,0.25618,8.5473,0.205901
26-Jan-2025 14:23:04.123,0.09098,8.487445,0.191536
26-Jan-2025 14:23:04.139,0.172383,8.597578,-0.186748
26-Jan-2025 14:23:04.155,0.275333,8.899248,-0.610521
26-Jan-2025 14:23:04.171,0.265756,9.428367,-0.88346
26-Jan-2025 14:23:04.187,0.189142,9.892841,-0.818817
26-Jan-2025 14:23:04.203,0.153229,9.923966,-0.679953
26-Jan-2025 14:23:04.219,0.198719,9.524135,-0.311246
26-Jan-2025 14:23:04.235,0.411803,9.016563,-0.114922
26-Jan-2025 14:23:04.251,0.488417,8.887277,0.186748
26-Jan-2025 14:23:04.267,0.490811,9.100361,0.411803
26-Jan-2025 14:23:04.283,0.490811,9.715671,0.328006
26-Jan-2025 14:23:04.299,0.517148,10.517728,-0.033519
26-Jan-2025 14:23:04.315,0.493206,11.286267,-0.361524
26-Jan-2025 14:23:04.332,0.454898,11.580753,-0.373495
26-Jan-2025 14:23:04.348,0.026336,11.235989,-0.543484
26-Jan-2025 14:23:04.364,0.098162,10.752359,-0.304064
26-Jan-2025 14:23:04.380,0.414197,10.278308,-0.277727
26-Jan-2025 14:23:04.396,0.687136,10.089166,0.083797
26-Jan-2025 14:23:04.412,0.926556,9.933543,0.323217
26-Jan-2025 14:23:04.428,1.244985,10.247183,0.610521
26-Jan-2025 14:23:04.444,1.403002,10.931925,1.024718
26-Jan-2025 14:23:04.460,1.122881,11.484985,0.92895
26-Jan-2025 14:23:04.476,0.912191,11.468226,0.88346
26-Jan-2025 14:23:04.492,1.154005,10.828975,0.56982
26-Jan-2025 14:23:04.508,1.388637,9.923966,0.102951
26-Jan-2025 14:23:04.524,1.980005,9.212888,0.438139
26-Jan-2025 14:23:04.540,2.693477,8.710106,1.283292
26-Jan-2025 14:23:04.556,2.913743,8.688558,1.881842
26-Jan-2025 14:23:04.572,2.375048,9.227253,1.484405
26-Jan-2025 14:23:04.588,1.359907,10.048465,0.440533
26-Jan-2025 14:23:04.605,0.294487,10.448297,-0.416591
26-Jan-2025 14:23:04.621,-0.272939,10.134656,-0.323217
26-Jan-2025 14:23:04.637,-0.040701,9.334992,0.383072
26-Jan-2025 14:23:04.653,0.514753,8.731653,0.586579
26-Jan-2025 14:23:04.669,1.015141,8.463503,0.407014
26-Jan-2025 14:23:04.685,1.651999,8.444349,0.122104
26-Jan-2025 14:23:04.701,2.032677,8.573636,0.050278
26-Jan-2025 14:23:04.717,2.185906,8.810662,0.263362
26-Jan-2025 14:23:04.733,2.061408,9.076419,0.275333
26-Jan-2025 14:23:04.749,1.697489,9.425972,0.287304
26-Jan-2025 14:23:04.765,1.357512,9.679757,0.004788
26-Jan-2025 14:23:04.781,1.165976,9.809045,-0.292093
26-Jan-2025 14:23:04.797,1.039083,9.878476,-0.562637
26-Jan-2025 14:23:04.813,1.029507,9.962274,-0.711078
26-Jan-2025 14:23:04.829,0.948104,10.225636,-0.651223
26-Jan-2025 14:23:04.845,0.837971,10.465055,-0.622492
26-Jan-2025 14:23:04.861,0.897826,10.362105,-0.627281
26-Jan-2025 14:23:04.877,1.352724,10.113108,-0.385466
26-Jan-2025 14:23:04.894,1.678335,10.225636,0.021548
26-Jan-2025 14:23:04.910,1.434127,10.66138,-0.167594
26-Jan-2025 14:23:04.926,0.73502,11.295844,-0.92895
26-Jan-2025 14:23:04.942,0.19393,11.820174,-1.295263
26-Jan-2025 14:23:04.958,0.07422,12.34211,-0.399832
26-Jan-2025 14:23:04.974,0.234632,13.22557,0.972046
26-Jan-2025 14:23:04.990,-0.143652,13.268666,0.557849
26-Jan-2025 14:23:05.006,-0.816423,12.502522,0.483629
26-Jan-2025 14:23:05.022,-1.101333,11.827356,1.458069
26-Jan-2025 14:23:05.038,-1.235408,10.752359,1.855506
26-Jan-2025 14:23:05.054,-1.33357,9.720459,1.592144
26-Jan-2025 14:23:05.070,-1.458069,9.085996,1.335965
26-Jan-2025 14:23:05.086,-1.400608,8.700529,0.993594
26-Jan-2025 14:23:05.102,-1.362301,8.561666,1.18513
26-Jan-2025 14:23:05.118,-1.290475,8.602366,1.359907
26-Jan-2025 14:23:05.134,-1.130063,8.884883,1.051055
26-Jan-2025 14:23:05.150,-0.548272,9.004593,0.557849
26-Jan-2025 14:23:05.166,0.079009,9.217676,0.442927
26-Jan-2025 14:23:05.183,0.555455,9.677363,0.509965
26-Jan-2025 14:23:05.199,0.624887,10.002975,0.225055
26-Jan-2025 14:23:05.215,0.038307,9.967062,-0.062249
26-Jan-2025 14:23:05.231,-0.37589,9.65821,-0.241814
26-Jan-2025 14:23:05.247,-0.538695,9.299079,-0.232238
26-Jan-2025 14:23:05.263,-0.610521,9.040505,-0.3304
26-Jan-2025 14:23:05.279,-0.442927,8.884883,-0.442927
26-Jan-2025 14:23:05.295,-0.244209,8.7125,-0.509965
26-Jan-2025 14:23:05.311,-0.064643,8.50181,-0.423774
26-Jan-2025 14:23:05.327,0.040701,8.497022,-0.191536
26-Jan-2025 14:23:05.343,0.126893,8.657434,-0.220267
26-Jan-2025 14:23:05.359,0.126893,9.006987,-0.620098
26-Jan-2025 14:23:05.375,-0.040701,9.519346,-1.120486
26-Jan-2025 14:23:05.391,-0.337582,9.835381,-1.302446
26-Jan-2025 14:23:05.407,-0.531513,9.782708,-1.11091
26-Jan-2025 14:23:05.423,-0.4956,9.509769,-1.007959
26-Jan-2025 14:23:05.439,-0.411803,9.287108,-0.814029
26-Jan-2025 14:23:05.455,-0.248997,9.021352,-0.600945
26-Jan-2025 14:23:05.472,-0.131681,8.947132,-0.438139
26-Jan-2025 14:23:05.488,0.002394,9.368511,-0.435745
26-Jan-2025 14:23:05.504,0,9.952697,-0.988805
26-Jan-2025 14:23:05.520,0.225055,10.563218,-0.78051
26-Jan-2025 14:23:05.536,0.469264,10.896012,-0.411803
26-Jan-2025 14:23:05.552,0.368707,10.99178,-0.172383
26-Jan-2025 14:23:05.568,0.390255,11.45865,0.316035
26-Jan-2025 14:23:05.584,0.366313,12.126632,-0.004788
26-Jan-2025 14:23:05.600,0.785298,11.932701,-0.035913
26-Jan-2025 14:23:05.616,1.644817,11.638214,0.667982
26-Jan-2025 14:23:05.632,2.315193,11.540052,1.261744
26-Jan-2025 14:23:05.648,2.219425,11.171345,0.92895
26-Jan-2025 14:23:05.664,1.309628,10.694899,0.560243
26-Jan-2025 14:23:05.680,1.268927,9.969456,0.071826
26-Jan-2025 14:23:05.696,1.833959,9.380483,0.718261
26-Jan-2025 14:23:05.712,2.312799,8.901642,1.570596
26-Jan-2025 14:23:05.728,2.238579,8.528147,1.685518
26-Jan-2025 14:23:05.745,1.759738,8.511387,1.199495
26-Jan-2025 14:23:05.761,1.21386,9.009381,0.433351
26-Jan-2025 14:23:05.777,0.799663,9.586384,-0.150835
26-Jan-2025 14:23:05.793,0.471658,10.005369,-0.131681
26-Jan-2025 14:23:05.809,0.586579,9.797073,0.225055
26-Jan-2025 14:23:05.825,1.070208,9.212888,0.373495
26-Jan-2025 14:23:05.841,1.675941,8.74123,0.351948
26-Jan-2025 14:23:05.857,2.116474,8.511387,0.260968
26-Jan-2025 14:23:05.873,2.209848,8.564059,0.215478
26-Jan-2025 14:23:05.889,1.96564,8.820239,0.47884
26-Jan-2025 14:23:05.905,1.78368,9.066842,0.095768
26-Jan-2025 14:23:05.921,1.570596,9.409213,-0.04549
26-Jan-2025 14:23:05.937,1.438915,9.588778,-0.383072
26-Jan-2025 14:23:05.953,1.426944,9.727641,-0.440533
26-Jan-2025 14:23:05.969,1.522712,9.837775,-0.325611
26-Jan-2025 14:23:05.985,1.616086,9.909601,-0.31364
26-Jan-2025 14:23:06.001,1.563414,9.945514,-0.533907
26-Jan-2025 14:23:06.017,1.374272,10.06283,-0.6608
26-Jan-2025 14:23:06.034,1.362301,10.043676,-0.500388
26-Jan-2025 14:23:06.050,1.407791,9.957485,-0.296881
26-Jan-2025 14:23:06.066,1.582567,9.902418,-0.134075
26-Jan-2025 14:23:06.082,1.733402,10.048465,0.007183
26-Jan-2025 14:23:06.098,1.482011,10.591949,-0.344765
26-Jan-2025 14:23:06.114,1.115698,11.262324,-0.737414
26-Jan-2025 14:23:06.130,0.617704,11.753136,-1.125275
26-Jan-2025 14:23:06.146,0.232238,11.645397,-1.173159
26-Jan-2025 14:23:06.162,0.3304,11.506534,-0.617704
26-Jan-2025 14:23:06.178,0.744597,11.81778,0.526724
26-Jan-2025 14:23:06.194,0.608127,12.717999,1.505953
26-Jan-2025 14:23:06.210,0.038307,12.945449,0.45011
26-Jan-2025 14:23:06.226,-0.363919,12.277467,-0.464475
26-Jan-2025 14:23:06.242,-0.507571,11.286267,0.399832
26-Jan-2025 14:23:06.258,-0.878672,10.081984,1.175553
26-Jan-2025 14:23:06.274,-1.098939,9.200917,1.446098
26-Jan-2025 14:23:06.290,-0.88346,8.379706,1.055843
26-Jan-2025 14:23:06.306,-0.505177,7.706935,0.962469
26-Jan-2025 14:23:06.323,-0.203507,7.36217,1.953669
26-Jan-2025 14:23:06.339,-0.196325,7.623138,2.463634
26-Jan-2025 14:23:06.355,-0.282516,7.922413,1.491588
26-Jan-2025 14:23:06.371,-0.282516,8.42759,0.672771
26-Jan-2025 14:23:06.387,0.033519,9.390059,0.263362
26-Jan-2025 14:23:06.403,0.349553,10.503363,0.253785
26-Jan-2025 14:23:06.419,0.373495,11.240777,0.294487
26-Jan-2025 14:23:06.435,-0.150835,11.051635,0.052672
26-Jan-2025 14:23:06.451,-0.639252,10.316615,-0.174777
26-Jan-2025 14:23:06.467,-0.919373,9.698911,-0.172383
26-Jan-2025 14:23:06.483,-0.837971,9.308656,-0.011971
26-Jan-2025 14:23:06.499,-0.526724,9.033323,0.067038
26-Jan-2025 14:23:06.515,0.035913,8.856153,-0.160412
26-Jan-2025 14:23:06.531,0.497994,8.822633,-0.349553
26-Jan-2025 14:23:06.547,0.648829,8.925584,-0.23942
26-Jan-2025 14:23:06.563,0.514753,9.119514,-0.234632
26-Jan-2025 14:23:06.579,0.272939,9.411607,-0.371101
26-Jan-2025 14:23:06.595,-0.112527,9.722853,-0.677559
26-Jan-2025 14:23:06.612,-0.459687,9.787497,-0.950498
26-Jan-2025 14:23:06.628,-0.543484,9.595961,-1.163582
26-Jan-2025 14:23:06.644,-0.608127,9.457097,-1.091756
26-Jan-2025 14:23:06.660,-0.761356,9.399636,-0.617704
26-Jan-2025 14:23:06.676,-0.691924,9.169792,-0.148441
26-Jan-2025 14:23:06.692,-0.526724,9.035717,0.136469
26-Jan-2025 14:23:06.708,-0.248997,9.339781,0.232238
26-Jan-2025 14:23:06.724,0.055067,9.995792,-0.426168
26-Jan-2025 14:23:06.740,0.076614,10.838552,-0.873884
26-Jan-2025 14:23:06.756,0.117316,11.408371,-0.579397
26-Jan-2025 14:23:06.772,0.081403,11.358093,-0.246603
26-Jan-2025 14:23:06.788,-0.059855,10.967838,-0.308852
26-Jan-2025 14:23:06.804,-0.260968,10.948685,-0.471658
26-Jan-2025 14:23:06.820,-0.407014,11.063606,-0.639252
26-Jan-2025 14:23:06.836,-0.129287,11.271901,-0.35913
26-Jan-2025 14:23:06.852,0.196325,11.717223,0.098162
26-Jan-2025 14:23:06.868,0.739808,11.949461,0.337582
26-Jan-2025 14:23:06.884,0.873884,12.152967,0.248997
26-Jan-2025 14:23:06.901,1.266533,12.014104,0.131681
26-Jan-2025 14:23:06.917,1.719037,10.752359,0.344765
26-Jan-2025 14:23:06.933,1.980005,9.198523,0.536301
26-Jan-2025 14:23:06.949,1.908179,8.121132,0.919373
26-Jan-2025 14:23:06.965,1.996764,7.541735,1.980005
26-Jan-2025 14:23:06.981,2.240973,7.343017,2.748544
26-Jan-2025 14:23:06.997,2.267309,7.460332,2.477999
26-Jan-2025 14:23:07.013,1.924938,8.149862,1.78368
26-Jan-2025 14:23:07.029,1.297657,9.698911,1.108515
26-Jan-2025 14:23:07.045,0.203507,11.805809,-0.78051
26-Jan-2025 14:23:07.061,-1.077391,12.998121,-1.419762
26-Jan-2025 14:23:07.077,-0.909797,12.006922,-0.344765
26-Jan-2025 14:23:07.093,0.320823,10.067618,0.011971
26-Jan-2025 14:23:07.109,1.007959,8.793902,-0.102951
26-Jan-2025 14:23:07.125,1.237802,7.910442,-0.117316
26-Jan-2025 14:23:07.141,1.458069,7.223307,-0.069432
26-Jan-2025 14:23:07.157,1.565808,6.895301,0
26-Jan-2025 14:23:07.173,1.261744,7.271191,0.270545
26-Jan-2025 14:23:07.189,0.981623,8.092402,0.232238
26-Jan-2025 14:23:07.206,0.811634,9.107543,-0.181959
26-Jan-2025 14:23:07.222,0.76375,10.048465,-0.584185
26-Jan-2025 14:23:07.238,0.744597,10.745177,-0.909797
26-Jan-2025 14:23:07.254,0.612916,11.085154,-0.995988
26-Jan-2025 14:23:07.270,0.347159,10.893618,-1.249773
26-Jan-2025 14:23:07.286,0.260968,10.357317,-1.446098
26-Jan-2025 14:23:07.302,0.208296,10.002975,-1.352724
26-Jan-2025 14:23:07.318,0.203507,9.923966,-1.034295
26-Jan-2025 14:23:07.334,0.373495,9.931149,-0.816423
26-Jan-2025 14:23:07.350,0.588974,9.945514,-0.656011
26-Jan-2025 14:23:07.366,0.751779,10.125079,-0.701501
26-Jan-2025 14:23:07.382,0.70629,10.381259,-0.835576
26-Jan-2025 14:23:07.398,0.550666,10.821792,-0.979228
26-Jan-2025 14:23:07.414,0.459687,11.413159,-1.055843
26-Jan-2025 14:23:07.430,0.387861,11.781867,-0.871489
26-Jan-2025 14:23:07.446,0.282516,12.090718,-0.07422
26-Jan-2025 14:23:07.462,0,12.902353,0.713472
26-Jan-2025 14:23:07.478,-0.395043,12.72997,0.052672
26-Jan-2025 14:23:07.495,-0.746991,11.856087,0.023942
26-Jan-2025 14:23:07.510,-1.211466,11.532869,1.130063
26-Jan-2025 14:23:07.527,-1.752556,11.480197,2.379837
26-Jan-2025 14:23:07.543,-1.960851,11.135432,2.217031
26-Jan-2025 14:23:07.559,-2.025495,10.295067,1.120486
26-Jan-2025 14:23:07.575,-2.164358,9.540894,0.804452
26-Jan-2025 14:23:07.591,-2.099715,8.92319,1.61848
26-Jan-2025 14:23:07.607,-1.991976,8.396465,2.382231
26-Jan-2025 14:23:07.623,-1.714248,7.94875,2.047042
26-Jan-2025 14:23:07.639,-1.280898,7.90326,1.101333
26-Jan-2025 14:23:07.655,-0.940921,8.286332,0.287304
26-Jan-2025 14:23:07.671,-0.634463,8.827422,-0.098162
26-Jan-2025 14:23:07.687,-0.392649,9.090784,-0.019154
26-Jan-2025 14:23:07.703,-0.418985,9.038112,0.213084
26-Jan-2025 14:23:07.719,-0.641646,8.748413,0.244209
26-Jan-2025 14:23:07.735,-1.089362,8.62152,0.095768
26-Jan-2025 14:23:07.751,-1.130063,8.568848,-0.055067
26-Jan-2025 14:23:07.768,-0.976834,8.48984,-0.081403
26-Jan-2025 14:23:07.784,-0.761356,8.5473,-0.174777
26-Jan-2025 14:23:07.800,-0.677559,8.810662,-0.038307
26-Jan-2025 14:23:07.816,-0.658405,9.19134,-0.23942
26-Jan-2025 14:23:07.831,-0.76375,9.49301,-0.392649
26-Jan-2025 14:23:07.848,-0.636858,9.653421,-0.639252
26-Jan-2025 14:23:07.864,-0.4956,9.799467,-0.88346
26-Jan-2025 14:23:07.880,-0.339977,9.868899,-1.072602
26-Jan-2025 14:23:07.896,-0.351948,9.837775,-1.146823
26-Jan-2025 14:23:07.912,-0.586579,9.648633,-1.015141
26-Jan-2025 14:23:07.928,-0.579397,9.308656,-0.849942
26-Jan-2025 14:23:07.944,-0.452504,9.066842,-0.679953
26-Jan-2025 14:23:07.960,-0.591368,8.930372,-0.4956
26-Jan-2025 14:23:07.976,-0.641646,9.251195,-0.280122
26-Jan-2025 14:23:07.992,-0.73502,9.792285,-0.433351
26-Jan-2025 14:23:08.007,-0.754174,10.536881,-0.490811
26-Jan-2025 14:23:08.024,-0.80924,11.08276,-0.603339
26-Jan-2025 14:23:08.040,-1.151611,11.688493,-0.713472
26-Jan-2025 14:23:08.057,-1.21386,12.555194,-0.560243
26-Jan-2025 14:23:08.073,-0.873884,13.024457,-0.675165
26-Jan-2025 14:23:08.089,0.184354,12.545617,-0.474052
26-Jan-2025 14:23:08.105,1.120486,12.045229,0.390255
26-Jan-2025 14:23:08.121,1.362301,11.619061,1.096544
26-Jan-2025 14:23:08.137,1.233014,11.152191,1.249773
26-Jan-2025 14:23:08.152,0.981623,10.398018,0.964863
26-Jan-2025 14:23:08.169,0.526724,9.385271,0.768539
26-Jan-2025 14:23:08.185,0.229843,8.331821,0.76375
26-Jan-2025 14:23:08.201,0.287304,7.331046,1.060631
26-Jan-2025 14:23:08.217,0.837971,6.722919,1.474828
26-Jan-2025 14:23:08.233,1.628057,6.895301,1.335965
26-Jan-2025 14:23:08.249,1.889025,8.145074,1.022324
26-Jan-2025 14:23:08.265,1.58975,9.773131,0.612916
26-Jan-2025 14:23:08.281,1.00317,11.386824,-0.246603
26-Jan-2025 14:23:08.297,-0.023942,12.440272,-0.445322
26-Jan-2025 14:23:08.313,-0.641646,12.258312,-0.31364
26-Jan-2025 14:23:08.328,-0.373495,11.312603,-0.227449
26-Jan-2025 14:23:08.345,0.521936,10.345345,-0.258574
26-Jan-2025 14:23:08.362,0.998382,9.591172,-0.416591
26-Jan-2025 14:23:08.378,1.218649,9.081207,-0.363919
26-Jan-2025 14:23:08.394,1.25935,8.676587,-0.205901
26-Jan-2025 14:23:08.410,1.264138,8.468291,-0.002394
26-Jan-2025 14:23:08.426,1.115698,8.391677,0.205901
26-Jan-2025 14:23:08.442,0.914585,8.429984,0.342371
26-Jan-2025 14:23:08.458,0.68953,8.451532,0.067038
26-Jan-2025 14:23:08.474,0.392649,8.508993,-0.277727
26-Jan-2025 14:23:08.490,0.28491,8.884883,-0.191536
26-Jan-2025 14:23:08.506,0.407014,9.416395,-0.445322
26-Jan-2025 14:23:08.522,0.471658,9.895236,-0.761356
26-Jan-2025 14:23:08.538,0.433351,10.103531,-0.885855
26-Jan-2025 14:23:08.554,0.428562,10.019734,-0.826
26-Jan-2025 14:23:08.570,0.507571,9.902418,-0.502782
26-Jan-2025 14:23:08.586,0.641646,9.751583,-0.323217
26-Jan-2025 14:23:08.602,0.799663,9.696517,-0.222661
26-Jan-2025 14:23:08.618,0.845153,10.093954,-0.174777
26-Jan-2025 14:23:08.634,0.751779,10.563218,-0.624887
26-Jan-2025 14:23:08.651,0.490811,11.022904,-1.067814
26-Jan-2025 14:23:08.667,0.483629,11.274296,-1.156399
26-Jan-2025 14:23:08.683,0.596156,11.286267,-1.022324
26-Jan-2025 14:23:08.699,0.814029,11.087548,-1.180341
26-Jan-2025 14:23:08.715,0.876278,11.003751,-1.316811
26-Jan-2025 14:23:08.731,0.794875,11.063606,-1.158794
26-Jan-2025 14:23:08.747,0.92895,12.124237,0.222661
26-Jan-2025 14:23:08.763,0.23942,13.026852,0.237026
26-Jan-2025 14:23:08.779,-0.667982,11.856087,-1.661576
26-Jan-2025 14:23:08.795,-0.586579,11.501745,-0.701501
26-Jan-2025 14:23:08.811,-1.01993,11.293449,1.012747
26-Jan-2025 14:23:08.827,-1.654393,10.620679,1.61848
26-Jan-2025 14:23:08.843,-1.386243,9.864111,1.084573
26-Jan-2025 14:23:08.859,-1.290475,9.174581,0.117316
26-Jan-2025 14:23:08.875,-1.381454,8.5473,-0.067038
26-Jan-2025 14:23:08.891,-1.369483,8.535329,1.122881
26-Jan-2025 14:23:08.908,-1.369483,8.856153,1.628057
26-Jan-2025 14:23:08.924,-1.309628,9.272743,0.749385
26-Jan-2025 14:23:08.940,-0.912191,9.725247,-0.260968
26-Jan-2025 14:23:08.956,-0.679953,10.058042,-0.390255
26-Jan-2025 14:23:08.972,-0.481235,9.952697,-0.201113
26-Jan-2025 14:23:08.988,-0.095768,9.528923,-0.246603
26-Jan-2025 14:23:09.004,0.026336,8.966286,-0.416591
26-Jan-2025 14:23:09.020,-0.100556,8.568848,-0.383072
26-Jan-2025 14:23:09.036,-0.220267,8.413225,-0.42138
26-Jan-2025 14:23:09.052,-0.325611,8.339005,-0.596156
26-Jan-2025 14:23:09.068,-0.095768,8.394072,-0.68953
26-Jan-2025 14:23:09.084,0.122104,8.485051,-0.632069
26-Jan-2025 14:23:09.100,-0.064643,8.59279,-0.320823
26-Jan-2025 14:23:09.116,-0.19393,8.801085,-0.177171
26-Jan-2025 14:23:09.132,-0.325611,9.136273,-0.600945
26-Jan-2025 14:23:09.148,-0.445322,9.710882,-1.192312
26-Jan-2025 14:23:09.164,-0.567426,10.297462,-1.479617
26-Jan-2025 14:23:09.181,-0.490811,10.42196,-1.398214
26-Jan-2025 14:23:09.197,-0.538695,10.512939,-1.228225
26-Jan-2025 14:23:09.213,-0.426168,10.381259,-0.679953
26-Jan-2025 14:23:09.229,-0.047884,10.058042,-0.579397
26-Jan-2025 14:23:09.245,0.114922,9.962274,-0.275333
26-Jan-2025 14:23:09.261,0.292093,10.01734,-0.055067
26-Jan-2025 14:23:09.277,0.533907,10.21127,-0.282516
26-Jan-2025 14:23:09.293,0.459687,10.474632,-0.701501
26-Jan-2025 14:23:09.309,0.002394,10.364499,-1.041478
26-Jan-2025 14:23:09.325,-0.04549,10.350134,-0.940921
26-Jan-2025 14:23:09.341,0.371101,10.891224,-0.562637
26-Jan-2025 14:23:09.357,0.814029,11.812991,-0.086191
26-Jan-2025 14:23:09.373,0.605733,12.057199,-0.560243
26-Jan-2025 14:23:09.389,0.804452,11.643003,-0.988805
26-Jan-2025 14:23:09.405,0.6608,11.149797,-0.711078
26-Jan-2025 14:23:09.421,0.500388,9.821015,-0.976834
26-Jan-2025 14:23:09.437,0.608127,8.475474,-0.861913
26-Jan-2025 14:23:09.453,0.986411,7.659051,0.361524
26-Jan-2025 14:23:09.470,1.115698,7.331046,0.979228
26-Jan-2025 14:23:09.486,1.410185,7.910442,0.354342
26-Jan-2025 14:23:09.502,1.99437,8.798691,-0.600945
26-Jan-2025 14:23:09.518,2.147599,9.974244,-0.847547
26-Jan-2025 14:23:09.534,1.661576,11.2312,-0.70629
26-Jan-2025 14:23:09.550,0.227449,11.853693,-1.189918
26-Jan-2025 14:23:09.566,-0.6608,11.506534,-1.644817
26-Jan-2025 14:23:09.582,-1.043872,10.608707,-1.537078
26-Jan-2025 14:23:09.598,-1.106121,9.799467,-1.290475
26-Jan-2025 14:23:09.614,-1.04866,9.224859,-1.098939
26-Jan-2025 14:23:09.630,-0.701501,8.856153,-1.103727
26-Jan-2025 14:23:09.646,-0.057461,8.875306,-1.16837
26-Jan-2025 14:23:09.662,0.366313,9.112331,-1.268927
26-Jan-2025 14:23:09.678,0.579397,9.332599,-1.268927
26-Jan-2025 14:23:09.694,0.61531,9.32781,-1.137246
26-Jan-2025 14:23:09.710,0.512359,9.074024,-1.149217
26-Jan-2025 14:23:09.726,0.277727,8.904037,-1.154005
26-Jan-2025 14:23:09.743,-0.11971,8.930372,-1.012747
26-Jan-2025 14:23:09.759,-0.447716,8.995016,-1.072602
26-Jan-2025 14:23:09.775,-0.572214,9.260772,-1.072602
26-Jan-2025 14:23:09.791,-0.742203,9.586384,-1.137246
26-Jan-2025 14:23:09.807,-0.907402,9.85214,-0.962469
26-Jan-2025 14:23:09.823,-0.933739,9.959879,-0.68953
26-Jan-2025 14:23:09.839,-0.687136,9.813833,-0.447716
26-Jan-2025 14:23:09.855,-0.466869,9.928755,-0.217872
26-Jan-2025 14:23:09.871,-0.114922,10.06283,-0.402226
26-Jan-2025 14:23:09.887,-0.064643,10.577583,-0.92895
26-Jan-2025 14:23:09.903,-0.134075,10.982203,-1.371878
26-Jan-2025 14:23:09.919,-0.325611,11.077971,-1.307234
26-Jan-2025 14:23:09.935,-0.385466,10.979809,-0.90022
26-Jan-2025 14:23:09.951,-0.490811,11.180922,-0.684742
26-Jan-2025 14:23:09.967,-0.636858,11.892,-0.150835
26-Jan-2025 14:23:09.983,-0.620098,12.76349,0.009577
26-Jan-2025 14:23:09.999,-1.273715,12.35887,-1.326388
26-Jan-2025 14:23:10.015,-2.506729,10.615891,-2.425326
26-Jan-2025 14:23:10.031,-3.074155,9.296685,-1.362301
26-Jan-2025 14:23:10.048,-3.236961,8.523358,0.519542
26-Jan-2025 14:23:10.064,-2.832341,7.8865,1.252167
26-Jan-2025 14:23:10.080,-2.149993,7.52737,0.684742
26-Jan-2025 14:23:10.096,-1.522712,7.66384,0.308852
26-Jan-2025 14:23:10.112,-1.06542,7.97748,0.265756
26-Jan-2025 14:23:10.128,-0.821211,8.437167,0.490811
26-Jan-2025 14:23:10.144,-1.039083,9.009381,0.68953
26-Jan-2025 14:23:10.160,-1.640028,9.516952,0.452504
26-Jan-2025 14:23:10.176,-2.375048,9.94312,0.344765
26-Jan-2025 14:23:10.192,-2.964022,10.407595,0.426168
26-Jan-2025 14:23:10.208,-3.359065,10.836157,0.160412
26-Jan-2025 14:23:10.224,-3.438074,11.006145,-0.062249
26-Jan-2025 14:23:10.240,-2.966416,10.773908,-0.021548
26-Jan-2025 14:23:10.256,-2.801216,10.445902,0.251391
26-Jan-2025 14:23:10.272,-2.671929,10.120291,0.409408
26-Jan-2025 14:23:10.288,-2.53546,9.765948,0.390255
26-Jan-2025 14:23:10.304,-2.492364,9.543288,0.378284
26-Jan-2025 14:23:10.321,-2.382231,9.411607,0.409408
26-Jan-2025 14:23:10.337,-2.214637,9.454702,0.339977
26-Jan-2025 14:23:10.353,-2.296039,9.591172,0.234632
26-Jan-2025 14:23:10.369,-2.624045,9.758766,0.241814
26-Jan-2025 14:23:10.385,-2.925714,9.945514,0.208296
26-Jan-2025 14:23:10.401,-3.193865,10.0341,0.31364
26-Jan-2025 14:23:10.417,-3.078943,9.998186,0.308852
26-Jan-2025 14:23:10.433,-2.726996,9.935937,0.275333
26-Jan-2025 14:23:10.449,-2.363077,10.16578,0.505177
26-Jan-2025 14:23:10.465,-1.819593,10.58716,0.658405
26-Jan-2025 14:23:10.481,-1.271321,10.687716,0.237026
26-Jan-2025 14:23:10.497,-0.768539,10.13705,-0.373495
26-Jan-2025 14:23:10.513,-0.529119,9.382876,-0.306458
26-Jan-2025 14:23:10.529,-0.739808,8.983045,0.225055
26-Jan-2025 14:23:10.545,-1.276109,8.693346,0.646434
26-Jan-2025 14:23:10.561,-1.42455,8.628703,0.560243
26-Jan-2025 14:23:10.577,-1.144428,8.887277,0.19393
26-Jan-2025 14:23:10.593,-0.665588,9.296685,-0.122104
26-Jan-2025 14:23:10.609,-0.308852,9.473856,0.02873
26-Jan-2025 14:23:10.626,-0.004788,9.536105,0.196325
26-Jan-2025 14:23:10.642,0.416591,9.629479,0.174777
26-Jan-2025 14:23:10.658,0.905008,9.892841,0.23942
26-Jan-2025 14:23:10.674,1.472434,10.33098,0.59855
26-Jan-2025 14:23:10.690,1.908179,11.075577,0.859518
26-Jan-2025 14:23:10.706,1.836353,11.834539,0.476446
26-Jan-2025 14:23:10.722,0.905008,12.287044,-0.071826
26-Jan-2025 14:23:10.738,0.191536,12.033257,-0.237026
26-Jan-2025 14:23:10.754,0.117316,11.161768,-0.172383
26-Jan-2025 14:23:10.770,0.229843,10.287885,-0.100556
26-Jan-2025 14:23:10.786,0.282516,9.476251,0.11971
26-Jan-2025 14:23:10.802,0.593762,8.904037,0.37589
26-Jan-2025 14:23:10.818,1.072602,8.468291,0.23942
26-Jan-2025 14:23:10.834,1.280898,8.446744,0.229843
26-Jan-2025 14:23:10.850,1.280898,8.65025,0.155623
26-Jan-2025 14:23:10.866,1.340753,8.932767,0.201113
26-Jan-2025 14:23:10.882,1.434127,9.184157,0.45011
26-Jan-2025 14:23:10.899,1.393425,9.342175,0.220267
26-Jan-2025 14:23:10.915,1.079785,9.516952,-0.141258
26-Jan-2025 14:23:10.931,0.713472,9.78989,-0.270545
26-Jan-2025 14:23:10.947,0.507571,10.079589,-0.237026
26-Jan-2025 14:23:10.963,0.502782,10.283096,-0.086191
26-Jan-2025 14:23:10.979,0.754174,10.441113,0.002394
26-Jan-2025 14:23:10.995,1.043872,10.381259,-0.079009
26-Jan-2025 14:23:11.011,1.316811,10.0748,-0.162806
26-Jan-2025 14:23:11.027,1.61848,9.801862,-0.124498
26-Jan-2025 14:23:11.043,1.431733,9.552865,-0.335188
26-Jan-2025 14:23:11.059,1.335965,9.497798,-0.344765
26-Jan-2025 14:23:11.075,1.194707,9.639056,-0.452504
26-Jan-2025 14:23:11.091,1.027112,9.864111,-0.373495
26-Jan-2025 14:23:11.107,0.993594,10.022128,-0.162806
26-Jan-2025 14:23:11.123,0.919373,10.247183,-0.141258
26-Jan-2025 14:23:11.139,0.80924,10.544065,-0.148441
26-Jan-2025 14:23:11.156,0.694318,10.94629,-0.191536
26-Jan-2025 14:23:11.172,0.627281,11.245565,-0.459687
26-Jan-2025 14:23:11.188,0.538695,11.403583,-0.823605
26-Jan-2025 14:23:11.204,0.651223,11.662156,-0.679953
26-Jan-2025 14:23:11.220,0.902614,12.694057,0.002394
26-Jan-2025 14:23:11.236,0.68953,13.508086,-0.521936
26-Jan-2025 14:23:11.252,0.105345,13.354857,-0.301669
26-Jan-2025 14:23:11.268,-0.383072,12.500127,0.428562
26-Jan-2025 14:23:11.284,-0.895431,11.530476,0.653617
26-Jan-2025 14:23:11.300,-1.072602,10.5704,0.948104
26-Jan-2025 14:23:11.316,-0.995988,9.662998,0.730232
26-Jan-2025 14:23:11.332,-1.309628,8.743625,0.325611
26-Jan-2025 14:23:11.348,-1.54426,7.893683,0.320823
26-Jan-2025 14:23:11.364,-1.529895,7.16824,0.785298
26-Jan-2025 14:23:11.380,-1.268927,6.634333,1.616086
26-Jan-2025 14:23:11.396,-0.684742,6.71813,1.678335
26-Jan-2025 14:23:11.412,-0.416591,7.352593,0.845153
26-Jan-2025 14:23:11.428,-0.318429,8.470686,-0.112527
26-Jan-2025 14:23:11.445,-0.225055,9.797073,-0.665588
26-Jan-2025 14:23:11.461,-0.225055,10.785878,-0.217872
26-Jan-2025 14:23:11.477,-0.383072,11.104307,-0.057461
26-Jan-2025 14:23:11.493,-0.476446,10.790668,-0.019154
26-Jan-2025 14:23:11.509,-0.179565,10.120291,-0.531513
26-Jan-2025 14:23:11.525,-0.167594,9.593566,-0.802058
26-Jan-2025 14:23:11.541,-0.181959,9.378088,-0.586579
26-Jan-2025 14:23:11.557,-0.208296,9.136273,-0.110133
26-Jan-2025 14:23:11.573,-0.251391,8.803479,0.055067
26-Jan-2025 14:23:11.589,-0.232238,8.726865,0.110133
26-Jan-2025 14:23:11.605,-0.280122,8.813056,-0.110133
26-Jan-2025 14:23:11.621,-0.268151,8.865729,-0.502782
26-Jan-2025 14:23:11.637,-0.234632,8.951921,-0.699107
26-Jan-2025 14:23:11.653,-0.241814,9.102755,-0.627281
26-Jan-2025 14:23:11.669,-0.277727,9.25359,-0.526724
26-Jan-2025 14:23:11.685,-0.373495,9.224859,-0.612916
26-Jan-2025 14:23:11.701,-0.512359,9.239224,-0.557849
26-Jan-2025 14:23:11.717,-0.40462,9.318233,-0.380678
26-Jan-2025 14:23:11.733,-0.234632,9.478644,-0.296881
26-Jan-2025 14:23:11.750,-0.270545,9.753978,-0.282516
26-Jan-2025 14:23:11.766,-0.248997,9.94312,-0.105345
26-Jan-2025 14:23:11.782,0.026336,10.199299,0.02873
26-Jan-2025 14:23:11.798,0.155623,10.563218,-0.227449
26-Jan-2025 14:23:11.814,0.155623,10.97502,-0.407014
26-Jan-2025 14:23:11.830,0.229843,11.257536,-0.335188
26-Jan-2025 14:23:11.846,0.021548,11.159374,-0.23942
26-Jan-2025 14:23:11.862,-0.186748,10.99178,-0.217872
26-Jan-2025 14:23:11.878,-0.117316,10.977415,-0.237026
26-Jan-2025 14:23:11.894,0.110133,11.386824,-0.220267
26-Jan-2025 14:23:11.910,0.320823,11.621455,-0.126893
26-Jan-2025 14:23:11.926,0.584185,11.980585,0.349553
26-Jan-2025 14:23:11.942,0.486023,12.028469,0.04549
26-Jan-2025 14:23:11.958,0.500388,11.820174,-0.117316
26-Jan-2025 14:23:11.974,0.790087,11.070788,0.055067
26-Jan-2025 14:23:11.990,1.015141,10.06283,0.383072
26-Jan-2025 14:23:12.006,1.086968,9.093178,0.557849
26-Jan-2025 14:23:12.023,0.94571,8.106767,0.201113
26-Jan-2025 14:23:12.039,0.924162,7.184999,-0.052672
26-Jan-2025 14:23:12.055,1.233014,6.320693,0.407014
26-Jan-2025 14:23:12.071,1.786075,5.973533,1.288081
26-Jan-2025 14:23:12.087,2.111686,6.636727,1.577779
26-Jan-2025 14:23:12.103,1.90339,8.200141,0.68953
26-Jan-2025 14:23:12.119,1.666364,10.144233,-0.651223
26-Jan-2025 14:23:12.135,1.529895,12.691663,-1.371878
26-Jan-2025 14:23:12.151,0.802058,13.96059,-0.47884
26-Jan-2025 14:23:12.167,0.19393,12.62702,0.153229
26-Jan-2025 14:23:12.183,0.636858,10.785878,-0.167594
26-Jan-2025 14:23:12.199,0.919373,9.900024,-0.076614
26-Jan-2025 14:23:12.215,0.907402,9.306262,-0.246603
26-Jan-2025 14:23:12.231,1.053449,8.927979,-0.531513
26-Jan-2025 14:23:12.247,1.218649,8.834604,-0.555455
26-Jan-2025 14:23:12.263,1.309628,8.836999,-0.500388
26-Jan-2025 14:23:12.279,1.393425,8.777143,-0.442927
26-Jan-2025 14:23:12.295,1.417367,8.597578,-0.466869
26-Jan-2025 14:23:12.312,1.33357,8.564059,-0.493206
26-Jan-2025 14:23:12.328,1.170765,8.60955,-0.694318
26-Jan-2025 14:23:12.344,0.950498,8.930372,-0.826
26-Jan-2025 14:23:12.360,0.940921,9.339781,-0.756568
26-Jan-2025 14:23:12.376,1.074997,9.749189,-0.423774
26-Jan-2025 14:23:12.392,1.046266,10.067618,-0.19393
26-Jan-2025 14:23:12.408,1.04866,10.417171,0.052672
26-Jan-2025 14:23:12.424,1.015141,10.66138,0.093374
26-Jan-2025 14:23:12.440,0.823605,10.7356,-0.201113
26-Jan-2025 14:23:12.456,0.620098,10.934319,-0.565032
26-Jan-2025 14:23:12.472,0.59855,11.420342,-0.395043
26-Jan-2025 14:23:12.488,0.593762,12.677298,0.505177
26-Jan-2025 14:23:12.504,0.023942,14.259866,0.88346
26-Jan-2025 14:23:12.520,-0.610521,13.378799,-0.675165
26-Jan-2025 14:23:12.536,-0.885855,12.042834,-0.435745
26-Jan-2025 14:23:12.552,-0.97444,10.876859,1.036689
26-Jan-2025 14:23:12.568,-1.252167,9.92636,1.546654
26-Jan-2025 14:23:12.584,-1.328782,9.205706,0.866701
26-Jan-2025 14:23:12.601,-1.352724,8.951921,-0.198719
26-Jan-2025 14:23:12.617,-1.431733,8.925584,-0.205901
26-Jan-2025 14:23:12.632,-1.549049,9.074024,0.842759
26-Jan-2025 14:23:12.649,-1.486799,8.860941,1.189918
26-Jan-2025 14:23:12.665,-1.369483,8.53054,0.775721
26-Jan-2025 14:23:12.681,-0.962469,8.504205,0.337582
26-Jan-2025 14:23:12.697,-0.4956,8.899248,0.052672
26-Jan-2025 14:23:12.713,-0.232238,9.634268,-0.260968
26-Jan-2025 14:23:12.729,-0.201113,9.91439,-0.634463
26-Jan-2025 14:23:12.745,-0.526724,9.756371,-0.574608
26-Jan-2025 14:23:12.761,-0.837971,9.495404,-0.265756
26-Jan-2025 14:23:12.777,-1.053449,9.196129,-0.229843
26-Jan-2025 14:23:12.793,-1.146823,8.75799,-0.184354
26-Jan-2025 14:23:12.809,-0.914585,8.346188,-0.126893
26-Jan-2025 14:23:12.825,-0.54109,8.037335,-0.112527
26-Jan-2025 14:23:12.841,-0.347159,8.161834,0.016759
26-Jan-2025 14:23:12.857,-0.368707,8.698134,-0.146046
26-Jan-2025 14:23:12.873,-0.390255,9.433155,-0.766145
26-Jan-2025 14:23:12.890,-0.629675,9.900024,-1.115698
26-Jan-2025 14:23:12.906,-0.828394,9.804255,-1.266533
26-Jan-2025 14:23:12.922,-0.756568,9.514558,-0.553061
26-Jan-2025 14:23:12.938,-0.529119,9.07163,0.217872
26-Jan-2025 14:23:12.953,-0.526724,9.088389,0.627281
26-Jan-2025 14:23:12.970,-0.454898,9.43076,0.61531
26-Jan-2025 14:23:12.986,-0.684742,9.962274,0.497994
26-Jan-2025 14:23:13.002,-1.098939,10.455479,0.272939
26-Jan-2025 14:23:13.018,-1.584962,10.582372,-0.272939
26-Jan-2025 14:23:13.034,-2.315193,10.577583,-0.04549
26-Jan-2025 14:23:13.050,-2.365471,11.075577,1.225831
26-Jan-2025 14:23:13.066,-1.237802,11.884817,1.659182
26-Jan-2025 14:23:13.082,-0.502782,12.272678,0.452504
26-Jan-2025 14:23:13.098,-0.143652,12.957419,-0.481235
26-Jan-2025 14:23:13.114,0.174777,12.11466,-0.70629
26-Jan-2025 14:23:13.130,-0.31364,10.979809,0.107739
26-Jan-2025 14:23:13.146,-0.521936,10.077195,0.548272
26-Jan-2025 14:23:13.162,-0.270545,9.260772,0.519542
26-Jan-2025 14:23:13.179,0.272939,8.7125,0.737414
26-Jan-2025 14:23:13.195,0.696713,8.41083,0.78051
26-Jan-2025 14:23:13.211,0.617704,8.35337,0.641646
26-Jan-2025 14:23:13.227,0.220267,8.784326,0.533907
26-Jan-2025 14:23:13.243,-0.308852,9.674969,0.205901
26-Jan-2025 14:23:13.259,-1.142034,10.7356,-0.143652
26-Jan-2025 14:23:13.274,-1.951274,11.829751,-0.56982
26-Jan-2025 14:23:13.291,-1.819593,11.336545,-0.160412
26-Jan-2025 14:23:13.307,-1.477222,10.067618,-1.015141
26-Jan-2025 14:23:13.323,-1.776498,9.392453,-0.948104
26-Jan-2025 14:23:13.339,-1.692701,9.186552,-0.227449
26-Jan-2025 14:23:13.355,-1.438915,9.090784,-0.299275
26-Jan-2025 14:23:13.371,-1.410185,9.018958,-0.572214
26-Jan-2025 14:23:13.387,-1.558625,9.112331,-0.433351
26-Jan-2025 14:23:13.403,-1.501164,9.045294,-0.435745
26-Jan-2025 14:23:13.419,-1.338359,8.927979,-0.715866
26-Jan-2025 14:23:13.435,-1.288081,8.853758,-1.144428
26-Jan-2025 14:23:13.452,-1.278504,8.870518,-1.412579
26-Jan-2025 14:23:13.468,-1.228225,8.932767,-1.39582
26-Jan-2025 14:23:13.484,-1.122881,8.927979,-0.962469
26-Jan-2025 14:23:13.500,-1.012747,9.030929,-0.581791
26-Jan-2025 14:23:13.516,-1.070208,9.385271,-0.203507
26-Jan-2025 14:23:13.532,-1.043872,9.710882,-0.512359
26-Jan-2025 14:23:13.548,-0.933739,9.94312,-0.991199
26-Jan-2025 14:23:13.564,-0.837971,10.369287,-1.216254
26-Jan-2025 14:23:13.580,-0.811634,10.702082,-1.268927
26-Jan-2025 14:23:13.596,-0.964863,11.128249,-0.972046
26-Jan-2025 14:23:13.612,-1.175553,12.591106,0.40462
26-Jan-2025 14:23:13.628,-1.431733,14.068329,0.380678
26-Jan-2025 14:23:13.644,-2.142811,14.03481,-0.64404
26-Jan-2025 14:23:13.660,-3.098097,13.215993,0.033519
26-Jan-2025 14:23:13.676,-3.651158,11.853693,1.381454
26-Jan-2025 14:23:13.692,-3.830723,10.479421,1.82917
26-Jan-2025 14:23:13.708,-3.552995,9.452309,1.163582
26-Jan-2025 14:23:13.724,-3.181894,8.738836,0.380678
26-Jan-2025 14:23:13.741,-2.999935,8.312668,0.890643
26-Jan-2025 14:23:13.757,-2.590526,8.013393,1.970428
26-Jan-2025 14:23:13.773,-2.123657,7.730877,2.248155
26-Jan-2025 14:23:13.789,-1.893813,7.539341,1.735796
26-Jan-2025 14:23:13.805,-1.764527,7.735666,1.132457
26-Jan-2025 14:23:13.821,-1.745373,8.604761,0.950498
26-Jan-2025 14:23:13.837,-1.786075,9.540894,0.806846
26-Jan-2025 14:23:13.853,-1.958457,9.876082,0.342371
26-Jan-2025 14:23:13.869,-2.030283,9.753978,0.169988
26-Jan-2025 14:23:13.885,-1.862689,9.387665,0.349553
26-Jan-2025 14:23:13.901,-1.642422,9.100361,0.323217
26-Jan-2025 14:23:13.917,-1.410185,8.746018,0.122104
26-Jan-2025 14:23:13.933,-1.285686,8.355764,0.253785
26-Jan-2025 14:23:13.949,-1.295263,8.085219,0.416591
26-Jan-2025 14:23:13.965,-1.386243,8.051701,0.591368
26-Jan-2025 14:23:13.981,-1.491588,8.293514,0.1652
26-Jan-2025 14:23:13.997,-1.580173,8.779537,-0.624887
26-Jan-2025 14:23:14.013,-1.61848,9.581595,-0.916979
26-Jan-2025 14:23:14.029,-1.496376,10.216059,-0.924162
26-Jan-2025 14:23:14.046,-1.225831,10.402806,-1.005565
26-Jan-2025 14:23:14.062,-1.036689,10.213664,-1.067814
26-Jan-2025 14:23:14.078,-1.01993,9.964667,-0.70629
26-Jan-2025 14:23:14.094,-0.97444,9.636662,-0.227449
26-Jan-2025 14:23:14.110,-0.718261,9.555259,0.047884
26-Jan-2025 14:23:14.126,-0.423774,9.976639,-0.181959
26-Jan-2025 14:23:14.142,-0.368707,10.893618,-0.550666
26-Jan-2025 14:23:14.158,-0.773327,12.033257,-0.924162
26-Jan-2025 14:23:14.174,-1.345541,12.588713,-1.225831
26-Jan-2025 14:23:14.190,-1.163582,12.648567,-1.149217
26-Jan-2025 14:23:14.206,-0.387861,12.761095,-0.641646
26-Jan-2025 14:23:14.222,0.131681,12.107478,-0.500388
26-Jan-2025 14:23:14.238,0.591368,11.061212,-0.383072
26-Jan-2025 14:23:14.254,0.895431,10.70687,0.553061
26-Jan-2025 14:23:14.270,0.727837,10.486604,1.106121
26-Jan-2025 14:23:14.286,0.581791,10.156203,0.749385
26-Jan-2025 14:23:14.302,0.823605,9.574412,0.349553
26-Jan-2025 14:23:14.319,1.09415,8.932767,0.790087
26-Jan-2025 14:23:14.335,1.369483,8.422802,1.182736
26-Jan-2025 14:23:14.351,1.541866,8.291121,1.51553
26-Jan-2025 14:23:14.367,1.582567,8.626308,1.364695
26-Jan-2025 14:23:14.383,1.192312,9.066842,0.907402
26-Jan-2025 14:23:14.399,0.744597,9.342175,0.545878
26-Jan-2025 14:23:14.415,0.217872,9.533711,0.699107
26-Jan-2025 14:23:14.431,-0.296881,9.500193,0.517148
26-Jan-2025 14:23:14.447,-0.4956,9.452309,-0.026336
26-Jan-2025 14:23:14.463,-0.567426,9.646238,-0.292093
26-Jan-2025 14:23:14.479,-0.368707,9.792285,-0.366313
26-Jan-2025 14:23:14.495,0.232238,9.888053,-0.459687
26-Jan-2025 14:23:14.511,0.80924,9.703699,-0.684742
26-Jan-2025 14:23:14.527,1.063026,9.459491,-0.464475
26-Jan-2025 14:23:14.543,0.988805,9.090784,-0.136469
26-Jan-2025 14:23:14.559,0.720655,8.827422,-0.191536
26-Jan-2025 14:23:14.575,0.378284,8.829816,-0.521936
26-Jan-2025 14:23:14.591,0.134075,8.968679,-0.888249
26-Jan-2025 14:23:14.608,-0.007183,9.325416,-1.113304
26-Jan-2025 14:23:14.624,0.158017,9.646238,-1.122881
26-Jan-2025 14:23:14.640,0.476446,9.631873,-1.359907
26-Jan-2025 14:23:14.656,0.864307,9.5385,-1.400608
26-Jan-2025 14:23:14.672,1.09415,9.471462,-1.426944
26-Jan-2025 14:23:14.688,1.036689,9.23683,-1.525106
26-Jan-2025 14:23:14.704,0.964863,8.868123,-1.587356
26-Jan-2025 14:23:14.720,0.979228,8.774749,-1.534683
26-Jan-2025 14:23:14.736,1.041478,8.927979,-1.522712
26-Jan-2025 14:23:14.752,1.115698,9.287108,-1.630451
26-Jan-2025 14:23:14.768,1.283292,9.533711,-1.80044
26-Jan-2025 14:23:14.784,1.503559,9.452309,-1.872266
26-Jan-2025 14:23:14.800,1.70946,9.428367,-1.436521
26-Jan-2025 14:23:14.816,1.630451,9.569624,-1.199495
26-Jan-2025 14:23:14.832,1.206678,9.667787,-1.446098
26-Jan-2025 14:23:14.848,0.766145,9.689334,-1.675941
26-Jan-2025 14:23:14.865,0.332794,9.643845,-1.805228
26-Jan-2025 14:23:14.881,0.04549,9.339781,-1.522712
26-Jan-2025 14:23:14.897,0.184354,8.753201,-1.323994
26-Jan-2025 14:23:14.913,0.581791,8.300697,-1.010353
26-Jan-2025 14:23:14.929,0.962469,7.90326,-0.893037
26-Jan-2025 14:23:14.945,1.134852,7.388506,-0.861913
26-Jan-2025 14:23:14.961,1.173159,6.840234,-0.756568
26-Jan-2025 14:23:14.977,1.125275,6.344635,-0.675165
26-Jan-2025 14:23:14.993,0.905008,5.889736,-0.751779
26-Jan-2025 14:23:15.009,0.529119,5.461174,-0.830788
26-Jan-2025 14:23:15.025,0.150835,5.121197,-0.632069
26-Jan-2025 14:23:15.041,-0.220267,4.809951,-0.222661
26-Jan-2025 14:23:15.057,-0.270545,4.623203,0.122104
26-Jan-2025 14:23:15.073,0.055067,4.450821,0.268151
26-Jan-2025 14:23:15.089,0.715866,4.493917,0.514753
26-Jan-2025 14:23:15.105,1.369483,4.939238,1.084573
26-Jan-2025 14:23:15.121,1.721431,5.363012,0.92895
26-Jan-2025 14:23:15.138,1.592144,5.576096,0.09098
26-Jan-2025 14:23:15.154,1.405396,5.556942,-0.88346
26-Jan-2025 14:23:15.170,1.728614,5.365406,-0.897826
26-Jan-2025 14:23:15.186,2.772485,5.003881,0.248997
26-Jan-2025 14:23:15.202,3.86903,4.58729,0.97444
26-Jan-2025 14:23:15.218,4.699818,3.550601,0.435745
26-Jan-2025 14:23:15.234,4.314352,2.753332,-0.749385
26-Jan-2025 14:23:15.250,3.952827,3.040636,0.344765
26-Jan-2025 14:23:15.266,3.665523,3.296816,3.780444
26-Jan-2025 14:23:15.282,3.081338,3.598485,3.916914
26-Jan-2025 14:23:15.298,2.30801,3.955221,2.377442
26-Jan-2025 14:23:15.314,0.186748,4.967968,0.988805
26-Jan-2025 14:23:15.330,-2.588132,6.629545,2.118869
26-Jan-2025 14:23:15.346,-5.494693,7.13951,3.069367
26-Jan-2025 14:23:15.362,-6.411672,5.997475,5.011064
26-Jan-2025 14:23:15.378,-4.955997,8.183381,3.691859
26-Jan-2025 14:23:15.394,-3.217807,10.766725,-4.757279
26-Jan-2025 14:23:15.410,-2.583344,11.250354,-6.294356
26-Jan-2025 14:23:15.427,-2.305616,10.093954,1.419762
26-Jan-2025 14:23:15.443,-4.522647,6.859388,-0.663194
26-Jan-2025 14:23:15.459,-14.449007,7.103596,-3.574543
26-Jan-2025 14:23:15.475,-21.997925,13.445837,-9.993398
26-Jan-2025 14:23:15.491,-21.198261,20.683508,-9.811439
26-Jan-2025 14:23:15.507,-17.338808,25.450363,-15.452178
26-Jan-2025 14:23:15.523,-16.364368,18.839973,-15.31092
26-Jan-2025 14:23:15.539,-17.827227,8.583213,-16.869545
26-Jan-2025 14:23:15.555,-16.642096,-7.52737,-23.549368
26-Jan-2025 14:23:15.571,-11.295844,-21.420923,-20.556616
26-Jan-2025 14:23:15.587,-5.190629,-24.751257,-18.320431
26-Jan-2025 14:23:15.603,-1.699883,-16.067488,-18.02355
26-Jan-2025 14:23:15.619,-1.884237,-7.513005,-19.357121
26-Jan-2025 14:23:15.635,-0.756568,-2.037466,-16.570271
26-Jan-2025 14:23:15.651,0.924162,1.625663,-13.934254
26-Jan-2025 14:23:15.667,1.403002,1.812411,-11.729194
26-Jan-2025 14:23:15.683,3.023877,-2.003947,-12.988544
26-Jan-2025 14:23:15.700,6.366182,-7.996634,-12.423512
26-Jan-2025 14:23:15.716,8.135497,-11.382035,-8.228871
26-Jan-2025 14:23:15.732,7.654263,-11.700463,-5.700594
26-Jan-2025 14:23:15.748,6.093243,-8.856153,-5.741296
26-Jan-2025 14:23:15.764,4.984728,-4.378995,-5.796362
26-Jan-2025 14:23:15.780,5.044583,-1.022324,-6.263232
26-Jan-2025 14:23:15.796,4.733337,1.273715,-6.916849
26-Jan-2025 14:23:15.812,3.330335,2.791639,-8.094796
26-Jan-2025 14:23:15.828,2.537854,2.545036,-9.19134
26-Jan-2025 14:23:15.844,3.150769,0.514753,-9.864111
26-Jan-2025 14:23:15.860,3.768473,-2.851494,-10.496181
26-Jan-2025 14:23:15.876,3.600879,-5.439626,-11.149797
26-Jan-2025 14:23:15.892,3.160346,-6.466739,-10.486604
26-Jan-2025 14:23:15.908,1.929727,-5.449203,-9.497798
26-Jan-2025 14:23:15.924,0.699107,-3.371036,-9.421184
26-Jan-2025 14:23:15.940,0.217872,-1.438915,-10.25676
26-Jan-2025 14:23:15.956,0.35913,-0.35913,-10.783484
26-Jan-2025 14:23:15.972,0.725443,0.251391,-10.13705
26-Jan-2025 14:23:15.989,-0.081403,-0.416591,-10.809821
26-Jan-2025 14:23:16.005,-0.723049,-1.233014,-10.730812
26-Jan-2025 14:23:16.021,-1.343147,-1.596933,-8.750807
26-Jan-2025 14:23:16.037,-1.865083,-1.896208,-9.325416
26-Jan-2025 14:23:16.053,-1.912967,-1.795651,-10.163386
26-Jan-2025 14:23:16.069,-2.145205,-1.381454,-10.424355
26-Jan-2025 14:23:16.085,-2.844312,-0.952892,-9.679757
26-Jan-2025 14:23:16.101,-2.873042,-0.545878,-9.727641
26-Jan-2025 14:23:16.117,-2.367866,-0.6608,-10.67814
26-Jan-2025 14:23:16.133,-1.170765,-0.773327,-11.099519
26-Jan-2025 14:23:16.149,-0.306458,-0.823605,-10.448297
26-Jan-2025 14:23:16.165,0.28491,-1.098939,-9.871294
26-Jan-2025 14:23:16.181,0.744597,-1.072602,-9.112331
26-Jan-2025 14:23:16.197,0.490811,-0.572214,-6.818686
26-Jan-2025 14:23:16.213,-0.117316,-0.294487,-6.141128
26-Jan-2025 14:23:16.229,-0.258574,0.344765,-6.306327
26-Jan-2025 14:23:16.245,-0.670376,1.905785,-8.559271
26-Jan-2025 14:23:16.261,-1.084573,3.490746,-8.626308
26-Jan-2025 14:23:16.278,-0.90022,4.144363,-7.438785
26-Jan-2025 14:23:16.294,-0.672771,3.849876,-6.938396
26-Jan-2025 14:23:16.310,-1.400608,3.552995,-7.615956
26-Jan-2025 14:23:16.326,-3.409343,3.423708,-10.42196
26-Jan-2025 14:23:16.342,-5.085284,3.818752,-11.997345
26-Jan-2025 14:23:16.358,-4.812346,3.244143,-11.908759
26-Jan-2025 14:23:16.374,-4.481946,3.428497,-11.611878
26-Jan-2025 14:23:16.390,-2.645593,1.975216,-10.915166
26-Jan-2025 14:23:16.406,0.294487,0.392649,-10.884041
26-Jan-2025 14:23:16.422,2.956839,-1.211466,-10.546458
26-Jan-2025 14:23:16.438,4.067749,-2.935291,-6.878541
26-Jan-2025 14:23:16.454,2.365471,-1.177947,-7.21373
26-Jan-2025 14:23:16.470,0.696713,1.130063,-9.998186
26-Jan-2025 14:23:16.486,-2.094927,2.135628,-10.000581
26-Jan-2025 14:23:16.502,-2.5187,0.768539,-10.800244
26-Jan-2025 14:23:16.518,-2.138022,-0.557849,-10.189722
26-Jan-2025 14:23:16.534,-2.681506,-0.972046,-9.354146
26-Jan-2025 14:23:16.550,-3.196259,-1.388637,-8.868123
26-Jan-2025 14:23:16.566,-2.875436,-1.290475,-8.92319
26-Jan-2025 14:23:16.583,-1.884237,-1.23062,-9.548077
26-Jan-2025 14:23:16.599,-0.991199,-1.51553,-9.770737
26-Jan-2025 14:23:16.615,-0.363919,-1.936909,-9.595961
26-Jan-2025 14:23:16.631,0.244209,-2.475605,-9.49301
26-Jan-2025 14:23:16.647,0.699107,-2.791639,-9.325416
26-Jan-2025 14:23:16.663,0.806846,-2.990358,-9.461885
26-Jan-2025 14:23:16.679,0.435745,-2.861071,-9.512163
26-Jan-2025 14:23:16.695,0.122104,-2.559402,-9.610326
26-Jan-2025 14:23:16.711,-0.100556,-2.056619,-9.756371
26-Jan-2025 14:23:16.727,-0.248997,-1.491588,-9.756371
26-Jan-2025 14:23:16.743,-0.222661,-1.04866,-9.655815
26-Jan-2025 14:23:16.759,-0.126893,-0.773327,-9.744401
26-Jan-2025 14:23:16.775,-0.067038,-0.577003,-10.060435
26-Jan-2025 14:23:16.791,-0.186748,-0.399832,-10.254366
26-Jan-2025 14:23:16.807,-0.430956,-0.184354,-10.098742
26-Jan-2025 14:23:16.823,-0.639252,-0.007183,-9.878476
26-Jan-2025 14:23:16.839,-0.775721,0.138864,-9.825804
26-Jan-2025 14:23:16.855,-0.876278,0.251391,-9.811439
26-Jan-2025 14:23:16.871,-0.948104,0.366313,-9.684546
26-Jan-2025 14:23:16.888,-1.005565,0.471658,-9.507375
26-Jan-2025 14:23:16.904,-1.101333,0.622492,-9.509769
26-Jan-2025 14:23:16.920,-1.00317,0.773327,-9.68694
26-Jan-2025 14:23:16.936,-1.082179,0.881066,-9.617508
26-Jan-2025 14:23:16.952,-0.984017,0.708684,-9.581595
26-Jan-2025 14:23:16.968,-0.964863,0.459687,-9.574412
26-Jan-2025 14:23:16.984,-1.063026,0.241814,-9.674969
26-Jan-2025 14:23:17.000,-0.857124,-0.059855,-9.473856
26-Jan-2025 14:23:17.016,-0.785298,-0.311246,-9.351752
26-Jan-2025 14:23:17.032,-0.919373,-0.509965,-9.320627
26-Jan-2025 14:23:17.048,-0.866701,-0.799663,-9.478644
26-Jan-2025 14:23:17.064,-0.814029,-1.13964,-9.516952
26-Jan-2025 14:23:17.080,-0.919373,-1.321599,-9.421184
26-Jan-2025 14:23:17.096,-0.979228,-1.42455,-9.428367
26-Jan-2025 14:23:17.112,-1.031901,-1.422156,-9.457097
26-Jan-2025 14:23:17.128,-0.931344,-1.47004,-9.440337
26-Jan-2025 14:23:17.144,-0.85473,-1.386243,-9.560047
26-Jan-2025 14:23:17.160,-0.797269,-1.273715,-9.667787
26-Jan-2025 14:23:17.176,-0.711078,-1.206678,-9.684546
26-Jan-2025 14:23:17.193,-0.684742,-1.206678,-9.773131
26-Jan-2025 14:23:17.209,-0.617704,-1.192312,-9.842564
26-Jan-2025 14:23:17.225,-0.466869,-1.144428,-9.828198
26-Jan-2025 14:23:17.241,-0.371101,-1.017536,-9.746795
26-Jan-2025 14:23:17.257,-0.354342,-0.816423,-9.574412
26-Jan-2025 14:23:17.273,-0.373495,-0.646434,-9.607931
26-Jan-2025 14:23:17.289,-0.430956,-0.418985,-9.586384
26-Jan-2025 14:23:17.305,-0.469264,-0.28491,-9.67018
26-Jan-2025 14:23:17.321,-0.593762,-0.203507,-9.674969
26-Jan-2025 14:23:17.337,-0.6608,-0.122104,-9.615114
26-Jan-2025 14:23:17.353,-0.691924,-0.102951,-9.560047
26-Jan-2025 14:23:17.369,-0.682347,-0.122104,-9.615114
26-Jan-2025 14:23:17.385,-0.682347,-0.138864,-9.64145
26-Jan-2025 14:23:17.401,-0.751779,-0.153229,-9.672575
26-Jan-2025 14:23:17.417,-0.845153,-0.181959,-9.722853
26-Jan-2025 14:23:17.433,-0.871489,-0.263362,-9.619903
26-Jan-2025 14:23:17.449,-0.888249,-0.351948,-9.531317
26-Jan-2025 14:23:17.465,-0.888249,-0.464475,-9.543288
26-Jan-2025 14:23:17.481,-0.866701,-0.577003,-9.52174
26-Jan-2025 14:23:17.498,-0.837971,-0.658405,-9.555259
26-Jan-2025 14:23:17.514,-0.830788,-0.787692,-9.543288
26-Jan-2025 14:23:17.530,-0.840365,-0.85473,-9.533711
26-Jan-2025 14:23:17.546,-0.852336,-0.90022,-9.555259
26-Jan-2025 14:23:17.562,-0.888249,-0.893037,-9.524135
26-Jan-2025 14:23:17.578,-0.845153,-0.876278,-9.562442
26-Jan-2025 14:23:17.594,-0.770933,-0.816423,-9.682152
26-Jan-2025 14:23:17.610,-0.663194,-0.830788,-9.5385
26-Jan-2025 14:23:17.626,-0.78051,-0.773327,-9.610326
26-Jan-2025 14:23:17.642,-0.799663,-0.758962,-9.540894
26-Jan-2025 14:23:17.658,-0.584185,-0.794875,-9.65821
26-Jan-2025 14:23:17.674,-0.670376,-0.720655,-9.828198
26-Jan-2025 14:23:17.690,-0.840365,-0.61531,-9.543288
26-Jan-2025 14:23:17.706,-0.794875,-0.560243,-9.495404
26-Jan-2025 14:23:17.722,-0.61531,-0.500388,-9.603143
26-Jan-2025 14:23:17.738,-0.497994,-0.42138,-9.648633
26-Jan-2025 14:23:17.754,-0.474052,-0.368707,-9.662998
26-Jan-2025 14:23:17.770,-0.605733,-0.325611,-9.648633
26-Jan-2025 14:23:17.787,-0.646434,-0.390255,-9.564836
26-Jan-2025 14:23:17.803,-0.708684,-0.466869,-9.64145
26-Jan-2025 14:23:17.819,-0.713472,-0.526724,-9.662998
26-Jan-2025 14:23:17.835,-0.711078,-0.565032,-9.648633
26-Jan-2025 14:23:17.851,-0.713472,-0.574608,-9.660604
26-Jan-2025 14:23:17.867,-0.768539,-0.581791,-9.497798
26-Jan-2025 14:23:17.883,-0.720655,-0.603339,-9.5385
26-Jan-2025 14:23:17.899,-0.749385,-0.612916,-9.574412
26-Jan-2025 14:23:17.915,-0.766145,-0.670376,-9.674969
26-Jan-2025 14:23:17.931,-0.806846,-0.684742,-9.586384
26-Jan-2025 14:23:17.947,-0.799663,-0.694318,-9.569624
26-Jan-2025 14:23:17.963,-0.782904,-0.730232,-9.610326
26-Jan-2025 14:23:17.979,-0.76375,-0.687136,-9.600749
26-Jan-2025 14:23:17.995,-0.775721,-0.696713,-9.627085
26-Jan-2025 14:23:18.011,-0.775721,-0.648829,-9.660604
26-Jan-2025 14:23:18.027,-0.761356,-0.61531,-9.665392
26-Jan-2025 14:23:18.043,-0.799663,-0.591368,-9.629479
26-Jan-2025 14:23:18.059,-0.770933,-0.567426,-9.56723
26-Jan-2025 14:23:18.075,-0.737414,-0.574608,-9.591172
26-Jan-2025 14:23:18.092,-0.713472,-0.548272,-9.603143
26-Jan-2025 14:23:18.108,-0.713472,-0.507571,-9.579201
26-Jan-2025 14:23:18.124,-0.701501,-0.519542,-9.579201
26-Jan-2025 14:23:18.140,-0.70629,-0.519542,-9.607931
26-Jan-2025 14:23:18.156,-0.694318,-0.529119,-9.607931
26-Jan-2025 14:23:18.172,-0.665588,-0.557849,-9.629479
26-Jan-2025 14:23:18.188,-0.687136,-0.56982,-9.622296
26-Jan-2025 14:23:18.204,-0.703895,-0.581791,-9.627085
26-Jan-2025 14:23:18.220,-0.682347,-0.584185,-9.600749
26-Jan-2025 14:23:18.236,-0.694318,-0.596156,-9.631873
26-Jan-2025 14:23:18.252,-0.691924,-0.605733,-9.624691
26-Jan-2025 14:23:18.268,-0.699107,-0.608127,-9.607931
26-Jan-2025 14:23:18.284,-0.718261,-0.617704,-9.624691
26-Jan-2025 14:23:18.300,-0.730232,-0.59855,-9.646238
26-Jan-2025 14:23:18.316,-0.73502,-0.608127,-9.607931
26-Jan-2025 14:23:18.332,-0.737414,-0.617704,-9.588778
26-Jan-2025 14:23:18.348,-0.751779,-0.608127,-9.528923
26-Jan-2025 14:23:18.365,-0.775721,-0.605733,-9.533711
26-Jan-2025 14:23:18.381,-0.818817,-0.610521,-9.615114
26-Jan-2025 14:23:18.396,-0.804452,-0.579397,-9.624691
26-Jan-2025 14:23:18.413,-0.696713,-0.591368,-9.710882
26-Jan-2025 14:23:18.429,-0.720655,-0.553061,-9.5385
26-Jan-2025 14:23:18.445,-0.667982,-0.588974,-9.545682
26-Jan-2025 14:23:18.461,-0.902614,-0.553061,-9.562442
26-Jan-2025 14:23:18.477,-0.634463,-0.636858,-9.471462
26-Jan-2025 14:23:18.493,-0.565032,-0.648829,-9.818622
26-Jan-2025 14:23:18.509,-0.893037,-0.519542,-9.648633
26-Jan-2025 14:23:18.525,-0.926556,-0.560243,-9.495404
26-Jan-2025 14:23:18.541,-0.701501,-0.579397,-9.646238
26-Jan-2025 14:23:18.557,-0.591368,-0.567426,-9.619903
26-Jan-2025 14:23:18.572,-0.591368,-0.52433,-9.572019
26-Jan-2025 14:23:18.589,-0.725443,-0.462081,-9.662998
26-Jan-2025 14:23:18.605,-0.782904,-0.47884,-9.667787
26-Jan-2025 14:23:18.621,-0.80924,-0.557849,-9.605537
26-Jan-2025 14:23:18.637,-0.758962,-0.617704,-9.598354
26-Jan-2025 14:23:18.654,-0.696713,-0.629675,-9.600749
26-Jan-2025 14:23:18.670,-0.672771,-0.632069,-9.619903
26-Jan-2025 14:23:18.686,-0.694318,-0.605733,-9.569624
26-Jan-2025 14:23:18.702,-0.715866,-0.586579,-9.526528
26-Jan-2025 14:23:18.718,-0.720655,-0.612916,-9.588778
26-Jan-2025 14:23:18.734,-0.696713,-0.667982,-9.586384
26-Jan-2025 14:23:18.750,-0.727837,-0.6608,-9.684546
26-Jan-2025 14:23:18.766,-0.792481,-0.624887,-9.583989
26-Jan-2025 14:23:18.782,-0.758962,-0.61531,-9.581595
26-Jan-2025 14:23:18.798,-0.742203,-0.588974,-9.64145
26-Jan-2025 14:23:18.814,-0.73502,-0.579397,-9.636662
26-Jan-2025 14:23:18.830,-0.727837,-0.536301,-9.636662
26-Jan-2025 14:23:18.846,-0.737414,-0.52433,-9.665392
26-Jan-2025 14:23:18.862,-0.744597,-0.533907,-9.682152
26-Jan-2025 14:23:18.878,-0.768539,-0.533907,-9.619903
26-Jan-2025 14:23:18.894,-0.761356,-0.519542,-9.562442
26-Jan-2025 14:23:18.911,-0.727837,-0.526724,-9.55047
26-Jan-2025 14:23:18.927,-0.739808,-0.538695,-9.600749
26-Jan-2025 14:23:18.943,-0.723049,-0.605733,-9.500193
26-Jan-2025 14:23:18.959,-0.73502,-0.612916,-9.562442
26-Jan-2025 14:23:18.975,-0.85473,-0.555455,-9.720459
26-Jan-2025 14:23:18.991,-0.833182,-0.52433,-9.682152
26-Jan-2025 14:23:19.007,-0.691924,-0.574608,-9.583989
26-Jan-2025 14:23:19.023,-0.632069,-0.600945,-9.552865
26-Jan-2025 14:23:19.039,-0.622492,-0.64404,-9.607931
26-Jan-2025 14:23:19.055,-0.600945,-0.627281,-9.598354
26-Jan-2025 14:23:19.071,-0.653617,-0.641646,-9.502586
26-Jan-2025 14:23:19.087,-0.73502,-0.653617,-9.682152
26-Jan-2025 14:23:19.103,-0.665588,-0.679953,-9.629479
26-Jan-2025 14:23:19.119,-0.725443,-0.648829,-9.627085
26-Jan-2025 14:23:19.135,-0.778116,-0.653617,-9.631873
26-Jan-2025 14:23:19.151,-0.802058,-0.64404,-9.631873
26-Jan-2025 14:23:19.167,-0.794875,-0.61531,-9.595961
26-Jan-2025 14:23:19.184,-0.758962,-0.627281,-9.586384
26-Jan-2025 14:23:19.200,-0.749385,-0.591368,-9.531317
26-Jan-2025 14:23:19.216,-0.785298,-0.567426,-9.629479
26-Jan-2025 14:23:19.232,-0.787692,-0.545878,-9.622296
26-Jan-2025 14:23:19.248,-0.713472,-0.538695,-9.581595
26-Jan-2025 14:23:19.264,-0.701501,-0.553061,-9.65821
26-Jan-2025 14:23:19.280,-0.620098,-0.577003,-9.457097
26-Jan-2025 14:23:19.296,-0.840365,-0.519542,-9.631873
26-Jan-2025 14:23:19.312,-0.711078,-0.490811,-9.490616
26-Jan-2025 14:23:19.328,-0.497994,-0.632069,-9.698911
26-Jan-2025 14:23:19.344,-0.751779,-0.553061,-9.749189
26-Jan-2025 14:23:19.360,-0.90022,-0.52433,-9.49301
26-Jan-2025 14:23:19.376,-0.770933,-0.560243,-9.581595
26-Jan-2025 14:23:19.392,-0.610521,-0.538695,-9.67018
26-Jan-2025 14:23:19.408,-0.600945,-0.555455,-9.603143
26-Jan-2025 14:23:19.424,-0.656011,-0.529119,-9.662998
26-Jan-2025 14:23:19.440,-0.751779,-0.526724,-9.648633
26-Jan-2025 14:23:19.457,-0.799663,-0.588974,-9.579201
26-Jan-2025 14:23:19.473,-0.78051,-0.653617,-9.598354
26-Jan-2025 14:23:19.489,-0.742203,-0.677559,-9.615114
26-Jan-2025 14:23:19.505,-0.708684,-0.646434,-9.660604
26-Jan-2025 14:23:19.521,-0.720655,-0.586579,-9.607931
26-Jan-2025 14:23:19.537,-0.754174,-0.567426,-9.504981
26-Jan-2025 14:23:19.553,-0.76375,-0.603339,-9.61272
26-Jan-2025 14:23:19.569,-0.718261,-0.634463,-9.552865
26-Jan-2025 14:23:19.585,-0.70629,-0.627281,-9.674969
26-Jan-2025 14:23:19.601,-0.785298,-0.593762,-9.619903
26-Jan-2025 14:23:19.617,-0.761356,-0.581791,-9.598354
26-Jan-2025 14:23:19.633,-0.711078,-0.579397,-9.624691
26-Jan-2025 14:23:19.649,-0.699107,-0.567426,-9.615114
26-Jan-2025 14:23:19.665,-0.696713,-0.536301,-9.639056
26-Jan-2025 14:23:19.681,-0.720655,-0.519542,-9.667787
26-Jan-2025 14:23:19.697,-0.725443,-0.529119,-9.672575
26-Jan-2025 14:23:19.713,-0.742203,-0.519542,-9.648633
26-Jan-2025 14:23:19.729,-0.746991,-0.538695,-9.593566
26-Jan-2025 14:23:19.746,-0.725443,-0.557849,-9.572019
26-Jan-2025 14:23:19.762,-0.715866,-0.557849,-9.586384
26-Jan-2025 14:23:19.778,-0.723049,-0.567426,-9.569624
26-Jan-2025 14:23:19.794,-0.727837,-0.579397,-9.603143
26-Jan-2025 14:23:19.810,-0.727837,-0.59855,-9.615114
26-Jan-2025 14:23:19.826,-0.718261,-0.620098,-9.631873
26-Jan-2025 14:23:19.842,-0.701501,-0.632069,-9.586384
26-Jan-2025 14:23:19.858,-0.70629,-0.632069,-9.593566
26-Jan-2025 14:23:19.874,-0.739808,-0.634463,-9.593566
26-Jan-2025 14:23:19.890,-0.76375,-0.608127,-9.646238
26-Jan-2025 14:23:19.906,-0.737414,-0.596156,-9.610326
26-Jan-2025 14:23:19.922,-0.742203,-0.586579,-9.61272
26-Jan-2025 14:23:19.938,-0.727837,-0.56982,-9.607931
26-Jan-2025 14:23:19.954,-0.732626,-0.574608,-9.603143
26-Jan-2025 14:23:19.970,-0.751779,-0.557849,-9.617508
26-Jan-2025 14:23:19.986,-0.751779,-0.581791,-9.629479
26-Jan-2025 14:23:20.002,-0.785298,-0.586579,-9.557653
26-Jan-2025 14:23:20.019,-0.749385,-0.52433,-9.562442
26-Jan-2025 14:23:20.035,-0.68953,-0.474052,-9.600749
26-Jan-2025 14:23:20.051,-0.691924,-0.440533,-9.643845
26-Jan-2025 14:23:20.067,-0.708684,-0.469264,-9.737218
26-Jan-2025 14:23:20.083,-0.651223,-0.617704,-9.629479
26-Jan-2025 14:23:20.099,-0.70629,-0.684742,-9.758766
26-Jan-2025 14:23:20.115,-0.691924,-0.646434,-9.43076
26-Jan-2025 14:23:20.131,-0.833182,-0.663194,-9.634268
26-Jan-2025 14:23:20.147,-0.957681,-0.548272,-9.497798
26-Jan-2025 14:23:20.163,-0.620098,-0.620098,-9.485827
26-Jan-2025 14:23:20.179,-0.694318,-0.519542,-9.842564
26-Jan-2025 14:23:20.195,-0.881066,-0.45011,-9.488221
26-Jan-2025 14:23:20.211,-0.818817,-0.502782,-9.497798
26-Jan-2025 14:23:20.227,-0.600945,-0.557849,-9.67018
26-Jan-2025 14:23:20.243,-0.557849,-0.588974,-9.603143
26-Jan-2025 14:23:20.259,-0.596156,-0.548272,-9.552865
26-Jan-2025 14:23:20.275,-0.711078,-0.512359,-9.662998
26-Jan-2025 14:23:20.291,-0.785298,-0.533907,-9.624691
26-Jan-2025 14:23:20.308,-0.775721,-0.588974,-9.617508
26-Jan-2025 14:23:20.324,-0.768539,-0.641646,-9.603143
26-Jan-2025 14:23:20.340,-0.727837,-0.636858,-9.662998
26-Jan-2025 14:23:20.356,-0.699107,-0.608127,-9.631873
26-Jan-2025 14:23:20.372,-0.699107,-0.600945,-9.464279
26-Jan-2025 14:23:20.388,-0.711078,-0.605733,-9.619903
26-Jan-2025 14:23:20.404,-0.742203,-0.612916,-9.531317
26-Jan-2025 14:23:20.420,-0.701501,-0.600945,-9.631873
26-Jan-2025 14:23:20.436,-0.80924,-0.56982,-9.660604
26-Jan-2025 14:23:20.452,-0.811634,-0.538695,-9.622296
26-Jan-2025 14:23:20.468,-0.703895,-0.529119,-9.617508
26-Jan-2025 14:23:20.484,-0.715866,-0.538695,-9.600749
26-Jan-2025 14:23:20.500,-0.727837,-0.517148,-9.622296
26-Jan-2025 14:23:20.516,-0.749385,-0.488417,-9.691729
26-Jan-2025 14:23:20.532,-0.773327,-0.490811,-9.713276
26-Jan-2025 14:23:20.548,-0.746991,-0.54109,-9.667787
26-Jan-2025 14:23:20.564,-0.775721,-0.557849,-9.593566
26-Jan-2025 14:23:20.580,-0.761356,-0.543484,-9.574412
26-Jan-2025 14:23:20.597,-0.73502,-0.567426,-9.591172
26-Jan-2025 14:23:20.613,-0.73502,-0.577003,-9.586384
26-Jan-2025 14:23:20.629,-0.732626,-0.612916,-9.595961
26-Jan-2025 14:23:20.645,-0.715866,-0.622492,-9.605537
26-Jan-2025 14:23:20.661,-0.715866,-0.603339,-9.617508
26-Jan-2025 14:23:20.677,-0.691924,-0.608127,-9.634268
26-Jan-2025 14:23:20.693,-0.682347,-0.612916,-9.607931
26-Jan-2025 14:23:20.709,-0.703895,-0.61531,-9.600749
26-Jan-2025 14:23:20.725,-0.718261,-0.620098,-9.588778
26-Jan-2025 14:23:20.741,-0.732626,-0.59855,-9.607931
26-Jan-2025 14:23:20.757,-0.749385,-0.584185,-9.605537
26-Jan-2025 14:23:20.773,-0.746991,-0.565032,-9.629479
26-Jan-2025 14:23:20.789,-0.73502,-0.548272,-9.615114
26-Jan-2025 14:23:20.805,-0.756568,-0.54109,-9.648633
26-Jan-2025 14:23:20.821,-0.756568,-0.529119,-9.634268
26-Jan-2025 14:23:20.837,-0.751779,-0.550666,-9.653421
26-Jan-2025 14:23:20.853,-0.73502,-0.543484,-9.581595
26-Jan-2025 14:23:20.869,-0.730232,-0.550666,-9.552865
26-Jan-2025 14:23:20.886,-0.732626,-0.553061,-9.603143
26-Jan-2025 14:23:20.902,-0.744597,-0.54109,-9.655815
26-Jan-2025 14:23:20.918,-0.737414,-0.562637,-9.61272
26-Jan-2025 14:23:20.934,-0.725443,-0.538695,-9.727641
26-Jan-2025 14:23:20.950,-0.651223,-0.593762,-9.440337
26-Jan-2025 14:23:20.966,-0.861913,-0.581791,-9.706094
26-Jan-2025 14:23:20.982,-0.73502,-0.572214,-9.483433
26-Jan-2025 14:23:20.998,-0.509965,-0.675165,-9.617508
26-Jan-2025 14:23:21.014,-0.778116,-0.555455,-9.76116
26-Jan-2025 14:23:21.030,-0.914585,-0.557849,-9.49301
26-Jan-2025 14:23:21.046,-0.792481,-0.588974,-9.617508
26-Jan-2025 14:23:21.062,-0.612916,-0.572214,-9.674969
26-Jan-2025 14:23:21.078,-0.603339,-0.545878,-9.586384
26-Jan-2025 14:23:21.094,-0.691924,-0.481235,-9.583989
26-Jan-2025 14:23:21.110,-0.802058,-0.459687,-9.629479
26-Jan-2025 14:23:21.126,-0.830788,-0.507571,-9.610326
26-Jan-2025 14:23:21.142,-0.775721,-0.579397,-9.598354
26-Jan-2025 14:23:21.159,-0.720655,-0.617704,-9.639056
26-Jan-2025 14:23:21.175,-0.679953,-0.612916,-9.653421
26-Jan-2025 14:23:21.191,-0.679953,-0.591368,-9.519346
26-Jan-2025 14:23:21.207,-0.718261,-0.605733,-9.552865
26-Jan-2025 14:23:21.223,-0.758962,-0.59855,-9.67018
26-Jan-2025 14:23:21.239,-0.725443,-0.634463,-9.569624
26-Jan-2025 14:23:21.255,-0.687136,-0.636858,-9.610326
26-Jan-2025 14:23:21.271,-0.802058,-0.600945,-9.643845
26-Jan-2025 14:23:21.287,-0.794875,-0.586579,-9.639056
26-Jan-2025 14:23:21.303,-0.703895,-0.593762,-9.627085
26-Jan-2025 14:23:21.319,-0.746991,-0.577003,-9.593566
26-Jan-2025 14:23:21.335,-0.725443,-0.543484,-9.629479
26-Jan-2025 14:23:21.351,-0.727837,-0.502782,-9.672575
26-Jan-2025 14:23:21.367,-0.761356,-0.507571,-9.674969
26-Jan-2025 14:23:21.383,-0.746991,-0.529119,-9.651027
26-Jan-2025 14:23:21.399,-0.739808,-0.526724,-9.581595
26-Jan-2025 14:23:21.415,-0.715866,-0.538695,-9.56723
26-Jan-2025 14:23:21.432,-0.711078,-0.54109,-9.581595
26-Jan-2025 14:23:21.448,-0.730232,-0.565032,-9.610326
26-Jan-2025 14:23:21.464,-0.725443,-0.584185,-9.631873
26-Jan-2025 14:23:21.480,-0.76375,-0.627281,-9.627085
26-Jan-2025 14:23:21.496,-0.708684,-0.656011,-9.617508
26-Jan-2025 14:23:21.512,-0.68953,-0.641646,-9.619903
26-Jan-2025 14:23:21.528,-0.6608,-0.632069,-9.581595
26-Jan-2025 14:23:21.544,-0.701501,-0.59855,-9.61272
26-Jan-2025 14:23:21.560,-0.730232,-0.591368,-9.646238
26-Jan-2025 14:23:21.576,-0.746991,-0.567426,-9.653421
26-Jan-2025 14:23:21.592,-0.746991,-0.560243,-9.607931
26-Jan-2025 14:23:21.608,-0.737414,-0.567426,-9.579201
26-Jan-2025 14:23:21.624,-0.713472,-0.545878,-9.610326
26-Jan-2025 14:23:21.640,-0.718261,-0.514753,-9.631873
26-Jan-2025 14:23:21.656,-0.708684,-0.526724,-9.648633
26-Jan-2025 14:23:21.672,-0.718261,-0.562637,-9.624691
26-Jan-2025 14:23:21.688,-0.694318,-0.565032,-9.576807
26-Jan-2025 14:23:21.704,-0.667982,-0.577003,-9.56723
26-Jan-2025 14:23:21.721,-0.730232,-0.56982,-9.588778
26-Jan-2025 14:23:21.737,-0.742203,-0.543484,-9.655815
26-Jan-2025 14:23:21.753,-0.711078,-0.548272,-9.646238
26-Jan-2025 14:23:21.769,-0.684742,-0.553061,-9.758766
26-Jan-2025 14:23:21.785,-0.651223,-0.54109,-9.394848
26-Jan-2025 14:23:21.801,-0.648829,-0.586579,-9.562442
26-Jan-2025 14:23:21.817,-0.881066,-0.497994,-9.646238
26-Jan-2025 14:23:21.833,-0.526724,-0.665588,-9.552865
26-Jan-2025 14:23:21.849,-0.581791,-0.610521,-9.840169
26-Jan-2025 14:23:21.865,-0.897826,-0.509965,-9.595961
26-Jan-2025 14:23:21.881,-0.842759,-0.529119,-9.466674
26-Jan-2025 14:23:21.897,-0.622492,-0.548272,-9.65821
26-Jan-2025 14:23:21.913,-0.565032,-0.526724,-9.619903
26-Jan-2025 14:23:21.929,-0.59855,-0.471658,-9.562442
26-Jan-2025 14:23:21.945,-0.684742,-0.438139,-9.631873
26-Jan-2025 14:23:21.961,-0.739808,-0.483629,-9.646238
26-Jan-2025 14:23:21.977,-0.76375,-0.567426,-9.605537
26-Jan-2025 14:23:21.993,-0.758962,-0.591368,-9.629479
26-Jan-2025 14:23:22.009,-0.663194,-0.600945,-9.689334
26-Jan-2025 14:23:22.026,-0.61531,-0.591368,-9.634268
26-Jan-2025 14:23:22.042,-0.617704,-0.593762,-9.509769
26-Jan-2025 14:23:22.058,-0.667982,-0.584185,-9.648633
26-Jan-2025 14:23:22.074,-0.677559,-0.624887,-9.562442
26-Jan-2025 14:23:22.090,-0.658405,-0.622492,-9.564836
26-Jan-2025 14:23:22.106,-0.761356,-0.579397,-9.65821
26-Jan-2025 14:23:22.122,-0.78051,-0.529119,-9.708488
26-Jan-2025 14:23:22.138,-0.667982,-0.553061,-9.639056
26-Jan-2025 14:23:22.154,-0.663194,-0.557849,-9.634268
26-Jan-2025 14:23:22.170,-0.672771,-0.533907,-9.662998
26-Jan-2025 14:23:22.186,-0.684742,-0.493206,-9.655815
26-Jan-2025 14:23:22.202,-0.687136,-0.497994,-9.648633
26-Jan-2025 14:23:22.218,-0.699107,-0.486023,-9.617508
26-Jan-2025 14:23:22.234,-0.715866,-0.4956,-9.600749
26-Jan-2025 14:23:22.250,-0.679953,-0.509965,-9.576807
26-Jan-2025 14:23:22.266,-0.677559,-0.529119,-9.624691
26-Jan-2025 14:23:22.282,-0.701501,-0.543484,-9.588778
26-Jan-2025 14:23:22.298,-0.684742,-0.586579,-9.600749
26-Jan-2025 14:23:22.315,-0.68953,-0.600945,-9.610326
26-Jan-2025 14:23:22.331,-0.670376,-0.620098,-9.629479
26-Jan-2025 14:23:22.347,-0.670376,-0.622492,-9.631873
26-Jan-2025 14:23:22.363,-0.663194,-0.608127,-9.624691
26-Jan-2025 14:23:22.379,-0.656011,-0.593762,-9.605537
26-Jan-2025 14:23:22.395,-0.672771,-0.579397,-9.595961
26-Jan-2025 14:23:22.411,-0.703895,-0.588974,-9.591172
26-Jan-2025 14:23:22.427,-0.713472,-0.560243,-9.598354
26-Jan-2025 14:23:22.443,-0.703895,-0.555455,-9.61272
26-Jan-2025 14:23:22.459,-0.696713,-0.536301,-9.627085
26-Jan-2025 14:23:22.475,-0.703895,-0.536301,-9.619903
26-Jan-2025 14:23:22.491,-0.699107,-0.512359,-9.631873
26-Jan-2025 14:23:22.507,-0.68953,-0.529119,-9.593566
26-Jan-2025 14:23:22.523,-0.696713,-0.526724,-9.605537
26-Jan-2025 14:23:22.539,-0.670376,-0.543484,-9.581595
26-Jan-2025 14:23:22.555,-0.677559,-0.550666,-9.593566
26-Jan-2025 14:23:22.571,-0.720655,-0.553061,-9.653421
26-Jan-2025 14:23:22.588,-0.703895,-0.557849,-9.672575
26-Jan-2025 14:23:22.604,-0.675165,-0.567426,-9.605537
26-Jan-2025 14:23:22.620,-0.682347,-0.548272,-9.809045
26-Jan-2025 14:23:22.636,-0.61531,-0.543484,-9.320627
26-Jan-2025 14:23:22.652,-0.770933,-0.579397,-9.715671
26-Jan-2025 14:23:22.668,-0.756568,-0.519542,-9.543288
26-Jan-2025 14:23:22.684,-0.462081,-0.667982,-9.639056
26-Jan-2025 14:23:22.700,-0.687136,-0.560243,-9.773131
26-Jan-2025 14:23:22.716,-0.907402,-0.538695,-9.469068
26-Jan-2025 14:23:22.732,-0.751779,-0.533907,-9.581595
26-Jan-2025 14:23:22.748,-0.565032,-0.52433,-9.708488
26-Jan-2025 14:23:22.764,-0.545878,-0.4956,-9.598354
26-Jan-2025 14:23:22.780,-0.651223,-0.442927,-9.600749
26-Jan-2025 14:23:22.796,-0.732626,-0.462081,-9.682152
26-Jan-2025 14:23:22.812,-0.739808,-0.476446,-9.639056
26-Jan-2025 14:23:22.828,-0.744597,-0.555455,-9.586384
26-Jan-2025 14:23:22.844,-0.703895,-0.588974,-9.588778
26-Jan-2025 14:23:22.861,-0.646434,-0.581791,-9.667787
26-Jan-2025 14:23:22.877,-0.653617,-0.560243,-9.579201
26-Jan-2025 14:23:22.893,-0.646434,-0.581791,-9.555259
26-Jan-2025 14:23:22.909,-0.708684,-0.59855,-9.662998
26-Jan-2025 14:23:22.925,-0.6608,-0.634463,-9.56723
26-Jan-2025 14:23:22.941,-0.646434,-0.588974,-9.560047
26-Jan-2025 14:23:22.957,-0.758962,-0.553061,-9.653421
26-Jan-2025 14:23:22.973,-0.742203,-0.521936,-9.698911
26-Jan-2025 14:23:22.989,-0.663194,-0.562637,-9.627085
26-Jan-2025 14:23:23.005,-0.665588,-0.579397,-9.603143
26-Jan-2025 14:23:23.021,-0.670376,-0.536301,-9.660604
26-Jan-2025 14:23:23.037,-0.68953,-0.488417,-9.660604
26-Jan-2025 14:23:23.053,-0.672771,-0.466869,-9.639056
26-Jan-2025 14:23:23.069,-0.70629,-0.471658,-9.634268
26-Jan-2025 14:23:23.085,-0.723049,-0.483629,-9.598354
26-Jan-2025 14:23:23.101,-0.708684,-0.483629,-9.598354
26-Jan-2025 14:23:23.117,-0.694318,-0.507571,-9.56723
26-Jan-2025 14:23:23.133,-0.677559,-0.52433,-9.581595
26-Jan-2025 14:23:23.150,-0.672771,-0.555455,-9.617508
26-Jan-2025 14:23:23.166,-0.68953,-0.536301,-9.64145
26-Jan-2025 14:23:23.182,-0.653617,-0.560243,-9.600749
26-Jan-2025 14:23:23.197,-0.658405,-0.52433,-9.598354
26-Jan-2025 14:23:23.214,-0.663194,-0.447716,-9.653421
26-Jan-2025 14:23:23.230,-0.656011,-0.435745,-9.653421
26-Jan-2025 14:23:23.246,-0.675165,-0.493206,-9.651027
26-Jan-2025 14:23:23.262,-0.687136,-0.502782,-9.588778
26-Jan-2025 14:23:23.278,-0.675165,-0.490811,-9.555259
26-Jan-2025 14:23:23.294,-0.699107,-0.481235,-9.569624
26-Jan-2025 14:23:23.310,-0.687136,-0.483629,-9.662998
26-Jan-2025 14:23:23.326,-0.732626,-0.512359,-9.627085
26-Jan-2025 14:23:23.342,-0.835576,-0.603339,-9.607931
26-Jan-2025 14:23:23.358,-0.936133,-0.691924,-9.507375
26-Jan-2025 14:23:23.374,-0.885855,-0.775721,-9.351752
26-Jan-2025 14:23:23.390,-0.794875,-0.804452,-9.574412
26-Jan-2025 14:23:23.406,-0.682347,-0.73502,-9.715671
26-Jan-2025 14:23:23.422,-0.383072,-0.675165,-9.689334
26-Jan-2025 14:23:23.439,-0.189142,-0.648829,-9.689334
26-Jan-2025 14:23:23.455,-0.268151,-0.6608,-9.651027
26-Jan-2025 14:23:23.471,-0.45011,-0.732626,-9.627085
26-Jan-2025 14:23:23.487,-0.600945,-0.76375,-9.830592
26-Jan-2025 14:23:23.503,-0.670376,-0.682347,-9.576807
26-Jan-2025 14:23:23.518,-0.577003,-0.636858,-9.504981
26-Jan-2025 14:23:23.535,-0.790087,-0.483629,-9.674969
26-Jan-2025 14:23:23.551,-0.47884,-0.474052,-9.445126
26-Jan-2025 14:23:23.567,-0.351948,-0.526724,-9.739613
26-Jan-2025 14:23:23.583,-0.636858,-0.476446,-9.636662
26-Jan-2025 14:23:23.599,-0.821211,-0.486023,-9.5385
26-Jan-2025 14:23:23.615,-0.699107,-0.490811,-9.68694
26-Jan-2025 14:23:23.631,-0.608127,-0.481235,-9.631873
26-Jan-2025 14:23:23.647,-0.627281,-0.428562,-9.56723
26-Jan-2025 14:23:23.663,-0.658405,-0.407014,-9.655815
26-Jan-2025 14:23:23.679,-0.675165,-0.392649,-9.708488
26-Jan-2025 14:23:23.694,-0.663194,-0.433351,-9.591172
26-Jan-2025 14:23:23.712,-0.68953,-0.462081,-9.667787
26-Jan-2025 14:23:23.728,-0.852336,-0.416591,-9.883265
26-Jan-2025 14:23:23.744,-1.01993,-0.277727,-9.883265
26-Jan-2025 14:23:23.760,-1.091756,1.192312,-9.832987
26-Jan-2025 14:23:23.776,-0.998382,0.981623,-9.689334
26-Jan-2025 14:23:23.792,-1.331176,0.6608,-8.50181
26-Jan-2025 14:23:23.808,-1.015141,-0.337582,-7.623138
26-Jan-2025 14:23:23.824,-0.651223,-1.192312,-9.287108
26-Jan-2025 14:23:23.839,-0.069432,-1.704672,-10.117896
26-Jan-2025 14:23:23.856,0.653617,-1.900996,-9.555259
26-Jan-2025 14:23:23.872,0.90022,-2.102109,-9.241618
26-Jan-2025 14:23:23.888,0.806846,-2.487576,-10.13705
26-Jan-2025 14:23:23.904,0.957681,-2.363077,-10.970232
26-Jan-2025 14:23:23.920,0.866701,-1.565808,-9.684546
26-Jan-2025 14:23:23.936,0.924162,-1.383849,-9.337387
26-Jan-2025 14:23:23.952,0.435745,-1.115698,-9.112331
26-Jan-2025 14:23:23.968,-0.6608,-1.034295,-9.595961
26-Jan-2025 14:23:23.984,-0.572214,-2.231396,-10.022128
26-Jan-2025 14:23:24.001,-0.826,-3.46441,-10.170568
26-Jan-2025 14:23:24.017,-1.575385,-4.398149,-11.207258
26-Jan-2025 14:23:24.033,-1.984793,-3.397372,-11.741165
26-Jan-2025 14:23:24.049,-2.868254,-1.651999,-13.318944
26-Jan-2025 14:23:24.065,-3.217807,3.811569,-20.405781
26-Jan-2025 14:23:24.081,-0.969652,5.408502,-7.431602
26-Jan-2025 14:23:24.097,-3.174711,1.029507,-12.63899
26-Jan-2025 14:23:24.113,-2.633622,1.084573,-11.932701
26-Jan-2025 14:23:24.129,-1.889025,0.04549,-13.893553
26-Jan-2025 14:23:24.145,-0.814029,-0.912191,-13.165715
26-Jan-2025 14:23:24.161,0.984017,-1.505953,-11.03727
26-Jan-2025 14:23:24.177,2.073379,-1.405396,-9.840169
26-Jan-2025 14:23:24.193,1.812411,0.548272,-9.19134
26-Jan-2025 14:23:24.209,0.550666,2.882619,-9.574412
26-Jan-2025 14:23:24.225,-1.21386,4.22816,-10.455479
26-Jan-2025 14:23:24.241,-2.39899,5.087678,-10.019734
26-Jan-2025 14:23:24.257,-2.195483,5.087678,-9.411607
26-Jan-2025 14:23:24.274,-1.412579,4.742914,-8.853758
26-Jan-2025 14:23:24.290,-0.881066,4.508282,-8.89446
26-Jan-2025 14:23:24.306,-0.624887,5.221754,-8.056489
26-Jan-2025 14:23:24.322,-0.244209,5.32231,-8.046912
26-Jan-2025 14:23:24.338,-0.110133,4.584896,-7.548918
26-Jan-2025 14:23:24.354,0.203507,4.752491,-6.428432
26-Jan-2025 14:23:24.370,0.469264,5.549759,-5.386954
26-Jan-2025 14:23:24.386,0.806846,6.054936,-5.267244
26-Jan-2025 14:23:24.402,0.758962,6.514623,-5.415684
26-Jan-2025 14:23:24.418,0.007183,7.268796,-4.932055
26-Jan-2025 14:23:24.434,-0.366313,8.082825,-3.950433
26-Jan-2025 14:23:24.450,-0.131681,8.286332,-3.22499
26-Jan-2025 14:23:24.466,0.201113,7.773973,-2.784456
26-Jan-2025 14:23:24.482,0.632069,7.402872,-2.217031
26-Jan-2025 14:23:24.498,0.97444,7.266402,-2.128445
26-Jan-2025 14:23:24.514,1.264138,7.52737,-1.855506
26-Jan-2025 14:23:24.530,1.790863,7.635109,-1.587356
26-Jan-2025 14:23:24.546,2.255338,7.733272,-1.067814
26-Jan-2025 14:23:24.562,1.68073,8.049306,-0.052672
26-Jan-2025 14:23:24.579,0.739808,8.441956,0.909797
26-Jan-2025 14:23:24.595,0.885855,8.865729,0.234632
26-Jan-2025 14:23:24.611,1.369483,9.095572,-1.417367
26-Jan-2025 14:23:24.627,1.434127,9.004593,-1.788469
26-Jan-2025 14:23:24.643,0.608127,8.892065,-0.002394
26-Jan-2025 14:23:24.659,0.304064,8.803479,2.106898
26-Jan-2025 14:23:24.675,0.227449,9.148245,1.410185
26-Jan-2025 14:23:24.691,0.093374,9.955091,-0.25618
26-Jan-2025 14:23:24.707,0.114922,10.584765,-0.677559
26-Jan-2025 14:23:24.723,0.215478,10.208876,0.328006
26-Jan-2025 14:23:24.739,0.821211,9.878476,1.027112
26-Jan-2025 14:23:24.755,1.556231,9.962274,0.916979
26-Jan-2025 14:23:24.771,1.659182,9.866506,1.927332
26-Jan-2025 14:23:24.787,0.948104,9.809045,2.896984
26-Jan-2025 14:23:24.803,0.229843,9.718064,2.782062
26-Jan-2025 14:23:24.819,0.457293,9.684546,1.604115
26-Jan-2025 14:23:24.835,1.278504,10.022128,1.319205
26-Jan-2025 14:23:24.851,2.671929,9.955091,1.912967
26-Jan-2025 14:23:24.867,2.667141,9.617508,2.822764
26-Jan-2025 14:23:24.884,2.456451,9.138668,2.712631
26-Jan-2025 14:23:24.900,2.341529,8.688558,1.848324
26-Jan-2025 14:23:24.916,2.688689,8.678981,1.292869
26-Jan-2025 14:23:24.932,3.265691,8.456321,1.438915
26-Jan-2025 14:23:24.948,3.945644,8.602366,1.99437
26-Jan-2025 14:23:24.964,4.206613,8.710106,2.291251
26-Jan-2025 14:23:24.980,3.924097,8.734048,2.240973
26-Jan-2025 14:23:24.996,3.849876,8.896853,2.25055
26-Jan-2025 14:23:25.012,3.921702,8.973468,1.553837
26-Jan-2025 14:23:25.028,3.921702,9.3733,2.090138
26-Jan-2025 14:23:25.044,4.129998,9.725247,2.937685
26-Jan-2025 14:23:25.060,3.73256,9.725247,3.066972
26-Jan-2025 14:23:25.076,2.750938,9.627085,2.434903
26-Jan-2025 14:23:25.092,1.690306,9.56723,2.298434
26-Jan-2025 14:23:25.108,1.747767,9.655815,2.506729
26-Jan-2025 14:23:25.124,1.929727,9.710882,3.3447
26-Jan-2025 14:23:25.140,2.542642,9.785102,3.485958
26-Jan-2025 14:23:25.156,2.523489,10.041282,3.265691
26-Jan-2025 14:23:25.172,2.248155,10.915166,3.981557
26-Jan-2025 14:23:25.189,2.925714,11.386824,4.041412
26-Jan-2025 14:23:25.205,4.005499,10.742783,4.735731
26-Jan-2025 14:23:25.221,5.540183,9.255983,4.812346
26-Jan-2025 14:23:25.237,5.540183,8.025364,7.206547
26-Jan-2025 14:23:25.253,3.981557,10.0748,4.671088
26-Jan-2025 14:23:25.269,2.65517,7.445967,8.793902
26-Jan-2025 14:23:25.285,2.221819,8.935161,8.358158
26-Jan-2025 14:23:25.301,2.126051,10.120291,5.671864
26-Jan-2025 14:23:25.317,1.09415,10.275913,4.594473
26-Jan-2025 14:23:25.333,0.545878,10.25676,5.633556
26-Jan-2025 14:23:25.349,0.76375,10.354922,7.702147
26-Jan-2025 14:23:25.365,1.292869,9.449914,7.991845
26-Jan-2025 14:23:25.381,1.510741,7.431602,6.727707
26-Jan-2025 14:23:25.397,2.185906,5.837064,4.93445
26-Jan-2025 14:23:25.413,3.119645,5.688623,4.362236
26-Jan-2025 14:23:25.429,3.421314,6.361394,4.644751
26-Jan-2025 14:23:25.445,4.139575,7.134721,4.948815
26-Jan-2025 14:23:25.461,4.812346,7.496245,4.182671
26-Jan-2025 14:23:25.478,4.860229,6.782773,2.810793
26-Jan-2025 14:23:25.494,4.625597,5.647922,2.753332
26-Jan-2025 14:23:25.510,4.967968,5.252879,2.70066
26-Jan-2025 14:23:25.526,5.018247,5.683835,2.008735
26-Jan-2025 14:23:25.542,5.137957,6.208165,2.691083
26-Jan-2025 14:23:25.558,4.795586,6.263232,2.693477
26-Jan-2025 14:23:25.574,4.510676,5.930438,2.044648
26-Jan-2025 14:23:25.590,4.606444,6.191406,1.692701
26-Jan-2025 14:23:25.606,4.886566,6.351817,3.004723
26-Jan-2025 14:23:25.622,5.125986,6.335058,2.920926
26-Jan-2025 14:23:25.638,5.50427,6.457162,2.985569
26-Jan-2025 14:23:25.654,6.131551,6.880936,4.182671
26-Jan-2025 14:23:25.670,6.849811,7.383718,5.358223
26-Jan-2025 14:23:25.686,7.417237,7.900866,5.995081
26-Jan-2025 14:23:25.702,7.654263,7.393295,6.983886
26-Jan-2025 14:23:25.718,7.125144,6.584054,8.714894
26-Jan-2025 14:23:25.734,5.889736,6.375759,9.938332
26-Jan-2025 14:23:25.750,4.93445,5.674258,10.582372
26-Jan-2025 14:23:25.766,5.066131,5.571307,10.04607
26-Jan-2025 14:23:25.783,6.078878,6.232107,10.33098
26-Jan-2025 14:23:25.799,6.471527,6.902483,11.003751
26-Jan-2025 14:23:25.815,6.021417,6.902483,10.828975
26-Jan-2025 14:23:25.831,5.465962,6.251261,10.366894
26-Jan-2025 14:23:25.847,4.659117,5.45878,9.832987
26-Jan-2025 14:23:25.863,4.647145,4.955997,9.935937
26-Jan-2025 14:23:25.879,5.226542,4.908113,10.496181
26-Jan-2025 14:23:25.895,5.942409,4.673482,10.896012
26-Jan-2025 14:23:25.911,5.928043,4.460398,10.007763
26-Jan-2025 14:23:25.927,5.224148,4.548983,8.714894
26-Jan-2025 14:23:25.943,4.527435,4.841076,9.354146
26-Jan-2025 14:23:25.959,4.850653,4.714183,9.476251
26-Jan-2025 14:23:25.975,5.240908,4.441244,10.199299
26-Jan-2025 14:23:25.991,5.109226,4.185065,10.575189
26-Jan-2025 14:23:26.007,4.905719,4.259285,10.78109
26-Jan-2025 14:23:26.023,4.565742,4.551377,11.135432
26-Jan-2025 14:23:26.039,4.072537,4.879383,10.869676
26-Jan-2025 14:23:26.055,3.663129,4.702212,10.5704
26-Jan-2025 14:23:26.072,3.229778,4.156334,10.189722
26-Jan-2025 14:23:26.088,3.126827,3.847482,10.448297
26-Jan-2025 14:23:26.104,3.057395,3.979163,10.788273
26-Jan-2025 14:23:26.120,2.975993,4.333505,10.893618
26-Jan-2025 14:23:26.136,3.007117,5.178658,10.529699
26-Jan-2025 14:23:26.152,3.229778,5.932832,10.081984
26-Jan-2025 14:23:26.168,3.330335,6.023811,9.646238
26-Jan-2025 14:23:26.184,3.526659,5.770026,9.088389
26-Jan-2025 14:23:26.200,3.560178,5.506664,8.827422
26-Jan-2025 14:23:26.216,3.550601,5.315128,8.961497
26-Jan-2025 14:23:26.232,3.881001,5.183447,9.078813
26-Jan-2025 14:23:26.248,3.98874,5.123591,8.705317
26-Jan-2025 14:23:26.264,3.761291,5.032612,7.848193
26-Jan-2025 14:23:26.280,3.473987,4.704607,7.309498
26-Jan-2025 14:23:26.296,3.289633,4.326323,7.25922
26-Jan-2025 14:23:26.312,3.394978,4.19943,7.354988
26-Jan-2025 14:23:26.328,3.596091,4.477157,7.10599
26-Jan-2025 14:23:26.344,3.545813,4.644751,6.890512
26-Jan-2025 14:23:26.360,3.275268,4.522647,6.555324
26-Jan-2025 14:23:26.377,3.270479,4.508282,5.822699
26-Jan-2025 14:23:26.393,3.426103,4.311957,4.99191
26-Jan-2025 14:23:26.409,3.414132,4.323928,4.515464
26-Jan-2025 14:23:26.425,3.08852,4.383783,4.84347
26-Jan-2025 14:23:26.441,2.647987,4.539406,5.537788
26-Jan-2025 14:23:26.457,2.331953,4.759673,6.16507
26-Jan-2025 14:23:26.473,2.164358,5.185841,6.162675
26-Jan-2025 14:23:26.489,2.331953,5.791574,5.465962
26-Jan-2025 14:23:26.505,2.640805,6.500257,3.876213
26-Jan-2025 14:23:26.521,2.485181,6.95755,1.982399
26-Jan-2025 14:23:26.537,2.358289,7.082048,1.280898
26-Jan-2025 14:23:26.553,2.1883,6.768408,1.910573
26-Jan-2025 14:23:26.569,1.812411,6.1938,3.160346
26-Jan-2025 14:23:26.585,1.33357,5.810728,3.885789
26-Jan-2025 14:23:26.601,0.976834,5.430049,4.15394
26-Jan-2025 14:23:26.617,0.749385,5.286397,4.292804
26-Jan-2025 14:23:26.633,0.371101,5.142745,4.469975
26-Jan-2025 14:23:26.650,-0.905008,5.463568,4.81474
26-Jan-2025 14:23:26.666,-3.349488,6.627151,5.38456
26-Jan-2025 14:23:26.682,-6.698977,8.276755,5.391742
26-Jan-2025 14:23:26.698,-9.030929,9.988609,3.639187
26-Jan-2025 14:23:26.714,-7.728483,10.91756,0.246603
26-Jan-2025 14:23:26.730,-4.082114,10.58716,-1.35033
26-Jan-2025 14:23:26.746,-1.472434,10.000581,0.344765
26-Jan-2025 14:23:26.762,0.124498,9.28232,2.566584
26-Jan-2025 14:23:26.778,1.058237,8.662222,3.928885
26-Jan-2025 14:23:26.794,1.079785,8.324639,3.993528
26-Jan-2025 14:23:26.810,0.110133,8.109161,2.944868
26-Jan-2025 14:23:26.826,-1.154005,8.197746,1.745373
26-Jan-2025 14:23:26.842,-2.037466,8.408437,0.991199
26-Jan-2025 14:23:26.858,-2.360683,8.520964,0.845153
26-Jan-2025 14:23:26.874,-2.27928,8.588001,1.283292
26-Jan-2025 14:23:26.890,-1.889025,8.710106,1.740585
26-Jan-2025 14:23:26.906,-1.376666,8.681376,1.668759
26-Jan-2025 14:23:26.923,-0.924162,8.60955,1.35033
26-Jan-2025 14:23:26.939,-0.567426,8.652645,1.091756
26-Jan-2025 14:23:26.955,-0.459687,8.801085,0.835576
26-Jan-2025 14:23:26.971,-0.577003,9.150639,1.022324
26-Jan-2025 14:23:26.987,-0.651223,9.588778,1.163582
26-Jan-2025 14:23:27.003,-0.758962,9.967062,1.228225
26-Jan-2025 14:23:27.019,-1.063026,10.065224,1.218649
26-Jan-2025 14:23:27.035,-1.120486,9.962274,1.189918
26-Jan-2025 14:23:27.051,-1.165976,9.864111,1.204283
26-Jan-2025 14:23:27.067,-1.249773,9.811439,0.940921
26-Jan-2025 14:23:27.083,-1.467646,9.928755,0.517148
26-Jan-2025 14:23:27.099,-1.345541,10.350134,0.407014
26-Jan-2025 14:23:27.115,-1.288081,10.261548,0.385466
26-Jan-2025 14:23:27.131,-0.907402,10.024523,0.54109
26-Jan-2025 14:23:27.147,-0.617704,9.674969,0.301669
26-Jan-2025 14:23:27.163,-0.818817,9.667787,0.158017
26-Jan-2025 14:23:27.180,-1.233014,9.677363,0.481235
26-Jan-2025 14:23:27.196,-1.343147,9.495404,0.656011
26-Jan-2025 14:23:27.212,-1.233014,9.380483,0.845153
26-Jan-2025 14:23:27.228,-1.570596,9.440337,0.876278
26-Jan-2025 14:23:27.244,-2.341529,10.041282,0.605733
26-Jan-2025 14:23:27.260,-2.671929,10.575189,0.172383
26-Jan-2025 14:23:27.276,-2.454057,10.388441,-0.442927
26-Jan-2025 14:23:27.292,-1.70946,9.861717,0.179565
26-Jan-2025 14:23:27.308,-1.264138,9.255983,0.514753
26-Jan-2025 14:23:27.324,-0.861913,8.717288,0.608127
26-Jan-2025 14:23:27.340,-0.526724,8.571242,0.47884
26-Jan-2025 14:23:27.356,-0.325611,8.729259,0.203507
26-Jan-2025 14:23:27.372,0.244209,9.28232,-0.59855
26-Jan-2025 14:23:27.388,0.548272,10.204087,-0.981623
26-Jan-2025 14:23:27.404,0.852336,10.635044,-0.866701
26-Jan-2025 14:23:27.420,1.316811,10.510546,-0.328006
26-Jan-2025 14:23:27.436,1.786075,10.098742,0.112527
26-Jan-2025 14:23:27.452,2.487576,9.842564,0.663194
26-Jan-2025 14:23:27.468,2.892196,9.861717,0.852336
26-Jan-2025 14:23:27.484,2.80361,10.21127,0.486023
26-Jan-2025 14:23:27.501,2.030283,11.013328,-0.009577
26-Jan-2025 14:23:27.517,0.981623,11.674128,-0.696713
26-Jan-2025 14:23:27.533,0.059855,11.789049,-1.031901
26-Jan-2025 14:23:27.549,-0.162806,11.178528,-0.725443
26-Jan-2025 14:23:27.565,0.519542,10.223241,-0.512359
26-Jan-2025 14:23:27.581,1.058237,9.193734,-0.442927
26-Jan-2025 14:23:27.597,1.412579,8.506598,-0.584185
26-Jan-2025 14:23:27.613,1.606509,8.274361,-0.97444
26-Jan-2025 14:23:27.629,1.419762,8.293514,-0.907402
26-Jan-2025 14:23:27.645,1.252167,8.305486,-0.720655
26-Jan-2025 14:23:27.661,1.067814,8.264784,-0.670376
26-Jan-2025 14:23:27.677,0.926556,8.542512,-0.751779
26-Jan-2025 14:23:27.693,0.859518,8.949526,-1.151611
26-Jan-2025 14:23:27.709,0.703895,9.366117,-1.711854
26-Jan-2025 14:23:27.725,0.476446,9.962274,-1.410185
26-Jan-2025 14:23:27.741,0.529119,10.429143,-1.376666
26-Jan-2025 14:23:27.757,0.423774,10.623073,-1.580173
26-Jan-2025 14:23:27.773,0.222661,10.69011,-1.644817
26-Jan-2025 14:23:27.789,0.141258,10.551247,-1.817199
26-Jan-2025 14:23:27.806,0.1652,10.105926,-1.848324
26-Jan-2025 14:23:27.822,0.203507,9.552865,-1.690306
26-Jan-2025 14:23:27.838,0.373495,8.968679,-1.637634
26-Jan-2025 14:23:27.854,0.538695,8.633492,-1.549049
26-Jan-2025 14:23:27.870,0.840365,8.566454,-1.831564
26-Jan-2025 14:23:27.886,0.936133,8.719683,-2.30801
26-Jan-2025 14:23:27.902,0.490811,8.904037,-2.750938
26-Jan-2025 14:23:27.918,-0.014365,9.299079,-2.219425
26-Jan-2025 14:23:27.934,-0.679953,9.797073,-1.716643
26-Jan-2025 14:23:27.950,-1.106121,10.359711,-1.355118
26-Jan-2025 14:23:27.966,-1.165976,10.970232,-1.355118
26-Jan-2025 14:23:27.982,-1.005565,11.525687,-1.620875
26-Jan-2025 14:23:27.998,-1.146823,11.824963,-1.855506
26-Jan-2025 14:23:28.014,-1.089362,11.851298,-1.587356
26-Jan-2025 14:23:28.030,-0.936133,12.243947,-0.739808
26-Jan-2025 14:23:28.046,-1.058237,12.61026,-0.244209
26-Jan-2025 14:23:28.062,-1.335965,12.184093,-0.409408
26-Jan-2025 14:23:28.078,-1.419762,11.678916,0.138864
26-Jan-2025 14:23:28.094,-1.714248,11.413159,0.378284
26-Jan-2025 14:23:28.110,-2.341529,11.482592,0.878672
26-Jan-2025 14:23:28.127,-2.731784,11.417948,1.285686
26-Jan-2025 14:23:28.143,-2.791639,10.800244,1.249773
26-Jan-2025 14:23:28.159,-2.791639,9.787497,0.500388
26-Jan-2025 14:23:28.175,-2.904167,8.848969,0.438139
26-Jan-2025 14:23:28.191,-2.954445,8.195353,0.835576
26-Jan-2025 14:23:28.207,-2.636016,7.920019,1.369483
26-Jan-2025 14:23:28.223,-2.075773,7.879318,1.45328
26-Jan-2025 14:23:28.239,-1.668759,8.042124,1.00317
26-Jan-2025 14:23:28.255,-1.458069,8.499416,0.440533
26-Jan-2025 14:23:28.271,-1.335965,8.961497,-0.052672
26-Jan-2025 14:23:28.287,-1.347936,9.083601,-0.318429
26-Jan-2025 14:23:28.303,-1.266533,8.832211,-0.220267
26-Jan-2025 14:23:28.319,-1.189918,8.523358,-0.062249
26-Jan-2025 14:23:28.335,-1.441309,8.300697,-0.055067
26-Jan-2025 14:23:28.351,-1.726219,8.123527,-0.081403
26-Jan-2025 14:23:28.367,-1.826776,8.087613,-0.004788
26-Jan-2025 14:23:28.383,-1.690306,8.360553,0.237026
26-Jan-2025 14:23:28.399,-1.455675,8.829816,0.069432
26-Jan-2025 14:23:28.416,-1.412579,9.406818,-0.6608
26-Jan-2025 14:23:28.432,-1.61848,9.799467,-1.108515
26-Jan-2025 14:23:28.448,-1.742979,10.053253,-1.254562
26-Jan-2025 14:23:28.464,-1.977611,10.223241,-1.144428
26-Jan-2025 14:23:28.480,-1.860295,10.328587,-0.849942
26-Jan-2025 14:23:28.496,-1.601721,10.0341,-1.23062
26-Jan-2025 14:23:28.512,-1.501164,9.397242,-1.527501
26-Jan-2025 14:23:28.528,-1.244985,8.939949,-1.01993
26-Jan-2025 14:23:28.544,-0.840365,8.992621,-0.184354
26-Jan-2025 14:23:28.560,-0.629675,9.119514,-0.23942
26-Jan-2025 14:23:28.576,-0.835576,9.105149,-0.596156
26-Jan-2025 14:23:28.592,-0.988805,8.966286,-0.593762
26-Jan-2025 14:23:28.608,-0.761356,9.208099,-0.452504
26-Jan-2025 14:23:28.624,-0.457293,10.350134,-0.579397
26-Jan-2025 14:23:28.640,-0.021548,12.907142,-0.514753
26-Jan-2025 14:23:28.656,-0.361524,16.072275,-0.392649
26-Jan-2025 14:23:28.672,-1.225831,16.141708,-1.240196
26-Jan-2025 14:23:28.688,-0.792481,14.899117,-0.351948
26-Jan-2025 14:23:28.704,-0.25618,13.201628,0.617704
26-Jan-2025 14:23:28.721,-0.253785,11.492168,0.905008
26-Jan-2025 14:23:28.737,-0.292093,9.962274,0.931344
26-Jan-2025 14:23:28.753,-0.079009,8.475474,1.173159
26-Jan-2025 14:23:28.769,-0.31364,6.490681,1.960851
26-Jan-2025 14:23:28.785,-0.246603,4.76925,2.437297
26-Jan-2025 14:23:28.801,0.308852,3.483563,3.13401
26-Jan-2025 14:23:28.816,1.295263,3.169923,4.007894
26-Jan-2025 14:23:28.833,2.185906,4.577713,5.123591
26-Jan-2025 14:23:28.849,2.530671,7.400477,4.019865
26-Jan-2025 14:23:28.865,3.318364,11.73877,-0.129287
26-Jan-2025 14:23:28.881,2.284068,17.434576,-2.693477
26-Jan-2025 14:23:28.897,-1.774103,16.946159,1.292869
26-Jan-2025 14:23:28.913,-0.531513,12.935872,2.875436
26-Jan-2025 14:23:28.929,0.497994,10.805033,1.357512
26-Jan-2025 14:23:28.945,-0.09098,10.328587,-0.294487
26-Jan-2025 14:23:28.961,0.009577,9.849746,0.387861
26-Jan-2025 14:23:28.977,-0.004788,9.579201,0.826
26-Jan-2025 14:23:28.993,0.1652,9.193734,-0.009577
26-Jan-2025 14:23:29.009,0.378284,8.631097,-0.586579
26-Jan-2025 14:23:29.025,0.890643,8.152257,-0.617704
26-Jan-2025 14:23:29.042,1.194707,8.094796,-0.387861
26-Jan-2025 14:23:29.058,0.612916,8.348581,-0.217872
26-Jan-2025 14:23:29.074,-0.062249,8.499416,-0.392649
26-Jan-2025 14:23:29.090,-0.426168,8.542512,-1.18513
26-Jan-2025 14:23:29.106,-0.794875,8.26239,-0.35913
26-Jan-2025 14:23:29.122,-1.209072,8.192958,-1.034295
26-Jan-2025 14:23:29.138,-0.574608,8.420407,0.306458
26-Jan-2025 14:23:29.154,-0.562637,9.07163,-0.677559
26-Jan-2025 14:23:29.170,-0.497994,9.552865,-0.926556
26-Jan-2025 14:23:29.186,-0.268151,9.866506,-0.723049
26-Jan-2025 14:23:29.202,0.351948,10.117896,-0.217872
26-Jan-2025 14:23:29.218,0.940921,10.206482,0.174777
26-Jan-2025 14:23:29.234,0.964863,10.06283,-0.148441
26-Jan-2025 14:23:29.250,0.497994,10.271125,-0.555455
26-Jan-2025 14:23:29.266,0.129287,10.905589,-0.737414
26-Jan-2025 14:23:29.282,-0.251391,11.286267,-1.070208
26-Jan-2025 14:23:29.298,-0.316035,11.911154,-0.916979
26-Jan-2025 14:23:29.314,-0.981623,13.733141,0.845153
26-Jan-2025 14:23:29.330,-1.431733,14.528016,0.335188
26-Jan-2025 14:23:29.347,-2.1883,14.049175,0.229843
26-Jan-2025 14:23:29.363,-3.315969,13.297397,0.943315
26-Jan-2025 14:23:29.379,-3.552995,11.865664,2.006341
26-Jan-2025 14:23:29.395,-2.770091,10.254366,2.530671
26-Jan-2025 14:23:29.411,-2.331953,9.196129,1.620875
26-Jan-2025 14:23:29.427,-2.269703,8.760384,0.746991
26-Jan-2025 14:23:29.443,-2.446874,8.698134,0.912191
26-Jan-2025 14:23:29.459,-2.482787,8.669404,1.292869
26-Jan-2025 14:23:29.475,-2.449268,8.580819,1.300052
26-Jan-2025 14:23:29.491,-2.236184,8.731653,1.357512
26-Jan-2025 14:23:29.507,-1.549049,8.983045,0.988805
26-Jan-2025 14:23:29.523,-0.778116,9.55047,0.521936
26-Jan-2025 14:23:29.539,-0.591368,9.952697,0.237026
26-Jan-2025 14:23:29.555,-0.634463,9.82341,0.167594
26-Jan-2025 14:23:29.571,-0.64404,9.416395,-0.016759
26-Jan-2025 14:23:29.587,-0.588974,8.868123,-0.45011
26-Jan-2025 14:23:29.603,-0.445322,8.384495,-0.756568
26-Jan-2025 14:23:29.619,-0.117316,8.070854,-0.938527
26-Jan-2025 14:23:29.635,-0.033519,7.879318,-0.670376
26-Jan-2025 14:23:29.651,0.057461,7.860164,-0.031125
26-Jan-2025 14:23:29.668,0.021548,7.81228,0.153229
26-Jan-2025 14:23:29.684,-0.275333,7.841011,0.016759
26-Jan-2025 14:23:29.700,-0.464475,8.341399,-0.56982
26-Jan-2025 14:23:29.716,-0.612916,9.220071,-1.381454
26-Jan-2025 14:23:29.732,-0.725443,10.216059,-1.936909
26-Jan-2025 14:23:29.748,-0.770933,10.828975,-1.956063
26-Jan-2025 14:23:29.764,-0.488417,10.575189,-1.537078
26-Jan-2025 14:23:29.779,-0.268151,9.76116,-0.919373
26-Jan-2025 14:23:29.796,0.057461,8.985439,-0.639252
26-Jan-2025 14:23:29.812,0.409408,8.681376,-0.529119
26-Jan-2025 14:23:29.828,0.730232,9.004593,-0.100556
26-Jan-2025 14:23:29.844,0.909797,9.837775,-0.167594
26-Jan-2025 14:23:29.860,0.799663,10.891224,-0.227449
26-Jan-2025 14:23:29.876,0.52433,11.745954,-0.213084
26-Jan-2025 14:23:29.892,0.414197,13.026852,0.486023
26-Jan-2025 14:23:29.908,-0.050278,14.235924,0.328006
26-Jan-2025 14:23:29.924,-0.268151,14.451402,0.02873
26-Jan-2025 14:23:29.940,0.687136,13.773843,0.713472
26-Jan-2025 14:23:29.956,1.448492,12.330139,0.768539
26-Jan-2025 14:23:29.973,1.766921,10.591949,1.000776
26-Jan-2025 14:23:29.989,2.149993,9.160215,0.998382
26-Jan-2025 14:23:30.005,2.645593,7.824251,0.514753
26-Jan-2025 14:23:30.021,2.973598,7.156269,0.972046
26-Jan-2025 14:23:30.037,2.889802,7.208941,2.006341
26-Jan-2025 14:23:30.053,2.135628,7.501034,2.245761
26-Jan-2025 14:23:30.069,1.146823,7.872135,1.889025
26-Jan-2025 14:23:30.085,0.251391,8.552089,1.307234
26-Jan-2025 14:23:30.101,-0.490811,9.356541,0.349553
26-Jan-2025 14:23:30.117,-1.130063,10.34774,0.289698
26-Jan-2025 14:23:30.133,-0.90022,10.984597,0.385466
26-Jan-2025 14:23:30.149,-0.124498,11.085154,-0.292093
26-Jan-2025 14:23:30.165,0.864307,10.790668,-0.881066
26-Jan-2025 14:23:30.181,1.529895,10.278308,-0.553061
26-Jan-2025 14:23:30.197,1.824382,9.856929,0.07422
26-Jan-2025 14:23:30.213,1.750161,9.646238,-0.1652
26-Jan-2025 14:23:30.229,1.362301,9.651027,-0.392649
26-Jan-2025 14:23:30.245,0.995988,9.421184,-0.562637
26-Jan-2025 14:23:30.261,0.833182,9.109938,-0.758962
26-Jan-2025 14:23:30.276,0.658405,8.870518,-0.828394
26-Jan-2025 14:23:30.294,0.699107,8.884883,-0.845153
26-Jan-2025 14:23:30.310,0.797269,9.0429,-0.869095
26-Jan-2025 14:23:30.326,0.754174,9.150639,-0.94571
26-Jan-2025 14:23:30.342,0.646434,9.246407,-0.924162
26-Jan-2025 14:23:30.358,0.560243,9.425972,-0.837971
26-Jan-2025 14:23:30.374,0.557849,9.701305,-0.85473
26-Jan-2025 14:23:30.390,0.567426,9.931149,-0.785298
26-Jan-2025 14:23:30.406,0.826,10.192117,-0.794875
26-Jan-2025 14:23:30.422,0.64404,10.436325,-0.852336
26-Jan-2025 14:23:30.438,0.339977,10.757148,-1.194707
26-Jan-2025 14:23:30.454,-0.181959,11.228806,-1.577779
26-Jan-2025 14:23:30.470,-0.845153,11.662156,-1.091756
26-Jan-2025 14:23:30.486,-1.077391,11.949461,0.299275
26-Jan-2025 14:23:30.502,-0.871489,11.75553,1.302446
26-Jan-2025 14:23:30.518,-0.622492,11.240777,1.177947
26-Jan-2025 14:23:30.534,-0.35913,10.730812,0.483629
26-Jan-2025 14:23:30.550,-0.591368,10.120291,0.162806
26-Jan-2025 14:23:30.566,-0.950498,9.203311,0.263362
26-Jan-2025 14:23:30.582,-1.436521,8.537724,1.04866
26-Jan-2025 14:23:30.599,-1.637634,8.564059,1.977611
26-Jan-2025 14:23:30.615,-1.089362,9.464279,1.458069
26-Jan-2025 14:23:30.631,-0.37589,10.70687,-0.167594
26-Jan-2025 14:23:30.647,0.181959,12.258312,-1.180341
26-Jan-2025 14:23:30.663,0.519542,13.086706,-1.010353
26-Jan-2025 14:23:30.679,0.648829,12.332533,0.509965
26-Jan-2025 14:23:30.695,0.895431,10.740389,1.572991
26-Jan-2025 14:23:30.711,0.727837,9.3733,1.391031
26-Jan-2025 14:23:30.727,0.131681,8.576031,0.553061
26-Jan-2025 14:23:30.743,-0.265756,8.003817,-0.237026
26-Jan-2025 14:23:30.759,-0.543484,7.623138,-0.380678
26-Jan-2025 14:23:30.775,-0.804452,7.541735,0.059855
26-Jan-2025 14:23:30.791,-0.54109,7.984663,0.749385
26-Jan-2025 14:23:30.807,-0.368707,8.635885,0.852336
26-Jan-2025 14:23:30.823,-0.481235,9.315839,0.086191
26-Jan-2025 14:23:30.839,-0.787692,9.753978,-0.847547
26-Jan-2025 14:23:30.855,-1.338359,9.77792,-1.084573
26-Jan-2025 14:23:30.871,-1.568202,9.478644,-0.837971
26-Jan-2025 14:23:30.887,-1.616086,9.203311,-0.507571
26-Jan-2025 14:23:30.904,-1.683124,9.021352,-0.275333
26-Jan-2025 14:23:30.920,-1.762132,8.949526,-0.366313
26-Jan-2025 14:23:30.936,-1.860295,9.059659,-0.679953
26-Jan-2025 14:23:30.952,-2.073379,9.332599,-0.90022
26-Jan-2025 14:23:30.968,-2.13084,9.617508,-0.837971
26-Jan-2025 14:23:30.984,-2.037466,9.785102,-0.837971
26-Jan-2025 14:23:31.000,-1.628057,9.82341,-0.656011
26-Jan-2025 14:23:31.016,-1.446098,9.665392,-0.435745
26-Jan-2025 14:23:31.032,-1.376666,9.524135,-0.387861
26-Jan-2025 14:23:31.048,-1.326388,9.593566,-0.25618
26-Jan-2025 14:23:31.064,-1.431733,9.883265,-0.268151
26-Jan-2025 14:23:31.080,-1.546654,10.247183,-0.057461
26-Jan-2025 14:23:31.096,-1.398214,10.658986,-0.289698
26-Jan-2025 14:23:31.112,-1.582567,11.080365,-0.287304
26-Jan-2025 14:23:31.128,-1.843535,11.334151,-0.234632
26-Jan-2025 14:23:31.144,-1.790863,11.171345,-0.61531
26-Jan-2025 14:23:31.160,-1.405396,10.874464,-0.749385
26-Jan-2025 14:23:31.176,-0.926556,10.613496,-0.514753
26-Jan-2025 14:23:31.193,-0.61531,10.431537,-0.323217
26-Jan-2025 14:23:31.209,-0.545878,10.426748,0.162806
26-Jan-2025 14:23:31.225,-0.840365,10.848128,1.16837
26-Jan-2025 14:23:31.241,-1.06542,11.417948,1.668759
26-Jan-2025 14:23:31.257,-1.079785,11.932701,1.520318
26-Jan-2025 14:23:31.273,-1.352724,12.191275,1.539472
26-Jan-2025 14:23:31.289,-1.323994,12.394782,1.331176
26-Jan-2025 14:23:31.305,-1.189918,11.793838,0.577003
26-Jan-2025 14:23:31.321,-0.897826,10.247183,-0.203507
26-Jan-2025 14:23:31.337,0.067038,8.585608,-0.526724
26-Jan-2025 14:23:31.353,0.969652,7.433996,0.292093
26-Jan-2025 14:23:31.369,1.525106,6.706159,2.102109
26-Jan-2025 14:23:31.385,1.501164,6.58166,3.404555
26-Jan-2025 14:23:31.401,1.702277,6.423643,3.586514
26-Jan-2025 14:23:31.417,1.103727,7.110779,3.387795
26-Jan-2025 14:23:31.433,-0.124498,8.865729,2.169147
26-Jan-2025 14:23:31.449,-1.683124,11.530476,-0.847547
26-Jan-2025 14:23:31.465,-2.887407,14.056358,-2.358289
26-Jan-2025 14:23:31.481,-2.949656,14.286201,-1.865083
26-Jan-2025 14:23:31.498,-1.314417,12.009315,-0.586579
26-Jan-2025 14:23:31.514,-0.007183,10.134656,0.04549
26-Jan-2025 14:23:31.530,0.505177,9.169792,-0.323217
26-Jan-2025 14:23:31.546,0.565032,8.853758,-0.732626
26-Jan-2025 14:23:31.562,0.37589,8.719683,-0.641646
26-Jan-2025 14:23:31.578,-0.186748,8.578424,-0.25618
26-Jan-2025 14:23:31.594,-0.512359,8.623915,0.079009
26-Jan-2025 14:23:31.610,-0.392649,8.753201,-0.002394
26-Jan-2025 14:23:31.626,-0.31364,8.793902,-0.658405
26-Jan-2025 14:23:31.642,-0.658405,8.947132,-1.412579
26-Jan-2025 14:23:31.658,-0.897826,9.14585,-1.608904
26-Jan-2025 14:23:31.674,-0.545878,9.251195,-1.252167
26-Jan-2025 14:23:31.690,-0.033519,9.155427,-1.074997
26-Jan-2025 14:23:31.706,0.014365,9.107543,-0.979228
26-Jan-2025 14:23:31.722,-0.112527,9.057265,-0.902614
26-Jan-2025 14:23:31.738,-0.356736,9.038112,-0.711078
26-Jan-2025 14:23:31.754,-0.723049,9.229648,-0.47884
26-Jan-2025 14:23:31.770,-1.156399,9.615114,-0.665588
26-Jan-2025 14:23:31.786,-1.206678,10.228029,-0.775721
26-Jan-2025 14:23:31.802,-0.852336,10.82658,-0.92895
26-Jan-2025 14:23:31.819,-0.488417,11.355699,-1.11091
26-Jan-2025 14:23:31.835,-0.208296,11.683704,-1.300052
26-Jan-2025 14:23:31.851,-0.169988,11.73877,-1.357512
26-Jan-2025 14:23:31.867,-0.390255,11.848905,-0.905008
26-Jan-2025 14:23:31.883,-0.823605,12.957419,0.40462
26-Jan-2025 14:23:31.899,-1.685518,13.625401,0.050278
26-Jan-2025 14:23:31.915,-2.319981,13.330915,-0.639252
26-Jan-2025 14:23:31.931,-2.56419,12.172121,-0.462081
26-Jan-2025 14:23:31.947,-2.777274,10.654198,0.126893
26-Jan-2025 14:23:31.963,-2.645593,9.351752,1.09415
26-Jan-2025 14:23:31.979,-2.181118,8.468291,1.221043
26-Jan-2025 14:23:31.995,-1.900996,7.793127,0.761356
26-Jan-2025 14:23:32.011,-1.831564,7.134721,0.624887
26-Jan-2025 14:23:32.027,-1.671153,6.768408,1.295263
26-Jan-2025 14:23:32.043,-1.130063,6.670246,1.970428
26-Jan-2025 14:23:32.059,-0.591368,7.084443,1.735796
26-Jan-2025 14:23:32.075,-0.081403,8.219295,0.931344
26-Jan-2025 14:23:32.091,-0.088585,9.974244,-0.076614
26-Jan-2025 14:23:32.107,-1.335965,11.286267,-0.6608
26-Jan-2025 14:23:32.123,-2.466028,11.496957,-0.847547
26-Jan-2025 14:23:32.140,-2.497152,10.766725,-0.299275
26-Jan-2025 14:23:32.156,-1.980005,10.048465,0.201113
26-Jan-2025 14:23:32.172,-1.630451,9.552865,0.086191
26-Jan-2025 14:23:32.188,-1.309628,9.23683,-0.538695
26-Jan-2025 14:23:32.204,-1.084573,8.920795,-0.773327
26-Jan-2025 14:23:32.220,-0.723049,8.702923,-0.560243
26-Jan-2025 14:23:32.236,-0.47884,8.497022,-0.397437
26-Jan-2025 14:23:32.252,-0.778116,8.5473,-0.395043
26-Jan-2025 14:23:32.268,-1.297657,9.004593,-0.23942
26-Jan-2025 14:23:32.284,-1.61848,9.277532,-0.811634
26-Jan-2025 14:23:32.300,-1.659182,9.636662,-1.613692
26-Jan-2025 14:23:32.316,-1.290475,9.744401,-1.596933
26-Jan-2025 14:23:32.332,-1.091756,9.674969,-1.426944
26-Jan-2025 14:23:32.348,-0.85473,9.500193,-0.797269
26-Jan-2025 14:23:32.364,-0.732626,9.267955,-0.531513
26-Jan-2025 14:23:32.380,-0.684742,9.083601,-0.316035
26-Jan-2025 14:23:32.396,-0.553061,8.920795,-0.296881
26-Jan-2025 14:23:32.412,-0.301669,9.121908,-0.160412
26-Jan-2025 14:23:32.428,-0.459687,9.861717,0.208296
26-Jan-2025 14:23:32.445,-0.610521,10.81461,0.215478
26-Jan-2025 14:23:32.461,-0.857124,11.573571,-0.308852
26-Jan-2025 14:23:32.477,-0.938527,12.097901,-0.708684
26-Jan-2025 14:23:32.493,-0.311246,12.741941,-0.438139
26-Jan-2025 14:23:32.509,-0.062249,12.844893,0.071826
26-Jan-2025 14:23:32.525,0.134075,12.49055,0.641646
26-Jan-2025 14:23:32.541,0.368707,11.899182,0.938527
26-Jan-2025 14:23:32.557,0.301669,11.283873,0.811634
26-Jan-2025 14:23:32.573,0.246603,10.393229,0.282516
26-Jan-2025 14:23:32.589,0.351948,9.440337,-0.04549
26-Jan-2025 14:23:32.605,0.371101,8.568848,0.014365
26-Jan-2025 14:23:32.621,0.373495,7.999028,0.620098
26-Jan-2025 14:23:32.637,0.617704,7.773973,1.319205
26-Jan-2025 14:23:32.653,1.130063,7.953538,1.414973
26-Jan-2025 14:23:32.669,1.39582,8.753201,0.840365
26-Jan-2025 14:23:32.685,0.940921,9.787497,0.241814
26-Jan-2025 14:23:32.701,0.232238,10.749966,-0.260968
26-Jan-2025 14:23:32.717,-0.806846,11.113884,-0.555455
26-Jan-2025 14:23:32.733,-1.496376,10.87207,-0.342371
26-Jan-2025 14:23:32.750,-1.352724,10.596737,-0.234632
26-Jan-2025 14:23:32.766,-0.931344,10.366894,-0.251391
26-Jan-2025 14:23:32.782,-0.627281,10.199299,-0.512359
26-Jan-2025 14:23:32.798,-0.474052,9.921572,-1.161188
26-Jan-2025 14:23:32.814,-0.124498,9.44752,-1.496376
26-Jan-2025 14:23:32.830,0.320823,9.200917,-1.127669
26-Jan-2025 14:23:32.846,0.500388,9.052477,-0.723049
26-Jan-2025 14:23:32.862,0.270545,8.944737,-0.538695
26-Jan-2025 14:23:32.878,-0.124498,8.836999,-0.567426
26-Jan-2025 14:23:32.894,-0.423774,8.729259,-0.926556
26-Jan-2025 14:23:32.910,-0.687136,8.839393,-1.297657
26-Jan-2025 14:23:32.926,-0.835576,9.100361,-1.374272
26-Jan-2025 14:23:32.942,-0.787692,9.356541,-1.082179
26-Jan-2025 14:23:32.958,-0.354342,9.332599,-0.943315
26-Jan-2025 14:23:32.974,-0.043096,9.13388,-0.749385
26-Jan-2025 14:23:32.990,0.059855,8.90643,-0.328006
26-Jan-2025 14:23:33.006,-0.002394,8.995016,-0.296881
26-Jan-2025 14:23:33.022,-0.174777,9.560047,-0.40462
26-Jan-2025 14:23:33.038,-0.4956,10.21127,-0.244209
26-Jan-2025 14:23:33.055,-0.61531,10.800244,-0.469264
26-Jan-2025 14:23:33.071,-0.785298,11.508927,-0.792481
26-Jan-2025 14:23:33.087,-1.161188,11.793838,-0.90022
26-Jan-2025 14:23:33.103,-1.340753,11.683704,-1.086968
26-Jan-2025 14:23:33.119,-1.228225,12.047623,-0.474052
26-Jan-2025 14:23:33.135,-0.864307,12.689269,-0.02873
26-Jan-2025 14:23:33.151,-0.677559,12.164939,-0.775721
26-Jan-2025 14:23:33.167,-1.027112,11.777079,-0.73502
26-Jan-2025 14:23:33.183,-1.513135,11.537658,-0.452504
26-Jan-2025 14:23:33.199,-1.762132,10.524911,-0.500388
26-Jan-2025 14:23:33.215,-1.692701,9.595961,-0.588974
26-Jan-2025 14:23:33.231,-1.817199,8.961497,-0.768539
26-Jan-2025 14:23:33.247,-2.145205,8.544906,-0.775721
26-Jan-2025 14:23:33.263,-2.521094,8.250419,-0.442927
26-Jan-2025 14:23:33.279,-2.686294,7.943961,0.07422
26-Jan-2025 14:23:33.295,-2.753332,7.922413,0.512359
26-Jan-2025 14:23:33.311,-2.576161,8.147469,0.754174
26-Jan-2025 14:23:33.327,-2.384625,8.686164,0.979228
26-Jan-2025 14:23:33.344,-2.121263,9.811439,1.067814
26-Jan-2025 14:23:33.360,-1.922544,10.97502,0.861913
26-Jan-2025 14:23:33.376,-2.264915,11.556811,0.241814
26-Jan-2025 14:23:33.392,-2.217031,10.955867,-0.572214
26-Jan-2025 14:23:33.408,-2.066196,10.15381,-0.837971
26-Jan-2025 14:23:33.424,-1.982399,9.603143,-0.73502
26-Jan-2025 14:23:33.440,-1.996764,9.260772,-0.28491
26-Jan-2025 14:23:33.456,-2.121263,9.02614,0.234632
26-Jan-2025 14:23:33.472,-2.138022,8.635885,0.459687
26-Jan-2025 14:23:33.488,-1.90339,8.276755,0.486023
26-Jan-2025 14:23:33.504,-1.826776,8.09719,0.385466
26-Jan-2025 14:23:33.520,-1.853112,8.24563,0.033519
26-Jan-2025 14:23:33.536,-1.960851,8.868123,-0.409408
26-Jan-2025 14:23:33.552,-2.121263,9.691729,-0.847547
26-Jan-2025 14:23:33.568,-2.142811,10.383653,-1.082179
26-Jan-2025 14:23:33.584,-1.893813,10.522516,-0.770933
26-Jan-2025 14:23:33.600,-1.637634,10.405201,-0.105345
26-Jan-2025 14:23:33.616,-1.489193,10.081984,0.248997
26-Jan-2025 14:23:33.633,-1.711854,9.722853,-0.076614
26-Jan-2025 14:23:33.649,-1.939303,9.540894,0.095768
26-Jan-2025 14:23:33.665,-1.905785,9.478644,0.062249
26-Jan-2025 14:23:33.681,-1.826776,9.696517,-0.02873
26-Jan-2025 14:23:33.697,-2.035071,10.199299,-0.035913
26-Jan-2025 14:23:33.713,-1.740585,11.200075,0.418985
26-Jan-2025 14:23:33.729,-0.926556,12.313379,0.411803
26-Jan-2025 14:23:33.745,-0.071826,12.265495,-0.308852
26-Jan-2025 14:23:33.761,0.454898,11.975797,-0.244209
26-Jan-2025 14:23:33.777,0.237026,11.552023,0.011971
26-Jan-2025 14:23:33.793,-0.174777,10.91756,0.351948
26-Jan-2025 14:23:33.809,-0.445322,10.192117,0.871489
26-Jan-2025 14:23:33.825,-0.296881,9.574412,1.039083
26-Jan-2025 14:23:33.841,-0.155623,8.992621,1.137246
26-Jan-2025 14:23:33.857,0.069432,8.329428,1.046266
26-Jan-2025 14:23:33.873,0.620098,7.884106,1.022324
26-Jan-2025 14:23:33.889,1.601721,7.93199,1.371878
26-Jan-2025 14:23:33.905,2.363077,8.511387,1.249773
26-Jan-2025 14:23:33.922,2.461239,9.61272,1.082179
26-Jan-2025 14:23:33.938,1.999158,10.951078,0.821211
26-Jan-2025 14:23:33.954,0.818817,11.844116,0.181959
26-Jan-2025 14:23:33.970,-0.227449,11.511322,-0.921768
26-Jan-2025 14:23:33.986,-0.428562,10.352529,-1.613692
26-Jan-2025 14:23:34.002,-0.543484,9.543288,-1.039083
26-Jan-2025 14:23:34.018,-0.526724,9.179369,-0.246603
26-Jan-2025 14:23:34.034,-0.081403,9.153033,0.100556
26-Jan-2025 14:23:34.050,0.605733,9.26556,-0.198719
26-Jan-2025 14:23:34.066,1.161188,9.303867,-0.715866
26-Jan-2025 14:23:34.082,1.323994,9.220071,-0.964863
26-Jan-2025 14:23:34.098,1.216254,9.083601,-0.785298
26-Jan-2025 14:23:34.114,0.943315,9.038112,-0.225055
26-Jan-2025 14:23:34.130,0.653617,9.016563,-0.064643
26-Jan-2025 14:23:34.146,0.392649,9.040505,-0.560243
26-Jan-2025 14:23:34.162,0.155623,9.14585,-0.976834
26-Jan-2025 14:23:34.178,0.02873,9.504981,-0.739808
26-Jan-2025 14:23:34.194,-0.031125,10.216059,-0.21069
26-Jan-2025 14:23:34.210,0.1652,10.893618,-0.059855
26-Jan-2025 14:23:34.227,0.426168,11.15698,-0.215478
26-Jan-2025 14:23:34.243,0.521936,11.054029,-0.205901
26-Jan-2025 14:23:34.259,0.538695,10.769119,-0.35913
26-Jan-2025 14:23:34.275,0.383072,10.503363,0.043096
26-Jan-2025 14:23:34.291,0.258574,10.400413,0.301669
26-Jan-2025 14:23:34.307,-0.002394,10.472239,-0.146046
26-Jan-2025 14:23:34.323,-0.11971,11.003751,-0.423774
26-Jan-2025 14:23:34.339,-0.335188,11.444284,-0.758962
26-Jan-2025 14:23:34.355,-0.464475,11.769896,-0.926556
26-Jan-2025 14:23:34.371,-0.715866,11.954249,-0.682347
26-Jan-2025 14:23:34.387,-1.637634,11.377247,-0.658405
26-Jan-2025 14:23:34.403,-2.528277,10.69011,-0.387861
26-Jan-2025 14:23:34.419,-2.817975,10.0341,0.136469
26-Jan-2025 14:23:34.435,-2.612074,9.138668,0.280122
26-Jan-2025 14:23:34.451,-2.260126,8.468291,0.033519
26-Jan-2025 14:23:34.467,-1.951274,8.298303,-0.021548
26-Jan-2025 14:23:34.483,-1.740585,8.2169,0.047884
26-Jan-2025 14:23:34.499,-1.623269,8.238448,0.040701
26-Jan-2025 14:23:34.516,-1.666364,8.250419,0.021548
26-Jan-2025 14:23:34.532,-1.740585,8.291121,-0.155623
26-Jan-2025 14:23:34.548,-1.857901,8.429984,-0.083797
26-Jan-2025 14:23:34.564,-2.161964,8.568848,0.040701
26-Jan-2025 14:23:34.580,-2.501941,8.920795,0.361524
26-Jan-2025 14:23:34.596,-2.636016,9.258378,0.497994
26-Jan-2025 14:23:34.612,-2.614468,9.622296,0.462081
26-Jan-2025 14:23:34.628,-2.494758,10.098742,0.172383
26-Jan-2025 14:23:34.644,-2.44448,10.563218,-0.124498
26-Jan-2025 14:23:34.660,-2.418144,10.711658,-0.584185
26-Jan-2025 14:23:34.676,-2.240973,10.553641,-0.605733
26-Jan-2025 14:23:34.692,-2.147599,10.21127,-0.153229
26-Jan-2025 14:23:34.708,-2.207454,9.739613,0.107739
26-Jan-2025 14:23:34.724,-2.288857,9.370906,0.023942
26-Jan-2025 14:23:34.740,-2.509123,9.203311,-0.332794
26-Jan-2025 14:23:34.756,-2.691083,9.184157,-0.536301
26-Jan-2025 14:23:34.772,-2.607286,9.141062,-0.500388
26-Jan-2025 14:23:34.789,-2.44448,9.0429,-0.390255
26-Jan-2025 14:23:34.805,-2.329558,9.01417,-0.102951
26-Jan-2025 14:23:34.821,-2.075773,9.050082,-0.081403
26-Jan-2025 14:23:34.837,-1.956063,9.172187,-0.42138
26-Jan-2025 14:23:34.853,-1.900996,9.557653,-0.670376
26-Jan-2025 14:23:34.869,-1.776498,9.995792,-0.593762
26-Jan-2025 14:23:34.885,-1.766921,10.386047,-0.533907
26-Jan-2025 14:23:34.901,-1.788469,10.582372,-0.488417
26-Jan-2025 14:23:34.917,-1.762132,10.493786,-0.720655
26-Jan-2025 14:23:34.933,-1.884237,10.251971,-0.938527
26-Jan-2025 14:23:34.949,-2.087744,10.156203,-0.70629
26-Jan-2025 14:23:34.965,-1.924938,9.957485,-0.76375
26-Jan-2025 14:23:34.981,-1.601721,9.739613,-1.01993
26-Jan-2025 14:23:34.997,-1.225831,9.646238,-0.720655
26-Jan-2025 14:23:35.013,-0.919373,9.471462,-0.220267
26-Jan-2025 14:23:35.029,-0.782904,9.459491,0.052672
26-Jan-2025 14:23:35.045,-0.993594,9.962274,0.09098
26-Jan-2025 14:23:35.061,-1.247379,10.654198,-0.347159
26-Jan-2025 14:23:35.077,-1.496376,11.051635,-0.835576
26-Jan-2025 14:23:35.094,-1.355118,11.204864,-0.751779
26-Jan-2025 14:23:35.110,-1.125275,10.81461,-0.481235
26-Jan-2025 14:23:35.126,-0.799663,10.16578,-0.454898
26-Jan-2025 14:23:35.142,-0.306458,9.811439,-0.385466
26-Jan-2025 14:23:35.158,0.172383,9.677363,-0.294487
26-Jan-2025 14:23:35.174,0.447716,9.713276,-0.198719
26-Jan-2025 14:23:35.190,0.830788,9.868899,0.011971
26-Jan-2025 14:23:35.206,1.209072,9.89763,0.560243
26-Jan-2025 14:23:35.222,1.795651,9.900024,1.063026
26-Jan-2025 14:23:35.238,2.377442,10.005369,1.891419
26-Jan-2025 14:23:35.254,2.6839,9.85214,2.018312
26-Jan-2025 14:23:35.270,2.652776,9.801862,1.640028
26-Jan-2025 14:23:35.286,2.078167,10.357317,1.35033
26-Jan-2025 14:23:35.302,1.271321,10.910378,0.94571
26-Jan-2025 14:23:35.318,0.488417,10.931925,0.59855
26-Jan-2025 14:23:35.334,-0.076614,10.647015,0.548272
26-Jan-2025 14:23:35.350,-0.079009,10.280702,0.373495
26-Jan-2025 14:23:35.366,0.253785,9.801862,0.055067
26-Jan-2025 14:23:35.383,0.493206,9.469068,-0.038307
26-Jan-2025 14:23:35.398,0.828394,9.277532,-0.071826
26-Jan-2025 14:23:35.415,1.00317,9.100361,0.064643
26-Jan-2025 14:23:35.431,1.060631,8.851364,0.059855
26-Jan-2025 14:23:35.447,1.127669,8.726865,-0.1652
26-Jan-2025 14:23:35.463,1.142034,8.779537,-0.385466
26-Jan-2025 14:23:35.479,1.053449,9.02614,-0.169988
26-Jan-2025 14:23:35.495,0.926556,9.263166,-0.155623
26-Jan-2025 14:23:35.511,0.785298,9.524135,-0.356736
26-Jan-2025 14:23:35.527,0.679953,9.768343,-0.1652
26-Jan-2025 14:23:35.543,0.823605,9.89763,-0.373495
26-Jan-2025 14:23:35.559,1.010353,10.058042,-0.517148
26-Jan-2025 14:23:35.575,0.94571,10.172963,-0.21069
26-Jan-2025 14:23:35.591,0.804452,10.208876,-0.131681
26-Jan-2025 14:23:35.607,0.701501,10.084377,-0.040701
26-Jan-2025 14:23:35.623,0.775721,10.06283,0.1652
26-Jan-2025 14:23:35.639,0.969652,10.354922,0.09098
26-Jan-2025 14:23:35.655,1.015141,10.879252,-0.112527
26-Jan-2025 14:23:35.671,0.895431,11.657368,-0.339977
26-Jan-2025 14:23:35.688,0.505177,12.196063,-0.529119
26-Jan-2025 14:23:35.704,0.122104,12.586318,-0.134075
26-Jan-2025 14:23:35.719,-0.081403,13.065159,0.696713
26-Jan-2025 14:23:35.736,-0.481235,12.983756,0.761356
26-Jan-2025 14:23:35.752,-0.64404,12.571953,1.036689
26-Jan-2025 14:23:35.768,-0.612916,11.99495,1.362301
26-Jan-2025 14:23:35.784,-1.041478,11.267113,1.417367
26-Jan-2025 14:23:35.800,-1.142034,10.383653,0.964863
26-Jan-2025 14:23:35.816,-1.106121,9.531317,0.591368
26-Jan-2025 14:23:35.832,-1.06542,8.729259,0.588974
26-Jan-2025 14:23:35.848,-1.017536,7.90326,0.756568
26-Jan-2025 14:23:35.864,-1.067814,7.331046,1.084573
26-Jan-2025 14:23:35.880,-1.072602,7.101202,1.024718
26-Jan-2025 14:23:35.895,-1.067814,7.331046,0.579397
26-Jan-2025 14:23:35.912,-0.878672,8.001422,0.308852
26-Jan-2025 14:23:35.928,-0.344765,8.705317,0.126893
26-Jan-2025 14:23:35.944,0.181959,9.416395,0.122104
26-Jan-2025 14:23:35.960,0.565032,10.077195,-0.069432
26-Jan-2025 14:23:35.976,0.641646,10.31901,-0.428562
26-Jan-2025 14:23:35.993,0.586579,10.072407,-0.751779
26-Jan-2025 14:23:36.009,0.474052,9.775525,-0.59855
26-Jan-2025 14:23:36.025,0.622492,9.5385,-0.229843
26-Jan-2025 14:23:36.041,1.017536,9.23683,0.260968
26-Jan-2025 14:23:36.057,1.18513,8.789114,0.629675
26-Jan-2025 14:23:36.073,0.919373,8.647857,0.658405
26-Jan-2025 14:23:36.089,0.397437,8.892065,0.153229
26-Jan-2025 14:23:36.105,0.153229,9.476251,-0.349553
26-Jan-2025 14:23:36.121,0.081403,10.0341,-0.490811
26-Jan-2025 14:23:36.137,0.311246,10.220847,-0.481235
26-Jan-2025 14:23:36.153,0.430956,10.093954,-0.402226
26-Jan-2025 14:23:36.169,0.363919,9.801862,-0.344765
26-Jan-2025 14:23:36.185,0.268151,9.394848,0.098162
26-Jan-2025 14:23:36.201,0.31364,8.992621,1.063026
26-Jan-2025 14:23:36.216,0.069432,8.707711,0.976834
26-Jan-2025 14:23:36.233,-0.064643,8.722076,0.802058
26-Jan-2025 14:23:36.249,0.011971,8.992621,0.651223
26-Jan-2025 14:23:36.265,0.100556,9.739613,0.512359
26-Jan-2025 14:23:36.282,0.1652,10.802638,0.390255
26-Jan-2025 14:23:36.298,-0.019154,11.767501,0.277727
26-Jan-2025 14:23:36.314,-0.363919,12.294226,0.117316
26-Jan-2025 14:23:36.330,-0.687136,12.073959,0.275333
26-Jan-2025 14:23:36.346,-0.670376,11.796232,1.113304
26-Jan-2025 14:23:36.362,-0.531513,12.095507,1.446098
26-Jan-2025 14:23:36.378,-0.110133,12.330139,0.871489
26-Jan-2025 14:23:36.394,0.25618,12.421119,0.201113
26-Jan-2025 14:23:36.410,0.670376,12.23437,-0.471658
26-Jan-2025 14:23:36.426,1.01993,11.362882,-0.529119
26-Jan-2025 14:23:36.442,1.510741,10.081984,0.038307
26-Jan-2025 14:23:36.458,1.841141,8.63828,0.292093
26-Jan-2025 14:23:36.474,1.92015,7.173028,1.225831
26-Jan-2025 14:23:36.490,2.11408,5.906496,2.298434
26-Jan-2025 14:23:36.506,2.341529,5.351041,2.674323
26-Jan-2025 14:23:36.522,2.051831,5.882554,2.08535
26-Jan-2025 14:23:36.538,1.781286,7.867347,0.497994
26-Jan-2025 14:23:36.555,1.340753,10.817003,-1.007959
26-Jan-2025 14:23:36.571,0.778116,13.125013,-0.59855
26-Jan-2025 14:23:36.587,0.608127,13.558364,0.476446
26-Jan-2025 14:23:36.603,0.926556,12.117055,0.577003
26-Jan-2025 14:23:36.619,1.347936,10.376471,0.071826
26-Jan-2025 14:23:36.635,1.359907,9.701305,-0.155623
26-Jan-2025 14:23:36.651,1.084573,9.646238,-0.007183
26-Jan-2025 14:23:36.667,0.873884,9.672575,-0.033519
26-Jan-2025 14:23:36.683,0.718261,9.706094,-0.21069
26-Jan-2025 14:23:36.699,0.732626,9.406818,-0.289698
26-Jan-2025 14:23:36.715,0.869095,8.882488,-0.217872
26-Jan-2025 14:23:36.731,0.957681,8.276755,-0.311246
26-Jan-2025 14:23:36.747,0.909797,7.994239,-0.507571
26-Jan-2025 14:23:36.763,0.691924,8.027759,-0.725443
26-Jan-2025 14:23:36.779,0.550666,8.42759,-1.01993
26-Jan-2025 14:23:36.795,0.574608,8.930372,-1.326388
26-Jan-2025 14:23:36.811,0.617704,9.260772,-1.252167
26-Jan-2025 14:23:36.827,0.653617,9.299079,-0.924162
26-Jan-2025 14:23:36.843,0.577003,9.301474,-0.6608
26-Jan-2025 14:23:36.858,0.380678,9.629479,-0.390255
26-Jan-2025 14:23:36.876,0.107739,10.089166,-0.972046
26-Jan-2025 14:23:36.892,0.146046,10.627861,-0.648829
26-Jan-2025 14:23:36.908,0.442927,10.94629,-0.622492
26-Jan-2025 14:23:36.924,0.474052,11.274296,-1.21386
26-Jan-2025 14:23:36.940,0.402226,11.638214,-1.312023
26-Jan-2025 14:23:36.956,0.457293,11.789049,-0.493206
26-Jan-2025 14:23:36.972,0.280122,12.191275,0.471658
26-Jan-2025 14:23:36.988,-0.222661,12.215217,-0.301669
26-Jan-2025 14:23:37.004,-0.517148,11.851298,-0.969652
26-Jan-2025 14:23:37.020,-0.361524,11.331757,-0.378284
26-Jan-2025 14:23:37.036,-0.59855,10.821792,0.246603
26-Jan-2025 14:23:37.052,-0.88346,10.304645,0.656011
26-Jan-2025 14:23:37.068,-0.864307,9.868899,0.742203
26-Jan-2025 14:23:37.084,-0.998382,9.557653,0.093374
26-Jan-2025 14:23:37.100,-1.455675,9.248801,-0.799663
26-Jan-2025 14:23:37.116,-1.666364,9.021352,-0.287304
26-Jan-2025 14:23:37.132,-2.23379,8.937555,0.88346
26-Jan-2025 14:23:37.148,-2.303222,8.813056,0.907402
26-Jan-2025 14:23:37.164,-1.939303,8.559271,0.105345
26-Jan-2025 14:23:37.181,-1.690306,8.588001,-0.430956
26-Jan-2025 14:23:37.197,-1.740585,8.959103,-0.337582
26-Jan-2025 14:23:37.213,-1.958457,9.500193,-0.268151
26-Jan-2025 14:23:37.229,-2.051831,9.710882,-0.19393
26-Jan-2025 14:23:37.245,-2.015918,9.488221,-0.148441
26-Jan-2025 14:23:37.261,-1.757344,9.181764,0.272939
26-Jan-2025 14:23:37.277,-1.426944,8.856153,0.244209
26-Jan-2025 14:23:37.293,-1.23062,8.602366,0.246603
26-Jan-2025 14:23:37.309,-0.952892,8.51857,0.433351
26-Jan-2025 14:23:37.325,-0.778116,8.662222,0.718261
26-Jan-2025 14:23:37.341,-0.912191,9.064447,0.893037
26-Jan-2025 14:23:37.357,-1.23062,9.560047,0.493206
26-Jan-2025 14:23:37.373,-1.625663,9.907207,-0.160412
26-Jan-2025 14:23:37.389,-1.695095,10.149021,-0.447716
26-Jan-2025 14:23:37.405,-1.577779,10.117896,-0.442927
26-Jan-2025 14:23:37.421,-1.496376,9.780313,-0.380678
26-Jan-2025 14:23:37.437,-1.446098,9.366117,-0.047884
26-Jan-2025 14:23:37.453,-1.053449,9.13388,0.423774
26-Jan-2025 14:23:37.469,-0.785298,9.121908,0.562637
26-Jan-2025 14:23:37.486,-0.715866,9.425972,0.577003
26-Jan-2025 14:23:37.502,-0.627281,9.902418,0.265756
26-Jan-2025 14:23:37.518,-0.59855,10.316615,-0.440533
26-Jan-2025 14:23:37.534,-0.684742,10.747571,-0.588974
26-Jan-2025 14:23:37.550,-0.500388,11.346122,-0.067038
26-Jan-2025 14:23:37.566,-0.107739,11.935096,0.35913
26-Jan-2025 14:23:37.582,0.002394,12.282255,0.220267
26-Jan-2025 14:23:37.598,-0.19393,12.241553,-0.203507
26-Jan-2025 14:23:37.614,0.296881,12.248735,0.452504
26-Jan-2025 14:23:37.630,0.691924,12.34211,0.852336
26-Jan-2025 14:23:37.646,0.859518,12.145785,0.869095
26-Jan-2025 14:23:37.662,1.292869,11.453861,0.828394
26-Jan-2025 14:23:37.678,1.656788,10.474632,0.672771
26-Jan-2025 14:23:37.694,1.879448,9.414001,0.893037
26-Jan-2025 14:23:37.710,2.363077,8.420407,1.58975
26-Jan-2025 14:23:37.726,2.882619,7.893683,2.214637
26-Jan-2025 14:23:37.742,3.081338,7.745243,2.463634
26-Jan-2025 14:23:37.758,2.604892,8.171411,1.699883
26-Jan-2025 14:23:37.774,1.742979,9.047688,0.814029
26-Jan-2025 14:23:37.791,1.072602,9.854534,0.035913
26-Jan-2025 14:23:37.807,0.56982,10.192117,-0.138864
26-Jan-2025 14:23:37.823,0.438139,9.933543,0.596156
26-Jan-2025 14:23:37.839,0.620098,9.3733,0.933739
26-Jan-2025 14:23:37.855,0.948104,9.062054,0.742203
26-Jan-2025 14:23:37.871,1.096544,9.181764,0.244209
26-Jan-2025 14:23:37.887,0.988805,9.43076,-0.411803
26-Jan-2025 14:23:37.903,0.775721,9.703699,-0.447716
26-Jan-2025 14:23:37.919,0.926556,9.787497,0.057461
26-Jan-2025 14:23:37.935,1.144428,9.526528,0.299275
26-Jan-2025 14:23:37.951,1.173159,9.363723,0.296881
26-Jan-2025 14:23:37.967,0.905008,9.184157,0.057461
26-Jan-2025 14:23:37.983,0.596156,9.01417,-0.454898
26-Jan-2025 14:23:37.999,0.342371,9.179369,-0.70629
26-Jan-2025 14:23:38.015,0.071826,9.581595,-0.873884
26-Jan-2025 14:23:38.031,-0.033519,9.945514,-0.816423
26-Jan-2025 14:23:38.047,0.023942,10.084377,-0.797269
26-Jan-2025 14:23:38.063,0.141258,10.014946,-0.756568
26-Jan-2025 14:23:38.079,0.181959,9.854534,-0.526724
26-Jan-2025 14:23:38.096,0.177171,9.813833,-0.397437
26-Jan-2025 14:23:38.112,0.086191,9.694122,-0.567426
26-Jan-2025 14:23:38.128,0.124498,9.694122,-0.519542
26-Jan-2025 14:23:38.144,0.349553,9.864111,-0.093374
26-Jan-2025 14:23:38.160,0.500388,10.249578,0.014365
26-Jan-2025 14:23:38.176,0.385466,10.649409,-0.464475
26-Jan-2025 14:23:38.192,0.177171,10.900801,-1.156399
26-Jan-2025 14:23:38.208,-0.02873,10.898406,-1.369483
26-Jan-2025 14:23:38.224,-0.25618,10.790668,-1.127669
26-Jan-2025 14:23:38.240,-0.471658,11.183316,-0.07422
26-Jan-2025 14:23:38.256,-0.507571,12.126632,0.804452
26-Jan-2025 14:23:38.272,-0.687136,12.310986,-0.19393
26-Jan-2025 14:23:38.288,-1.055843,12.437878,-0.553061
26-Jan-2025 14:23:38.304,-1.314417,12.571953,0.105345
26-Jan-2025 14:23:38.320,-1.996764,11.944673,0.737414
26-Jan-2025 14:23:38.336,-2.552219,10.807426,0.61531
26-Jan-2025 14:23:38.352,-2.645593,9.825804,0.562637
26-Jan-2025 14:23:38.368,-2.422932,8.956709,0.155623
26-Jan-2025 14:23:38.384,-2.200271,8.228871,-0.038307
26-Jan-2025 14:23:38.401,-2.061408,7.577648,0.687136
26-Jan-2025 14:23:38.417,-2.06859,7.113173,1.489193
26-Jan-2025 14:23:38.433,-2.121263,6.962338,1.644817
26-Jan-2025 14:23:38.449,-1.92015,7.10599,0.924162
26-Jan-2025 14:23:38.465,-1.857901,7.608773,-0.064643
26-Jan-2025 14:23:38.481,-1.805228,8.908825,-0.098162
26-Jan-2025 14:23:38.497,-1.56102,10.345345,0.383072
26-Jan-2025 14:23:38.513,-1.745373,11.089942,0.610521
26-Jan-2025 14:23:38.529,-2.183512,10.773908,0.146046
26-Jan-2025 14:23:38.545,-2.226608,10.235212,-0.35913
26-Jan-2025 14:23:38.561,-2.217031,9.866506,-0.533907
26-Jan-2025 14:23:38.577,-2.267309,9.464279,-0.409408
26-Jan-2025 14:23:38.593,-2.078167,9.093178,-0.251391
26-Jan-2025 14:23:38.609,-1.659182,8.892065,-0.105345
26-Jan-2025 14:23:38.625,-1.400608,8.882488,-0.155623
26-Jan-2025 14:23:38.641,-1.328782,8.875306,-0.45011
26-Jan-2025 14:23:38.657,-1.074997,8.798691,-0.600945
26-Jan-2025 14:23:38.673,-0.744597,8.676587,-0.500388
26-Jan-2025 14:23:38.689,-0.572214,8.65025,-0.397437
26-Jan-2025 14:23:38.706,-0.610521,8.762778,-0.354342
26-Jan-2025 14:23:38.722,-0.737414,9.078813,-0.469264
26-Jan-2025 14:23:38.738,-0.916979,9.572019,-0.378284
26-Jan-2025 14:23:38.754,-0.993594,10.029311,-0.112527
26-Jan-2025 14:23:38.770,-1.189918,10.275913,0.035913
26-Jan-2025 14:23:38.786,-1.242591,10.884041,0.3304
26-Jan-2025 14:23:38.802,-1.256956,11.57836,0.399832
26-Jan-2025 14:23:38.818,-1.443704,11.971008,0.026336
26-Jan-2025 14:23:38.834,-1.443704,12.059594,-0.184354
26-Jan-2025 14:23:38.850,-0.85473,12.691663,0.299275
26-Jan-2025 14:23:38.866,-0.114922,13.55597,0.828394
26-Jan-2025 14:23:38.882,0.586579,13.575124,0.677559
26-Jan-2025 14:23:38.898,0.876278,13.206416,0.658405
26-Jan-2025 14:23:38.914,0.933739,12.224793,0.634463
26-Jan-2025 14:23:38.930,0.718261,11.013328,0.694318
26-Jan-2025 14:23:38.946,0.665588,9.720459,0.758962
26-Jan-2025 14:23:38.962,0.509965,8.59279,0.909797
26-Jan-2025 14:23:38.978,0.59855,7.477092,1.556231
26-Jan-2025 14:23:38.995,1.180341,6.744466,2.39899
26-Jan-2025 14:23:39.011,1.553837,6.722919,2.636016
26-Jan-2025 14:23:39.027,1.47004,7.230489,2.516306
26-Jan-2025 14:23:39.043,1.122881,7.946355,2.458845
26-Jan-2025 14:23:39.059,0.761356,9.394848,1.422156
26-Jan-2025 14:23:39.075,0.191536,11.121067,0.189142
26-Jan-2025 14:23:39.091,-0.481235,12.026075,0.052672
26-Jan-2025 14:23:39.107,-0.445322,11.291056,0.131681
26-Jan-2025 14:23:39.123,0.102951,10.170568,0.047884
26-Jan-2025 14:23:39.139,0.430956,9.600749,0.385466
26-Jan-2025 14:23:39.155,0.574608,9.387665,0.11971
26-Jan-2025 14:23:39.171,0.648829,9.26556,-0.325611
26-Jan-2025 14:23:39.187,0.821211,9.267955,-0.222661
26-Jan-2025 14:23:39.203,0.981623,9.200917,-0.167594
26-Jan-2025 14:23:39.219,1.04866,9.0429,0.031125
26-Jan-2025 14:23:39.235,0.88346,8.875306,-0.071826
26-Jan-2025 14:23:39.251,0.579397,8.820239,-0.493206
26-Jan-2025 14:23:39.267,0.294487,8.968679,-0.873884
26-Jan-2025 14:23:39.284,0.07422,9.23683,-1.051055
26-Jan-2025 14:23:39.300,0.110133,9.442732,-0.979228
26-Jan-2025 14:23:39.316,0.203507,9.5385,-0.861913
26-Jan-2025 14:23:39.332,0.184354,9.507375,-0.775721
26-Jan-2025 14:23:39.348,0.198719,9.536105,-0.679953
26-Jan-2025 14:23:39.364,0.229843,9.706094,-0.4956
26-Jan-2025 14:23:39.380,0.337582,9.868899,-0.354342
26-Jan-2025 14:23:39.396,0.533907,10.04607,-0.232238
26-Jan-2025 14:23:39.412,0.897826,10.307038,-0.25618
26-Jan-2025 14:23:39.428,0.905008,10.615891,-0.507571
26-Jan-2025 14:23:39.444,0.54109,10.924743,-0.610521
26-Jan-2025 14:23:39.460,0.220267,11.183316,-0.457293
26-Jan-2025 14:23:39.476,-0.07422,12.667721,1.312023
26-Jan-2025 14:23:39.492,-0.301669,14.018051,1.508347
26-Jan-2025 14:23:39.508,-0.943315,13.575124,0.344765
26-Jan-2025 14:23:39.524,-2.116474,12.765883,0.926556
26-Jan-2025 14:23:39.540,-2.458845,11.683704,1.972822
26-Jan-2025 14:23:39.556,-1.905785,10.192117,2.238579
26-Jan-2025 14:23:39.572,-1.510741,9.210494,1.707066
26-Jan-2025 14:23:39.588,-1.199495,8.702923,1.30484
26-Jan-2025 14:23:39.605,-0.816423,8.652645,1.699883
26-Jan-2025 14:23:39.621,-0.435745,8.908825,2.123657
26-Jan-2025 14:23:39.637,-0.253785,9.193734,1.833959
26-Jan-2025 14:23:39.653,-0.675165,9.557653,1.508347
26-Jan-2025 14:23:39.669,-1.108515,9.885659,1.000776
26-Jan-2025 14:23:39.685,-0.814029,10.041282,0.474052
26-Jan-2025 14:23:39.701,-0.131681,10.002975,0.181959
26-Jan-2025 14:23:39.717,0.464475,9.631873,-0.047884
26-Jan-2025 14:23:39.733,0.653617,9.244013,-0.093374
26-Jan-2025 14:23:39.749,0.509965,8.985439,0.02873
26-Jan-2025 14:23:39.765,0.308852,8.714894,0.134075
26-Jan-2025 14:23:39.781,0.150835,8.439561,0.112527
26-Jan-2025 14:23:39.797,0.179565,8.147469,0.268151
26-Jan-2025 14:23:39.813,0.402226,7.994239,0.426168
26-Jan-2025 14:23:39.829,0.416591,8.061277,0.533907
26-Jan-2025 14:23:39.845,0.31364,8.384495,0.371101
26-Jan-2025 14:23:39.861,0.146046,9.114726,-0.433351
26-Jan-2025 14:23:39.878,0.011971,9.883265,-1.029507
26-Jan-2025 14:23:39.894,0.093374,10.240001,-1.355118
26-Jan-2025 14:23:39.910,0.258574,10.149021,-1.053449
26-Jan-2025 14:23:39.926,0.411803,9.825804,-0.390255
26-Jan-2025 14:23:39.942,0.605733,9.459491,-0.079009
26-Jan-2025 14:23:39.958,0.627281,9.224859,-0.043096
26-Jan-2025 14:23:39.974,0.603339,9.124303,0.062249
26-Jan-2025 14:23:39.990,0.888249,9.344569,0.237026
26-Jan-2025 14:23:40.006,1.156399,9.861717,0.342371
26-Jan-2025 14:23:40.022,0.936133,10.620679,0.110133
26-Jan-2025 14:23:40.038,0.778116,11.130644,-0.148441
26-Jan-2025 14:23:40.054,0.620098,11.092337,-0.102951
26-Jan-2025 14:23:40.070,0.579397,10.687716,-0.167594
26-Jan-2025 14:23:40.086,0.423774,10.613496,0.292093
26-Jan-2025 14:23:40.102,0.715866,10.769119,0.78051
26-Jan-2025 14:23:40.118,1.426944,10.931925,1.331176
26-Jan-2025 14:23:40.134,2.051831,11.343728,2.138022
26-Jan-2025 14:23:40.150,2.245761,12.184093,2.202666
26-Jan-2025 14:23:40.166,2.099715,12.318168,0.6608
26-Jan-2025 14:23:40.183,1.651999,11.216835,-0.579397
26-Jan-2025 14:23:40.199,1.905785,10.070012,0.138864
26-Jan-2025 14:23:40.215,2.3535,9.124303,1.436521
26-Jan-2025 14:23:40.231,2.624045,8.475474,2.904167
26-Jan-2025 14:23:40.247,2.547431,8.128315,2.801216
26-Jan-2025 14:23:40.263,1.908179,8.147469,1.158794
26-Jan-2025 14:23:40.279,1.39582,8.463503,0.1652
26-Jan-2025 14:23:40.295,0.864307,8.911219,0.114922
26-Jan-2025 14:23:40.311,0.047884,9.627085,0.464475
26-Jan-2025 14:23:40.327,-0.56982,10.213664,0.581791
26-Jan-2025 14:23:40.343,-0.287304,10.383653,0.244209
26-Jan-2025 14:23:40.359,0.699107,10.19451,-0.387861
26-Jan-2025 14:23:40.375,1.273715,9.871294,-0.670376
26-Jan-2025 14:23:40.391,1.458069,9.476251,-0.505177
26-Jan-2025 14:23:40.407,1.393425,9.334992,-0.385466
26-Jan-2025 14:23:40.423,1.266533,9.3733,-0.459687
26-Jan-2025 14:23:40.439,1.144428,9.61272,-0.624887
26-Jan-2025 14:23:40.455,1.00317,9.955091,-0.617704
26-Jan-2025 14:23:40.472,0.905008,10.180145,-0.73502
26-Jan-2025 14:23:40.488,0.775721,9.610326,-0.873884
26-Jan-2025 14:23:40.504,0.842759,8.942344,-0.818817
26-Jan-2025 14:23:40.520,0.993594,8.652645,-0.622492
26-Jan-2025 14:23:40.536,0.955287,8.734048,-0.497994
26-Jan-2025 14:23:40.552,0.828394,8.90643,-0.529119
26-Jan-2025 14:23:40.568,0.821211,9.028535,-0.701501
26-Jan-2025 14:23:40.584,0.847547,9.423578,-0.758962
26-Jan-2025 14:23:40.600,0.76375,9.900024,-0.548272
26-Jan-2025 14:23:40.616,0.758962,10.163386,-0.21069
26-Jan-2025 14:23:40.632,0.739808,10.520123,-0.122104
26-Jan-2025 14:23:40.648,0.462081,11.106702,-0.818817
26-Jan-2025 14:23:40.664,-0.112527,11.602302,-1.522712
26-Jan-2025 14:23:40.680,-0.380678,12.069171,-0.474052
26-Jan-2025 14:23:40.696,-0.560243,13.266272,1.632846
26-Jan-2025 14:23:40.712,-0.940921,14.348451,0.94571
26-Jan-2025 14:23:40.728,-1.218649,13.484144,-0.047884
26-Jan-2025 14:23:40.745,-0.876278,12.040441,0.936133
26-Jan-2025 14:23:40.761,-0.857124,10.960655,1.953669
26-Jan-2025 14:23:40.777,-1.326388,10.457873,1.927332
26-Jan-2025 14:23:40.793,-1.508347,10.110714,1.146823
26-Jan-2025 14:23:40.809,-1.290475,9.469068,0.351948
26-Jan-2025 14:23:40.825,-0.943315,8.772355,0.938527
26-Jan-2025 14:23:40.841,-0.545878,8.264784,1.716643
26-Jan-2025 14:23:40.857,-0.129287,7.838616,1.314417
26-Jan-2025 14:23:40.873,-0.232238,7.764396,0.517148
26-Jan-2025 14:23:40.889,-0.356736,8.061277,0.308852
26-Jan-2025 14:23:40.905,-0.021548,8.652645,0.169988
26-Jan-2025 14:23:40.921,0.586579,9.334992,-0.007183
26-Jan-2025 14:23:40.937,0.991199,9.672575,-0.146046
26-Jan-2025 14:23:40.953,0.574608,9.840169,0.112527
26-Jan-2025 14:23:40.969,-0.203507,9.842564,0.402226
26-Jan-2025 14:23:40.985,-0.588974,9.639056,0.447716
26-Jan-2025 14:23:41.001,-0.600945,9.19134,0.117316
26-Jan-2025 14:23:41.017,-0.430956,8.839393,-0.23942
26-Jan-2025 14:23:41.033,-0.3304,8.66701,-0.464475
26-Jan-2025 14:23:41.050,-0.205901,8.765172,-0.229843
26-Jan-2025 14:23:41.066,-0.208296,9.030929,-0.11971
26-Jan-2025 14:23:41.082,-0.272939,9.507375,-0.447716
26-Jan-2025 14:23:41.098,-0.263362,9.950302,-0.902614
26-Jan-2025 14:23:41.114,-0.28491,10.19451,-1.173159
26-Jan-2025 14:23:41.130,-0.208296,10.156203,-1.237802
26-Jan-2025 14:23:41.146,-0.138864,9.830592,-0.995988
26-Jan-2025 14:23:41.162,-0.251391,9.392453,-0.840365
26-Jan-2025 14:23:41.178,-0.411803,9.0429,-0.502782
26-Jan-2025 14:23:41.194,-0.555455,8.90643,-0.318429
26-Jan-2025 14:23:41.210,-0.517148,9.064447,-0.272939
26-Jan-2025 14:23:41.226,-0.155623,9.497798,-0.335188
26-Jan-2025 14:23:41.242,0.117316,10.036493,-0.54109
26-Jan-2025 14:23:41.258,0.251391,10.654198,-0.466869
26-Jan-2025 14:23:41.274,0.201113,11.267113,-0.433351
26-Jan-2025 14:23:41.290,0.069432,11.640609,-0.507571
26-Jan-2025 14:23:41.306,-0.141258,11.468226,-0.624887
26-Jan-2025 14:23:41.322,-0.246603,11.075577,-0.567426
26-Jan-2025 14:23:41.338,-0.325611,10.967838,-0.335188
26-Jan-2025 14:23:41.355,0,11.207258,-0.02873
26-Jan-2025 14:23:41.371,0.366313,11.403583,-0.131681
26-Jan-2025 14:23:41.387,1.206678,11.611878,0.268151
26-Jan-2025 14:23:41.403,2.049437,11.951855,0.830788
26-Jan-2025 14:23:41.419,2.011129,11.566388,1.130063
26-Jan-2025 14:23:41.435,1.96564,10.177752,0.76375
26-Jan-2025 14:23:41.451,2.135628,8.949526,0.507571
26-Jan-2025 14:23:41.467,2.310405,8.180987,1.192312
26-Jan-2025 14:23:41.483,2.657564,7.912837,2.693477
26-Jan-2025 14:23:41.499,2.693477,8.001422,3.366248
26-Jan-2025 14:23:41.515,2.288857,8.350976,2.841918
26-Jan-2025 14:23:41.531,1.661576,9.052477,1.84593
26-Jan-2025 14:23:41.547,0.94571,10.132261,0.423774
26-Jan-2025 14:23:41.563,0.117316,11.121067,-0.37589
26-Jan-2025 14:23:41.579,-0.54109,11.358093,0.110133
26-Jan-2025 14:23:41.595,0.021548,10.575189,0.699107
26-Jan-2025 14:23:41.611,0.905008,9.598354,0.636858
26-Jan-2025 14:23:41.627,1.750161,8.896853,0.177171
26-Jan-2025 14:23:41.644,2.257732,8.590396,0.021548
26-Jan-2025 14:23:41.660,2.499547,8.437167,0.349553
26-Jan-2025 14:23:41.676,2.578555,8.221688,0.347159
26-Jan-2025 14:23:41.692,2.497152,8.003817,0.301669
26-Jan-2025 14:23:41.708,2.118869,8.046912,0.502782
26-Jan-2025 14:23:41.724,1.642422,8.465898,0.593762
26-Jan-2025 14:23:41.740,1.264138,8.99741,0.217872
26-Jan-2025 14:23:41.756,1.012747,9.473856,-0.45011
26-Jan-2025 14:23:41.772,0.871489,9.928755,-0.835576
26-Jan-2025 14:23:41.788,0.962469,10.259154,-0.94571
26-Jan-2025 14:23:41.804,0.955287,10.548853,-0.881066
26-Jan-2025 14:23:41.820,0.912191,10.716447,-0.876278
26-Jan-2025 14:23:41.836,0.955287,10.67814,-0.742203
26-Jan-2025 14:23:41.852,1.285686,10.601525,-0.418985
26-Jan-2025 14:23:41.868,1.625663,10.563218,-0.263362
26-Jan-2025 14:23:41.884,1.786075,10.692505,-0.105345
26-Jan-2025 14:23:41.900,1.855506,11.09473,-0.332794
26-Jan-2025 14:23:41.916,1.625663,11.425131,-0.442927
26-Jan-2025 14:23:41.933,1.307234,11.468226,-0.418985
26-Jan-2025 14:23:41.949,0.847547,11.537658,0.296881
26-Jan-2025 14:23:41.965,0.282516,12.615048,1.891419
26-Jan-2025 14:23:41.980,-0.845153,13.599066,1.529895
26-Jan-2025 14:23:41.997,-1.668759,12.548011,0.794875
26-Jan-2025 14:23:42.013,-0.746991,10.55843,1.30484
26-Jan-2025 14:23:42.029,-0.031125,8.990228,1.644817
26-Jan-2025 14:23:42.045,-0.110133,8.475474,2.003947
26-Jan-2025 14:23:42.061,-0.54109,8.578424,1.769315
26-Jan-2025 14:23:42.077,-0.797269,9.011775,0.651223
26-Jan-2025 14:23:42.093,-0.603339,9.318233,0.033519
26-Jan-2025 14:23:42.109,-0.191536,9.363723,0.31364
26-Jan-2025 14:23:42.125,0.081403,9.323022,0.80924
26-Jan-2025 14:23:42.141,0.282516,9.380483,1.029507
26-Jan-2025 14:23:42.157,0.351948,9.557653,0.936133
26-Jan-2025 14:23:42.173,0.59855,9.801862,0.356736
26-Jan-2025 14:23:42.190,1.175553,9.782708,-0.1652
26-Jan-2025 14:23:42.206,1.18513,9.543288,-0.430956
26-Jan-2025 14:23:42.222,0.509965,9.097966,-0.11971
26-Jan-2025 14:23:42.238,0.033519,8.485051,0.095768
26-Jan-2025 14:23:42.254,-0.095768,7.958326,0.234632
26-Jan-2025 14:23:42.270,0.28491,7.876924,0.361524
26-Jan-2025 14:23:42.286,0.76375,8.271967,0.31364
26-Jan-2025 14:23:42.302,0.866701,9.035717,-0.050278
26-Jan-2025 14:23:42.318,0.4956,9.832987,-0.88346
26-Jan-2025 14:23:42.334,0.09098,10.342952,-1.683124
26-Jan-2025 14:23:42.350,-0.19393,10.345345,-1.654393
26-Jan-2025 14:23:42.366,-0.25618,9.907207,-1.070208
26-Jan-2025 14:23:42.382,-0.002394,9.557653,0.004788
26-Jan-2025 14:23:42.398,0.289698,9.409213,0.452504
26-Jan-2025 14:23:42.414,0.306458,9.466674,0.562637
26-Jan-2025 14:23:42.430,0.205901,9.622296,0.591368
26-Jan-2025 14:23:42.446,0.320823,9.674969,0.440533
26-Jan-2025 14:23:42.462,0.464475,10.187328,0.129287
26-Jan-2025 14:23:42.479,0.507571,11.001357,-0.196325
26-Jan-2025 14:23:42.495,0.31364,11.805809,-0.435745
26-Jan-2025 14:23:42.511,-0.069432,11.959038,-0.766145
26-Jan-2025 14:23:42.527,-0.553061,11.444284,-0.955287
26-Jan-2025 14:23:42.543,-0.787692,10.726024,-0.737414
26-Jan-2025 14:23:42.559,-0.725443,10.429143,-0.215478
26-Jan-2025 14:23:42.575,-0.699107,10.728417,0.153229
26-Jan-2025 14:23:42.591,-0.332794,11.420342,-0.414197
26-Jan-2025 14:23:42.607,0.186748,11.796232,-1.292869
26-Jan-2025 14:23:42.623,0.876278,11.918336,-1.005565
26-Jan-2025 14:23:42.639,1.30484,11.587936,-0.270545
26-Jan-2025 14:23:42.655,1.374272,10.582372,0.347159
26-Jan-2025 14:23:42.671,1.467646,9.332599,0.349553
26-Jan-2025 14:23:42.687,1.58975,8.180987,-0.011971
26-Jan-2025 14:23:42.703,1.807622,7.508216,0.294487
26-Jan-2025 14:23:42.719,2.434903,7.158663,1.108515
26-Jan-2025 14:23:42.735,2.961627,7.565677,1.599327
26-Jan-2025 14:23:42.752,2.837129,8.815451,1.288081
26-Jan-2025 14:23:42.768,2.123657,10.311827,0.059855
26-Jan-2025 14:23:42.784,1.022324,11.542446,-0.852336
26-Jan-2025 14:23:42.800,-0.131681,11.77229,-0.912191
26-Jan-2025 14:23:42.816,-0.272939,10.675745,-0.332794
26-Jan-2025 14:23:42.832,0.181959,9.555259,0.052672
26-Jan-2025 14:23:42.848,0.411803,8.815451,0.019154
26-Jan-2025 14:23:42.864,0.507571,8.516175,-0.282516
26-Jan-2025 14:23:42.880,0.730232,8.315063,-0.859518
26-Jan-2025 14:23:42.896,0.919373,8.259995,-1.051055
26-Jan-2025 14:23:42.912,0.85473,8.394072,-0.981623
26-Jan-2025 14:23:42.928,0.756568,8.671799,-0.849942
26-Jan-2025 14:23:42.944,0.727837,9.01417,-0.694318
26-Jan-2025 14:23:42.960,0.766145,9.25359,-0.64404
26-Jan-2025 14:23:42.976,0.73502,9.569624,-0.85473
26-Jan-2025 14:23:42.992,0.766145,9.89763,-1.522712
26-Jan-2025 14:23:43.008,1.151611,9.938332,-2.142811
26-Jan-2025 14:23:43.024,1.728614,9.749189,-2.1883
26-Jan-2025 14:23:43.041,2.1883,9.583989,-1.608904
26-Jan-2025 14:23:43.057,2.466028,9.519346,-1.182736
26-Jan-2025 14:23:43.073,2.633622,9.572019,-1.221043
26-Jan-2025 14:23:43.089,2.686294,9.67018,-1.831564
26-Jan-2025 14:23:43.105,2.762909,10.18254,-1.793257
26-Jan-2025 14:23:43.121,2.707842,10.66138,-1.331176
26-Jan-2025 14:23:43.137,2.305616,10.721235,-1.031901
26-Jan-2025 14:23:43.153,1.944092,10.685322,-0.73502
26-Jan-2025 14:23:43.169,2.051831,10.31901,-0.52433
26-Jan-2025 14:23:43.185,2.27928,10.072407,-0.634463
26-Jan-2025 14:23:43.201,2.212242,10.065224,-0.869095
26-Jan-2025 14:23:43.217,2.269703,10.378864,-0.890643
26-Jan-2025 14:23:43.233,2.487576,11.654974,-0.215478
26-Jan-2025 14:23:43.249,1.510741,13.366828,-0.483629
26-Jan-2025 14:23:43.265,0.342371,13.603854,-1.079785
26-Jan-2025 14:23:43.281,0.418985,12.703634,0.055067
26-Jan-2025 14:23:43.298,0.711078,11.121067,0.591368
26-Jan-2025 14:23:43.314,0.701501,9.94312,0.876278
26-Jan-2025 14:23:43.330,0.277727,9.437943,0.859518
26-Jan-2025 14:23:43.346,-0.581791,8.951921,0.184354
26-Jan-2025 14:23:43.362,-1.388637,8.420407,-0.014365
26-Jan-2025 14:23:43.378,-1.960851,7.970297,0.656011
26-Jan-2025 14:23:43.394,-2.212242,7.848193,1.058237
26-Jan-2025 14:23:43.410,-1.991976,7.934384,0.888249
26-Jan-2025 14:23:43.426,-1.233014,8.437167,0.6608
26-Jan-2025 14:23:43.442,-0.169988,9.239224,0.363919
26-Jan-2025 14:23:43.458,0.378284,9.94312,0.122104
26-Jan-2025 14:23:43.474,0.351948,10.065224,0.007183
26-Jan-2025 14:23:43.490,0.110133,9.639056,0.131681
26-Jan-2025 14:23:43.506,-0.021548,9.076419,0.225055
26-Jan-2025 14:23:43.522,-0.241814,8.858546,0.25618
26-Jan-2025 14:23:43.538,-0.407014,8.901642,0.174777
26-Jan-2025 14:23:43.554,-0.553061,8.980651,-0.179565
26-Jan-2025 14:23:43.570,-0.742203,9.088389,-0.241814
26-Jan-2025 14:23:43.586,-0.770933,9.090784,-0.148441
26-Jan-2025 14:23:43.603,-0.651223,9.021352,-0.059855
26-Jan-2025 14:23:43.619,-0.483629,8.916007,-0.122104
26-Jan-2025 14:23:43.635,-0.411803,9.088389,-0.172383
26-Jan-2025 14:23:43.651,-0.670376,9.437943,-0.45011
26-Jan-2025 14:23:43.667,-0.979228,9.691729,-0.847547
26-Jan-2025 14:23:43.683,-0.955287,9.691729,-1.029507
26-Jan-2025 14:23:43.699,-0.761356,9.68694,-0.905008
26-Jan-2025 14:23:43.715,-0.579397,9.674969,-0.529119
26-Jan-2025 14:23:43.731,-0.457293,9.629479,-0.265756
26-Jan-2025 14:23:43.747,-0.416591,9.579201,-0.114922
26-Jan-2025 14:23:43.763,-0.383072,9.940725,-0.07422
26-Jan-2025 14:23:43.779,-0.184354,10.608707,0.047884
26-Jan-2025 14:23:43.795,0.02873,11.200075,-0.339977
26-Jan-2025 14:23:43.811,-0.454898,11.717223,-0.354342
26-Jan-2025 14:23:43.827,-0.986411,11.915942,-0.380678
26-Jan-2025 14:23:43.843,-0.632069,12.35887,-0.76375
26-Jan-2025 14:23:43.859,0.02873,13.072341,-0.88346
26-Jan-2025 14:23:43.876,0.464475,12.61026,-0.711078
26-Jan-2025 14:23:43.892,1.233014,11.69807,0.014365
26-Jan-2025 14:23:43.908,1.438915,11.542446,0.684742
26-Jan-2025 14:23:43.924,0.814029,11.384429,0.859518
26-Jan-2025 14:23:43.940,0.42138,10.66138,0.682347
26-Jan-2025 14:23:43.956,0.68953,9.330204,0.732626
26-Jan-2025 14:23:43.972,0.773327,8.039729,0.505177
26-Jan-2025 14:23:43.988,0.993594,7.151481,0.888249
26-Jan-2025 14:23:44.004,1.867477,7.067683,1.939303
26-Jan-2025 14:23:44.020,2.497152,7.718906,1.951274
26-Jan-2025 14:23:44.036,2.303222,8.686164,1.49877
26-Jan-2025 14:23:44.052,1.403002,9.794679,1.697489
26-Jan-2025 14:23:44.068,-0.004788,10.764331,0.952892
26-Jan-2025 14:23:44.084,-1.577779,11.228806,-0.237026
26-Jan-2025 14:23:44.100,-2.126051,10.960655,-0.474052
26-Jan-2025 14:23:44.116,-1.42455,10.304645,-0.47884
26-Jan-2025 14:23:44.132,-0.23942,9.560047,-0.306458
26-Jan-2025 14:23:44.148,0.493206,9.07163,-0.363919
26-Jan-2025 14:23:44.164,0.766145,8.884883,-0.531513
26-Jan-2025 14:23:44.180,0.790087,8.908825,-0.37589
26-Jan-2025 14:23:44.197,0.725443,8.983045,-0.155623
26-Jan-2025 14:23:44.213,0.816423,9.078813,-0.25618
26-Jan-2025 14:23:44.229,0.64404,9.26556,-0.428562
26-Jan-2025 14:23:44.245,0.02873,9.354146,-1.077391
26-Jan-2025 14:23:44.261,-0.545878,9.449914,-1.757344
26-Jan-2025 14:23:44.277,-0.651223,9.588778,-1.893813
26-Jan-2025 14:23:44.293,-0.52433,9.622296,-1.584962
26-Jan-2025 14:23:44.309,-0.117316,9.40203,-1.314417
26-Jan-2025 14:23:44.325,0.222661,9.136273,-1.295263
26-Jan-2025 14:23:44.341,0.409408,9.062054,-1.165976
26-Jan-2025 14:23:44.357,0.347159,9.07163,-1.027112
26-Jan-2025 14:23:44.373,0.19393,9.200917,-0.770933
26-Jan-2025 14:23:44.389,0.392649,9.526528,-0.474052
26-Jan-2025 14:23:44.405,0.428562,10.218452,-0.301669
26-Jan-2025 14:23:44.421,-0.102951,11.034876,-0.610521
26-Jan-2025 14:23:44.437,-0.471658,11.566388,-1.51553
26-Jan-2025 14:23:44.453,-0.251391,11.769896,-2.181118
26-Jan-2025 14:23:44.469,0.098162,12.557588,-0.933739
26-Jan-2025 14:23:44.485,-0.052672,13.962984,0.500388
26-Jan-2025 14:23:44.502,-1.103727,13.366828,-0.409408
26-Jan-2025 14:23:44.518,-2.420538,12.531252,-0.292093
26-Jan-2025 14:23:44.534,-2.552219,11.992557,0.656011
26-Jan-2025 14:23:44.550,-2.334347,11.35091,1.015141
26-Jan-2025 14:23:44.566,-2.281674,10.560823,1.144428
26-Jan-2025 14:23:44.582,-2.097321,9.624691,0.770933
26-Jan-2025 14:23:44.598,-2.171541,8.863335,0.703895
26-Jan-2025 14:23:44.614,-2.403779,8.549694,1.656788
26-Jan-2025 14:23:44.630,-1.96564,8.499416,1.719037
26-Jan-2025 14:23:44.646,-1.477222,8.334216,1.086968
26-Jan-2025 14:23:44.662,-1.426944,8.243237,0.138864
26-Jan-2025 14:23:44.678,-1.510741,8.386889,0.1652
26-Jan-2025 14:23:44.694,-0.933739,8.961497,0.612916
26-Jan-2025 14:23:44.710,-0.399832,9.605537,0.399832
26-Jan-2025 14:23:44.726,-0.462081,9.880871,-0.124498
26-Jan-2025 14:23:44.742,-0.577003,9.797073,-0.462081
26-Jan-2025 14:23:44.758,-0.653617,9.512163,-0.663194
26-Jan-2025 14:23:44.774,-0.696713,9.301474,-0.433351
26-Jan-2025 14:23:44.791,-0.708684,9.057265,-0.35913
26-Jan-2025 14:23:44.807,-0.749385,8.808268,-0.579397
26-Jan-2025 14:23:44.823,-0.893037,8.748413,-0.320823
26-Jan-2025 14:23:44.839,-0.785298,8.62152,0.035913
26-Jan-2025 14:23:44.855,-0.859518,8.499416,-0.100556
26-Jan-2025 14:23:44.871,-0.921768,8.655039,-0.339977
26-Jan-2025 14:23:44.887,-0.758962,9.19134,-0.816423
26-Jan-2025 14:23:44.903,-0.715866,9.607931,-1.410185
26-Jan-2025 14:23:44.919,-0.596156,9.701305,-1.70946
26-Jan-2025 14:23:44.935,-0.565032,9.701305,-1.592144
26-Jan-2025 14:23:44.951,-0.469264,9.572019,-1.086968
26-Jan-2025 14:23:44.967,-0.438139,9.251195,-0.873884
26-Jan-2025 14:23:44.983,-0.306458,9.035717,-0.428562
26-Jan-2025 14:23:44.999,0.057461,9.090784,-0.040701
26-Jan-2025 14:23:45.015,0.481235,9.258378,-0.177171
26-Jan-2025 14:23:45.031,0.4956,9.900024,-0.40462
26-Jan-2025 14:23:45.047,0.086191,10.778696,-0.622492
26-Jan-2025 14:23:45.063,-0.699107,11.216835,-0.837971
26-Jan-2025 14:23:45.079,-0.840365,10.982203,-1.027112
26-Jan-2025 14:23:45.096,-0.134075,10.615891,-0.687136
26-Jan-2025 14:23:45.112,0.720655,10.972627,-0.155623
26-Jan-2025 14:23:45.128,0.797269,11.587936,-0.083797
26-Jan-2025 14:23:45.144,0.6608,11.690886,-0.217872
26-Jan-2025 14:23:45.160,0.596156,11.872847,0.47884
26-Jan-2025 14:23:45.176,0.45011,11.707646,0.916979
26-Jan-2025 14:23:45.192,0.320823,10.907983,0.663194
26-Jan-2025 14:23:45.208,0.268151,10.077195,1.01993
26-Jan-2025 14:23:45.224,0.079009,9.126697,0.217872
26-Jan-2025 14:23:45.240,-0.093374,8.599973,-0.043096
26-Jan-2025 14:23:45.256,-0.088585,8.868123,0.59855
26-Jan-2025 14:23:45.272,0.227449,9.332599,0.670376
26-Jan-2025 14:23:45.288,0.739808,10.022128,0.612916
26-Jan-2025 14:23:45.304,1.180341,10.709264,0.126893
26-Jan-2025 14:23:45.320,0.888249,10.618284,-0.304064
26-Jan-2025 14:23:45.336,-0.043096,9.832987,-0.596156
26-Jan-2025 14:23:45.352,-1.132457,9.679757,0.038307
26-Jan-2025 14:23:45.368,-1.422156,9.856929,0.237026
26-Jan-2025 14:23:45.385,-1.16837,10.201694,-0.371101
26-Jan-2025 14:23:45.401,-0.943315,10.433931,-1.051055
26-Jan-2025 14:23:45.417,-0.835576,10.218452,-1.25935
26-Jan-2025 14:23:45.433,-0.577003,9.742006,-1.000776
26-Jan-2025 14:23:45.449,-0.452504,9.255983,-0.430956
26-Jan-2025 14:23:45.465,-0.411803,8.932767,0.062249
26-Jan-2025 14:23:45.481,-0.411803,8.607155,0.100556
26-Jan-2025 14:23:45.497,-0.529119,8.374918,0.088585
26-Jan-2025 14:23:45.513,-0.687136,8.348581,0.129287
26-Jan-2025 14:23:45.529,-0.727837,8.525752,0.002394
26-Jan-2025 14:23:45.545,-0.553061,9.033323,0.009577
26-Jan-2025 14:23:45.561,-0.363919,9.794679,0.241814
26-Jan-2025 14:23:45.577,-0.179565,10.639832,0.411803
26-Jan-2025 14:23:45.593,0.138864,11.013328,0.124498
26-Jan-2025 14:23:45.609,0.308852,10.979809,-0.263362
26-Jan-2025 14:23:45.625,0.251391,10.757148,-0.296881
26-Jan-2025 14:23:45.641,0.004788,10.568007,-0.497994
26-Jan-2025 14:23:45.657,-0.325611,10.433931,-0.349553
26-Jan-2025 14:23:45.673,-0.426168,10.488997,-0.296881
26-Jan-2025 14:23:45.690,-0.505177,10.517728,-0.390255
26-Jan-2025 14:23:45.706,-0.497994,10.479421,-0.6608
26-Jan-2025 14:23:45.722,-0.505177,10.354922,-0.92895
26-Jan-2025 14:23:45.738,-0.529119,10.115502,-0.943315
26-Jan-2025 14:23:45.754,-0.600945,10.484209,0.107739
26-Jan-2025 14:23:45.770,-0.47884,10.979809,0.208296
26-Jan-2025 14:23:45.786,-0.720655,11.056423,0.014365
26-Jan-2025 14:23:45.802,-1.68073,10.831368,-0.337582
26-Jan-2025 14:23:45.818,-3.011906,10.441113,-0.969652
26-Jan-2025 14:23:45.834,-4.118027,10.007763,-0.806846
26-Jan-2025 14:23:45.850,-4.125209,9.428367,0.533907
26-Jan-2025 14:23:45.866,-3.332729,8.798691,1.364695
26-Jan-2025 14:23:45.882,-2.509123,8.698134,0.938527
26-Jan-2025 14:23:45.898,-1.893813,9.018958,0.25618
26-Jan-2025 14:23:45.914,-1.51553,9.387665,-0.083797
26-Jan-2025 14:23:45.930,-1.364695,9.528923,0.203507
26-Jan-2025 14:23:45.946,-1.221043,9.394848,0.383072
26-Jan-2025 14:23:45.962,-1.240196,9.169792,0.56982
26-Jan-2025 14:23:45.979,-1.644817,8.956709,0.708684
26-Jan-2025 14:23:45.995,-2.202666,8.815451,0.684742
26-Jan-2025 14:23:46.011,-2.712631,8.717288,0.507571
26-Jan-2025 14:23:46.027,-3.306392,8.777143,0.31364
26-Jan-2025 14:23:46.043,-3.94325,9.179369,0.31364
26-Jan-2025 14:23:46.059,-4.220978,9.674969,0.409408
26-Jan-2025 14:23:46.075,-3.861847,10.019734,0.916979
26-Jan-2025 14:23:46.091,-3.136404,10.172963,1.35033
26-Jan-2025 14:23:46.107,-2.892196,10.117896,1.381454
26-Jan-2025 14:23:46.123,-2.973598,9.955091,1.16837
26-Jan-2025 14:23:46.139,-2.928109,9.861717,0.701501
26-Jan-2025 14:23:46.155,-2.767697,9.854534,0.617704
26-Jan-2025 14:23:46.171,-2.698265,9.866506,0.756568
26-Jan-2025 14:23:46.187,-2.5187,9.749189,0.708684
26-Jan-2025 14:23:46.203,-2.229002,9.595961,0.395043
26-Jan-2025 14:23:46.219,-2.15957,9.428367,-0.158017
26-Jan-2025 14:23:46.235,-2.231396,9.40203,-0.213084
26-Jan-2025 14:23:46.251,-2.078167,9.605537,0.112527
26-Jan-2025 14:23:46.268,-1.963245,9.739613,0.213084
26-Jan-2025 14:23:46.284,-1.908179,9.653421,0.588974
26-Jan-2025 14:23:46.300,-1.290475,9.536105,0.600945
26-Jan-2025 14:23:46.316,-1.058237,9.662998,0.019154
26-Jan-2025 14:23:46.332,-1.364695,9.904813,-0.323217
26-Jan-2025 14:23:46.348,-1.501164,10.134656,-0.237026
26-Jan-2025 14:23:46.364,-1.568202,10.04607,-0.184354
26-Jan-2025 14:23:46.380,-1.795651,9.804255,-0.009577
26-Jan-2025 14:23:46.396,-1.807622,9.49301,-0.363919
26-Jan-2025 14:23:46.412,-1.996764,9.344569,-0.35913
26-Jan-2025 14:23:46.428,-2.631228,8.643068,-0.136469
26-Jan-2025 14:23:46.444,-0.718261,9.708488,0.392649
26-Jan-2025 14:23:46.460,-0.584185,10.038888,0.131681
26-Jan-2025 14:23:46.476,-0.380678,10.687716,-0.172383
26-Jan-2025 14:23:46.492,-0.277727,11.295844,-0.110133
26-Jan-2025 14:23:46.508,-0.758962,11.587936,-0.105345
26-Jan-2025 14:23:46.524,-0.957681,11.60709,-0.634463
26-Jan-2025 14:23:46.540,-0.682347,11.140221,-0.88346
26-Jan-2025 14:23:46.557,-0.440533,10.362105,-0.397437
26-Jan-2025 14:23:46.573,-0.122104,9.560047,-0.047884
26-Jan-2025 14:23:46.589,0.577003,8.951921,0.07422
26-Jan-2025 14:23:46.605,1.261744,8.372523,0.921768
26-Jan-2025 14:23:46.621,1.908179,8.219295,0.512359
26-Jan-2025 14:23:46.637,1.802834,8.65025,0.622492
26-Jan-2025 14:23:46.653,1.436521,9.583989,0.433351
26-Jan-2025 14:23:46.669,1.288081,10.757148,-0.057461
26-Jan-2025 14:23:46.685,0.770933,11.597513,-0.718261
26-Jan-2025 14:23:46.701,0.134075,11.812991,-1.027112
26-Jan-2025 14:23:46.717,0.335188,11.128249,-0.955287
26-Jan-2025 14:23:46.733,0.742203,9.861717,-0.984017
26-Jan-2025 14:23:46.749,0.593762,8.887277,-1.051055
26-Jan-2025 14:23:46.765,0.804452,9.552865,1.309628
26-Jan-2025 14:23:46.781,1.197101,9.222465,0.641646
26-Jan-2025 14:23:46.797,1.244985,8.803479,-0.521936
26-Jan-2025 14:23:46.813,1.383849,8.796297,-0.916979
26-Jan-2025 14:23:46.830,1.493982,9.062054,-0.711078
26-Jan-2025 14:23:46.846,1.292869,9.14585,-0.45011
26-Jan-2025 14:23:46.862,0.991199,9.155427,-0.378284
26-Jan-2025 14:23:46.878,0.787692,9.308656,-0.411803
26-Jan-2025 14:23:46.894,0.577003,9.64145,-0.433351
26-Jan-2025 14:23:46.910,0.603339,9.902418,-0.610521
26-Jan-2025 14:23:46.926,0.773327,9.945514,-0.940921
26-Jan-2025 14:23:46.942,0.828394,9.888053,-0.866701
26-Jan-2025 14:23:46.958,1.086968,9.655815,-0.969652
26-Jan-2025 14:23:46.974,1.199495,9.713276,-0.277727
26-Jan-2025 14:23:46.990,1.106121,9.591172,-0.299275
26-Jan-2025 14:23:47.006,1.022324,9.595961,-0.691924
26-Jan-2025 14:23:47.022,1.039083,9.648633,-0.663194
26-Jan-2025 14:23:47.038,1.201889,9.856929,-0.220267
26-Jan-2025 14:23:47.054,1.233014,10.247183,-0.21069
26-Jan-2025 14:23:47.070,1.13964,10.66138,-0.42138
26-Jan-2025 14:23:47.086,0.897826,10.884041,-0.488417
26-Jan-2025 14:23:47.102,0.70629,10.982203,-0.488417
26-Jan-2025 14:23:47.119,0.70629,11.465832,0.043096
26-Jan-2025 14:23:47.135,0.579397,12.79222,0.627281
26-Jan-2025 14:23:47.151,0.158017,13.848063,0.124498
26-Jan-2025 14:23:47.167,-0.507571,13.397953,0.11971
26-Jan-2025 14:23:47.183,-0.744597,12.483368,0.78051
26-Jan-2025 14:23:47.199,-1.201889,11.990162,1.61848
26-Jan-2025 14:23:47.215,-1.56102,11.473015,1.556231
26-Jan-2025 14:23:47.231,-1.419762,10.79785,0.766145
26-Jan-2025 14:23:47.247,-1.359907,10.15381,0.605733
26-Jan-2025 14:23:47.263,-1.211466,9.244013,0.737414
26-Jan-2025 14:23:47.279,-1.249773,8.214506,1.204283
26-Jan-2025 14:23:47.295,-1.400608,7.352593,1.958457
26-Jan-2025 14:23:47.311,-1.434127,7.029376,2.300828
26-Jan-2025 14:23:47.327,-1.233014,7.173028,1.628057
26-Jan-2025 14:23:47.343,-1.221043,7.836222,0.617704
26-Jan-2025 14:23:47.359,-1.173159,8.810662,0.055067
26-Jan-2025 14:23:47.375,-0.533907,9.950302,-0.050278
26-Jan-2025 14:23:47.392,0.208296,10.749966,0.04549
26-Jan-2025 14:23:47.408,0.177171,10.721235,-0.081403
26-Jan-2025 14:23:47.424,-0.158017,10.058042,-0.493206
26-Jan-2025 14:23:47.440,-0.488417,9.504981,-0.687136
26-Jan-2025 14:23:47.456,-0.895431,9.13388,-0.316035
26-Jan-2025 14:23:47.472,-0.92895,8.904037,-0.172383
26-Jan-2025 14:23:47.488,-0.804452,8.748413,-0.047884
26-Jan-2025 14:23:47.504,-0.565032,8.588001,0.033519
26-Jan-2025 14:23:47.520,-0.328006,8.535329,-0.047884
26-Jan-2025 14:23:47.536,-0.110133,8.724471,-0.308852
26-Jan-2025 14:23:47.552,-0.155623,9.030929,-0.792481
26-Jan-2025 14:23:47.568,-0.201113,9.378088,-0.981623
26-Jan-2025 14:23:47.584,-0.198719,9.586384,-0.816423
26-Jan-2025 14:23:47.599,-0.45011,9.655815,-0.725443
26-Jan-2025 14:23:47.616,-0.636858,9.660604,-0.718261
26-Jan-2025 14:23:47.632,-0.720655,9.624691,-0.73502
26-Jan-2025 14:23:47.648,-0.881066,9.679757,-0.828394
26-Jan-2025 14:23:47.664,-0.787692,9.629479,-0.869095
26-Jan-2025 14:23:47.681,-0.452504,9.457097,-0.725443
26-Jan-2025 14:23:47.697,-0.162806,9.461885,-0.521936
26-Jan-2025 14:23:47.713,0.253785,9.722853,-0.086191
26-Jan-2025 14:23:47.729,0.442927,10.175357,-0.40462
26-Jan-2025 14:23:47.745,0.368707,10.673351,-0.201113
26-Jan-2025 14:23:47.761,0.038307,10.627861,-0.196325
26-Jan-2025 14:23:47.777,-0.208296,10.601525,-0.086191
26-Jan-2025 14:23:47.793,-0.344765,11.015722,0.21069
26-Jan-2025 14:23:47.809,-0.402226,11.585542,0.213084
26-Jan-2025 14:23:47.825,-0.234632,12.157756,-0.031125
26-Jan-2025 14:23:47.841,0.153229,12.646173,0.040701
26-Jan-2025 14:23:47.857,0.667982,12.741941,0.581791
26-Jan-2025 14:23:47.873,1.156399,12.272678,0.981623
26-Jan-2025 14:23:47.889,1.410185,11.106702,0.699107
26-Jan-2025 14:23:47.905,1.465251,9.701305,0.076614
26-Jan-2025 14:23:47.920,1.781286,8.643068,-0.114922
26-Jan-2025 14:23:47.937,1.970428,7.855376,0.395043
26-Jan-2025 14:23:47.953,2.11408,7.328651,1.364695
26-Jan-2025 14:23:47.970,1.975216,7.374141,1.740585
26-Jan-2025 14:23:47.986,1.403002,8.034941,1.261744
26-Jan-2025 14:23:48.002,0.751779,9.038112,0.354342
26-Jan-2025 14:23:48.018,0.248997,10.113108,-0.311246
26-Jan-2025 14:23:48.034,-0.095768,10.970232,-0.397437
26-Jan-2025 14:23:48.050,-0.428562,11.405977,-0.088585
26-Jan-2025 14:23:48.066,-0.079009,10.881647,-0.117316
26-Jan-2025 14:23:48.082,0.526724,10.065224,-0.19393
26-Jan-2025 14:23:48.098,0.931344,9.507375,-0.383072
26-Jan-2025 14:23:48.114,0.931344,9.313444,-0.502782
26-Jan-2025 14:23:48.130,0.727837,9.294291,-0.634463
26-Jan-2025 14:23:48.146,0.634463,9.222465,-0.758962
26-Jan-2025 14:23:48.162,0.620098,9.095572,-0.514753
26-Jan-2025 14:23:48.179,0.476446,8.863335,-0.392649
26-Jan-2025 14:23:48.195,0.476446,8.619126,-0.517148
26-Jan-2025 14:23:48.211,0.54109,8.573636,-0.636858
26-Jan-2025 14:23:48.227,0.447716,8.784326,-0.744597
26-Jan-2025 14:23:48.243,0.339977,9.239224,-0.979228
26-Jan-2025 14:23:48.259,0.45011,9.610326,-1.189918
26-Jan-2025 14:23:48.275,0.620098,9.828198,-1.051055
26-Jan-2025 14:23:48.291,0.73502,10.036493,-0.691924
26-Jan-2025 14:23:48.307,0.732626,10.275913,-0.502782
26-Jan-2025 14:23:48.323,0.873884,10.623073,-0.366313
26-Jan-2025 14:23:48.339,0.885855,11.032481,-0.339977
26-Jan-2025 14:23:48.355,0.4956,11.291056,-0.713472
26-Jan-2025 14:23:48.371,0.160412,11.523293,-0.761356
26-Jan-2025 14:23:48.388,-0.023942,11.370064,-0.761356
26-Jan-2025 14:23:48.404,-0.038307,11.475409,0.019154
26-Jan-2025 14:23:48.420,-0.227449,12.725182,1.434127
26-Jan-2025 14:23:48.436,-0.950498,12.58153,0.208296
26-Jan-2025 14:23:48.452,-1.254562,11.51611,-0.280122
26-Jan-2025 14:23:48.468,-0.967257,11.267113,0.773327
26-Jan-2025 14:23:48.484,-1.122881,10.94629,1.51553
26-Jan-2025 14:23:48.500,-1.417367,10.386047,1.601721
26-Jan-2025 14:23:48.516,-1.403002,9.622296,0.727837
26-Jan-2025 14:23:48.532,-1.359907,8.916007,0.153229
26-Jan-2025 14:23:48.548,-1.441309,8.312668,0.656011
26-Jan-2025 14:23:48.564,-1.728614,8.26239,1.980005
26-Jan-2025 14:23:48.580,-1.465251,8.259995,2.197877
26-Jan-2025 14:23:48.597,-1.082179,8.346188,1.031901
26-Jan-2025 14:23:48.613,-0.78051,8.90643,-0.160412
26-Jan-2025 14:23:48.629,-0.577003,9.818622,-0.426168
26-Jan-2025 14:23:48.645,-0.462081,10.402806,-0.28491
26-Jan-2025 14:23:48.661,-0.483629,10.295067,-0.09098
26-Jan-2025 14:23:48.677,-0.818817,9.818622,-0.062249
26-Jan-2025 14:23:48.693,-1.23062,9.370906,-0.227449
26-Jan-2025 14:23:48.709,-1.503559,9.02614,-0.380678
26-Jan-2025 14:23:48.725,-1.393425,8.652645,-0.428562
26-Jan-2025 14:23:48.741,-1.077391,8.355764,-0.260968
26-Jan-2025 14:23:48.757,-0.787692,8.319851,-0.052672
26-Jan-2025 14:23:48.773,-0.708684,8.573636,-0.011971
26-Jan-2025 14:23:48.789,-0.766145,9.114726,-0.177171
26-Jan-2025 14:23:48.806,-0.830788,9.751583,-0.440533
26-Jan-2025 14:23:48.822,-0.869095,10.058042,-1.106121
26-Jan-2025 14:23:48.838,-0.871489,9.959879,-1.280898
26-Jan-2025 14:23:48.854,-0.806846,9.679757,-0.746991
26-Jan-2025 14:23:48.870,-0.703895,9.200917,-0.222661
26-Jan-2025 14:23:48.886,-0.737414,8.777143,0.067038
26-Jan-2025 14:23:48.902,-0.696713,8.583213,0.117316
26-Jan-2025 14:23:48.918,-0.646434,8.956709,0.354342
26-Jan-2025 14:23:48.934,-0.718261,9.816227,0.205901
26-Jan-2025 14:23:48.950,-0.905008,10.54167,-0.059855
26-Jan-2025 14:23:48.966,-0.804452,10.864887,-0.033519
26-Jan-2025 14:23:48.982,-0.588974,10.97502,0.799663
26-Jan-2025 14:23:48.998,-0.268151,11.769896,2.054225
26-Jan-2025 14:23:49.015,0.081403,12.076353,1.441309
26-Jan-2025 14:23:49.031,0.280122,12.459426,0.725443
26-Jan-2025 14:23:49.047,0.383072,12.208035,0.155623
26-Jan-2025 14:23:49.063,0.52433,11.437101,-0.531513
26-Jan-2025 14:23:49.079,0.811634,10.486604,-0.579397
26-Jan-2025 14:23:49.095,1.16837,9.739613,0.047884
26-Jan-2025 14:23:49.111,1.489193,9.251195,1.04866
26-Jan-2025 14:23:49.127,1.924938,8.963891,1.486799
26-Jan-2025 14:23:49.143,1.932121,8.851364,1.04866
26-Jan-2025 14:23:49.159,1.479617,9.109938,0.466869
26-Jan-2025 14:23:49.175,0.68953,9.694122,-0.203507
26-Jan-2025 14:23:49.191,-0.469264,10.30225,-0.694318
26-Jan-2025 14:23:49.207,-1.134852,10.793061,-0.574608
26-Jan-2025 14:23:49.224,-0.909797,10.948685,-0.591368
26-Jan-2025 14:23:49.240,-0.356736,10.503363,-0.770933
26-Jan-2025 14:23:49.256,0.426168,9.756371,-0.921768
26-Jan-2025 14:23:49.272,1.130063,9.244013,-0.921768
26-Jan-2025 14:23:49.288,1.644817,8.937555,-0.754174
26-Jan-2025 14:23:49.304,1.733402,8.884883,-0.64404
26-Jan-2025 14:23:49.320,1.75495,8.987833,-0.88346
26-Jan-2025 14:23:49.336,1.644817,8.992621,-1.039083
26-Jan-2025 14:23:49.352,1.551443,9.004593,-1.106121
26-Jan-2025 14:23:49.368,1.355118,8.884883,-1.058237
26-Jan-2025 14:23:49.384,0.907402,8.839393,-0.952892
26-Jan-2025 14:23:49.400,0.263362,8.796297,-1.264138
26-Jan-2025 14:23:49.416,-0.186748,8.956709,-1.180341
26-Jan-2025 14:23:49.433,-0.237026,8.963891,-0.536301
26-Jan-2025 14:23:49.449,0.052672,8.695741,-0.292093
26-Jan-2025 14:23:49.465,0.294487,8.92319,-0.141258
26-Jan-2025 14:23:49.481,0.347159,9.56723,-0.318429
26-Jan-2025 14:23:49.497,0.344765,10.292673,-0.952892
26-Jan-2025 14:23:49.513,0.301669,10.989386,-1.347936
26-Jan-2025 14:23:49.529,0.385466,11.343728,-1.508347
26-Jan-2025 14:23:49.545,0.282516,11.580753,-0.952892
26-Jan-2025 14:23:49.561,0.071826,12.658144,0.177171
26-Jan-2025 14:23:49.577,-0.289698,13.374011,-0.272939
26-Jan-2025 14:23:49.593,-1.046266,13.15135,-0.608127
26-Jan-2025 14:23:49.609,-1.501164,12.720393,0.531513
26-Jan-2025 14:23:49.625,-1.599327,12.495338,1.575385
26-Jan-2025 14:23:49.642,-1.654393,12.026075,1.355118
26-Jan-2025 14:23:49.658,-1.70946,11.063606,0.244209
26-Jan-2025 14:23:49.674,-2.001553,10.04607,-0.064643
26-Jan-2025 14:23:49.690,-2.231396,9.131485,0.354342
26-Jan-2025 14:23:49.706,-2.329558,8.26239,1.187524
26-Jan-2025 14:23:49.722,-2.382231,7.733272,1.793257
26-Jan-2025 14:23:49.738,-2.133234,7.496245,1.47004
26-Jan-2025 14:23:49.754,-1.867477,7.625533,0.718261
26-Jan-2025 14:23:49.770,-1.826776,8.070854,0.079009
26-Jan-2025 14:23:49.786,-1.702277,8.892065,-0.124498
26-Jan-2025 14:23:49.802,-1.49877,9.811439,-0.136469
26-Jan-2025 14:23:49.818,-1.39582,10.314221,-0.138864
26-Jan-2025 14:23:49.834,-1.218649,10.065224,-0.174777
26-Jan-2025 14:23:49.851,-1.096544,9.545682,0.040701
26-Jan-2025 14:23:49.867,-1.041478,9.054871,0.081403
26-Jan-2025 14:23:49.883,-1.154005,8.700529,0.095768
26-Jan-2025 14:23:49.899,-1.319205,8.504205,-0.011971
26-Jan-2025 14:23:49.915,-1.647211,8.523358,-0.222661
26-Jan-2025 14:23:49.931,-1.810017,8.959103,-0.213084
26-Jan-2025 14:23:49.947,-1.58975,9.449914,-0.25618
26-Jan-2025 14:23:49.963,-1.321599,9.782708,-0.457293
26-Jan-2025 14:23:49.979,-1.201889,9.993398,-0.624887
26-Jan-2025 14:23:49.995,-1.254562,10.09156,-0.715866
26-Jan-2025 14:23:50.011,-1.271321,9.900024,-0.88346
26-Jan-2025 14:23:50.027,-1.247379,9.548077,-1.027112
26-Jan-2025 14:23:50.043,-1.314417,9.25359,-1.036689
26-Jan-2025 14:23:50.059,-1.367089,9.02614,-0.509965
26-Jan-2025 14:23:50.076,-1.331176,8.90643,-0.342371
26-Jan-2025 14:23:50.092,-1.254562,8.875306,-0.023942
26-Jan-2025 14:23:50.108,-1.051055,9.112331,0.026336
26-Jan-2025 14:23:50.124,-0.952892,9.65821,-0.299275
26-Jan-2025 14:23:50.140,-0.94571,10.369287,-0.416591
26-Jan-2025 14:23:50.156,-1.146823,11.092337,-0.265756
26-Jan-2025 14:23:50.172,-1.261744,11.444284,-0.550666
26-Jan-2025 14:23:50.188,-0.806846,11.671733,-0.488417
26-Jan-2025 14:23:50.204,-0.007183,12.140997,0.057461
26-Jan-2025 14:23:50.220,0.385466,12.301409,0.143652
26-Jan-2025 14:23:50.236,0.555455,12.129025,0.222661
26-Jan-2025 14:23:50.252,0.641646,12.174516,0.624887
26-Jan-2025 14:23:50.267,0.385466,11.777079,0.4956
26-Jan-2025 14:23:50.284,0.177171,11.020511,0.356736
26-Jan-2025 14:23:50.300,0.292093,9.842564,0.148441
26-Jan-2025 14:23:50.316,0.299275,8.643068,0.062249
26-Jan-2025 14:23:50.332,0.215478,7.920019,0.481235
26-Jan-2025 14:23:50.349,0.399832,7.762002,1.285686
26-Jan-2025 14:23:50.365,0.92895,8.02297,1.908179
26-Jan-2025 14:23:50.381,1.316811,8.523358,1.419762
26-Jan-2025 14:23:50.397,1.206678,9.222465,0.861913
26-Jan-2025 14:23:50.413,0.849942,9.998186,0.457293
26-Jan-2025 14:23:50.429,-0.019154,10.764331,0.11971
26-Jan-2025 14:23:50.445,-1.067814,11.355699,-0.057461
26-Jan-2025 14:23:50.461,-1.422156,11.362882,-0.299275
26-Jan-2025 14:23:50.477,-0.926556,10.682928,-0.646434
26-Jan-2025 14:23:50.493,-0.318429,9.979033,-0.304064
26-Jan-2025 14:23:50.509,-0.026336,9.483433,-0.079009
26-Jan-2025 14:23:50.525,0.007183,9.277532,-0.040701
26-Jan-2025 14:23:50.541,0.047884,9.263166,0
26-Jan-2025 14:23:50.557,-0.095768,9.299079,-0.002394
26-Jan-2025 14:23:50.573,-0.306458,9.320627,-0.011971
26-Jan-2025 14:23:50.588,-0.208296,9.198523,-0.100556
26-Jan-2025 14:23:50.605,-0.004788,9.141062,-0.117316
26-Jan-2025 14:23:50.622,0.004788,9.26556,-0.318429
26-Jan-2025 14:23:50.638,-0.19393,9.672575,-0.476446
26-Jan-2025 14:23:50.654,-0.339977,10.067618,-0.543484
26-Jan-2025 14:23:50.670,-0.07422,10.089166,-0.407014
26-Jan-2025 14:23:50.686,0.328006,9.710882,-0.28491
26-Jan-2025 14:23:50.702,0.459687,9.267955,-0.225055
26-Jan-2025 14:23:50.718,0.318429,9.109938,-0.007183
26-Jan-2025 14:23:50.734,0.179565,9.251195,0.055067
26-Jan-2025 14:23:50.750,0.323217,9.67018,0.11971
26-Jan-2025 14:23:50.766,0.423774,10.105926,0.167594
26-Jan-2025 14:23:50.782,0.483629,10.474632,-0.402226
26-Jan-2025 14:23:50.798,0.371101,10.647015,-0.629675
26-Jan-2025 14:23:50.814,0.337582,10.776301,-0.42138
26-Jan-2025 14:23:50.830,0.325611,10.606314,-0.354342
26-Jan-2025 14:23:50.846,0.059855,10.472239,-0.656011
26-Jan-2025 14:23:50.862,-0.21069,10.560823,-0.833182
26-Jan-2025 14:23:50.878,-0.222661,11.473015,0.083797
26-Jan-2025 14:23:50.894,-0.011971,12.615048,0.131681
26-Jan-2025 14:23:50.910,-0.543484,12.777855,-1.436521
26-Jan-2025 14:23:50.927,-1.089362,12.799402,-1.041478
26-Jan-2025 14:23:50.943,-1.678335,12.890382,0.842759
26-Jan-2025 14:23:50.959,-2.822764,12.035652,1.702277
26-Jan-2025 14:23:50.975,-3.246537,10.548853,0.905008
26-Jan-2025 14:23:50.991,-3.153164,8.892065,0.136469
26-Jan-2025 14:23:51.007,-3.342306,7.908048,1.347936
26-Jan-2025 14:23:51.023,-3.157952,7.771579,2.626439
26-Jan-2025 14:23:51.039,-2.449268,8.101978,2.288857
26-Jan-2025 14:23:51.055,-1.853112,8.722076,1.046266
26-Jan-2025 14:23:51.071,-1.252167,9.428367,-0.069432
26-Jan-2025 14:23:51.087,-0.608127,10.019734,-0.395043
26-Jan-2025 14:23:51.103,-0.560243,10.055647,-0.296881
26-Jan-2025 14:23:51.119,-0.687136,9.572019,-0.098162
26-Jan-2025 14:23:51.135,-0.897826,9.074024,0.055067
26-Jan-2025 14:23:51.151,-1.477222,8.504205,-0.1652
26-Jan-2025 14:23:51.167,-1.953669,7.991845,-0.435745
26-Jan-2025 14:23:51.183,-1.812411,7.714118,-0.54109
26-Jan-2025 14:23:51.199,-1.489193,7.639898,-0.323217
26-Jan-2025 14:23:51.216,-1.096544,7.723695,-0.088585
26-Jan-2025 14:23:51.232,-0.766145,8.080431,0.124498
26-Jan-2025 14:23:51.248,-0.59855,8.499416,-0.083797
26-Jan-2025 14:23:51.264,-0.931344,8.978256,-0.64404
26-Jan-2025 14:23:51.280,-1.142034,9.770737,-0.986411
26-Jan-2025 14:23:51.296,-1.244985,10.711658,-1.132457
26-Jan-2025 14:23:51.312,-1.604115,11.348516,-1.261744
26-Jan-2025 14:23:51.328,-1.668759,11.116279,-1.125275
26-Jan-2025 14:23:51.344,-1.362301,10.426748,-0.596156
26-Jan-2025 14:23:51.360,-0.92895,9.813833,-0.433351
26-Jan-2025 14:23:51.376,-0.634463,9.406818,-0.102951
26-Jan-2025 14:23:51.392,-0.536301,9.23683,-0.011971
26-Jan-2025 14:23:51.408,-0.354342,9.701305,0.009577
26-Jan-2025 14:23:51.424,-0.301669,10.898406,-0.37589
26-Jan-2025 14:23:51.440,-0.641646,12.23437,-0.778116
26-Jan-2025 14:23:51.456,-0.976834,12.878411,-0.869095
26-Jan-2025 14:23:51.472,-0.579397,13.010092,-0.105345
26-Jan-2025 14:23:51.488,-0.169988,12.955026,-0.071826
26-Jan-2025 14:23:51.505,0.184354,12.679692,-0.301669
26-Jan-2025 14:23:51.521,0.342371,12.138602,-0.248997
26-Jan-2025 14:23:51.537,0.59855,11.413159,0.186748
26-Jan-2025 14:23:51.553,0.656011,10.613496,0.344765
26-Jan-2025 14:23:51.569,0.816423,9.504981,0.407014
26-Jan-2025 14:23:51.585,1.036689,8.37013,0.677559
26-Jan-2025 14:23:51.601,1.225831,7.323863,1.225831
26-Jan-2025 14:23:51.617,1.532289,6.624756,1.723825
26-Jan-2025 14:23:51.633,1.877054,6.600814,1.695095
26-Jan-2025 14:23:51.649,1.623269,7.395689,0.976834
26-Jan-2025 14:23:51.665,1.034295,8.913613,0.19393
26-Jan-2025 14:23:51.681,0.407014,10.481815,-0.227449
26-Jan-2025 14:23:51.697,-0.543484,11.465832,-0.337582
26-Jan-2025 14:23:51.713,-1.06542,11.250354,-0.318429
26-Jan-2025 14:23:51.729,-0.548272,10.378864,-0.25618
26-Jan-2025 14:23:51.745,0.059855,9.78989,-0.280122
26-Jan-2025 14:23:51.761,0.28491,9.593566,-0.287304
26-Jan-2025 14:23:51.777,0.629675,9.416395,-0.536301
26-Jan-2025 14:23:51.793,0.766145,9.368511,-0.708684
26-Jan-2025 14:23:51.810,0.665588,9.411607,-0.699107
26-Jan-2025 14:23:51.826,0.531513,9.3733,-0.581791
26-Jan-2025 14:23:51.842,0.572214,9.198523,-0.457293
26-Jan-2025 14:23:51.858,0.454898,8.90643,-0.529119
26-Jan-2025 14:23:51.874,0.174777,8.753201,-0.579397
26-Jan-2025 14:23:51.890,-0.09098,8.822633,-0.64404
26-Jan-2025 14:23:51.906,-0.225055,9.047688,-0.804452
26-Jan-2025 14:23:51.922,-0.251391,9.284714,-0.948104
26-Jan-2025 14:23:51.938,-0.047884,9.452309,-0.931344
26-Jan-2025 14:23:51.954,0.11971,9.569624,-0.811634
26-Jan-2025 14:23:51.970,0.208296,9.653421,-0.414197
26-Jan-2025 14:23:51.986,0.328006,9.605537,-0.21069
26-Jan-2025 14:23:52.002,0.35913,9.85214,-0.088585
26-Jan-2025 14:23:52.018,0.428562,10.386047,-0.397437
26-Jan-2025 14:23:52.034,0.328006,10.979809,-0.639252
26-Jan-2025 14:23:52.050,0.232238,11.334151,-0.833182
26-Jan-2025 14:23:52.066,0.014365,11.508927,-0.833182
26-Jan-2025 14:23:52.082,-0.203507,12.073959,0.153229
26-Jan-2025 14:23:52.098,-0.368707,13.326127,0.864307
26-Jan-2025 14:23:52.115,-0.804452,13.639767,-0.804452
26-Jan-2025 14:23:52.131,-1.527501,13.189657,-1.072602
26-Jan-2025 14:23:52.147,-1.821988,12.413936,0.80924
26-Jan-2025 14:23:52.163,-2.140416,11.774684,1.762132
26-Jan-2025 14:23:52.179,-2.53546,11.15698,1.254562
26-Jan-2025 14:23:52.195,-2.394202,10.295067,-0.055067
26-Jan-2025 14:23:52.211,-2.296039,9.287108,-0.177171
26-Jan-2025 14:23:52.227,-2.252944,8.073248,0.751779
26-Jan-2025 14:23:52.243,-2.030283,7.144298,1.766921
26-Jan-2025 14:23:52.259,-1.61848,6.648698,1.781286
26-Jan-2025 14:23:52.275,-1.410185,6.564901,1.156399
26-Jan-2025 14:23:52.291,-1.326388,7.010222,0.663194
26-Jan-2025 14:23:52.307,-1.247379,8.030152,0.440533
26-Jan-2025 14:23:52.323,-1.218649,9.251195,0.21069
26-Jan-2025 14:23:52.339,-1.482011,10.172963,-0.155623
26-Jan-2025 14:23:52.355,-1.70946,10.28549,-0.414197
26-Jan-2025 14:23:52.371,-1.757344,9.880871,-0.28491
26-Jan-2025 14:23:52.387,-1.690306,9.406818,0.07422
26-Jan-2025 14:23:52.404,-1.563414,8.949526,0.289698
26-Jan-2025 14:23:52.420,-1.256956,8.635885,0.28491
26-Jan-2025 14:23:52.436,-1.13964,8.652645,0.378284
26-Jan-2025 14:23:52.452,-1.170765,8.968679,0.306458
26-Jan-2025 14:23:52.468,-1.37906,9.433155,0.055067
26-Jan-2025 14:23:52.484,-1.486799,9.672575,-0.304064
26-Jan-2025 14:23:52.500,-1.362301,9.718064,-0.574608
26-Jan-2025 14:23:52.516,-1.137246,9.68694,-0.565032
26-Jan-2025 14:23:52.532,-0.984017,9.821015,-0.442927
26-Jan-2025 14:23:52.548,-0.962469,9.983821,-0.301669
26-Jan-2025 14:23:52.564,-1.055843,9.92636,-0.296881
26-Jan-2025 14:23:52.580,-0.943315,9.545682,-0.110133
26-Jan-2025 14:23:52.596,-0.754174,8.968679,-0.069432
26-Jan-2025 14:23:52.612,-0.512359,8.655039,0.215478
26-Jan-2025 14:23:52.628,-0.354342,9.126697,0.577003
26-Jan-2025 14:23:52.644,-0.430956,10.386047,0.383072
26-Jan-2025 14:23:52.660,-0.68953,11.748347,-0.253785
26-Jan-2025 14:23:52.676,-1.278504,12.49055,-0.600945
26-Jan-2025 14:23:52.692,-1.529895,12.600683,-0.407014
26-Jan-2025 14:23:52.709,-1.280898,12.497733,0.083797
26-Jan-2025 14:23:52.725,-0.23942,12.018892,0.423774
26-Jan-2025 14:23:52.741,0.912191,11.647791,0.715866
26-Jan-2025 14:23:52.757,1.383849,11.662156,1.173159
26-Jan-2025 14:23:52.773,1.314417,11.654974,1.297657
26-Jan-2025 14:23:52.789,0.909797,10.996569,0.802058
26-Jan-2025 14:23:52.805,0.727837,10.06283,0.459687
26-Jan-2025 14:23:52.821,0.723049,9.26556,0.672771
26-Jan-2025 14:23:52.837,0.94571,8.523358,1.09415
26-Jan-2025 14:23:52.853,1.371878,7.802703,1.357512
26-Jan-2025 14:23:52.869,1.369483,7.496245,1.235408
26-Jan-2025 14:23:52.885,0.830788,7.76679,1.027112
26-Jan-2025 14:23:52.901,0.445322,8.710106,0.794875
26-Jan-2025 14:23:52.917,-0.019154,9.854534,0.076614
26-Jan-2025 14:23:52.933,-0.596156,10.759542,-0.260968
26-Jan-2025 14:23:52.949,-0.837971,10.876859,-0.287304
26-Jan-2025 14:23:52.965,-0.610521,10.342952,-0.23942
26-Jan-2025 14:23:52.981,-0.076614,9.73243,-0.25618
26-Jan-2025 14:23:52.998,0.493206,9.536105,-0.344765
26-Jan-2025 14:23:53.014,0.605733,9.655815,-0.514753
26-Jan-2025 14:23:53.030,0.514753,9.653421,-0.54109
26-Jan-2025 14:23:53.046,0.45011,9.461885,-0.502782
26-Jan-2025 14:23:53.062,0.287304,9.291897,-0.488417
26-Jan-2025 14:23:53.078,0.114922,9.184157,-0.445322
26-Jan-2025 14:23:53.094,-0.050278,9.090784,-0.727837
26-Jan-2025 14:23:53.110,-0.189142,9.062054,-1.010353
26-Jan-2025 14:23:53.126,-0.198719,9.131485,-1.072602
26-Jan-2025 14:23:53.142,-0.009577,9.334992,-1.051055
26-Jan-2025 14:23:53.158,0.28491,9.560047,-1.034295
26-Jan-2025 14:23:53.174,0.653617,9.607931,-1.067814
26-Jan-2025 14:23:53.190,0.821211,9.569624,-0.627281
26-Jan-2025 14:23:53.206,0.715866,9.576807,-0.25618
26-Jan-2025 14:23:53.222,0.366313,9.619903,-0.124498
26-Jan-2025 14:23:53.238,0.378284,9.911995,-0.134075
26-Jan-2025 14:23:53.254,0.435745,10.556035,-0.608127
26-Jan-2025 14:23:53.270,0.141258,11.295844,-0.936133
26-Jan-2025 14:23:53.286,-0.112527,11.640609,-1.106121
26-Jan-2025 14:23:53.303,-0.339977,11.638214,-0.964863
26-Jan-2025 14:23:53.319,-0.600945,12.018892,-0.086191
26-Jan-2025 14:23:53.335,-0.866701,13.340492,1.151611
26-Jan-2025 14:23:53.351,-1.271321,14.001291,0.438139
26-Jan-2025 14:23:53.367,-1.42455,13.280637,-0.220267
26-Jan-2025 14:23:53.383,-1.189918,11.69807,0.026336
26-Jan-2025 14:23:53.399,-1.307234,10.25676,0.54109
26-Jan-2025 14:23:53.415,-1.678335,9.478644,0.94571
26-Jan-2025 14:23:53.431,-1.611298,8.848969,0.732626
26-Jan-2025 14:23:53.447,-1.407791,8.307879,0.663194
26-Jan-2025 14:23:53.463,-0.979228,8.087613,1.017536
26-Jan-2025 14:23:53.479,-0.514753,8.231265,0.938527
26-Jan-2025 14:23:53.495,-0.217872,8.714894,0.600945
26-Jan-2025 14:23:53.511,0.222661,9.272743,0.423774
26-Jan-2025 14:23:53.527,0.948104,9.715671,0.42138
26-Jan-2025 14:23:53.543,1.441309,10.029311,0.263362
26-Jan-2025 14:23:53.559,0.948104,10.09156,-0.086191
26-Jan-2025 14:23:53.575,0.430956,9.911995,-0.311246
26-Jan-2025 14:23:53.592,0.148441,9.605537,-0.04549
26-Jan-2025 14:23:53.608,-0.050278,9.461885,0.248997
26-Jan-2025 14:23:53.624,-0.064643,9.246407,0.124498
26-Jan-2025 14:23:53.640,-0.050278,9.021352,-0.043096
26-Jan-2025 14:23:53.656,-0.141258,8.777143,0.050278
26-Jan-2025 14:23:53.672,-0.086191,8.643068,0.246603
26-Jan-2025 14:23:53.688,-0.177171,8.717288,0.114922
26-Jan-2025 14:23:53.704,-0.351948,8.983045,-0.440533
26-Jan-2025 14:23:53.720,-0.603339,9.342175,-0.758962
26-Jan-2025 14:23:53.736,-0.426168,9.452309,-1.113304
26-Jan-2025 14:23:53.752,-0.181959,9.227253,-1.115698
26-Jan-2025 14:23:53.768,0.064643,8.911219,-0.617704
26-Jan-2025 14:23:53.784,-0.155623,8.882488,-0.596156
26-Jan-2025 14:23:53.800,-0.198719,8.990228,-0.169988
26-Jan-2025 14:23:53.816,0.160412,9.030929,-0.105345
26-Jan-2025 14:23:53.832,0.110133,9.148245,-0.335188
26-Jan-2025 14:23:53.848,-0.148441,9.715671,-0.179565
26-Jan-2025 14:23:53.864,-0.110133,10.357317,-0.323217
26-Jan-2025 14:23:53.880,0.153229,10.903194,-0.670376
26-Jan-2025 14:23:53.897,0.301669,11.310209,-0.574608
26-Jan-2025 14:23:53.913,0.186748,11.408371,-0.299275
26-Jan-2025 14:23:53.929,-0.014365,11.032481,-0.371101
26-Jan-2025 14:23:53.945,-0.129287,10.465055,-0.70629
26-Jan-2025 14:23:53.961,-0.205901,10.146626,-0.816423
26-Jan-2025 14:23:53.977,-0.244209,10.278308,-0.658405
26-Jan-2025 14:23:53.993,-0.102951,10.805033,-0.447716
26-Jan-2025 14:23:54.009,0.002394,11.207258,-0.799663
26-Jan-2025 14:23:54.025,0.316035,11.2312,-0.730232
26-Jan-2025 14:23:54.041,1.244985,11.123461,-0.138864
26-Jan-2025 14:23:54.057,1.94888,10.948685,0.761356
26-Jan-2025 14:23:54.073,2.264915,10.43872,0.902614
26-Jan-2025 14:23:54.089,2.221819,9.586384,0.555455
26-Jan-2025 14:23:54.105,2.243367,9.002198,0.509965
26-Jan-2025 14:23:54.121,2.209848,8.655039,1.046266
26-Jan-2025 14:23:54.137,2.492364,8.695741,2.15957
26-Jan-2025 14:23:54.153,2.743755,9.222465,2.513912
26-Jan-2025 14:23:54.169,2.482787,9.967062,1.563414
26-Jan-2025 14:23:54.186,1.865083,10.790668,0.651223
26-Jan-2025 14:23:54.202,1.30484,11.595119,0.366313
26-Jan-2025 14:23:54.218,0.579397,11.678916,0.457293
26-Jan-2025 14:23:54.234,0.227449,10.857705,0.605733
26-Jan-2025 14:23:54.250,0.339977,9.765948,0.146046
26-Jan-2025 14:23:54.266,0.718261,8.793902,-0.220267
26-Jan-2025 14:23:54.282,1.438915,7.999028,-0.222661
26-Jan-2025 14:23:54.298,2.231396,7.431602,0.265756
26-Jan-2025 14:23:54.314,2.870648,7.201759,0.993594
26-Jan-2025 14:23:54.330,2.995146,7.364564,1.750161
26-Jan-2025 14:23:54.346,2.652776,7.826645,1.651999
26-Jan-2025 14:23:54.362,2.236184,8.39886,0.92895
26-Jan-2025 14:23:54.378,2.209848,9.23683,0.371101
26-Jan-2025 14:23:54.394,2.178724,9.710882,0.509965
26-Jan-2025 14:23:54.410,2.147599,9.832987,0.411803
26-Jan-2025 14:23:54.426,1.982399,10.081984,0.548272
26-Jan-2025 14:23:54.442,1.637634,10.46745,0.296881
26-Jan-2025 14:23:54.458,1.218649,10.862494,-0.301669
26-Jan-2025 14:23:54.475,0.924162,10.905589,-0.351948
26-Jan-2025 14:23:54.491,1.06542,10.419566,0.143652
26-Jan-2025 14:23:54.507,1.23062,10.038888,0.730232
26-Jan-2025 14:23:54.523,1.292869,9.976639,0.806846
26-Jan-2025 14:23:54.539,1.249773,10.014946,0.828394
26-Jan-2025 14:23:54.555,1.472434,10.21127,0.754174
26-Jan-2025 14:23:54.571,1.417367,10.824186,0.80924
26-Jan-2025 14:23:54.587,0.797269,11.657368,0.632069
26-Jan-2025 14:23:54.603,-0.071826,12.236765,0.548272
26-Jan-2025 14:23:54.619,-0.641646,12.504915,0.806846
26-Jan-2025 14:23:54.635,-0.672771,12.959814,2.171541
26-Jan-2025 14:23:54.651,-0.624887,13.309367,3.193865
26-Jan-2025 14:23:54.667,-0.553061,12.291832,1.501164
26-Jan-2025 14:23:54.683,-0.294487,11.056423,0.612916
26-Jan-2025 14:23:54.699,-0.179565,9.89763,1.438915
26-Jan-2025 14:23:54.715,-0.536301,9.246407,2.494758
26-Jan-2025 14:23:54.731,-0.641646,8.805874,2.413355
26-Jan-2025 14:23:54.747,-0.545878,8.868123,1.996764
26-Jan-2025 14:23:54.763,-0.280122,9.241618,1.426944
26-Jan-2025 14:23:54.779,-0.033519,9.497798,0.634463
26-Jan-2025 14:23:54.796,0.306458,9.485827,0.56982
26-Jan-2025 14:23:54.812,0.708684,9.150639,1.137246
26-Jan-2025 14:23:54.828,0.773327,9.083601,1.522712
26-Jan-2025 14:23:54.844,0.318429,9.267955,1.201889
26-Jan-2025 14:23:54.860,-0.138864,9.504981,0.323217
26-Jan-2025 14:23:54.876,-0.531513,9.457097,-0.086191
26-Jan-2025 14:23:54.892,-0.64404,9.234436,0.217872
26-Jan-2025 14:23:54.908,-0.591368,8.884883,0.486023
26-Jan-2025 14:23:54.924,-0.593762,8.659827,0.553061
26-Jan-2025 14:23:54.940,-0.574608,8.588001,0.407014
26-Jan-2025 14:23:54.956,-0.502782,8.717288,0.275333
26-Jan-2025 14:23:54.972,-0.555455,8.884883,0.107739
26-Jan-2025 14:23:54.988,-0.766145,8.990228,-0.129287
26-Jan-2025 14:23:55.004,-1.156399,9.126697,-0.11971
26-Jan-2025 14:23:55.020,-1.407791,9.272743,-0.138864
26-Jan-2025 14:23:55.036,-1.446098,9.404425,-0.229843
26-Jan-2025 14:23:55.052,-1.575385,9.414001,-0.354342
26-Jan-2025 14:23:55.068,-1.61848,9.406818,-0.47884
26-Jan-2025 14:23:55.084,-1.654393,9.454702,-0.577003
26-Jan-2025 14:23:55.101,-1.632846,9.392453,-0.725443
26-Jan-2025 14:23:55.117,-1.584962,9.301474,-0.641646
26-Jan-2025 14:23:55.133,-1.565808,9.198523,-0.4956
26-Jan-2025 14:23:55.149,-1.563414,9.136273,-0.560243
26-Jan-2025 14:23:55.165,-1.527501,9.334992,-0.6608
26-Jan-2025 14:23:55.181,-1.204283,9.801862,-0.553061
26-Jan-2025 14:23:55.197,-0.890643,10.441113,-0.52433
26-Jan-2025 14:23:55.213,-0.588974,10.812215,-0.579397
26-Jan-2025 14:23:55.229,-0.830788,10.852917,-0.672771
26-Jan-2025 14:23:55.245,-1.410185,10.596737,-0.263362
26-Jan-2025 14:23:55.261,-1.570596,10.486604,0.043096
26-Jan-2025 14:23:55.277,-1.486799,10.551247,-0.390255
26-Jan-2025 14:23:55.293,-1.228225,11.015722,-0.699107
26-Jan-2025 14:23:55.309,-0.924162,11.858481,-0.567426
26-Jan-2025 14:23:55.325,-0.385466,12.706028,-0.347159
26-Jan-2025 14:23:55.341,0.304064,13.215993,0.395043
26-Jan-2025 14:23:55.357,0.509965,13.204022,0.497994
26-Jan-2025 14:23:55.373,0.687136,12.51928,0.964863
26-Jan-2025 14:23:55.390,0.878672,11.087548,1.084573
26-Jan-2025 14:23:55.406,0.993594,9.349358,0.629675
26-Jan-2025 14:23:55.422,1.041478,8.070854,0.557849
26-Jan-2025 14:23:55.438,1.079785,7.182605,1.175553
26-Jan-2025 14:23:55.454,1.256956,6.754043,1.929727
26-Jan-2025 14:23:55.470,1.534683,6.995857,1.905785
26-Jan-2025 14:23:55.486,1.347936,7.898471,1.285686
26-Jan-2025 14:23:55.502,0.811634,9.196129,0.612916
26-Jan-2025 14:23:55.518,0.392649,10.512939,-0.004788
26-Jan-2025 14:23:55.534,-0.493206,11.643003,-0.043096
26-Jan-2025 14:23:55.550,-1.201889,11.812991,0.342371
26-Jan-2025 14:23:55.566,-1.125275,10.998962,0.021548
26-Jan-2025 14:23:55.582,-0.667982,10.268731,-0.316035
26-Jan-2025 14:23:55.598,-0.502782,9.952697,-0.296881
26-Jan-2025 14:23:55.614,-0.114922,9.76116,-0.203507
26-Jan-2025 14:23:55.630,0.169988,9.667787,-0.47884
26-Jan-2025 14:23:55.646,0.057461,9.466674,-0.632069
26-Jan-2025 14:23:55.662,-0.033519,9.258378,-0.711078
26-Jan-2025 14:23:55.679,0.023942,8.975863,-0.486023
26-Jan-2025 14:23:55.695,0.057461,8.65025,-0.306458
26-Jan-2025 14:23:55.710,-0.179565,8.415619,-0.462081
26-Jan-2025 14:23:55.727,-0.397437,8.42759,-0.787692
26-Jan-2025 14:23:55.743,-0.562637,8.628703,-0.895431
26-Jan-2025 14:23:55.759,-0.577003,8.951921,-1.005565
26-Jan-2025 14:23:55.775,-0.280122,9.32781,-0.905008
26-Jan-2025 14:23:55.791,0.110133,9.459491,-0.514753
26-Jan-2025 14:23:55.807,0.146046,9.40203,-0.423774
26-Jan-2025 14:23:55.823,0.067038,9.325416,-0.280122
26-Jan-2025 14:23:55.839,0.04549,9.234436,-0.021548
26-Jan-2025 14:23:55.855,0.196325,9.531317,0.354342
26-Jan-2025 14:23:55.871,0.100556,10.292673,0.100556
26-Jan-2025 14:23:55.887,-0.289698,11.250354,-0.617704
26-Jan-2025 14:23:55.903,-0.665588,12.018892,-0.895431
26-Jan-2025 14:23:55.919,-0.746991,12.837709,-0.107739
26-Jan-2025 14:23:55.935,-0.572214,14.037205,0.466869
26-Jan-2025 14:23:55.951,-1.23062,14.207192,-0.270545
26-Jan-2025 14:23:55.967,-2.003947,13.450625,-0.1652
26-Jan-2025 14:23:55.984,-2.367866,12.667721,0.797269
26-Jan-2025 14:23:56.000,-2.885013,11.640609,1.132457
26-Jan-2025 14:23:56.016,-2.743755,10.529699,0.78051
26-Jan-2025 14:23:56.031,-2.348712,9.428367,0.057461
26-Jan-2025 14:23:56.048,-1.982399,8.456321,-0.296881
26-Jan-2025 14:23:56.064,-1.644817,7.66384,0.28491
26-Jan-2025 14:23:56.080,-1.563414,7.017405,1.051055
26-Jan-2025 14:23:56.096,-1.546654,6.617573,1.501164
26-Jan-2025 14:23:56.112,-1.568202,6.521805,1.070208
26-Jan-2025 14:23:56.128,-1.881842,6.938396,0.397437
26-Jan-2025 14:23:56.144,-2.164358,7.745243,-0.143652
26-Jan-2025 14:23:56.160,-2.23379,8.726865,-0.217872
26-Jan-2025 14:23:56.176,-2.236184,9.639056,0.1652
26-Jan-2025 14:23:56.192,-2.032677,10.498574,0.445322
26-Jan-2025 14:23:56.207,-2.118869,10.907983,0.143652
26-Jan-2025 14:23:56.224,-2.248155,10.881647,-0.172383
26-Jan-2025 14:23:56.240,-2.176329,10.43872,0.143652
26-Jan-2025 14:23:56.256,-2.049437,9.720459,0.11971
26-Jan-2025 14:23:56.272,-2.118869,9.078813,-0.126893
26-Jan-2025 14:23:56.289,-2.360683,8.860941,-0.069432
26-Jan-2025 14:23:56.305,-2.583344,8.951921,0.131681
26-Jan-2025 14:23:56.321,-2.454057,9.188946,0.114922
26-Jan-2025 14:23:56.337,-2.051831,9.390059,0.019154
26-Jan-2025 14:23:56.353,-1.58975,9.516952,-0.248997
26-Jan-2025 14:23:56.369,-1.417367,9.512163,-0.332794
26-Jan-2025 14:23:56.385,-1.474828,9.471462,-0.337582
26-Jan-2025 14:23:56.401,-1.484405,9.320627,-0.057461
26-Jan-2025 14:23:56.417,-1.465251,9.176975,-0.251391
26-Jan-2025 14:23:56.433,-1.539472,9.102755,-0.160412
26-Jan-2025 14:23:56.449,-1.33357,9.141062,0.138864
26-Jan-2025 14:23:56.465,-1.23062,9.334992,-0.411803
26-Jan-2025 14:23:56.481,-0.952892,10.081984,-1.455675
26-Jan-2025 14:23:56.497,-0.816423,10.850522,-1.472434
26-Jan-2025 14:23:56.513,-0.960075,11.221623,-0.562637
26-Jan-2025 14:23:56.528,-0.773327,11.166556,0.562637
26-Jan-2025 14:23:56.545,-0.25618,11.504139,0.553061
26-Jan-2025 14:23:56.561,0.062249,11.834539,-0.306458
26-Jan-2025 14:23:56.577,0.423774,12.248735,-0.25618
26-Jan-2025 14:23:56.594,0.442927,12.770672,0.629675
26-Jan-2025 14:23:56.610,-0.167594,12.646173,0.682347
26-Jan-2025 14:23:56.626,-0.54109,12.119449,0.885855
26-Jan-2025 14:23:56.642,-0.529119,11.042058,0.371101
26-Jan-2025 14:23:56.658,-0.648829,9.964667,0.383072
26-Jan-2025 14:23:56.674,-0.730232,8.813056,0.440533
26-Jan-2025 14:23:56.690,-0.52433,7.800309,0.260968
26-Jan-2025 14:23:56.706,0.110133,7.015011,0.277727
26-Jan-2025 14:23:56.722,0.964863,6.885724,0.639252
26-Jan-2025 14:23:56.738,1.450886,7.49864,0.88346
26-Jan-2025 14:23:56.754,1.108515,8.664616,0.505177
26-Jan-2025 14:23:56.770,0.174777,10.189722,-0.507571
26-Jan-2025 14:23:56.786,-1.125275,11.860875,-0.778116
26-Jan-2025 14:23:56.802,-1.94888,12.3876,0.47884
26-Jan-2025 14:23:56.818,-1.405396,11.530476,0.790087
26-Jan-2025 14:23:56.834,-0.481235,10.290278,0.047884
26-Jan-2025 14:23:56.849,0.225055,9.674969,-0.392649
26-Jan-2025 14:23:56.866,0.612916,9.330204,-0.428562
26-Jan-2025 14:23:56.882,0.620098,9.105149,-0.521936
26-Jan-2025 14:23:56.898,0.418985,8.990228,-0.68953
26-Jan-2025 14:23:56.915,0.131681,9.052477,-0.696713
26-Jan-2025 14:23:56.931,-0.035913,9.179369,-0.991199
26-Jan-2025 14:23:56.947,-0.454898,9.320627,-0.90022
26-Jan-2025 14:23:56.963,-0.627281,9.174581,-1.079785
26-Jan-2025 14:23:56.979,-0.514753,9.040505,-1.199495
26-Jan-2025 14:23:56.995,-0.378284,9.030929,-1.079785
26-Jan-2025 14:23:57.011,-0.213084,9.313444,-1.051055
26-Jan-2025 14:23:57.027,-0.160412,9.572019,-1.173159
26-Jan-2025 14:23:57.043,-0.186748,9.765948,-0.895431
26-Jan-2025 14:23:57.059,-0.244209,9.751583,-0.725443
26-Jan-2025 14:23:57.075,-0.349553,9.768343,-0.543484
26-Jan-2025 14:23:57.091,-0.411803,9.976639,-0.699107
26-Jan-2025 14:23:57.107,-0.512359,10.393229,-1.00317
26-Jan-2025 14:23:57.123,-0.830788,11.046846,-1.031901
26-Jan-2025 14:23:57.139,-1.015141,12.210428,-0.68953
26-Jan-2025 14:23:57.155,-0.967257,13.125013,-0.845153
26-Jan-2025 14:23:57.171,-1.410185,12.691663,-0.871489
26-Jan-2025 14:23:57.187,-1.924938,10.910378,-0.574608
26-Jan-2025 14:23:57.203,-2.25055,9.65821,0.837971
26-Jan-2025 14:23:57.220,-2.731784,9.437943,2.255338
26-Jan-2025 14:23:57.236,-3.201048,9.895236,2.619257
26-Jan-2025 14:23:57.252,-3.347094,10.615891,1.568202
26-Jan-2025 14:23:57.268,-2.992752,11.398794,0.442927
26-Jan-2025 14:23:57.284,-2.607286,11.786655,0.37589
26-Jan-2025 14:23:57.300,-2.475605,11.269507,0.952892
26-Jan-2025 14:23:57.316,-2.185906,10.326192,1.568202
26-Jan-2025 14:23:57.332,-1.666364,9.607931,1.584962
26-Jan-2025 14:23:57.348,-1.486799,9.176975,1.125275
26-Jan-2025 14:23:57.364,-1.51553,9.040505,0.622492
26-Jan-2025 14:23:57.380,-1.580173,8.99741,0.418985
26-Jan-2025 14:23:57.396,-1.687912,9.114726,0.605733
26-Jan-2025 14:23:57.412,-1.675941,9.179369,0.608127
26-Jan-2025 14:23:57.428,-1.869871,9.050082,0.581791
26-Jan-2025 14:23:57.444,-2.020706,8.59279,0.474052
26-Jan-2025 14:23:57.460,-2.104503,8.020576,0.507571
26-Jan-2025 14:23:57.476,-2.080561,7.553706,0.550666
26-Jan-2025 14:23:57.492,-2.217031,7.302315,0.629675
26-Jan-2025 14:23:57.508,-2.358289,7.551312,0.919373
26-Jan-2025 14:23:57.525,-2.336741,8.209718,0.859518
26-Jan-2025 14:23:57.541,-2.475605,9.045294,0.584185
26-Jan-2025 14:23:57.557,-2.592921,9.703699,0.395043
26-Jan-2025 14:23:57.573,-2.430115,10.244789,0.402226
26-Jan-2025 14:23:57.589,-2.1883,10.644621,0.483629
26-Jan-2025 14:23:57.605,-2.097321,10.879252,0.23942
26-Jan-2025 14:23:57.621,-2.094927,10.733206,0.016759
26-Jan-2025 14:23:57.637,-2.008735,10.395624,-0.057461
26-Jan-2025 14:23:57.653,-1.867477,10.125079,0.07422
26-Jan-2025 14:23:57.669,-1.613692,9.952697,0.428562
26-Jan-2025 14:23:57.685,-1.419762,9.911995,0.294487
26-Jan-2025 14:23:57.701,-1.393425,10.000581,0.3304
26-Jan-2025 14:23:57.717,-1.254562,10.043676,0.146046
26-Jan-2025 14:23:57.733,-1.292869,10.029311,0.009577
26-Jan-2025 14:23:57.749,-1.156399,10.141838,0.385466
26-Jan-2025 14:23:57.765,-0.799663,10.472239,0.610521
26-Jan-2025 14:23:57.781,-0.526724,10.596737,0.083797
26-Jan-2025 14:23:57.797,-0.447716,10.436325,-0.339977
26-Jan-2025 14:23:57.813,-0.35913,10.19451,0.019154
26-Jan-2025 14:23:57.829,-0.699107,10.299856,0.699107
26-Jan-2025 14:23:57.846,-1.283292,10.630256,0.555455
26-Jan-2025 14:23:57.862,-1.458069,10.594342,-0.098162
26-Jan-2025 14:23:57.878,-1.039083,10.160992,-0.098162
26-Jan-2025 14:23:57.894,-0.445322,9.354146,0.64404
26-Jan-2025 14:23:57.910,0.169988,8.389283,1.592144
26-Jan-2025 14:23:57.926,0.732626,7.809886,1.94888
26-Jan-2025 14:23:57.942,0.94571,7.862558,1.716643
26-Jan-2025 14:23:57.958,0.969652,8.537724,1.120486
26-Jan-2025 14:23:57.974,1.063026,9.40203,0.897826
26-Jan-2025 14:23:57.990,1.120486,10.407595,0.682347
26-Jan-2025 14:23:58.006,0.567426,11.456255,0.646434
26-Jan-2025 14:23:58.022,-0.114922,12.076353,0.490811
26-Jan-2025 14:23:58.038,-0.493206,12.002133,0.287304
26-Jan-2025 14:23:58.054,-0.509965,11.307815,0.203507
26-Jan-2025 14:23:58.070,-0.402226,10.354922,0.414197
26-Jan-2025 14:23:58.086,-0.229843,9.629479,0.758962
26-Jan-2025 14:23:58.102,0.225055,9.030929,0.718261
26-Jan-2025 14:23:58.118,0.6608,8.710106,0.550666
26-Jan-2025 14:23:58.134,0.869095,8.66701,0.471658
26-Jan-2025 14:23:58.150,1.043872,8.719683,0.481235
26-Jan-2025 14:23:58.167,0.90022,8.731653,0.452504
26-Jan-2025 14:23:58.183,0.579397,8.959103,0.426168
26-Jan-2025 14:23:58.199,0.318429,9.301474,0.203507
26-Jan-2025 14:23:58.215,0.035913,9.698911,-0.095768
26-Jan-2025 14:23:58.231,-0.098162,10.113108,-0.416591
26-Jan-2025 14:23:58.247,0.052672,10.369287,-0.440533
26-Jan-2025 14:23:58.263,0.339977,10.266336,-0.426168
26-Jan-2025 14:23:58.279,0.588974,10.070012,-0.102951
26-Jan-2025 14:23:58.295,0.907402,9.902418,0.107739
26-Jan-2025 14:23:58.311,1.072602,9.756371,-0.033519
26-Jan-2025 14:23:58.327,1.125275,9.631873,-0.129287
26-Jan-2025 14:23:58.343,1.142034,9.52174,-0.208296
26-Jan-2025 14:23:58.359,0.993594,9.442732,-0.260968
26-Jan-2025 14:23:58.375,0.921768,9.526528,-0.136469
26-Jan-2025 14:23:58.391,0.785298,9.742006,0.167594
26-Jan-2025 14:23:58.407,0.691924,9.938332,0.026336
26-Jan-2025 14:23:58.423,0.610521,10.13705,0.081403
26-Jan-2025 14:23:58.439,0.775721,10.381259,0.112527
26-Jan-2025 14:23:58.455,0.933739,10.809821,0.117316
26-Jan-2025 14:23:58.472,1.115698,11.348516,0.04549
26-Jan-2025 14:23:58.488,1.144428,11.856087,-0.035913
26-Jan-2025 14:23:58.504,0.933739,12.13142,-0.248997
26-Jan-2025 14:23:58.520,0.770933,12.126632,-0.294487
26-Jan-2025 14:23:58.536,0.703895,12.29662,0.282516
26-Jan-2025 14:23:58.552,0.572214,13.424289,1.355118
26-Jan-2025 14:23:58.568,0.205901,13.864822,0.612916
26-Jan-2025 14:23:58.584,-0.347159,12.816162,0.481235
26-Jan-2025 14:23:58.600,-0.301669,11.018116,0.895431
26-Jan-2025 14:23:58.616,-0.723049,9.959879,1.68073
26-Jan-2025 14:23:58.632,-1.328782,9.466674,1.862689
26-Jan-2025 14:23:58.648,-1.496376,8.868123,1.192312
26-Jan-2025 14:23:58.664,-1.455675,8.020576,0.656011
26-Jan-2025 14:23:58.680,-1.584962,7.326257,1.292869
26-Jan-2025 14:23:58.696,-1.73819,7.149086,2.226608
26-Jan-2025 14:23:58.712,-1.47004,7.45315,2.176329
26-Jan-2025 14:23:58.728,-1.144428,8.157045,1.11091
26-Jan-2025 14:23:58.744,-0.943315,9.136273,0.131681
26-Jan-2025 14:23:58.760,-0.37589,10.237606,-0.471658
26-Jan-2025 14:23:58.777,0.079009,10.898406,-0.565032
26-Jan-2025 14:23:58.793,-0.021548,10.654198,-0.35913
26-Jan-2025 14:23:58.809,-0.232238,9.880871,-0.344765
26-Jan-2025 14:23:58.825,-0.320823,9.31105,-0.562637
26-Jan-2025 14:23:58.841,-0.148441,8.995016,-0.438139
26-Jan-2025 14:23:58.857,0.40462,8.913613,-0.038307
26-Jan-2025 14:23:58.873,0.785298,8.911219,0.07422
26-Jan-2025 14:23:58.889,0.995988,8.92319,-0.040701
26-Jan-2025 14:23:58.905,0.840365,8.791509,0.019154
26-Jan-2025 14:23:58.921,0.756568,8.456321,0.009577
26-Jan-2025 14:23:58.937,0.687136,8.133103,-0.31364
26-Jan-2025 14:23:58.953,0.600945,8.188169,-0.500388
26-Jan-2025 14:23:58.969,0.457293,8.528147,-0.351948
26-Jan-2025 14:23:58.985,0.272939,8.889671,-0.021548
26-Jan-2025 14:23:59.001,0.136469,9.299079,0.155623
26-Jan-2025 14:23:59.017,0.083797,9.629479,0.351948
26-Jan-2025 14:23:59.033,0.059855,9.765948,0.610521
26-Jan-2025 14:23:59.049,0.138864,9.998186,0.833182
26-Jan-2025 14:23:59.066,0.067038,10.556035,0.490811
26-Jan-2025 14:23:59.082,0.035913,11.329363,-0.373495
26-Jan-2025 14:23:59.098,-0.071826,11.619061,-0.773327
26-Jan-2025 14:23:59.114,0.222661,11.15698,-0.368707
26-Jan-2025 14:23:59.130,0.509965,10.280702,0.332794
26-Jan-2025 14:23:59.146,0.897826,9.974244,2.169147
26-Jan-2025 14:23:59.162,1.307234,10.206482,2.396596
26-Jan-2025 14:23:59.178,1.857901,10.900801,2.363077
26-Jan-2025 14:23:59.194,2.82037,12.061988,1.553837
26-Jan-2025 14:23:59.210,2.626439,12.768278,0.04549
26-Jan-2025 14:23:59.226,1.805228,12.466608,-0.064643
26-Jan-2025 14:23:59.242,1.951274,11.267113,1.491588
26-Jan-2025 14:23:59.258,2.56419,10.249578,2.521094
26-Jan-2025 14:23:59.274,2.300828,9.825804,2.147599
26-Jan-2025 14:23:59.290,1.651999,9.746795,1.355118
26-Jan-2025 14:23:59.306,1.142034,9.488221,0.871489
26-Jan-2025 14:23:59.322,0.560243,8.875306,0.701501
26-Jan-2025 14:23:59.338,0.069432,8.37013,0.890643
26-Jan-2025 14:23:59.355,0.155623,8.250419,0.761356
26-Jan-2025 14:23:59.371,0.572214,8.367735,0.438139
26-Jan-2025 14:23:59.387,1.280898,8.554482,0.131681
26-Jan-2025 14:23:59.403,1.90339,8.477868,0.222661
26-Jan-2025 14:23:59.419,2.257732,8.42759,0.423774
26-Jan-2025 14:23:59.435,2.176329,8.396465,0.390255
26-Jan-2025 14:23:59.451,1.879448,8.525752,0.416591
26-Jan-2025 14:23:59.467,1.733402,8.851364,0.258574
26-Jan-2025 14:23:59.483,1.599327,9.16261,0.158017
26-Jan-2025 14:23:59.499,1.587356,9.409213,-0.050278
26-Jan-2025 14:23:59.515,1.575385,9.713276,-0.402226
26-Jan-2025 14:23:59.531,1.594538,9.957485,-0.497994
26-Jan-2025 14:23:59.547,1.613692,10.031705,-0.61531
26-Jan-2025 14:23:59.563,1.525106,9.967062,-0.636858
26-Jan-2025 14:23:59.579,1.278504,9.986216,-0.536301
26-Jan-2025 14:23:59.595,1.106121,10.077195,-0.380678
26-Jan-2025 14:23:59.611,0.995988,10.228029,-0.155623
26-Jan-2025 14:23:59.627,0.744597,10.551247,-0.414197
26-Jan-2025 14:23:59.643,0.447716,10.965444,-0.960075
26-Jan-2025 14:23:59.660,0.215478,11.300632,-1.01993
26-Jan-2025 14:23:59.676,0.201113,11.410766,-0.804452
26-Jan-2025 14:23:59.692,0.040701,11.238382,-1.101333
26-Jan-2025 14:23:59.708,0.009577,11.300632,-0.816423
26-Jan-2025 14:23:59.724,-0.208296,12.186486,1.187524
26-Jan-2025 14:23:59.740,-0.708684,12.847286,1.103727
26-Jan-2025 14:23:59.756,-0.950498,12.737153,0.383072
26-Jan-2025 14:23:59.772,-0.454898,12.354081,0.746991
26-Jan-2025 14:23:59.788,-0.816423,11.803414,1.156399
26-Jan-2025 14:23:59.804,-1.66397,11.125855,1.448492
26-Jan-2025 14:23:59.820,-1.972822,10.290278,1.268927
26-Jan-2025 14:23:59.836,-1.953669,9.725247,1.326388
26-Jan-2025 14:23:59.852,-1.877054,8.978256,1.472434
26-Jan-2025 14:23:59.868,-1.862689,7.960721,1.683124
26-Jan-2025 14:23:59.884,-2.006341,7.007828,1.958457
26-Jan-2025 14:23:59.900,-2.245761,6.555324,2.372654
26-Jan-2025 14:23:59.916,-2.363077,6.854599,2.300828
26-Jan-2025 14:23:59.933,-2.408567,7.843405,1.623269
26-Jan-2025 14:23:59.949,-2.506729,9.006987,0.835576
26-Jan-2025 14:23:59.965,-2.456451,10.213664,0.476446
26-Jan-2025 14:23:59.981,-2.08535,10.881647,0.497994
26-Jan-2025 14:23:59.997,-1.699883,10.879252,0.852336
26-Jan-2025 14:24:00.013,-1.625663,10.441113,0.938527
26-Jan-2025 14:24:00.029,-1.757344,9.955091,0.797269
26-Jan-2025 14:24:00.045,-1.886631,9.385271,0.835576
26-Jan-2025 14:24:00.061,-1.716643,8.99741,0.972046
26-Jan-2025 14:24:00.077,-1.414973,8.693346,0.938527
26-Jan-2025 14:24:00.093,-1.261744,8.465898,0.711078
26-Jan-2025 14:24:00.109,-1.407791,8.429984,0.52433
26-Jan-2025 14:24:00.125,-1.577779,8.619126,0.4956
26-Jan-2025 14:24:00.141,-1.644817,8.832211,0.390255
26-Jan-2025 14:24:00.157,-1.812411,9.107543,0.134075
26-Jan-2025 14:24:00.173,-1.944092,9.344569,0.169988
26-Jan-2025 14:24:00.189,-2.027889,9.514558,0.371101
26-Jan-2025 14:24:00.205,-2.025495,9.562442,0.586579
26-Jan-2025 14:24:00.221,-1.752556,9.469068,0.603339
26-Jan-2025 14:24:00.238,-1.539472,9.49301,0.792481
26-Jan-2025 14:24:00.254,-1.400608,9.526528,0.993594
26-Jan-2025 14:24:00.270,-1.35033,9.677363,1.218649
26-Jan-2025 14:24:00.286,-1.343147,9.902418,1.113304
26-Jan-2025 14:24:00.302,-1.45328,10.242394,0.830788
26-Jan-2025 14:24:00.318,-1.252167,10.594342,0.457293
26-Jan-2025 14:24:00.334,-0.885855,11.580753,0.998382
26-Jan-2025 14:24:00.350,0.325611,13.577518,1.438915
26-Jan-2025 14:24:00.366,1.264138,14.571112,0.323217
26-Jan-2025 14:24:00.382,0.938527,14.449007,0.112527
26-Jan-2025 14:24:00.398,0.742203,13.017275,0.921768
26-Jan-2025 14:24:00.414,0.828394,11.394006,1.335965
26-Jan-2025 14:24:00.430,0.639252,10.036493,1.180341
26-Jan-2025 14:24:00.446,0.318429,8.803479,0.957681
26-Jan-2025 14:24:00.462,0.081403,7.522582,1.053449
26-Jan-2025 14:24:00.478,-0.040701,6.435614,1.553837
26-Jan-2025 14:24:00.494,0.380678,5.801151,1.991976
26-Jan-2025 14:24:00.511,1.271321,5.810728,1.960851
26-Jan-2025 14:24:00.527,1.956063,6.758832,1.786075
26-Jan-2025 14:24:00.543,2.13084,8.516175,1.218649
26-Jan-2025 14:24:00.559,1.898602,10.568007,0.016759
26-Jan-2025 14:24:00.575,0.895431,12.847286,-0.227449
26-Jan-2025 14:24:00.591,-0.73502,13.338098,0.095768
26-Jan-2025 14:24:00.607,-1.268927,11.786655,0.162806
26-Jan-2025 14:24:00.623,-1.077391,10.266336,0.09098
26-Jan-2025 14:24:00.639,-0.97444,9.619903,0.184354
26-Jan-2025 14:24:00.655,-0.596156,9.579201,-0.095768
26-Jan-2025 14:24:00.671,-0.141258,9.696517,-0.64404
26-Jan-2025 14:24:00.687,0.373495,9.572019,-0.634463
26-Jan-2025 14:24:00.703,0.859518,9.239224,-0.409408
26-Jan-2025 14:24:00.719,1.012747,8.726865,-0.050278
26-Jan-2025 14:24:00.735,0.483629,8.415619,0.179565
26-Jan-2025 14:24:00.751,-0.019154,8.341399,-0.181959
26-Jan-2025 14:24:00.767,-0.457293,8.391677,-0.806846
26-Jan-2025 14:24:00.783,-0.679953,8.628703,-0.931344
26-Jan-2025 14:24:00.800,-0.617704,8.987833,-0.550666
26-Jan-2025 14:24:00.816,-0.474052,9.425972,-0.37589
26-Jan-2025 14:24:00.832,-0.466869,9.835381,-0.325611
26-Jan-2025 14:24:00.848,-0.110133,10.242394,-0.117316
26-Jan-2025 14:24:00.864,0.342371,10.445902,0.098162
26-Jan-2025 14:24:00.880,0.596156,10.508151,0.282516
26-Jan-2025 14:24:00.896,0.739808,10.551247,0.138864
26-Jan-2025 14:24:00.912,0.390255,10.704475,-0.153229
26-Jan-2025 14:24:00.928,-0.126893,11.154586,-0.126893
26-Jan-2025 14:24:00.944,-0.237026,12.08593,0.466869
26-Jan-2025 14:24:00.960,-0.088585,13.503298,0.517148
26-Jan-2025 14:24:00.976,-0.584185,14.085089,-0.464475
26-Jan-2025 14:24:00.992,-1.879448,13.227964,-0.799663
26-Jan-2025 14:24:01.008,-2.815581,11.956643,0.162806
26-Jan-2025 14:24:01.024,-2.985569,11.267113,1.312023
26-Jan-2025 14:24:01.040,-2.463634,10.536881,0.986411
26-Jan-2025 14:24:01.056,-2.044648,9.579201,-0.124498
26-Jan-2025 14:24:01.072,-2.173935,8.50181,-0.373495
26-Jan-2025 14:24:01.089,-2.657564,7.917625,0.92895
26-Jan-2025 14:24:01.105,-2.829947,7.76679,2.403779
26-Jan-2025 14:24:01.121,-2.391808,7.496245,2.425326
26-Jan-2025 14:24:01.137,-2.116474,7.252037,1.601721
26-Jan-2025 14:24:01.153,-1.824382,7.608773,0.531513
26-Jan-2025 14:24:01.169,-1.465251,8.817844,-0.076614
26-Jan-2025 14:24:01.185,-1.683124,10.120291,-0.318429
26-Jan-2025 14:24:01.201,-2.128445,10.520123,-0.335188
26-Jan-2025 14:24:01.217,-2.193089,10.048465,-0.282516
26-Jan-2025 14:24:01.233,-2.1883,9.267955,-0.047884
26-Jan-2025 14:24:01.249,-2.207454,8.726865,0.107739
26-Jan-2025 14:24:01.265,-2.06859,8.444349,0.186748
26-Jan-2025 14:24:01.281,-1.896208,8.339005,0.201113
26-Jan-2025 14:24:01.297,-1.695095,8.377312,0.129287
26-Jan-2025 14:24:01.313,-1.690306,8.561666,0.105345
26-Jan-2025 14:24:01.329,-1.850718,8.851364,-0.105345
26-Jan-2025 14:24:01.345,-1.84593,9.224859,-0.476446
26-Jan-2025 14:24:01.361,-1.917756,9.607931,-0.665588
26-Jan-2025 14:24:01.378,-1.872266,9.847352,-0.708684
26-Jan-2025 14:24:01.394,-1.740585,9.780313,-0.639252
26-Jan-2025 14:24:01.410,-1.580173,9.512163,-0.4956
26-Jan-2025 14:24:01.426,-1.369483,9.224859,-0.248997
26-Jan-2025 14:24:01.442,-1.067814,8.995016,0.093374
26-Jan-2025 14:24:01.458,-0.782904,9.074024,0.31364
26-Jan-2025 14:24:01.474,-0.639252,9.854534,0.632069
26-Jan-2025 14:24:01.490,-0.596156,11.046846,0.538695
26-Jan-2025 14:24:01.506,-1.06542,12.241553,-0.301669
26-Jan-2025 14:24:01.522,-1.513135,12.990938,-0.509965
26-Jan-2025 14:24:01.538,-1.273715,12.988544,-0.409408
26-Jan-2025 14:24:01.554,-0.656011,12.722788,0.213084
26-Jan-2025 14:24:01.570,0.014365,12.337321,0.677559
26-Jan-2025 14:24:01.586,0.756568,12.138602,0.665588
26-Jan-2025 14:24:01.602,0.969652,11.911154,0.593762
26-Jan-2025 14:24:01.618,0.790087,11.547235,0.725443
26-Jan-2025 14:24:01.634,0.720655,10.919954,0.895431
26-Jan-2025 14:24:01.650,0.663194,9.868899,0.775721
26-Jan-2025 14:24:01.666,0.636858,8.825027,0.995988
26-Jan-2025 14:24:01.683,0.933739,7.934384,1.347936
26-Jan-2025 14:24:01.699,1.628057,7.383718,1.92015
26-Jan-2025 14:24:01.715,2.312799,7.141904,2.087744
26-Jan-2025 14:24:01.731,2.288857,7.469909,1.525106
26-Jan-2025 14:24:01.747,1.66397,8.513782,0.799663
26-Jan-2025 14:24:01.763,1.096544,9.950302,0.047884
26-Jan-2025 14:24:01.779,0.363919,11.293449,0.136469
26-Jan-2025 14:24:01.795,-0.533907,11.57836,0.260968
26-Jan-2025 14:24:01.811,-0.663194,10.647015,0.007183
26-Jan-2025 14:24:01.826,-0.237026,9.667787,0.114922
26-Jan-2025 14:24:01.843,0.232238,9.208099,0.227449
26-Jan-2025 14:24:01.859,1.189918,9.485827,0.320823
26-Jan-2025 14:24:01.875,1.58975,9.545682,-0.380678
26-Jan-2025 14:24:01.891,1.223437,9.593566,-0.957681
26-Jan-2025 14:24:01.907,1.125275,9.363723,-0.624887
26-Jan-2025 14:24:01.923,1.098939,9.272743,0.050278
26-Jan-2025 14:24:01.939,0.97444,9.25359,-0.143652
26-Jan-2025 14:24:01.955,0.608127,9.239224,-0.562637
26-Jan-2025 14:24:01.971,0.232238,9.279925,-0.737414
26-Jan-2025 14:24:01.988,0.234632,9.433155,-0.845153
26-Jan-2025 14:24:02.004,0.550666,9.557653,-1.012747
26-Jan-2025 14:24:02.020,0.725443,9.667787,-0.931344
26-Jan-2025 14:24:02.036,0.694318,9.780313,-0.612916
26-Jan-2025 14:24:02.052,0.646434,9.682152,0.04549
26-Jan-2025 14:24:02.068,0.871489,9.708488,0.423774
26-Jan-2025 14:24:02.084,0.751779,10.189722,0.062249
26-Jan-2025 14:24:02.100,0.435745,10.893618,-0.6608
26-Jan-2025 14:24:02.116,0.114922,11.499351,-1.079785
26-Jan-2025 14:24:02.132,-0.196325,11.762712,-1.381454
26-Jan-2025 14:24:02.148,-0.435745,11.087548,-0.857124
26-Jan-2025 14:24:02.164,1.211466,14.286201,0.627281
26-Jan-2025 14:24:02.180,-0.672771,14.140155,-0.502782
26-Jan-2025 14:24:02.196,-1.922544,12.433089,-1.18513
26-Jan-2025 14:24:02.212,-1.37906,11.085154,-0.011971
26-Jan-2025 14:24:02.228,-1.307234,10.431537,1.539472
26-Jan-2025 14:24:02.245,-1.489193,9.868899,1.264138
26-Jan-2025 14:24:02.261,-1.747767,9.536105,-1.156399
26-Jan-2025 14:24:02.277,-1.821988,8.726865,-0.196325
26-Jan-2025 14:24:02.293,-1.778892,8.152257,0.912191
26-Jan-2025 14:24:02.309,-2.25055,7.625533,2.099715
26-Jan-2025 14:24:02.325,-2.341529,7.37893,2.035071
26-Jan-2025 14:24:02.341,-1.774103,7.477092,1.015141
26-Jan-2025 14:24:02.357,-0.94571,8.106767,0.177171
26-Jan-2025 14:24:02.373,0.141258,9.351752,-0.390255
26-Jan-2025 14:24:02.389,0.603339,10.345345,-0.828394
26-Jan-2025 14:24:02.405,-0.052672,10.850522,-0.483629
26-Jan-2025 14:24:02.421,-0.263362,10.359711,-0.368707
26-Jan-2025 14:24:02.437,-0.158017,9.524135,-0.435745
26-Jan-2025 14:24:02.453,-0.208296,8.863335,-0.512359
26-Jan-2025 14:24:02.469,-0.222661,8.384495,-0.512359
26-Jan-2025 14:24:02.485,-0.09098,8.147469,-0.383072
26-Jan-2025 14:24:02.501,-0.059855,8.248025,-0.143652
26-Jan-2025 14:24:02.517,-0.098162,8.482656,-0.184354
26-Jan-2025 14:24:02.533,-0.146046,8.731653,-0.481235
26-Jan-2025 14:24:02.550,-0.21069,9.016563,-0.68953
26-Jan-2025 14:24:02.566,-0.308852,9.481039,-0.588974
26-Jan-2025 14:24:02.582,-0.205901,9.696517,-0.857124
26-Jan-2025 14:24:02.598,-0.208296,9.624691,-1.154005
26-Jan-2025 14:24:02.614,-0.177171,9.416395,-0.694318
26-Jan-2025 14:24:02.630,0.059855,9.179369,-0.138864
26-Jan-2025 14:24:02.646,0.342371,9.210494,0.234632
26-Jan-2025 14:24:02.662,0.476446,9.562442,0.430956
26-Jan-2025 14:24:02.678,0.620098,10.110714,0.280122
26-Jan-2025 14:24:02.694,0.665588,10.718841,-0.083797
26-Jan-2025 14:24:02.710,0.6608,11.245565,-0.205901
26-Jan-2025 14:24:02.726,0.426168,11.374852,0.009577
26-Jan-2025 14:24:02.742,0.138864,11.051635,0.026336
26-Jan-2025 14:24:02.758,0.160412,10.984597,0.433351
26-Jan-2025 14:24:02.774,0.526724,11.061212,1.096544
26-Jan-2025 14:24:02.789,1.163582,11.063606,2.310405
26-Jan-2025 14:24:02.806,1.984793,11.492168,3.033453
26-Jan-2025 14:24:02.823,2.336741,12.006922,2.30801
26-Jan-2025 14:24:02.839,1.941698,11.719617,1.077391
26-Jan-2025 14:24:02.855,1.376666,10.793061,0.464475
26-Jan-2025 14:24:02.871,1.996764,9.888053,0.699107
26-Jan-2025 14:24:02.887,2.717419,9.473856,2.059013
26-Jan-2025 14:24:02.903,2.856283,9.466674,2.659958
26-Jan-2025 14:24:02.919,2.169147,9.631873,1.893813
26-Jan-2025 14:24:02.935,1.122881,9.749189,0.311246
26-Jan-2025 14:24:02.951,0.158017,9.742006,-0.768539
26-Jan-2025 14:24:02.967,-0.47884,9.540894,-0.215478
26-Jan-2025 14:24:02.983,-0.246603,9.296685,1.063026
26-Jan-2025 14:24:02.999,0.462081,9.176975,1.182736
26-Jan-2025 14:24:03.015,1.101333,9.289502,0.026336
26-Jan-2025 14:24:03.031,1.474828,9.380483,-1.146823
26-Jan-2025 14:24:03.047,1.757344,9.406818,-1.23062
26-Jan-2025 14:24:03.063,1.944092,9.375694,-0.325611
26-Jan-2025 14:24:03.079,1.836353,9.512163,0.031125
26-Jan-2025 14:24:03.095,1.623269,9.801862,-0.272939
26-Jan-2025 14:24:03.111,1.491588,9.825804,-0.830788
26-Jan-2025 14:24:03.127,1.39582,9.509769,-1.252167
26-Jan-2025 14:24:03.144,1.292869,9.07163,-0.905008
26-Jan-2025 14:24:03.160,1.352724,8.853758,-0.888249
26-Jan-2025 14:24:03.176,1.546654,9.006987,-0.938527
26-Jan-2025 14:24:03.192,1.654393,9.325416,-0.893037
26-Jan-2025 14:24:03.208,1.702277,9.634268,-1.086968
26-Jan-2025 14:24:03.224,1.941698,9.964667,-1.084573
26-Jan-2025 14:24:03.240,2.015918,10.070012,-0.543484
26-Jan-2025 14:24:03.256,1.87466,10.077195,0.064643
26-Jan-2025 14:24:03.272,1.592144,10.220847,-0.031125
26-Jan-2025 14:24:03.288,1.060631,10.647015,-0.746991
26-Jan-2025 14:24:03.304,0.397437,11.149797,-1.400608
26-Jan-2025 14:24:03.320,0.237026,11.343728,-0.967257
26-Jan-2025 14:24:03.336,0.474052,12.076353,0.627281
26-Jan-2025 14:24:03.352,0.153229,13.081918,0.476446
26-Jan-2025 14:24:03.368,-0.715866,12.981361,-0.584185
26-Jan-2025 14:24:03.384,-0.622492,11.880029,-0.040701
26-Jan-2025 14:24:03.400,-0.720655,10.594342,1.16837
26-Jan-2025 14:24:03.416,-0.701501,9.495404,1.450886
26-Jan-2025 14:24:03.432,-0.73502,8.90643,1.036689
26-Jan-2025 14:24:03.449,-0.785298,8.645462,0.371101
26-Jan-2025 14:24:03.465,-0.914585,8.645462,0.505177
26-Jan-2025 14:24:03.481,-1.022324,8.92319,1.074997
26-Jan-2025 14:24:03.497,-0.679953,9.141062,0.926556
26-Jan-2025 14:24:03.513,-0.466869,9.306262,0.301669
26-Jan-2025 14:24:03.529,-0.102951,9.581595,-0.016759
26-Jan-2025 14:24:03.545,0.368707,9.878476,0.038307
26-Jan-2025 14:24:03.561,0.610521,9.991004,0.081403
26-Jan-2025 14:24:03.577,0.505177,9.842564,0.09098
26-Jan-2025 14:24:03.593,0.016759,9.543288,-0.019154
26-Jan-2025 14:24:03.609,-0.447716,9.246407,-0.122104
26-Jan-2025 14:24:03.625,-0.670376,8.983045,-0.201113
26-Jan-2025 14:24:03.641,-0.529119,8.753201,-0.232238
26-Jan-2025 14:24:03.657,-0.201113,8.59279,-0.215478
26-Jan-2025 14:24:03.673,0.031125,8.599973,-0.191536
26-Jan-2025 14:24:03.689,0.177171,8.844181,0.011971
26-Jan-2025 14:24:03.705,0.150835,9.095572,-0.316035
26-Jan-2025 14:24:03.721,0.277727,9.220071,-0.514753
26-Jan-2025 14:24:03.738,0.007183,9.210494,-0.603339
26-Jan-2025 14:24:03.754,-0.141258,9.354146,-0.648829
26-Jan-2025 14:24:03.770,-0.134075,9.643845,-0.823605
26-Jan-2025 14:24:03.786,-0.071826,9.85214,-0.696713
26-Jan-2025 14:24:03.802,-0.026336,9.698911,-0.409408
26-Jan-2025 14:24:03.818,0.198719,9.411607,-0.248997
26-Jan-2025 14:24:03.834,0.52433,9.440337,-0.083797
26-Jan-2025 14:24:03.850,0.742203,9.639056,0.37589
26-Jan-2025 14:24:03.866,0.608127,10.01734,0.433351
26-Jan-2025 14:24:03.882,0.361524,10.637438,0.617704
26-Jan-2025 14:24:03.898,0.260968,11.252748,0.397437
26-Jan-2025 14:24:03.914,0.093374,11.501745,0.067038
26-Jan-2025 14:24:03.930,-0.31364,11.355699,-0.21069
26-Jan-2025 14:24:03.946,-0.52433,11.207258,0.016759
26-Jan-2025 14:24:03.962,-0.217872,11.47062,0.833182
26-Jan-2025 14:24:03.978,0.035913,11.789049,1.271321
26-Jan-2025 14:24:03.994,0.64404,12.009315,1.108515
26-Jan-2025 14:24:04.011,1.551443,12.46182,0.699107
26-Jan-2025 14:24:04.027,1.932121,12.497733,0.936133
26-Jan-2025 14:24:04.043,2.209848,11.291056,1.429338
26-Jan-2025 14:24:04.059,2.44448,9.830592,1.520318
26-Jan-2025 14:24:04.075,2.284068,8.899248,1.436521
26-Jan-2025 14:24:04.091,2.15957,8.259995,1.525106
26-Jan-2025 14:24:04.107,2.310405,7.785944,1.857901
26-Jan-2025 14:24:04.123,2.53546,7.704541,2.142811
26-Jan-2025 14:24:04.139,2.245761,8.013393,1.620875
26-Jan-2025 14:24:04.155,1.723825,8.750807,1.252167
26-Jan-2025 14:24:04.171,1.271321,9.536105,0.677559
26-Jan-2025 14:24:04.187,0.849942,10.266336,0.342371
26-Jan-2025 14:24:04.203,0.658405,10.606314,0.435745
26-Jan-2025 14:24:04.219,1.027112,10.333375,0.574608
26-Jan-2025 14:24:04.235,1.474828,9.746795,0.368707
26-Jan-2025 14:24:04.251,1.690306,9.272743,0.138864
26-Jan-2025 14:24:04.267,1.802834,9.066842,0.227449
26-Jan-2025 14:24:04.283,1.94888,8.937555,0.447716
26-Jan-2025 14:24:04.300,2.116474,8.887277,0.514753
26-Jan-2025 14:24:04.316,2.260126,8.889671,0.311246
26-Jan-2025 14:24:04.332,2.252944,8.939949,-0.136469
26-Jan-2025 14:24:04.348,2.195483,9.083601,-0.294487
26-Jan-2025 14:24:04.364,2.224213,9.267955,-0.11971
26-Jan-2025 14:24:04.380,2.219425,9.339781,-0.107739
26-Jan-2025 14:24:04.396,1.814805,9.349358,-0.521936
26-Jan-2025 14:24:04.412,1.54426,9.473856,-0.782904
26-Jan-2025 14:24:04.428,1.295263,9.739613,-0.893037
26-Jan-2025 14:24:04.444,1.091756,10.029311,-0.746991
26-Jan-2025 14:24:04.460,1.01993,10.077195,-0.428562
26-Jan-2025 14:24:04.476,1.352724,9.907207,-0.167594
26-Jan-2025 14:24:04.492,1.731008,9.718064,-0.043096
26-Jan-2025 14:24:04.508,1.831564,9.866506,0.043096
26-Jan-2025 14:24:04.524,1.673547,10.311827,-0.138864
26-Jan-2025 14:24:04.540,1.326388,11.006145,-0.138864
26-Jan-2025 14:24:04.556,0.847547,11.504139,-0.07422
26-Jan-2025 14:24:04.572,0.612916,11.975797,0.658405
26-Jan-2025 14:24:04.589,0.399832,13.232753,2.003947
26-Jan-2025 14:24:04.605,-0.196325,14.264654,1.244985
26-Jan-2025 14:24:04.621,-0.787692,13.280637,0.332794
26-Jan-2025 14:24:04.637,-0.950498,11.013328,1.055843
26-Jan-2025 14:24:04.653,-0.849942,9.519346,2.226608
26-Jan-2025 14:24:04.669,-0.586579,8.887277,2.446874
26-Jan-2025 14:24:04.685,-0.457293,8.53054,2.013524
26-Jan-2025 14:24:04.701,-0.263362,8.140285,1.601721
26-Jan-2025 14:24:04.717,0.1652,7.817069,1.338359
26-Jan-2025 14:24:04.733,0.316035,7.900866,1.314417
26-Jan-2025 14:24:04.749,0.126893,8.542512,1.529895
26-Jan-2025 14:24:04.765,0.100556,9.433155,1.491588
26-Jan-2025 14:24:04.781,0.304064,10.359711,1.04866
26-Jan-2025 14:24:04.797,0.739808,11.15698,0.471658
26-Jan-2025 14:24:04.813,0.828394,11.305421,0.146046
26-Jan-2025 14:24:04.829,0.440533,10.714052,0.198719
26-Jan-2025 14:24:04.845,0.160412,9.974244,0.395043
26-Jan-2025 14:24:04.862,-0.062249,9.346964,0.565032
26-Jan-2025 14:24:04.878,-0.009577,8.74123,0.617704
26-Jan-2025 14:24:04.894,0.280122,8.137892,0.529119
26-Jan-2025 14:24:04.910,0.636858,7.81228,0.622492
26-Jan-2025 14:24:04.926,0.830788,7.826645,0.869095
26-Jan-2025 14:24:04.942,0.679953,8.207323,0.574608
26-Jan-2025 14:24:04.958,0.299275,9.069236,0.237026
26-Jan-2025 14:24:04.974,-0.002394,9.830592,-0.395043
26-Jan-2025 14:24:04.990,-0.323217,10.204087,-0.59855
26-Jan-2025 14:24:05.006,-0.40462,10.247183,-0.45011
26-Jan-2025 14:24:05.022,-0.342371,10.093954,-0.287304
26-Jan-2025 14:24:05.038,-0.371101,9.792285,-0.246603
26-Jan-2025 14:24:05.054,-0.304064,9.454702,-0.148441
26-Jan-2025 14:24:05.070,0.011971,9.244013,0.052672
26-Jan-2025 14:24:05.086,0.186748,9.461885,0.337582
26-Jan-2025 14:24:05.102,0.1652,10.014946,0.612916
26-Jan-2025 14:24:05.118,0.196325,10.745177,0.78051
26-Jan-2025 14:24:05.135,0.129287,11.262324,0.586579
26-Jan-2025 14:24:05.151,-0.059855,11.401189,0.186748
26-Jan-2025 14:24:05.167,-0.21069,11.137826,0.011971
26-Jan-2025 14:24:05.183,-0.277727,10.795456,-0.155623
26-Jan-2025 14:24:05.199,-0.533907,10.752359,-0.237026
26-Jan-2025 14:24:05.215,-0.828394,11.15698,-0.014365
26-Jan-2025 14:24:05.231,-0.806846,11.518504,0.299275
26-Jan-2025 14:24:05.247,-0.363919,11.812991,0.672771
26-Jan-2025 14:24:05.263,0.215478,12.306197,0.785298
26-Jan-2025 14:24:05.279,0.675165,12.442666,0.696713
26-Jan-2025 14:24:05.295,0.909797,11.47062,0.519542
26-Jan-2025 14:24:05.311,1.170765,9.89763,0.691924
26-Jan-2025 14:24:05.327,1.685518,8.60955,0.97444
26-Jan-2025 14:24:05.343,2.109292,7.364564,1.18513
26-Jan-2025 14:24:05.359,2.616863,6.421249,1.685518
26-Jan-2025 14:24:05.375,3.086126,5.849035,2.094927
26-Jan-2025 14:24:05.391,2.973598,6.177041,1.944092
26-Jan-2025 14:24:05.408,2.104503,7.321469,1.383849
26-Jan-2025 14:24:05.424,1.132457,9.074024,0.407014
26-Jan-2025 14:24:05.440,0.366313,10.984597,-0.220267
26-Jan-2025 14:24:05.456,-0.016759,12.789825,0.23942
26-Jan-2025 14:24:05.472,-0.153229,13.117831,0.59855
26-Jan-2025 14:24:05.488,-0.026336,11.951855,0.466869
26-Jan-2025 14:24:05.504,0.296881,10.647015,-0.064643
26-Jan-2025 14:24:05.520,0.622492,9.991004,-0.600945
26-Jan-2025 14:24:05.536,0.804452,9.684546,-0.636858
26-Jan-2025 14:24:05.552,0.914585,9.390059,-0.380678
26-Jan-2025 14:24:05.568,1.055843,8.966286,-0.134075
26-Jan-2025 14:24:05.584,1.039083,8.561666,-0.079009
26-Jan-2025 14:24:05.600,0.818817,8.348581,-0.339977
26-Jan-2025 14:24:05.616,0.694318,8.413225,-0.428562
26-Jan-2025 14:24:05.632,0.591368,8.633492,-0.550666
26-Jan-2025 14:24:05.648,0.64404,8.89446,-0.687136
26-Jan-2025 14:24:05.664,0.751779,9.169792,-0.871489
26-Jan-2025 14:24:05.680,0.778116,9.31105,-1.029507
26-Jan-2025 14:24:05.697,0.876278,9.457097,-1.130063
26-Jan-2025 14:24:05.713,0.998382,9.595961,-1.005565
26-Jan-2025 14:24:05.729,1.063026,9.780313,-0.758962
26-Jan-2025 14:24:05.745,0.909797,10.113108,-0.52433
26-Jan-2025 14:24:05.761,0.756568,10.687716,-0.316035
26-Jan-2025 14:24:05.777,0.550666,11.171345,-0.699107
26-Jan-2025 14:24:05.793,0.225055,11.57836,-1.01993
26-Jan-2025 14:24:05.809,0.385466,11.84651,-0.888249
26-Jan-2025 14:24:05.825,0.816423,11.894394,-0.873884
26-Jan-2025 14:24:05.841,0.914585,12.61026,-0.189142
26-Jan-2025 14:24:05.857,0.459687,13.831304,0.474052
26-Jan-2025 14:24:05.873,-0.258574,13.141773,-0.557849
26-Jan-2025 14:24:05.889,-0.105345,11.568783,-0.268151
26-Jan-2025 14:24:05.905,-0.081403,11.106702,1.496376
26-Jan-2025 14:24:05.921,-0.746991,11.2312,2.173935
26-Jan-2025 14:24:05.937,-1.474828,10.977415,1.513135
26-Jan-2025 14:24:05.953,-1.939303,10.292673,0.653617
26-Jan-2025 14:24:05.969,-1.956063,9.136273,0.280122
26-Jan-2025 14:24:05.986,-2.164358,7.920019,1.082179
26-Jan-2025 14:24:06.002,-2.523489,7.252037,2.042254
26-Jan-2025 14:24:06.018,-2.746149,7.120356,2.229002
26-Jan-2025 14:24:06.034,-2.509123,7.515399,1.549049
26-Jan-2025 14:24:06.050,-1.898602,8.425196,0.385466
26-Jan-2025 14:24:06.066,-0.933739,9.437943,-0.47884
26-Jan-2025 14:24:06.082,0.220267,10.031705,-0.584185
26-Jan-2025 14:24:06.098,0.383072,10.005369,0.160412
26-Jan-2025 14:24:06.114,-0.088585,9.636662,0.792481
26-Jan-2025 14:24:06.130,-0.45011,9.244013,0.679953
26-Jan-2025 14:24:06.146,-0.694318,8.942344,0.306458
26-Jan-2025 14:24:06.162,-0.912191,8.631097,-0.105345
26-Jan-2025 14:24:06.178,-1.051055,8.468291,-0.148441
26-Jan-2025 14:24:06.194,-1.041478,8.580819,0.205901
26-Jan-2025 14:24:06.210,-0.926556,8.90643,0.342371
26-Jan-2025 14:24:06.226,-0.70629,9.277532,-0.04549
26-Jan-2025 14:24:06.242,-0.488417,9.526528,-0.648829
26-Jan-2025 14:24:06.259,-0.23942,9.639056,-0.90022
26-Jan-2025 14:24:06.275,-0.035913,9.61272,-1.182736
26-Jan-2025 14:24:06.291,-0.35913,9.459491,-0.909797
26-Jan-2025 14:24:06.307,-0.186748,9.344569,-0.251391
26-Jan-2025 14:24:06.323,-0.155623,9.303867,-0.007183
26-Jan-2025 14:24:06.339,-0.172383,9.370906,0.083797
26-Jan-2025 14:24:06.355,-0.086191,9.646238,0.299275
26-Jan-2025 14:24:06.371,0.184354,10.132261,0.260968
26-Jan-2025 14:24:06.387,0.4956,10.836157,0.093374
26-Jan-2025 14:24:06.403,0.428562,11.573571,0.181959
26-Jan-2025 14:24:06.419,-0.059855,12.11466,0.04549
26-Jan-2025 14:24:06.435,-0.414197,12.555194,-0.471658
26-Jan-2025 14:24:06.451,-0.502782,12.823344,-0.823605
26-Jan-2025 14:24:06.467,-0.122104,12.435484,-0.519542
26-Jan-2025 14:24:06.483,0.742203,12.13142,0.696713
26-Jan-2025 14:24:06.499,1.163582,12.08593,0.991199
26-Jan-2025 14:24:06.515,1.371878,11.858481,0.572214
26-Jan-2025 14:24:06.532,1.316811,11.135432,0.42138
26-Jan-2025 14:24:06.548,1.323994,9.749189,0.270545
26-Jan-2025 14:24:06.564,1.173159,8.394072,0.586579
26-Jan-2025 14:24:06.580,1.285686,7.230489,1.209072
26-Jan-2025 14:24:06.596,1.70946,6.454768,1.912967
26-Jan-2025 14:24:06.612,2.049437,6.291962,2.140416
26-Jan-2025 14:24:06.628,2.152387,6.813898,1.596933
26-Jan-2025 14:24:06.644,1.630451,7.936779,0.857124
26-Jan-2025 14:24:06.660,0.92895,9.526528,0.052672
26-Jan-2025 14:24:06.676,0.323217,11.271901,-0.64404
26-Jan-2025 14:24:06.692,-0.514753,12.191275,-0.407014
26-Jan-2025 14:24:06.708,-0.849942,11.69807,0.122104
26-Jan-2025 14:24:06.724,-0.299275,10.378864,0.167594
26-Jan-2025 14:24:06.740,0.268151,9.483433,-0.102951
26-Jan-2025 14:24:06.756,0.521936,9.016563,-0.402226
26-Jan-2025 14:24:06.772,0.840365,8.836999,-0.392649
26-Jan-2025 14:24:06.788,1.012747,8.746018,-0.47884
26-Jan-2025 14:24:06.804,1.051055,8.801085,-0.47884
26-Jan-2025 14:24:06.821,1.098939,8.973468,-0.670376
26-Jan-2025 14:24:06.837,0.859518,9.255983,-0.924162
26-Jan-2025 14:24:06.853,0.428562,9.385271,-1.199495
26-Jan-2025 14:24:06.869,0.114922,9.380483,-1.374272
26-Jan-2025 14:24:06.885,-0.055067,9.258378,-1.347936
26-Jan-2025 14:24:06.901,0.009577,9.229648,-1.182736
26-Jan-2025 14:24:06.917,0.220267,9.239224,-1.18513
26-Jan-2025 14:24:06.933,0.380678,9.414001,-1.127669
26-Jan-2025 14:24:06.948,0.349553,9.634268,-1.122881
26-Jan-2025 14:24:06.965,0.215478,9.82341,-1.137246
26-Jan-2025 14:24:06.981,0.126893,10.012551,-1.084573
26-Jan-2025 14:24:06.997,0.205901,10.338163,-1.163582
26-Jan-2025 14:24:07.013,0.050278,10.788273,-1.33357
26-Jan-2025 14:24:07.029,-0.002394,11.176133,-1.723825
26-Jan-2025 14:24:07.045,-0.093374,11.456255,-1.637634
26-Jan-2025 14:24:07.061,-0.062249,11.563994,-1.666364
26-Jan-2025 14:24:07.077,-0.011971,12.090718,-1.063026
26-Jan-2025 14:24:07.093,-0.208296,13.670892,0.335188
26-Jan-2025 14:24:07.109,-0.840365,13.239936,-0.562637
26-Jan-2025 14:24:07.126,-0.936133,11.690886,-1.314417
26-Jan-2025 14:24:07.142,-0.730232,11.128249,-0.304064
26-Jan-2025 14:24:07.158,-1.223437,10.989386,1.156399
26-Jan-2025 14:24:07.174,-1.939303,10.46745,0.90022
26-Jan-2025 14:24:07.190,-2.209848,9.653421,-0.167594
26-Jan-2025 14:24:07.206,-2.358289,9.033323,-0.265756
26-Jan-2025 14:24:07.222,-2.616863,8.525752,0.703895
26-Jan-2025 14:24:07.238,-2.461239,8.238448,1.546654
26-Jan-2025 14:24:07.254,-1.836353,8.020576,1.06542
26-Jan-2025 14:24:07.270,-1.177947,8.128315,0.038307
26-Jan-2025 14:24:07.286,-0.52433,8.662222,-0.277727
26-Jan-2025 14:24:07.302,0.110133,9.588778,-0.318429
26-Jan-2025 14:24:07.318,-0.09098,10.151415,-0.227449
26-Jan-2025 14:24:07.334,-0.59855,9.933543,-0.385466
26-Jan-2025 14:24:07.350,-0.682347,9.466674,-0.483629
26-Jan-2025 14:24:07.366,-0.773327,9.097966,-0.514753
26-Jan-2025 14:24:07.382,-0.828394,9.018958,-0.502782
26-Jan-2025 14:24:07.398,-0.708684,8.973468,-0.363919
26-Jan-2025 14:24:07.415,-0.521936,8.810662,-0.308852
26-Jan-2025 14:24:07.431,-0.509965,8.662222,-0.45011
26-Jan-2025 14:24:07.447,-0.553061,8.576031,-0.447716
26-Jan-2025 14:24:07.463,-0.634463,8.63828,-0.47884
26-Jan-2025 14:24:07.479,-0.737414,8.925584,-0.653617
26-Jan-2025 14:24:07.495,-0.847547,9.41879,-0.876278
26-Jan-2025 14:24:07.511,-0.842759,9.727641,-1.122881
26-Jan-2025 14:24:07.527,-0.756568,9.720459,-1.302446
26-Jan-2025 14:24:07.543,-0.505177,9.557653,-1.156399
26-Jan-2025 14:24:07.559,-0.217872,9.303867,-0.943315
26-Jan-2025 14:24:07.575,-0.222661,9.153033,-0.787692
26-Jan-2025 14:24:07.591,-0.253785,9.308656,-0.351948
26-Jan-2025 14:24:07.607,-0.387861,9.442732,-0.397437
26-Jan-2025 14:24:07.623,-0.368707,9.734824,-0.328006
26-Jan-2025 14:24:07.639,-0.356736,10.201694,-0.253785
26-Jan-2025 14:24:07.655,-0.632069,10.465055,-0.378284
26-Jan-2025 14:24:07.671,-0.691924,10.721235,-0.416591
26-Jan-2025 14:24:07.687,-0.328006,10.99178,-0.452504
26-Jan-2025 14:24:07.704,0.217872,11.57836,-0.37589
26-Jan-2025 14:24:07.720,0.684742,12.72997,-0.196325
26-Jan-2025 14:24:07.736,0.208296,13.306973,-0.562637
26-Jan-2025 14:24:07.752,0.026336,12.98615,-0.062249
26-Jan-2025 14:24:07.768,0.380678,12.344504,0.78051
26-Jan-2025 14:24:07.784,0.366313,11.619061,0.881066
26-Jan-2025 14:24:07.800,0.306458,10.568007,0.847547
26-Jan-2025 14:24:07.816,0.42138,9.258378,0.543484
26-Jan-2025 14:24:07.832,0.347159,8.073248,-0.1652
26-Jan-2025 14:24:07.848,0.189142,7.52737,0.35913
26-Jan-2025 14:24:07.864,0.294487,7.654263,1.496376
26-Jan-2025 14:24:07.880,0.610521,8.015787,1.70946
26-Jan-2025 14:24:07.896,0.751779,8.51857,1.015141
26-Jan-2025 14:24:07.911,0.553061,9.473856,0.766145
26-Jan-2025 14:24:07.928,0.122104,10.637438,0.337582
26-Jan-2025 14:24:07.944,-0.727837,11.609484,-0.229843
26-Jan-2025 14:24:07.960,-1.84593,12.009315,-0.416591
26-Jan-2025 14:24:07.976,-2.001553,11.2312,-0.533907
26-Jan-2025 14:24:07.993,-1.074997,10.0341,-0.766145
26-Jan-2025 14:24:08.009,-0.521936,9.543288,-0.37589
26-Jan-2025 14:24:08.025,-0.337582,9.478644,-0.409408
26-Jan-2025 14:24:08.041,-0.342371,9.440337,-0.466869
26-Jan-2025 14:24:08.057,-0.208296,9.227253,-0.605733
26-Jan-2025 14:24:08.073,-0.07422,9.064447,-0.466869
26-Jan-2025 14:24:08.089,-0.098162,8.880095,-0.423774
26-Jan-2025 14:24:08.105,-0.23942,8.832211,-0.366313
26-Jan-2025 14:24:08.121,-0.380678,8.930372,-0.306458
26-Jan-2025 14:24:08.137,-0.471658,9.030929,-0.47884
26-Jan-2025 14:24:08.153,-0.462081,9.224859,-0.52433
26-Jan-2025 14:24:08.169,-0.316035,9.586384,-0.397437
26-Jan-2025 14:24:08.185,-0.016759,9.907207,-0.52433
26-Jan-2025 14:24:08.201,0.220267,10.055647,-0.751779
26-Jan-2025 14:24:08.217,0.234632,10.096349,-0.866701
26-Jan-2025 14:24:08.233,-0.057461,10.113108,-0.696713
26-Jan-2025 14:24:08.249,-0.373495,10.108319,-0.493206
26-Jan-2025 14:24:08.265,-0.586579,10.172963,-0.677559
26-Jan-2025 14:24:08.282,-0.826,10.409989,-1.103727
26-Jan-2025 14:24:08.298,-0.814029,10.81461,-1.285686
26-Jan-2025 14:24:08.314,-0.414197,11.092337,-1.091756
26-Jan-2025 14:24:08.330,-0.162806,11.118672,-0.873884
26-Jan-2025 14:24:08.346,-0.222661,11.188105,-0.138864
26-Jan-2025 14:24:08.362,-0.095768,12.066776,0.641646
26-Jan-2025 14:24:08.378,-0.129287,12.531252,-0.102951
26-Jan-2025 14:24:08.394,-1.074997,11.918336,-1.383849
26-Jan-2025 14:24:08.410,-2.164358,10.805033,-1.520318
26-Jan-2025 14:24:08.426,-2.873042,10.09156,-0.304064
26-Jan-2025 14:24:08.442,-2.913743,9.531317,0.323217
26-Jan-2025 14:24:08.458,-2.6839,9.136273,0.641646
26-Jan-2025 14:24:08.474,-2.231396,8.722076,0.962469
26-Jan-2025 14:24:08.490,-1.472434,8.037335,1.079785
26-Jan-2025 14:24:08.506,-0.828394,7.666234,1.283292
26-Jan-2025 14:24:08.522,-0.600945,7.678205,1.37906
26-Jan-2025 14:24:08.538,-0.670376,8.061277,1.012747
26-Jan-2025 14:24:08.554,-1.120486,8.578424,0.663194
26-Jan-2025 14:24:08.570,-1.836353,9.234436,0.715866
26-Jan-2025 14:24:08.587,-2.315193,9.730036,0.308852
26-Jan-2025 14:24:08.603,-2.624045,9.993398,0.071826
26-Jan-2025 14:24:08.619,-2.777274,10.151415,0.459687
26-Jan-2025 14:24:08.635,-2.782062,10.170568,0.861913
26-Jan-2025 14:24:08.651,-2.789245,10.292673,0.943315
26-Jan-2025 14:24:08.667,-2.667141,10.539276,1.046266
26-Jan-2025 14:24:08.683,-2.461239,10.529699,0.794875
26-Jan-2025 14:24:08.699,-2.300828,10.228029,0.502782
26-Jan-2025 14:24:08.715,-2.147599,9.923966,0.543484
26-Jan-2025 14:24:08.731,-1.944092,9.787497,0.584185
26-Jan-2025 14:24:08.747,-1.821988,9.940725,0.442927
26-Jan-2025 14:24:08.763,-1.881842,10.13705,0.181959
26-Jan-2025 14:24:08.779,-2.078167,10.184934,-0.095768
26-Jan-2025 14:24:08.795,-2.267309,9.835381,-0.079009
26-Jan-2025 14:24:08.811,-2.138022,9.375694,0.102951
26-Jan-2025 14:24:08.827,-2.08535,8.975863,0.512359
26-Jan-2025 14:24:08.843,-1.781286,9.062054,0.873884
26-Jan-2025 14:24:08.859,-1.84593,9.248801,0.708684
26-Jan-2025 14:24:08.876,-1.647211,9.497798,0.222661
26-Jan-2025 14:24:08.892,-1.417367,9.651027,-0.354342
26-Jan-2025 14:24:08.908,-1.285686,9.809045,-0.280122
26-Jan-2025 14:24:08.924,-1.187524,9.969456,0.138864
26-Jan-2025 14:24:08.940,-1.151611,10.093954,0.462081
26-Jan-2025 14:24:08.956,-1.242591,10.177752,0.234632
26-Jan-2025 14:24:08.972,-1.388637,10.187328,-0.275333
26-Jan-2025 14:24:08.988,-1.383849,10.0341,-0.517148
26-Jan-2025 14:24:09.004,-1.316811,9.73243,-0.342371
26-Jan-2025 14:24:09.020,-1.288081,9.548077,0.117316
26-Jan-2025 14:24:09.036,-1.527501,9.5385,0.493206
26-Jan-2025 14:24:09.052,-1.848324,9.73243,0.385466
26-Jan-2025 14:24:09.068,-1.893813,10.108319,-0.100556
26-Jan-2025 14:24:09.084,-1.376666,10.46745,-0.320823
26-Jan-2025 14:24:09.100,-0.593762,10.682928,-0.112527
26-Jan-2025 14:24:09.116,-0.079009,10.656591,0.155623
26-Jan-2025 14:24:09.132,-0.126893,10.386047,0.167594
26-Jan-2025 14:24:09.148,-0.248997,9.947908,-0.311246
26-Jan-2025 14:24:09.164,-0.196325,9.629479,-0.225055
26-Jan-2025 14:24:09.181,0.04549,9.397242,0.203507
26-Jan-2025 14:24:09.197,0.507571,8.951921,0.167594
26-Jan-2025 14:24:09.213,1.271321,8.520964,0.47884
26-Jan-2025 14:24:09.229,1.841141,8.525752,0.70629
26-Jan-2025 14:24:09.245,1.970428,9.287108,0.964863
26-Jan-2025 14:24:09.261,1.604115,10.647015,0.222661
26-Jan-2025 14:24:09.277,0.976834,11.841722,-0.440533
26-Jan-2025 14:24:09.293,0.459687,12.140997,-0.682347
26-Jan-2025 14:24:09.309,0.517148,11.324574,-0.342371
26-Jan-2025 14:24:09.325,0.806846,10.184934,-0.038307
26-Jan-2025 14:24:09.341,1.161188,9.366117,0.076614
26-Jan-2025 14:24:09.357,1.273715,9.066842,0.100556
26-Jan-2025 14:24:09.373,1.338359,9.021352,0.035913
26-Jan-2025 14:24:09.389,1.376666,9.112331,-0.131681
26-Jan-2025 14:24:09.405,1.290475,9.224859,-0.260968
26-Jan-2025 14:24:09.421,1.443704,9.222465,-0.380678
26-Jan-2025 14:24:09.437,1.692701,9.19134,-0.335188
26-Jan-2025 14:24:09.453,1.668759,9.188946,-0.186748
26-Jan-2025 14:24:09.469,1.501164,9.358934,-0.026336
26-Jan-2025 14:24:09.486,1.295263,9.572019,-0.114922
26-Jan-2025 14:24:09.502,1.417367,9.85214,-0.347159
26-Jan-2025 14:24:09.518,1.410185,9.923966,-0.651223
26-Jan-2025 14:24:09.534,1.489193,9.919178,-1.031901
26-Jan-2025 14:24:09.550,1.568202,9.995792,-0.823605
26-Jan-2025 14:24:09.566,1.699883,10.019734,-0.665588
26-Jan-2025 14:24:09.582,1.697489,10.014946,-0.397437
26-Jan-2025 14:24:09.598,1.817199,10.134656,-0.189142
26-Jan-2025 14:24:09.614,1.750161,10.532093,-0.42138
26-Jan-2025 14:24:09.630,1.493982,11.049241,-0.73502
26-Jan-2025 14:24:09.646,1.084573,11.346122,-0.849942
26-Jan-2025 14:24:09.662,0.605733,11.394006,-0.778116
26-Jan-2025 14:24:09.678,0.488417,11.51611,-0.519542
26-Jan-2025 14:24:09.694,0.225055,12.23437,0.548272
26-Jan-2025 14:24:09.710,0.052672,13.297397,0.761356
26-Jan-2025 14:24:09.726,-0.452504,13.067553,-0.620098
26-Jan-2025 14:24:09.742,-0.97444,12.138602,-0.447716
26-Jan-2025 14:24:09.758,-1.13964,11.164163,0.653617
26-Jan-2025 14:24:09.774,-1.343147,10.378864,1.592144
26-Jan-2025 14:24:09.791,-1.343147,9.991004,1.144428
26-Jan-2025 14:24:09.807,-1.661576,9.722853,-0.057461
26-Jan-2025 14:24:09.823,-2.272097,9.339781,-0.543484
26-Jan-2025 14:24:09.839,-2.815581,8.669404,-0.122104
26-Jan-2025 14:24:09.855,-2.932897,8.02297,0.806846
26-Jan-2025 14:24:09.871,-2.480393,7.659051,1.177947
26-Jan-2025 14:24:09.887,-1.685518,7.771579,0.663194
26-Jan-2025 14:24:09.903,-1.189918,8.449138,0.026336
26-Jan-2025 14:24:09.919,-0.720655,9.232041,-0.351948
26-Jan-2025 14:24:09.935,-0.409408,9.89763,-0.464475
26-Jan-2025 14:24:09.951,-0.399832,10.050858,-0.555455
26-Jan-2025 14:24:09.967,-0.656011,9.749189,-0.565032
26-Jan-2025 14:24:09.983,-1.022324,9.385271,-0.414197
26-Jan-2025 14:24:09.999,-1.429338,9.016563,-0.414197
26-Jan-2025 14:24:10.015,-1.61848,8.784326,-0.502782
26-Jan-2025 14:24:10.031,-1.465251,8.662222,-0.773327
26-Jan-2025 14:24:10.047,-1.156399,8.676587,-0.794875
26-Jan-2025 14:24:10.063,-0.768539,8.815451,-0.488417
26-Jan-2025 14:24:10.079,-0.61531,8.959103,-0.679953
26-Jan-2025 14:24:10.096,-0.715866,9.208099,-0.905008
26-Jan-2025 14:24:10.112,-0.964863,9.442732,-1.180341
26-Jan-2025 14:24:10.128,-1.132457,9.442732,-1.264138
26-Jan-2025 14:24:10.144,-1.13964,9.344569,-1.216254
26-Jan-2025 14:24:10.160,-0.950498,9.078813,-1.455675
26-Jan-2025 14:24:10.176,-1.11091,8.875306,-1.403002
26-Jan-2025 14:24:10.192,-1.201889,8.887277,-1.101333
26-Jan-2025 14:24:10.208,-1.256956,9.016563,-0.876278
26-Jan-2025 14:24:10.224,-1.242591,9.234436,-0.663194
26-Jan-2025 14:24:10.240,-1.228225,9.595961,-0.557849
26-Jan-2025 14:24:10.256,-1.192312,10.204087,-0.68953
26-Jan-2025 14:24:10.272,-1.127669,10.805033,-1.235408
26-Jan-2025 14:24:10.288,-1.036689,11.113884,-1.75495
26-Jan-2025 14:24:10.304,-0.6608,10.967838,-1.403002
26-Jan-2025 14:24:10.320,-0.430956,10.817003,-0.505177
26-Jan-2025 14:24:10.336,-0.466869,11.147403,-0.299275
26-Jan-2025 14:24:10.352,-0.593762,11.575965,-1.098939
26-Jan-2025 14:24:10.368,-0.725443,11.77229,-1.683124
26-Jan-2025 14:24:10.384,-0.550666,11.944673,-1.082179
26-Jan-2025 14:24:10.401,0,12.160151,-0.701501
26-Jan-2025 14:24:10.417,0.42138,12.042834,-0.88346
26-Jan-2025 14:24:10.433,0.787692,11.451467,-0.943315
26-Jan-2025 14:24:10.449,0.950498,10.19451,-0.636858
26-Jan-2025 14:24:10.465,0.823605,8.932767,-0.198719
26-Jan-2025 14:24:10.481,0.533907,7.960721,0.220267
26-Jan-2025 14:24:10.497,0.59855,7.292738,0.70629
26-Jan-2025 14:24:10.513,1.295263,7.005434,1.063026
26-Jan-2025 14:24:10.529,1.716643,7.335834,0.955287
26-Jan-2025 14:24:10.545,1.465251,8.468291,0.790087
26-Jan-2025 14:24:10.561,0.794875,10.120291,-0.186748
26-Jan-2025 14:24:10.577,-0.035913,11.563994,-1.434127
26-Jan-2025 14:24:10.593,-0.572214,12.282255,-1.13964
26-Jan-2025 14:24:10.609,-0.181959,11.619061,-1.053449
26-Jan-2025 14:24:10.625,0.248997,10.271125,-0.92895
26-Jan-2025 14:24:10.641,0.64404,9.433155,-0.708684
26-Jan-2025 14:24:10.657,0.581791,9.011775,-0.957681
26-Jan-2025 14:24:10.673,0.428562,8.688558,-1.115698
26-Jan-2025 14:24:10.689,0.632069,8.39886,-0.797269
26-Jan-2025 14:24:10.706,0.869095,8.207323,-0.325611
26-Jan-2025 14:24:10.722,0.878672,8.173804,0.11971
26-Jan-2025 14:24:10.738,0.667982,8.432379,-0.009577
26-Jan-2025 14:24:10.754,0.624887,8.817844,-0.88346
26-Jan-2025 14:24:10.770,0.663194,9.303867,-1.649605
26-Jan-2025 14:24:10.786,0.754174,9.888053,-1.702277
26-Jan-2025 14:24:10.802,0.902614,10.34774,-1.462857
26-Jan-2025 14:24:10.818,1.187524,10.496181,-0.991199
26-Jan-2025 14:24:10.834,1.319205,10.208876,-0.452504
26-Jan-2025 14:24:10.850,1.321599,9.89763,0.122104
26-Jan-2025 14:24:10.866,1.115698,9.80665,-0.021548
26-Jan-2025 14:24:10.882,0.787692,9.957485,-0.833182
26-Jan-2025 14:24:10.898,0.251391,10.369287,-1.21386
26-Jan-2025 14:24:10.914,-0.014365,10.912771,-0.984017
26-Jan-2025 14:24:10.930,-0.174777,12.124237,0.067038
26-Jan-2025 14:24:10.946,-0.160412,13.9151,0.184354
26-Jan-2025 14:24:10.962,-0.785298,14.302961,-0.679953
26-Jan-2025 14:24:10.978,-1.695095,12.976573,-0.246603
26-Jan-2025 14:24:10.994,-2.063802,11.621455,0.988805
26-Jan-2025 14:24:11.011,-2.487576,10.697293,1.441309
26-Jan-2025 14:24:11.027,-2.779668,10.189722,0.126893
26-Jan-2025 14:24:11.043,-2.877831,9.643845,-0.711078
26-Jan-2025 14:24:11.059,-2.717419,8.968679,0.189142
26-Jan-2025 14:24:11.075,-2.39899,8.346188,1.058237
26-Jan-2025 14:24:11.091,-2.030283,7.927202,1.125275
26-Jan-2025 14:24:11.107,-1.300052,8.032547,0.605733
26-Jan-2025 14:24:11.123,-0.380678,8.487445,-0.158017
26-Jan-2025 14:24:11.139,0.205901,9.030929,-0.670376
26-Jan-2025 14:24:11.155,0.143652,9.363723,-0.47884
26-Jan-2025 14:24:11.171,-0.383072,9.222465,-0.263362
26-Jan-2025 14:24:11.187,-0.940921,8.832211,-0.201113
26-Jan-2025 14:24:11.203,-1.072602,8.446744,-0.177171
26-Jan-2025 14:24:11.219,-0.921768,8.106767,-0.347159
26-Jan-2025 14:24:11.235,-0.924162,7.970297,-0.466869
26-Jan-2025 14:24:11.251,-1.118092,7.979874,-0.428562
26-Jan-2025 14:24:11.267,-1.060631,8.343793,-0.160412
26-Jan-2025 14:24:11.283,-1.280898,8.844181,-0.148441
26-Jan-2025 14:24:11.299,-1.352724,9.224859,-0.608127
26-Jan-2025 14:24:11.316,-1.323994,9.488221,-0.981623
26-Jan-2025 14:24:11.332,-1.553837,9.701305,-1.055843
26-Jan-2025 14:24:11.348,-1.84593,9.880871,-0.572214
26-Jan-2025 14:24:11.364,-2.020706,10.036493,0.002394
26-Jan-2025 14:24:11.380,-2.432509,10.218452,0.483629
26-Jan-2025 14:24:11.396,-2.753332,10.510546,0.948104
26-Jan-2025 14:24:11.412,-2.482787,10.613496,1.118092
26-Jan-2025 14:24:11.428,-2.116474,10.378864,0.799663
26-Jan-2025 14:24:11.444,-1.790863,10.16578,0.289698
26-Jan-2025 14:24:11.460,-1.405396,10.25676,0.416591
26-Jan-2025 14:24:11.476,-1.187524,11.15698,1.505953
26-Jan-2025 14:24:11.492,-0.826,12.117055,1.417367
26-Jan-2025 14:24:11.508,-0.574608,12.998121,0.311246
26-Jan-2025 14:24:11.524,-0.009577,13.352463,-0.28491
26-Jan-2025 14:24:11.540,0.311246,12.143391,-0.093374
26-Jan-2025 14:24:11.556,0.272939,10.579977,0.85473
26-Jan-2025 14:24:11.572,0.521936,9.485827,0.957681
26-Jan-2025 14:24:11.588,0.821211,8.662222,0.627281
26-Jan-2025 14:24:11.604,1.197101,8.240842,0.888249
26-Jan-2025 14:24:11.620,1.668759,8.231265,1.529895
26-Jan-2025 14:24:11.637,1.774103,8.441956,1.288081
26-Jan-2025 14:24:11.653,1.273715,8.767567,0.47884
26-Jan-2025 14:24:11.669,0.54109,9.32781,-0.198719
26-Jan-2025 14:24:11.685,-0.172383,9.888053,-0.02873
26-Jan-2025 14:24:11.701,-0.682347,10.357317,0.433351
26-Jan-2025 14:24:11.717,-0.943315,10.484209,0.1652
26-Jan-2025 14:24:11.733,-0.703895,10.127473,-0.428562
26-Jan-2025 14:24:11.749,-0.426168,9.667787,-0.732626
26-Jan-2025 14:24:11.765,-0.335188,9.433155,-0.694318
26-Jan-2025 14:24:11.781,-0.351948,9.337387,-0.411803
26-Jan-2025 14:24:11.797,-0.442927,9.143456,-0.217872
26-Jan-2025 14:24:11.813,-0.596156,8.868123,-0.275333
26-Jan-2025 14:24:11.829,-0.603339,8.846576,-0.181959
26-Jan-2025 14:24:11.845,-0.502782,9.078813,-0.426168
26-Jan-2025 14:24:11.861,-0.557849,9.224859,-0.991199
26-Jan-2025 14:24:11.877,-0.646434,9.217676,-1.271321
26-Jan-2025 14:24:11.893,-0.452504,9.169792,-0.938527
26-Jan-2025 14:24:11.909,-0.126893,9.052477,-0.562637
26-Jan-2025 14:24:11.925,0.031125,9.198523,-0.098162
26-Jan-2025 14:24:11.941,-0.033519,9.49301,-0.088585
26-Jan-2025 14:24:11.957,-0.636858,10.0341,-0.383072
26-Jan-2025 14:24:11.974,-0.991199,10.55843,-0.610521
26-Jan-2025 14:24:11.990,-0.919373,10.910378,-0.902614
26-Jan-2025 14:24:12.006,-0.761356,11.405977,-0.73502
26-Jan-2025 14:24:12.022,-0.955287,12.993333,0.591368
26-Jan-2025 14:24:12.038,-1.326388,14.434642,0.301669
26-Jan-2025 14:24:12.054,-2.200271,14.087482,-0.500388
26-Jan-2025 14:24:12.070,-2.928109,13.053187,0.308852
26-Jan-2025 14:24:12.086,-3.435679,12.308591,2.257732
26-Jan-2025 14:24:12.102,-3.548207,11.326968,2.169147
26-Jan-2025 14:24:12.118,-3.189077,10.232818,0.969652
26-Jan-2025 14:24:12.134,-2.947262,9.390059,0.275333
26-Jan-2025 14:24:12.150,-2.815581,8.647857,0.452504
26-Jan-2025 14:24:12.166,-2.679112,8.123527,1.522712
26-Jan-2025 14:24:12.182,-2.32477,7.690176,2.097321
26-Jan-2025 14:24:12.198,-1.867477,7.448361,1.915361
26-Jan-2025 14:24:12.214,-1.721431,7.393295,1.393425
26-Jan-2025 14:24:12.230,-1.611298,7.750031,0.957681
26-Jan-2025 14:24:12.246,-1.338359,8.465898,0.926556
26-Jan-2025 14:24:12.262,-1.051055,9.284714,0.926556
26-Jan-2025 14:24:12.278,-1.16837,9.82341,0.61531
26-Jan-2025 14:24:12.295,-1.479617,9.959879,0.292093
26-Jan-2025 14:24:12.311,-1.501164,9.821015,0.141258
26-Jan-2025 14:24:12.327,-1.611298,9.495404,0.076614
26-Jan-2025 14:24:12.343,-1.750161,9.052477,-0.07422
26-Jan-2025 14:24:12.359,-1.786075,8.53054,-0.026336
26-Jan-2025 14:24:12.375,-1.757344,8.212111,-0.047884
26-Jan-2025 14:24:12.391,-1.644817,8.271967,0.071826
26-Jan-2025 14:24:12.407,-1.436521,8.760384,-0.047884
26-Jan-2025 14:24:12.423,-1.448492,9.433155,-0.536301
26-Jan-2025 14:24:12.439,-1.47004,9.955091,-0.905008
26-Jan-2025 14:24:12.455,-1.256956,10.259154,-0.938527
26-Jan-2025 14:24:12.471,-1.161188,10.263943,-0.976834
26-Jan-2025 14:24:12.487,-1.297657,10.048465,-0.766145
26-Jan-2025 14:24:12.503,-1.352724,9.842564,-0.438139
26-Jan-2025 14:24:12.519,-1.264138,9.665392,-0.146046
26-Jan-2025 14:24:12.535,-0.933739,9.68694,0.258574
26-Jan-2025 14:24:12.551,-0.565032,10.086772,0.459687
26-Jan-2025 14:24:12.567,-0.344765,11.025299,0.172383
26-Jan-2025 14:24:12.583,-0.483629,12.46182,0.09098
26-Jan-2025 14:24:12.600,-0.54109,13.991714,0.435745
26-Jan-2025 14:24:12.616,-0.670376,14.851233,0.122104
26-Jan-2025 14:24:12.632,-1.098939,14.027628,-0.907402
26-Jan-2025 14:24:12.648,-0.586579,12.368446,-1.137246
26-Jan-2025 14:24:12.664,0.351948,10.965444,-0.402226
26-Jan-2025 14:24:12.680,0.804452,9.619903,0.385466
26-Jan-2025 14:24:12.696,0.97444,8.209718,0.849942
26-Jan-2025 14:24:12.712,1.06542,6.845023,0.921768
26-Jan-2025 14:24:12.728,1.484405,5.465962,1.005565
26-Jan-2025 14:24:12.744,2.377442,4.793192,1.570596
26-Jan-2025 14:24:12.760,3.040636,5.154716,2.207454
26-Jan-2025 14:24:12.776,3.428497,6.509834,1.766921
26-Jan-2025 14:24:12.792,3.040636,8.623915,0.150835
26-Jan-2025 14:24:12.808,2.588132,11.741165,-1.30484
26-Jan-2025 14:24:12.824,0.952892,14.020445,-0.593762
26-Jan-2025 14:24:12.840,-0.699107,13.239936,0.940921
26-Jan-2025 14:24:12.856,0.189142,10.747571,0.430956
26-Jan-2025 14:24:12.872,0.919373,9.255983,-0.258574
26-Jan-2025 14:24:12.889,1.199495,8.588001,-0.440533
26-Jan-2025 14:24:12.905,1.484405,8.329428,-0.174777
26-Jan-2025 14:24:12.921,1.56102,8.293514,-0.052672
26-Jan-2025 14:24:12.937,1.448492,8.631097,-0.088585
26-Jan-2025 14:24:12.953,1.489193,9.050082,-0.320823
26-Jan-2025 14:24:12.969,1.434127,9.26556,-0.76375
26-Jan-2025 14:24:12.985,1.381454,9.188946,-1.007959
26-Jan-2025 14:24:13.001,1.194707,8.911219,-0.677559
26-Jan-2025 14:24:13.017,0.969652,8.8777,-0.093374
26-Jan-2025 14:24:13.033,0.873884,9.188946,0.047884
26-Jan-2025 14:24:13.049,0.897826,9.856929,-0.371101
26-Jan-2025 14:24:13.065,0.80924,10.656591,-0.866701
26-Jan-2025 14:24:13.081,0.885855,11.389217,-1.072602
26-Jan-2025 14:24:13.097,1.103727,11.932701,-0.845153
26-Jan-2025 14:24:13.113,1.161188,12.13142,-0.723049
26-Jan-2025 14:24:13.129,0.869095,12.035652,-1.211466
26-Jan-2025 14:24:13.145,0.474052,11.949461,-1.233014
26-Jan-2025 14:24:13.161,0.560243,12.009315,-0.739808
26-Jan-2025 14:24:13.177,0.713472,13.175292,0.924162
26-Jan-2025 14:24:13.194,0.227449,13.464991,0.215478
26-Jan-2025 14:24:13.210,-0.124498,11.736377,-0.744597
26-Jan-2025 14:24:13.226,0.136469,10.026917,0.347159
26-Jan-2025 14:24:13.242,-0.512359,8.875306,1.42455
26-Jan-2025 14:24:13.258,-1.443704,8.420407,1.673547
26-Jan-2025 14:24:13.274,-2.049437,8.561666,1.060631
26-Jan-2025 14:24:13.290,-2.001553,8.927979,0.481235
26-Jan-2025 14:24:13.306,-1.532289,9.018958,0.526724
26-Jan-2025 14:24:13.322,-1.010353,8.76996,0.938527
26-Jan-2025 14:24:13.338,-0.667982,8.475474,1.108515
26-Jan-2025 14:24:13.354,-0.229843,8.475474,1.015141
26-Jan-2025 14:24:13.370,-0.055067,8.554482,0.811634
26-Jan-2025 14:24:13.386,-0.002394,8.678981,0.105345
26-Jan-2025 14:24:13.402,-0.251391,8.808268,-0.52433
26-Jan-2025 14:24:13.418,-0.454898,8.655039,-0.605733
26-Jan-2025 14:24:13.434,-0.509965,8.240842,-0.105345
26-Jan-2025 14:24:13.450,-0.562637,7.61835,0.304064
26-Jan-2025 14:24:13.466,-0.488417,6.782773,0.411803
26-Jan-2025 14:24:13.483,-0.270545,5.963956,0.464475
26-Jan-2025 14:24:13.499,-0.141258,5.521029,0.73502
26-Jan-2025 14:24:13.515,-0.292093,5.71496,0.802058
26-Jan-2025 14:24:13.530,-0.677559,6.299145,0.471658
26-Jan-2025 14:24:13.547,-1.067814,6.967127,-0.031125
26-Jan-2025 14:24:13.563,-1.357512,7.522582,-0.897826
26-Jan-2025 14:24:13.579,-1.778892,8.130709,-1.055843
26-Jan-2025 14:24:13.595,-1.831564,8.702923,-0.885855
26-Jan-2025 14:24:13.611,-1.386243,8.920795,-1.134852
26-Jan-2025 14:24:13.627,-1.108515,8.597578,-1.505953
26-Jan-2025 14:24:13.643,-0.940921,7.82904,-1.417367
26-Jan-2025 14:24:13.659,-1.041478,6.892907,-2.5187
26-Jan-2025 14:24:13.675,-0.972046,5.796362,-2.082955
26-Jan-2025 14:24:13.691,-0.392649,5.719748,-1.731008
26-Jan-2025 14:24:13.707,-0.407014,6.200983,-1.312023
26-Jan-2025 14:24:13.723,-0.991199,6.445191,-1.884237
26-Jan-2025 14:24:13.740,-1.477222,6.093243,-2.760514
26-Jan-2025 14:24:13.756,-1.472434,5.410896,-2.456451
26-Jan-2025 14:24:13.772,-1.367089,4.544195,-2.082955
26-Jan-2025 14:24:13.788,-1.659182,3.476381,-1.790863
26-Jan-2025 14:24:13.804,-1.841141,2.533065,-1.292869
26-Jan-2025 14:24:13.820,-1.565808,1.910573,-1.218649
26-Jan-2025 14:24:13.836,-0.802058,1.319205,-1.431733
26-Jan-2025 14:24:13.851,0.138864,0.593762,-1.685518
26-Jan-2025 14:24:13.868,1.022324,0.146046,-1.118092
26-Jan-2025 14:24:13.885,2.063802,1.388637,-0.670376
26-Jan-2025 14:24:13.901,2.252944,4.106056,0.672771
26-Jan-2025 14:24:13.917,0.47884,8.348581,8.820239
26-Jan-2025 14:24:13.933,-3.617639,14.408306,2.042254
26-Jan-2025 14:24:13.949,-9.832987,14.121001,-3.39019
26-Jan-2025 14:24:13.965,-9.088389,11.252748,-3.442862
26-Jan-2025 14:24:13.981,-2.494758,8.492233,-0.92895
26-Jan-2025 14:24:13.997,0.509965,6.766014,0.675165
26-Jan-2025 14:24:14.013,0.921768,3.232172,2.645593
26-Jan-2025 14:24:14.029,-1.175553,-1.853112,0.778116
26-Jan-2025 14:24:14.045,0.572214,-4.929661,-4.915296
26-Jan-2025 14:24:14.061,5.868188,-7.671022,-4.556166
26-Jan-2025 14:24:14.077,18.076223,-10.196905,-1.33357
26-Jan-2025 14:24:14.093,22.115242,-8.257602,6.904878
26-Jan-2025 14:24:14.110,17.683575,-2.889802,3.5099
26-Jan-2025 14:24:14.126,17.568651,7.25922,-1.108515
26-Jan-2025 14:24:14.142,11.439496,20.439301,-28.052862
26-Jan-2025 14:24:14.158,53.215919,5.453991,23.69302
26-Jan-2025 14:24:14.174,78.3311,-2.073379,23.130383
26-Jan-2025 14:24:14.190,47.074795,2.15957,3.004723
26-Jan-2025 14:24:14.206,33.142933,-2.149993,-17.506403
26-Jan-2025 14:24:14.222,27.013779,-9.947908,-11.379641
26-Jan-2025 14:24:14.238,18.327614,-12.41633,-2.868254
26-Jan-2025 14:24:14.254,8.695741,-9.339781,2.542642
26-Jan-2025 14:24:14.270,7.017405,-3.751714,9.787497
26-Jan-2025 14:24:14.286,5.985504,-0.043096,9.490616
26-Jan-2025 14:24:14.302,6.315904,1.68073,0.861913
26-Jan-2025 14:24:14.318,5.530606,1.429338,-5.29358
26-Jan-2025 14:24:14.334,3.414132,-0.490811,-3.560178
26-Jan-2025 14:24:14.350,3.660734,-2.133234,-2.463634
26-Jan-2025 14:24:14.366,5.918467,-2.037466,-2.956839
26-Jan-2025 14:24:14.382,7.740454,-2.291251,-4.402937
26-Jan-2025 14:24:14.399,8.889671,-1.819593,-3.952827
26-Jan-2025 14:24:14.415,8.532935,-1.249773,-4.525041
26-Jan-2025 14:24:14.431,7.247249,-1.740585,-5.17387
26-Jan-2025 14:24:14.447,5.183447,-2.037466,-2.379837
26-Jan-2025 14:24:14.463,4.012682,-1.702277,-0.694318
26-Jan-2025 14:24:14.479,6.619968,-2.128445,0.095768
26-Jan-2025 14:24:14.495,10.216059,-2.207454,0.713472
26-Jan-2025 14:24:14.511,12.943054,-0.814029,0.890643
26-Jan-2025 14:24:14.527,13.819332,0.852336,1.058237
26-Jan-2025 14:24:14.543,13.103466,1.204283,-0.991199
26-Jan-2025 14:24:14.559,12.648567,-0.792481,-4.668694
26-Jan-2025 14:24:14.575,12.368446,-2.111686,-2.724602
26-Jan-2025 14:24:14.591,12.703634,-3.32794,-0.581791
26-Jan-2025 14:24:14.607,12.773067,-3.44765,3.378219
26-Jan-2025 14:24:14.623,10.307038,-2.722207,3.983952
26-Jan-2025 14:24:14.639,7.682993,-1.271321,2.863465
26-Jan-2025 14:24:14.655,6.464345,-0.129287,0.993594
26-Jan-2025 14:24:14.671,6.129156,1.362301,-1.036689
26-Jan-2025 14:24:14.687,6.995857,2.291251,-3.902549
26-Jan-2025 14:24:14.704,8.779537,2.537854,-7.465121
26-Jan-2025 14:24:14.720,9.744401,1.999158,-8.992621
26-Jan-2025 14:24:14.736,10.287885,1.266533,-7.079654
26-Jan-2025 14:24:14.752,10.278308,1.060631,-2.880225
26-Jan-2025 14:24:14.768,9.524135,1.405396,2.193089
26-Jan-2025 14:24:14.784,8.659827,1.666364,4.606444
26-Jan-2025 14:24:14.800,8.465898,1.441309,2.82037
26-Jan-2025 14:24:14.816,8.655039,1.132457,-0.308852
26-Jan-2025 14:24:14.832,8.719683,0.588974,-2.437297
26-Jan-2025 14:24:14.848,8.796297,0.167594,-2.964022
26-Jan-2025 14:24:14.864,8.963891,0.126893,-2.391808
26-Jan-2025 14:24:14.880,9.239224,0.351948,-1.975216
26-Jan-2025 14:24:14.896,9.533711,0.826,-1.867477
26-Jan-2025 14:24:14.912,9.82341,1.256956,-2.075773
26-Jan-2025 14:24:14.928,10.067618,1.821988,-2.707842
26-Jan-2025 14:24:14.944,10.012551,2.343924,-3.093309
26-Jan-2025 14:24:14.960,9.811439,2.128445,-3.318364
26-Jan-2025 14:24:14.977,9.694122,1.690306,-3.078943
26-Jan-2025 14:24:14.993,9.883265,1.479617,-1.891419
26-Jan-2025 14:24:15.009,9.969456,1.381454,-1.264138
26-Jan-2025 14:24:15.025,9.469068,1.285686,-0.833182
26-Jan-2025 14:24:15.041,8.949526,1.400608,-0.787692
26-Jan-2025 14:24:15.057,8.870518,1.412579,-1.197101
26-Jan-2025 14:24:15.073,9.188946,1.237802,-1.910573
26-Jan-2025 14:24:15.089,9.543288,1.103727,-2.11408
26-Jan-2025 14:24:15.105,9.861717,1.034295,-1.956063
26-Jan-2025 14:24:15.121,9.890448,0.866701,-1.795651
26-Jan-2025 14:24:15.137,9.832987,0.665588,-1.699883
26-Jan-2025 14:24:15.153,9.648633,0.486023,-1.503559
26-Jan-2025 14:24:15.169,9.416395,0.316035,-1.434127
26-Jan-2025 14:24:15.185,9.26556,0.1652,-1.393425
26-Jan-2025 14:24:15.201,9.239224,0.021548,-1.39582
26-Jan-2025 14:24:15.217,9.25359,-0.038307,-1.551443
26-Jan-2025 14:24:15.233,9.320627,-0.050278,-1.798046
26-Jan-2025 14:24:15.250,9.392453,-0.040701,-2.061408
26-Jan-2025 14:24:15.266,9.526528,0.023942,-2.104503
26-Jan-2025 14:24:15.282,9.574412,-0.093374,-2.27928
26-Jan-2025 14:24:15.298,9.572019,-0.143652,-2.501941
26-Jan-2025 14:24:15.314,9.696517,0.107739,-2.671929
26-Jan-2025 14:24:15.330,9.77792,0.402226,-2.571373
26-Jan-2025 14:24:15.346,9.792285,0.474052,-2.346318
26-Jan-2025 14:24:15.362,9.758766,0.28491,-2.231396
26-Jan-2025 14:24:15.378,9.698911,0.031125,-1.924938
26-Jan-2025 14:24:15.394,9.804255,0.067038,-1.532289
26-Jan-2025 14:24:15.410,9.631873,0.351948,-1.493982
26-Jan-2025 14:24:15.426,9.32781,0.593762,-1.580173
26-Jan-2025 14:24:15.442,9.126697,0.663194,-1.735796
26-Jan-2025 14:24:15.458,9.275137,0.596156,-1.972822
26-Jan-2025 14:24:15.474,9.576807,0.476446,-2.075773
26-Jan-2025 14:24:15.490,9.804255,0.452504,-1.941698
26-Jan-2025 14:24:15.506,9.801862,0.500388,-1.898602
26-Jan-2025 14:24:15.523,9.679757,0.641646,-1.884237
26-Jan-2025 14:24:15.539,9.52174,0.76375,-1.884237
26-Jan-2025 14:24:15.555,9.574412,0.723049,-2.11408
26-Jan-2025 14:24:15.571,9.742006,0.543484,-2.070984
26-Jan-2025 14:24:15.587,9.758766,0.502782,-1.972822
26-Jan-2025 14:24:15.603,9.569624,0.567426,-1.910573
26-Jan-2025 14:24:15.619,9.248801,0.677559,-1.982399
26-Jan-2025 14:24:15.635,9.363723,0.639252,-1.719037
26-Jan-2025 14:24:15.651,9.648633,0.531513,-1.632846
26-Jan-2025 14:24:15.667,9.660604,0.462081,-1.716643
26-Jan-2025 14:24:15.683,9.677363,0.493206,-1.900996
26-Jan-2025 14:24:15.699,9.548077,0.588974,-2.03986
26-Jan-2025 14:24:15.715,9.572019,0.701501,-1.99437
26-Jan-2025 14:24:15.731,9.423578,0.739808,-2.027889
26-Jan-2025 14:24:15.747,9.313444,0.739808,-1.915361
26-Jan-2025 14:24:15.763,9.433155,0.636858,-1.821988
26-Jan-2025 14:24:15.779,9.682152,0.548272,-1.711854
26-Jan-2025 14:24:15.795,9.782708,0.490811,-1.838747
26-Jan-2025 14:24:15.812,9.76116,0.481235,-2.06859
26-Jan-2025 14:24:15.828,9.519346,0.459687,-2.1883
26-Jan-2025 14:24:15.844,9.392453,0.407014,-2.078167
26-Jan-2025 14:24:15.860,9.370906,0.361524,-1.889025
26-Jan-2025 14:24:15.876,9.394848,0.380678,-1.771709
26-Jan-2025 14:24:15.892,9.473856,0.337582,-1.860295
26-Jan-2025 14:24:15.908,9.667787,0.35913,-1.893813
26-Jan-2025 14:24:15.924,9.603143,0.402226,-2.059013
26-Jan-2025 14:24:15.940,9.528923,0.471658,-2.073379
26-Jan-2025 14:24:15.956,9.485827,0.521936,-2.200271
26-Jan-2025 14:24:15.972,9.514558,0.536301,-2.102109
26-Jan-2025 14:24:15.988,9.564836,0.486023,-1.99437
26-Jan-2025 14:24:16.004,9.502586,0.452504,-1.912967
26-Jan-2025 14:24:16.020,9.43076,0.500388,-1.982399
26-Jan-2025 14:24:16.036,9.382876,0.509965,-2.090138
26-Jan-2025 14:24:16.052,9.457097,0.56982,-2.080561
26-Jan-2025 14:24:16.068,9.483433,0.622492,-2.006341
26-Jan-2025 14:24:16.084,9.548077,0.658405,-2.092532
26-Jan-2025 14:24:16.101,9.600749,0.617704,-2.248155
26-Jan-2025 14:24:16.117,9.600749,0.538695,-2.178724
26-Jan-2025 14:24:16.133,9.540894,0.514753,-1.941698
26-Jan-2025 14:24:16.149,9.476251,0.581791,-1.774103
26-Jan-2025 14:24:16.165,9.425972,0.567426,-1.932121
26-Jan-2025 14:24:16.181,9.466674,0.531513,-2.13084
26-Jan-2025 14:24:16.197,9.497798,0.500388,-2.190695
26-Jan-2025 14:24:16.213,9.524135,0.481235,-2.154782
26-Jan-2025 14:24:16.229,9.555259,0.462081,-2.044648
26-Jan-2025 14:24:16.245,9.5385,0.493206,-2.006341
26-Jan-2025 14:24:16.261,9.500193,0.531513,-2.073379
26-Jan-2025 14:24:16.277,9.457097,0.507571,-2.195483
26-Jan-2025 14:24:16.293,9.473856,0.531513,-2.111686
26-Jan-2025 14:24:16.309,9.485827,0.512359,-2.087744
26-Jan-2025 14:24:16.325,9.495404,0.483629,-2.118869
26-Jan-2025 14:24:16.341,9.552865,0.416591,-2.099715
26-Jan-2025 14:24:16.357,9.579201,0.45011,-1.989582
26-Jan-2025 14:24:16.374,9.500193,0.536301,-1.860295
26-Jan-2025 14:24:16.390,9.488221,0.620098,-1.900996
26-Jan-2025 14:24:16.406,9.533711,0.632069,-2.001553
26-Jan-2025 14:24:16.422,9.660604,0.445322,-2.078167
26-Jan-2025 14:24:16.438,9.466674,0.395043,-2.269703
26-Jan-2025 14:24:16.454,9.411607,0.445322,-2.099715
26-Jan-2025 14:24:16.470,9.461885,0.363919,-1.968034
26-Jan-2025 14:24:16.486,9.442732,0.378284,-1.984793
26-Jan-2025 14:24:16.502,9.43076,0.397437,-2.008735
26-Jan-2025 14:24:16.518,9.476251,0.471658,-1.910573
26-Jan-2025 14:24:16.534,9.619903,0.553061,-1.884237
26-Jan-2025 14:24:16.550,9.698911,0.715866,-2.080561
26-Jan-2025 14:24:16.566,9.722853,0.687136,-2.303222
26-Jan-2025 14:24:16.582,9.634268,0.567426,-2.274492
26-Jan-2025 14:24:16.598,9.536105,0.442927,-1.980005
26-Jan-2025 14:24:16.614,9.411607,0.380678,-1.769315
26-Jan-2025 14:24:16.630,9.368511,0.351948,-1.807622
26-Jan-2025 14:24:16.646,9.394848,0.385466,-1.924938
26-Jan-2025 14:24:16.663,9.476251,0.418985,-1.912967
26-Jan-2025 14:24:16.679,9.560047,0.505177,-2.027889
26-Jan-2025 14:24:16.695,9.557653,0.54109,-2.145205
26-Jan-2025 14:24:16.711,9.603143,0.574608,-2.217031
26-Jan-2025 14:24:16.727,9.665392,0.512359,-2.207454
26-Jan-2025 14:24:16.743,9.631873,0.462081,-2.176329
26-Jan-2025 14:24:16.759,9.500193,0.476446,-2.176329
26-Jan-2025 14:24:16.775,9.423578,0.526724,-2.11408
26-Jan-2025 14:24:16.791,9.423578,0.459687,-2.126051
26-Jan-2025 14:24:16.807,9.459491,0.430956,-2.054225
26-Jan-2025 14:24:16.823,9.478644,0.526724,-2.037466
26-Jan-2025 14:24:16.839,9.435549,0.550666,-2.267309
26-Jan-2025 14:24:16.855,9.471462,0.548272,-2.284068
26-Jan-2025 14:24:16.871,9.528923,0.486023,-2.15957
26-Jan-2025 14:24:16.887,9.524135,0.47884,-2.051831
26-Jan-2025 14:24:16.903,9.500193,0.507571,-2.209848
26-Jan-2025 14:24:16.919,9.464279,0.488417,-2.276886
26-Jan-2025 14:24:16.935,9.483433,0.440533,-2.212242
26-Jan-2025 14:24:16.952,9.52174,0.42138,-2.061408
26-Jan-2025 14:24:16.968,9.483433,0.483629,-1.912967
26-Jan-2025 14:24:16.984,9.358934,0.610521,-2.061408
26-Jan-2025 14:24:17.000,9.43076,0.574608,-2.260126
26-Jan-2025 14:24:17.016,9.540894,0.514753,-2.305616
26-Jan-2025 14:24:17.032,9.591172,0.514753,-2.221819
26-Jan-2025 14:24:17.048,9.488221,0.545878,-2.219425
26-Jan-2025 14:24:17.064,9.41879,0.493206,-2.217031
26-Jan-2025 14:24:17.080,9.43076,0.47884,-2.149993
26-Jan-2025 14:24:17.096,9.409213,0.519542,-2.097321
26-Jan-2025 14:24:17.112,9.399636,0.557849,-2.142811
26-Jan-2025 14:24:17.128,9.471462,0.52433,-2.231396
26-Jan-2025 14:24:17.144,9.545682,0.454898,-2.315193
26-Jan-2025 14:24:17.160,9.490616,0.440533,-2.20506
26-Jan-2025 14:24:17.176,9.41879,0.493206,-2.08535
26-Jan-2025 14:24:17.192,9.406818,0.533907,-2.044648
26-Jan-2025 14:24:17.208,9.495404,0.550666,-2.001553
26-Jan-2025 14:24:17.224,9.560047,0.505177,-2.056619
26-Jan-2025 14:24:17.240,9.504981,0.500388,-2.346318
26-Jan-2025 14:24:17.257,9.543288,0.469264,-2.310405
26-Jan-2025 14:24:17.273,9.540894,0.411803,-2.176329
26-Jan-2025 14:24:17.289,9.399636,0.380678,-2.111686
26-Jan-2025 14:24:17.305,9.409213,0.452504,-2.070984
26-Jan-2025 14:24:17.321,9.449914,0.548272,-1.92015
26-Jan-2025 14:24:17.337,9.543288,0.629675,-1.977611
26-Jan-2025 14:24:17.353,9.636662,0.68953,-2.217031
26-Jan-2025 14:24:17.369,9.634268,0.682347,-2.37026
26-Jan-2025 14:24:17.385,9.588778,0.572214,-2.276886
26-Jan-2025 14:24:17.401,9.495404,0.445322,-2.020706
26-Jan-2025 14:24:17.417,9.452309,0.392649,-1.87466
26-Jan-2025 14:24:17.433,9.40203,0.411803,-1.915361
26-Jan-2025 14:24:17.449,9.339781,0.423774,-2.11408
26-Jan-2025 14:24:17.465,9.414001,0.430956,-2.202666
26-Jan-2025 14:24:17.481,9.504981,0.452504,-2.197877
26-Jan-2025 14:24:17.497,9.61272,0.474052,-2.171541
26-Jan-2025 14:24:17.513,9.598354,0.517148,-2.238579
26-Jan-2025 14:24:17.529,9.555259,0.531513,-2.202666
26-Jan-2025 14:24:17.545,9.519346,0.469264,-2.147599
26-Jan-2025 14:24:17.562,9.442732,0.507571,-2.073379
26-Jan-2025 14:24:17.578,9.461885,0.548272,-1.989582
26-Jan-2025 14:24:17.594,9.437943,0.545878,-2.097321
26-Jan-2025 14:24:17.610,9.433155,0.497994,-2.274492
26-Jan-2025 14:24:17.626,9.504981,0.435745,-2.305616
26-Jan-2025 14:24:17.642,9.533711,0.435745,-2.226608
26-Jan-2025 14:24:17.658,9.428367,0.483629,-2.217031
26-Jan-2025 14:24:17.674,9.44752,0.509965,-2.087744
26-Jan-2025 14:24:17.690,9.452309,0.521936,-2.049437
26-Jan-2025 14:24:17.706,9.533711,0.533907,-1.944092
26-Jan-2025 14:24:17.722,9.56723,0.517148,-2.111686
26-Jan-2025 14:24:17.738,9.52174,0.521936,-2.276886
26-Jan-2025 14:24:17.754,9.459491,0.490811,-2.339135
26-Jan-2025 14:24:17.770,9.471462,0.45011,-2.243367
26-Jan-2025 14:24:17.786,9.483433,0.423774,-2.121263
26-Jan-2025 14:24:17.802,9.437943,0.423774,-2.059013
26-Jan-2025 14:24:17.819,9.445126,0.45011,-2.104503
26-Jan-2025 14:24:17.835,9.485827,0.529119,-2.13084
26-Jan-2025 14:24:17.851,9.548077,0.608127,-2.190695
26-Jan-2025 14:24:17.867,9.504981,0.596156,-2.255338
26-Jan-2025 14:24:17.883,9.514558,0.521936,-2.255338
26-Jan-2025 14:24:17.899,9.524135,0.481235,-2.212242
26-Jan-2025 14:24:17.915,9.500193,0.433351,-2.152387
26-Jan-2025 14:24:17.931,9.437943,0.45011,-2.135628
26-Jan-2025 14:24:17.947,9.440337,0.471658,-2.082955
26-Jan-2025 14:24:17.963,9.49301,0.464475,-2.094927
26-Jan-2025 14:24:17.979,9.502586,0.459687,-2.13084
26-Jan-2025 14:24:17.995,9.502586,0.481235,-2.147599
26-Jan-2025 14:24:18.011,9.488221,0.54109,-2.147599
26-Jan-2025 14:24:18.027,9.466674,0.555455,-2.197877
26-Jan-2025 14:24:18.043,9.536105,0.577003,-2.149993
26-Jan-2025 14:24:18.059,9.540894,0.488417,-2.293645
26-Jan-2025 14:24:18.075,9.483433,0.438139,-2.430115
26-Jan-2025 14:24:18.091,9.399636,0.409408,-2.257732
26-Jan-2025 14:24:18.107,9.399636,0.363919,-2.126051
26-Jan-2025 14:24:18.124,9.404425,0.407014,-2.121263
26-Jan-2025 14:24:18.140,9.428367,0.557849,-1.958457
26-Jan-2025 14:24:18.155,9.41879,0.636858,-2.025495
26-Jan-2025 14:24:18.172,9.540894,0.617704,-2.248155
26-Jan-2025 14:24:18.188,9.646238,0.59855,-2.384625
26-Jan-2025 14:24:18.204,9.61272,0.596156,-2.358289
26-Jan-2025 14:24:18.220,9.514558,0.502782,-2.224213
26-Jan-2025 14:24:18.236,9.454702,0.392649,-2.06859
26-Jan-2025 14:24:18.252,9.366117,0.354342,-1.941698
26-Jan-2025 14:24:18.268,9.330204,0.392649,-1.982399
26-Jan-2025 14:24:18.284,9.368511,0.438139,-2.214637
26-Jan-2025 14:24:18.300,9.495404,0.452504,-2.375048
26-Jan-2025 14:24:18.316,9.543288,0.435745,-2.391808
26-Jan-2025 14:24:18.332,9.56723,0.435745,-2.23379
26-Jan-2025 14:24:18.348,9.576807,0.447716,-2.092532
26-Jan-2025 14:24:18.364,9.524135,0.54109,-2.027889
26-Jan-2025 14:24:18.380,9.397242,0.555455,-2.288857
26-Jan-2025 14:24:18.396,9.404425,0.545878,-2.305616
26-Jan-2025 14:24:18.413,9.524135,0.488417,-2.224213
26-Jan-2025 14:24:18.429,9.478644,0.440533,-2.15957
26-Jan-2025 14:24:18.445,9.380483,0.433351,-2.161964
26-Jan-2025 14:24:18.461,9.411607,0.474052,-2.221819
26-Jan-2025 14:24:18.476,9.459491,0.481235,-2.272097
26-Jan-2025 14:24:18.493,9.526528,0.526724,-2.152387
26-Jan-2025 14:24:18.509,9.574412,0.572214,-2.082955
26-Jan-2025 14:24:18.525,9.49301,0.550666,-2.138022
26-Jan-2025 14:24:18.541,9.504981,0.529119,-2.229002
26-Jan-2025 14:24:18.557,9.500193,0.486023,-2.32477
26-Jan-2025 14:24:18.573,9.469068,0.435745,-2.358289
26-Jan-2025 14:24:18.589,9.43076,0.356736,-2.260126
26-Jan-2025 14:24:18.605,9.421184,0.397437,-2.092532
26-Jan-2025 14:24:18.621,9.404425,0.447716,-2.11408
26-Jan-2025 14:24:18.637,9.421184,0.493206,-2.30801
26-Jan-2025 14:24:18.653,9.555259,0.497994,-2.425326
26-Jan-2025 14:24:18.669,9.583989,0.490811,-2.413355
26-Jan-2025 14:24:18.685,9.500193,0.536301,-2.346318
26-Jan-2025 14:24:18.702,9.382876,0.529119,-2.331953
26-Jan-2025 14:24:18.718,9.361329,0.464475,-2.286463
26-Jan-2025 14:24:18.734,9.399636,0.416591,-2.140416
26-Jan-2025 14:24:18.750,9.382876,0.462081,-2.111686
26-Jan-2025 14:24:18.766,9.43076,0.486023,-2.238579
26-Jan-2025 14:24:18.782,9.466674,0.481235,-2.372654
26-Jan-2025 14:24:18.798,9.495404,0.462081,-2.252944
26-Jan-2025 14:24:18.814,9.464279,0.423774,-2.149993
26-Jan-2025 14:24:18.830,9.385271,0.471658,-2.238579
26-Jan-2025 14:24:18.846,9.382876,0.517148,-2.264915
26-Jan-2025 14:24:18.862,9.476251,0.512359,-2.305616
26-Jan-2025 14:24:18.878,9.555259,0.471658,-2.288857
26-Jan-2025 14:24:18.894,9.591172,0.464475,-2.08535
26-Jan-2025 14:24:18.910,9.459491,0.466869,-2.281674
26-Jan-2025 14:24:18.926,9.41879,0.445322,-2.480393
26-Jan-2025 14:24:18.942,9.442732,0.416591,-2.243367
26-Jan-2025 14:24:18.958,9.392453,0.45011,-2.195483
26-Jan-2025 14:24:18.975,9.409213,0.454898,-2.267309
26-Jan-2025 14:24:18.991,9.519346,0.469264,-2.138022
26-Jan-2025 14:24:19.007,9.557653,0.481235,-2.078167
26-Jan-2025 14:24:19.023,9.579201,0.565032,-2.193089
26-Jan-2025 14:24:19.039,9.56723,0.651223,-2.281674
26-Jan-2025 14:24:19.055,9.483433,0.699107,-2.363077
26-Jan-2025 14:24:19.071,9.44752,0.54109,-2.291251
26-Jan-2025 14:24:19.087,9.469068,0.380678,-2.106898
26-Jan-2025 14:24:19.103,9.469068,0.306458,-2.090138
26-Jan-2025 14:24:19.119,9.416395,0.354342,-2.183512
26-Jan-2025 14:24:19.135,9.390059,0.433351,-2.296039
26-Jan-2025 14:24:19.151,9.421184,0.474052,-2.329558
26-Jan-2025 14:24:19.167,9.502586,0.466869,-2.274492
26-Jan-2025 14:24:19.183,9.516952,0.454898,-2.315193
26-Jan-2025 14:24:19.199,9.543288,0.447716,-2.418144
26-Jan-2025 14:24:19.215,9.531317,0.392649,-2.432509
26-Jan-2025 14:24:19.231,9.452309,0.35913,-2.480393
26-Jan-2025 14:24:19.247,9.342175,0.433351,-2.276886
26-Jan-2025 14:24:19.264,9.306262,0.462081,-2.264915
26-Jan-2025 14:24:19.280,9.354146,0.435745,-2.346318
26-Jan-2025 14:24:19.296,9.119514,0.414197,-2.58095
26-Jan-2025 14:24:19.312,9.433155,0.531513,-2.286463
26-Jan-2025 14:24:19.328,9.667787,0.433351,-2.272097
26-Jan-2025 14:24:19.344,9.598354,0.474052,-2.291251
26-Jan-2025 14:24:19.360,9.471462,0.567426,-2.262521
26-Jan-2025 14:24:19.376,9.397242,0.579397,-2.291251
26-Jan-2025 14:24:19.392,9.414001,0.536301,-2.346318
26-Jan-2025 14:24:19.408,9.435549,0.505177,-2.384625
26-Jan-2025 14:24:19.424,9.425972,0.40462,-2.387019
26-Jan-2025 14:24:19.440,9.43076,0.368707,-2.351106
26-Jan-2025 14:24:19.456,9.454702,0.366313,-2.327164
26-Jan-2025 14:24:19.472,9.41879,0.387861,-2.425326
26-Jan-2025 14:24:19.488,9.406818,0.411803,-2.346318
26-Jan-2025 14:24:19.504,9.423578,0.423774,-2.379837
26-Jan-2025 14:24:19.520,9.41879,0.409408,-2.482787
26-Jan-2025 14:24:19.537,9.397242,0.45011,-2.470816
26-Jan-2025 14:24:19.553,9.390059,0.454898,-2.331953
26-Jan-2025 14:24:19.569,9.449914,0.447716,-2.293645
26-Jan-2025 14:24:19.585,9.425972,0.42138,-2.329558
26-Jan-2025 14:24:19.601,9.41879,0.392649,-2.339135
26-Jan-2025 14:24:19.617,9.459491,0.366313,-2.343924
26-Jan-2025 14:24:19.633,9.483433,0.371101,-2.319981
26-Jan-2025 14:24:19.649,9.457097,0.416591,-2.430115
26-Jan-2025 14:24:19.665,9.378088,0.418985,-2.437297
26-Jan-2025 14:24:19.681,9.406818,0.409408,-2.217031
26-Jan-2025 14:24:19.697,9.435549,0.392649,-2.212242
26-Jan-2025 14:24:19.713,9.459491,0.380678,-2.410961
26-Jan-2025 14:24:19.729,9.461885,0.418985,-2.492364
26-Jan-2025 14:24:19.745,9.509769,0.454898,-2.365471
26-Jan-2025 14:24:19.761,9.519346,0.505177,-2.288857
26-Jan-2025 14:24:19.777,9.497798,0.502782,-2.269703
26-Jan-2025 14:24:19.793,9.512163,0.428562,-2.286463
26-Jan-2025 14:24:19.809,9.423578,0.316035,-2.554613
26-Jan-2025 14:24:19.826,9.423578,0.347159,-2.434903
26-Jan-2025 14:24:19.842,9.351752,0.342371,-2.276886
26-Jan-2025 14:24:19.858,9.351752,0.368707,-2.236184
26-Jan-2025 14:24:19.874,9.44752,0.395043,-2.221819
26-Jan-2025 14:24:19.890,9.500193,0.435745,-2.264915
26-Jan-2025 14:24:19.906,9.540894,0.438139,-2.37026
26-Jan-2025 14:24:19.922,9.631873,0.430956,-2.439692
26-Jan-2025 14:24:19.938,9.555259,0.430956,-2.437297
26-Jan-2025 14:24:19.954,9.435549,0.40462,-2.276886
26-Jan-2025 14:24:19.970,9.323022,0.31364,-2.207454
26-Jan-2025 14:24:19.986,9.26556,0.289698,-2.157176
26-Jan-2025 14:24:20.002,9.435549,0.258574,-2.257732
26-Jan-2025 14:24:20.018,9.572019,0.306458,-2.533065
26-Jan-2025 14:24:20.034,9.49301,0.35913,-2.906561
26-Jan-2025 14:24:20.050,9.43076,0.442927,-2.657564
26-Jan-2025 14:24:20.066,9.469068,0.447716,-2.183512
26-Jan-2025 14:24:20.082,9.313444,0.45011,-2.248155
26-Jan-2025 14:24:20.099,9.394848,0.481235,-2.372654
26-Jan-2025 14:24:20.115,9.52174,0.356736,-2.707842
26-Jan-2025 14:24:20.131,9.488221,0.28491,-2.825158
26-Jan-2025 14:24:20.147,9.502586,0.296881,-2.552219
26-Jan-2025 14:24:20.163,9.334992,0.335188,-2.252944
26-Jan-2025 14:24:20.179,9.246407,0.428562,-2.391808
26-Jan-2025 14:24:20.195,9.296685,0.440533,-2.679112
26-Jan-2025 14:24:20.211,9.41879,0.409408,-2.810793
26-Jan-2025 14:24:20.227,9.524135,0.380678,-2.516306
26-Jan-2025 14:24:20.243,9.543288,0.416591,-2.377442
26-Jan-2025 14:24:20.259,9.344569,0.445322,-2.346318
26-Jan-2025 14:24:20.275,9.263166,0.462081,-2.451663
26-Jan-2025 14:24:20.291,9.308656,0.407014,-2.583344
26-Jan-2025 14:24:20.307,9.392453,0.363919,-2.736573
26-Jan-2025 14:24:20.323,9.366117,0.354342,-2.736573
26-Jan-2025 14:24:20.339,9.258378,0.349553,-2.719813
26-Jan-2025 14:24:20.355,9.270349,0.332794,-2.643199
26-Jan-2025 14:24:20.372,9.224859,0.325611,-2.722207
26-Jan-2025 14:24:20.388,9.263166,0.335188,-2.753332
26-Jan-2025 14:24:20.404,9.323022,0.351948,-2.715025
26-Jan-2025 14:24:20.420,9.344569,0.390255,-2.652776
26-Jan-2025 14:24:20.436,9.32781,0.385466,-2.657564
26-Jan-2025 14:24:20.452,9.301474,0.35913,-2.719813
26-Jan-2025 14:24:20.468,9.277532,0.35913,-2.753332
26-Jan-2025 14:24:20.484,9.306262,0.332794,-2.779668
26-Jan-2025 14:24:20.500,9.368511,0.299275,-2.779668
26-Jan-2025 14:24:20.516,9.313444,0.328006,-2.753332
26-Jan-2025 14:24:20.532,9.299079,0.280122,-2.753332
26-Jan-2025 14:24:20.548,9.296685,0.155623,-2.650381
26-Jan-2025 14:24:20.564,9.294291,0.131681,-2.612074
26-Jan-2025 14:24:20.580,9.248801,0.205901,-2.549825
26-Jan-2025 14:24:20.596,9.28232,0.169988,-2.240973
26-Jan-2025 14:24:20.612,9.14585,0.057461,-1.707066
26-Jan-2025 14:24:20.628,9.057265,-0.205901,-1.752556
26-Jan-2025 14:24:20.645,8.813056,-0.332794,-2.066196
26-Jan-2025 14:24:20.661,8.492233,-0.387861,-3.021482
26-Jan-2025 14:24:20.677,8.825027,-0.548272,-3.751714
26-Jan-2025 14:24:20.693,9.239224,-0.744597,-4.276044
26-Jan-2025 14:24:20.709,9.765948,-0.68953,-3.639187
26-Jan-2025 14:24:20.725,9.878476,-0.064643,-2.293645
26-Jan-2025 14:24:20.741,9.710882,0.562637,-1.582567
26-Jan-2025 14:24:20.757,10.053253,1.158794,-1.158794
26-Jan-2025 14:24:20.773,10.307038,1.343147,-1.283292
26-Jan-2025 14:24:20.789,10.184934,1.637634,-1.572991
26-Jan-2025 14:24:20.805,9.720459,1.915361,-1.929727
26-Jan-2025 14:24:20.821,9.469068,1.891419,-2.413355
26-Jan-2025 14:24:20.837,9.330204,1.489193,-2.628834
26-Jan-2025 14:24:20.853,9.540894,1.132457,-1.941698
26-Jan-2025 14:24:20.869,9.691729,0.531513,-1.750161
26-Jan-2025 14:24:20.885,9.433155,0.071826,-1.630451
26-Jan-2025 14:24:20.901,9.224859,-0.117316,-1.21386
26-Jan-2025 14:24:20.917,9.126697,0.019154,-1.527501
26-Jan-2025 14:24:20.933,9.409213,0.339977,-2.140416
26-Jan-2025 14:24:20.950,10.09156,0.600945,-2.434903
26-Jan-2025 14:24:20.966,10.70687,0.756568,-2.121263
26-Jan-2025 14:24:20.982,10.656591,0.931344,-1.927332
26-Jan-2025 14:24:20.998,10.098742,1.036689,-1.747767
26-Jan-2025 14:24:21.014,9.560047,0.857124,-1.611298
26-Jan-2025 14:24:21.030,9.361329,0.572214,-1.584962
26-Jan-2025 14:24:21.046,9.062054,0.392649,-1.836353
26-Jan-2025 14:24:21.062,8.820239,0.263362,-2.099715
26-Jan-2025 14:24:21.078,8.975863,-0.057461,-2.612074
26-Jan-2025 14:24:21.094,9.184157,-0.088585,-2.743755
26-Jan-2025 14:24:21.110,9.399636,0.069432,-2.367866
26-Jan-2025 14:24:21.126,9.5385,0.304064,-2.03986
26-Jan-2025 14:24:21.142,9.564836,0.521936,-2.06859
26-Jan-2025 14:24:21.158,9.672575,0.629675,-2.197877
26-Jan-2025 14:24:21.174,9.957485,0.550666,-2.451663
26-Jan-2025 14:24:21.190,9.878476,0.395043,-2.810793
26-Jan-2025 14:24:21.207,9.3733,0.37589,-2.920926
26-Jan-2025 14:24:21.223,8.834604,0.433351,-2.899378
26-Jan-2025 14:24:21.239,8.705317,0.52433,-2.616863
26-Jan-2025 14:24:21.255,8.693346,0.361524,-2.257732
26-Jan-2025 14:24:21.271,9.112331,0.038307,-2.300828
26-Jan-2025 14:24:21.287,9.607931,-0.186748,-2.681506
26-Jan-2025 14:24:21.303,9.67018,0,-2.650381
26-Jan-2025 14:24:21.319,9.43076,0.220267,-2.281674
26-Jan-2025 14:24:21.335,9.471462,0.474052,-2.123657
26-Jan-2025 14:24:21.351,9.457097,0.581791,-2.458845
26-Jan-2025 14:24:21.367,9.524135,0.608127,-3.004723
26-Jan-2025 14:24:21.383,9.569624,0.61531,-3.354277
26-Jan-2025 14:24:21.399,9.476251,0.672771,-3.191471
26-Jan-2025 14:24:21.415,9.210494,0.76375,-2.566584
26-Jan-2025 14:24:21.431,9.188946,0.742203,-2.145205
26-Jan-2025 14:24:21.447,9.16261,0.356736,-2.339135
26-Jan-2025 14:24:21.463,9.267955,0.337582,-2.703054
26-Jan-2025 14:24:21.479,9.332599,0.325611,-2.985569
26-Jan-2025 14:24:21.496,9.330204,0.351948,-3.007117
26-Jan-2025 14:24:21.512,9.375694,0.397437,-2.808398
26-Jan-2025 14:24:21.528,9.332599,0.378284,-2.686294
26-Jan-2025 14:24:21.544,9.203311,0.371101,-2.786851
26-Jan-2025 14:24:21.560,9.277532,0.282516,-3.0143
26-Jan-2025 14:24:21.576,9.394848,0.356736,-3.05979
26-Jan-2025 14:24:21.592,9.397242,0.497994,-2.906561
26-Jan-2025 14:24:21.608,9.409213,0.591368,-2.686294
26-Jan-2025 14:24:21.624,9.509769,0.59855,-2.351106
26-Jan-2025 14:24:21.640,9.579201,0.493206,-2.200271
26-Jan-2025 14:24:21.656,9.603143,0.416591,-2.286463
26-Jan-2025 14:24:21.672,9.665392,0.351948,-2.552219
26-Jan-2025 14:24:21.688,9.94312,0.469264,-2.899378
26-Jan-2025 14:24:21.704,10.18254,0.742203,-2.978387
26-Jan-2025 14:24:21.720,10.615891,0.988805,-2.753332
26-Jan-2025 14:24:21.736,10.955867,1.120486,-2.238579
26-Jan-2025 14:24:21.752,10.984597,0.926556,-2.511518
26-Jan-2025 14:24:21.768,10.740389,0.40462,-2.600103
26-Jan-2025 14:24:21.785,10.146626,-0.083797,-2.798822
26-Jan-2025 14:24:21.801,9.682152,-0.433351,-3.371036
26-Jan-2025 14:24:21.817,9.246407,-0.85473,-3.280056
26-Jan-2025 14:24:21.833,9.107543,-1.383849,-3.0143
26-Jan-2025 14:24:21.849,9.009381,-1.707066,-3.112462
26-Jan-2025 14:24:21.865,8.599973,-1.702277,-3.150769
26-Jan-2025 14:24:21.881,7.891289,-1.479617,-3.667917
26-Jan-2025 14:24:21.897,7.790732,-1.582567,-4.194642
26-Jan-2025 14:24:21.913,7.934384,-1.685518,-5.188235
26-Jan-2025 14:24:21.929,7.795521,-1.623269,-5.849035
26-Jan-2025 14:24:21.945,7.405266,-1.414973,-5.74369
26-Jan-2025 14:24:21.961,6.933608,-1.218649,-5.11162
26-Jan-2025 14:24:21.977,6.512228,-0.94571,-4.450821
26-Jan-2025 14:24:21.993,6.588843,-0.670376,-5.382165
26-Jan-2025 14:24:22.009,6.914454,-0.529119,-6.418855
26-Jan-2025 14:24:22.025,7.36217,-0.620098,-6.526594
26-Jan-2025 14:24:22.041,7.383718,-0.754174,-6.703765
26-Jan-2025 14:24:22.058,7.007828,-0.656011,-6.397307
26-Jan-2025 14:24:22.074,6.311116,-0.634463,-6.658275
26-Jan-2025 14:24:22.090,5.638345,-0.912191,-7.331046
26-Jan-2025 14:24:22.106,5.327099,-1.405396,-8.010999
26-Jan-2025 14:24:22.122,5.533,-1.412579,-8.188169
26-Jan-2025 14:24:22.138,5.676652,-2.020706,-8.054094
26-Jan-2025 14:24:22.154,5.600038,-1.855506,-8.066066
26-Jan-2025 14:24:22.170,4.8722,-1.630451,-8.774749
26-Jan-2025 14:24:22.186,3.854665,-1.338359,-8.580819
26-Jan-2025 14:24:22.202,3.196259,-1.142034,-8.700529
26-Jan-2025 14:24:22.218,3.145981,-1.089362,-8.544906
26-Jan-2025 14:24:22.234,3.766079,-1.180341,-8.149862
26-Jan-2025 14:24:22.250,4.338294,-1.264138,-9.062054
26-Jan-2025 14:24:22.266,4.592079,-1.024718,-8.834604
26-Jan-2025 14:24:22.282,4.893748,-0.610521,-8.645462
26-Jan-2025 14:24:22.299,5.279215,-0.213084,-8.623915
26-Jan-2025 14:24:22.315,5.609614,0.263362,-8.815451
26-Jan-2025 14:24:22.331,5.734113,0.600945,-8.286332
26-Jan-2025 14:24:22.347,5.50427,0.902614,-8.154651
26-Jan-2025 14:24:22.363,5.238513,1.122881,-7.510611
26-Jan-2025 14:24:22.379,5.133168,1.314417,-7.053318
26-Jan-2025 14:24:22.395,5.449203,1.465251,-7.189788
26-Jan-2025 14:24:22.411,6.26802,1.843535,-6.416461
26-Jan-2025 14:24:22.427,7.050924,2.231396,-6.445191
26-Jan-2025 14:24:22.443,7.419631,2.379837,-7.249643
26-Jan-2025 14:24:22.459,7.682993,2.434903,-6.794744
26-Jan-2025 14:24:22.475,7.771579,2.281674,-6.730101
26-Jan-2025 14:24:22.491,7.951144,2.015918,-6.797139
26-Jan-2025 14:24:22.507,7.910442,1.893813,-6.004658
26-Jan-2025 14:24:22.523,7.745243,1.728614,-5.990293
26-Jan-2025 14:24:22.539,7.891289,1.374272,-6.696582
26-Jan-2025 14:24:22.556,7.821857,1.280898,-6.627151
26-Jan-2025 14:24:22.572,7.584831,1.479617,-6.110003
26-Jan-2025 14:24:22.588,7.716512,1.781286,-5.868188
26-Jan-2025 14:24:22.604,8.075643,2.0231,-5.62398
26-Jan-2025 14:24:22.620,8.647857,2.25055,-5.872977
26-Jan-2025 14:24:22.636,9.248801,2.540248,-6.212954
26-Jan-2025 14:24:22.652,9.557653,3.047819,-6.16507
26-Jan-2025 14:24:22.668,9.560047,3.44765,-5.992687
26-Jan-2025 14:24:22.684,9.143456,3.804387,-5.571307
26-Jan-2025 14:24:22.700,8.513782,3.998317,-5.382165
26-Jan-2025 14:24:22.716,8.027759,4.070143,-5.334281
26-Jan-2025 14:24:22.732,7.580042,3.711013,-5.157111
26-Jan-2025 14:24:22.748,7.352593,4.316746,-4.778827
26-Jan-2025 14:24:22.764,7.127539,4.388572,-4.307169
26-Jan-2025 14:24:22.780,7.539341,4.481946,-3.359065
26-Jan-2025 14:24:22.796,7.072472,4.118027,-2.059013
26-Jan-2025 14:24:22.812,6.766014,4.402937,-1.448492
26-Jan-2025 14:24:22.829,6.959944,5.166687,-1.307234
26-Jan-2025 14:24:22.845,6.818686,5.513846,-2.221819
26-Jan-2025 14:24:22.861,6.181829,5.41329,-3.785233
26-Jan-2025 14:24:22.877,6.212954,5.643134,-3.881001
26-Jan-2025 14:24:22.893,7.216124,5.932832,-3.002329
26-Jan-2025 14:24:22.909,7.309498,6.042965,-1.802834
26-Jan-2025 14:24:22.925,7.410054,5.41329,-0.600945
26-Jan-2025 14:24:22.941,7.345411,5.66947,0.845153
26-Jan-2025 14:24:22.957,7.989451,5.463568,-0.459687
26-Jan-2025 14:24:22.973,8.377312,4.675876,-2.901772
26-Jan-2025 14:24:22.989,8.145074,4.297592,-5.068525
26-Jan-2025 14:24:23.005,7.699753,4.580108,-4.960786
26-Jan-2025 14:24:23.021,7.486669,5.068525,-3.758897
26-Jan-2025 14:24:23.037,7.206547,5.24809,-2.664747
26-Jan-2025 14:24:23.053,7.120356,5.255273,-2.11408
26-Jan-2025 14:24:23.069,6.964733,5.916072,-1.764527
26-Jan-2025 14:24:23.086,6.615179,6.502652,-1.546654
26-Jan-2025 14:24:23.102,6.744466,6.282385,-1.731008
26-Jan-2025 14:24:23.118,6.916849,5.841852,-1.47004
26-Jan-2025 14:24:23.134,7.010222,5.990293,-0.97444
26-Jan-2025 14:24:23.150,7.235278,6.500257,-0.509965
26-Jan-2025 14:24:23.166,7.73806,6.897695,-0.150835
26-Jan-2025 14:24:23.182,7.841011,6.943185,-0.246603
26-Jan-2025 14:24:23.198,7.369353,6.76362,-0.579397
26-Jan-2025 14:24:23.214,7.240066,6.665458,-0.677559
26-Jan-2025 14:24:23.230,7.577648,6.411672,-0.59855
26-Jan-2025 14:24:23.246,7.910442,6.229713,-0.608127
26-Jan-2025 14:24:23.262,8.185776,6.706159,-0.902614
26-Jan-2025 14:24:23.278,7.570466,6.974309,-0.861913
26-Jan-2025 14:24:23.294,6.569689,6.859388,-0.323217
26-Jan-2025 14:24:23.310,5.480328,7.094019,4.505888
26-Jan-2025 14:24:23.326,7.309498,6.722919,2.916138
26-Jan-2025 14:24:23.342,7.49864,6.062119,1.541866
26-Jan-2025 14:24:23.359,6.936002,6.768408,1.747767
26-Jan-2025 14:24:23.375,6.483498,7.184999,0.761356
26-Jan-2025 14:24:23.391,5.999869,7.836222,0.399832
26-Jan-2025 14:24:23.407,5.870583,7.982268,0.265756
26-Jan-2025 14:24:23.423,5.767632,7.946355,-0.268151
26-Jan-2025 14:24:23.439,5.647922,8.171411,-0.715866
26-Jan-2025 14:24:23.455,6.550536,8.082825,-0.107739
26-Jan-2025 14:24:23.471,7.216124,7.690176,0.574608
26-Jan-2025 14:24:23.487,6.698977,7.764396,1.192312
26-Jan-2025 14:24:23.503,5.889736,7.819463,0.984017
26-Jan-2025 14:24:23.519,5.358223,8.130709,0.663194
26-Jan-2025 14:24:23.535,4.967968,8.439561,0.229843
26-Jan-2025 14:24:23.551,5.020641,8.532935,0.768539
26-Jan-2025 14:24:23.567,5.044583,8.602366,2.116474
26-Jan-2025 14:24:23.583,5.38456,8.815451,3.035848
26-Jan-2025 14:24:23.598,5.726931,8.475474,2.870648
26-Jan-2025 14:24:23.616,5.094861,8.188169,1.666364
26-Jan-2025 14:24:23.632,3.667917,8.058883,0.960075
26-Jan-2025 14:24:23.648,2.844312,7.532158,0.486023
26-Jan-2025 14:24:23.664,3.442862,6.921637,0.691924
26-Jan-2025 14:24:23.680,2.829947,8.025364,2.822764
26-Jan-2025 14:24:23.696,1.666364,9.437943,5.604826
26-Jan-2025 14:24:23.712,1.510741,9.696517,6.524199
26-Jan-2025 14:24:23.728,2.269703,8.755595,5.3678
26-Jan-2025 14:24:23.744,2.267309,7.833828,3.713407
26-Jan-2025 14:24:23.760,2.410961,7.532158,2.434903
26-Jan-2025 14:24:23.776,2.616863,7.936779,2.5187
26-Jan-2025 14:24:23.792,1.678335,8.815451,4.584896
26-Jan-2025 14:24:23.808,0.924162,8.47308,4.493917
26-Jan-2025 14:24:23.824,0.639252,8.219295,4.204218
26-Jan-2025 14:24:23.840,0.493206,8.061277,4.115633
26-Jan-2025 14:24:23.856,0.861913,8.231265,4.118027
26-Jan-2025 14:24:23.872,1.211466,8.678981,4.441244
26-Jan-2025 14:24:23.889,0.792481,8.686164,4.671088
26-Jan-2025 14:24:23.905,0.354342,8.458714,4.893748
26-Jan-2025 14:24:23.921,-0.021548,8.279149,5.374983
26-Jan-2025 14:24:23.937,-0.280122,7.955932,5.837064
26-Jan-2025 14:24:23.953,-0.23942,7.747637,5.966351
26-Jan-2025 14:24:23.969,0.430956,7.706935,6.476315
26-Jan-2025 14:24:23.985,1.156399,8.034941,7.967903
26-Jan-2025 14:24:24.001,2.102109,8.049306,8.161834
26-Jan-2025 14:24:24.017,2.109292,8.35337,7.110779
26-Jan-2025 14:24:24.033,2.109292,8.748413,6.019023
26-Jan-2025 14:24:24.049,2.901772,8.779537,5.365406
26-Jan-2025 14:24:24.065,3.342306,8.597578,7.043741
26-Jan-2025 14:24:24.081,3.655946,8.042124,7.850587
26-Jan-2025 14:24:24.097,2.406173,8.02297,6.473921
26-Jan-2025 14:24:24.113,0.368707,8.698134,6.272809
26-Jan-2025 14:24:24.129,-1.656788,9.804255,7.402872
26-Jan-2025 14:24:24.145,0.679953,10.393229,7.455544
26-Jan-2025 14:24:24.162,5.920861,10.924743,6.315904
26-Jan-2025 14:24:24.178,6.98628,9.902418,5.023035
26-Jan-2025 14:24:24.194,3.459621,8.109161,6.088455
26-Jan-2025 14:24:24.210,-0.665588,7.338228,8.073248
26-Jan-2025 14:24:24.226,-2.317587,7.690176,8.286332
26-Jan-2025 14:24:24.242,-1.771709,8.190564,7.28795
26-Jan-2025 14:24:24.258,-1.570596,8.827422,7.28795
26-Jan-2025 14:24:24.274,-2.061408,9.64145,7.838616
26-Jan-2025 14:24:24.290,-1.086968,9.624691,6.682217
26-Jan-2025 14:24:24.306,0.986411,9.44752,6.916849
26-Jan-2025 14:24:24.322,1.841141,9.246407,6.01184
26-Jan-2025 14:24:24.338,1.711854,9.105149,7.04853
26-Jan-2025 14:24:24.354,0.924162,8.157045,7.402872
26-Jan-2025 14:24:24.370,0.586579,7.623138,7.654263
26-Jan-2025 14:24:24.386,1.13964,7.16824,6.43322
26-Jan-2025 14:24:24.402,1.651999,6.983886,6.694188
26-Jan-2025 14:24:24.419,2.169147,6.845023,6.117185
26-Jan-2025 14:24:24.435,2.798822,7.247249,5.901707
26-Jan-2025 14:24:24.451,5.355829,8.300697,5.418078
26-Jan-2025 14:24:24.467,6.694188,8.384495,4.546589
26-Jan-2025 14:24:24.483,6.320693,7.268796,4.84347
26-Jan-2025 14:24:24.499,5.331887,5.312734,4.927267
26-Jan-2025 14:24:24.515,3.648763,4.039018,4.929661
26-Jan-2025 14:24:24.531,3.785233,3.545813,6.23929
26-Jan-2025 14:24:24.547,4.362236,3.342306,5.844246
26-Jan-2025 14:24:24.563,6.327875,2.964022,5.791574
26-Jan-2025 14:24:24.579,7.388506,3.10528,5.063736
26-Jan-2025 14:24:24.595,8.169016,3.397372,5.90889
26-Jan-2025 14:24:24.611,7.192182,2.607286,5.183447
26-Jan-2025 14:24:24.627,6.169858,3.332729,5.839458
26-Jan-2025 14:24:24.643,5.803545,3.667917,7.261614
26-Jan-2025 14:24:24.659,7.37893,3.505111,7.594408
26-Jan-2025 14:24:24.675,8.889671,2.449268,7.862558
26-Jan-2025 14:24:24.692,8.973468,2.011129,7.972692
26-Jan-2025 14:24:24.708,9.651027,2.77488,8.231265
26-Jan-2025 14:24:24.724,9.212888,4.115633,8.896853
26-Jan-2025 14:24:24.740,9.655815,3.938462,9.143456
26-Jan-2025 14:24:24.756,8.434772,3.505111,9.749189
26-Jan-2025 14:24:24.772,7.309498,3.347094,9.837775
26-Jan-2025 14:24:24.788,5.612009,3.713407,10.386047
26-Jan-2025 14:24:24.804,4.582502,3.849876,10.213664
26-Jan-2025 14:24:24.820,5.408502,3.756502,9.931149
26-Jan-2025 14:24:24.836,5.870583,3.74932,10.060435
26-Jan-2025 14:24:24.852,6.574478,3.174711,9.950302
26-Jan-2025 14:24:24.868,6.347029,3.143587,8.935161
26-Jan-2025 14:24:24.884,5.963956,3.038242,9.315839
26-Jan-2025 14:24:24.900,5.552154,2.698265,9.679757
26-Jan-2025 14:24:24.916,4.876989,2.595315,9.56723
26-Jan-2025 14:24:24.932,5.166687,2.322376,9.557653
26-Jan-2025 14:24:24.948,5.224148,2.360683,9.344569
26-Jan-2025 14:24:24.965,4.661511,2.528277,9.215282
26-Jan-2025 14:24:24.981,4.149151,2.698265,9.131485
26-Jan-2025 14:24:24.997,4.620809,2.772485,9.864111
26-Jan-2025 14:24:25.013,4.733337,2.918532,9.624691
26-Jan-2025 14:24:25.029,4.63278,3.078943,9.44752
26-Jan-2025 14:24:25.045,5.080496,3.052607,9.224859
26-Jan-2025 14:24:25.061,4.766856,3.248932,8.456321
26-Jan-2025 14:24:25.077,3.96001,3.234566,7.718906
26-Jan-2025 14:24:25.093,3.660734,3.292027,7.78355
26-Jan-2025 14:24:25.109,3.483563,3.198653,7.958326
26-Jan-2025 14:24:25.125,3.82354,2.887407,7.929596
26-Jan-2025 14:24:25.141,4.127604,2.647987,8.149862
26-Jan-2025 14:24:25.157,3.651158,2.904167,8.164227
26-Jan-2025 14:24:25.173,3.485958,2.624045,7.630321
26-Jan-2025 14:24:25.189,3.236961,2.753332,7.721301
26-Jan-2025 14:24:25.205,2.726996,2.942474,7.125144
26-Jan-2025 14:24:25.221,2.626439,3.117251,6.828263
26-Jan-2025 14:24:25.238,2.679112,3.536236,6.682217
26-Jan-2025 14:24:25.254,2.691083,4.194642,7.551312
26-Jan-2025 14:24:25.270,3.081338,4.493917,8.128315
26-Jan-2025 14:24:25.286,4.053383,4.644751,9.639056
26-Jan-2025 14:24:25.302,4.611232,4.690241,9.842564
26-Jan-2025 14:24:25.318,3.859453,4.900931,9.196129
26-Jan-2025 14:24:25.334,3.564966,4.99191,7.860164
26-Jan-2025 14:24:25.350,3.332729,5.145139,6.842628
26-Jan-2025 14:24:25.366,3.529053,5.358223,5.60722
26-Jan-2025 14:24:25.382,3.325546,5.746084,4.367024
26-Jan-2025 14:24:25.398,3.10528,6.169858,3.816358
26-Jan-2025 14:24:25.414,3.53863,6.557718,4.194642
26-Jan-2025 14:24:25.430,2.516306,6.488286,3.10528
26-Jan-2025 14:24:25.446,1.764527,6.457162,3.632004
26-Jan-2025 14:24:25.462,1.704672,6.385336,4.764462
26-Jan-2025 14:24:25.478,1.271321,6.392519,4.747702
26-Jan-2025 14:24:25.494,1.108515,6.564901,4.350265
26-Jan-2025 14:24:25.511,1.268927,6.782773,3.677494
26-Jan-2025 14:24:25.527,1.374272,7.163452,3.1795
26-Jan-2025 14:24:25.543,1.584962,7.819463,2.808398
26-Jan-2025 14:24:25.559,0.897826,8.985439,3.289633
26-Jan-2025 14:24:25.575,1.620875,9.150639,2.978387
26-Jan-2025 14:24:25.591,2.257732,8.463503,2.566584
26-Jan-2025 14:24:25.607,1.790863,7.958326,2.173935
26-Jan-2025 14:24:25.623,0.682347,7.503428,1.37906
26-Jan-2025 14:24:25.639,1.120486,7.479486,1.697489
26-Jan-2025 14:24:25.655,1.821988,7.802703,1.771709
26-Jan-2025 14:24:25.671,1.403002,8.23366,1.074997
26-Jan-2025 14:24:25.687,0.833182,8.774749,0.304064
26-Jan-2025 14:24:25.703,0.629675,9.129091,0.634463
26-Jan-2025 14:24:25.719,1.13964,9.414001,0.914585
26-Jan-2025 14:24:25.735,0.70629,9.615114,0.407014
26-Jan-2025 14:24:25.751,0.306458,9.979033,0.102951
26-Jan-2025 14:24:25.767,0.23942,10.172963,0.270545
26-Jan-2025 14:24:25.784,0.076614,9.938332,0.361524
26-Jan-2025 14:24:25.800,-0.033519,9.332599,-0.011971
26-Jan-2025 14:24:25.816,0.196325,8.678981,-0.708684
26-Jan-2025 14:24:25.832,0.574608,8.133103,-0.502782
26-Jan-2025 14:24:25.848,0.694318,8.015787,-0.416591
26-Jan-2025 14:24:25.864,0.596156,8.525752,-0.797269
26-Jan-2025 14:24:25.880,0.153229,9.186552,-1.30484
26-Jan-2025 14:24:25.896,-0.052672,9.636662,-1.074997
26-Jan-2025 14:24:25.912,-0.196325,9.68694,-0.921768
26-Jan-2025 14:24:25.928,0.011971,9.414001,-0.976834
26-Jan-2025 14:24:25.944,0.287304,9.083601,-1.21386
26-Jan-2025 14:24:25.960,0.344765,8.765172,-1.455675
26-Jan-2025 14:24:25.976,0.464475,8.494628,-1.031901
26-Jan-2025 14:24:25.992,0.749385,8.429984,-0.486023
26-Jan-2025 14:24:26.008,1.043872,8.434772,-0.466869
26-Jan-2025 14:24:26.025,0.670376,8.647857,-1.565808
26-Jan-2025 14:24:26.041,0.464475,9.150639,-1.716643
26-Jan-2025 14:24:26.057,0.828394,9.854534,-1.031901
26-Jan-2025 14:24:26.073,0.924162,10.876859,-1.443704
26-Jan-2025 14:24:26.089,1.151611,11.401189,-1.130063
26-Jan-2025 14:24:26.105,1.343147,11.173739,-0.395043
26-Jan-2025 14:24:26.121,0.486023,11.051635,-1.158794
26-Jan-2025 14:24:26.137,-0.612916,11.326968,-1.558625
26-Jan-2025 14:24:26.153,-1.321599,11.329363,-1.070208
26-Jan-2025 14:24:26.169,-1.134852,10.453085,-0.61531
26-Jan-2025 14:24:26.185,-0.73502,9.440337,0.047884
26-Jan-2025 14:24:26.201,0.095768,8.499416,-0.442927
26-Jan-2025 14:24:26.217,-0.847547,8.676587,-1.374272
26-Jan-2025 14:24:26.233,-1.30484,8.331821,-0.203507
26-Jan-2025 14:24:26.249,-0.852336,8.063671,-0.979228
26-Jan-2025 14:24:26.265,-0.629675,8.339005,-0.596156
26-Jan-2025 14:24:26.281,-0.47884,8.585608,-0.837971
26-Jan-2025 14:24:26.297,-1.027112,9.069236,-1.103727
26-Jan-2025 14:24:26.314,-1.405396,9.531317,-1.410185
26-Jan-2025 14:24:26.330,-1.290475,9.600749,-1.158794
26-Jan-2025 14:24:26.346,-1.285686,9.44752,-1.980005
26-Jan-2025 14:24:26.362,0.37589,9.411607,-1.505953
26-Jan-2025 14:24:26.378,-0.90022,10.055647,-1.465251
26-Jan-2025 14:24:26.394,-1.369483,10.577583,-0.476446
26-Jan-2025 14:24:26.410,-0.229843,10.579977,-0.351948
26-Jan-2025 14:24:26.426,-0.301669,10.436325,-0.972046
26-Jan-2025 14:24:26.442,-1.422156,10.642226,-0.967257
26-Jan-2025 14:24:26.458,-1.714248,10.491392,-1.024718
26-Jan-2025 14:24:26.474,-2.612074,10.163386,0.035913
26-Jan-2025 14:24:26.490,-1.766921,10.096349,-0.09098
26-Jan-2025 14:24:26.506,-1.934515,10.498574,-0.275333
26-Jan-2025 14:24:26.522,-1.374272,10.840945,-1.771709
26-Jan-2025 14:24:26.538,-1.015141,10.977415,-0.773327
26-Jan-2025 14:24:26.554,-1.031901,11.51611,2.044648
26-Jan-2025 14:24:26.570,-1.774103,12.389994,1.769315
26-Jan-2025 14:24:26.587,-2.547431,12.397177,0.998382
26-Jan-2025 14:24:26.603,-2.504335,11.882423,0.931344
26-Jan-2025 14:24:26.619,-2.420538,11.621455,1.553837
26-Jan-2025 14:24:26.635,-2.827552,11.604695,2.300828
26-Jan-2025 14:24:26.651,-2.410961,10.821792,1.173159
26-Jan-2025 14:24:26.667,-2.104503,10.113108,0.545878
26-Jan-2025 14:24:26.683,-1.63524,9.363723,1.898602
26-Jan-2025 14:24:26.699,-1.786075,8.734048,3.665523
26-Jan-2025 14:24:26.715,-2.202666,8.693346,3.471592
26-Jan-2025 14:24:26.731,-2.928109,8.554482,3.545813
26-Jan-2025 14:24:26.747,-3.308787,7.81228,1.429338
26-Jan-2025 14:24:26.763,-3.89776,7.939173,0.943315
26-Jan-2025 14:24:26.779,-2.576161,7.912837,1.355118
26-Jan-2025 14:24:26.795,-1.163582,7.759608,1.867477
26-Jan-2025 14:24:26.811,-1.599327,8.53054,2.367866
26-Jan-2025 14:24:26.827,-2.037466,9.449914,2.013524
26-Jan-2025 14:24:26.843,-1.228225,9.763555,1.046266
26-Jan-2025 14:24:26.860,-2.013524,9.320627,0.960075
26-Jan-2025 14:24:26.876,-1.347936,8.401254,0.88346
26-Jan-2025 14:24:26.892,-1.125275,8.094796,1.254562
26-Jan-2025 14:24:26.908,-1.80044,8.413225,0.842759
26-Jan-2025 14:24:26.924,-1.68073,8.717288,0.545878
26-Jan-2025 14:24:26.940,-1.182736,9.646238,1.321599
26-Jan-2025 14:24:26.956,-1.628057,10.749966,1.742979
26-Jan-2025 14:24:26.972,-1.268927,11.11149,1.565808
26-Jan-2025 14:24:26.988,-1.70946,11.063606,1.192312
26-Jan-2025 14:24:27.004,-1.173159,10.431537,0.984017
26-Jan-2025 14:24:27.020,-0.866701,10.352529,0.09098
26-Jan-2025 14:24:27.036,-1.45328,10.134656,1.474828
26-Jan-2025 14:24:27.052,-1.496376,10.15381,1.970428
26-Jan-2025 14:24:27.068,-2.408567,10.206482,1.209072
26-Jan-2025 14:24:27.084,-1.450886,9.993398,2.102109
26-Jan-2025 14:24:27.100,1.414973,9.528923,2.008735
26-Jan-2025 14:24:27.117,0.28491,9.437943,2.066196
26-Jan-2025 14:24:27.133,-1.235408,9.986216,2.456451
26-Jan-2025 14:24:27.149,-0.112527,9.617508,2.688689
26-Jan-2025 14:24:27.165,0.253785,9.667787,1.84593
26-Jan-2025 14:24:27.181,-0.538695,10.369287,0.610521
26-Jan-2025 14:24:27.197,-1.735796,10.879252,2.822764
26-Jan-2025 14:24:27.213,0.179565,11.705252,0.835576
26-Jan-2025 14:24:27.229,-0.967257,11.609484,-0.579397
26-Jan-2025 14:24:27.245,-1.359907,10.022128,1.37906
26-Jan-2025 14:24:27.260,-0.830788,9.313444,2.066196
26-Jan-2025 14:24:27.277,0.328006,8.504205,1.721431
26-Jan-2025 14:24:27.293,-0.083797,8.511387,0.861913
26-Jan-2025 14:24:27.309,-0.895431,8.317456,2.384625
26-Jan-2025 14:24:27.325,0.083797,8.133103,0.289698
26-Jan-2025 14:24:27.341,-0.09098,8.463503,-0.150835
26-Jan-2025 14:24:27.357,0.794875,8.564059,1.371878
26-Jan-2025 14:24:27.373,0.756568,8.987833,0.162806
26-Jan-2025 14:24:27.390,0.715866,10.026917,0.92895
26-Jan-2025 14:24:27.406,1.441309,10.441113,2.075773
26-Jan-2025 14:24:27.422,1.417367,11.077971,1.764527
26-Jan-2025 14:24:27.438,-0.282516,11.286267,1.063026
26-Jan-2025 14:24:27.454,1.982399,10.982203,1.156399
26-Jan-2025 14:24:27.470,2.078167,10.189722,1.312023
26-Jan-2025 14:24:27.486,0.09098,10.259154,-2.047042
26-Jan-2025 14:24:27.502,0.201113,9.440337,-0.057461
26-Jan-2025 14:24:27.518,0.857124,9.193734,0.416591
26-Jan-2025 14:24:27.534,1.074997,9.188946,0.009577
26-Jan-2025 14:24:27.550,1.501164,8.911219,0.787692
26-Jan-2025 14:24:27.566,1.103727,9.260772,0.280122
26-Jan-2025 14:24:27.581,-0.457293,8.92319,0.536301
26-Jan-2025 14:24:27.598,-0.141258,9.615114,0.136469
26-Jan-2025 14:24:27.614,-0.529119,10.503363,0.588974
26-Jan-2025 14:24:27.630,-0.335188,11.077971,0.557849
26-Jan-2025 14:24:27.646,-1.046266,11.389217,0.268151
26-Jan-2025 14:24:27.663,-0.488417,11.523293,-0.593762
26-Jan-2025 14:24:27.679,-2.097321,10.412383,-1.733402
26-Jan-2025 14:24:27.695,-2.391808,9.811439,-1.170765
26-Jan-2025 14:24:27.711,-0.146046,9.330204,-0.600945
26-Jan-2025 14:24:27.727,2.140416,9.358934,-0.380678
26-Jan-2025 14:24:27.743,2.422932,9.701305,0.577003
26-Jan-2025 14:24:27.759,1.549049,9.390059,-0.646434
26-Jan-2025 14:24:27.775,1.771709,8.607155,-4.48434
26-Jan-2025 14:24:27.791,0.505177,8.858546,-2.545036
26-Jan-2025 14:24:27.807,0.177171,8.944737,-1.244985
26-Jan-2025 14:24:27.823,0.579397,9.25359,-1.051055
26-Jan-2025 14:24:27.839,0.849942,9.660604,-0.907402
26-Jan-2025 14:24:27.855,0.270545,10.25676,-0.691924
26-Jan-2025 14:24:27.871,-1.924938,11.137826,-1.484405
26-Jan-2025 14:24:27.887,0.842759,11.267113,-0.339977
26-Jan-2025 14:24:27.904,0.519542,11.779472,-0.021548
26-Jan-2025 14:24:27.920,-0.086191,11.552023,-1.022324
26-Jan-2025 14:24:27.936,-0.205901,10.728417,-0.773327
26-Jan-2025 14:24:27.952,-0.258574,9.859323,-0.320823
26-Jan-2025 14:24:27.968,-0.517148,9.330204,-0.411803
26-Jan-2025 14:24:27.984,-0.816423,8.920795,-0.486023
26-Jan-2025 14:24:28.000,-1.101333,8.690952,0.009577
26-Jan-2025 14:24:28.016,-1.101333,8.798691,0.129287
26-Jan-2025 14:24:28.032,-1.058237,9.263166,0.356736
26-Jan-2025 14:24:28.048,-0.768539,9.622296,0.296881
26-Jan-2025 14:24:28.064,0.023942,9.995792,0.550666
26-Jan-2025 14:24:28.080,0.493206,10.393229,0.02873
26-Jan-2025 14:24:28.096,0.684742,10.996569,-0.656011
26-Jan-2025 14:24:28.112,0.715866,11.259931,-0.761356
26-Jan-2025 14:24:28.128,0.093374,11.267113,-0.457293
26-Jan-2025 14:24:28.144,-0.567426,11.293449,-0.835576
26-Jan-2025 14:24:28.160,-0.584185,11.200075,-0.770933
26-Jan-2025 14:24:28.177,0.007183,11.33894,-0.263362
26-Jan-2025 14:24:28.193,0.134075,11.336545,-0.529119
26-Jan-2025 14:24:28.209,-0.047884,11.326968,-0.694318
26-Jan-2025 14:24:28.225,-0.497994,11.264719,-0.42138
26-Jan-2025 14:24:28.241,-0.732626,10.989386,-0.356736
26-Jan-2025 14:24:28.257,-0.938527,10.67814,-0.332794
26-Jan-2025 14:24:28.273,-1.197101,10.321404,-0.282516
26-Jan-2025 14:24:28.289,-1.75495,9.600749,0.474052
26-Jan-2025 14:24:28.305,-2.260126,8.784326,1.326388
26-Jan-2025 14:24:28.321,-1.316811,8.365341,0.138864
26-Jan-2025 14:24:28.337,-0.296881,7.972692,-1.458069
26-Jan-2025 14:24:28.353,1.144428,7.611167,-1.778892
26-Jan-2025 14:24:28.369,1.340753,7.266402,-0.588974
26-Jan-2025 14:24:28.385,0.318429,6.830657,0.782904
26-Jan-2025 14:24:28.401,-1.568202,7.570466,0.280122
26-Jan-2025 14:24:28.418,-1.115698,7.759608,-0.70629
26-Jan-2025 14:24:28.434,-1.247379,8.324639,-1.446098
26-Jan-2025 14:24:28.450,-1.824382,8.887277,-1.496376
26-Jan-2025 14:24:28.466,-2.056619,9.868899,1.302446
26-Jan-2025 14:24:28.482,-1.482011,10.989386,1.386243
26-Jan-2025 14:24:28.498,-1.223437,11.836933,0.632069
26-Jan-2025 14:24:28.514,-0.634463,12.071565,-0.778116
26-Jan-2025 14:24:28.530,-0.227449,11.650186,-0.565032
26-Jan-2025 14:24:28.546,-0.426168,10.400413,-0.802058
26-Jan-2025 14:24:28.562,-2.161964,9.837775,0.177171
26-Jan-2025 14:24:28.578,-2.260126,9.361329,0.629675
26-Jan-2025 14:24:28.594,-4.570531,10.338163,0.399832
26-Jan-2025 14:24:28.610,-2.154782,9.526528,-0.227449
26-Jan-2025 14:24:28.626,-4.19943,10.316615,0.864307
26-Jan-2025 14:24:28.642,-2.200271,9.361329,0.885855
26-Jan-2025 14:24:28.658,-2.485181,8.839393,2.229002
26-Jan-2025 14:24:28.675,-2.403779,8.880095,0.469264
26-Jan-2025 14:24:28.691,-2.458845,9.356541,-1.225831
26-Jan-2025 14:24:28.707,-5.408502,10.582372,0.806846
26-Jan-2025 14:24:28.723,-3.098097,10.591949,-1.199495
26-Jan-2025 14:24:28.739,-2.791639,10.259154,-0.572214
26-Jan-2025 14:24:28.755,-2.597709,10.287885,-0.411803
26-Jan-2025 14:24:28.771,-2.365471,9.935937,-0.636858
26-Jan-2025 14:24:28.787,-2.698265,9.73243,-0.213084
26-Jan-2025 14:24:28.803,-2.877831,9.514558,-0.047884
26-Jan-2025 14:24:28.819,-3.258508,9.169792,1.441309
26-Jan-2025 14:24:28.835,-2.858677,8.705317,-0.356736
26-Jan-2025 14:24:28.851,-2.628834,9.500193,-1.264138
26-Jan-2025 14:24:28.867,-1.958457,9.572019,1.134852
26-Jan-2025 14:24:28.883,-2.377442,9.560047,0.430956
26-Jan-2025 14:24:28.899,-2.664747,9.050082,0.148441
26-Jan-2025 14:24:28.915,-1.944092,9.074024,1.142034
26-Jan-2025 14:24:28.932,-3.306392,9.32781,1.182736
26-Jan-2025 14:24:28.948,-3.052607,9.701305,2.427721
26-Jan-2025 14:24:28.964,-1.505953,10.472239,1.369483
26-Jan-2025 14:24:28.980,-1.323994,10.383653,0.339977
26-Jan-2025 14:24:28.996,-1.525106,10.050858,1.477222
26-Jan-2025 14:24:29.012,-2.310405,9.785102,1.280898
26-Jan-2025 14:24:29.028,-3.313575,9.500193,-0.265756
26-Jan-2025 14:24:29.044,-2.964022,9.437943,0.28491
26-Jan-2025 14:24:29.060,-2.631228,9.23683,0.215478
26-Jan-2025 14:24:29.076,-2.310405,9.062054,-0.064643
26-Jan-2025 14:24:29.092,-3.332729,9.129091,-0.639252
26-Jan-2025 14:24:29.108,-4.118027,9.232041,-0.591368
26-Jan-2025 14:24:29.124,-4.129998,9.0429,1.374272
26-Jan-2025 14:24:29.140,-4.302381,9.708488,-0.703895
26-Jan-2025 14:24:29.156,-3.58412,9.734824,0.014365
26-Jan-2025 14:24:29.172,-2.691083,9.698911,-0.339977
26-Jan-2025 14:24:29.189,-2.705448,9.715671,-0.442927
26-Jan-2025 14:24:29.205,-3.129222,9.864111,-0.711078
26-Jan-2025 14:24:29.221,-3.129222,9.959879,-0.363919
26-Jan-2025 14:24:29.237,-2.248155,10.160992,-0.318429
26-Jan-2025 14:24:29.253,-1.493982,9.94312,0.055067
26-Jan-2025 14:24:29.269,-2.367866,9.516952,-0.577003
26-Jan-2025 14:24:29.285,-4.663905,8.288726,2.358289
26-Jan-2025 14:24:29.301,-4.388572,9.038112,-2.736573
26-Jan-2025 14:24:29.317,-3.363853,9.603143,-0.677559
26-Jan-2025 14:24:29.333,-1.077391,10.460267,1.046266
26-Jan-2025 14:24:29.349,0.407014,10.510546,2.056619
26-Jan-2025 14:24:29.365,0.605733,10.278308,-0.744597
26-Jan-2025 14:24:29.381,-0.146046,9.009381,-1.316811
26-Jan-2025 14:24:29.397,-1.352724,9.188946,-1.079785
26-Jan-2025 14:24:29.413,-1.805228,9.442732,0.907402
26-Jan-2025 14:24:29.429,-1.510741,10.232818,1.357512
26-Jan-2025 14:24:29.446,-1.410185,10.960655,0.349553
26-Jan-2025 14:24:29.462,-1.285686,11.171345,-0.287304
26-Jan-2025 14:24:29.478,-1.312023,11.09473,-0.395043
26-Jan-2025 14:24:29.494,-1.297657,10.584765,0.081403
26-Jan-2025 14:24:29.510,-1.951274,10.086772,-0.347159
26-Jan-2025 14:24:29.526,-1.558625,10.026917,0.54109
26-Jan-2025 14:24:29.542,-1.443704,9.835381,1.249773
26-Jan-2025 14:24:29.558,-0.881066,9.514558,0.826
26-Jan-2025 14:24:29.574,-0.253785,9.497798,-0.675165
26-Jan-2025 14:24:29.590,-0.634463,9.062054,0.337582
26-Jan-2025 14:24:29.606,-1.340753,9.241618,0.751779
26-Jan-2025 14:24:29.622,-0.943315,9.143456,1.510741
26-Jan-2025 14:24:29.638,0.011971,9.720459,0.215478
26-Jan-2025 14:24:29.654,-0.069432,9.753978,0.050278
26-Jan-2025 14:24:29.670,-0.093374,9.880871,0.957681
26-Jan-2025 14:24:29.686,0.61531,9.495404,1.747767
26-Jan-2025 14:24:29.703,1.467646,9.873688,1.37906
26-Jan-2025 14:24:29.719,1.197101,9.306262,1.302446
26-Jan-2025 14:24:29.735,-0.605733,9.016563,0.483629
26-Jan-2025 14:24:29.751,0.141258,8.90643,0.184354
26-Jan-2025 14:24:29.767,-0.148441,9.428367,0.584185
26-Jan-2025 14:24:29.783,0.799663,9.64145,2.679112
26-Jan-2025 14:24:29.799,1.362301,10.029311,0.68953
26-Jan-2025 14:24:29.815,1.249773,9.885659,0.007183
26-Jan-2025 14:24:29.831,0.991199,10.110714,1.098939
26-Jan-2025 14:24:29.847,1.031901,10.965444,-2.104503
26-Jan-2025 14:24:29.863,0.699107,10.395624,0.174777
26-Jan-2025 14:24:29.879,-0.296881,10.409989,-0.507571
26-Jan-2025 14:24:29.895,0.395043,10.395624,-0.778116
26-Jan-2025 14:24:29.911,0.512359,10.311827,0.411803
26-Jan-2025 14:24:29.927,0.94571,10.28549,0.3304
26-Jan-2025 14:24:29.943,0.890643,10.175357,0.634463
26-Jan-2025 14:24:29.960,0.486023,9.904813,0.351948
26-Jan-2025 14:24:29.976,1.534683,9.880871,0.325611
26-Jan-2025 14:24:29.992,-0.459687,10.041282,-3.409343
26-Jan-2025 14:24:30.008,0.70629,9.900024,0.718261
26-Jan-2025 14:24:30.024,-0.031125,10.139444,3.734955
26-Jan-2025 14:24:30.040,1.63524,9.816227,0.775721
26-Jan-2025 14:24:30.056,1.393425,9.636662,0.031125
26-Jan-2025 14:24:30.072,0.131681,9.186552,0.500388
26-Jan-2025 14:24:30.088,0.260968,9.665392,0.229843
26-Jan-2025 14:24:30.104,0.670376,9.840169,0.150835
26-Jan-2025 14:24:30.120,0.912191,9.89763,0.967257
26-Jan-2025 14:24:30.136,1.692701,10.251971,0.572214
26-Jan-2025 14:24:30.152,2.008735,9.765948,0.390255
26-Jan-2025 14:24:30.168,0.430956,9.885659,-0.816423
26-Jan-2025 14:24:30.184,-0.687136,9.464279,0.25618
26-Jan-2025 14:24:30.200,0.222661,9.78989,0.287304
26-Jan-2025 14:24:30.217,0.816423,9.876082,0.344765
26-Jan-2025 14:24:30.233,-0.052672,9.77792,0.442927
26-Jan-2025 14:24:30.249,0.272939,9.792285,0.361524
26-Jan-2025 14:24:30.265,1.218649,9.80665,-0.160412
26-Jan-2025 14:24:30.281,1.92015,9.835381,-0.600945
26-Jan-2025 14:24:30.297,1.735796,9.933543,0.069432
26-Jan-2025 14:24:30.313,1.170765,10.388441,-1.067814
26-Jan-2025 14:24:30.329,-0.47884,11.039664,1.556231
26-Jan-2025 14:24:30.345,1.400608,10.160992,-0.306458
26-Jan-2025 14:24:30.361,0.919373,8.930372,0.177171
26-Jan-2025 14:24:30.377,0.744597,9.471462,-1.130063
26-Jan-2025 14:24:30.393,0.371101,9.603143,-0.790087
26-Jan-2025 14:24:30.409,-0.287304,9.840169,-0.399832
26-Jan-2025 14:24:30.425,-0.617704,10.603919,-0.622492
26-Jan-2025 14:24:30.441,0.07422,9.655815,-0.232238
26-Jan-2025 14:24:30.458,1.192312,9.856929,-0.126893
26-Jan-2025 14:24:30.474,1.503559,9.859323,-0.411803
26-Jan-2025 14:24:30.490,2.207454,9.382876,-0.497994
26-Jan-2025 14:24:30.506,2.008735,9.662998,-0.658405
26-Jan-2025 14:24:30.522,1.134852,9.703699,0.907402
26-Jan-2025 14:24:30.538,1.309628,9.5385,0.687136
26-Jan-2025 14:24:30.554,1.527501,8.853758,2.75812
26-Jan-2025 14:24:30.570,0.102951,9.883265,-2.420538
26-Jan-2025 14:24:30.586,1.673547,10.129868,-2.334347
26-Jan-2025 14:24:30.602,2.190695,10.388441,0.550666
26-Jan-2025 14:24:30.618,1.386243,10.455479,0.071826
26-Jan-2025 14:24:30.634,1.450886,10.431537,0.351948
26-Jan-2025 14:24:30.650,1.199495,10.232818,-0.064643
26-Jan-2025 14:24:30.666,0.761356,9.605537,-0.790087
26-Jan-2025 14:24:30.682,0.332794,9.045294,0.184354
26-Jan-2025 14:24:30.698,0.984017,8.904037,-1.151611
26-Jan-2025 14:24:30.714,1.460463,9.902418,-2.300828
26-Jan-2025 14:24:30.731,1.391031,10.271125,-0.215478
26-Jan-2025 14:24:30.747,1.474828,9.900024,0.6608
26-Jan-2025 14:24:30.763,0.519542,9.988609,1.410185
26-Jan-2025 14:24:30.779,0.363919,10.050858,-0.323217
26-Jan-2025 14:24:30.795,0.244209,10.012551,-1.086968
26-Jan-2025 14:24:30.811,0.768539,9.785102,-0.227449
26-Jan-2025 14:24:30.827,1.649605,9.624691,0.73502
26-Jan-2025 14:24:30.843,1.374272,9.753978,1.505953
26-Jan-2025 14:24:30.859,0.567426,10.295067,-0.143652
26-Jan-2025 14:24:30.875,0.500388,10.055647,-0.687136
26-Jan-2025 14:24:30.891,0.181959,10.216059,0.09098
26-Jan-2025 14:24:30.907,0.61531,10.010158,0.584185
26-Jan-2025 14:24:30.923,0.656011,10.139444,0.979228
26-Jan-2025 14:24:30.939,0.995988,10.366894,-0.732626
26-Jan-2025 14:24:30.955,0.158017,10.038888,0.117316
26-Jan-2025 14:24:30.971,0.725443,10.79785,0.629675
26-Jan-2025 14:24:30.988,0.47884,10.462662,1.316811
26-Jan-2025 14:24:31.004,0.07422,10.254366,0.881066
26-Jan-2025 14:24:31.020,-0.670376,10.144233,1.539472
26-Jan-2025 14:24:31.036,-0.124498,9.844957,0.545878
26-Jan-2025 14:24:31.052,0.047884,9.907207,-0.373495
26-Jan-2025 14:24:31.068,-1.352724,10.175357,0.174777
26-Jan-2025 14:24:31.084,-0.562637,10.168175,1.082179
26-Jan-2025 14:24:31.100,-0.079009,10.548853,0.981623
26-Jan-2025 14:24:31.116,0.699107,10.603919,-0.124498
26-Jan-2025 14:24:31.132,0.318429,10.426748,0.957681
26-Jan-2025 14:24:31.148,-0.122104,10.180145,1.211466
26-Jan-2025 14:24:31.164,-0.217872,9.351752,-0.162806
26-Jan-2025 14:24:31.180,-1.501164,9.332599,-0.40462
26-Jan-2025 14:24:31.196,-1.745373,9.370906,1.192312
26-Jan-2025 14:24:31.212,-1.285686,9.607931,1.493982
26-Jan-2025 14:24:31.229,-0.011971,9.414001,0.768539
26-Jan-2025 14:24:31.245,-1.771709,9.363723,1.769315
26-Jan-2025 14:24:31.261,-1.711854,9.540894,2.0231
26-Jan-2025 14:24:31.277,-0.548272,9.533711,-0.787692
26-Jan-2025 14:24:31.293,-0.699107,9.318233,0.596156
26-Jan-2025 14:24:31.309,-2.018312,9.081207,2.458845
26-Jan-2025 14:24:31.325,-2.583344,9.476251,1.503559
26-Jan-2025 14:24:31.341,0.3304,10.524911,0.799663
26-Jan-2025 14:24:31.357,-0.148441,10.582372,0.215478
26-Jan-2025 14:24:31.373,-0.59855,10.503363,0.380678
26-Jan-2025 14:24:31.388,-1.015141,10.086772,0.890643
26-Jan-2025 14:24:31.405,-1.872266,9.892841,0.773327
26-Jan-2025 14:24:31.421,-0.083797,9.792285,0.785298
26-Jan-2025 14:24:31.437,-1.537078,9.210494,0.373495
26-Jan-2025 14:24:31.453,-1.690306,9.021352,1.383849
26-Jan-2025 14:24:31.470,-2.035071,8.817844,2.018312
26-Jan-2025 14:24:31.486,-1.319205,9.785102,0.902614
26-Jan-2025 14:24:31.502,-0.311246,9.593566,1.398214
26-Jan-2025 14:24:31.518,-0.634463,9.588778,1.970428
26-Jan-2025 14:24:31.534,0.229843,9.895236,1.460463
26-Jan-2025 14:24:31.550,0.517148,9.485827,1.04866
26-Jan-2025 14:24:31.566,-0.280122,9.591172,1.731008
26-Jan-2025 14:24:31.582,0.069432,9.816227,1.711854
26-Jan-2025 14:24:31.598,-2.676718,10.910378,-0.833182
26-Jan-2025 14:24:31.614,-1.987187,8.971074,0.409408
26-Jan-2025 14:24:31.630,-1.556231,9.540894,1.371878
26-Jan-2025 14:24:31.646,-1.005565,10.840945,0.725443
26-Jan-2025 14:24:31.662,-0.926556,10.627861,0.363919
26-Jan-2025 14:24:31.678,-0.057461,10.357317,-0.663194
26-Jan-2025 14:24:31.694,-0.086191,10.577583,2.446874
26-Jan-2025 14:24:31.710,-1.233014,10.630256,0.505177
26-Jan-2025 14:24:31.727,-1.869871,10.785878,0.572214
26-Jan-2025 14:24:31.743,-1.798046,10.687716,1.833959
26-Jan-2025 14:24:31.759,-0.536301,9.634268,1.891419
26-Jan-2025 14:24:31.775,-0.878672,9.512163,1.900996
26-Jan-2025 14:24:31.791,-1.237802,9.581595,1.455675
26-Jan-2025 14:24:31.807,-1.616086,9.864111,0.452504
26-Jan-2025 14:24:31.823,-1.39582,10.103531,0.253785
26-Jan-2025 14:24:31.839,-0.462081,10.381259,-0.263362
26-Jan-2025 14:24:31.855,-0.301669,10.563218,0.622492
26-Jan-2025 14:24:31.871,0.112527,10.824186,1.340753
26-Jan-2025 14:24:31.887,0.088585,10.371682,1.479617
26-Jan-2025 14:24:31.903,-0.553061,10.321404,1.125275
26-Jan-2025 14:24:31.919,-0.339977,9.775525,1.235408
26-Jan-2025 14:24:31.935,-0.88346,9.725247,0.845153
26-Jan-2025 14:24:31.951,-0.215478,8.767567,0.76375
26-Jan-2025 14:24:31.967,0.426168,8.257602,0.670376
26-Jan-2025 14:24:31.983,-0.758962,8.599973,-0.258574
26-Jan-2025 14:24:31.999,-0.339977,8.2169,1.347936
26-Jan-2025 14:24:32.016,0.399832,8.659827,1.446098
26-Jan-2025 14:24:32.032,0.984017,9.315839,0.933739
26-Jan-2025 14:24:32.048,1.491588,9.847352,1.340753
26-Jan-2025 14:24:32.064,1.991976,10.307038,0.782904
26-Jan-2025 14:24:32.080,1.932121,10.647015,0.694318
26-Jan-2025 14:24:32.096,1.915361,10.960655,0.447716
26-Jan-2025 14:24:32.112,1.599327,11.439496,0.062249
26-Jan-2025 14:24:32.128,1.290475,11.159374,0.208296
26-Jan-2025 14:24:32.144,0.277727,10.778696,0.272939
26-Jan-2025 14:24:32.160,-0.265756,10.105926,0.411803
26-Jan-2025 14:24:32.176,-0.418985,9.437943,0.031125
26-Jan-2025 14:24:32.192,-0.114922,8.918402,-0.378284
26-Jan-2025 14:24:32.208,-0.167594,8.647857,0.014365
26-Jan-2025 14:24:32.224,-0.574608,8.504205,0.201113
26-Jan-2025 14:24:32.240,-0.397437,8.494628,0.577003
26-Jan-2025 14:24:32.257,-0.019154,8.746018,1.031901
26-Jan-2025 14:24:32.273,0.040701,8.911219,1.364695
26-Jan-2025 14:24:32.289,-0.169988,9.033323,1.194707
26-Jan-2025 14:24:32.305,-0.088585,9.478644,0.52433
26-Jan-2025 14:24:32.321,-0.167594,10.218452,-0.37589
26-Jan-2025 14:24:32.337,-0.639252,10.692505,-1.173159
26-Jan-2025 14:24:32.353,0.153229,10.79785,1.11091
26-Jan-2025 14:24:32.369,1.067814,10.556035,1.556231
26-Jan-2025 14:24:32.385,-0.040701,10.491392,-0.912191
26-Jan-2025 14:24:32.401,0.744597,9.572019,-1.963245
26-Jan-2025 14:24:32.417,0.383072,9.591172,-2.722207
26-Jan-2025 14:24:32.433,-0.129287,9.636662,-0.572214
26-Jan-2025 14:24:32.449,-0.337582,9.588778,0.373495
26-Jan-2025 14:24:32.465,-1.034295,10.259154,0.440533
26-Jan-2025 14:24:32.481,-1.058237,10.611102,1.249773
26-Jan-2025 14:24:32.497,-0.430956,10.342952,0.902614
26-Jan-2025 14:24:32.514,0.213084,10.079589,-0.488417
26-Jan-2025 14:24:32.530,0.04549,10.168175,-0.61531
26-Jan-2025 14:24:32.546,-0.435745,10.081984,-0.232238
26-Jan-2025 14:24:32.562,-0.277727,9.947908,0.11971
26-Jan-2025 14:24:32.578,-0.320823,10.635044,0.385466
26-Jan-2025 14:24:32.594,-0.181959,11.506534,0.701501
26-Jan-2025 14:24:32.610,0.533907,11.257536,0.59855
26-Jan-2025 14:24:32.626,0.414197,10.596737,0.186748
26-Jan-2025 14:24:32.642,-0.349553,10.275913,-0.177171
26-Jan-2025 14:24:32.658,-0.814029,10.726024,-1.144428
26-Jan-2025 14:24:32.674,-1.039083,10.970232,-0.134075
26-Jan-2025 14:24:32.690,-0.35913,10.249578,-0.311246
26-Jan-2025 14:24:32.706,-0.184354,10.139444,-1.295263
26-Jan-2025 14:24:32.722,-0.31364,10.16578,-2.157176
26-Jan-2025 14:24:32.738,-1.616086,10.620679,-1.699883
26-Jan-2025 14:24:32.754,-1.364695,10.805033,0.201113
26-Jan-2025 14:24:32.771,-1.13964,10.87207,1.343147
26-Jan-2025 14:24:32.787,-1.225831,10.627861,1.175553
26-Jan-2025 14:24:32.803,-0.76375,10.048465,0.454898
26-Jan-2025 14:24:32.819,-0.826,9.481039,-0.136469
26-Jan-2025 14:24:32.835,-0.435745,8.937555,-0.390255
26-Jan-2025 14:24:32.851,-0.61531,8.774749,-0.263362
26-Jan-2025 14:24:32.867,-0.418985,8.53054,-0.25618
26-Jan-2025 14:24:32.883,-0.639252,8.101978,0.311246
26-Jan-2025 14:24:32.899,-1.101333,8.164227,1.312023
26-Jan-2025 14:24:32.915,-1.30484,8.401254,2.099715
26-Jan-2025 14:24:32.931,-1.120486,8.901642,0.651223
26-Jan-2025 14:24:32.947,-1.11091,9.653421,1.197101
26-Jan-2025 14:24:32.963,-0.61531,10.010158,1.070208
26-Jan-2025 14:24:32.979,-0.648829,10.127473,1.063026
26-Jan-2025 14:24:32.995,-1.37906,9.950302,1.33357
26-Jan-2025 14:24:33.011,-1.529895,9.849746,1.599327
26-Jan-2025 14:24:33.028,-1.165976,9.959879,0.902614
26-Jan-2025 14:24:33.044,-0.593762,9.593566,-0.497994
26-Jan-2025 14:24:33.060,-0.553061,9.267955,-1.187524
26-Jan-2025 14:24:33.076,-0.938527,9.363723,-0.995988
26-Jan-2025 14:24:33.092,-0.981623,9.583989,-0.392649
26-Jan-2025 14:24:33.108,-1.33357,9.454702,0.191536
26-Jan-2025 14:24:33.124,-1.388637,9.636662,1.127669
26-Jan-2025 14:24:33.140,-1.192312,9.969456,0.347159
26-Jan-2025 14:24:33.156,-1.237802,10.242394,-0.509965
26-Jan-2025 14:24:33.172,-0.782904,9.938332,0.600945
26-Jan-2025 14:24:33.188,-0.907402,9.753978,0.622492
26-Jan-2025 14:24:33.204,-0.818817,10.055647,1.649605
26-Jan-2025 14:24:33.220,-1.338359,10.553641,3.363853
26-Jan-2025 14:24:33.236,-0.220267,9.631873,0.500388
26-Jan-2025 14:24:33.252,-0.76375,10.043676,-0.593762
26-Jan-2025 14:24:33.268,-0.682347,10.029311,-0.4956
26-Jan-2025 14:24:33.284,-1.357512,10.002975,-0.083797
26-Jan-2025 14:24:33.300,-1.879448,9.967062,0.064643
26-Jan-2025 14:24:33.317,-1.35033,9.967062,0.407014
26-Jan-2025 14:24:33.333,-0.950498,10.18254,-0.426168
26-Jan-2025 14:24:33.349,-0.622492,9.555259,0.162806
26-Jan-2025 14:24:33.365,-0.150835,9.124303,0.665588
26-Jan-2025 14:24:33.381,-0.514753,9.325416,0.282516
26-Jan-2025 14:24:33.397,-0.428562,9.504981,0.876278
26-Jan-2025 14:24:33.413,-1.137246,9.414001,1.443704
26-Jan-2025 14:24:33.429,-1.628057,10.09156,2.145205
26-Jan-2025 14:24:33.445,-1.491588,10.441113,2.03986
26-Jan-2025 14:24:33.461,-1.419762,9.892841,1.043872
26-Jan-2025 14:24:33.477,-1.242591,9.095572,-0.411803
26-Jan-2025 14:24:33.493,-0.617704,9.361329,0.852336
26-Jan-2025 14:24:33.509,-0.816423,10.122684,0.691924
26-Jan-2025 14:24:33.525,-1.644817,10.242394,1.486799
26-Jan-2025 14:24:33.541,-2.140416,10.25676,2.616863
26-Jan-2025 14:24:33.558,-1.297657,10.69011,1.776498
26-Jan-2025 14:24:33.574,-0.768539,10.850522,0.079009
26-Jan-2025 14:24:33.590,-0.205901,10.050858,0.033519
26-Jan-2025 14:24:33.606,-0.620098,9.545682,-0.191536
26-Jan-2025 14:24:33.622,-0.684742,9.665392,0.311246
26-Jan-2025 14:24:33.638,-0.462081,9.856929,0.184354
26-Jan-2025 14:24:33.654,-0.682347,10.278308,0.54109
26-Jan-2025 14:24:33.670,-0.476446,10.065224,-0.263362
26-Jan-2025 14:24:33.686,-0.90022,9.892841,0.833182
26-Jan-2025 14:24:33.702,-0.64404,9.756371,3.038242
26-Jan-2025 14:24:33.718,-0.050278,9.385271,4.857835
26-Jan-2025 14:24:33.734,0.881066,8.939949,4.613626
26-Jan-2025 14:24:33.750,1.115698,8.659827,3.888184
26-Jan-2025 14:24:33.766,0.347159,8.66701,4.362236
26-Jan-2025 14:24:33.782,0.174777,8.576031,6.203377
26-Jan-2025 14:24:33.798,0.476446,8.248025,6.452374
26-Jan-2025 14:24:33.815,0.691924,8.010999,5.626374
26-Jan-2025 14:24:33.831,0.857124,7.752425,4.141969
26-Jan-2025 14:24:33.847,1.917756,7.800309,3.998317
26-Jan-2025 14:24:33.863,1.58975,8.379706,4.127604
26-Jan-2025 14:24:33.879,1.072602,8.499416,4.458004
26-Jan-2025 14:24:33.895,0.64404,8.513782,5.406107
26-Jan-2025 14:24:33.911,0.521936,8.305486,6.090849
26-Jan-2025 14:24:33.927,0.143652,8.310274,5.521029
26-Jan-2025 14:24:33.943,-0.019154,8.322245,5.310339
26-Jan-2025 14:24:33.959,0.804452,8.118738,4.31914
26-Jan-2025 14:24:33.975,1.309628,7.718906,3.734955
26-Jan-2025 14:24:33.991,1.482011,7.532158,4.398149
26-Jan-2025 14:24:34.007,1.929727,7.357382,4.355053
26-Jan-2025 14:24:34.023,1.812411,7.400477,4.266468
26-Jan-2025 14:24:34.039,1.388637,7.398083,4.807557
26-Jan-2025 14:24:34.055,1.151611,7.534553,5.049371
26-Jan-2025 14:24:34.071,0.442927,7.601591,6.272809
26-Jan-2025 14:24:34.088,0.574608,7.024588,7.682993
26-Jan-2025 14:24:34.104,1.276109,5.949591,7.326257
26-Jan-2025 14:24:34.120,1.872266,5.465962,6.98628
26-Jan-2025 14:24:34.136,2.176329,5.078102,7.383718
26-Jan-2025 14:24:34.152,1.75495,4.831499,7.934384
26-Jan-2025 14:24:34.168,0.543484,5.827487,10.608707
26-Jan-2025 14:24:34.184,0.260968,5.719748,10.639832
26-Jan-2025 14:24:34.200,0.866701,4.52983,10.383653
26-Jan-2025 14:24:34.216,2.372654,4.326323,9.16261
26-Jan-2025 14:24:34.232,2.432509,4.517859,8.085219
26-Jan-2025 14:24:34.248,1.841141,4.72376,7.93199
26-Jan-2025 14:24:34.264,1.695095,5.154716,8.298303
26-Jan-2025 14:24:34.280,1.678335,5.398925,7.93199
26-Jan-2025 14:24:34.296,1.616086,5.41329,8.09719
26-Jan-2025 14:24:34.312,1.233014,5.427655,7.66384
26-Jan-2025 14:24:34.328,0.830788,4.896142,7.898471
26-Jan-2025 14:24:34.344,0.588974,4.48434,9.291897
26-Jan-2025 14:24:34.361,0.409408,4.046201,10.852917
26-Jan-2025 14:24:34.377,0.574608,3.706224,10.747571
26-Jan-2025 14:24:34.393,0.577003,3.720589,11.046846
26-Jan-2025 14:24:34.409,0.861913,3.332729,10.948685
26-Jan-2025 14:24:34.425,0.912191,3.320758,10.96305
26-Jan-2025 14:24:34.441,1.01993,3.610456,10.869676
26-Jan-2025 14:24:34.457,0.591368,3.031059,10.323798
26-Jan-2025 14:24:34.473,0.90022,2.889802,10.898406
26-Jan-2025 14:24:34.489,1.527501,3.488352,11.133038
26-Jan-2025 14:24:34.505,1.218649,3.770868,9.809045
26-Jan-2025 14:24:34.521,0.751779,3.746926,9.136273
26-Jan-2025 14:24:34.537,0.701501,4.132392,9.339781
26-Jan-2025 14:24:34.553,0.871489,4.067749,9.651027
26-Jan-2025 14:24:34.569,0.811634,3.734955,9.277532
26-Jan-2025 14:24:34.585,-0.265756,3.3447,9.722853
26-Jan-2025 14:24:34.601,0.349553,4.043807,10.096349
26-Jan-2025 14:24:34.618,0.081403,3.574543,10.864887
26-Jan-2025 14:24:34.634,0.205901,2.89459,11.951855
26-Jan-2025 14:24:34.650,0.138864,2.571373,11.262324
26-Jan-2025 14:24:34.666,0.102951,2.240973,11.018116
26-Jan-2025 14:24:34.682,0.131681,2.312799,9.751583
26-Jan-2025 14:24:34.698,-0.217872,3.636792,8.010999
26-Jan-2025 14:24:34.714,-0.794875,4.642357,7.922413
26-Jan-2025 14:24:34.730,-0.536301,4.546589,8.374918
26-Jan-2025 14:24:34.746,-0.136469,3.689465,9.205706
26-Jan-2025 14:24:34.762,0.143652,3.402161,10.002975
26-Jan-2025 14:24:34.778,0.19393,2.863465,9.933543
26-Jan-2025 14:24:34.794,0.474052,2.197877,9.976639
26-Jan-2025 14:24:34.811,0.11971,2.066196,9.67018
26-Jan-2025 14:24:34.827,-0.416591,2.190695,9.895236
26-Jan-2025 14:24:34.843,-1.072602,2.741361,10.208876
26-Jan-2025 14:24:34.859,-0.952892,2.808398,9.610326
26-Jan-2025 14:24:34.874,-0.986411,2.331953,9.004593
26-Jan-2025 14:24:34.891,-0.567426,2.248155,8.573636
26-Jan-2025 14:24:34.907,-0.043096,2.035071,8.137892
26-Jan-2025 14:24:34.923,0.026336,2.051831,8.090008
26-Jan-2025 14:24:34.939,-0.201113,2.451663,8.75799
26-Jan-2025 14:24:34.955,-0.205901,2.454057,8.76996
26-Jan-2025 14:24:34.972,-0.232238,2.470816,8.791509
26-Jan-2025 14:24:34.988,-0.272939,2.504335,8.798691
26-Jan-2025 14:24:35.004,-0.339977,2.545036,8.815451
26-Jan-2025 14:24:35.020,-0.418985,2.621651,8.856153
26-Jan-2025 14:24:35.036,-0.45011,2.667141,8.8777
26-Jan-2025 14:24:35.052,-0.497994,2.736573,8.892065
26-Jan-2025 14:24:35.068,-0.514753,2.772485,8.868123
26-Jan-2025 14:24:35.084,-0.512359,2.777274,8.853758
26-Jan-2025 14:24:35.100,-0.509965,2.782062,8.892065
26-Jan-2025 14:24:35.116,-0.509965,2.789245,8.889671
26-Jan-2025 14:24:35.132,-0.497994,2.806004,8.884883
26-Jan-2025 14:24:35.148,-0.483629,2.82037,8.884883
26-Jan-2025 14:24:35.164,-0.447716,2.8491,8.896853
26-Jan-2025 14:24:35.181,-0.433351,2.906561,8.908825
26-Jan-2025 14:24:35.197,-0.445322,2.94008,8.925584
26-Jan-2025 14:24:35.213,-0.462081,2.992752,8.971074
26-Jan-2025 14:24:35.229,-0.47884,3.033453,9.052477
26-Jan-2025 14:24:35.245,-0.47884,3.05979,9.157822
26-Jan-2025 14:24:35.261,-0.45011,3.064578,9.260772
26-Jan-2025 14:24:35.277,-0.426168,3.066972,9.291897
26-Jan-2025 14:24:35.293,-0.366313,3.081338,9.337387
26-Jan-2025 14:24:35.309,-0.31364,3.08852,9.382876
26-Jan-2025 14:24:35.325,-0.275333,3.057395,9.461885
26-Jan-2025 14:24:35.341,-0.21069,3.011906,9.55047
26-Jan-2025 14:24:35.357,-0.189142,2.985569,9.593566
26-Jan-2025 14:24:35.373,-0.162806,2.92332,9.667787
26-Jan-2025 14:24:35.390,-0.136469,2.858677,9.73243
26-Jan-2025 14:24:35.406,-0.122104,2.817975,9.828198
26-Jan-2025 14:24:35.422,-0.088585,2.794033,9.900024
26-Jan-2025 14:24:35.438,-0.069432,2.784456,9.909601
26-Jan-2025 14:24:35.454,-0.023942,2.762909,9.904813
26-Jan-2025 14:24:35.470,0.035913,2.726996,9.871294
26-Jan-2025 14:24:35.486,0.11971,2.647987,9.854534
26-Jan-2025 14:24:35.502,0.213084,2.549825,9.859323
26-Jan-2025 14:24:35.518,0.258574,2.504335,9.864111
26-Jan-2025 14:24:35.534,0.339977,2.420538,9.859323
26-Jan-2025 14:24:35.550,0.418985,2.331953,9.830592
26-Jan-2025 14:24:35.567,0.517148,2.219425,9.811439
26-Jan-2025 14:24:35.583,0.622492,2.070984,9.82341
26-Jan-2025 14:24:35.599,0.665588,1.991976,9.856929
26-Jan-2025 14:24:35.615,0.751779,1.84593,9.916783
26-Jan-2025 14:24:35.631,0.833182,1.73819,9.923966
26-Jan-2025 14:24:35.647,0.907402,1.66397,9.866506
26-Jan-2025 14:24:35.663,0.984017,1.608904,9.811439
26-Jan-2025 14:24:35.679,1.024718,1.58975,9.797073
26-Jan-2025 14:24:35.695,1.09415,1.56102,9.770737
26-Jan-2025 14:24:35.711,1.587356,1.482011,9.260772
26-Jan-2025 14:24:35.728,1.776498,1.56102,9.291897
26-Jan-2025 14:24:35.744,1.869871,1.632846,9.651027
26-Jan-2025 14:24:35.760,1.924938,1.762132,9.974244
26-Jan-2025 14:24:35.776,2.003947,1.798046,9.78989
26-Jan-2025 14:24:35.792,1.996764,1.747767,9.988609
26-Jan-2025 14:24:35.808,2.202666,1.510741,9.141062
26-Jan-2025 14:24:35.824,1.872266,1.39582,9.399636
26-Jan-2025 14:24:35.840,1.96564,1.314417,10.321404
26-Jan-2025 14:24:35.856,2.037466,1.127669,10.867282
26-Jan-2025 14:24:35.872,1.881842,1.211466,10.563218
26-Jan-2025 14:24:35.888,1.517924,1.644817,10.010158
26-Jan-2025 14:24:35.905,1.39582,1.90339,9.548077
26-Jan-2025 14:24:35.921,1.58975,2.121263,9.92636
26-Jan-2025 14:24:35.937,1.587356,2.406173,9.885659
26-Jan-2025 14:24:35.953,1.331176,2.238579,9.61272
26-Jan-2025 14:24:35.969,0.986411,2.260126,9.629479
26-Jan-2025 14:24:35.985,0.931344,2.185906,9.504981
26-Jan-2025 14:24:36.001,1.774103,2.616863,9.794679
26-Jan-2025 14:24:36.017,1.539472,2.925714,9.497798
26-Jan-2025 14:24:36.033,1.446098,2.722207,9.437943
26-Jan-2025 14:24:36.049,1.575385,2.48997,9.555259
26-Jan-2025 14:24:36.066,1.369483,2.604892,9.524135
26-Jan-2025 14:24:36.082,1.33357,2.336741,9.560047
26-Jan-2025 14:24:36.098,1.319205,2.492364,9.78989
26-Jan-2025 14:24:36.114,1.21386,2.523489,9.603143
26-Jan-2025 14:24:36.130,1.165976,2.403779,9.593566
26-Jan-2025 14:24:36.146,0.933739,2.657564,9.952697
26-Jan-2025 14:24:36.162,0.845153,2.779668,9.947908
26-Jan-2025 14:24:36.178,0.603339,2.717419,10.105926
26-Jan-2025 14:24:36.194,0.426168,2.497152,10.223241
26-Jan-2025 14:24:36.210,0.452504,2.25055,10.295067
26-Jan-2025 14:24:36.226,0.476446,2.264915,10.25676
26-Jan-2025 14:24:36.243,0.457293,2.39899,10.201694
26-Jan-2025 14:24:36.259,0.497994,2.427721,9.787497
26-Jan-2025 14:24:36.275,0.584185,2.408567,9.76116
26-Jan-2025 14:24:36.291,0.59855,2.37026,9.770737
26-Jan-2025 14:24:36.307,0.502782,2.339135,9.828198
26-Jan-2025 14:24:36.323,0.368707,2.372654,9.600749
26-Jan-2025 14:24:36.339,0.277727,2.439692,9.157822
26-Jan-2025 14:24:36.355,0.107739,2.32477,9.143456
26-Jan-2025 14:24:36.371,0.021548,2.118869,9.267955
26-Jan-2025 14:24:36.387,-0.098162,2.173935,9.516952
26-Jan-2025 14:24:36.403,-0.031125,2.260126,9.636662
26-Jan-2025 14:24:36.420,-0.014365,2.15957,9.481039
26-Jan-2025 14:24:36.436,0.035913,2.094927,9.294291
26-Jan-2025 14:24:36.452,-0.09098,2.145205,9.421184
26-Jan-2025 14:24:36.468,-0.047884,2.142811,9.583989
26-Jan-2025 14:24:36.484,0.105345,2.025495,9.67018
26-Jan-2025 14:24:36.500,0.143652,2.003947,9.940725
26-Jan-2025 14:24:36.508,0.098162,1.99437,9.861717
26-Jan-2025 14:24:36.516,0.112527,1.917756,9.67018
26-Jan-2025 14:24:36.524,0.093374,1.970428,9.497798
26-Jan-2025 14:24:36.532,0.057461,2.051831,9.452309
26-Jan-2025 14:24:36.540,0.071826,2.135628,9.375694
26-Jan-2025 14:24:36.548,0.067038,2.224213,9.334992
26-Jan-2025 14:24:36.556,-0.033519,2.329558,9.239224
26-Jan-2025 14:24:36.564,-0.148441,2.41575,9.13388
26-Jan-2025 14:24:36.572,-0.280122,2.5187,9.016563
26-Jan-2025 14:24:36.580,-0.447716,2.422932,8.932767
26-Jan-2025 14:24:36.589,-0.241814,2.075773,9.023746
26-Jan-2025 14:24:36.597,0.143652,2.327164,9.081207
26-Jan-2025 14:24:36.605,0.189142,2.480393,9.390059
26-Jan-2025 14:24:36.613,-0.095768,2.616863,9.5385
26-Jan-2025 14:24:36.621,-0.282516,2.595315,9.555259
26-Jan-2025 14:24:36.629,-0.3304,2.561796,9.576807
26-Jan-2025 14:24:36.637,-0.138864,2.516306,9.662998
26-Jan-2025 14:24:36.645,-0.265756,2.559402,9.725247
26-Jan-2025 14:24:36.653,-0.445322,2.667141,9.76116
26-Jan-2025 14:24:36.661,-0.675165,2.707842,9.73243
26-Jan-2025 14:24:36.669,-0.699107,2.695871,9.73243
26-Jan-2025 14:24:36.677,-0.665588,2.743755,9.794679
26-Jan-2025 14:24:36.685,-0.591368,2.748544,10.019734
26-Jan-2025 14:24:36.693,-0.610521,2.72939,10.105926
26-Jan-2025 14:24:36.701,-0.56982,2.669535,10.13705
26-Jan-2025 14:24:36.709,-0.567426,2.628834,10.053253
26-Jan-2025 14:24:36.717,-0.483629,2.604892,10.098742
26-Jan-2025 14:24:36.724,-0.399832,2.590526,10.175357
26-Jan-2025 14:24:36.733,-0.356736,2.475605,9.832987
26-Jan-2025 14:24:36.741,-0.47884,2.358289,9.701305
26-Jan-2025 14:24:36.749,-0.296881,2.576161,10.067618
26-Jan-2025 14:24:36.757,-0.258574,2.662352,9.859323
26-Jan-2025 14:24:36.765,-0.222661,2.636016,9.888053
26-Jan-2025 14:24:36.773,-0.174777,2.504335,9.737218
26-Jan-2025 14:24:36.781,-0.169988,2.39899,9.504981
26-Jan-2025 14:24:36.789,-0.095768,2.360683,9.308656
26-Jan-2025 14:24:36.797,-0.064643,2.367866,9.129091
26-Jan-2025 14:24:36.805,-0.088585,2.396596,9.01417
26-Jan-2025 14:24:36.813,-0.062249,2.439692,8.880095
26-Jan-2025 14:24:36.821,-0.11971,2.492364,8.90643
26-Jan-2025 14:24:36.830,-0.124498,2.631228,8.99741
26-Jan-2025 14:24:36.838,-0.184354,2.746149,9.07163
26-Jan-2025 14:24:36.846,-0.299275,2.82037,9.167398
26-Jan-2025 14:24:36.854,-0.40462,2.829947,9.119514
26-Jan-2025 14:24:36.862,-0.342371,2.798822,9.102755
26-Jan-2025 14:24:36.870,-0.342371,2.741361,9.021352
26-Jan-2025 14:24:36.878,-0.335188,2.724602,9.124303
26-Jan-2025 14:24:36.886,-0.301669,2.738967,9.19134
26-Jan-2025 14:24:36.894,-0.40462,2.770091,9.28232
26-Jan-2025 14:24:36.902,-0.514753,2.741361,9.380483
26-Jan-2025 14:24:36.910,-0.538695,2.748544,9.423578
26-Jan-2025 14:24:36.918,-0.56982,2.794033,9.52174
26-Jan-2025 14:24:36.926,-0.577003,2.829947,9.672575
26-Jan-2025 14:24:36.934,-0.548272,2.868254,9.703699
26-Jan-2025 14:24:36.942,-0.517148,2.904167,9.794679
26-Jan-2025 14:24:36.950,-0.653617,2.947262,9.77792
26-Jan-2025 14:24:36.958,-0.878672,3.004723,9.742006
26-Jan-2025 14:24:36.966,-1.161188,3.047819,9.543288
26-Jan-2025 14:24:36.974,-0.905008,2.901772,9.131485
26-Jan-2025 14:24:36.982,-0.770933,2.817975,9.662998
26-Jan-2025 14:24:36.990,-0.696713,2.834735,9.92636
26-Jan-2025 14:24:36.998,-0.596156,2.80361,10.067618
26-Jan-2025 14:24:37.006,-0.486023,2.770091,10.156203
26-Jan-2025 14:24:37.014,-0.555455,2.650381,10.077195
26-Jan-2025 14:24:37.022,-0.596156,2.494758,9.89763
26-Jan-2025 14:24:37.030,-0.603339,2.475605,9.708488
26-Jan-2025 14:24:37.038,-0.581791,2.521094,9.739613
26-Jan-2025 14:24:37.046,-0.586579,2.530671,9.811439
26-Jan-2025 14:24:37.054,-0.538695,2.521094,9.68694
26-Jan-2025 14:24:37.062,-0.416591,2.509123,9.617508
26-Jan-2025 14:24:37.070,-0.371101,2.53546,9.588778
26-Jan-2025 14:24:37.078,-0.335188,2.686294,9.588778
26-Jan-2025 14:24:37.086,-0.411803,2.748544,9.610326
26-Jan-2025 14:24:37.094,-0.632069,2.542642,9.452309
26-Jan-2025 14:24:37.102,-0.505177,2.375048,9.330204
26-Jan-2025 14:24:37.111,-0.275333,2.408567,9.342175
26-Jan-2025 14:24:37.119,-0.167594,2.470816,9.588778
26-Jan-2025 14:24:37.127,-0.162806,2.463634,9.763555
26-Jan-2025 14:24:37.135,-0.169988,2.403779,9.933543
26-Jan-2025 14:24:37.143,-0.088585,2.401384,9.991004
26-Jan-2025 14:24:37.151,-0.093374,2.401384,10.053253
26-Jan-2025 14:24:37.159,-0.117316,2.382231,10.149021
26-Jan-2025 14:24:37.167,-0.184354,2.410961,10.251971
26-Jan-2025 14:24:37.175,-0.220267,2.425326,10.474632
26-Jan-2025 14:24:37.183,-0.241814,2.315193,10.682928
26-Jan-2025 14:24:37.191,-0.19393,2.140416,10.790668
26-Jan-2025 14:24:37.199,-0.043096,1.934515,10.788273
26-Jan-2025 14:24:37.207,0.253785,1.690306,10.532093
26-Jan-2025 14:24:37.215,0.433351,1.70946,10.299856
26-Jan-2025 14:24:37.223,0.452504,1.84593,10.268731
26-Jan-2025 14:24:37.231,0.423774,1.996764,10.168175
26-Jan-2025 14:24:37.239,0.354342,2.06859,10.041282
26-Jan-2025 14:24:37.247,0.237026,2.011129,9.983821
26-Jan-2025 14:24:37.255,0.196325,1.896208,10.084377
26-Jan-2025 14:24:37.263,0.150835,1.786075,10.172963
26-Jan-2025 14:24:37.271,0.205901,1.651999,10.220847
26-Jan-2025 14:24:37.279,0.227449,1.575385,10.172963
26-Jan-2025 14:24:37.287,0.282516,1.541866,10.014946
26-Jan-2025 14:24:37.295,0.287304,1.446098,9.911995
26-Jan-2025 14:24:37.303,0.248997,1.328782,9.964667
26-Jan-2025 14:24:37.311,0.122104,1.268927,10.038888
26-Jan-2025 14:24:37.319,0.177171,1.218649,10.041282
26-Jan-2025 14:24:37.327,0.354342,1.221043,9.967062
26-Jan-2025 14:24:37.335,0.423774,1.101333,9.995792
26-Jan-2025 14:24:37.343,0.486023,1.005565,9.974244
26-Jan-2025 14:24:37.351,0.603339,0.88346,9.85214
26-Jan-2025 14:24:37.359,0.639252,0.885855,9.744401
26-Jan-2025 14:24:37.367,0.529119,1.130063,9.672575
26-Jan-2025 14:24:37.375,0.474052,1.35033,9.591172
26-Jan-2025 14:24:37.384,0.37589,1.443704,9.31105
26-Jan-2025 14:24:37.392,0.158017,1.70946,9.270349
26-Jan-2025 14:24:37.400,0.146046,1.776498,9.469068
26-Jan-2025 14:24:37.408,0.277727,1.975216,9.16261
26-Jan-2025 14:24:37.416,0.517148,2.035071,8.966286
26-Jan-2025 14:24:37.424,0.814029,1.865083,8.853758
26-Jan-2025 14:24:37.432,0.6608,1.817199,8.92319
26-Jan-2025 14:24:37.440,0.732626,1.757344,9.045294
26-Jan-2025 14:24:37.448,0.931344,1.649605,9.124303
