Timestamp,X,Y,Z
18-Jan-2025 14:36:35.724,-0.40462,9.478644,2.961627
18-Jan-2025 14:36:35.732,-0.390255,9.459491,2.949656
18-Jan-2025 14:36:35.740,-0.409408,9.476251,2.966416
18-Jan-2025 14:36:35.748,-0.469264,9.528923,2.942474
18-Jan-2025 14:36:35.756,-0.428562,9.586384,2.89459
18-Jan-2025 14:36:35.764,-0.433351,9.572019,2.89459
18-Jan-2025 14:36:35.772,-0.553061,9.595961,2.868254
18-Jan-2025 14:36:35.780,-0.565032,9.64145,2.789245
18-Jan-2025 14:36:35.788,-0.536301,9.636662,2.6839
18-Jan-2025 14:36:35.796,-0.428562,9.531317,2.576161
18-Jan-2025 14:36:35.804,-0.25618,9.519346,2.492364
18-Jan-2025 14:36:35.812,-0.174777,9.514558,2.41575
18-Jan-2025 14:36:35.820,-0.19393,9.485827,2.260126
18-Jan-2025 14:36:35.828,-0.203507,9.519346,2.209848
18-Jan-2025 14:36:35.836,-0.234632,9.473856,2.140416
18-Jan-2025 14:36:35.845,-0.146046,9.440337,2.173935
18-Jan-2025 14:36:35.853,-0.301669,9.457097,2.367866
18-Jan-2025 14:36:35.861,-0.316035,9.540894,2.5187
18-Jan-2025 14:36:35.869,-0.265756,9.435549,2.715025
18-Jan-2025 14:36:35.877,-0.158017,9.461885,3.0143
18-Jan-2025 14:36:35.885,-0.081403,9.425972,3.234566
18-Jan-2025 14:36:35.893,-0.198719,9.423578,3.383007
18-Jan-2025 14:36:35.901,0.014365,9.248801,3.670311
18-Jan-2025 14:36:35.909,-0.107739,9.301474,3.586514
18-Jan-2025 14:36:35.917,0.143652,9.334992,3.536236
18-Jan-2025 14:36:35.925,0.42138,9.198523,3.667917
18-Jan-2025 14:36:35.933,0.366313,9.097966,3.768473
18-Jan-2025 14:36:35.941,0.114922,9.471462,4.177882
18-Jan-2025 14:36:35.949,0.095768,9.749189,3.833117
18-Jan-2025 14:36:35.957,0.174777,9.646238,3.378219
18-Jan-2025 14:36:35.965,0.253785,9.334992,3.507505
18-Jan-2025 14:36:35.973,0.222661,9.121908,3.627216
18-Jan-2025 14:36:35.981,0.071826,9.160215,3.497929
18-Jan-2025 14:36:35.989,-0.086191,9.303867,3.466804
18-Jan-2025 14:36:35.997,-0.172383,9.392453,3.41892
18-Jan-2025 14:36:36.005,-0.299275,9.555259,3.41892
18-Jan-2025 14:36:36.013,-0.4956,9.684546,3.186682
18-Jan-2025 14:36:36.021,-0.639252,9.80665,2.82037
18-Jan-2025 14:36:36.029,-0.557849,9.73243,2.396596
18-Jan-2025 14:36:36.037,-0.742203,9.828198,2.284068
18-Jan-2025 14:36:36.045,-0.826,9.952697,2.396596
18-Jan-2025 14:36:36.053,-0.452504,9.878476,2.463634
18-Jan-2025 14:36:36.062,-0.225055,9.624691,2.583344
18-Jan-2025 14:36:36.070,-0.234632,9.593566,2.454057
18-Jan-2025 14:36:36.078,-0.371101,9.605537,2.360683
18-Jan-2025 14:36:36.086,-0.574608,9.600749,2.166753
18-Jan-2025 14:36:36.094,-0.433351,9.586384,2.176329
18-Jan-2025 14:36:36.102,-0.25618,9.593566,2.439692
18-Jan-2025 14:36:36.110,-0.129287,9.603143,2.827552
18-Jan-2025 14:36:36.117,-0.153229,9.595961,2.877831
18-Jan-2025 14:36:36.126,-0.179565,9.466674,2.798822
18-Jan-2025 14:36:36.134,-0.105345,9.600749,2.827552
18-Jan-2025 14:36:36.142,-0.143652,9.603143,2.736573
18-Jan-2025 14:36:36.150,-0.438139,9.68694,2.485181
18-Jan-2025 14:36:36.158,-0.560243,9.765948,2.13084
18-Jan-2025 14:36:36.166,-0.871489,9.871294,2.106898
18-Jan-2025 14:36:36.174,-0.572214,9.837775,2.528277
18-Jan-2025 14:36:36.182,-0.474052,9.696517,2.767697
18-Jan-2025 14:36:36.190,-0.363919,9.576807,2.899378
18-Jan-2025 14:36:36.198,-0.162806,9.485827,2.817975
18-Jan-2025 14:36:36.206,0.418985,9.255983,3.112462
18-Jan-2025 14:36:36.214,0.126893,9.306262,3.258508
18-Jan-2025 14:36:36.222,0.04549,9.423578,3.038242
18-Jan-2025 14:36:36.230,-0.033519,9.512163,2.808398
18-Jan-2025 14:36:36.238,-0.004788,9.569624,2.693477
18-Jan-2025 14:36:36.246,-0.105345,9.579201,2.48997
18-Jan-2025 14:36:36.254,-0.081403,9.411607,2.470816
18-Jan-2025 14:36:36.262,-0.083797,9.136273,2.248155
18-Jan-2025 14:36:36.271,0.083797,9.361329,2.080561
18-Jan-2025 14:36:36.279,-0.016759,9.56723,2.224213
18-Jan-2025 14:36:36.287,-0.047884,9.588778,2.32477
18-Jan-2025 14:36:36.295,-0.268151,9.610326,2.327164
18-Jan-2025 14:36:36.303,-0.497994,9.691729,2.099715
18-Jan-2025 14:36:36.311,-0.787692,9.785102,1.821988
18-Jan-2025 14:36:36.319,-1.221043,9.92636,1.568202
18-Jan-2025 14:36:36.327,-1.39582,10.103531,1.118092
18-Jan-2025 14:36:36.335,-1.438915,10.110714,0.950498
18-Jan-2025 14:36:36.343,-1.074997,9.876082,0.909797
18-Jan-2025 14:36:36.351,-0.584185,9.593566,0.703895
18-Jan-2025 14:36:36.359,-0.390255,9.404425,0.749385
18-Jan-2025 14:36:36.367,-0.227449,9.428367,1.046266
18-Jan-2025 14:36:36.375,-0.126893,9.483433,1.144428
18-Jan-2025 14:36:36.383,-0.143652,9.497798,1.410185
18-Jan-2025 14:36:36.391,-0.143652,9.617508,1.687912
18-Jan-2025 14:36:36.399,-0.392649,9.794679,1.781286
18-Jan-2025 14:36:36.407,-0.826,9.976639,1.977611
18-Jan-2025 14:36:36.415,-0.933739,10.237606,2.042254
18-Jan-2025 14:36:36.423,-1.04866,10.304645,2.092532
18-Jan-2025 14:36:36.431,-1.256956,10.407595,2.063802
18-Jan-2025 14:36:36.439,-1.510741,10.496181,2.042254
18-Jan-2025 14:36:36.447,-0.991199,10.304645,2.243367
18-Jan-2025 14:36:36.455,-0.428562,9.988609,2.30801
18-Jan-2025 14:36:36.463,-0.277727,9.868899,2.245761
18-Jan-2025 14:36:36.471,-0.107739,9.773131,2.255338
18-Jan-2025 14:36:36.480,0.035913,9.782708,2.13084
18-Jan-2025 14:36:36.488,-0.023942,9.605537,2.042254
18-Jan-2025 14:36:36.496,0.146046,9.507375,2.054225
18-Jan-2025 14:36:36.504,-0.174777,9.619903,1.747767
18-Jan-2025 14:36:36.512,-0.629675,9.718064,1.740585
18-Jan-2025 14:36:36.520,-0.845153,9.938332,1.915361
18-Jan-2025 14:36:36.528,-0.617704,9.821015,1.769315
18-Jan-2025 14:36:36.536,-0.718261,9.919178,1.66397
18-Jan-2025 14:36:36.544,-0.545878,9.938332,1.687912
18-Jan-2025 14:36:36.552,-0.526724,9.91439,1.702277
18-Jan-2025 14:36:36.560,-0.823605,10.093954,1.817199
18-Jan-2025 14:36:36.568,-0.68953,10.012551,1.33357
18-Jan-2025 14:36:36.576,-0.323217,9.682152,1.290475
18-Jan-2025 14:36:36.584,-0.514753,9.674969,1.242591
18-Jan-2025 14:36:36.592,0.136469,9.694122,0.933739
18-Jan-2025 14:36:36.600,0.711078,9.100361,0.629675
18-Jan-2025 14:36:36.608,-0.138864,9.416395,0.387861
18-Jan-2025 14:36:36.616,-1.252167,10.029311,0.938527
18-Jan-2025 14:36:36.624,-1.484405,10.27352,0.849942
18-Jan-2025 14:36:36.632,-1.247379,10.309433,0.466869
18-Jan-2025 14:36:36.640,-0.723049,9.940725,0.234632
18-Jan-2025 14:36:36.648,-0.368707,9.552865,0.117316
18-Jan-2025 14:36:36.656,-0.316035,9.088389,0.079009
18-Jan-2025 14:36:36.664,-0.462081,8.319851,0.186748
18-Jan-2025 14:36:36.672,-1.027112,8.044518,0.821211
18-Jan-2025 14:36:36.681,-1.37906,8.123527,1.16837
18-Jan-2025 14:36:36.689,-1.364695,8.109161,0.543484
18-Jan-2025 14:36:36.697,-1.714248,8.209718,0.948104
18-Jan-2025 14:36:36.705,-1.335965,8.422802,0.035913
18-Jan-2025 14:36:36.713,-1.831564,8.458714,-0.837971
18-Jan-2025 14:36:36.721,-1.733402,8.571242,-1.266533
18-Jan-2025 14:36:36.729,-1.33357,8.753201,-1.101333
18-Jan-2025 14:36:36.737,-1.450886,8.939949,-1.031901
18-Jan-2025 14:36:36.745,-1.403002,9.14585,-1.051055
18-Jan-2025 14:36:36.753,-1.012747,9.227253,-0.608127
18-Jan-2025 14:36:36.761,-0.656011,9.270349,0.071826
18-Jan-2025 14:36:36.769,-0.667982,9.689334,0.28491
18-Jan-2025 14:36:36.777,1.886631,8.707711,1.347936
18-Jan-2025 14:36:36.785,2.355895,8.42759,2.693477
18-Jan-2025 14:36:36.793,1.42455,8.647857,3.694253
18-Jan-2025 14:36:36.801,0.423774,8.841787,4.307169
18-Jan-2025 14:36:36.809,0.481235,8.676587,3.497929
18-Jan-2025 14:36:36.817,2.032677,9.016563,2.554613
18-Jan-2025 14:36:36.825,2.413355,9.423578,2.018312
18-Jan-2025 14:36:36.833,2.841918,9.366117,1.374272
18-Jan-2025 14:36:36.841,2.973598,9.490616,0.713472
18-Jan-2025 14:36:36.849,2.918532,9.533711,-0.026336
18-Jan-2025 14:36:36.857,2.72939,9.461885,-0.368707
18-Jan-2025 14:36:36.865,2.379837,9.303867,-0.639252
18-Jan-2025 14:36:36.873,1.774103,9.100361,-0.909797
18-Jan-2025 14:36:36.881,1.355118,8.947132,-0.866701
18-Jan-2025 14:36:36.889,1.266533,8.872911,0.258574
18-Jan-2025 14:36:36.897,1.400608,8.760384,1.733402
18-Jan-2025 14:36:36.906,1.01993,8.647857,2.906561
18-Jan-2025 14:36:36.914,0.756568,8.341399,3.339911
18-Jan-2025 14:36:36.922,0.454898,8.348581,3.552995
18-Jan-2025 14:36:36.930,0.124498,8.611943,3.912126
18-Jan-2025 14:36:36.938,0.464475,8.767567,3.967192
18-Jan-2025 14:36:36.946,1.015141,8.793902,3.488352
18-Jan-2025 14:36:36.954,1.316811,9.198523,3.083732
18-Jan-2025 14:36:36.962,1.711854,9.370906,2.219425
18-Jan-2025 14:36:36.970,1.704672,9.342175,2.451663
18-Jan-2025 14:36:36.978,2.121263,9.006987,2.511518
18-Jan-2025 14:36:36.986,2.341529,8.848969,1.786075
18-Jan-2025 14:36:36.994,1.678335,9.083601,1.70946
18-Jan-2025 14:36:37.002,0.3304,8.827422,1.826776
18-Jan-2025 14:36:37.010,-0.603339,8.935161,1.972822
18-Jan-2025 14:36:37.018,-0.550666,9.095572,2.219425
18-Jan-2025 14:36:37.026,-0.347159,9.160215,2.47321
18-Jan-2025 14:36:37.034,-0.533907,9.55047,3.284845
18-Jan-2025 14:36:37.042,-0.021548,9.715671,4.060566
18-Jan-2025 14:36:37.050,0.857124,9.665392,4.984728
18-Jan-2025 14:36:37.058,1.862689,9.504981,5.566519
18-Jan-2025 14:36:37.066,1.898602,9.514558,5.679047
18-Jan-2025 14:36:37.074,1.467646,9.629479,5.408502
18-Jan-2025 14:36:37.082,0.751779,9.435549,4.817134
18-Jan-2025 14:36:37.090,1.01993,9.323022,4.627992
18-Jan-2025 14:36:37.098,1.098939,9.476251,4.955997
18-Jan-2025 14:36:37.106,0.916979,9.40203,5.267244
18-Jan-2025 14:36:37.114,0.746991,8.911219,4.946421
18-Jan-2025 14:36:37.122,0.620098,9.208099,4.783615
18-Jan-2025 14:36:37.130,0.371101,9.660604,4.733337
18-Jan-2025 14:36:37.139,0.462081,10.09156,4.493917
18-Jan-2025 14:36:37.147,0.790087,10.316615,4.692636
18-Jan-2025 14:36:37.155,1.165976,10.249578,4.91769
18-Jan-2025 14:36:37.163,1.09415,10.09156,4.764462
18-Jan-2025 14:36:37.171,0.624887,9.682152,4.185065
18-Jan-2025 14:36:37.179,0.19393,9.337387,3.588908
18-Jan-2025 14:36:37.187,-0.232238,9.320627,3.337517
18-Jan-2025 14:36:37.195,-0.555455,9.639056,3.651158
18-Jan-2025 14:36:37.203,-0.658405,9.859323,4.06296
18-Jan-2025 14:36:37.211,-0.399832,9.78989,4.340688
18-Jan-2025 14:36:37.219,-0.057461,9.564836,4.821922
18-Jan-2025 14:36:37.227,0.222661,9.382876,5.537788
18-Jan-2025 14:36:37.235,0.52433,9.349358,5.841852
18-Jan-2025 14:36:37.243,0.545878,9.43076,5.597643
18-Jan-2025 14:36:37.251,0.636858,9.44752,5.200206
18-Jan-2025 14:36:37.259,0.691924,9.421184,5.078102
18-Jan-2025 14:36:37.267,0.514753,9.497798,4.946421
18-Jan-2025 14:36:37.275,0.402226,9.488221,4.869806
18-Jan-2025 14:36:37.283,0.248997,9.428367,4.716578
18-Jan-2025 14:36:37.291,0.217872,9.349358,4.551377
18-Jan-2025 14:36:37.299,0.471658,9.368511,4.443638
18-Jan-2025 14:36:37.307,0.617704,9.435549,4.338294
18-Jan-2025 14:36:37.315,0.617704,9.40203,4.572925
18-Jan-2025 14:36:37.323,0.670376,9.32781,4.704607
18-Jan-2025 14:36:37.331,0.814029,9.196129,4.886566
18-Jan-2025 14:36:37.340,0.754174,9.14585,5.046977
18-Jan-2025 14:36:37.348,0.739808,9.153033,4.790798
18-Jan-2025 14:36:37.356,0.792481,9.124303,4.477157
18-Jan-2025 14:36:37.364,0.907402,9.165004,4.110844
18-Jan-2025 14:36:37.372,1.046266,9.153033,3.837905
18-Jan-2025 14:36:37.380,1.16837,9.119514,3.91452
18-Jan-2025 14:36:37.388,1.036689,9.138668,4.103662
18-Jan-2025 14:36:37.396,0.691924,8.918402,4.161122
18-Jan-2025 14:36:37.404,0.713472,8.935161,4.307169
18-Jan-2025 14:36:37.412,0.577003,9.028535,4.584896
18-Jan-2025 14:36:37.420,0.337582,9.030929,4.510676
18-Jan-2025 14:36:37.428,0.234632,9.109938,4.283227
18-Jan-2025 14:36:37.436,0.169988,9.13388,4.168305
18-Jan-2025 14:36:37.444,0.35913,9.114726,4.005499
18-Jan-2025 14:36:37.452,0.651223,8.954314,3.818752
18-Jan-2025 14:36:37.460,0.418985,9.210494,4.448427
18-Jan-2025 14:36:37.468,0.835576,8.62152,4.491522
18-Jan-2025 14:36:37.476,2.011129,7.953538,4.1707
18-Jan-2025 14:36:37.484,1.553837,8.171411,4.570531
18-Jan-2025 14:36:37.492,0.395043,8.087613,4.474763
18-Jan-2025 14:36:37.500,-0.038307,8.075643,4.058172
18-Jan-2025 14:36:37.508,-0.395043,8.805874,4.74052
18-Jan-2025 14:36:37.516,-0.557849,9.320627,5.518635
18-Jan-2025 14:36:37.524,-0.751779,9.449914,5.643134
18-Jan-2025 14:36:37.532,-0.543484,9.579201,5.705383
18-Jan-2025 14:36:37.539,-0.220267,9.904813,5.940014
18-Jan-2025 14:36:37.549,0.430956,9.16261,5.844246
18-Jan-2025 14:36:37.557,-0.263362,8.966286,5.774815
18-Jan-2025 14:36:37.565,0.287304,8.377312,5.351041
18-Jan-2025 14:36:37.573,0.086191,8.236053,5.099649
18-Jan-2025 14:36:37.581,-0.407014,8.678981,4.999093
18-Jan-2025 14:36:37.589,-0.490811,8.801085,4.584896
18-Jan-2025 14:36:37.597,-0.311246,8.688558,4.398149
18-Jan-2025 14:36:37.605,-0.227449,8.671799,4.537012
18-Jan-2025 14:36:37.613,-0.318429,8.702923,4.88896
18-Jan-2025 14:36:37.621,-0.280122,8.640674,5.267244
18-Jan-2025 14:36:37.629,-0.311246,8.655039,5.640739
18-Jan-2025 14:36:37.637,-0.28491,8.695741,5.971139
18-Jan-2025 14:36:37.645,-0.083797,8.631097,6.361394
18-Jan-2025 14:36:37.653,0.033519,8.626308,6.634333
18-Jan-2025 14:36:37.661,0.270545,8.604761,6.526594
18-Jan-2025 14:36:37.669,0.055067,8.590396,6.205771
18-Jan-2025 14:36:37.677,-0.215478,8.576031,5.664681
18-Jan-2025 14:36:37.685,0.354342,8.887277,5.307945
18-Jan-2025 14:36:37.693,0.129287,8.880095,5.003881
18-Jan-2025 14:36:37.701,0.057461,8.980651,4.462792
18-Jan-2025 14:36:37.709,0.21069,8.983045,4.424485
18-Jan-2025 14:36:37.717,0.3304,8.870518,4.58729
18-Jan-2025 14:36:37.725,0.332794,8.748413,4.745308
18-Jan-2025 14:36:37.733,0.301669,8.765172,4.786009
18-Jan-2025 14:36:37.741,0.332794,8.791509,4.817134
18-Jan-2025 14:36:37.750,0.47884,8.734048,4.802769
18-Jan-2025 14:36:37.758,0.768539,8.683769,4.96318
18-Jan-2025 14:36:37.766,0.97444,8.700529,5.039794
18-Jan-2025 14:36:37.774,0.902614,8.664616,5.025429
18-Jan-2025 14:36:37.782,0.723049,8.599973,5.149928
18-Jan-2025 14:36:37.790,0.543484,8.499416,5.542577
18-Jan-2025 14:36:37.798,0.351948,8.434772,6.124368
18-Jan-2025 14:36:37.806,0.301669,8.343793,6.442797
18-Jan-2025 14:36:37.814,0.351948,8.291121,6.363788
18-Jan-2025 14:36:37.822,0.361524,8.329428,6.047753
18-Jan-2025 14:36:37.830,0.356736,8.453926,5.576096
18-Jan-2025 14:36:37.838,0.244209,8.540117,5.039794
18-Jan-2025 14:36:37.846,0.114922,8.51857,4.735731
18-Jan-2025 14:36:37.854,0.098162,8.51857,4.63278
18-Jan-2025 14:36:37.862,0.160412,8.492233,4.74052
18-Jan-2025 14:36:37.870,0.311246,8.465898,4.999093
18-Jan-2025 14:36:37.878,0.407014,8.408437,5.341464
18-Jan-2025 14:36:37.886,0.442927,8.283937,5.580884
18-Jan-2025 14:36:37.894,0.3304,8.214506,5.614403
18-Jan-2025 14:36:37.902,0.129287,8.23366,5.619191
18-Jan-2025 14:36:37.910,-0.09098,8.274361,5.588067
18-Jan-2025 14:36:37.918,-0.126893,8.317456,5.432444
18-Jan-2025 14:36:37.926,-0.031125,8.396465,5.073313
18-Jan-2025 14:36:37.934,0.098162,8.413225,4.752491
18-Jan-2025 14:36:37.942,0.301669,8.434772,4.853047
18-Jan-2025 14:36:37.951,0.672771,8.439561,5.403713
18-Jan-2025 14:36:37.959,0.905008,8.3821,5.770026
18-Jan-2025 14:36:37.967,0.943315,8.248025,5.861006
18-Jan-2025 14:36:37.975,0.632069,8.137892,5.516241
18-Jan-2025 14:36:37.983,0.3304,8.659827,5.324705
18-Jan-2025 14:36:37.991,0.25618,9.081207,5.102044
18-Jan-2025 14:36:37.999,0.311246,8.968679,4.48434
18-Jan-2025 14:36:38.007,0.342371,8.808268,4.000711
18-Jan-2025 14:36:38.015,0.411803,8.815451,3.739743
18-Jan-2025 14:36:38.023,0.407014,8.899248,3.643975
18-Jan-2025 14:36:38.031,0.339977,8.939949,3.725378
18-Jan-2025 14:36:38.039,0.158017,8.932767,3.909731
18-Jan-2025 14:36:38.047,0.016759,8.880095,4.106056
18-Jan-2025 14:36:38.055,-0.035913,8.820239,4.235343
18-Jan-2025 14:36:38.063,-0.040701,8.750807,4.400543
18-Jan-2025 14:36:38.071,0.076614,8.707711,4.79798
18-Jan-2025 14:36:38.079,0.354342,8.659827,5.262455
18-Jan-2025 14:36:38.087,0.665588,8.633492,5.559336
18-Jan-2025 14:36:38.095,0.732626,8.604761,5.8634
18-Jan-2025 14:36:38.103,0.593762,8.525752,5.980716
18-Jan-2025 14:36:38.111,0.287304,8.532935,5.729325
18-Jan-2025 14:36:38.119,0.023942,8.647857,5.291186
18-Jan-2025 14:36:38.127,0.050278,8.803479,4.718972
18-Jan-2025 14:36:38.135,0.102951,8.841787,4.204218
18-Jan-2025 14:36:38.143,0.043096,8.832211,3.955221
18-Jan-2025 14:36:38.151,-0.043096,8.848969,3.912126
18-Jan-2025 14:36:38.159,-0.043096,8.825027,3.962404
18-Jan-2025 14:36:38.168,-0.162806,8.789114,4.10845
18-Jan-2025 14:36:38.176,-0.172383,8.765172,4.419696
18-Jan-2025 14:36:38.184,-0.052672,8.784326,4.857835
18-Jan-2025 14:36:38.192,0.064643,8.748413,5.214571
18-Jan-2025 14:36:38.200,0.105345,8.702923,5.449203
18-Jan-2025 14:36:38.208,0.126893,8.7125,5.525817
18-Jan-2025 14:36:38.216,0.050278,8.750807,5.612009
18-Jan-2025 14:36:38.224,-0.088585,8.228871,5.33907
18-Jan-2025 14:36:38.232,-0.064643,8.580819,5.377377
18-Jan-2025 14:36:38.240,0.277727,8.908825,5.135562
18-Jan-2025 14:36:38.248,0.567426,9.107543,4.826711
18-Jan-2025 14:36:38.256,0.603339,9.030929,4.465186
18-Jan-2025 14:36:38.264,0.438139,8.927979,4.359841
18-Jan-2025 14:36:38.272,0.234632,8.920795,4.371812
18-Jan-2025 14:36:38.280,0.114922,8.913613,4.326323
18-Jan-2025 14:36:38.288,-0.351948,8.985439,4.328717
18-Jan-2025 14:36:38.296,-0.699107,8.817844,4.515464
18-Jan-2025 14:36:38.304,-0.998382,8.576031,4.955997
18-Jan-2025 14:36:38.312,-0.864307,8.343793,5.135562
18-Jan-2025 14:36:38.320,-0.521936,8.06846,5.523423
18-Jan-2025 14:36:38.328,-0.237026,7.845799,6.076484
18-Jan-2025 14:36:38.336,-0.277727,8.171411,6.59842
18-Jan-2025 14:36:38.344,-1.055843,8.116343,6.59842
18-Jan-2025 14:36:38.352,-0.893037,7.726089,5.635951
18-Jan-2025 14:36:38.360,-0.979228,8.662222,5.231331
18-Jan-2025 14:36:38.368,-0.505177,9.615114,5.679047
18-Jan-2025 14:36:38.376,0.586579,8.889671,5.647922
18-Jan-2025 14:36:38.385,0.462081,8.121132,4.283227
18-Jan-2025 14:36:38.393,0.162806,8.226477,3.6751
18-Jan-2025 14:36:38.401,0.023942,8.686164,3.706224
18-Jan-2025 14:36:38.409,-0.011971,8.655039,3.5099
18-Jan-2025 14:36:38.417,0.708684,8.283937,2.681506
18-Jan-2025 14:36:38.425,1.21386,8.37013,3.155558
18-Jan-2025 14:36:38.433,1.197101,8.676587,3.909731
18-Jan-2025 14:36:38.441,1.11091,8.520964,4.582502
18-Jan-2025 14:36:38.449,0.845153,8.286332,4.936844
18-Jan-2025 14:36:38.457,0.459687,8.271967,5.231331
18-Jan-2025 14:36:38.464,0.232238,8.3821,5.432444
18-Jan-2025 14:36:38.473,0.055067,8.432379,5.554548
18-Jan-2025 14:36:38.481,0.100556,8.413225,5.386954
18-Jan-2025 14:36:38.489,0.351948,8.300697,5.521029
18-Jan-2025 14:36:38.497,0.555455,8.228871,6.014235
18-Jan-2025 14:36:38.505,0.881066,8.066066,6.495469
18-Jan-2025 14:36:38.513,1.036689,8.133103,6.847417
18-Jan-2025 14:36:38.521,1.173159,8.485051,6.76362
18-Jan-2025 14:36:38.529,1.563414,8.487445,6.208165
18-Jan-2025 14:36:38.537,1.005565,8.686164,5.791574
18-Jan-2025 14:36:38.545,0.433351,9.021352,6.43322
18-Jan-2025 14:36:38.553,1.072602,8.525752,6.335058
18-Jan-2025 14:36:38.561,1.034295,8.180987,6.481104
18-Jan-2025 14:36:38.569,0.301669,7.627927,6.46195
18-Jan-2025 14:36:38.577,1.063026,7.960721,6.579266
18-Jan-2025 14:36:38.585,1.441309,8.372523,7.309498
18-Jan-2025 14:36:38.594,1.18513,7.991845,7.326257
18-Jan-2025 14:36:38.602,1.122881,7.742848,6.773197
18-Jan-2025 14:36:38.610,1.096544,7.714118,6.248867
18-Jan-2025 14:36:38.618,2.231396,7.108385,5.12838
18-Jan-2025 14:36:38.626,1.51553,7.359776,4.41012
18-Jan-2025 14:36:38.634,0.1652,8.202535,4.642357
18-Jan-2025 14:36:38.642,-0.124498,8.678981,5.003881
18-Jan-2025 14:36:38.650,-0.093374,8.640674,5.341464
18-Jan-2025 14:36:38.658,0.246603,8.319851,5.621585
18-Jan-2025 14:36:38.666,0.328006,8.039729,5.930438
18-Jan-2025 14:36:38.674,0.361524,7.874529,6.38773
18-Jan-2025 14:36:38.682,2.056619,6.447585,5.343858
18-Jan-2025 14:36:38.690,1.252167,6.885724,4.771644
18-Jan-2025 14:36:38.698,0.19393,7.055712,5.374983
18-Jan-2025 14:36:38.706,-0.038307,7.103596,6.105214
18-Jan-2025 14:36:38.714,-0.098162,6.964733,6.557718
18-Jan-2025 14:36:38.722,0.052672,7.019799,6.782773
18-Jan-2025 14:36:38.730,0.088585,7.225701,7.012617
18-Jan-2025 14:36:38.738,-0.062249,7.424419,7.592013
18-Jan-2025 14:36:38.746,-0.241814,7.714118,8.348581
18-Jan-2025 14:36:38.754,-0.227449,8.046912,8.755595
18-Jan-2025 14:36:38.762,-0.335188,8.240842,9.011775
18-Jan-2025 14:36:38.770,-0.663194,8.408437,9.370906
18-Jan-2025 14:36:38.778,-1.024718,8.719683,9.598354
18-Jan-2025 14:36:38.785,-0.392649,8.149862,9.16261
18-Jan-2025 14:36:38.794,0.244209,7.28795,8.954314
18-Jan-2025 14:36:38.802,0.126893,6.892907,9.02614
18-Jan-2025 14:36:38.810,-0.138864,6.67264,8.813056
18-Jan-2025 14:36:38.818,-0.361524,6.722919,8.506598
18-Jan-2025 14:36:38.826,-1.216254,7.252037,8.602366
18-Jan-2025 14:36:38.834,-1.769315,7.776367,8.887277
18-Jan-2025 14:36:38.843,-2.262521,8.111555,9.01417
18-Jan-2025 14:36:38.851,-2.025495,7.955932,8.5473
18-Jan-2025 14:36:38.859,-1.30484,7.273585,7.97748
18-Jan-2025 14:36:38.867,-0.548272,6.801927,7.649475
18-Jan-2025 14:36:38.875,0.184354,6.579266,8.145074
18-Jan-2025 14:36:38.883,0.651223,6.500257,8.497022
18-Jan-2025 14:36:38.891,0.605733,6.50744,6.198588
18-Jan-2025 14:36:38.899,0.720655,6.892907,8.870518
18-Jan-2025 14:36:38.907,0.816423,7.733272,8.078036
18-Jan-2025 14:36:38.915,1.197101,8.295909,8.06846
18-Jan-2025 14:36:38.923,1.417367,8.564059,7.568071
18-Jan-2025 14:36:38.931,1.771709,8.542512,6.588843
18-Jan-2025 14:36:38.939,2.152387,8.240842,5.039794
18-Jan-2025 14:36:38.947,2.80361,7.632715,4.429273
18-Jan-2025 14:36:38.955,3.201048,7.192182,3.725378
18-Jan-2025 14:36:38.963,2.885013,7.096414,3.416526
18-Jan-2025 14:36:38.971,2.272097,7.376535,3.071761
18-Jan-2025 14:36:38.979,2.035071,7.046135,2.621651
18-Jan-2025 14:36:38.987,1.821988,7.208941,2.590526
18-Jan-2025 14:36:38.995,2.008735,7.371747,2.801216
18-Jan-2025 14:36:39.003,2.743755,7.460332,2.908955
18-Jan-2025 14:36:39.011,3.330335,7.357382,2.573767
18-Jan-2025 14:36:39.019,3.782839,7.117962,1.810017
18-Jan-2025 14:36:39.027,4.206613,6.722919,1.058237
18-Jan-2025 14:36:39.035,4.611232,6.402095,0.141258
18-Jan-2025 14:36:39.043,4.386178,6.476315,-1.043872
18-Jan-2025 14:36:39.051,5.020641,5.796362,-2.566584
18-Jan-2025 14:36:39.059,4.965574,6.212954,-4.22816
18-Jan-2025 14:36:39.067,4.31914,6.962338,-5.370194
18-Jan-2025 14:36:39.075,4.146757,7.417237,-6.500257
18-Jan-2025 14:36:39.084,3.847482,7.433996,-7.685388
18-Jan-2025 14:36:39.092,3.835511,7.386112,-8.736442
18-Jan-2025 14:36:39.100,3.900155,7.366959,-8.844181
18-Jan-2025 14:36:39.108,4.24492,7.110779,-8.451532
18-Jan-2025 14:36:39.116,4.446033,7.180211,-7.900866
18-Jan-2025 14:36:39.124,4.876989,7.165846,-7.331046
18-Jan-2025 14:36:39.132,4.853047,7.489063,-6.878541
18-Jan-2025 14:36:39.140,4.711789,7.826645,-6.569689
18-Jan-2025 14:36:39.148,5.164293,8.042124,-6.775591
18-Jan-2025 14:36:39.156,5.178658,8.362947,-6.916849
18-Jan-2025 14:36:39.164,5.209783,8.465898,-7.558495
18-Jan-2025 14:36:39.172,5.152322,8.362947,-7.513005
18-Jan-2025 14:36:39.180,5.506664,7.97748,-7.354988
18-Jan-2025 14:36:39.188,5.418078,8.02297,-7.043741
18-Jan-2025 14:36:39.196,5.099649,8.087613,-6.880936
18-Jan-2025 14:36:39.204,4.975151,8.145074,-6.991069
18-Jan-2025 14:36:39.212,5.360618,8.26239,-6.945579
18-Jan-2025 14:36:39.220,5.015852,8.468291,-7.041347
18-Jan-2025 14:36:39.228,4.752491,8.520964,-7.469909
18-Jan-2025 14:36:39.236,4.510676,8.461109,-7.357382
18-Jan-2025 14:36:39.244,4.307169,8.418014,-6.663064
18-Jan-2025 14:36:39.252,4.367024,8.477868,-5.726931
18-Jan-2025 14:36:39.260,4.266468,9.13388,-5.940014
18-Jan-2025 14:36:39.268,4.853047,9.291897,-5.755661
18-Jan-2025 14:36:39.276,5.2026,8.992621,-4.376601
18-Jan-2025 14:36:39.284,4.955997,8.975863,-2.123657
18-Jan-2025 14:36:39.292,3.904943,8.872911,-0.399832
18-Jan-2025 14:36:39.300,2.53546,8.580819,0.804452
18-Jan-2025 14:36:39.308,1.228225,8.453926,1.007959
18-Jan-2025 14:36:39.317,-0.342371,9.188946,1.194707
18-Jan-2025 14:36:39.324,0.40462,10.369287,0.821211
18-Jan-2025 14:36:39.333,1.73819,11.310209,-0.672771
18-Jan-2025 14:36:39.341,2.813187,11.434708,-3.332729
18-Jan-2025 14:36:39.349,3.39019,10.941502,-5.762844
18-Jan-2025 14:36:39.357,2.652776,10.314221,-6.07409
18-Jan-2025 14:36:39.365,2.214637,9.933543,-5.104438
18-Jan-2025 14:36:39.373,2.099715,9.593566,-3.881001
18-Jan-2025 14:36:39.381,1.838747,9.28232,-2.305616
18-Jan-2025 14:36:39.389,1.604115,8.820239,-0.92895
18-Jan-2025 14:36:39.397,1.039083,8.65025,0.457293
18-Jan-2025 14:36:39.405,0.09098,8.279149,1.915361
18-Jan-2025 14:36:39.413,-0.42138,8.542512,2.549825
18-Jan-2025 14:36:39.421,-1.989582,9.047688,12.753913
18-Jan-2025 14:36:39.429,-0.957681,8.47308,25.661055
18-Jan-2025 14:36:39.437,1.041478,8.243237,16.587029
18-Jan-2025 14:36:39.445,1.228225,8.157045,7.347805
18-Jan-2025 14:36:39.453,0.407014,9.064447,-16.776171
18-Jan-2025 14:36:39.461,0.629675,10.737994,-33.686417
18-Jan-2025 14:36:39.469,-0.481235,10.520123,-25.826254
18-Jan-2025 14:36:39.477,-2.138022,9.481039,-13.261483
18-Jan-2025 14:36:39.485,-2.604892,9.315839,-5.482722
18-Jan-2025 14:36:39.493,-0.969652,9.698911,0.126893
18-Jan-2025 14:36:39.501,1.482011,9.346964,2.70066
18-Jan-2025 14:36:39.509,2.485181,9.097966,3.277662
18-Jan-2025 14:36:39.517,2.339135,9.320627,3.066972
18-Jan-2025 14:36:39.525,2.487576,9.519346,1.656788
18-Jan-2025 14:36:39.533,2.396596,9.593566,-0.351948
18-Jan-2025 14:36:39.541,1.654393,9.713276,-3.05979
18-Jan-2025 14:36:39.549,1.029507,9.91439,-4.663905
18-Jan-2025 14:36:39.558,1.017536,9.890448,-4.618415
18-Jan-2025 14:36:39.565,1.194707,9.574412,-3.536236
18-Jan-2025 14:36:39.574,1.496376,9.244013,-2.437297
18-Jan-2025 14:36:39.582,1.726219,9.006987,-1.699883
18-Jan-2025 14:36:39.590,1.912967,8.848969,-1.443704
18-Jan-2025 14:36:39.598,2.13084,8.911219,-1.683124
18-Jan-2025 14:36:39.614,1.594538,9.121908,-2.293645
18-Jan-2025 14:36:39.630,0.603339,9.313444,-2.523489
18-Jan-2025 14:36:39.646,-1.367089,9.720459,-2.272097
18-Jan-2025 14:36:39.662,0.31364,9.665392,-2.705448
18-Jan-2025 14:36:39.678,1.302446,9.68694,-3.569755
18-Jan-2025 14:36:39.694,1.266533,9.624691,-3.641581
18-Jan-2025 14:36:39.710,1.130063,10.376471,-3.531447
18-Jan-2025 14:36:39.726,1.61848,10.139444,-3.428497
18-Jan-2025 14:36:39.742,1.857901,9.801862,-3.770868
18-Jan-2025 14:36:39.758,1.242591,9.708488,-3.722984
18-Jan-2025 14:36:39.774,0.42138,9.102755,-4.151546
18-Jan-2025 14:36:39.790,0.830788,8.714894,-3.919308
18-Jan-2025 14:36:39.806,0.567426,9.030929,-3.962404
18-Jan-2025 14:36:39.823,0.241814,8.959103,-3.73256
18-Jan-2025 14:36:39.838,0.179565,9.200917,-3.761291
18-Jan-2025 14:36:39.854,0.253785,9.576807,-4.084508
18-Jan-2025 14:36:39.871,0.409408,9.770737,-4.029441
18-Jan-2025 14:36:39.887,0.320823,10.180145,-3.962404
18-Jan-2025 14:36:39.903,-0.083797,10.836157,-3.301604
18-Jan-2025 14:36:39.919,0.85473,10.812215,-3.801992
18-Jan-2025 14:36:39.935,2.810793,8.149862,-4.285621
18-Jan-2025 14:36:39.951,4.194642,7.479486,-3.541024
18-Jan-2025 14:36:39.967,-1.278504,9.14585,-6.224925
18-Jan-2025 14:36:39.983,-0.052672,9.095572,-2.149993
18-Jan-2025 14:36:39.999,3.543418,5.540183,-2.133234
18-Jan-2025 14:36:40.015,3.430891,7.366959,-2.262521
18-Jan-2025 14:36:40.031,1.774103,8.63828,-1.556231
18-Jan-2025 14:36:40.047,0.849942,9.43076,-2.102109
18-Jan-2025 14:36:40.064,0.131681,10.326192,-1.891419
18-Jan-2025 14:36:40.079,-0.009577,9.703699,-3.521871
18-Jan-2025 14:36:40.095,-1.30484,9.758766,-3.706224
18-Jan-2025 14:36:40.112,-0.205901,10.364499,-2.315193
18-Jan-2025 14:36:40.128,2.530671,10.568007,-1.527501
18-Jan-2025 14:36:40.144,3.916914,10.09156,-1.757344
18-Jan-2025 14:36:40.160,2.066196,9.40203,-2.082955
18-Jan-2025 14:36:40.176,1.848324,10.548853,-5.343858
18-Jan-2025 14:36:40.192,3.845088,9.323022,-3.342306
18-Jan-2025 14:36:40.207,2.913743,9.109938,-1.587356
18-Jan-2025 14:36:40.224,1.991976,9.14585,-2.578555
18-Jan-2025 14:36:40.240,0.972046,9.337387,-3.213019
18-Jan-2025 14:36:40.256,0.921768,9.394848,-3.186682
18-Jan-2025 14:36:40.272,1.211466,9.210494,-2.925714
18-Jan-2025 14:36:40.288,1.326388,9.083601,-2.753332
18-Jan-2025 14:36:40.304,1.362301,8.959103,-2.449268
18-Jan-2025 14:36:40.320,1.764527,8.796297,-2.269703
18-Jan-2025 14:36:40.336,1.496376,8.724471,-1.90339
18-Jan-2025 14:36:40.352,0.711078,8.935161,-1.458069
18-Jan-2025 14:36:40.369,1.074997,9.165004,-0.720655
18-Jan-2025 14:36:40.385,1.09415,9.421184,-1.331176
18-Jan-2025 14:36:40.401,1.237802,9.794679,-1.446098
18-Jan-2025 14:36:40.417,1.781286,9.856929,-1.374272
18-Jan-2025 14:36:40.433,1.958457,9.993398,-1.13964
18-Jan-2025 14:36:40.449,1.769315,9.952697,-1.029507
18-Jan-2025 14:36:40.465,1.479617,9.780313,-0.993594
18-Jan-2025 14:36:40.481,1.448492,9.562442,-0.574608
18-Jan-2025 14:36:40.497,1.482011,9.375694,-0.241814
18-Jan-2025 14:36:40.513,0.909797,9.569624,-0.481235
18-Jan-2025 14:36:40.528,1.721431,9.303867,-0.533907
18-Jan-2025 14:36:40.545,1.747767,9.342175,-1.041478
18-Jan-2025 14:36:40.561,1.620875,9.382876,-1.156399
18-Jan-2025 14:36:40.577,1.345541,9.56723,-1.247379
18-Jan-2025 14:36:40.593,1.833959,9.744401,-1.11091
18-Jan-2025 14:36:40.610,1.575385,10.216059,-1.56102
18-Jan-2025 14:36:40.626,2.202666,10.067618,-1.54426
18-Jan-2025 14:36:40.642,1.963245,10.30225,-1.640028
18-Jan-2025 14:36:40.658,2.413355,9.969456,-1.821988
18-Jan-2025 14:36:40.674,1.189918,10.388441,-2.365471
18-Jan-2025 14:36:40.690,1.575385,9.919178,-2.276886
18-Jan-2025 14:36:40.706,0.418985,10.498574,-2.358289
18-Jan-2025 14:36:40.722,0.514753,9.734824,-1.742979
18-Jan-2025 14:36:40.738,1.211466,10.187328,-1.046266
18-Jan-2025 14:36:40.754,1.302446,9.73243,-1.625663
18-Jan-2025 14:36:40.770,1.051055,9.332599,-2.291251
18-Jan-2025 14:36:40.786,0.782904,9.160215,-2.592921
18-Jan-2025 14:36:40.802,0.837971,9.524135,-2.592921
18-Jan-2025 14:36:40.818,0.768539,9.780313,-2.387019
18-Jan-2025 14:36:40.834,0.785298,9.751583,-2.104503
18-Jan-2025 14:36:40.850,0.703895,9.684546,-1.884237
18-Jan-2025 14:36:40.866,1.292869,9.610326,-1.879448
18-Jan-2025 14:36:40.883,0.725443,9.394848,-2.437297
18-Jan-2025 14:36:40.898,0.78051,9.284714,-1.936909
18-Jan-2025 14:36:40.915,0.785298,9.284714,-1.695095
18-Jan-2025 14:36:40.931,1.70946,8.312668,-1.264138
18-Jan-2025 14:36:40.947,0.225055,10.0748,-1.908179
18-Jan-2025 14:36:40.963,0.842759,9.454702,-1.055843
18-Jan-2025 14:36:40.979,0.677559,9.43076,-1.319205
18-Jan-2025 14:36:40.995,0.730232,9.105149,-1.024718
18-Jan-2025 14:36:41.011,0.624887,8.916007,-1.21386
18-Jan-2025 14:36:41.027,0.440533,8.937555,-1.587356
18-Jan-2025 14:36:41.043,0.395043,9.047688,-1.340753
18-Jan-2025 14:36:41.059,0.3304,9.188946,-1.118092
18-Jan-2025 14:36:41.075,0.299275,9.334992,-1.134852
18-Jan-2025 14:36:41.091,0.07422,9.622296,-0.967257
18-Jan-2025 14:36:41.107,-0.062249,9.904813,-0.727837
18-Jan-2025 14:36:41.123,-0.179565,10.120291,-0.703895
18-Jan-2025 14:36:41.140,-0.304064,10.230424,-0.428562
18-Jan-2025 14:36:41.156,-0.287304,10.18254,-0.28491
18-Jan-2025 14:36:41.172,-0.390255,10.122684,-0.205901
18-Jan-2025 14:36:41.188,-0.469264,10.079589,-0.038307
18-Jan-2025 14:36:41.204,-0.411803,10.048465,-0.098162
18-Jan-2025 14:36:41.220,-0.474052,10.110714,-0.095768
18-Jan-2025 14:36:41.236,-0.344765,10.110714,-0.129287
18-Jan-2025 14:36:41.252,-0.323217,10.247183,-0.423774
18-Jan-2025 14:36:41.268,-0.483629,9.979033,-0.739808
18-Jan-2025 14:36:41.284,-0.667982,9.763555,-0.653617
18-Jan-2025 14:36:41.300,-0.665588,9.564836,-0.457293
18-Jan-2025 14:36:41.316,-0.797269,9.639056,-0.457293
18-Jan-2025 14:36:41.332,-0.730232,9.82341,-0.47884
18-Jan-2025 14:36:41.348,-0.557849,10.026917,-0.337582
18-Jan-2025 14:36:41.364,-0.385466,10.084377,-0.409408
18-Jan-2025 14:36:41.380,-0.414197,10.146626,-0.517148
18-Jan-2025 14:36:41.396,-0.586579,10.213664,-0.474052
18-Jan-2025 14:36:41.412,-0.725443,10.261548,-0.428562
18-Jan-2025 14:36:41.429,-0.823605,10.216059,-0.270545
18-Jan-2025 14:36:41.444,-0.64404,10.189722,-0.002394
18-Jan-2025 14:36:41.461,-0.68953,10.149021,-0.169988
18-Jan-2025 14:36:41.477,-0.833182,10.026917,-0.102951
18-Jan-2025 14:36:41.493,-0.737414,9.888053,-0.064643
18-Jan-2025 14:36:41.509,-0.493206,9.751583,-0.320823
18-Jan-2025 14:36:41.525,-0.591368,9.696517,-0.620098
18-Jan-2025 14:36:41.541,-0.545878,9.586384,-0.42138
18-Jan-2025 14:36:41.557,-0.356736,9.564836,-0.023942
18-Jan-2025 14:36:41.573,-0.438139,9.706094,-0.102951
18-Jan-2025 14:36:41.589,-0.483629,9.837775,-0.189142
18-Jan-2025 14:36:41.605,-0.311246,10.0341,-0.169988
18-Jan-2025 14:36:41.621,-0.325611,10.093954,-0.304064
18-Jan-2025 14:36:41.637,-0.409408,10.065224,-0.282516
18-Jan-2025 14:36:41.653,-0.323217,10.053253,-0.162806
18-Jan-2025 14:36:41.669,-0.069432,10.0748,0.150835
18-Jan-2025 14:36:41.685,-0.04549,10.117896,-0.241814
18-Jan-2025 14:36:41.701,-0.246603,9.998186,-0.258574
18-Jan-2025 14:36:41.717,-0.361524,9.962274,-0.138864
18-Jan-2025 14:36:41.733,-0.141258,9.866506,-0.169988
18-Jan-2025 14:36:41.750,-0.095768,9.880871,-0.09098
18-Jan-2025 14:36:41.766,-0.124498,9.749189,-0.181959
18-Jan-2025 14:36:41.782,-0.141258,9.744401,-0.079009
18-Jan-2025 14:36:41.798,-0.040701,9.775525,0.011971
18-Jan-2025 14:36:41.814,-0.203507,9.909601,-0.138864
18-Jan-2025 14:36:41.830,-0.122104,9.864111,-0.107739
18-Jan-2025 14:36:41.846,-0.167594,9.907207,-0.136469
18-Jan-2025 14:36:41.862,-0.160412,9.976639,0.026336
18-Jan-2025 14:36:41.878,-0.227449,10.031705,-0.011971
18-Jan-2025 14:36:41.894,-0.402226,10.077195,-0.057461
18-Jan-2025 14:36:41.910,-0.260968,10.079589,0.059855
18-Jan-2025 14:36:41.926,-0.184354,9.959879,-0.09098
18-Jan-2025 14:36:41.942,-0.3304,9.856929,-0.229843
18-Jan-2025 14:36:41.958,-0.311246,9.82341,-0.220267
18-Jan-2025 14:36:41.974,-0.093374,9.742006,0.162806
18-Jan-2025 14:36:41.990,-0.105345,9.742006,-0.198719
18-Jan-2025 14:36:42.006,-0.445322,9.94312,-0.452504
18-Jan-2025 14:36:42.022,-0.351948,10.048465,-0.323217
18-Jan-2025 14:36:42.039,0.100556,10.160992,0.174777
18-Jan-2025 14:36:42.055,0.299275,10.053253,-0.050278
18-Jan-2025 14:36:42.071,0.057461,10.0341,-0.296881
18-Jan-2025 14:36:42.087,-0.011971,9.859323,-0.253785
18-Jan-2025 14:36:42.103,-0.088585,9.742006,-0.234632
18-Jan-2025 14:36:42.119,-0.148441,9.598354,-0.356736
18-Jan-2025 14:36:42.135,-0.325611,9.682152,-0.277727
18-Jan-2025 14:36:42.151,-0.198719,9.674969,-0.181959
18-Jan-2025 14:36:42.167,0.203507,9.770737,-0.052672
18-Jan-2025 14:36:42.183,0.181959,9.825804,-0.181959
18-Jan-2025 14:36:42.199,0.098162,9.773131,-0.31364
18-Jan-2025 14:36:42.215,0.174777,9.662998,-0.363919
18-Jan-2025 14:36:42.231,0.311246,9.677363,-0.292093
18-Jan-2025 14:36:42.247,0.399832,9.593566,-0.500388
18-Jan-2025 14:36:42.263,0.275333,9.67018,-0.502782
18-Jan-2025 14:36:42.279,0.21069,9.710882,-0.54109
18-Jan-2025 14:36:42.295,0.040701,9.880871,-0.797269
18-Jan-2025 14:36:42.311,0.086191,10.038888,-0.921768
18-Jan-2025 14:36:42.328,0.19393,10.129868,-0.931344
18-Jan-2025 14:36:42.343,0.373495,10.19451,-0.78051
18-Jan-2025 14:36:42.360,0.512359,10.326192,-0.92895
18-Jan-2025 14:36:42.376,0.723049,10.357317,-0.981623
18-Jan-2025 14:36:42.392,0.653617,10.386047,-1.249773
18-Jan-2025 14:36:42.408,0.390255,10.345345,-1.163582
18-Jan-2025 14:36:42.424,0.143652,10.25676,-1.218649
18-Jan-2025 14:36:42.440,0.356736,10.16578,-1.328782
18-Jan-2025 14:36:42.456,0.531513,9.931149,-1.42455
18-Jan-2025 14:36:42.472,0.529119,9.607931,-1.247379
18-Jan-2025 14:36:42.488,0.411803,9.406818,-1.039083
18-Jan-2025 14:36:42.504,0.339977,9.217676,-0.90022
18-Jan-2025 14:36:42.520,0.308852,9.141062,-0.991199
18-Jan-2025 14:36:42.536,0.361524,9.246407,-1.288081
18-Jan-2025 14:36:42.552,0.656011,9.390059,-1.537078
18-Jan-2025 14:36:42.568,0.826,9.617508,-1.594538
18-Jan-2025 14:36:42.584,0.821211,9.77792,-1.345541
18-Jan-2025 14:36:42.601,0.725443,9.945514,-1.400608
18-Jan-2025 14:36:42.617,0.656011,10.129868,-1.596933
18-Jan-2025 14:36:42.633,0.696713,10.177752,-1.644817
18-Jan-2025 14:36:42.649,0.543484,10.192117,-1.486799
18-Jan-2025 14:36:42.665,0.28491,10.263943,-1.381454
18-Jan-2025 14:36:42.681,0.174777,10.132261,-1.347936
18-Jan-2025 14:36:42.697,0.062249,10.0341,-1.386243
18-Jan-2025 14:36:42.713,0.095768,9.775525,-1.443704
18-Jan-2025 14:36:42.729,0.160412,9.603143,-1.431733
18-Jan-2025 14:36:42.745,-0.110133,9.564836,-1.364695
18-Jan-2025 14:36:42.761,-0.438139,9.452309,-1.209072
18-Jan-2025 14:36:42.777,-0.651223,9.416395,-0.955287
18-Jan-2025 14:36:42.793,-0.68953,9.514558,-0.948104
18-Jan-2025 14:36:42.809,-0.627281,9.572019,-1.079785
18-Jan-2025 14:36:42.825,-0.59855,9.742006,-1.09415
18-Jan-2025 14:36:42.842,-0.596156,9.976639,-1.039083
18-Jan-2025 14:36:42.858,-0.768539,10.156203,-1.132457
18-Jan-2025 14:36:42.874,-0.905008,10.158598,-0.995988
18-Jan-2025 14:36:42.890,-0.964863,10.235212,-0.466869
18-Jan-2025 14:36:42.906,-1.012747,10.19451,-0.526724
18-Jan-2025 14:36:42.922,-0.921768,9.907207,-1.00317
18-Jan-2025 14:36:42.938,-1.067814,9.67018,-1.192312
18-Jan-2025 14:36:42.954,-0.964863,9.512163,-1.091756
18-Jan-2025 14:36:42.970,-0.905008,9.411607,-0.952892
18-Jan-2025 14:36:42.986,-0.782904,9.41879,-0.871489
18-Jan-2025 14:36:43.002,-0.600945,9.428367,-0.905008
18-Jan-2025 14:36:43.018,-0.584185,9.43076,-1.118092
18-Jan-2025 14:36:43.034,-0.464475,9.579201,-1.01993
18-Jan-2025 14:36:43.050,-0.25618,9.749189,-0.840365
18-Jan-2025 14:36:43.066,-0.366313,9.964667,-0.933739
18-Jan-2025 14:36:43.082,-0.426168,10.125079,-1.177947
18-Jan-2025 14:36:43.098,-0.040701,10.223241,-0.751779
18-Jan-2025 14:36:43.115,0.04549,10.237606,-0.636858
18-Jan-2025 14:36:43.131,-0.007183,10.041282,-0.567426
18-Jan-2025 14:36:43.147,-0.205901,9.907207,-0.842759
18-Jan-2025 14:36:43.163,-0.107739,9.763555,-1.036689
18-Jan-2025 14:36:43.179,-0.07422,9.744401,-0.766145
18-Jan-2025 14:36:43.195,-0.189142,9.67018,-0.577003
18-Jan-2025 14:36:43.211,-0.328006,9.679757,-0.521936
18-Jan-2025 14:36:43.227,-0.225055,9.909601,-0.64404
18-Jan-2025 14:36:43.243,-0.083797,10.031705,-0.385466
18-Jan-2025 14:36:43.259,-0.155623,9.945514,-0.586579
18-Jan-2025 14:36:43.275,-0.737414,9.677363,-0.423774
18-Jan-2025 14:36:43.291,-0.177171,9.945514,-0.529119
18-Jan-2025 14:36:43.307,-0.31364,9.792285,-0.447716
18-Jan-2025 14:36:43.323,-0.557849,9.674969,-0.610521
18-Jan-2025 14:36:43.339,-0.632069,9.526528,-0.677559
18-Jan-2025 14:36:43.355,-0.517148,9.533711,-0.407014
18-Jan-2025 14:36:43.371,-0.447716,9.591172,-0.289698
18-Jan-2025 14:36:43.387,-0.888249,9.636662,-0.134075
18-Jan-2025 14:36:43.404,-0.727837,9.811439,-0.052672
18-Jan-2025 14:36:43.420,-0.337582,9.859323,0.160412
18-Jan-2025 14:36:43.436,-0.464475,10.453085,0.102951
18-Jan-2025 14:36:43.452,0,10.594342,0.143652
18-Jan-2025 14:36:43.468,-0.117316,10.443508,0.52433
18-Jan-2025 14:36:43.484,-0.339977,10.333375,0.440533
18-Jan-2025 14:36:43.500,-0.612916,10.19451,0.258574
18-Jan-2025 14:36:43.516,-0.675165,10.022128,0.306458
18-Jan-2025 14:36:43.532,-0.533907,9.868899,0.323217
18-Jan-2025 14:36:43.548,-0.459687,9.76116,0.337582
18-Jan-2025 14:36:43.564,-0.368707,9.639056,0.447716
18-Jan-2025 14:36:43.580,-0.438139,9.481039,0.507571
18-Jan-2025 14:36:43.596,-0.572214,9.435549,0.500388
18-Jan-2025 14:36:43.612,-0.531513,9.457097,0.502782
18-Jan-2025 14:36:43.628,-0.378284,9.653421,0.756568
18-Jan-2025 14:36:43.644,-0.373495,9.76116,0.826
18-Jan-2025 14:36:43.661,-0.373495,9.737218,0.708684
18-Jan-2025 14:36:43.677,-0.275333,9.706094,0.751779
18-Jan-2025 14:36:43.693,-0.189142,9.689334,0.885855
18-Jan-2025 14:36:43.709,-0.299275,9.679757,0.828394
18-Jan-2025 14:36:43.725,-0.380678,9.787497,0.852336
18-Jan-2025 14:36:43.741,-0.390255,9.931149,1.046266
18-Jan-2025 14:36:43.757,-0.316035,10.000581,0.888249
18-Jan-2025 14:36:43.773,-0.332794,9.923966,0.826
18-Jan-2025 14:36:43.789,-0.19393,9.77792,1.297657
18-Jan-2025 14:36:43.805,-0.316035,9.655815,1.177947
18-Jan-2025 14:36:43.821,-0.416591,9.514558,1.036689
18-Jan-2025 14:36:43.837,-0.390255,9.423578,1.079785
18-Jan-2025 14:36:43.853,-0.342371,9.308656,1.276109
18-Jan-2025 14:36:43.869,-0.277727,9.19134,1.532289
18-Jan-2025 14:36:43.885,-0.457293,9.172187,1.400608
18-Jan-2025 14:36:43.901,-0.469264,9.203311,1.568202
18-Jan-2025 14:36:43.917,-0.296881,9.13388,1.838747
18-Jan-2025 14:36:43.933,-0.241814,9.062054,1.886631
18-Jan-2025 14:36:43.950,-0.435745,9.126697,1.996764
18-Jan-2025 14:36:43.966,-0.442927,9.174581,2.063802
18-Jan-2025 14:36:43.982,-0.433351,9.157822,2.212242
18-Jan-2025 14:36:43.998,-0.416591,9.188946,2.363077
18-Jan-2025 14:36:44.014,-0.486023,9.165004,2.533065
18-Jan-2025 14:36:44.030,-0.586579,9.181764,2.671929
18-Jan-2025 14:36:44.046,-0.605733,9.160215,2.942474
18-Jan-2025 14:36:44.062,-1.21386,9.41879,3.222595
18-Jan-2025 14:36:44.078,-1.520318,9.531317,4.405331
18-Jan-2025 14:36:44.094,-2.157176,9.94312,4.52983
18-Jan-2025 14:36:44.110,-1.747767,10.448297,4.551377
18-Jan-2025 14:36:44.126,-0.691924,10.891224,5.058948
18-Jan-2025 14:36:44.142,-0.002394,11.432313,5.494693
18-Jan-2025 14:36:44.158,-0.37589,11.18571,6.141128
18-Jan-2025 14:36:44.174,-1.369483,11.046846,6.519411
18-Jan-2025 14:36:44.190,-2.013524,10.642226,6.46195
18-Jan-2025 14:36:44.206,-1.575385,9.799467,7.03177
18-Jan-2025 14:36:44.223,-1.053449,9.287108,7.017405
18-Jan-2025 14:36:44.239,-0.557849,8.817844,7.48188
18-Jan-2025 14:36:44.255,-0.634463,8.346188,7.908048
18-Jan-2025 14:36:44.271,-1.01993,8.180987,7.659051
18-Jan-2025 14:36:44.287,-0.823605,8.149862,7.601591
18-Jan-2025 14:36:44.303,-0.792481,8.248025,7.85777
18-Jan-2025 14:36:44.319,-0.833182,8.523358,7.797915
18-Jan-2025 14:36:44.335,-0.919373,8.834604,8.054094
18-Jan-2025 14:36:44.351,-0.715866,9.131485,8.367735
18-Jan-2025 14:36:44.367,-0.462081,9.507375,8.252813
18-Jan-2025 14:36:44.383,-0.162806,9.636662,8.037335
18-Jan-2025 14:36:44.399,-0.050278,9.552865,7.70933
18-Jan-2025 14:36:44.415,0.086191,9.289502,7.551312
18-Jan-2025 14:36:44.431,0.47884,8.90643,7.872135
18-Jan-2025 14:36:44.447,0.416591,8.655039,7.673417
18-Jan-2025 14:36:44.463,0.574608,8.090008,7.714118
18-Jan-2025 14:36:44.480,0.361524,7.867347,7.450756
18-Jan-2025 14:36:44.496,0.014365,7.654263,7.206547
18-Jan-2025 14:36:44.512,-0.150835,7.841011,7.120356
18-Jan-2025 14:36:44.528,-0.007183,8.073248,7.082048
18-Jan-2025 14:36:44.544,0.490811,8.128315,7.24246
18-Jan-2025 14:36:44.560,0.577003,8.202535,7.376535
18-Jan-2025 14:36:44.576,0.620098,8.281544,7.005434
18-Jan-2025 14:36:44.592,0.591368,8.259995,6.588843
18-Jan-2025 14:36:44.608,0.347159,8.339005,6.567295
18-Jan-2025 14:36:44.624,0.124498,8.355764,7.141904
18-Jan-2025 14:36:44.640,0.335188,8.51857,7.704541
18-Jan-2025 14:36:44.656,0.873884,8.76996,7.28795
18-Jan-2025 14:36:44.672,1.671153,8.995016,6.514623
18-Jan-2025 14:36:44.688,2.396596,9.0429,6.066907
18-Jan-2025 14:36:44.704,2.480393,8.944737,6.155493
18-Jan-2025 14:36:44.721,2.30801,8.825027,6.033388
18-Jan-2025 14:36:44.737,1.826776,8.62152,5.877765
18-Jan-2025 14:36:44.753,1.426944,8.432379,5.327099
18-Jan-2025 14:36:44.769,0.92895,8.307879,4.932055
18-Jan-2025 14:36:44.785,0.608127,8.154651,4.414908
18-Jan-2025 14:36:44.801,0.287304,7.864953,4.149151
18-Jan-2025 14:36:44.817,-0.043096,7.606379,4.309563
18-Jan-2025 14:36:44.832,-0.457293,7.43639,4.537012
18-Jan-2025 14:36:44.849,-1.11091,7.45315,4.570531
18-Jan-2025 14:36:44.865,-1.826776,7.601591,4.304775
18-Jan-2025 14:36:44.881,-2.425326,7.723695,3.845088
18-Jan-2025 14:36:44.897,-2.686294,7.762002,3.366248
18-Jan-2025 14:36:44.913,-2.559402,7.61835,3.263297
18-Jan-2025 14:36:44.929,-2.147599,7.350199,3.236961
18-Jan-2025 14:36:44.945,-2.008735,7.024588,3.064578
18-Jan-2025 14:36:44.962,-2.240973,6.67264,3.155558
18-Jan-2025 14:36:44.978,-2.439692,6.279991,3.062184
18-Jan-2025 14:36:44.994,-2.738967,5.978322,2.528277
18-Jan-2025 14:36:45.010,-2.971204,6.026206,1.908179
18-Jan-2025 14:36:45.026,-2.92332,6.287174,1.407791
18-Jan-2025 14:36:45.042,-3.160346,6.73489,1.268927
18-Jan-2025 14:36:45.058,-2.846706,7.208941,1.16837
18-Jan-2025 14:36:45.074,0.246603,6.47871,2.631228
18-Jan-2025 14:36:45.090,-1.436521,8.061277,1.158794
18-Jan-2025 14:36:45.106,-3.04303,8.858546,0.639252
18-Jan-2025 14:36:45.122,-2.901772,9.378088,0.986411
18-Jan-2025 14:36:45.138,-2.102109,9.011775,1.357512
18-Jan-2025 14:36:45.154,-1.520318,8.698134,1.549049
18-Jan-2025 14:36:45.170,-1.987187,8.664616,1.450886
18-Jan-2025 14:36:45.186,-2.331953,8.944737,1.465251
18-Jan-2025 14:36:45.203,-2.468422,9.0429,1.434127
18-Jan-2025 14:36:45.219,-1.941698,9.289502,1.06542
18-Jan-2025 14:36:45.235,-1.216254,9.543288,0.670376
18-Jan-2025 14:36:45.251,-0.876278,9.727641,0.737414
18-Jan-2025 14:36:45.267,-0.837971,9.950302,0.876278
18-Jan-2025 14:36:45.283,-1.086968,10.225636,0.696713
18-Jan-2025 14:36:45.299,-0.981623,10.407595,0.742203
18-Jan-2025 14:36:45.315,-0.857124,10.532093,0.804452
18-Jan-2025 14:36:45.331,-0.610521,10.338163,0.866701
18-Jan-2025 14:36:45.347,-1.247379,10.716447,0.739808
18-Jan-2025 14:36:45.363,-0.847547,10.311827,0.775721
18-Jan-2025 14:36:45.379,-0.54109,10.129868,1.000776
18-Jan-2025 14:36:45.395,-0.483629,9.981427,0.849942
18-Jan-2025 14:36:45.411,-0.438139,9.65821,0.497994
18-Jan-2025 14:36:45.428,-0.21069,9.476251,0.620098
18-Jan-2025 14:36:45.444,-0.040701,9.382876,0.464475
18-Jan-2025 14:36:45.460,-0.069432,9.560047,-0.004788
18-Jan-2025 14:36:45.476,-0.050278,10.0341,-0.098162
18-Jan-2025 14:36:45.492,0.114922,10.78109,-0.59855
18-Jan-2025 14:36:45.508,1.053449,11.295844,-0.991199
18-Jan-2025 14:36:45.524,2.288857,10.84334,-0.301669
18-Jan-2025 14:36:45.540,1.762132,11.657368,0.040701
18-Jan-2025 14:36:45.556,2.549825,10.043676,1.022324
18-Jan-2025 14:36:45.572,2.339135,9.433155,1.307234
18-Jan-2025 14:36:45.588,1.73819,8.832211,0.964863
18-Jan-2025 14:36:45.604,1.051055,8.066066,-0.011971
18-Jan-2025 14:36:45.620,0.383072,7.424419,-0.873884
18-Jan-2025 14:36:45.636,1.053449,6.974309,-0.814029
18-Jan-2025 14:36:45.652,1.362301,6.890512,-0.110133
18-Jan-2025 14:36:45.668,1.980005,7.252037,0.584185
18-Jan-2025 14:36:45.685,2.245761,7.69257,0.916979
18-Jan-2025 14:36:45.700,2.075773,8.492233,1.000776
18-Jan-2025 14:36:45.717,2.176329,9.464279,0.969652
18-Jan-2025 14:36:45.733,2.554613,9.995792,0.720655
18-Jan-2025 14:36:45.749,2.60968,10.623073,0.093374
18-Jan-2025 14:36:45.765,2.379837,11.314998,-0.067038
18-Jan-2025 14:36:45.781,2.734178,11.547235,0.718261
18-Jan-2025 14:36:45.797,3.0143,11.801021,1.601721
18-Jan-2025 14:36:45.813,2.887407,11.382035,1.242591
18-Jan-2025 14:36:45.829,1.244985,11.599907,0.229843
18-Jan-2025 14:36:45.845,1.458069,10.70687,-0.191536
18-Jan-2025 14:36:45.861,1.687912,10.022128,-0.181959
18-Jan-2025 14:36:45.877,2.13084,9.440337,0.186748
18-Jan-2025 14:36:45.893,2.224213,9.124303,-0.663194
18-Jan-2025 14:36:45.909,2.346318,8.947132,-0.926556
18-Jan-2025 14:36:45.925,2.327164,8.772355,-0.584185
18-Jan-2025 14:36:45.941,2.1883,8.743625,-1.247379
18-Jan-2025 14:36:45.958,1.982399,8.312668,-1.793257
18-Jan-2025 14:36:45.974,2.176329,8.571242,-1.611298
18-Jan-2025 14:36:45.990,2.372654,8.983045,-1.912967
18-Jan-2025 14:36:46.006,2.47321,9.533711,-1.80044
18-Jan-2025 14:36:46.022,2.741361,10.158598,-1.666364
18-Jan-2025 14:36:46.038,2.576161,10.553641,-1.946486
18-Jan-2025 14:36:46.054,2.779668,10.560823,-1.750161
18-Jan-2025 14:36:46.070,2.657564,10.891224,-1.707066
18-Jan-2025 14:36:46.086,2.504335,10.287885,-1.73819
18-Jan-2025 14:36:46.102,2.296039,9.840169,-1.719037
18-Jan-2025 14:36:46.118,2.432509,9.758766,-1.776498
18-Jan-2025 14:36:46.134,2.607286,9.706094,-1.915361
18-Jan-2025 14:36:46.150,2.396596,9.500193,-2.078167
18-Jan-2025 14:36:46.166,2.731784,9.004593,-2.363077
18-Jan-2025 14:36:46.183,3.191471,8.346188,-1.546654
18-Jan-2025 14:36:46.198,1.158794,9.533711,-2.449268
18-Jan-2025 14:36:46.215,2.351106,8.571242,-1.812411
18-Jan-2025 14:36:46.231,0.924162,8.992621,-1.266533
18-Jan-2025 14:36:46.247,1.369483,9.239224,-2.03986
18-Jan-2025 14:36:46.263,1.752556,9.023746,-1.637634
18-Jan-2025 14:36:46.279,2.200271,8.643068,-1.520318
18-Jan-2025 14:36:46.295,1.067814,9.825804,-1.99437
18-Jan-2025 14:36:46.311,1.826776,9.500193,-1.592144
18-Jan-2025 14:36:46.327,1.821988,9.696517,-1.872266
18-Jan-2025 14:36:46.343,1.924938,9.696517,-2.090138
18-Jan-2025 14:36:46.359,2.104503,9.773131,-1.826776
18-Jan-2025 14:36:46.375,2.288857,9.667787,-1.848324
18-Jan-2025 14:36:46.391,2.221819,9.536105,-1.757344
18-Jan-2025 14:36:46.407,2.286463,9.368511,-2.006341
18-Jan-2025 14:36:46.423,2.054225,9.229648,-1.924938
18-Jan-2025 14:36:46.439,1.786075,9.409213,-1.939303
18-Jan-2025 14:36:46.456,1.539472,9.351752,-2.037466
18-Jan-2025 14:36:46.472,1.532289,9.488221,-2.06859
18-Jan-2025 14:36:46.488,1.678335,9.574412,-1.896208
18-Jan-2025 14:36:46.504,1.848324,9.437943,-2.329558
18-Jan-2025 14:36:46.520,1.831564,9.452309,-2.27928
18-Jan-2025 14:36:46.536,1.781286,9.476251,-2.252944
18-Jan-2025 14:36:46.552,1.692701,9.524135,-2.231396
18-Jan-2025 14:36:46.568,1.642422,9.562442,-2.229002
18-Jan-2025 14:36:46.584,1.577779,9.615114,-2.20506
18-Jan-2025 14:36:46.600,1.477222,9.730036,-2.118869
18-Jan-2025 14:36:46.616,1.302446,9.727641,-1.984793
18-Jan-2025 14:36:46.632,1.096544,9.840169,-1.905785
18-Jan-2025 14:36:46.648,1.022324,9.904813,-1.853112
18-Jan-2025 14:36:46.664,0.964863,9.97185,-1.78368
18-Jan-2025 14:36:46.680,0.797269,10.014946,-1.659182
18-Jan-2025 14:36:46.697,0.703895,10.067618,-1.556231
18-Jan-2025 14:36:46.713,0.588974,10.19451,-1.448492
18-Jan-2025 14:36:46.729,0.462081,10.160992,-1.374272
18-Jan-2025 14:36:46.745,0.385466,10.139444,-1.288081
18-Jan-2025 14:36:46.761,0.071826,10.101137,-1.163582
18-Jan-2025 14:36:46.777,-0.203507,9.933543,-1.06542
18-Jan-2025 14:36:46.793,-0.397437,9.770737,-0.962469
18-Jan-2025 14:36:46.809,-0.466869,9.68694,-0.933739
18-Jan-2025 14:36:46.825,-0.562637,9.595961,-0.905008
18-Jan-2025 14:36:46.841,-0.78051,9.483433,-0.849942
18-Jan-2025 14:36:46.857,-0.909797,9.454702,-0.826
18-Jan-2025 14:36:46.873,-1.173159,9.416395,-0.816423
18-Jan-2025 14:36:46.889,-1.254562,9.440337,-0.830788
18-Jan-2025 14:36:46.905,-1.35033,9.464279,-0.840365
18-Jan-2025 14:36:46.921,-1.431733,9.552865,-0.845153
18-Jan-2025 14:36:46.938,-1.45328,9.665392,-0.859518
18-Jan-2025 14:36:46.954,-1.403002,9.830592,-0.873884
18-Jan-2025 14:36:46.970,-1.338359,9.883265,-0.869095
18-Jan-2025 14:36:46.986,-1.335965,9.885659,-0.861913
18-Jan-2025 14:36:47.002,-1.383849,9.847352,-0.871489
18-Jan-2025 14:36:47.018,-1.443704,9.749189,-0.931344
18-Jan-2025 14:36:47.034,-1.446098,9.64145,-0.984017
18-Jan-2025 14:36:47.050,-1.45328,9.583989,-1.000776
18-Jan-2025 14:36:47.066,-1.422156,9.533711,-1.029507
18-Jan-2025 14:36:47.082,-1.326388,9.490616,-1.074997
18-Jan-2025 14:36:47.098,-1.285686,9.397242,-1.144428
18-Jan-2025 14:36:47.114,-1.264138,9.423578,-1.197101
18-Jan-2025 14:36:47.130,-1.242591,9.454702,-1.204283
18-Jan-2025 14:36:47.146,-1.206678,9.435549,-1.209072
18-Jan-2025 14:36:47.162,-1.089362,9.514558,-1.254562
18-Jan-2025 14:36:47.178,-1.055843,9.469068,-1.309628
18-Jan-2025 14:36:47.195,-1.086968,9.40203,-1.357512
18-Jan-2025 14:36:47.211,-1.022324,9.414001,-1.33357
18-Jan-2025 14:36:47.227,-0.981623,9.466674,-1.331176
18-Jan-2025 14:36:47.243,-1.010353,9.524135,-1.314417
18-Jan-2025 14:36:47.259,-1.024718,9.495404,-1.314417
18-Jan-2025 14:36:47.275,-1.051055,9.440337,-1.403002
18-Jan-2025 14:36:47.291,-1.055843,9.461885,-1.458069
18-Jan-2025 14:36:47.307,-1.043872,9.497798,-1.426944
18-Jan-2025 14:36:47.323,-1.067814,9.485827,-1.271321
18-Jan-2025 14:36:47.339,-1.091756,9.533711,-1.151611
18-Jan-2025 14:36:47.355,-1.218649,9.619903,-1.134852
18-Jan-2025 14:36:47.371,-1.261744,9.655815,-1.115698
18-Jan-2025 14:36:47.387,-1.266533,9.73243,-1.082179
18-Jan-2025 14:36:47.403,-1.237802,9.85214,-1.072602
18-Jan-2025 14:36:47.420,-1.237802,9.981427,-1.106121
18-Jan-2025 14:36:47.436,-1.240196,10.067618,-1.118092
18-Jan-2025 14:36:47.452,-1.242591,10.110714,-1.134852
18-Jan-2025 14:36:47.468,-1.254562,10.156203,-1.16837
18-Jan-2025 14:36:47.484,-1.249773,10.254366,-1.206678
18-Jan-2025 14:36:47.500,-1.182736,10.352529,-1.154005
18-Jan-2025 14:36:47.516,-1.089362,10.414778,-1.101333
18-Jan-2025 14:36:47.532,-1.041478,10.412383,-1.077391
18-Jan-2025 14:36:47.548,-0.955287,10.441113,-1.060631
18-Jan-2025 14:36:47.564,-0.797269,10.405201,-0.969652
18-Jan-2025 14:36:47.580,-0.687136,10.266336,-0.840365
18-Jan-2025 14:36:47.596,-0.591368,10.029311,-0.814029
18-Jan-2025 14:36:47.612,-0.526724,9.883265,-0.797269
18-Jan-2025 14:36:47.628,-0.459687,9.744401,-0.773327
18-Jan-2025 14:36:47.644,-0.316035,9.524135,-0.703895
18-Jan-2025 14:36:47.660,-0.146046,9.433155,-0.64404
18-Jan-2025 14:36:47.677,0.011971,9.509769,-0.656011
18-Jan-2025 14:36:47.693,0.081403,9.622296,-0.675165
18-Jan-2025 14:36:47.708,0.138864,9.768343,-0.684742
18-Jan-2025 14:36:47.725,0.217872,10.043676,-0.696713
18-Jan-2025 14:36:47.741,0.222661,10.242394,-0.715866
18-Jan-2025 14:36:47.757,0.198719,10.323798,-0.703895
18-Jan-2025 14:36:47.773,0.196325,10.311827,-0.696713
18-Jan-2025 14:36:47.789,0.213084,10.27352,-0.703895
18-Jan-2025 14:36:47.805,0.270545,10.163386,-0.715866
18-Jan-2025 14:36:47.821,0.337582,9.995792,-0.732626
18-Jan-2025 14:36:47.837,0.397437,9.78989,-0.742203
18-Jan-2025 14:36:47.853,0.426168,9.684546,-0.749385
18-Jan-2025 14:36:47.869,0.447716,9.588778,-0.76375
18-Jan-2025 14:36:47.885,0.466869,9.423578,-0.802058
18-Jan-2025 14:36:47.901,0.481235,9.320627,-0.857124
18-Jan-2025 14:36:47.917,0.507571,9.313444,-0.924162
18-Jan-2025 14:36:47.934,0.531513,9.275137,-0.921768
18-Jan-2025 14:36:47.950,-0.007183,10.038888,-1.089362
18-Jan-2025 14:36:47.966,0.083797,10.28549,-1.529895
18-Jan-2025 14:36:47.982,0.328006,10.848128,-1.769315
18-Jan-2025 14:36:47.997,0.768539,11.57836,-1.692701
18-Jan-2025 14:36:48.014,2.734178,12.533646,-1.343147
18-Jan-2025 14:36:48.030,1.889025,12.014104,-1.33357
18-Jan-2025 14:36:48.046,1.142034,10.939108,-1.795651
18-Jan-2025 14:36:48.062,0.684742,10.110714,-1.927332
18-Jan-2025 14:36:48.078,0.581791,9.938332,-1.972822
18-Jan-2025 14:36:48.094,0.656011,10.441113,-2.152387
18-Jan-2025 14:36:48.110,0.531513,11.353305,-2.39899
18-Jan-2025 14:36:48.126,0.201113,12.090718,-1.762132
18-Jan-2025 14:36:48.142,-0.562637,12.571953,-1.043872
18-Jan-2025 14:36:48.158,-0.804452,12.078748,-1.479617
18-Jan-2025 14:36:48.175,-0.639252,10.910378,-1.122881
18-Jan-2025 14:36:48.191,-0.21069,9.950302,-0.912191
18-Jan-2025 14:36:48.207,0.150835,9.404425,-0.675165
18-Jan-2025 14:36:48.223,0.299275,9.069236,-0.715866
18-Jan-2025 14:36:48.239,-0.225055,8.980651,-0.629675
18-Jan-2025 14:36:48.255,-0.969652,8.74123,-0.462081
18-Jan-2025 14:36:48.271,-1.403002,8.291121,0.21069
18-Jan-2025 14:36:48.287,-1.644817,7.735666,0.665588
18-Jan-2025 14:36:48.303,-1.908179,7.443573,0.545878
18-Jan-2025 14:36:48.318,-2.451663,7.580042,0.136469
18-Jan-2025 14:36:48.335,-2.425326,7.807492,0.016759
18-Jan-2025 14:36:48.351,-2.078167,8.848969,-0.469264
18-Jan-2025 14:36:48.367,-1.326388,10.223241,-1.070208
18-Jan-2025 14:36:48.383,-0.742203,10.170568,-1.180341
18-Jan-2025 14:36:48.399,-0.610521,11.152191,-0.778116
18-Jan-2025 14:36:48.416,-0.526724,11.480197,-0.272939
18-Jan-2025 14:36:48.432,0.062249,11.714828,-0.196325
18-Jan-2025 14:36:48.448,1.956063,11.580753,-0.732626
18-Jan-2025 14:36:48.464,1.683124,9.928755,-0.70629
18-Jan-2025 14:36:48.480,0.586579,8.554482,-0.275333
18-Jan-2025 14:36:48.496,-0.476446,7.917625,-0.399832
18-Jan-2025 14:36:48.512,-1.043872,7.833828,-0.316035
18-Jan-2025 14:36:48.528,-1.204283,7.996634,0.014365
18-Jan-2025 14:36:48.544,-1.503559,8.568848,-0.361524
18-Jan-2025 14:36:48.560,-1.510741,9.076419,-0.629675
18-Jan-2025 14:36:48.576,-1.491588,9.334992,-0.452504
18-Jan-2025 14:36:48.592,-1.651999,9.533711,-0.320823
18-Jan-2025 14:36:48.608,-1.841141,9.653421,0.011971
18-Jan-2025 14:36:48.624,-1.958457,9.617508,-0.162806
18-Jan-2025 14:36:48.640,-1.980005,9.648633,-0.605733
18-Jan-2025 14:36:48.656,-1.917756,9.765948,-0.560243
18-Jan-2025 14:36:48.672,-1.747767,9.885659,-0.311246
18-Jan-2025 14:36:48.688,-1.704672,9.911995,-0.708684
18-Jan-2025 14:36:48.705,-1.75495,9.861717,-0.560243
18-Jan-2025 14:36:48.721,-1.908179,9.799467,-0.37589
18-Jan-2025 14:36:48.737,-1.936909,9.890448,-0.002394
18-Jan-2025 14:36:48.753,-1.922544,10.043676,-0.277727
18-Jan-2025 14:36:48.769,-2.018312,10.122684,-0.603339
18-Jan-2025 14:36:48.785,-2.006341,10.058042,-0.160412
18-Jan-2025 14:36:48.801,-2.032677,9.933543,0.25618
18-Jan-2025 14:36:48.817,-2.063802,10.079589,0.081403
18-Jan-2025 14:36:48.833,-1.872266,10.220847,0.093374
18-Jan-2025 14:36:48.849,-1.84593,10.66138,0.213084
18-Jan-2025 14:36:48.865,-1.417367,11.643003,-0.54109
18-Jan-2025 14:36:48.881,-0.488417,13.120225,-1.405396
18-Jan-2025 14:36:48.897,0.536301,14.798561,-0.823605
18-Jan-2025 14:36:48.914,-0.026336,15.030798,0.454898
18-Jan-2025 14:36:48.930,1.431733,14.286201,0.97444
18-Jan-2025 14:36:48.946,1.381454,12.720393,0.852336
18-Jan-2025 14:36:48.962,1.127669,11.348516,1.192312
18-Jan-2025 14:36:48.978,1.189918,9.892841,1.146823
18-Jan-2025 14:36:48.994,1.383849,8.346188,1.146823
18-Jan-2025 14:36:49.010,1.565808,7.125144,1.33357
18-Jan-2025 14:36:49.026,1.436521,6.052542,1.23062
18-Jan-2025 14:36:49.042,0.976834,5.635951,0.794875
18-Jan-2025 14:36:49.058,0.646434,5.691018,0.347159
18-Jan-2025 14:36:49.074,0.363919,6.651093,-0.792481
18-Jan-2025 14:36:49.090,0.296881,8.145074,-1.345541
18-Jan-2025 14:36:49.106,0.730232,9.41879,-0.586579
18-Jan-2025 14:36:49.122,0.806846,10.680533,0.126893
18-Jan-2025 14:36:49.138,0.964863,11.777079,0.399832
18-Jan-2025 14:36:49.155,0.462081,12.284649,-0.126893
18-Jan-2025 14:36:49.170,-0.07422,11.894394,-0.25618
18-Jan-2025 14:36:49.187,-0.462081,10.907983,0.098162
18-Jan-2025 14:36:49.203,-0.371101,9.627085,0.112527
18-Jan-2025 14:36:49.219,-0.814029,8.746018,-0.026336
18-Jan-2025 14:36:49.235,-1.261744,8.377312,0.179565
18-Jan-2025 14:36:49.251,-1.355118,8.169016,0.342371
18-Jan-2025 14:36:49.267,-1.010353,7.967903,0.423774
18-Jan-2025 14:36:49.283,-1.103727,8.678981,0.3304
18-Jan-2025 14:36:49.299,-0.852336,8.908825,0.296881
18-Jan-2025 14:36:49.315,-0.395043,9.43076,0.555455
18-Jan-2025 14:36:49.331,-0.31364,10.010158,0.442927
18-Jan-2025 14:36:49.347,-0.397437,10.27352,0.509965
18-Jan-2025 14:36:49.363,-0.56982,10.098742,0.852336
18-Jan-2025 14:36:49.379,-0.821211,10.096349,0.392649
18-Jan-2025 14:36:49.396,-0.847547,10.144233,0.248997
18-Jan-2025 14:36:49.412,-0.861913,10.398018,0.107739
18-Jan-2025 14:36:49.428,-0.414197,10.429143,-0.035913
18-Jan-2025 14:36:49.444,-0.864307,10.58716,0.287304
18-Jan-2025 14:36:49.460,-1.503559,9.981427,0.428562
18-Jan-2025 14:36:49.476,-1.762132,10.053253,0.280122
18-Jan-2025 14:36:49.492,-1.410185,10.297462,0.553061
18-Jan-2025 14:36:49.508,-0.718261,10.275913,0.40462
18-Jan-2025 14:36:49.524,-0.337582,10.498574,0.002394
18-Jan-2025 14:36:49.540,-0.100556,10.802638,-0.220267
18-Jan-2025 14:36:49.556,0.457293,10.910378,0.201113
18-Jan-2025 14:36:49.572,0.500388,10.517728,0.052672
18-Jan-2025 14:36:49.588,0.656011,9.998186,-0.268151
18-Jan-2025 14:36:49.604,0.665588,9.557653,-0.146046
18-Jan-2025 14:36:49.620,0.56982,9.330204,-0.397437
18-Jan-2025 14:36:49.637,0.52433,9.344569,-0.560243
18-Jan-2025 14:36:49.653,0.40462,9.519346,-0.577003
18-Jan-2025 14:36:49.669,0.332794,9.844957,-0.526724
18-Jan-2025 14:36:49.685,0.572214,9.97185,-0.708684
18-Jan-2025 14:36:49.701,1.079785,10.247183,-0.282516
18-Jan-2025 14:36:49.717,0.770933,11.068395,-0.088585
18-Jan-2025 14:36:49.733,-0.490811,11.915942,-1.422156
18-Jan-2025 14:36:49.749,0.521936,11.422736,-1.42455
18-Jan-2025 14:36:49.765,-2.30801,12.682086,0.043096
18-Jan-2025 14:36:49.781,-3.351882,12.588713,1.78368
18-Jan-2025 14:36:49.797,-2.782062,12.138602,2.41575
18-Jan-2025 14:36:49.813,-1.400608,10.680533,1.426944
18-Jan-2025 14:36:49.829,-0.201113,9.799467,2.224213
18-Jan-2025 14:36:49.845,-0.160412,7.45315,1.616086
18-Jan-2025 14:36:49.861,-1.292869,6.500257,1.165976
18-Jan-2025 14:36:49.877,-2.231396,6.447585,0.54109
18-Jan-2025 14:36:49.893,-2.39899,6.981492,0.483629
18-Jan-2025 14:36:49.909,-2.25055,7.788338,-0.076614
18-Jan-2025 14:36:49.926,-1.04866,10.048465,1.549049
18-Jan-2025 14:36:49.942,0.725443,11.575965,1.00317
18-Jan-2025 14:36:49.958,1.776498,11.75553,0.878672
18-Jan-2025 14:36:49.974,1.80044,13.448231,0.754174
18-Jan-2025 14:36:49.990,0.095768,11.255142,-1.831564
18-Jan-2025 14:36:50.006,-0.639252,10.453085,-0.395043
18-Jan-2025 14:36:50.022,-1.017536,9.107543,0.158017
18-Jan-2025 14:36:50.038,-1.247379,8.604761,-0.158017
18-Jan-2025 14:36:50.054,-1.017536,8.561666,-0.402226
18-Jan-2025 14:36:50.070,-1.007959,8.599973,-0.632069
18-Jan-2025 14:36:50.086,-0.768539,8.556877,-1.04866
18-Jan-2025 14:36:50.102,-0.890643,8.959103,-1.086968
18-Jan-2025 14:36:50.118,-0.112527,9.114726,-0.656011
18-Jan-2025 14:36:50.134,0.241814,9.440337,-1.063026
18-Jan-2025 14:36:50.150,0.397437,9.466674,-1.125275
18-Jan-2025 14:36:50.166,-0.418985,9.739613,-1.252167
18-Jan-2025 14:36:50.182,-0.282516,9.500193,-0.988805
18-Jan-2025 14:36:50.199,-0.397437,9.464279,-1.175553
18-Jan-2025 14:36:50.215,-0.246603,9.488221,-1.532289
18-Jan-2025 14:36:50.231,0.433351,9.80665,-1.221043
18-Jan-2025 14:36:50.247,0.61531,9.009381,-1.448492
18-Jan-2025 14:36:50.263,0.852336,9.698911,-1.029507
18-Jan-2025 14:36:50.279,0.754174,9.267955,-1.623269
18-Jan-2025 14:36:50.295,0.162806,9.004593,-1.450886
18-Jan-2025 14:36:50.311,0.169988,8.980651,-1.233014
18-Jan-2025 14:36:50.327,0.380678,9.397242,-1.307234
18-Jan-2025 14:36:50.343,0.720655,9.931149,-1.290475
18-Jan-2025 14:36:50.359,0.957681,10.431537,-1.45328
18-Jan-2025 14:36:50.375,1.051055,11.044453,-1.489193
18-Jan-2025 14:36:50.391,1.252167,11.492168,-1.505953
18-Jan-2025 14:36:50.407,1.403002,11.609484,-1.42455
18-Jan-2025 14:36:50.423,1.549049,11.47062,-1.496376
18-Jan-2025 14:36:50.439,1.716643,11.252748,-1.187524
18-Jan-2025 14:36:50.455,1.898602,11.159374,-1.489193
18-Jan-2025 14:36:50.471,2.015918,10.864887,-1.177947
18-Jan-2025 14:36:50.488,2.015918,10.611102,-0.069432
18-Jan-2025 14:36:50.504,1.719037,10.860099,-0.052672
18-Jan-2025 14:36:50.520,1.541866,11.171345,-0.069432
18-Jan-2025 14:36:50.536,1.400608,10.984597,0.641646
18-Jan-2025 14:36:50.552,1.637634,10.364499,0.981623
18-Jan-2025 14:36:50.568,2.181118,9.442732,1.089362
18-Jan-2025 14:36:50.584,2.197877,8.465898,0.502782
18-Jan-2025 14:36:50.600,1.836353,7.666234,0.031125
18-Jan-2025 14:36:50.616,0.943315,7.381324,-0.426168
18-Jan-2025 14:36:50.632,0.711078,8.010999,-1.051055
18-Jan-2025 14:36:50.648,0.85473,8.882488,-1.347936
18-Jan-2025 14:36:50.664,0.742203,9.809045,-1.175553
18-Jan-2025 14:36:50.680,0.517148,10.639832,-0.857124
18-Jan-2025 14:36:50.696,0.146046,11.255142,-0.476446
18-Jan-2025 14:36:50.713,0.184354,11.415554,-0.244209
18-Jan-2025 14:36:50.729,0.196325,11.192893,-0.493206
18-Jan-2025 14:36:50.745,0.35913,10.745177,-0.684742
18-Jan-2025 14:36:50.761,0.756568,9.904813,-0.976834
18-Jan-2025 14:36:50.777,1.412579,9.066842,-1.309628
18-Jan-2025 14:36:50.793,1.608904,8.300697,-1.584962
18-Jan-2025 14:36:50.809,1.580173,7.718906,-1.640028
18-Jan-2025 14:36:50.825,1.537078,7.678205,-1.702277
18-Jan-2025 14:36:50.841,1.563414,7.965509,-1.68073
18-Jan-2025 14:36:50.857,1.575385,8.413225,-1.747767
18-Jan-2025 14:36:50.873,1.383849,8.918402,-2.006341
18-Jan-2025 14:36:50.889,1.414973,9.406818,-2.020706
18-Jan-2025 14:36:50.905,1.467646,9.739613,-2.042254
18-Jan-2025 14:36:50.921,1.654393,9.85214,-2.025495
18-Jan-2025 14:36:50.937,1.726219,9.880871,-2.13084
18-Jan-2025 14:36:50.953,1.563414,9.773131,-1.898602
18-Jan-2025 14:36:50.969,1.240196,9.49301,-1.877054
18-Jan-2025 14:36:50.986,1.010353,9.31105,-2.025495
18-Jan-2025 14:36:51.001,1.204283,9.32781,-1.855506
18-Jan-2025 14:36:51.018,1.477222,9.677363,-2.686294
18-Jan-2025 14:36:51.034,1.731008,9.909601,-2.786851
18-Jan-2025 14:36:51.050,2.367866,10.132261,-2.791639
18-Jan-2025 14:36:51.066,2.339135,10.474632,-2.406173
18-Jan-2025 14:36:51.082,2.477999,10.536881,-2.219425
18-Jan-2025 14:36:51.098,2.348712,10.596737,-2.537854
18-Jan-2025 14:36:51.114,2.221819,10.761936,-2.750938
18-Jan-2025 14:36:51.130,2.138022,10.802638,-2.722207
18-Jan-2025 14:36:51.146,2.013524,11.075577,-2.121263
18-Jan-2025 14:36:51.162,1.582567,11.920731,-2.5187
18-Jan-2025 14:36:51.178,1.060631,12.785037,-2.39899
18-Jan-2025 14:36:51.194,0.416591,13.227964,-1.355118
18-Jan-2025 14:36:51.210,-0.009577,12.804191,-0.567426
18-Jan-2025 14:36:51.226,-0.155623,11.477803,0.150835
18-Jan-2025 14:36:51.243,0.385466,9.933543,0.969652
18-Jan-2025 14:36:51.259,0.682347,8.604761,1.525106
18-Jan-2025 14:36:51.275,0.177171,7.429208,1.807622
18-Jan-2025 14:36:51.291,-1.04866,6.557718,1.692701
18-Jan-2025 14:36:51.307,-2.509123,5.940014,1.271321
18-Jan-2025 14:36:51.323,-3.957615,6.380548,0.727837
18-Jan-2025 14:36:51.339,-3.79481,7.508216,0.395043
18-Jan-2025 14:36:51.355,-2.77488,8.834604,0.332794
18-Jan-2025 14:36:51.371,-0.921768,10.544065,0.234632
18-Jan-2025 14:36:51.387,1.051055,11.896789,0.009577
18-Jan-2025 14:36:51.403,2.221819,12.98615,-0.1652
18-Jan-2025 14:36:51.419,2.054225,13.208811,-0.739808
18-Jan-2025 14:36:51.435,1.01993,12.054806,-0.993594
18-Jan-2025 14:36:51.451,0.098162,10.608707,-0.775721
18-Jan-2025 14:36:51.467,-0.509965,9.354146,-0.895431
18-Jan-2025 14:36:51.483,-0.830788,8.597578,-0.967257
18-Jan-2025 14:36:51.500,-0.931344,8.259995,-0.955287
18-Jan-2025 14:36:51.516,-0.885855,8.030152,-0.837971
18-Jan-2025 14:36:51.532,-0.857124,8.130709,-0.493206
18-Jan-2025 14:36:51.548,-0.785298,8.343793,-0.907402
18-Jan-2025 14:36:51.564,-0.969652,8.614338,-1.276109
18-Jan-2025 14:36:51.580,-1.192312,8.844181,-1.189918
18-Jan-2025 14:36:51.596,-1.417367,8.980651,-1.070208
18-Jan-2025 14:36:51.612,-1.505953,9.023746,-0.816423
18-Jan-2025 14:36:51.628,-1.640028,9.009381,-0.897826
18-Jan-2025 14:36:51.644,-1.742979,9.13388,-0.723049
18-Jan-2025 14:36:51.660,-1.731008,9.399636,-1.101333
18-Jan-2025 14:36:51.676,-1.989582,9.648633,-1.154005
18-Jan-2025 14:36:51.692,-1.180341,9.41879,-1.242591
18-Jan-2025 14:36:51.708,-0.814029,9.483433,-1.022324
18-Jan-2025 14:36:51.724,-0.766145,9.483433,-0.881066
18-Jan-2025 14:36:51.741,-1.015141,9.464279,-0.713472
18-Jan-2025 14:36:51.757,-0.955287,9.591172,-0.588974
18-Jan-2025 14:36:51.773,-0.64404,9.878476,-0.857124
18-Jan-2025 14:36:51.789,-0.390255,10.45069,-1.587356
18-Jan-2025 14:36:51.804,0.428562,10.828975,-1.695095
18-Jan-2025 14:36:51.821,-0.016759,11.326968,-1.771709
18-Jan-2025 14:36:51.837,0.158017,11.192893,-1.225831
18-Jan-2025 14:36:51.853,-0.112527,10.824186,-1.465251
18-Jan-2025 14:36:51.869,0.031125,10.335769,-1.592144
18-Jan-2025 14:36:51.885,0.418985,10.09156,-1.685518
18-Jan-2025 14:36:51.901,0.555455,9.976639,-1.417367
18-Jan-2025 14:36:51.917,0.682347,10.110714,-1.228225
18-Jan-2025 14:36:51.933,0.612916,10.658986,-1.254562
18-Jan-2025 14:36:51.949,0.514753,11.525687,-1.525106
18-Jan-2025 14:36:51.965,0.31364,12.191275,-1.659182
18-Jan-2025 14:36:51.980,-0.014365,11.892,-1.187524
18-Jan-2025 14:36:51.998,0.07422,10.764331,-0.368707
18-Jan-2025 14:36:52.013,0.605733,9.509769,-0.004788
18-Jan-2025 14:36:52.030,1.314417,8.259995,0.038307
18-Jan-2025 14:36:52.046,1.824382,7.194576,0.035913
18-Jan-2025 14:36:52.062,1.831564,6.658275,0.311246
18-Jan-2025 14:36:52.078,1.601721,6.658275,0.136469
18-Jan-2025 14:36:52.094,1.458069,7.328651,-0.727837
18-Jan-2025 14:36:52.110,1.525106,8.240842,-1.525106
18-Jan-2025 14:36:52.126,1.805228,9.694122,-1.520318
18-Jan-2025 14:36:52.142,1.90339,11.705252,-1.206678
18-Jan-2025 14:36:52.158,2.552219,13.275848,-0.893037
18-Jan-2025 14:36:52.174,2.887407,13.457808,-0.962469
18-Jan-2025 14:36:52.190,2.293645,12.229582,-0.912191
18-Jan-2025 14:36:52.206,1.884237,10.651803,-0.950498
18-Jan-2025 14:36:52.222,1.371878,9.315839,-1.118092
18-Jan-2025 14:36:52.238,1.067814,8.250419,-1.146823
18-Jan-2025 14:36:52.254,1.798046,7.900866,-0.984017
18-Jan-2025 14:36:52.271,1.254562,7.773973,-1.237802
18-Jan-2025 14:36:52.287,1.266533,7.78355,-1.223437
18-Jan-2025 14:36:52.303,1.118092,8.030152,-1.180341
18-Jan-2025 14:36:52.319,1.154005,8.271967,-1.216254
18-Jan-2025 14:36:52.335,1.616086,8.611943,-0.876278
18-Jan-2025 14:36:52.351,1.695095,8.916007,-1.802834
18-Jan-2025 14:36:52.367,1.714248,9.085996,-2.123657
18-Jan-2025 14:36:52.383,1.742979,9.229648,-1.96564
18-Jan-2025 14:36:52.399,1.630451,9.481039,-1.778892
18-Jan-2025 14:36:52.415,1.73819,9.82341,-1.429338
18-Jan-2025 14:36:52.431,1.666364,10.184934,-1.268927
18-Jan-2025 14:36:52.447,1.599327,10.601525,-1.376666
18-Jan-2025 14:36:52.463,1.735796,11.006145,-1.369483
18-Jan-2025 14:36:52.479,1.769315,11.173739,-1.450886
18-Jan-2025 14:36:52.495,1.628057,11.283873,-1.723825
18-Jan-2025 14:36:52.511,1.905785,11.365275,-1.414973
18-Jan-2025 14:36:52.527,1.860295,11.508927,-0.31364
18-Jan-2025 14:36:52.544,1.316811,12.299014,-0.232238
18-Jan-2025 14:36:52.560,0.047884,13.476961,-0.694318
18-Jan-2025 14:36:52.576,-0.802058,13.433866,0.696713
18-Jan-2025 14:36:52.592,-1.757344,13.994109,1.321599
18-Jan-2025 14:36:52.608,-0.919373,12.229582,2.583344
18-Jan-2025 14:36:52.624,-0.715866,10.936713,2.39899
18-Jan-2025 14:36:52.640,-0.23942,9.421184,1.235408
18-Jan-2025 14:36:52.656,-0.21069,8.23366,0.622492
18-Jan-2025 14:36:52.672,-0.864307,7.450756,0.430956
18-Jan-2025 14:36:52.688,-1.620875,7.230489,0.438139
18-Jan-2025 14:36:52.704,-1.558625,7.76679,0.270545
18-Jan-2025 14:36:52.720,-0.687136,8.63828,0.1652
18-Jan-2025 14:36:52.736,0.531513,9.564836,-0.23942
18-Jan-2025 14:36:52.752,1.723825,10.376471,-0.555455
18-Jan-2025 14:36:52.768,2.461239,10.795456,-0.579397
18-Jan-2025 14:36:52.784,2.334347,10.491392,-0.720655
18-Jan-2025 14:36:52.801,1.872266,9.730036,-0.792481
18-Jan-2025 14:36:52.817,1.024718,8.848969,-0.916979
18-Jan-2025 14:36:52.833,0.402226,8.23366,-0.797269
18-Jan-2025 14:36:52.849,0.102951,8.111555,-0.529119
18-Jan-2025 14:36:52.865,0.169988,8.264784,-0.725443
18-Jan-2025 14:36:52.881,0.502782,8.525752,-0.902614
18-Jan-2025 14:36:52.897,0.972046,8.736442,-0.584185
18-Jan-2025 14:36:52.913,1.089362,9.097966,-1.376666
18-Jan-2025 14:36:52.929,1.108515,9.399636,-1.726219
18-Jan-2025 14:36:52.945,1.134852,9.483433,-1.61848
18-Jan-2025 14:36:52.961,1.343147,9.598354,-1.577779
18-Jan-2025 14:36:52.977,1.383849,9.710882,-1.721431
18-Jan-2025 14:36:52.993,1.058237,9.648633,-1.692701
18-Jan-2025 14:36:53.009,1.074997,9.428367,-1.177947
18-Jan-2025 14:36:53.025,1.063026,9.284714,-1.225831
18-Jan-2025 14:36:53.041,1.364695,9.344569,-1.491588
18-Jan-2025 14:36:53.058,1.39582,9.397242,-1.565808
18-Jan-2025 14:36:53.074,1.472434,9.469068,-1.376666
18-Jan-2025 14:36:53.090,1.640028,9.514558,-1.403002
18-Jan-2025 14:36:53.106,1.654393,9.718064,-1.714248
18-Jan-2025 14:36:53.122,1.726219,10.093954,-1.623269
18-Jan-2025 14:36:53.138,1.953669,10.496181,-1.582567
18-Jan-2025 14:36:53.154,1.841141,10.69011,-1.599327
18-Jan-2025 14:36:53.170,1.616086,10.500969,-1.446098
18-Jan-2025 14:36:53.186,1.465251,10.275913,-1.769315
18-Jan-2025 14:36:53.202,1.644817,10.249578,-2.051831
18-Jan-2025 14:36:53.218,2.293645,10.402806,-1.685518
18-Jan-2025 14:36:53.234,2.545036,11.001357,-1.613692
18-Jan-2025 14:36:53.250,2.734178,11.640609,-1.036689
18-Jan-2025 14:36:53.266,2.372654,12.248735,-0.742203
18-Jan-2025 14:36:53.282,1.893813,12.622231,-0.708684
18-Jan-2025 14:36:53.298,2.269703,11.7268,0.138864
18-Jan-2025 14:36:53.315,2.959233,10.266336,0.299275
18-Jan-2025 14:36:53.330,3.833117,8.2169,0.481235
18-Jan-2025 14:36:53.347,3.94325,6.363788,0.828394
18-Jan-2025 14:36:53.363,2.717419,5.595249,0.627281
18-Jan-2025 14:36:53.379,1.740585,5.513846,0.009577
18-Jan-2025 14:36:53.395,1.225831,6.50744,-0.727837
18-Jan-2025 14:36:53.411,0.998382,8.130709,-1.434127
18-Jan-2025 14:36:53.427,1.87466,9.526528,-1.434127
18-Jan-2025 14:36:53.443,2.317587,11.066,-1.13964
18-Jan-2025 14:36:53.459,2.964022,12.349293,-0.586579
18-Jan-2025 14:36:53.475,2.956839,12.861651,-0.821211
18-Jan-2025 14:36:53.491,2.662352,12.253524,-0.581791
18-Jan-2025 14:36:53.507,1.984793,10.670957,-0.071826
18-Jan-2025 14:36:53.523,1.266533,9.454702,-0.244209
18-Jan-2025 14:36:53.539,1.16837,8.458714,-0.648829
18-Jan-2025 14:36:53.556,1.436521,7.771579,-0.938527
18-Jan-2025 14:36:53.572,1.661576,7.45315,-1.017536
18-Jan-2025 14:36:53.588,1.699883,7.651869,-1.23062
18-Jan-2025 14:36:53.604,1.905785,8.157045,-1.328782
18-Jan-2025 14:36:53.620,2.207454,8.8777,-1.108515
18-Jan-2025 14:36:53.636,2.178724,9.610326,-1.091756
18-Jan-2025 14:36:53.652,2.262521,10.053253,-1.338359
18-Jan-2025 14:36:53.668,2.336741,10.263943,-1.510741
18-Jan-2025 14:36:53.684,2.267309,10.345345,-1.414973
18-Jan-2025 14:36:53.700,1.953669,10.201694,-1.359907
18-Jan-2025 14:36:53.716,1.807622,10.077195,-1.359907
18-Jan-2025 14:36:53.732,1.889025,9.950302,-1.216254
18-Jan-2025 14:36:53.748,2.152387,10.043676,-1.149217
18-Jan-2025 14:36:53.764,2.202666,10.110714,-1.312023
18-Jan-2025 14:36:53.780,2.054225,10.151415,-1.527501
18-Jan-2025 14:36:53.796,2.06859,10.383653,-1.762132
18-Jan-2025 14:36:53.812,2.020706,10.769119,-1.640028
18-Jan-2025 14:36:53.828,1.766921,11.125855,-1.09415
18-Jan-2025 14:36:53.845,1.247379,12.241553,-1.041478
18-Jan-2025 14:36:53.861,0.797269,13.579912,-0.711078
18-Jan-2025 14:36:53.877,0.215478,13.967772,0.490811
18-Jan-2025 14:36:53.893,-0.07422,13.421895,1.237802
18-Jan-2025 14:36:53.909,0.11971,12.097901,1.450886
18-Jan-2025 14:36:53.925,0.31364,10.582372,0.878672
18-Jan-2025 14:36:53.941,0.471658,8.841787,0.629675
18-Jan-2025 14:36:53.957,0.033519,7.503428,0.61531
18-Jan-2025 14:36:53.973,-0.476446,6.631939,1.015141
18-Jan-2025 14:36:53.989,-0.758962,6.38773,1.261744
18-Jan-2025 14:36:54.005,-0.787692,6.842628,0.550666
18-Jan-2025 14:36:54.021,-0.538695,7.730877,0.208296
18-Jan-2025 14:36:54.037,0.213084,8.805874,0.371101
18-Jan-2025 14:36:54.053,1.039083,10.240001,0.052672
18-Jan-2025 14:36:54.069,2.202666,11.473015,-0.141258
18-Jan-2025 14:36:54.086,2.980781,11.860875,0.088585
18-Jan-2025 14:36:54.102,2.724602,11.197681,0.105345
18-Jan-2025 14:36:54.118,2.001553,9.928755,0.055067
18-Jan-2025 14:36:54.134,1.474828,8.76996,0.083797
18-Jan-2025 14:36:54.150,0.92895,8.219295,0.083797
18-Jan-2025 14:36:54.166,0.754174,8.401254,0.414197
18-Jan-2025 14:36:54.182,0.694318,9.13388,0.354342
18-Jan-2025 14:36:54.198,0.823605,9.842564,0.21069
18-Jan-2025 14:36:54.214,0.68953,10.414778,-0.009577
18-Jan-2025 14:36:54.230,0.574608,10.553641,-0.229843
18-Jan-2025 14:36:54.246,0.088585,10.340557,-0.361524
18-Jan-2025 14:36:54.262,-0.40462,10.141838,-0.493206
18-Jan-2025 14:36:54.278,-0.912191,9.92636,-0.632069
18-Jan-2025 14:36:54.294,-1.007959,9.65821,-0.560243
18-Jan-2025 14:36:54.310,-0.881066,9.512163,-0.940921
18-Jan-2025 14:36:54.327,-0.737414,9.342175,-1.273715
18-Jan-2025 14:36:54.343,-0.70629,9.222465,-1.412579
18-Jan-2025 14:36:54.359,-0.797269,9.153033,-1.386243
18-Jan-2025 14:36:54.375,-0.814029,9.212888,-1.154005
18-Jan-2025 14:36:54.391,-0.746991,9.342175,-1.398214
18-Jan-2025 14:36:54.407,-0.794875,9.425972,-1.450886
18-Jan-2025 14:36:54.423,-0.687136,9.52174,-1.338359
18-Jan-2025 14:36:54.439,-0.560243,9.749189,-1.426944
18-Jan-2025 14:36:54.455,-0.586579,9.976639,-1.632846
18-Jan-2025 14:36:54.471,-0.775721,10.208876,-1.695095
18-Jan-2025 14:36:54.487,-0.617704,10.333375,-1.865083
18-Jan-2025 14:36:54.503,-0.553061,10.529699,-1.963245
18-Jan-2025 14:36:54.519,-0.562637,10.714052,-1.872266
18-Jan-2025 14:36:54.535,-0.715866,10.788273,-1.836353
18-Jan-2025 14:36:54.552,-0.59855,10.78109,-1.726219
18-Jan-2025 14:36:54.568,-0.306458,10.69011,-1.75495
18-Jan-2025 14:36:54.584,0.021548,10.764331,-1.484405
18-Jan-2025 14:36:54.600,-0.196325,11.145009,-2.161964
18-Jan-2025 14:36:54.616,-0.052672,11.391612,-2.157176
18-Jan-2025 14:36:54.632,0.287304,11.87524,-1.771709
18-Jan-2025 14:36:54.648,0.739808,12.492945,-1.462857
18-Jan-2025 14:36:54.664,1.180341,12.466608,-1.127669
18-Jan-2025 14:36:54.680,1.35033,11.573571,-0.416591
18-Jan-2025 14:36:54.696,1.70946,10.393229,0.07422
18-Jan-2025 14:36:54.712,2.082955,8.882488,0.368707
18-Jan-2025 14:36:54.728,2.343924,7.505822,0.548272
18-Jan-2025 14:36:54.744,2.425326,6.43322,0.572214
18-Jan-2025 14:36:54.760,1.941698,6.071695,0.244209
18-Jan-2025 14:36:54.776,1.422156,6.294356,-0.454898
18-Jan-2025 14:36:54.792,1.249773,6.940791,-0.833182
18-Jan-2025 14:36:54.809,1.836353,7.900866,-1.201889
18-Jan-2025 14:36:54.824,1.855506,9.205706,-1.307234
18-Jan-2025 14:36:54.841,1.731008,10.45069,-0.998382
18-Jan-2025 14:36:54.857,1.343147,11.449073,-1.170765
18-Jan-2025 14:36:54.873,0.924162,11.896789,-1.187524
18-Jan-2025 14:36:54.889,0.627281,11.604695,-1.06542
18-Jan-2025 14:36:54.905,0.622492,11.027693,-1.041478
18-Jan-2025 14:36:54.921,0.493206,10.292673,-1.237802
18-Jan-2025 14:36:54.937,0.560243,9.560047,-1.525106
18-Jan-2025 14:36:54.953,0.725443,8.983045,-1.61848
18-Jan-2025 14:36:54.969,0.775721,8.487445,-1.692701
18-Jan-2025 14:36:54.985,0.562637,8.315063,-1.525106
18-Jan-2025 14:36:55.001,0.416591,8.386889,-1.388637
18-Jan-2025 14:36:55.017,0.387861,8.420407,-1.21386
18-Jan-2025 14:36:55.033,0.397437,8.604761,-1.312023
18-Jan-2025 14:36:55.049,0.782904,8.887277,-0.840365
18-Jan-2025 14:36:55.065,0.955287,8.836999,-1.49877
18-Jan-2025 14:36:55.082,0.885855,8.978256,-1.491588
18-Jan-2025 14:36:55.097,0.605733,8.992621,-1.448492
18-Jan-2025 14:36:55.114,0.486023,9.16261,-1.244985
18-Jan-2025 14:36:55.130,0.694318,9.358934,-1.374272
18-Jan-2025 14:36:55.145,0.071826,10.043676,-1.108515
18-Jan-2025 14:36:55.162,0.112527,10.007763,-1.654393
18-Jan-2025 14:36:55.178,-0.158017,10.290278,-1.106121
18-Jan-2025 14:36:55.194,0.337582,10.254366,-1.163582
18-Jan-2025 14:36:55.210,-0.191536,10.996569,-1.063026
18-Jan-2025 14:36:55.226,0.237026,11.133038,-1.103727
18-Jan-2025 14:36:55.242,0.033519,11.978191,-1.113304
18-Jan-2025 14:36:55.258,0.588974,11.872847,-0.54109
18-Jan-2025 14:36:55.274,0.665588,11.676521,-0.790087
18-Jan-2025 14:36:55.290,0.960075,11.319786,-1.235408
18-Jan-2025 14:36:55.306,1.194707,11.166556,-0.986411
18-Jan-2025 14:36:55.322,1.091756,11.654974,-0.988805
18-Jan-2025 14:36:55.339,0.588974,12.246342,-1.620875
18-Jan-2025 14:36:55.355,0.363919,12.502522,-1.09415
18-Jan-2025 14:36:55.371,-0.919373,12.3876,0.225055
18-Jan-2025 14:36:55.387,-0.873884,11.753136,0.507571
18-Jan-2025 14:36:55.403,-0.773327,10.840945,1.939303
18-Jan-2025 14:36:55.419,-0.399832,9.856929,1.884237
18-Jan-2025 14:36:55.435,0.138864,8.633492,1.343147
18-Jan-2025 14:36:55.451,-0.043096,7.675811,1.33357
18-Jan-2025 14:36:55.467,-0.919373,7.153875,1.517924
18-Jan-2025 14:36:55.483,-2.25055,7.156269,1.211466
18-Jan-2025 14:36:55.499,-3.028665,7.489063,0.799663
18-Jan-2025 14:36:55.515,-2.590526,8.295909,0.514753
18-Jan-2025 14:36:55.531,-1.285686,9.346964,0.251391
18-Jan-2025 14:36:55.547,0.366313,10.560823,0.490811
18-Jan-2025 14:36:55.563,0.481235,10.955867,0.742203
18-Jan-2025 14:36:55.579,1.170765,11.384429,-0.169988
18-Jan-2025 14:36:55.595,1.61848,11.298238,-0.823605
18-Jan-2025 14:36:55.612,0.794875,10.053253,-0.608127
18-Jan-2025 14:36:55.628,0.160412,9.02614,-0.292093
18-Jan-2025 14:36:55.644,-0.110133,8.532935,-0.395043
18-Jan-2025 14:36:55.660,0.227449,8.37013,-0.205901
18-Jan-2025 14:36:55.676,0.632069,8.434772,-0.464475
18-Jan-2025 14:36:55.692,0.64404,8.62152,-0.802058
18-Jan-2025 14:36:55.708,0.567426,8.78672,-1.237802
18-Jan-2025 14:36:55.724,0.651223,8.848969,-1.086968
18-Jan-2025 14:36:55.740,0.708684,9.038112,-1.074997
18-Jan-2025 14:36:55.756,0.972046,9.239224,-1.283292
18-Jan-2025 14:36:55.772,1.017536,9.409213,-1.35033
18-Jan-2025 14:36:55.788,0.847547,9.543288,-1.082179
18-Jan-2025 14:36:55.804,0.713472,9.662998,-0.830788
18-Jan-2025 14:36:55.820,0.694318,9.734824,-0.672771
18-Jan-2025 14:36:55.836,0.859518,9.737218,-0.708684
18-Jan-2025 14:36:55.852,1.177947,9.842564,-0.699107
18-Jan-2025 14:36:55.869,1.268927,10.041282,-0.907402
18-Jan-2025 14:36:55.885,1.254562,10.177752,-0.936133
18-Jan-2025 14:36:55.901,1.154005,10.338163,-1.058237
18-Jan-2025 14:36:55.917,1.187524,10.601525,-1.228225
18-Jan-2025 14:36:55.933,1.455675,10.649409,-1.558625
18-Jan-2025 14:36:55.949,1.776498,10.228029,-1.47004
18-Jan-2025 14:36:55.965,1.637634,9.976639,-1.084573
18-Jan-2025 14:36:55.981,1.865083,10.149021,-0.509965
18-Jan-2025 14:36:55.997,1.984793,11.015722,-0.909797
18-Jan-2025 14:36:56.013,2.406173,11.7268,-0.588974
18-Jan-2025 14:36:56.029,2.619257,12.430696,-0.241814
18-Jan-2025 14:36:56.045,2.492364,12.751518,-0.258574
18-Jan-2025 14:36:56.061,2.288857,11.963826,0.114922
18-Jan-2025 14:36:56.077,2.619257,10.773908,0.354342
18-Jan-2025 14:36:56.093,2.92332,9.497798,0.031125
18-Jan-2025 14:36:56.110,3.028665,7.996634,0.225055
18-Jan-2025 14:36:56.126,2.755726,6.895301,0.45011
18-Jan-2025 14:36:56.142,1.910573,6.26802,0.35913
18-Jan-2025 14:36:56.158,1.532289,6.253655,0.007183
18-Jan-2025 14:36:56.174,1.563414,7.058106,-0.823605
18-Jan-2025 14:36:56.190,1.905785,8.310274,-1.426944
18-Jan-2025 14:36:56.206,2.365471,9.560047,-1.383849
18-Jan-2025 14:36:56.222,2.592921,11.010934,-0.869095
18-Jan-2025 14:36:56.238,2.856283,12.040441,-0.59855
18-Jan-2025 14:36:56.254,2.911349,12.320562,-0.873884
18-Jan-2025 14:36:56.270,2.525883,11.549629,-1.084573
18-Jan-2025 14:36:56.286,2.284068,10.31901,-1.022324
18-Jan-2025 14:36:56.302,1.762132,9.301474,-1.496376
18-Jan-2025 14:36:56.318,1.206678,8.446744,-1.850718
18-Jan-2025 14:36:56.334,1.206678,7.678205,-1.649605
18-Jan-2025 14:36:56.350,1.209072,7.534553,-1.666364
18-Jan-2025 14:36:56.367,1.264138,7.85777,-1.934515
18-Jan-2025 14:36:56.383,1.300052,8.319851,-1.924938
18-Jan-2025 14:36:56.399,1.355118,8.789114,-1.721431
18-Jan-2025 14:36:56.415,1.549049,9.193734,-1.666364
18-Jan-2025 14:36:56.431,1.534683,9.653421,-1.975216
18-Jan-2025 14:36:56.447,1.501164,9.847352,-2.121263
18-Jan-2025 14:36:56.463,1.374272,9.832987,-2.149993
18-Jan-2025 14:36:56.479,1.127669,9.595961,-2.181118
18-Jan-2025 14:36:56.495,1.115698,9.31105,-2.027889
18-Jan-2025 14:36:56.511,1.074997,9.31105,-2.044648
18-Jan-2025 14:36:56.527,0.976834,9.703699,-2.061408
18-Jan-2025 14:36:56.543,0.866701,10.079589,-1.984793
18-Jan-2025 14:36:56.559,0.950498,10.529699,-1.84593
18-Jan-2025 14:36:56.575,1.053449,11.142614,-2.219425
18-Jan-2025 14:36:56.591,1.386243,11.494562,-2.346318
18-Jan-2025 14:36:56.608,1.575385,11.499351,-2.11408
18-Jan-2025 14:36:56.624,1.343147,11.654974,-1.438915
18-Jan-2025 14:36:56.640,0.663194,12.078748,-1.733402
18-Jan-2025 14:36:56.656,-0.059855,12.167333,-1.857901
18-Jan-2025 14:36:56.672,-0.466869,11.911154,-1.189918
18-Jan-2025 14:36:56.688,-0.608127,11.535264,-0.138864
18-Jan-2025 14:36:56.704,-0.775721,11.259931,0.500388
18-Jan-2025 14:36:56.720,-0.988805,11.013328,0.526724
18-Jan-2025 14:36:56.736,-0.979228,10.448297,0.744597
18-Jan-2025 14:36:56.752,-1.00317,9.715671,0.952892
18-Jan-2025 14:36:56.768,-0.964863,8.834604,1.000776
18-Jan-2025 14:36:56.784,-1.113304,8.133103,0.866701
18-Jan-2025 14:36:56.800,-1.328782,7.726089,0.794875
18-Jan-2025 14:36:56.816,-1.513135,7.620744,0.442927
18-Jan-2025 14:36:56.832,-1.347936,7.908048,0.241814
18-Jan-2025 14:36:56.849,-1.015141,8.437167,0.198719
18-Jan-2025 14:36:56.865,-0.533907,9.153033,0.179565
18-Jan-2025 14:36:56.881,-0.158017,9.993398,-0.107739
18-Jan-2025 14:36:56.897,0.287304,10.79785,-0.220267
18-Jan-2025 14:36:56.913,0.634463,11.317391,-0.442927
18-Jan-2025 14:36:56.929,0.579397,11.291056,-0.73502
18-Jan-2025 14:36:56.945,0.349553,10.510546,-0.651223
18-Jan-2025 14:36:56.961,0.289698,9.375694,-0.112527
18-Jan-2025 14:36:56.977,-0.002394,8.671799,-0.486023
18-Jan-2025 14:36:56.993,-0.203507,8.41083,-1.046266
18-Jan-2025 14:36:57.009,-0.191536,8.403648,-0.768539
18-Jan-2025 14:36:57.025,-0.050278,8.523358,-0.670376
18-Jan-2025 14:36:57.041,-0.067038,8.784326,-0.902614
18-Jan-2025 14:36:57.057,-0.047884,9.085996,-1.027112
18-Jan-2025 14:36:57.073,0.055067,9.368511,-0.881066
18-Jan-2025 14:36:57.089,0.234632,9.682152,-0.787692
18-Jan-2025 14:36:57.106,0.282516,9.955091,-1.053449
18-Jan-2025 14:36:57.122,0.409408,9.907207,-0.972046
18-Jan-2025 14:36:57.138,0.699107,9.61272,-0.653617
18-Jan-2025 14:36:57.154,0.694318,9.425972,-0.799663
18-Jan-2025 14:36:57.170,0.565032,9.366117,-1.027112
18-Jan-2025 14:36:57.186,0.634463,9.40203,-0.847547
18-Jan-2025 14:36:57.202,0.830788,9.696517,-1.027112
18-Jan-2025 14:36:57.218,1.187524,10.101137,-1.177947
18-Jan-2025 14:36:57.234,1.460463,10.199299,-0.866701
18-Jan-2025 14:36:57.250,1.173159,10.328587,-0.823605
18-Jan-2025 14:36:57.266,0.92895,10.314221,-0.950498
18-Jan-2025 14:36:57.282,0.972046,10.290278,-1.113304
18-Jan-2025 14:36:57.298,1.594538,10.287885,-0.881066
18-Jan-2025 14:36:57.314,2.149993,10.66138,-0.926556
18-Jan-2025 14:36:57.330,2.049437,11.027693,-1.42455
18-Jan-2025 14:36:57.346,2.032677,11.295844,-0.42138
18-Jan-2025 14:36:57.362,1.584962,11.523293,0.179565
18-Jan-2025 14:36:57.379,1.412579,11.597513,0.225055
18-Jan-2025 14:36:57.395,2.063802,11.133038,0.316035
18-Jan-2025 14:36:57.411,2.6839,10.206482,0.062249
18-Jan-2025 14:36:57.427,2.743755,9.035717,-0.258574
18-Jan-2025 14:36:57.443,2.281674,7.85777,-0.069432
18-Jan-2025 14:36:57.459,1.491588,7.235278,-0.007183
18-Jan-2025 14:36:57.475,0.885855,7.541735,-0.54109
18-Jan-2025 14:36:57.491,0.739808,8.48984,-1.419762
18-Jan-2025 14:36:57.507,0.770933,9.646238,-1.716643
18-Jan-2025 14:36:57.523,1.031901,10.505757,-1.223437
18-Jan-2025 14:36:57.539,0.955287,11.097125,-0.943315
18-Jan-2025 14:36:57.555,0.632069,11.489774,-0.861913
18-Jan-2025 14:36:57.571,0.320823,11.549629,-1.000776
18-Jan-2025 14:36:57.587,0.308852,11.188105,-1.074997
18-Jan-2025 14:36:57.603,0.486023,10.460267,-1.154005
18-Jan-2025 14:36:57.620,0.746991,9.89763,-1.601721
18-Jan-2025 14:36:57.635,1.070208,9.181764,-1.374272
18-Jan-2025 14:36:57.652,1.309628,8.616732,-1.165976
18-Jan-2025 14:36:57.668,1.077391,8.37013,-1.68073
18-Jan-2025 14:36:57.684,0.847547,8.192958,-1.582567
18-Jan-2025 14:36:57.700,0.792481,8.324639,-1.331176
18-Jan-2025 14:36:57.716,0.708684,8.655039,-1.268927
18-Jan-2025 14:36:57.732,0.627281,9.081207,-1.228225
18-Jan-2025 14:36:57.748,0.538695,9.576807,-1.21386
18-Jan-2025 14:36:57.764,0.713472,10.103531,-1.165976
18-Jan-2025 14:36:57.780,0.878672,10.611102,-1.33357
18-Jan-2025 14:36:57.796,1.149217,10.87207,-1.371878
18-Jan-2025 14:36:57.812,1.173159,10.929531,-1.369483
18-Jan-2025 14:36:57.828,0.981623,10.869676,-1.347936
18-Jan-2025 14:36:57.844,0.797269,10.886436,-1.611298
18-Jan-2025 14:36:57.860,0.713472,10.867282,-1.788469
18-Jan-2025 14:36:57.877,0.818817,10.685322,-1.793257
18-Jan-2025 14:36:57.893,0.811634,10.45069,-1.838747
18-Jan-2025 14:36:57.909,0.703895,10.04607,-1.651999
18-Jan-2025 14:36:57.925,0.519542,9.923966,-1.292869
18-Jan-2025 14:36:57.941,0.339977,10.16578,-1.448492
18-Jan-2025 14:36:57.957,0.110133,10.383653,-1.369483
18-Jan-2025 14:36:57.973,-0.033519,10.46745,-0.97444
18-Jan-2025 14:36:57.989,-0.019154,10.352529,-0.304064
18-Jan-2025 14:36:58.005,0.160412,10.058042,-0.062249
18-Jan-2025 14:36:58.021,0.31364,9.581595,-0.299275
18-Jan-2025 14:36:58.037,0.349553,9.030929,-0.596156
18-Jan-2025 14:36:58.053,0.227449,8.597578,-0.433351
18-Jan-2025 14:36:58.069,-0.129287,8.367735,-0.299275
18-Jan-2025 14:36:58.085,-0.442927,8.571242,-0.222661
18-Jan-2025 14:36:58.101,-0.627281,9.129091,-0.191536
18-Jan-2025 14:36:58.117,-0.639252,9.646238,-0.138864
18-Jan-2025 14:36:58.134,-0.603339,9.974244,-0.076614
18-Jan-2025 14:36:58.149,-0.459687,10.151415,-0.02873
18-Jan-2025 14:36:58.166,-0.555455,10.036493,0.007183
18-Jan-2025 14:36:58.182,-0.61531,9.730036,0.304064
18-Jan-2025 14:36:58.198,-0.938527,9.495404,0.416591
18-Jan-2025 14:36:58.214,-0.909797,9.279925,0.605733
18-Jan-2025 14:36:58.230,-1.005565,9.318233,0.447716
18-Jan-2025 14:36:58.246,-1.211466,9.56723,0.169988
18-Jan-2025 14:36:58.262,-1.218649,10.09156,0.287304
18-Jan-2025 14:36:58.278,-0.835576,10.500969,0.500388
18-Jan-2025 14:36:58.294,-0.905008,10.903194,-0.021548
18-Jan-2025 14:36:58.310,-1.051055,11.044453,-0.21069
18-Jan-2025 14:36:58.326,-0.90022,10.663774,0.387861
18-Jan-2025 14:36:58.342,-0.746991,10.290278,0.533907
18-Jan-2025 14:36:58.358,-0.890643,9.988609,0.227449
18-Jan-2025 14:36:58.374,-1.024718,9.67018,0.014365
18-Jan-2025 14:36:58.390,-1.089362,9.428367,0.107739
18-Jan-2025 14:36:58.406,-1.067814,9.31105,0.169988
18-Jan-2025 14:36:58.423,-1.055843,9.421184,0.131681
18-Jan-2025 14:36:58.439,-1.041478,9.67018,-0.002394
18-Jan-2025 14:36:58.455,-1.060631,9.909601,-0.126893
18-Jan-2025 14:36:58.471,-0.993594,10.13705,-0.325611
18-Jan-2025 14:36:58.487,-0.873884,10.321404,-0.265756
18-Jan-2025 14:36:58.503,-0.797269,10.433931,-0.126893
18-Jan-2025 14:36:58.519,-0.837971,10.402806,-0.215478
18-Jan-2025 14:36:58.535,-0.701501,10.065224,-0.258574
18-Jan-2025 14:36:58.551,-0.464475,9.64145,-0.37589
18-Jan-2025 14:36:58.567,-0.454898,9.332599,-0.828394
18-Jan-2025 14:36:58.583,-0.464475,9.131485,-0.931344
18-Jan-2025 14:36:58.599,-0.526724,9.167398,-0.840365
18-Jan-2025 14:36:58.615,-0.610521,9.581595,-0.878672
18-Jan-2025 14:36:58.631,-0.42138,10.170568,-0.847547
18-Jan-2025 14:36:58.647,-0.222661,10.544065,-1.043872
18-Jan-2025 14:36:58.663,-0.328006,10.675745,-1.113304
18-Jan-2025 14:36:58.680,-0.354342,10.488997,-1.007959
18-Jan-2025 14:36:58.696,-0.512359,10.280702,-1.16837
18-Jan-2025 14:36:58.712,-0.52433,10.053253,-1.233014
18-Jan-2025 14:36:58.728,-0.387861,9.840169,-0.955287
18-Jan-2025 14:36:58.744,-0.21069,9.890448,-0.701501
18-Jan-2025 14:36:58.760,-0.09098,10.105926,-0.97444
18-Jan-2025 14:36:58.776,-0.016759,10.127473,-1.146823
18-Jan-2025 14:36:58.792,0.282516,9.763555,-0.667982
18-Jan-2025 14:36:58.808,0.347159,9.382876,-0.354342
18-Jan-2025 14:36:58.824,0.318429,9.32781,-0.304064
18-Jan-2025 14:36:58.840,0.45011,9.691729,-0.380678
18-Jan-2025 14:36:58.856,0.543484,10.125079,-0.588974
18-Jan-2025 14:36:58.872,0.548272,10.266336,-0.373495
18-Jan-2025 14:36:58.888,1.120486,9.998186,0.19393
18-Jan-2025 14:36:58.905,1.695095,9.768343,-0.016759
18-Jan-2025 14:36:58.920,1.975216,9.703699,-0.629675
18-Jan-2025 14:36:58.937,2.372654,9.490616,-0.68953
18-Jan-2025 14:36:58.953,2.583344,9.244013,-0.555455
18-Jan-2025 14:36:58.969,2.346318,9.504981,-1.031901
18-Jan-2025 14:36:58.985,2.521094,9.911995,-1.134852
18-Jan-2025 14:36:59.001,3.136404,10.338163,-1.283292
18-Jan-2025 14:36:59.017,2.734178,10.742783,-1.661576
18-Jan-2025 14:36:59.033,2.094927,10.517728,-1.63524
18-Jan-2025 14:36:59.049,1.343147,10.369287,-1.63524
18-Jan-2025 14:36:59.065,0.993594,10.240001,-1.640028
18-Jan-2025 14:36:59.081,1.13964,9.983821,-1.362301
18-Jan-2025 14:36:59.097,1.482011,9.646238,-1.122881
18-Jan-2025 14:36:59.113,1.805228,9.315839,-1.18513
18-Jan-2025 14:36:59.129,1.802834,8.899248,-1.256956
18-Jan-2025 14:36:59.145,1.814805,8.47308,-1.280898
18-Jan-2025 14:36:59.162,1.831564,8.221688,-1.149217
18-Jan-2025 14:36:59.178,1.78368,8.197746,-1.312023
18-Jan-2025 14:36:59.193,1.757344,8.418014,-1.517924
18-Jan-2025 14:36:59.210,1.731008,8.724471,-1.496376
18-Jan-2025 14:36:59.226,1.781286,9.148245,-1.321599
18-Jan-2025 14:36:59.242,1.977611,9.631873,-1.364695
18-Jan-2025 14:36:59.258,2.104503,10.002975,-1.489193
18-Jan-2025 14:36:59.273,2.094927,10.048465,-1.517924
18-Jan-2025 14:36:59.290,1.991976,9.904813,-1.525106
18-Jan-2025 14:36:59.306,1.860295,9.775525,-1.522712
18-Jan-2025 14:36:59.322,1.584962,9.605537,-1.723825
18-Jan-2025 14:36:59.338,1.611298,9.519346,-1.78368
18-Jan-2025 14:36:59.354,1.865083,9.409213,-1.735796
18-Jan-2025 14:36:59.370,1.70946,9.363723,-1.769315
18-Jan-2025 14:36:59.386,1.541866,9.349358,-1.757344
18-Jan-2025 14:36:59.402,1.405396,9.428367,-1.84593
18-Jan-2025 14:36:59.418,1.335965,9.600749,-1.668759
18-Jan-2025 14:36:59.435,1.30484,9.849746,-1.647211
18-Jan-2025 14:36:59.451,1.268927,10.04607,-1.824382
18-Jan-2025 14:36:59.467,1.438915,10.261548,-1.886631
18-Jan-2025 14:36:59.483,1.563414,10.500969,-1.793257
18-Jan-2025 14:36:59.499,1.781286,10.809821,-1.776498
18-Jan-2025 14:36:59.515,2.102109,11.070788,-1.726219
18-Jan-2025 14:36:59.531,2.281674,11.269507,-1.733402
18-Jan-2025 14:36:59.547,2.195483,11.274296,-1.467646
18-Jan-2025 14:36:59.563,1.702277,11.226412,-1.465251
18-Jan-2025 14:36:59.579,1.063026,11.437101,-1.697489
18-Jan-2025 14:36:59.594,0.749385,11.757924,-1.537078
18-Jan-2025 14:36:59.611,1.036689,11.906365,-0.715866
18-Jan-2025 14:36:59.627,0.758962,11.899182,-0.881066
18-Jan-2025 14:36:59.643,0.512359,11.18571,-0.409408
18-Jan-2025 14:36:59.659,0.301669,10.168175,0.21069
18-Jan-2025 14:36:59.675,0.112527,9.445126,0.562637
18-Jan-2025 14:36:59.691,0.055067,8.690952,0.500388
18-Jan-2025 14:36:59.707,-0.268151,8.066066,0.56982
18-Jan-2025 14:36:59.723,-0.471658,7.48188,0.785298
18-Jan-2025 14:36:59.740,-0.866701,7.280767,0.857124
18-Jan-2025 14:36:59.756,-1.335965,7.685388,0.237026
18-Jan-2025 14:36:59.772,-1.192312,8.444349,-0.402226
18-Jan-2025 14:36:59.788,-0.957681,9.356541,-0.814029
18-Jan-2025 14:36:59.804,-0.320823,10.486604,-0.828394
18-Jan-2025 14:36:59.820,0.744597,11.475409,-0.940921
18-Jan-2025 14:36:59.836,1.156399,11.906365,-1.144428
18-Jan-2025 14:36:59.852,0.407014,11.508927,-1.522712
18-Jan-2025 14:36:59.868,-0.203507,10.620679,-1.659182
18-Jan-2025 14:36:59.884,-0.217872,9.727641,-1.443704
18-Jan-2025 14:36:59.900,-0.04549,9.023746,-1.194707
18-Jan-2025 14:36:59.916,-0.071826,8.607155,-0.897826
18-Jan-2025 14:36:59.932,0.112527,8.48984,-0.703895
18-Jan-2025 14:36:59.948,0.318429,8.832211,-0.924162
18-Jan-2025 14:36:59.965,0.344765,8.904037,-1.240196
18-Jan-2025 14:36:59.981,0.181959,8.841787,-1.467646
18-Jan-2025 14:36:59.997,0.141258,8.839393,-1.556231
18-Jan-2025 14:37:00.013,0.105345,8.947132,-1.551443
18-Jan-2025 14:37:00.029,0.098162,9.054871,-1.388637
18-Jan-2025 14:37:00.045,0.02873,9.181764,-1.355118
18-Jan-2025 14:37:00.061,-0.07422,9.248801,-1.388637
18-Jan-2025 14:37:00.077,-0.035913,9.215282,-1.37906
18-Jan-2025 14:37:00.093,-0.011971,9.275137,-1.47004
18-Jan-2025 14:37:00.109,-0.002394,9.363723,-1.458069
18-Jan-2025 14:37:00.125,0.002394,9.452309,-1.419762
18-Jan-2025 14:37:00.141,0.071826,9.619903,-1.491588
18-Jan-2025 14:37:00.157,0.21069,9.727641,-1.381454
18-Jan-2025 14:37:00.173,0.294487,9.871294,-1.295263
18-Jan-2025 14:37:00.189,0.337582,10.058042,-1.434127
18-Jan-2025 14:37:00.205,0.675165,10.247183,-1.575385
18-Jan-2025 14:37:00.221,0.97444,10.548853,-1.757344
18-Jan-2025 14:37:00.237,0.919373,10.785878,-1.857901
18-Jan-2025 14:37:00.254,0.620098,10.718841,-2.020706
18-Jan-2025 14:37:00.270,0.703895,10.369287,-1.23062
18-Jan-2025 14:37:00.286,0.292093,10.465055,-1.752556
18-Jan-2025 14:37:00.302,0.519542,10.441113,-2.070984
18-Jan-2025 14:37:00.318,1.034295,10.534488,-1.766921
18-Jan-2025 14:37:00.334,1.410185,10.527305,-1.386243
18-Jan-2025 14:37:00.350,1.683124,10.642226,-1.098939
18-Jan-2025 14:37:00.366,1.747767,11.106702,-1.244985
18-Jan-2025 14:37:00.382,1.970428,11.300632,-1.127669
18-Jan-2025 14:37:00.398,1.910573,10.960655,-0.653617
18-Jan-2025 14:37:00.414,1.848324,10.323798,0.007183
18-Jan-2025 14:37:00.430,2.193089,9.555259,0.371101
18-Jan-2025 14:37:00.446,2.3535,8.738836,0.229843
18-Jan-2025 14:37:00.462,2.552219,8.044518,0.392649
18-Jan-2025 14:37:00.478,2.346318,7.69257,-0.433351
18-Jan-2025 14:37:00.494,2.066196,7.831434,-1.051055
18-Jan-2025 14:37:00.510,2.054225,8.552089,-1.400608
18-Jan-2025 14:37:00.527,2.06859,9.351752,-1.441309
18-Jan-2025 14:37:00.543,1.922544,10.180145,-1.027112
18-Jan-2025 14:37:00.559,1.256956,10.850522,-1.108515
18-Jan-2025 14:37:00.575,0.950498,10.970232,-1.218649
18-Jan-2025 14:37:00.591,0.962469,10.69011,-1.21386
18-Jan-2025 14:37:00.607,1.122881,10.254366,-1.374272
18-Jan-2025 14:37:00.623,1.376666,9.775525,-1.422156
18-Jan-2025 14:37:00.639,1.441309,9.397242,-1.640028
18-Jan-2025 14:37:00.655,1.292869,8.942344,-1.37906
18-Jan-2025 14:37:00.671,1.35033,8.640674,-1.467646
18-Jan-2025 14:37:00.687,1.316811,8.434772,-1.484405
18-Jan-2025 14:37:00.703,1.261744,8.322245,-1.529895
18-Jan-2025 14:37:00.719,1.058237,8.434772,-1.711854
18-Jan-2025 14:37:00.735,1.106121,8.652645,-1.659182
18-Jan-2025 14:37:00.752,1.235408,9.069236,-1.707066
18-Jan-2025 14:37:00.768,1.228225,9.481039,-1.812411
18-Jan-2025 14:37:00.784,1.161188,9.710882,-1.723825
18-Jan-2025 14:37:00.800,1.211466,9.78989,-1.501164
18-Jan-2025 14:37:00.816,1.276109,9.952697,-1.532289
18-Jan-2025 14:37:00.832,1.501164,9.995792,-1.532289
18-Jan-2025 14:37:00.848,1.412579,10.007763,-1.735796
18-Jan-2025 14:37:00.864,1.240196,10.192117,-1.771709
18-Jan-2025 14:37:00.880,1.21386,10.424355,-1.568202
18-Jan-2025 14:37:00.896,1.35033,10.709264,-1.637634
18-Jan-2025 14:37:00.912,1.482011,10.915166,-1.963245
18-Jan-2025 14:37:00.928,1.632846,10.965444,-1.826776
18-Jan-2025 14:37:00.944,1.774103,10.79785,-1.479617
18-Jan-2025 14:37:00.960,1.462857,10.613496,-1.886631
18-Jan-2025 14:37:00.976,1.244985,10.579977,-1.551443
18-Jan-2025 14:37:00.992,1.077391,10.81461,-1.340753
18-Jan-2025 14:37:01.008,1.086968,10.5704,-0.770933
18-Jan-2025 14:37:01.024,-0.1652,11.432313,-1.369483
18-Jan-2025 14:37:01.040,0.040701,10.632649,-0.476446
18-Jan-2025 14:37:01.056,0.07422,9.859323,0.205901
18-Jan-2025 14:37:01.073,-0.198719,9.100361,-0.227449
18-Jan-2025 14:37:01.089,-0.531513,8.50181,-0.28491
18-Jan-2025 14:37:01.105,-0.80924,7.970297,-0.270545
18-Jan-2025 14:37:01.121,-1.122881,7.81228,-0.328006
18-Jan-2025 14:37:01.137,-1.391031,8.331821,-0.533907
18-Jan-2025 14:37:01.153,-1.218649,9.222465,-0.481235
18-Jan-2025 14:37:01.169,-0.61531,10.316615,-0.246603
18-Jan-2025 14:37:01.185,-0.320823,11.147403,-0.260968
18-Jan-2025 14:37:01.201,0.517148,11.96622,-0.778116
18-Jan-2025 14:37:01.217,2.135628,12.739547,-1.802834
18-Jan-2025 14:37:01.233,1.486799,11.865664,-1.73819
18-Jan-2025 14:37:01.249,0.873884,10.568007,-1.228225
18-Jan-2025 14:37:01.265,0.555455,9.210494,-1.295263
18-Jan-2025 14:37:01.281,0.296881,8.121132,-1.347936
18-Jan-2025 14:37:01.297,0.007183,7.589619,-1.338359
18-Jan-2025 14:37:01.314,-0.138864,7.445967,-1.292869
18-Jan-2025 14:37:01.330,-0.387861,7.601591,-1.23062
18-Jan-2025 14:37:01.346,-0.457293,7.90326,-1.151611
18-Jan-2025 14:37:01.362,-0.47884,8.293514,-1.391031
18-Jan-2025 14:37:01.378,-0.258574,8.808268,-1.51553
18-Jan-2025 14:37:01.394,-0.203507,9.421184,-1.582567
18-Jan-2025 14:37:01.410,-0.134075,9.78989,-1.505953
18-Jan-2025 14:37:01.426,-0.287304,9.933543,-1.335965
18-Jan-2025 14:37:01.442,-0.414197,9.77792,-1.276109
18-Jan-2025 14:37:01.458,-0.423774,9.665392,-1.273715
18-Jan-2025 14:37:01.474,-0.253785,9.55047,-1.280898
18-Jan-2025 14:37:01.490,-0.304064,9.643845,-1.369483
18-Jan-2025 14:37:01.506,-0.311246,9.763555,-1.218649
18-Jan-2025 14:37:01.522,-0.440533,9.998186,-1.06542
18-Jan-2025 14:37:01.538,-0.414197,10.177752,-1.189918
18-Jan-2025 14:37:01.554,-0.277727,10.431537,-1.278504
18-Jan-2025 14:37:01.570,-0.280122,10.548853,-1.058237
18-Jan-2025 14:37:01.587,-0.146046,10.460267,-0.888249
18-Jan-2025 14:37:01.603,-0.306458,10.374076,-1.359907
18-Jan-2025 14:37:01.619,0.019154,10.199299,-1.096544
18-Jan-2025 14:37:01.635,0.129287,10.448297,-1.060631
18-Jan-2025 14:37:01.651,0.287304,10.948685,-0.826
18-Jan-2025 14:37:01.667,0.409408,11.722012,-1.146823
18-Jan-2025 14:37:01.683,0.794875,12.038046,-1.070208
18-Jan-2025 14:37:01.699,1.053449,11.269507,-0.59855
18-Jan-2025 14:37:01.715,1.18513,10.371682,-0.490811
18-Jan-2025 14:37:01.731,1.642422,9.43076,-0.28491
18-Jan-2025 14:37:01.747,1.941698,8.532935,-0.28491
18-Jan-2025 14:37:01.763,1.893813,7.790732,-0.411803
18-Jan-2025 14:37:01.779,2.173935,7.31668,-0.196325
18-Jan-2025 14:37:01.795,1.889025,7.374141,0.047884
18-Jan-2025 14:37:01.811,1.70946,7.970297,-0.68953
18-Jan-2025 14:37:01.827,2.066196,9.136273,-1.343147
18-Jan-2025 14:37:01.843,2.30801,10.632649,-1.177947
18-Jan-2025 14:37:01.859,2.351106,12.191275,-1.529895
18-Jan-2025 14:37:01.876,2.30801,12.835316,-1.699883
18-Jan-2025 14:37:01.892,1.745373,12.150574,-1.316811
18-Jan-2025 14:37:01.908,1.189918,10.742783,-1.01993
18-Jan-2025 14:37:01.924,1.000776,9.531317,-1.015141
18-Jan-2025 14:37:01.940,1.067814,8.561666,-1.144428
18-Jan-2025 14:37:01.956,0.895431,7.955932,-1.120486
18-Jan-2025 14:37:01.972,0.778116,7.752425,-1.053449
18-Jan-2025 14:37:01.988,0.924162,8.154651,-1.295263
18-Jan-2025 14:37:02.004,1.16837,8.537724,-1.237802
18-Jan-2025 14:37:02.020,1.218649,8.932767,-1.357512
18-Jan-2025 14:37:02.036,1.290475,9.203311,-1.39582
18-Jan-2025 14:37:02.052,1.331176,9.414001,-1.580173
18-Jan-2025 14:37:02.068,1.367089,9.837775,-1.704672
18-Jan-2025 14:37:02.084,1.393425,10.184934,-1.814805
18-Jan-2025 14:37:02.100,1.438915,10.27352,-1.831564
18-Jan-2025 14:37:02.117,1.496376,10.16578,-1.726219
18-Jan-2025 14:37:02.133,1.575385,9.907207,-1.558625
18-Jan-2025 14:37:02.149,1.206678,9.710882,-1.771709
18-Jan-2025 14:37:02.165,0.888249,9.481039,-1.616086
18-Jan-2025 14:37:02.181,0.646434,9.378088,-1.520318
18-Jan-2025 14:37:02.197,0.560243,9.406818,-1.56102
18-Jan-2025 14:37:02.213,0.823605,9.595961,-1.264138
18-Jan-2025 14:37:02.229,0.770933,10.175357,-1.814805
18-Jan-2025 14:37:02.245,0.926556,10.728417,-1.996764
18-Jan-2025 14:37:02.261,1.285686,11.054029,-1.393425
18-Jan-2025 14:37:02.277,1.288081,11.518504,-0.47884
18-Jan-2025 14:37:02.293,1.022324,12.275072,-1.13964
18-Jan-2025 14:37:02.309,0.940921,12.873623,-1.458069
18-Jan-2025 14:37:02.325,0.229843,13.22557,-1.23062
18-Jan-2025 14:37:02.341,0.153229,12.873623,-0.943315
18-Jan-2025 14:37:02.357,0.208296,11.410766,0.691924
18-Jan-2025 14:37:02.373,0.134075,10.170568,0.852336
18-Jan-2025 14:37:02.390,0.016759,9.208099,0.335188
18-Jan-2025 14:37:02.406,-0.318429,8.324639,0.136469
18-Jan-2025 14:37:02.422,-0.622492,7.450756,0.442927
18-Jan-2025 14:37:02.438,-1.118092,6.76362,0.890643
18-Jan-2025 14:37:02.454,-1.73819,6.696582,0.76375
18-Jan-2025 14:37:02.470,-1.704672,7.33344,0.553061
18-Jan-2025 14:37:02.486,-1.355118,8.494628,0.079009
18-Jan-2025 14:37:02.502,-0.543484,9.780313,-0.270545
18-Jan-2025 14:37:02.518,0.186748,11.331757,-0.562637
18-Jan-2025 14:37:02.534,0.931344,12.579136,-0.347159
18-Jan-2025 14:37:02.550,0.47884,12.023681,0.019154
18-Jan-2025 14:37:02.566,1.616086,12.217611,-0.600945
18-Jan-2025 14:37:02.582,0.92895,11.073183,-0.61531
18-Jan-2025 14:37:02.598,0.423774,9.883265,-0.462081
18-Jan-2025 14:37:02.614,-0.380678,8.8777,-0.715866
18-Jan-2025 14:37:02.630,-0.6608,8.384495,-0.878672
18-Jan-2025 14:37:02.646,-0.521936,8.190564,-0.897826
18-Jan-2025 14:37:02.663,-0.490811,7.795521,-0.665588
18-Jan-2025 14:37:02.679,0.275333,8.492233,-0.526724
18-Jan-2025 14:37:02.695,0.07422,8.676587,-0.972046
18-Jan-2025 14:37:02.711,0.174777,9.074024,-0.907402
18-Jan-2025 14:37:02.727,0.031125,9.531317,-0.976834
18-Jan-2025 14:37:02.743,-0.189142,9.92636,-1.209072
18-Jan-2025 14:37:02.759,-0.079009,10.18254,-1.142034
18-Jan-2025 14:37:02.775,-0.064643,10.328587,-1.199495
18-Jan-2025 14:37:02.791,0.153229,10.199299,-0.823605
18-Jan-2025 14:37:02.807,0.110133,9.974244,-0.837971
18-Jan-2025 14:37:02.823,0.076614,9.986216,-0.881066
18-Jan-2025 14:37:02.839,0.093374,9.976639,-0.88346
18-Jan-2025 14:37:02.855,0.320823,10.127473,-1.046266
18-Jan-2025 14:37:02.871,0.787692,10.220847,-1.022324
18-Jan-2025 14:37:02.887,0.916979,10.225636,-1.256956
18-Jan-2025 14:37:02.903,0.799663,10.340557,-1.276109
18-Jan-2025 14:37:02.919,1.194707,10.625467,-0.814029
18-Jan-2025 14:37:02.935,1.367089,11.475409,-1.161188
18-Jan-2025 14:37:02.952,1.534683,12.026075,-1.527501
18-Jan-2025 14:37:02.968,1.278504,11.650186,-0.938527
18-Jan-2025 14:37:02.984,1.01993,10.723629,0.019154
18-Jan-2025 14:37:03.000,1.326388,9.595961,0.723049
18-Jan-2025 14:37:03.016,1.441309,8.832211,0.502782
18-Jan-2025 14:37:03.032,1.505953,8.123527,-0.02873
18-Jan-2025 14:37:03.048,1.522712,7.733272,-0.696713
18-Jan-2025 14:37:03.064,1.707066,7.721301,-0.45011
18-Jan-2025 14:37:03.080,1.953669,8.010999,-0.371101
18-Jan-2025 14:37:03.096,1.572991,9.124303,-1.869871
18-Jan-2025 14:37:03.112,1.592144,9.878476,-1.644817
18-Jan-2025 14:37:03.128,1.33357,10.907983,-1.472434
18-Jan-2025 14:37:03.144,1.039083,11.832145,-1.254562
18-Jan-2025 14:37:03.160,0.85473,12.172121,-0.90022
18-Jan-2025 14:37:03.177,0.933739,11.745954,-0.442927
18-Jan-2025 14:37:03.193,1.146823,10.79785,-0.349553
18-Jan-2025 14:37:03.209,1.113304,9.969456,-0.914585
18-Jan-2025 14:37:03.225,1.000776,9.234436,-1.290475
18-Jan-2025 14:37:03.241,1.051055,8.743625,-1.091756
18-Jan-2025 14:37:03.256,1.264138,8.559271,-0.766145
18-Jan-2025 14:37:03.273,1.668759,8.465898,-0.612916
18-Jan-2025 14:37:03.289,1.869871,8.485051,-0.969652
18-Jan-2025 14:37:03.305,2.006341,8.554482,-0.646434
18-Jan-2025 14:37:03.321,1.936909,8.690952,-0.414197
18-Jan-2025 14:37:03.337,1.747767,9.143456,-0.263362
18-Jan-2025 14:37:03.353,1.771709,9.639056,-0.414197
18-Jan-2025 14:37:03.369,1.776498,10.141838,-0.684742
18-Jan-2025 14:37:03.385,2.092532,10.544065,-0.464475
18-Jan-2025 14:37:03.401,1.963245,10.907983,-0.811634
18-Jan-2025 14:37:03.417,1.946486,10.979809,-0.842759
18-Jan-2025 14:37:03.434,1.572991,10.87207,-1.04866
18-Jan-2025 14:37:03.450,1.460463,10.728417,-1.30484
18-Jan-2025 14:37:03.466,1.501164,10.852917,-1.405396
18-Jan-2025 14:37:03.482,1.496376,11.025299,-1.321599
18-Jan-2025 14:37:03.498,1.197101,11.044453,-1.357512
18-Jan-2025 14:37:03.514,0.430956,10.907983,-1.192312
18-Jan-2025 14:37:03.530,-0.270545,10.577583,-0.766145
18-Jan-2025 14:37:03.546,-0.725443,10.01734,-0.126893
18-Jan-2025 14:37:03.562,-0.727837,9.526528,0.342371
18-Jan-2025 14:37:03.578,-0.622492,8.961497,0.730232
18-Jan-2025 14:37:03.594,-0.794875,8.408437,0.620098
18-Jan-2025 14:37:03.610,-1.266533,8.092402,0.131681
18-Jan-2025 14:37:03.626,-1.383849,7.958326,0.067038
18-Jan-2025 14:37:03.642,-0.979228,8.451532,0.07422
18-Jan-2025 14:37:03.658,-0.31364,9.040505,-0.114922
18-Jan-2025 14:37:03.674,-0.019154,9.739613,-0.457293
18-Jan-2025 14:37:03.690,-0.059855,10.479421,-0.339977
18-Jan-2025 14:37:03.706,0.624887,11.018116,0.052672
18-Jan-2025 14:37:03.722,-0.04549,11.135432,-0.871489
18-Jan-2025 14:37:03.738,0.126893,10.982203,-0.507571
18-Jan-2025 14:37:03.755,-0.557849,10.55843,-1.024718
18-Jan-2025 14:37:03.771,-0.914585,10.187328,-0.943315
18-Jan-2025 14:37:03.787,-1.194707,9.720459,-0.905008
18-Jan-2025 14:37:03.803,-1.086968,9.239224,-0.617704
18-Jan-2025 14:37:03.819,-1.209072,8.949526,-0.265756
18-Jan-2025 14:37:03.835,-1.462857,8.863335,-0.196325
18-Jan-2025 14:37:03.851,-1.642422,9.016563,-0.428562
18-Jan-2025 14:37:03.867,-1.429338,9.370906,-0.584185
18-Jan-2025 14:37:03.883,-1.165976,9.818622,-0.411803
18-Jan-2025 14:37:03.898,-0.696713,9.969456,0.21069
18-Jan-2025 14:37:03.915,-0.948104,10.680533,-0.550666
18-Jan-2025 14:37:03.931,-0.914585,10.91756,-0.756568
18-Jan-2025 14:37:03.947,-0.603339,10.726024,-0.356736
18-Jan-2025 14:37:03.964,-0.608127,10.568007,-0.47884
18-Jan-2025 14:37:03.979,-0.490811,10.398018,-0.730232
18-Jan-2025 14:37:03.996,-0.411803,10.163386,-1.072602
18-Jan-2025 14:37:04.012,-0.304064,9.844957,-1.163582
18-Jan-2025 14:37:04.028,-0.248997,9.483433,-0.826
18-Jan-2025 14:37:04.044,-0.21069,9.19134,-0.746991
18-Jan-2025 14:37:04.060,-0.416591,9.148245,-0.878672
18-Jan-2025 14:37:04.076,-0.517148,9.279925,-0.984017
18-Jan-2025 14:37:04.092,-0.445322,9.409213,-0.811634
18-Jan-2025 14:37:04.108,-0.45011,9.629479,-0.909797
18-Jan-2025 14:37:04.124,-0.37589,10.000581,-0.909797
18-Jan-2025 14:37:04.140,-0.198719,10.27352,-1.16837
18-Jan-2025 14:37:04.156,-0.107739,10.424355,-1.290475
18-Jan-2025 14:37:04.172,-0.055067,10.505757,-1.201889
18-Jan-2025 14:37:04.188,-0.026336,10.376471,-1.201889
18-Jan-2025 14:37:04.205,-0.217872,10.230424,-1.319205
18-Jan-2025 14:37:04.220,-0.354342,10.065224,-1.388637
18-Jan-2025 14:37:04.237,-0.31364,9.900024,-1.228225
18-Jan-2025 14:37:04.253,-0.138864,9.809045,-1.120486
18-Jan-2025 14:37:04.269,-0.040701,9.94312,-1.161188
18-Jan-2025 14:37:04.285,-0.011971,10.230424,-1.228225
18-Jan-2025 14:37:04.301,0.023942,10.524911,-1.084573
18-Jan-2025 14:37:04.317,0.438139,10.637438,-0.775721
18-Jan-2025 14:37:04.333,0.605733,10.773908,-0.76375
18-Jan-2025 14:37:04.349,0.691924,10.812215,-0.938527
18-Jan-2025 14:37:04.365,1.000776,10.606314,-0.926556
18-Jan-2025 14:37:04.381,1.479617,10.141838,-0.761356
18-Jan-2025 14:37:04.397,1.711854,9.536105,-0.574608
18-Jan-2025 14:37:04.413,1.786075,8.825027,-0.42138
18-Jan-2025 14:37:04.429,1.750161,8.259995,-0.148441
18-Jan-2025 14:37:04.446,1.75495,7.999028,0.007183
18-Jan-2025 14:37:04.462,1.747767,8.188169,-0.407014
18-Jan-2025 14:37:04.478,2.221819,8.619126,-0.667982
18-Jan-2025 14:37:04.494,2.47321,9.090784,-1.122881
18-Jan-2025 14:37:04.510,2.686294,9.56723,-1.201889
18-Jan-2025 14:37:04.526,2.607286,10.192117,-1.070208
18-Jan-2025 14:37:04.542,2.509123,11.173739,-1.043872
18-Jan-2025 14:37:04.558,2.674323,12.198458,-1.165976
18-Jan-2025 14:37:04.574,2.695871,12.344504,-1.285686
18-Jan-2025 14:37:04.590,2.157176,11.461043,-1.074997
18-Jan-2025 14:37:04.606,1.687912,10.553641,-1.355118
18-Jan-2025 14:37:04.622,1.623269,9.811439,-1.151611
18-Jan-2025 14:37:04.638,1.187524,9.390059,-1.359907
18-Jan-2025 14:37:04.654,1.101333,9.023746,-1.30484
18-Jan-2025 14:37:04.670,1.491588,8.552089,-0.845153
18-Jan-2025 14:37:04.686,1.587356,8.420407,-0.804452
18-Jan-2025 14:37:04.703,1.778892,8.291121,-0.871489
18-Jan-2025 14:37:04.719,1.817199,8.195353,-1.165976
18-Jan-2025 14:37:04.735,1.70946,8.149862,-1.335965
18-Jan-2025 14:37:04.751,1.63524,8.200141,-1.211466
18-Jan-2025 14:37:04.767,1.505953,8.564059,-1.086968
18-Jan-2025 14:37:04.783,1.553837,9.083601,-0.940921
18-Jan-2025 14:37:04.799,1.649605,9.560047,-1.101333
18-Jan-2025 14:37:04.815,1.628057,9.919178,-1.431733
18-Jan-2025 14:37:04.831,1.33357,10.060435,-1.623269
18-Jan-2025 14:37:04.847,1.09415,10.022128,-1.472434
18-Jan-2025 14:37:04.863,0.804452,9.85214,-1.403002
18-Jan-2025 14:37:04.879,0.445322,9.689334,-1.563414
18-Jan-2025 14:37:04.895,0.459687,9.536105,-1.68073
18-Jan-2025 14:37:04.911,0.648829,9.49301,-1.687912
18-Jan-2025 14:37:04.927,0.584185,9.799467,-1.68073
18-Jan-2025 14:37:04.943,0.356736,9.940725,-1.941698
18-Jan-2025 14:37:04.960,0.292093,10.09156,-1.793257
18-Jan-2025 14:37:04.976,0.244209,10.220847,-1.716643
18-Jan-2025 14:37:04.992,0.122104,10.536881,-1.697489
18-Jan-2025 14:37:05.008,0.203507,10.682928,-1.731008
18-Jan-2025 14:37:05.024,0.241814,10.905589,-1.786075
18-Jan-2025 14:37:05.040,0.560243,11.300632,-1.795651
18-Jan-2025 14:37:05.056,1.055843,11.501745,-1.872266
18-Jan-2025 14:37:05.072,1.503559,11.379641,-1.877054
18-Jan-2025 14:37:05.088,1.659182,11.240777,-1.51553
18-Jan-2025 14:37:05.104,1.412579,11.60709,-1.091756
18-Jan-2025 14:37:05.120,0.768539,12.277467,-0.871489
18-Jan-2025 14:37:05.136,0.277727,12.694057,-0.282516
18-Jan-2025 14:37:05.152,0.260968,12.801797,0.457293
18-Jan-2025 14:37:05.168,0.050278,12.021287,1.216254
18-Jan-2025 14:37:05.184,-0.081403,10.869676,1.422156
18-Jan-2025 14:37:05.201,0.079009,9.593566,1.596933
18-Jan-2025 14:37:05.217,0.174777,8.06846,1.73819
18-Jan-2025 14:37:05.232,-0.349553,6.770802,1.637634
18-Jan-2025 14:37:05.249,-1.522712,6.490681,1.089362
18-Jan-2025 14:37:05.265,-1.752556,6.988675,0.603339
18-Jan-2025 14:37:05.281,-0.852336,7.771579,0.553061
18-Jan-2025 14:37:05.297,0.287304,9.064447,0.529119
18-Jan-2025 14:37:05.313,1.623269,10.299856,0.222661
18-Jan-2025 14:37:05.329,2.748544,11.324574,-0.1652
18-Jan-2025 14:37:05.345,2.82037,11.853693,-0.351948
18-Jan-2025 14:37:05.361,1.762132,11.645397,-0.316035
18-Jan-2025 14:37:05.377,1.108515,11.051635,-0.201113
18-Jan-2025 14:37:05.393,1.194707,10.043676,-0.241814
18-Jan-2025 14:37:05.409,1.335965,8.973468,-0.521936
18-Jan-2025 14:37:05.425,1.30484,8.303091,-1.266533
18-Jan-2025 14:37:05.442,1.134852,7.754819,-1.067814
18-Jan-2025 14:37:05.458,1.297657,7.659051,-0.093374
18-Jan-2025 14:37:05.473,1.388637,7.841011,-0.052672
18-Jan-2025 14:37:05.490,1.158794,7.97748,-1.046266
18-Jan-2025 14:37:05.506,1.23062,8.236053,-1.345541
18-Jan-2025 14:37:05.522,1.434127,8.389283,-1.072602
18-Jan-2025 14:37:05.538,1.666364,8.614338,-1.144428
18-Jan-2025 14:37:05.554,1.616086,9.141062,-1.285686
18-Jan-2025 14:37:05.570,1.675941,9.595961,-1.39582
18-Jan-2025 14:37:05.586,1.881842,9.919178,-1.271321
18-Jan-2025 14:37:05.602,1.908179,10.184934,-1.063026
18-Jan-2025 14:37:05.618,1.87466,10.283096,-1.000776
18-Jan-2025 14:37:05.634,1.905785,10.125079,-1.036689
18-Jan-2025 14:37:05.650,2.054225,10.058042,-1.098939
18-Jan-2025 14:37:05.666,2.260126,9.911995,-1.180341
18-Jan-2025 14:37:05.682,2.418144,9.916783,-1.307234
18-Jan-2025 14:37:05.698,2.595315,10.177752,-1.314417
18-Jan-2025 14:37:05.715,2.530671,10.409989,-1.355118
18-Jan-2025 14:37:05.731,2.27928,10.512939,-1.505953
18-Jan-2025 14:37:05.747,2.080561,10.718841,-1.371878
18-Jan-2025 14:37:05.763,2.260126,11.252748,-0.97444
18-Jan-2025 14:37:05.779,2.65517,12.066776,-0.90022
18-Jan-2025 14:37:05.795,3.131616,12.957419,-0.433351
18-Jan-2025 14:37:05.811,3.306392,13.395558,-0.174777
18-Jan-2025 14:37:05.827,2.983175,12.914324,0.04549
18-Jan-2025 14:37:05.843,2.904167,11.370064,0.45011
18-Jan-2025 14:37:05.859,3.057395,9.605537,0.059855
18-Jan-2025 14:37:05.875,2.985569,7.721301,-0.265756
18-Jan-2025 14:37:05.891,2.952051,6.105214,0.304064
18-Jan-2025 14:37:05.907,2.693477,5.2026,1.345541
18-Jan-2025 14:37:05.923,1.999158,5.044583,2.109292
18-Jan-2025 14:37:05.939,1.187524,5.535394,0.414197
18-Jan-2025 14:37:05.955,1.132457,6.603208,-1.005565
18-Jan-2025 14:37:05.972,1.898602,7.809886,-1.01993
18-Jan-2025 14:37:05.988,2.841918,9.919178,-0.536301
18-Jan-2025 14:37:06.004,4.458004,12.018892,-0.42138
18-Jan-2025 14:37:06.020,4.453215,12.615048,0.208296
18-Jan-2025 14:37:06.036,3.181894,12.976573,-0.799663
18-Jan-2025 14:37:06.052,2.147599,12.038046,-1.029507
18-Jan-2025 14:37:06.068,2.003947,10.721235,-0.42138
18-Jan-2025 14:37:06.084,1.750161,9.485827,-0.742203
18-Jan-2025 14:37:06.100,1.747767,8.599973,-1.00317
18-Jan-2025 14:37:06.116,1.747767,7.929596,-1.154005
18-Jan-2025 14:37:06.132,1.644817,7.517793,-1.053449
18-Jan-2025 14:37:06.148,1.446098,7.596802,-1.09415
18-Jan-2025 14:37:06.164,1.477222,8.046912,-1.249773
18-Jan-2025 14:37:06.180,1.477222,8.525752,-1.371878
18-Jan-2025 14:37:06.196,1.479617,9.066842,-1.422156
18-Jan-2025 14:37:06.212,1.570596,9.325416,-1.01993
18-Jan-2025 14:37:06.228,1.61848,9.586384,-0.92895
18-Jan-2025 14:37:06.245,1.288081,9.605537,-1.946486
18-Jan-2025 14:37:06.261,1.015141,9.454702,-2.116474
18-Jan-2025 14:37:06.277,1.103727,9.397242,-1.884237
18-Jan-2025 14:37:06.293,1.240196,9.476251,-1.996764
18-Jan-2025 14:37:06.309,1.345541,9.5385,-2.135628
18-Jan-2025 14:37:06.325,1.446098,9.677363,-2.049437
18-Jan-2025 14:37:06.341,1.489193,9.78989,-1.70946
18-Jan-2025 14:37:06.357,1.170765,10.125079,-1.702277
18-Jan-2025 14:37:06.373,1.027112,10.441113,-1.865083
18-Jan-2025 14:37:06.389,0.878672,11.116279,-1.905785
18-Jan-2025 14:37:06.405,1.017536,11.489774,-1.687912
18-Jan-2025 14:37:06.421,1.21386,11.619061,-1.695095
18-Jan-2025 14:37:06.437,1.527501,11.537658,-1.163582
18-Jan-2025 14:37:06.453,1.577779,11.865664,-0.586579
18-Jan-2025 14:37:06.469,1.082179,12.665327,-1.467646
18-Jan-2025 14:37:06.486,0.526724,13.086706,-1.340753
18-Jan-2025 14:37:06.502,0.050278,13.081918,0.102951
18-Jan-2025 14:37:06.518,-0.158017,12.488156,1.06542
18-Jan-2025 14:37:06.534,-0.064643,11.475409,1.376666
18-Jan-2025 14:37:06.550,0.196325,10.321404,1.388637
18-Jan-2025 14:37:06.566,0.464475,9.13388,1.240196
18-Jan-2025 14:37:06.582,0.407014,8.054094,1.314417
18-Jan-2025 14:37:06.598,-0.521936,7.299921,1.398214
18-Jan-2025 14:37:06.614,-1.371878,6.91206,1.125275
18-Jan-2025 14:37:06.630,-1.877054,7.03177,0.426168
18-Jan-2025 14:37:06.646,-1.434127,7.589619,0.153229
18-Jan-2025 14:37:06.662,-0.469264,8.355764,0.122104
18-Jan-2025 14:37:06.678,0.361524,9.749189,0.19393
18-Jan-2025 14:37:06.694,1.391031,11.013328,-0.378284
18-Jan-2025 14:37:06.710,2.23379,12.121843,-1.070208
18-Jan-2025 14:37:06.727,1.972822,12.200851,-1.297657
18-Jan-2025 14:37:06.743,0.952892,10.800244,-0.912191
18-Jan-2025 14:37:06.759,0.272939,9.773131,-0.794875
18-Jan-2025 14:37:06.775,-0.122104,8.781932,-1.012747
18-Jan-2025 14:37:06.791,-0.225055,7.910442,-1.04866
18-Jan-2025 14:37:06.807,-0.141258,7.113173,-0.778116
18-Jan-2025 14:37:06.823,0.100556,7.127539,-0.993594
18-Jan-2025 14:37:06.839,0.622492,7.668628,-1.063026
18-Jan-2025 14:37:06.855,0.890643,8.269572,-1.233014
18-Jan-2025 14:37:06.871,0.770933,8.781932,-1.541866
18-Jan-2025 14:37:06.887,0.696713,9.081207,-1.73819
18-Jan-2025 14:37:06.903,0.845153,9.464279,-1.927332
18-Jan-2025 14:37:06.919,1.216254,9.710882,-1.975216
18-Jan-2025 14:37:06.936,1.156399,9.763555,-1.927332
18-Jan-2025 14:37:06.952,0.818817,9.742006,-1.556231
18-Jan-2025 14:37:06.968,0.610521,9.461885,-1.321599
18-Jan-2025 14:37:06.984,0.538695,9.337387,-1.173159
18-Jan-2025 14:37:07.000,0.732626,9.378088,-1.359907
18-Jan-2025 14:37:07.016,0.960075,9.775525,-1.56102
18-Jan-2025 14:37:07.032,1.278504,10.18254,-1.553837
18-Jan-2025 14:37:07.048,1.465251,10.460267,-1.288081
18-Jan-2025 14:37:07.063,1.61848,10.462662,-0.797269
18-Jan-2025 14:37:07.080,1.493982,11.209652,-1.446098
18-Jan-2025 14:37:07.096,1.671153,11.504139,-1.491588
18-Jan-2025 14:37:07.112,2.025495,12.188881,-1.146823
18-Jan-2025 14:37:07.128,1.872266,12.440272,-0.70629
18-Jan-2025 14:37:07.144,1.273715,12.061988,0.136469
18-Jan-2025 14:37:07.160,1.503559,12.217611,-0.505177
18-Jan-2025 14:37:07.176,2.777274,12.148179,-0.588974
18-Jan-2025 14:37:07.193,3.232172,11.523293,-0.095768
18-Jan-2025 14:37:07.209,3.021482,9.749189,0.289698
18-Jan-2025 14:37:07.225,2.559402,7.972692,0.337582
18-Jan-2025 14:37:07.241,1.826776,6.785168,0.517148
18-Jan-2025 14:37:07.257,1.084573,6.308722,1.036689
18-Jan-2025 14:37:07.273,0.581791,6.770802,0.857124
18-Jan-2025 14:37:07.289,0.921768,7.805098,-0.227449
18-Jan-2025 14:37:07.305,1.604115,8.856153,-1.149217
18-Jan-2025 14:37:07.321,2.65517,9.471462,-0.833182
18-Jan-2025 14:37:07.337,3.002329,10.388441,-0.857124
18-Jan-2025 14:37:07.353,2.516306,10.7356,-0.94571
18-Jan-2025 14:37:07.370,1.182736,10.658986,-1.096544
18-Jan-2025 14:37:07.384,0.270545,10.601525,-0.584185
18-Jan-2025 14:37:07.401,0.031125,10.737994,-0.830788
18-Jan-2025 14:37:07.418,0.521936,10.395624,-1.345541
18-Jan-2025 14:37:07.434,0.703895,9.768343,-1.134852
18-Jan-2025 14:37:07.450,1.067814,8.995016,-1.551443
18-Jan-2025 14:37:07.466,1.288081,8.690952,-2.209848
18-Jan-2025 14:37:07.482,1.276109,8.664616,-2.166753
18-Jan-2025 14:37:07.498,1.165976,8.772355,-2.092532
18-Jan-2025 14:37:07.514,0.955287,9.047688,-2.427721
18-Jan-2025 14:37:07.530,0.737414,9.220071,-2.288857
18-Jan-2025 14:37:07.546,0.665588,9.291897,-1.889025
18-Jan-2025 14:37:07.562,0.579397,9.342175,-1.795651
18-Jan-2025 14:37:07.578,0.397437,9.291897,-1.673547
18-Jan-2025 14:37:07.594,0.136469,9.002198,-1.568202
18-Jan-2025 14:37:07.610,-0.181959,8.992621,-1.757344
18-Jan-2025 14:37:07.626,-0.189142,9.19134,-1.810017
18-Jan-2025 14:37:07.642,-0.093374,9.715671,-1.982399
18-Jan-2025 14:37:07.658,0.093374,10.146626,-2.035071
18-Jan-2025 14:37:07.674,0.141258,10.630256,-2.121263
18-Jan-2025 14:37:07.691,0.191536,11.058818,-1.766921
18-Jan-2025 14:37:07.707,0.265756,11.039664,-1.455675
18-Jan-2025 14:37:07.723,-0.213084,11.374852,-1.09415
18-Jan-2025 14:37:07.739,-0.459687,11.848905,-1.429338
18-Jan-2025 14:37:07.755,-0.651223,12.217611,-1.958457
18-Jan-2025 14:37:07.771,-0.919373,12.485762,-1.568202
18-Jan-2025 14:37:07.787,-0.758962,12.593501,-0.368707
18-Jan-2025 14:37:07.803,-0.562637,12.559982,0.409408
18-Jan-2025 14:37:07.819,-0.507571,12.167333,0.07422
18-Jan-2025 14:37:07.835,-0.586579,11.370064,-0.423774
18-Jan-2025 14:37:07.851,-0.835576,10.127473,-0.366313
18-Jan-2025 14:37:07.867,-0.976834,8.647857,-0.088585
18-Jan-2025 14:37:07.883,-1.477222,7.800309,0.052672
18-Jan-2025 14:37:07.899,-1.340753,7.103596,1.041478
18-Jan-2025 14:37:07.916,-2.121263,7.082048,0.995988
18-Jan-2025 14:37:07.932,-3.078943,7.223307,0.555455
18-Jan-2025 14:37:07.948,-2.827552,7.757214,0.213084
18-Jan-2025 14:37:07.964,-1.647211,8.710106,0.124498
18-Jan-2025 14:37:07.980,-1.046266,9.835381,-0.347159
18-Jan-2025 14:37:07.996,-0.794875,10.383653,-0.608127
18-Jan-2025 14:37:08.012,-0.292093,10.606314,-0.620098
18-Jan-2025 14:37:08.028,0.057461,10.544065,-0.806846
18-Jan-2025 14:37:08.044,0.347159,10.565612,-0.797269
18-Jan-2025 14:37:08.060,0.057461,9.816227,-0.679953
18-Jan-2025 14:37:08.076,-0.624887,9.059659,-0.562637
18-Jan-2025 14:37:08.092,-0.912191,8.635885,-0.919373
18-Jan-2025 14:37:08.108,-0.931344,8.628703,-1.177947
18-Jan-2025 14:37:08.124,-0.567426,8.710106,-1.237802
18-Jan-2025 14:37:08.140,-0.253785,9.016563,-1.079785
18-Jan-2025 14:37:08.156,-0.356736,9.665392,-1.137246
18-Jan-2025 14:37:08.173,-0.517148,10.180145,-0.940921
18-Jan-2025 14:37:08.188,-0.304064,10.457873,-0.720655
18-Jan-2025 14:37:08.205,-0.40462,10.424355,-0.995988
18-Jan-2025 14:37:08.221,-0.282516,10.283096,-0.500388
18-Jan-2025 14:37:08.237,-0.466869,9.437943,-0.869095
18-Jan-2025 14:37:08.253,-0.64404,9.188946,-0.68953
18-Jan-2025 14:37:08.269,-0.639252,9.119514,-0.744597
18-Jan-2025 14:37:08.285,-0.629675,9.143456,-0.952892
18-Jan-2025 14:37:08.301,-0.328006,9.615114,-0.97444
18-Jan-2025 14:37:08.317,-0.186748,10.168175,-0.933739
18-Jan-2025 14:37:08.333,0.105345,10.608707,-0.720655
18-Jan-2025 14:37:08.349,-0.134075,10.491392,-0.225055
18-Jan-2025 14:37:08.365,0.497994,11.449073,-0.775721
18-Jan-2025 14:37:08.381,0.90022,11.841722,-1.455675
18-Jan-2025 14:37:08.397,1.340753,11.939884,-0.730232
18-Jan-2025 14:37:08.414,0.893037,11.216835,-0.222661
18-Jan-2025 14:37:08.429,0.749385,10.433931,0.033519
18-Jan-2025 14:37:08.446,1.070208,9.619903,0.416591
18-Jan-2025 14:37:08.462,1.225831,8.983045,0.399832
18-Jan-2025 14:37:08.478,1.192312,8.633492,0.304064
18-Jan-2025 14:37:08.494,1.30484,8.540117,0.033519
18-Jan-2025 14:37:08.510,1.82917,8.647857,-0.351948
18-Jan-2025 14:37:08.526,1.443704,8.880095,-0.790087
18-Jan-2025 14:37:08.542,2.391808,9.725247,-0.275333
18-Jan-2025 14:37:08.558,2.60968,10.369287,-1.007959
18-Jan-2025 14:37:08.574,2.779668,11.477803,-1.170765
18-Jan-2025 14:37:08.590,2.197877,11.899182,-1.625663
18-Jan-2025 14:37:08.606,1.158794,11.451467,-1.223437
18-Jan-2025 14:37:08.622,0.354342,10.795456,-0.847547
18-Jan-2025 14:37:08.638,0.203507,10.271125,-0.895431
18-Jan-2025 14:37:08.654,0.292093,9.801862,-0.816423
18-Jan-2025 14:37:08.670,0.670376,9.44752,-0.943315
18-Jan-2025 14:37:08.686,0.92895,9.217676,-1.209072
18-Jan-2025 14:37:08.702,1.23062,8.983045,-1.180341
18-Jan-2025 14:37:08.718,1.391031,8.726865,-0.622492
18-Jan-2025 14:37:08.735,1.237802,8.63828,-0.418985
18-Jan-2025 14:37:08.751,0.979228,8.734048,-0.612916
18-Jan-2025 14:37:08.767,1.120486,8.884883,-0.387861
18-Jan-2025 14:37:08.783,1.374272,9.41879,-0.263362
18-Jan-2025 14:37:08.799,1.170765,9.483433,0.07422
18-Jan-2025 14:37:08.815,1.221043,9.923966,-0.383072
18-Jan-2025 14:37:08.831,1.434127,10.299856,-0.701501
18-Jan-2025 14:37:08.847,1.606509,10.390836,-0.794875
18-Jan-2025 14:37:08.863,1.596933,10.354922,-0.818817
18-Jan-2025 14:37:08.879,1.283292,10.220847,-1.163582
18-Jan-2025 14:37:08.895,0.94571,10.436325,-1.007959
18-Jan-2025 14:37:08.911,0.083797,10.838552,-0.823605
18-Jan-2025 14:37:08.927,-0.940921,11.307815,-1.221043
18-Jan-2025 14:37:08.943,-1.599327,11.403583,-0.797269
18-Jan-2025 14:37:08.959,-1.661576,11.018116,0.395043
18-Jan-2025 14:37:08.976,-1.218649,10.429143,1.189918
18-Jan-2025 14:37:08.991,-1.23062,9.988609,1.041478
18-Jan-2025 14:37:09.007,-1.199495,9.449914,0.814029
18-Jan-2025 14:37:09.024,-1.49877,9.021352,0.687136
18-Jan-2025 14:37:09.040,-1.68073,8.765172,0.509965
18-Jan-2025 14:37:09.056,-1.539472,8.549694,0.45011
18-Jan-2025 14:37:09.072,-1.161188,8.494628,0.624887
18-Jan-2025 14:37:09.088,-0.782904,8.731653,0.782904
18-Jan-2025 14:37:09.104,-0.600945,9.28232,0.490811
18-Jan-2025 14:37:09.120,-0.512359,9.995792,0.050278
18-Jan-2025 14:37:09.136,-0.301669,10.568007,0.086191
18-Jan-2025 14:37:09.152,-0.143652,10.831368,0.344765
18-Jan-2025 14:37:09.168,-0.35913,10.766725,0.102951
18-Jan-2025 14:37:09.184,-0.608127,10.254366,-0.208296
18-Jan-2025 14:37:09.200,-0.797269,9.782708,-0.220267
18-Jan-2025 14:37:09.216,-1.161188,9.526528,-0.488417
18-Jan-2025 14:37:09.232,-2.738967,10.196905,0.11971
18-Jan-2025 14:37:09.248,-2.082955,9.368511,-0.09098
18-Jan-2025 14:37:09.264,-0.991199,10.026917,-0.122104
18-Jan-2025 14:37:09.280,-0.897826,10.055647,-0.418985
18-Jan-2025 14:37:09.297,-1.06542,10.000581,-0.153229
18-Jan-2025 14:37:09.313,-1.503559,9.844957,-0.1652
18-Jan-2025 14:37:09.329,-1.776498,9.689334,0.007183
18-Jan-2025 14:37:09.345,-1.534683,9.967062,0.114922
18-Jan-2025 14:37:09.361,-1.240196,10.115502,-0.040701
18-Jan-2025 14:37:09.377,-0.979228,10.101137,-0.129287
18-Jan-2025 14:37:09.393,-0.773327,9.904813,-0.179565
18-Jan-2025 14:37:09.409,-0.830788,9.756371,-0.335188
18-Jan-2025 14:37:09.425,-0.725443,9.56723,-0.325611
18-Jan-2025 14:37:09.441,-0.931344,9.411607,-0.407014
18-Jan-2025 14:37:09.457,-1.165976,9.301474,-0.318429
18-Jan-2025 14:37:09.473,-1.144428,9.349358,-0.277727
18-Jan-2025 14:37:09.489,-0.960075,9.466674,-0.299275
18-Jan-2025 14:37:09.505,-0.390255,9.730036,-0.301669
18-Jan-2025 14:37:09.521,-0.73502,9.945514,-0.830788
18-Jan-2025 14:37:09.538,-0.758962,9.993398,-0.208296
18-Jan-2025 14:37:09.553,-0.73502,10.189722,-0.433351
18-Jan-2025 14:37:09.569,-0.845153,10.271125,-1.120486
18-Jan-2025 14:37:09.586,-0.59855,10.21127,-1.051055
18-Jan-2025 14:37:09.601,-0.380678,10.177752,-1.103727
18-Jan-2025 14:37:09.618,-0.316035,9.986216,-1.046266
18-Jan-2025 14:37:09.634,-0.308852,9.756371,-1.000776
18-Jan-2025 14:37:09.650,-0.277727,9.516952,-0.962469
18-Jan-2025 14:37:09.666,-0.483629,9.82341,-1.046266
18-Jan-2025 14:37:09.682,-0.873884,10.484209,-1.273715
18-Jan-2025 14:37:09.698,-0.553061,10.754754,-1.199495
18-Jan-2025 14:37:09.714,0.179565,10.876859,-0.857124
18-Jan-2025 14:37:09.730,0.701501,10.623073,-0.684742
18-Jan-2025 14:37:09.746,0.981623,10.06283,-0.3304
18-Jan-2025 14:37:09.762,1.04866,9.423578,-0.438139
18-Jan-2025 14:37:09.778,1.151611,8.978256,-0.497994
18-Jan-2025 14:37:09.794,1.201889,8.698134,-0.581791
18-Jan-2025 14:37:09.810,1.403002,8.803479,-0.418985
18-Jan-2025 14:37:09.826,1.941698,9.02614,-0.711078
18-Jan-2025 14:37:09.842,2.300828,9.356541,-0.993594
18-Jan-2025 14:37:09.859,2.30801,9.667787,-0.995988
18-Jan-2025 14:37:09.874,2.485181,9.983821,-0.871489
18-Jan-2025 14:37:09.890,2.41575,10.30225,-1.012747
18-Jan-2025 14:37:09.907,2.430115,10.45069,-1.175553
18-Jan-2025 14:37:09.923,2.693477,10.333375,-1.233014
18-Jan-2025 14:37:09.939,2.765303,10.103531,-1.218649
18-Jan-2025 14:37:09.955,2.528277,9.89763,-1.369483
18-Jan-2025 14:37:09.971,2.363077,9.674969,-1.608904
18-Jan-2025 14:37:09.987,2.636016,9.667787,-1.604115
18-Jan-2025 14:37:10.003,2.789245,9.653421,-1.529895
18-Jan-2025 14:37:10.019,2.679112,9.576807,-1.436521
18-Jan-2025 14:37:10.035,2.734178,9.337387,-1.42455
18-Jan-2025 14:37:10.051,2.715025,9.066842,-1.575385
18-Jan-2025 14:37:10.067,2.537854,8.846576,-1.673547
18-Jan-2025 14:37:10.083,2.193089,8.825027,-1.695095
18-Jan-2025 14:37:10.099,2.03986,9.100361,-1.651999
18-Jan-2025 14:37:10.115,1.972822,9.421184,-1.534683
18-Jan-2025 14:37:10.131,1.963245,9.56723,-1.374272
18-Jan-2025 14:37:10.147,1.759738,9.730036,-1.398214
18-Jan-2025 14:37:10.163,1.891419,9.758766,-1.577779
18-Jan-2025 14:37:10.180,1.963245,9.785102,-1.821988
18-Jan-2025 14:37:10.195,1.896208,9.603143,-1.690306
18-Jan-2025 14:37:10.211,1.951274,9.337387,-1.632846
18-Jan-2025 14:37:10.228,1.898602,9.229648,-1.575385
18-Jan-2025 14:37:10.244,0.672771,10.120291,-1.606509
18-Jan-2025 14:37:10.260,1.319205,9.662998,-1.525106
18-Jan-2025 14:37:10.276,1.450886,9.804255,-1.529895
18-Jan-2025 14:37:10.292,1.335965,9.883265,-1.443704
18-Jan-2025 14:37:10.308,1.290475,9.655815,-1.39582
18-Jan-2025 14:37:10.324,0.895431,9.440337,-1.319205
18-Jan-2025 14:37:10.340,1.084573,9.196129,-1.122881
18-Jan-2025 14:37:10.356,0.742203,9.121908,-1.407791
18-Jan-2025 14:37:10.372,0.749385,9.397242,-2.15957
18-Jan-2025 14:37:10.388,1.060631,9.734824,-1.719037
18-Jan-2025 14:37:10.404,1.352724,10.232818,-1.278504
18-Jan-2025 14:37:10.420,1.355118,10.740389,-1.252167
18-Jan-2025 14:37:10.436,1.582567,10.87207,-0.962469
18-Jan-2025 14:37:10.452,1.443704,10.785878,-1.249773
18-Jan-2025 14:37:10.468,1.45328,10.462662,-1.015141
18-Jan-2025 14:37:10.484,1.422156,9.935937,-1.403002
18-Jan-2025 14:37:10.501,1.735796,9.662998,-1.824382
18-Jan-2025 14:37:10.516,1.462857,9.900024,-1.786075
18-Jan-2025 14:37:10.533,1.367089,10.951078,-1.651999
18-Jan-2025 14:37:10.549,0.940921,12.401965,-1.371878
18-Jan-2025 14:37:10.565,0.452504,13.347674,-0.773327
18-Jan-2025 14:37:10.581,0.069432,13.64695,-0.280122
18-Jan-2025 14:37:10.597,-0.423774,12.902353,0.23942
18-Jan-2025 14:37:10.613,-1.125275,11.149797,1.130063
18-Jan-2025 14:37:10.629,-1.393425,9.792285,1.177947
18-Jan-2025 14:37:10.645,-1.446098,8.66701,1.137246
18-Jan-2025 14:37:10.661,-1.529895,7.675811,1.369483
18-Jan-2025 14:37:10.677,-1.692701,6.92882,1.778892
18-Jan-2025 14:37:10.693,-2.027889,6.708553,1.771709
18-Jan-2025 14:37:10.709,-2.382231,7.31668,1.01993
18-Jan-2025 14:37:10.725,-2.149993,8.238448,0.196325
18-Jan-2025 14:37:10.741,-1.731008,9.655815,-0.545878
18-Jan-2025 14:37:10.757,-0.634463,10.876859,-0.770933
18-Jan-2025 14:37:10.773,0.124498,11.298238,-0.47884
18-Jan-2025 14:37:10.789,1.39582,11.956643,-0.620098
18-Jan-2025 14:37:10.805,1.484405,11.834539,-0.751779
18-Jan-2025 14:37:10.822,0.497994,11.15698,-1.036689
18-Jan-2025 14:37:10.838,0.354342,10.110714,-1.237802
18-Jan-2025 14:37:10.854,0.61531,9.169792,-1.077391
18-Jan-2025 14:37:10.870,1.201889,8.528147,-0.703895
18-Jan-2025 14:37:10.886,0.957681,8.511387,-0.756568
18-Jan-2025 14:37:10.902,0.445322,8.480263,-1.036689
18-Jan-2025 14:37:10.918,0.488417,8.458714,-1.046266
18-Jan-2025 14:37:10.934,0.234632,8.145074,-0.871489
18-Jan-2025 14:37:10.950,-0.007183,7.876924,-0.962469
18-Jan-2025 14:37:10.966,0.107739,8.283937,-1.170765
18-Jan-2025 14:37:10.982,0.428562,8.779537,-1.211466
18-Jan-2025 14:37:10.998,0.696713,9.646238,-1.288081
18-Jan-2025 14:37:11.014,1.45328,9.861717,-0.603339
18-Jan-2025 14:37:11.030,2.762909,11.104307,-0.737414
18-Jan-2025 14:37:11.046,1.577779,11.152191,0.52433
18-Jan-2025 14:37:11.062,-0.442927,9.698911,0.320823
18-Jan-2025 14:37:11.078,-1.149217,8.801085,0.201113
18-Jan-2025 14:37:11.094,-0.651223,9.19134,-0.323217
18-Jan-2025 14:37:11.110,0.718261,9.677363,-0.658405
18-Jan-2025 14:37:11.126,1.774103,10.613496,-0.830788
18-Jan-2025 14:37:11.143,2.063802,11.085154,-1.247379
18-Jan-2025 14:37:11.159,1.503559,10.785878,-1.601721
18-Jan-2025 14:37:11.175,0.768539,10.220847,-1.869871
18-Jan-2025 14:37:11.191,1.359907,10.824186,-2.154782
18-Jan-2025 14:37:11.207,1.740585,11.008539,-1.613692
18-Jan-2025 14:37:11.223,1.228225,11.257536,-1.323994
18-Jan-2025 14:37:11.239,1.137246,11.046846,-1.503559
18-Jan-2025 14:37:11.255,1.209072,10.955867,-0.411803
18-Jan-2025 14:37:11.271,1.975216,11.15698,0.105345
18-Jan-2025 14:37:11.287,2.11408,9.832987,1.527501
18-Jan-2025 14:37:11.303,2.99754,8.633492,1.922544
18-Jan-2025 14:37:11.319,3.222595,7.807492,0.845153
18-Jan-2025 14:37:11.335,2.281674,6.469133,0.92895
18-Jan-2025 14:37:11.351,2.980781,6.682217,-0.732626
18-Jan-2025 14:37:11.367,5.166687,8.623915,1.13964
18-Jan-2025 14:37:11.384,2.116474,8.3821,-1.046266
18-Jan-2025 14:37:11.399,0.019154,9.277532,-0.663194
18-Jan-2025 14:37:11.415,-0.057461,10.304645,-0.232238
18-Jan-2025 14:37:11.432,1.015141,11.09473,-0.500388
18-Jan-2025 14:37:11.448,1.939303,11.75553,-0.73502
18-Jan-2025 14:37:11.464,2.018312,11.944673,-0.648829
18-Jan-2025 14:37:11.480,1.850718,11.609484,-0.536301
18-Jan-2025 14:37:11.496,1.970428,10.704475,-0.548272
18-Jan-2025 14:37:11.512,1.848324,10.029311,-0.31364
18-Jan-2025 14:37:11.528,1.750161,9.296685,-0.56982
18-Jan-2025 14:37:11.544,1.426944,8.341399,-0.701501
18-Jan-2025 14:37:11.560,1.249773,7.64708,-0.555455
18-Jan-2025 14:37:11.576,0.916979,7.422025,-0.639252
18-Jan-2025 14:37:11.592,0.984017,7.673417,-0.869095
18-Jan-2025 14:37:11.608,0.658405,8.209718,-0.960075
18-Jan-2025 14:37:11.624,0.378284,8.698134,-0.821211
18-Jan-2025 14:37:11.640,0.905008,8.939949,-0.761356
18-Jan-2025 14:37:11.656,0.761356,9.19134,-0.845153
18-Jan-2025 14:37:11.672,1.410185,9.452309,-1.175553
18-Jan-2025 14:37:11.688,1.400608,9.828198,-1.630451
18-Jan-2025 14:37:11.705,1.319205,10.043676,-1.549049
18-Jan-2025 14:37:11.720,1.055843,10.249578,-1.364695
18-Jan-2025 14:37:11.736,0.395043,10.479421,-1.233014
18-Jan-2025 14:37:11.753,-0.081403,10.644621,-1.54426
18-Jan-2025 14:37:11.769,0.588974,10.613496,-1.862689
18-Jan-2025 14:37:11.785,0.550666,10.556035,-1.953669
18-Jan-2025 14:37:11.801,0.545878,10.496181,-1.654393
18-Jan-2025 14:37:11.817,0.837971,10.350134,-1.170765
18-Jan-2025 14:37:11.833,1.108515,10.218452,-1.096544
18-Jan-2025 14:37:11.849,1.343147,10.240001,-1.206678
18-Jan-2025 14:37:11.865,1.33357,10.309433,-1.407791
18-Jan-2025 14:37:11.881,0.993594,10.575189,-1.601721
18-Jan-2025 14:37:11.897,0.811634,10.790668,-1.608904
18-Jan-2025 14:37:11.913,0.526724,10.979809,-1.012747
18-Jan-2025 14:37:11.929,0.363919,11.010934,-0.430956
18-Jan-2025 14:37:11.945,-0.112527,11.250354,-0.351948
18-Jan-2025 14:37:11.961,0.258574,10.697293,-0.701501
18-Jan-2025 14:37:11.977,0.167594,10.87207,-0.90022
18-Jan-2025 14:37:11.993,-0.213084,11.063606,-0.521936
18-Jan-2025 14:37:12.009,-0.306458,10.907983,0.378284
18-Jan-2025 14:37:12.026,-0.481235,10.785878,1.620875
18-Jan-2025 14:37:12.041,-0.837971,10.141838,1.850718
18-Jan-2025 14:37:12.058,-0.92895,9.208099,1.702277
18-Jan-2025 14:37:12.074,-0.845153,8.434772,1.651999
18-Jan-2025 14:37:12.090,-1.015141,7.637504,1.996764
18-Jan-2025 14:37:12.106,-1.029507,7.417237,2.322376
18-Jan-2025 14:37:12.122,-1.127669,7.876924,1.94888
18-Jan-2025 14:37:12.138,-0.802058,8.961497,0.818817
18-Jan-2025 14:37:12.154,-0.457293,10.158598,0.246603
18-Jan-2025 14:37:12.170,-0.186748,11.408371,0.143652
18-Jan-2025 14:37:12.186,0.335188,11.583148,0.138864
18-Jan-2025 14:37:12.202,0.112527,11.834539,0.418985
18-Jan-2025 14:37:12.218,-0.418985,11.923124,0.416591
18-Jan-2025 14:37:12.234,0.153229,11.03727,-0.110133
18-Jan-2025 14:37:12.250,0.533907,9.945514,-0.426168
18-Jan-2025 14:37:12.266,0.636858,9.227253,-0.459687
18-Jan-2025 14:37:12.282,0.328006,8.578424,-0.586579
18-Jan-2025 14:37:12.298,-0.246603,8.054094,-0.56982
18-Jan-2025 14:37:12.314,-0.914585,8.274361,-0.572214
18-Jan-2025 14:37:12.330,-1.144428,8.281544,-1.096544
18-Jan-2025 14:37:12.347,-1.039083,8.542512,-1.04866
18-Jan-2025 14:37:12.363,-0.634463,8.700529,-1.015141
18-Jan-2025 14:37:12.379,-0.220267,9.186552,-1.125275
18-Jan-2025 14:37:12.395,0.191536,9.057265,-1.115698
18-Jan-2025 14:37:12.411,0.186748,9.595961,-1.237802
18-Jan-2025 14:37:12.427,0.234632,10.177752,-1.414973
18-Jan-2025 14:37:12.443,0.136469,10.012551,-1.029507
18-Jan-2025 14:37:12.459,-0.098162,9.684546,-0.632069
18-Jan-2025 14:37:12.475,-0.277727,9.478644,-0.514753
18-Jan-2025 14:37:12.491,0.021548,9.126697,-0.785298
18-Jan-2025 14:37:12.506,0.474052,9.02614,-0.885855
18-Jan-2025 14:37:12.523,0.426168,9.406818,-0.940921
18-Jan-2025 14:37:12.539,0.354342,9.880871,-1.072602
18-Jan-2025 14:37:12.555,0.605733,10.244789,-1.177947
18-Jan-2025 14:37:12.571,0.957681,10.46745,-1.23062
18-Jan-2025 14:37:12.588,0.588974,10.218452,-0.988805
18-Jan-2025 14:37:12.603,0.656011,11.283873,-1.39582
18-Jan-2025 14:37:12.620,0.59855,11.281479,-1.493982
18-Jan-2025 14:37:12.636,0.632069,10.125079,-0.694318
18-Jan-2025 14:37:12.652,0.840365,10.627861,-0.826
18-Jan-2025 14:37:12.668,1.584962,10.354922,-1.211466
18-Jan-2025 14:37:12.684,2.549825,10.225636,-1.233014
18-Jan-2025 14:37:12.700,3.845088,10.204087,-0.505177
18-Jan-2025 14:37:12.716,4.13718,10.036493,0.758962
18-Jan-2025 14:37:12.732,3.459621,9.794679,1.549049
18-Jan-2025 14:37:12.748,2.20506,9.76116,1.678335
18-Jan-2025 14:37:12.764,0.61531,8.750807,2.339135
18-Jan-2025 14:37:12.780,0.323217,7.984663,1.472434
18-Jan-2025 14:37:12.796,0.811634,7.714118,-0.227449
18-Jan-2025 14:37:12.812,1.146823,8.257602,-1.132457
18-Jan-2025 14:37:12.829,1.242591,9.260772,-1.417367
18-Jan-2025 14:37:12.844,0.787692,10.417171,-1.697489
18-Jan-2025 14:37:12.860,0.912191,10.682928,-1.335965
18-Jan-2025 14:37:12.876,0.739808,11.513716,-0.893037
18-Jan-2025 14:37:12.892,1.022324,12.004527,-0.526724
18-Jan-2025 14:37:12.909,0.814029,12.684481,-0.677559
18-Jan-2025 14:37:12.925,-0.062249,12.717999,-1.295263
18-Jan-2025 14:37:12.941,-1.25935,12.653356,-1.900996
18-Jan-2025 14:37:12.957,-0.512359,10.290278,-1.151611
18-Jan-2025 14:37:12.973,-0.026336,8.813056,-1.091756
18-Jan-2025 14:37:12.989,0.057461,7.824251,-1.323994
18-Jan-2025 14:37:13.005,0.126893,6.919243,-1.331176
18-Jan-2025 14:37:13.021,0.035913,6.442797,-1.37906
18-Jan-2025 14:37:13.037,-0.414197,6.550536,-1.309628
18-Jan-2025 14:37:13.053,-0.682347,7.005434,-1.21386
18-Jan-2025 14:37:13.069,-0.047884,7.682993,-1.35033
18-Jan-2025 14:37:13.085,-0.155623,8.640674,-1.575385
18-Jan-2025 14:37:13.101,-0.577003,9.895236,-1.769315
18-Jan-2025 14:37:13.117,-0.70629,10.941502,-1.831564
18-Jan-2025 14:37:13.133,-0.306458,11.434708,-1.620875
18-Jan-2025 14:37:13.150,-0.102951,11.432313,-1.33357
18-Jan-2025 14:37:13.166,-0.280122,11.305421,-1.204283
18-Jan-2025 14:37:13.182,-1.082179,11.530476,-1.33357
18-Jan-2025 14:37:13.198,-1.56102,11.640609,-1.594538
18-Jan-2025 14:37:13.214,-0.936133,11.690886,-1.850718
18-Jan-2025 14:37:13.230,-1.39582,12.200851,-1.558625
18-Jan-2025 14:37:13.246,-2.420538,12.50731,-1.086968
18-Jan-2025 14:37:13.262,-3.076549,12.112267,-0.40462
18-Jan-2025 14:37:13.278,-2.877831,12.263102,-0.146046
18-Jan-2025 14:37:13.294,-2.214637,12.691663,-0.328006
18-Jan-2025 14:37:13.310,-1.489193,13.402741,-0.203507
18-Jan-2025 14:37:13.326,-1.529895,13.773843,0.557849
18-Jan-2025 14:37:13.342,-1.510741,13.395558,1.711854
18-Jan-2025 14:37:13.358,-0.97444,12.057199,2.458845
18-Jan-2025 14:37:13.374,-0.294487,10.036493,2.219425
18-Jan-2025 14:37:13.391,-0.122104,7.881712,0.828394
18-Jan-2025 14:37:13.406,0.059855,6.248867,0.100556
18-Jan-2025 14:37:13.423,0.3304,5.255273,1.338359
18-Jan-2025 14:37:13.439,0.150835,4.685453,2.908955
18-Jan-2025 14:37:13.455,-0.146046,4.639963,3.196259
18-Jan-2025 14:37:13.471,-0.720655,5.317522,2.523489
18-Jan-2025 14:37:13.487,-1.975216,6.502652,1.161188
18-Jan-2025 14:37:13.503,-3.337517,9.150639,-1.328782
18-Jan-2025 14:37:13.519,-2.355895,10.718841,-1.458069
18-Jan-2025 14:37:13.535,-1.613692,11.106702,0.02873
18-Jan-2025 14:37:13.551,-1.388637,11.250354,1.223437
18-Jan-2025 14:37:13.567,-1.534683,11.104307,1.946486
18-Jan-2025 14:37:13.583,-2.274492,11.212047,1.70946
18-Jan-2025 14:37:13.599,-1.963245,10.278308,0.622492
18-Jan-2025 14:37:13.615,-1.331176,8.992621,-0.160412
18-Jan-2025 14:37:13.632,-1.307234,8.164227,-0.280122
18-Jan-2025 14:37:13.647,-1.058237,7.644686,-0.509965
18-Jan-2025 14:37:13.663,-0.823605,7.726089,-0.392649
18-Jan-2025 14:37:13.680,-0.821211,8.118738,-0.311246
18-Jan-2025 14:37:13.696,-0.933739,8.63828,-0.378284
18-Jan-2025 14:37:13.712,-0.888249,9.239224,-0.466869
18-Jan-2025 14:37:13.728,-0.751779,9.619903,-0.474052
18-Jan-2025 14:37:13.744,-0.40462,10.108319,-0.445322
18-Jan-2025 14:37:13.760,-0.40462,10.510546,-0.565032
18-Jan-2025 14:37:13.776,-0.483629,10.81461,-0.505177
18-Jan-2025 14:37:13.792,-0.742203,10.364499,-0.134075
18-Jan-2025 14:37:13.808,-0.505177,10.086772,0.004788
18-Jan-2025 14:37:13.824,-0.217872,9.892841,-0.565032
18-Jan-2025 14:37:13.840,-0.033519,9.890448,-1.201889
18-Jan-2025 14:37:13.856,-0.002394,10.177752,-0.92895
18-Jan-2025 14:37:13.872,-0.181959,10.776301,0.146046
18-Jan-2025 14:37:13.888,-0.620098,11.195287,0.828394
18-Jan-2025 14:37:13.904,-0.462081,11.678916,0.497994
18-Jan-2025 14:37:13.920,0.533907,11.683704,-0.35913
18-Jan-2025 14:37:13.937,2.339135,11.171345,-0.42138
18-Jan-2025 14:37:13.953,3.023877,10.845734,0.251391
18-Jan-2025 14:37:13.969,3.655946,10.18254,1.079785
18-Jan-2025 14:37:13.985,4.022259,9.801862,1.917756
18-Jan-2025 14:37:14.001,3.452439,9.588778,2.011129
18-Jan-2025 14:37:14.017,2.640805,9.351752,1.295263
18-Jan-2025 14:37:14.033,2.255338,8.822633,0.852336
18-Jan-2025 14:37:14.049,1.673547,8.808268,0.325611
18-Jan-2025 14:37:14.065,0.878672,9.497798,-0.790087
18-Jan-2025 14:37:14.081,0.802058,10.297462,-1.611298
18-Jan-2025 14:37:14.097,1.134852,10.881647,-1.335965
18-Jan-2025 14:37:14.113,1.400608,10.84334,-0.380678
18-Jan-2025 14:37:14.129,0.342371,11.113884,0.122104
18-Jan-2025 14:37:14.146,-0.76375,11.022904,0.064643
18-Jan-2025 14:37:14.162,0.146046,10.141838,-0.294487
18-Jan-2025 14:37:14.178,1.101333,9.445126,-0.378284
18-Jan-2025 14:37:14.194,1.776498,8.856153,-0.430956
18-Jan-2025 14:37:14.210,2.082955,8.408437,-0.332794
18-Jan-2025 14:37:14.226,1.623269,8.372523,0.002394
18-Jan-2025 14:37:14.242,0.818817,8.53054,0.100556
18-Jan-2025 14:37:14.258,0.428562,8.774749,-0.071826
18-Jan-2025 14:37:14.274,0.110133,9.129091,-0.260968
18-Jan-2025 14:37:14.290,0.129287,9.3733,-0.385466
18-Jan-2025 14:37:14.306,0.383072,9.382876,-0.25618
18-Jan-2025 14:37:14.322,0.591368,9.251195,-0.07422
18-Jan-2025 14:37:14.338,0.723049,9.358934,-0.038307
18-Jan-2025 14:37:14.354,1.060631,9.497798,-0.490811
18-Jan-2025 14:37:14.370,1.086968,9.689334,-1.055843
18-Jan-2025 14:37:14.387,0.656011,9.876082,-0.885855
18-Jan-2025 14:37:14.403,0.483629,10.0341,-0.794875
18-Jan-2025 14:37:14.419,0.110133,10.237606,-0.804452
18-Jan-2025 14:37:14.435,-0.100556,10.340557,-1.029507
18-Jan-2025 14:37:14.451,-0.268151,10.412383,-1.16837
18-Jan-2025 14:37:14.467,-0.148441,10.484209,-1.165976
18-Jan-2025 14:37:14.483,-0.196325,10.46745,-0.507571
18-Jan-2025 14:37:14.499,-0.189142,10.342952,-0.754174
18-Jan-2025 14:37:14.515,-0.083797,10.290278,-1.149217
18-Jan-2025 14:37:14.531,0.033519,10.192117,-1.244985
18-Jan-2025 14:37:14.547,-0.093374,9.950302,-1.391031
18-Jan-2025 14:37:14.563,0.083797,9.667787,-1.091756
18-Jan-2025 14:37:14.579,-0.057461,9.55047,-0.794875
18-Jan-2025 14:37:14.595,-0.866701,9.744401,-0.153229
18-Jan-2025 14:37:14.611,-0.90022,10.120291,0.964863
18-Jan-2025 14:37:14.628,-0.816423,10.481815,-0.366313
18-Jan-2025 14:37:14.643,-1.242591,9.92636,-1.54426
18-Jan-2025 14:37:14.660,0.447716,11.480197,-0.414197
18-Jan-2025 14:37:14.676,0.646434,12.138602,1.347936
18-Jan-2025 14:37:14.692,-0.507571,12.107478,1.659182
18-Jan-2025 14:37:14.708,-3.564966,12.605472,-0.308852
18-Jan-2025 14:37:14.724,-7.295133,12.780249,-1.134852
18-Jan-2025 14:37:14.740,-4.869806,10.845734,-0.337582
18-Jan-2025 14:37:14.756,-2.899378,8.791509,0.268151
18-Jan-2025 14:37:14.772,-1.659182,7.264008,0.885855
18-Jan-2025 14:37:14.788,-1.041478,6.799533,1.472434
18-Jan-2025 14:37:14.804,-0.282516,7.374141,1.472434
18-Jan-2025 14:37:14.820,-0.3304,8.884883,1.072602
18-Jan-2025 14:37:14.836,-0.782904,10.409989,0.756568
18-Jan-2025 14:37:14.853,-1.776498,11.224017,0.562637
18-Jan-2025 14:37:14.869,-2.224213,11.573571,0.332794
18-Jan-2025 14:37:14.885,-2.161964,11.015722,0.433351
18-Jan-2025 14:37:14.901,-1.824382,10.115502,0.873884
18-Jan-2025 14:37:14.917,-1.910573,9.220071,1.223437
18-Jan-2025 14:37:14.933,-1.620875,8.614338,0.952892
18-Jan-2025 14:37:14.949,-1.388637,8.300697,0.37589
18-Jan-2025 14:37:14.965,-1.486799,8.403648,-0.11971
18-Jan-2025 14:37:14.981,-1.695095,8.820239,-0.203507
18-Jan-2025 14:37:14.997,-2.035071,9.203311,0.007183
18-Jan-2025 14:37:15.013,-2.545036,9.454702,0.488417
18-Jan-2025 14:37:15.029,-2.573767,9.821015,0.888249
18-Jan-2025 14:37:15.045,-2.387019,10.187328,0.921768
18-Jan-2025 14:37:15.061,-1.814805,10.345345,0.555455
18-Jan-2025 14:37:15.077,-1.352724,10.596737,0.179565
18-Jan-2025 14:37:15.094,-1.21386,10.649409,0.114922
18-Jan-2025 14:37:15.109,-1.331176,10.611102,0.095768
18-Jan-2025 14:37:15.126,-1.654393,10.534488,0.174777
18-Jan-2025 14:37:15.142,-1.92015,10.369287,0.237026
18-Jan-2025 14:37:15.158,-1.968034,10.192117,0.244209
18-Jan-2025 14:37:15.174,-1.934515,10.065224,0.198719
18-Jan-2025 14:37:15.190,-1.826776,9.921572,0.100556
18-Jan-2025 14:37:15.206,-1.750161,9.818622,-0.02873
18-Jan-2025 14:37:15.222,-1.620875,9.65821,-0.100556
18-Jan-2025 14:37:15.238,-1.465251,9.581595,-0.019154
18-Jan-2025 14:37:15.254,-1.240196,9.543288,0.213084
18-Jan-2025 14:37:15.270,-1.043872,9.718064,0.402226
18-Jan-2025 14:37:15.286,-0.816423,9.742006,0.052672
18-Jan-2025 14:37:15.302,-0.622492,9.758766,-0.196325
18-Jan-2025 14:37:15.318,-0.502782,9.866506,-0.208296
18-Jan-2025 14:37:15.334,-0.37589,9.856929,-0.474052
18-Jan-2025 14:37:15.350,-0.407014,9.900024,-0.270545
18-Jan-2025 14:37:15.367,-0.416591,9.813833,0.031125
18-Jan-2025 14:37:15.383,-0.414197,9.524135,-0.011971
18-Jan-2025 14:37:15.399,-0.21069,9.301474,-0.062249
18-Jan-2025 14:37:15.415,-0.134075,9.021352,-0.497994
18-Jan-2025 14:37:15.431,0.167594,8.774749,-0.811634
18-Jan-2025 14:37:15.447,0.555455,8.377312,-0.651223
18-Jan-2025 14:37:15.463,0.761356,8.350976,-0.464475
18-Jan-2025 14:37:15.479,1.182736,8.633492,-0.138864
18-Jan-2025 14:37:15.495,1.462857,9.306262,0.126893
18-Jan-2025 14:37:15.511,0.924162,10.500969,-0.529119
18-Jan-2025 14:37:15.527,1.405396,11.070788,-0.356736
18-Jan-2025 14:37:15.543,1.096544,12.77546,-1.098939
18-Jan-2025 14:37:15.559,0.565032,13.735536,-1.776498
18-Jan-2025 14:37:15.576,0.438139,13.40753,-1.42455
18-Jan-2025 14:37:15.592,0.529119,12.722788,-0.893037
18-Jan-2025 14:37:15.608,0.696713,11.736377,-0.881066
18-Jan-2025 14:37:15.624,1.240196,10.297462,-1.331176
18-Jan-2025 14:37:15.640,1.654393,8.863335,-1.125275
18-Jan-2025 14:37:15.656,1.007959,8.281544,-0.737414
18-Jan-2025 14:37:15.671,1.252167,6.890512,-0.940921
18-Jan-2025 14:37:15.688,1.606509,6.191406,-0.885855
18-Jan-2025 14:37:15.704,1.122881,6.519411,-0.921768
18-Jan-2025 14:37:15.720,0.749385,7.12275,-1.156399
18-Jan-2025 14:37:15.736,0.715866,8.075643,-1.187524
18-Jan-2025 14:37:15.752,0.94571,9.289502,-1.233014
18-Jan-2025 14:37:15.768,1.18513,10.287885,-1.292869
18-Jan-2025 14:37:15.784,1.405396,10.838552,-1.192312
18-Jan-2025 14:37:15.800,1.862689,11.106702,-1.154005
18-Jan-2025 14:37:15.816,1.953669,11.173739,-1.108515
18-Jan-2025 14:37:15.832,1.345541,10.606314,-1.197101
18-Jan-2025 14:37:15.849,1.42455,10.005369,-1.323994
18-Jan-2025 14:37:15.865,1.477222,9.651027,-1.292869
18-Jan-2025 14:37:15.881,1.345541,9.562442,-1.127669
18-Jan-2025 14:37:15.897,1.034295,9.579201,-1.070208
18-Jan-2025 14:37:15.913,0.744597,9.569624,-0.802058
18-Jan-2025 14:37:15.929,0.720655,9.552865,-0.708684
18-Jan-2025 14:37:15.945,0.878672,9.390059,-0.775721
18-Jan-2025 14:37:15.961,1.079785,9.198523,-0.758962
18-Jan-2025 14:37:15.977,1.132457,9.016563,-0.586579
18-Jan-2025 14:37:15.992,1.194707,8.944737,-0.600945
18-Jan-2025 14:37:16.009,1.326388,8.935161,-0.610521
18-Jan-2025 14:37:16.025,1.355118,8.995016,-0.519542
18-Jan-2025 14:37:16.041,1.16837,9.023746,-0.452504
18-Jan-2025 14:37:16.058,0.962469,9.224859,-0.565032
18-Jan-2025 14:37:16.074,0.943315,9.65821,-0.837971
18-Jan-2025 14:37:16.090,1.051055,10.04607,-0.852336
18-Jan-2025 14:37:16.106,1.228225,10.457873,-0.378284
18-Jan-2025 14:37:16.122,1.450886,10.915166,0.172383
18-Jan-2025 14:37:16.138,1.661576,11.609484,0.605733
18-Jan-2025 14:37:16.154,1.632846,12.270284,-0.177171
18-Jan-2025 14:37:16.170,1.25935,12.761095,-0.19393
18-Jan-2025 14:37:16.186,0.744597,13.414712,0.500388
18-Jan-2025 14:37:16.202,0.378284,13.802573,0.395043
18-Jan-2025 14:37:16.218,0.555455,13.723564,0.600945
18-Jan-2025 14:37:16.234,0.92895,13.570335,1.656788
18-Jan-2025 14:37:16.250,1.30484,12.653356,2.37026
18-Jan-2025 14:37:16.266,1.058237,11.355699,2.401384
18-Jan-2025 14:37:16.283,0.488417,9.94312,2.32477
18-Jan-2025 14:37:16.299,-0.332794,8.676587,2.829947
18-Jan-2025 14:37:16.315,-1.192312,7.412448,3.660734
18-Jan-2025 14:37:16.331,-1.817199,6.512228,4.386178
18-Jan-2025 14:37:16.347,-2.166753,6.241684,4.122815
18-Jan-2025 14:37:16.363,-1.821988,6.584054,2.8491
18-Jan-2025 14:37:16.379,-0.948104,7.376535,1.879448
18-Jan-2025 14:37:16.395,-0.086191,8.53054,1.841141
18-Jan-2025 14:37:16.411,0.476446,9.993398,2.090138
18-Jan-2025 14:37:16.427,1.005565,10.934319,2.449268
18-Jan-2025 14:37:16.443,0.964863,11.47062,2.8491
18-Jan-2025 14:37:16.459,0.742203,11.417948,2.765303
18-Jan-2025 14:37:16.475,0.679953,10.852917,2.042254
18-Jan-2025 14:37:16.491,0.320823,10.213664,1.328782
18-Jan-2025 14:37:16.508,0.095768,9.380483,0.770933
18-Jan-2025 14:37:16.524,0.203507,8.767567,0.933739
18-Jan-2025 14:37:16.540,0.476446,8.461109,1.23062
18-Jan-2025 14:37:16.556,1.06542,8.334216,0.993594
18-Jan-2025 14:37:16.572,1.388637,8.60955,0.483629
18-Jan-2025 14:37:16.588,1.537078,9.095572,0.280122
18-Jan-2025 14:37:16.604,1.539472,9.617508,0.462081
18-Jan-2025 14:37:16.620,1.015141,10.089166,0.462081
18-Jan-2025 14:37:16.636,0.555455,10.237606,0.296881
18-Jan-2025 14:37:16.652,0.718261,10.328587,-0.181959
18-Jan-2025 14:37:16.668,0.725443,10.187328,-0.356736
18-Jan-2025 14:37:16.684,0.718261,10.050858,-0.466869
18-Jan-2025 14:37:16.700,0.581791,9.758766,-0.567426
18-Jan-2025 14:37:16.716,0.445322,9.421184,-0.471658
18-Jan-2025 14:37:16.732,0.397437,9.069236,-0.37589
18-Jan-2025 14:37:16.748,0.397437,8.803479,-0.442927
18-Jan-2025 14:37:16.765,0.237026,8.765172,-0.869095
18-Jan-2025 14:37:16.781,0.002394,8.865729,-1.374272
18-Jan-2025 14:37:16.797,-0.050278,8.932767,-1.426944
18-Jan-2025 14:37:16.813,-0.107739,8.978256,-1.086968
18-Jan-2025 14:37:16.829,-0.304064,9.198523,-0.948104
18-Jan-2025 14:37:16.845,-0.474052,9.643845,-0.890643
18-Jan-2025 14:37:16.861,-0.301669,10.120291,-0.955287
18-Jan-2025 14:37:16.877,-0.023942,10.517728,-1.158794
18-Jan-2025 14:37:16.893,0.301669,10.752359,-1.268927
18-Jan-2025 14:37:16.909,0.038307,11.125855,-0.948104
18-Jan-2025 14:37:16.925,-0.299275,11.312603,-0.435745
18-Jan-2025 14:37:16.941,-0.260968,11.35091,-0.986411
18-Jan-2025 14:37:16.957,0.019154,10.793061,-1.323994
18-Jan-2025 14:37:16.973,0.093374,10.771513,-1.525106
18-Jan-2025 14:37:16.989,0.040701,11.010934,-1.908179
18-Jan-2025 14:37:17.006,0.234632,11.063606,-2.317587
18-Jan-2025 14:37:17.022,0.452504,11.204864,-1.149217
18-Jan-2025 14:37:17.038,0.600945,11.501745,-0.09098
18-Jan-2025 14:37:17.054,1.319205,12.047623,-0.486023
18-Jan-2025 14:37:17.070,3.541024,11.820174,-0.351948
18-Jan-2025 14:37:17.086,3.907337,10.673351,0.878672
18-Jan-2025 14:37:17.102,3.519476,9.315839,1.82917
18-Jan-2025 14:37:17.118,2.928109,7.675811,2.042254
18-Jan-2025 14:37:17.134,2.418144,6.28478,1.331176
18-Jan-2025 14:37:17.150,1.968034,5.765238,0.632069
18-Jan-2025 14:37:17.166,1.666364,5.956774,-0.038307
18-Jan-2025 14:37:17.182,1.726219,6.53617,-0.009577
18-Jan-2025 14:37:17.198,2.042254,7.524976,0.351948
18-Jan-2025 14:37:17.215,2.140416,9.174581,0.466869
18-Jan-2025 14:37:17.231,1.972822,11.171345,0.21069
18-Jan-2025 14:37:17.247,2.636016,11.832145,-0.457293
18-Jan-2025 14:37:17.262,1.546654,11.887212,-0.732626
18-Jan-2025 14:37:17.279,0.766145,11.401189,-0.531513
18-Jan-2025 14:37:17.295,1.558625,10.82658,-0.25618
18-Jan-2025 14:37:17.311,2.643199,9.830592,-0.04549
18-Jan-2025 14:37:17.327,2.954445,9.07163,-0.371101
18-Jan-2025 14:37:17.343,3.153164,8.39886,-0.794875
18-Jan-2025 14:37:17.359,2.896984,7.987057,-0.543484
18-Jan-2025 14:37:17.375,2.367866,7.939173,-0.301669
18-Jan-2025 14:37:17.391,2.080561,8.209718,-0.517148
18-Jan-2025 14:37:17.407,2.030283,8.674192,-0.646434
18-Jan-2025 14:37:17.423,2.202666,9.069236,-0.658405
18-Jan-2025 14:37:17.439,2.442086,9.28232,-0.505177
18-Jan-2025 14:37:17.455,2.494758,9.5385,-0.323217
18-Jan-2025 14:37:17.471,2.624045,9.615114,-0.476446
18-Jan-2025 14:37:17.488,2.504335,9.706094,-0.574608
18-Jan-2025 14:37:17.504,2.379837,9.684546,-0.756568
18-Jan-2025 14:37:17.519,2.267309,9.696517,-0.857124
18-Jan-2025 14:37:17.536,2.035071,9.787497,-0.715866
18-Jan-2025 14:37:17.552,1.798046,9.773131,-0.679953
18-Jan-2025 14:37:17.568,1.735796,9.787497,-0.811634
18-Jan-2025 14:37:17.584,1.733402,9.902418,-0.88346
18-Jan-2025 14:37:17.600,1.927332,10.012551,-0.797269
18-Jan-2025 14:37:17.616,1.872266,10.328587,-0.739808
18-Jan-2025 14:37:17.632,1.833959,10.824186,-0.907402
18-Jan-2025 14:37:17.648,1.865083,11.130644,-1.154005
18-Jan-2025 14:37:17.664,1.857901,11.274296,-1.194707
18-Jan-2025 14:37:17.680,1.771709,11.159374,-1.086968
18-Jan-2025 14:37:17.696,1.68073,10.927136,-0.933739
18-Jan-2025 14:37:17.712,1.438915,10.623073,-0.320823
18-Jan-2025 14:37:17.729,1.144428,10.94629,0.107739
18-Jan-2025 14:37:17.744,0.914585,11.269507,-1.13964
18-Jan-2025 14:37:17.761,1.046266,11.422736,-1.592144
18-Jan-2025 14:37:17.777,0.926556,11.420342,0.356736
18-Jan-2025 14:37:17.793,0.500388,11.793838,2.013524
18-Jan-2025 14:37:17.809,-0.758962,11.233594,1.96564
18-Jan-2025 14:37:17.825,-1.187524,10.204087,1.280898
18-Jan-2025 14:37:17.841,-1.728614,9.246407,1.125275
18-Jan-2025 14:37:17.857,-2.348712,8.822633,1.75495
18-Jan-2025 14:37:17.873,-2.63841,8.700529,1.857901
18-Jan-2025 14:37:17.889,-2.420538,8.889671,1.086968
18-Jan-2025 14:37:17.905,-1.826776,9.325416,0.237026
18-Jan-2025 14:37:17.921,-1.235408,9.85214,-0.328006
18-Jan-2025 14:37:17.937,-0.368707,10.199299,-0.766145
18-Jan-2025 14:37:17.953,0.033519,10.268731,-0.651223
18-Jan-2025 14:37:17.969,0.064643,10.103531,-0.270545
18-Jan-2025 14:37:17.985,0.189142,9.648633,-0.071826
18-Jan-2025 14:37:18.001,0.181959,9.174581,-0.399832
18-Jan-2025 14:37:18.017,-0.31364,8.956709,-0.778116
18-Jan-2025 14:37:18.033,-0.600945,8.722076,-0.873884
18-Jan-2025 14:37:18.050,-0.835576,8.542512,-0.806846
18-Jan-2025 14:37:18.066,-0.960075,8.377312,-0.991199
18-Jan-2025 14:37:18.082,-0.80924,8.018182,-0.972046
18-Jan-2025 14:37:18.098,-0.306458,7.728483,-1.118092
18-Jan-2025 14:37:18.114,-0.055067,7.654263,-1.285686
18-Jan-2025 14:37:18.130,-0.067038,7.927202,-1.323994
18-Jan-2025 14:37:18.146,-0.131681,8.425196,-1.386243
18-Jan-2025 14:37:18.162,-0.150835,9.083601,-1.592144
18-Jan-2025 14:37:18.178,-0.296881,9.713276,-1.659182
18-Jan-2025 14:37:18.194,-0.586579,10.175357,-1.467646
18-Jan-2025 14:37:18.210,-0.574608,10.175357,-1.323994
18-Jan-2025 14:37:18.227,-0.720655,10.208876,-1.292869
18-Jan-2025 14:37:18.243,-0.725443,10.268731,-1.383849
18-Jan-2025 14:37:18.259,-0.665588,10.093954,-1.276109
18-Jan-2025 14:37:18.275,-0.665588,9.880871,-1.125275
18-Jan-2025 14:37:18.291,-0.543484,9.895236,-1.060631
18-Jan-2025 14:37:18.307,-0.246603,10.084377,-1.16837
18-Jan-2025 14:37:18.323,-0.100556,10.46745,-1.419762
18-Jan-2025 14:37:18.339,-0.181959,10.989386,-1.742979
18-Jan-2025 14:37:18.355,-0.418985,11.216835,-1.908179
18-Jan-2025 14:37:18.371,-0.54109,11.180922,-1.357512
18-Jan-2025 14:37:18.387,-0.395043,11.087548,-0.481235
18-Jan-2025 14:37:18.403,-0.050278,10.941502,-0.514753
18-Jan-2025 14:37:18.419,0.387861,10.596737,-1.173159
18-Jan-2025 14:37:18.435,0.785298,10.795456,-0.586579
18-Jan-2025 14:37:18.451,1.314417,11.291056,-0.567426
18-Jan-2025 14:37:18.467,2.118869,11.398794,-0.849942
18-Jan-2025 14:37:18.484,2.576161,11.159374,-0.026336
18-Jan-2025 14:37:18.500,2.631228,10.560823,0.68953
18-Jan-2025 14:37:18.516,2.454057,9.56723,0.459687
18-Jan-2025 14:37:18.532,1.90339,8.487445,0.897826
18-Jan-2025 14:37:18.548,1.810017,7.596802,1.077391
18-Jan-2025 14:37:18.564,1.898602,7.070077,0.466869
18-Jan-2025 14:37:18.580,1.862689,7.206547,-0.184354
18-Jan-2025 14:37:18.596,1.596933,7.915231,-0.677559
18-Jan-2025 14:37:18.612,1.431733,9.112331,-1.101333
18-Jan-2025 14:37:18.628,0.830788,10.359711,-1.338359
18-Jan-2025 14:37:18.644,0.502782,11.384429,-0.758962
18-Jan-2025 14:37:18.660,1.010353,11.348516,0.265756
18-Jan-2025 14:37:18.676,-0.641646,12.466608,0.019154
18-Jan-2025 14:37:18.693,0.696713,11.243171,-0.646434
18-Jan-2025 14:37:18.708,1.264138,10.374076,-1.108515
18-Jan-2025 14:37:18.724,1.347936,9.627085,-1.431733
18-Jan-2025 14:37:18.741,1.290475,8.825027,-1.247379
18-Jan-2025 14:37:18.757,1.106121,8.200141,-0.960075
18-Jan-2025 14:37:18.773,0.632069,7.797915,-0.744597
18-Jan-2025 14:37:18.789,0.07422,7.726089,-0.821211
18-Jan-2025 14:37:18.805,-0.493206,8.078036,-1.177947
18-Jan-2025 14:37:18.821,-0.047884,8.571242,-1.450886
18-Jan-2025 14:37:18.836,0.411803,8.63828,-1.661576
18-Jan-2025 14:37:18.853,-0.19393,9.80665,-1.551443
18-Jan-2025 14:37:18.869,0,9.986216,-1.656788
18-Jan-2025 14:37:18.885,0.579397,10.058042,-1.49877
18-Jan-2025 14:37:18.901,0.727837,10.072407,-1.434127
18-Jan-2025 14:37:18.918,0.502782,9.804255,-1.343147
18-Jan-2025 14:37:18.934,0.260968,9.655815,-1.216254
18-Jan-2025 14:37:18.950,-0.217872,9.94312,-1.158794
18-Jan-2025 14:37:18.966,-0.399832,10.299856,-1.154005
18-Jan-2025 14:37:18.982,-0.354342,10.685322,-1.252167
18-Jan-2025 14:37:18.998,-0.160412,11.164163,-1.412579
18-Jan-2025 14:37:19.014,0.177171,11.468226,-1.553837
18-Jan-2025 14:37:19.030,0.354342,11.592725,-1.177947
18-Jan-2025 14:37:19.046,-0.512359,12.193669,-0.158017
18-Jan-2025 14:37:19.062,-0.92895,12.751518,-0.651223
18-Jan-2025 14:37:19.078,-1.446098,12.94066,-1.776498
18-Jan-2025 14:37:19.094,-1.608904,12.952631,-1.244985
18-Jan-2025 14:37:19.110,-0.859518,12.890382,0.021548
18-Jan-2025 14:37:19.126,-0.517148,11.125855,1.601721
18-Jan-2025 14:37:19.143,-1.201889,10.381259,1.922544
18-Jan-2025 14:37:19.157,-1.893813,9.878476,1.216254
18-Jan-2025 14:37:19.175,-1.821988,8.805874,0.201113
18-Jan-2025 14:37:19.191,-1.628057,7.292738,0.665588
18-Jan-2025 14:37:19.207,-1.312023,5.925649,1.84593
18-Jan-2025 14:37:19.223,-1.87466,6.378153,2.0231
18-Jan-2025 14:37:19.239,-2.30801,7.860164,1.367089
18-Jan-2025 14:37:19.255,-2.367866,9.378088,1.163582
18-Jan-2025 14:37:19.271,-1.946486,10.692505,1.015141
18-Jan-2025 14:37:19.287,-1.089362,11.224017,0.536301
18-Jan-2025 14:37:19.303,-0.823605,11.484985,0.244209
18-Jan-2025 14:37:19.319,-0.78051,11.147403,0.383072
18-Jan-2025 14:37:19.335,-0.579397,10.263943,0.806846
18-Jan-2025 14:37:19.351,-0.301669,9.433155,0.40462
18-Jan-2025 14:37:19.367,-0.35913,8.978256,-0.011971
18-Jan-2025 14:37:19.383,-0.639252,8.719683,-0.177171
18-Jan-2025 14:37:19.399,-1.482011,8.458714,-0.600945
18-Jan-2025 14:37:19.416,-1.932121,8.159439,-0.751779
18-Jan-2025 14:37:19.432,-1.565808,8.070854,-0.430956
18-Jan-2025 14:37:19.448,-0.964863,8.219295,-0.387861
18-Jan-2025 14:37:19.464,-0.440533,8.628703,-0.574608
18-Jan-2025 14:37:19.480,-0.208296,9.397242,-0.653617
18-Jan-2025 14:37:19.496,-0.270545,10.089166,-0.667982
18-Jan-2025 14:37:19.512,-0.481235,10.486604,-0.536301
18-Jan-2025 14:37:19.528,-0.773327,10.565612,-0.423774
18-Jan-2025 14:37:19.544,-0.926556,10.441113,-0.260968
18-Jan-2025 14:37:19.560,-0.897826,10.201694,-0.201113
18-Jan-2025 14:37:19.576,-0.792481,9.715671,-0.457293
18-Jan-2025 14:37:19.592,-0.814029,9.32781,-0.701501
18-Jan-2025 14:37:19.609,-0.612916,9.198523,-0.596156
18-Jan-2025 14:37:19.624,-0.392649,9.433155,-0.59855
18-Jan-2025 14:37:19.640,-0.45011,9.763555,-0.624887
18-Jan-2025 14:37:19.657,-0.35913,10.014946,-0.514753
18-Jan-2025 14:37:19.673,-0.488417,10.263943,-0.612916
18-Jan-2025 14:37:19.689,-0.316035,10.328587,-0.447716
18-Jan-2025 14:37:19.705,-0.162806,10.357317,-0.454898
18-Jan-2025 14:37:19.721,0.095768,10.596737,-0.701501
18-Jan-2025 14:37:19.737,0.339977,11.183316,-0.141258
18-Jan-2025 14:37:19.753,0.332794,11.657368,0.134075
18-Jan-2025 14:37:19.769,0.435745,11.36767,0.167594
18-Jan-2025 14:37:19.785,0.936133,10.812215,0.770933
18-Jan-2025 14:37:19.801,1.067814,10.21127,1.137246
18-Jan-2025 14:37:19.817,0.988805,9.516952,0.452504
18-Jan-2025 14:37:19.833,0.97444,8.717288,-0.268151
18-Jan-2025 14:37:19.849,1.240196,8.219295,-0.248997
18-Jan-2025 14:37:19.865,1.441309,8.159439,-0.148441
18-Jan-2025 14:37:19.881,1.441309,8.635885,-0.445322
18-Jan-2025 14:37:19.898,1.060631,9.67018,-0.622492
18-Jan-2025 14:37:19.914,0.500388,11.219229,-0.797269
18-Jan-2025 14:37:19.930,-0.356736,12.583924,-0.849942
18-Jan-2025 14:37:19.946,-0.938527,12.8832,-0.976834
18-Jan-2025 14:37:19.962,-0.639252,12.054806,-1.177947
18-Jan-2025 14:37:19.978,-0.112527,10.953473,-1.290475
18-Jan-2025 14:37:19.994,0.457293,9.955091,-1.35033
18-Jan-2025 14:37:20.010,0.905008,8.92319,-1.422156
18-Jan-2025 14:37:20.026,0.97444,8.075643,-1.084573
18-Jan-2025 14:37:20.042,0.814029,7.383718,-0.694318
18-Jan-2025 14:37:20.058,0.505177,6.868965,-0.723049
18-Jan-2025 14:37:20.074,0.361524,7.405266,-1.070208
18-Jan-2025 14:37:20.090,0.227449,7.972692,-1.252167
18-Jan-2025 14:37:20.106,0.059855,8.626308,-1.086968
18-Jan-2025 14:37:20.123,-0.251391,9.263166,-0.888249
18-Jan-2025 14:37:20.139,-0.289698,9.938332,-0.849942
18-Jan-2025 14:37:20.155,-0.098162,10.508151,-0.653617
18-Jan-2025 14:37:20.171,0.35913,10.850522,-1.079785
18-Jan-2025 14:37:20.187,0.739808,10.876859,-1.046266
18-Jan-2025 14:37:20.203,0.565032,10.900801,-0.76375
18-Jan-2025 14:37:20.219,0.155623,10.737994,-1.106121
18-Jan-2025 14:37:20.235,-0.143652,10.635044,-1.534683
18-Jan-2025 14:37:20.251,-0.265756,10.697293,-1.606509
18-Jan-2025 14:37:20.267,-0.593762,10.912771,-1.297657
18-Jan-2025 14:37:20.283,-1.096544,11.113884,-0.440533
18-Jan-2025 14:37:20.299,-1.520318,11.664551,-0.426168
18-Jan-2025 14:37:20.315,-1.601721,11.949461,-1.719037
18-Jan-2025 14:37:20.331,-0.70629,11.911154,-1.833959
18-Jan-2025 14:37:20.347,-0.098162,11.556811,-0.409408
18-Jan-2025 14:37:20.363,-0.794875,10.761936,0.670376
18-Jan-2025 14:37:20.380,-1.484405,9.931149,0.538695
18-Jan-2025 14:37:20.396,-1.869871,9.229648,-0.114922
18-Jan-2025 14:37:20.412,-1.934515,8.559271,-0.272939
18-Jan-2025 14:37:20.428,-2.142811,8.214506,0.1652
18-Jan-2025 14:37:20.444,-2.226608,8.058883,0.742203
18-Jan-2025 14:37:20.460,-2.015918,8.11395,1.21386
18-Jan-2025 14:37:20.476,-1.82917,8.47308,1.084573
18-Jan-2025 14:37:20.492,-1.702277,9.004593,0.761356
18-Jan-2025 14:37:20.508,-1.620875,9.691729,0.675165
18-Jan-2025 14:37:20.524,-1.596933,10.077195,0.629675
18-Jan-2025 14:37:20.540,-1.570596,10.134656,0.490811
18-Jan-2025 14:37:20.556,-1.391031,9.993398,0.493206
18-Jan-2025 14:37:20.572,-1.144428,9.744401,0.414197
18-Jan-2025 14:37:20.588,-1.077391,9.543288,0.117316
18-Jan-2025 14:37:20.605,-1.134852,9.55047,0.023942
18-Jan-2025 14:37:20.621,-1.419762,9.643845,0.141258
18-Jan-2025 14:37:20.637,-1.900996,9.679757,0.02873
18-Jan-2025 14:37:20.653,-2.245761,9.655815,0.011971
18-Jan-2025 14:37:20.669,-2.626439,9.662998,0.040701
18-Jan-2025 14:37:20.685,-2.806004,9.564836,0.071826
18-Jan-2025 14:37:20.701,-2.777274,9.560047,0.126893
18-Jan-2025 14:37:20.717,-2.715025,9.720459,0.23942
18-Jan-2025 14:37:20.733,-2.813187,10.024523,0.416591
18-Jan-2025 14:37:20.749,-2.499547,10.160992,0.526724
18-Jan-2025 14:37:20.765,-2.169147,10.295067,0.35913
18-Jan-2025 14:37:20.781,-1.975216,10.295067,-0.047884
18-Jan-2025 14:37:20.797,-2.087744,10.18254,-0.208296
18-Jan-2025 14:37:20.813,-2.018312,9.871294,-0.167594
18-Jan-2025 14:37:20.830,-1.869871,9.619903,-0.007183
18-Jan-2025 14:37:20.846,-1.745373,9.600749,0.052672
18-Jan-2025 14:37:20.862,-1.510741,9.674969,-0.131681
18-Jan-2025 14:37:20.878,-1.285686,9.744401,-0.383072
18-Jan-2025 14:37:20.894,-1.225831,9.753978,-0.557849
18-Jan-2025 14:37:20.910,-1.405396,9.756371,-0.114922
18-Jan-2025 14:37:20.926,-1.302446,9.816227,-0.505177
18-Jan-2025 14:37:20.942,-1.252167,9.842564,-0.622492
18-Jan-2025 14:37:20.958,-1.218649,9.763555,-0.351948
18-Jan-2025 14:37:20.974,-1.216254,9.500193,-0.395043
18-Jan-2025 14:37:20.990,-1.000776,9.512163,-0.684742
18-Jan-2025 14:37:21.006,-0.811634,9.634268,-0.708684
18-Jan-2025 14:37:21.023,-0.742203,9.864111,-0.677559
18-Jan-2025 14:37:21.039,-0.80924,9.950302,-0.656011
18-Jan-2025 14:37:21.054,-0.787692,10.038888,-0.557849
18-Jan-2025 14:37:21.071,-0.909797,10.108319,-0.550666
18-Jan-2025 14:37:21.087,-0.888249,10.031705,-0.531513
18-Jan-2025 14:37:21.103,-0.859518,9.959879,-0.452504
18-Jan-2025 14:37:21.119,-0.694318,9.962274,-0.387861
18-Jan-2025 14:37:21.135,-0.500388,10.09156,-0.586579
18-Jan-2025 14:37:21.151,-0.213084,10.184934,-0.696713
18-Jan-2025 14:37:21.167,-0.033519,10.086772,-0.387861
18-Jan-2025 14:37:21.183,0.251391,9.933543,-0.373495
18-Jan-2025 14:37:21.199,0.301669,9.773131,0.035913
18-Jan-2025 14:37:21.215,0.323217,9.512163,0.227449
18-Jan-2025 14:37:21.231,0.277727,9.421184,0.067038
18-Jan-2025 14:37:21.248,0.071826,9.421184,-0.19393
18-Jan-2025 14:37:21.264,0.306458,9.500193,-0.746991
18-Jan-2025 14:37:21.280,0.699107,9.627085,-1.103727
18-Jan-2025 14:37:21.296,1.072602,9.651027,-0.94571
18-Jan-2025 14:37:21.312,1.21386,9.55047,-0.658405
18-Jan-2025 14:37:21.328,1.455675,9.294291,-0.294487
18-Jan-2025 14:37:21.344,1.884237,9.090784,0.069432
18-Jan-2025 14:37:21.360,1.867477,9.440337,-0.148441
18-Jan-2025 14:37:21.376,1.582567,10.275913,-1.192312
18-Jan-2025 14:37:21.392,1.201889,11.298238,-1.908179
18-Jan-2025 14:37:21.408,0.64404,11.96622,-1.671153
18-Jan-2025 14:37:21.424,0.318429,11.686098,-1.000776
18-Jan-2025 14:37:21.440,-0.083797,11.705252,-0.577003
18-Jan-2025 14:37:21.456,0.31364,10.828975,-0.40462
18-Jan-2025 14:37:21.472,0.730232,10.053253,-0.500388
18-Jan-2025 14:37:21.488,1.122881,9.260772,-0.502782
18-Jan-2025 14:37:21.505,1.16837,8.597578,-0.299275
18-Jan-2025 14:37:21.521,1.211466,7.953538,-0.124498
18-Jan-2025 14:37:21.537,1.161188,7.592013,-0.016759
18-Jan-2025 14:37:21.553,1.005565,7.76679,-0.153229
18-Jan-2025 14:37:21.569,0.713472,8.298303,-0.213084
18-Jan-2025 14:37:21.585,0.533907,8.8777,-0.320823
18-Jan-2025 14:37:21.601,0.519542,9.469068,-0.466869
18-Jan-2025 14:37:21.617,0.794875,9.854534,-0.648829
18-Jan-2025 14:37:21.633,0.986411,10.093954,-0.746991
18-Jan-2025 14:37:21.649,1.039083,10.168175,-0.749385
18-Jan-2025 14:37:21.665,0.998382,10.180145,-0.682347
18-Jan-2025 14:37:21.681,0.943315,10.01734,-0.696713
18-Jan-2025 14:37:21.697,0.792481,9.830592,-0.462081
18-Jan-2025 14:37:21.713,0.727837,9.868899,-0.782904
18-Jan-2025 14:37:21.729,0.588974,9.792285,-1.113304
18-Jan-2025 14:37:21.746,0.47884,9.785102,-0.770933
18-Jan-2025 14:37:21.762,0.380678,9.988609,-0.675165
18-Jan-2025 14:37:21.778,0.368707,10.352529,-0.790087
18-Jan-2025 14:37:21.794,0.332794,10.94629,-0.612916
18-Jan-2025 14:37:21.810,0.407014,11.45865,-0.634463
18-Jan-2025 14:37:21.825,0.543484,11.793838,-0.59855
18-Jan-2025 14:37:21.842,0.761356,11.827356,-0.366313
18-Jan-2025 14:37:21.858,1.031901,11.647791,-0.198719
18-Jan-2025 14:37:21.874,1.225831,11.341333,-0.205901
18-Jan-2025 14:37:21.890,1.156399,11.032481,-0.440533
18-Jan-2025 14:37:21.906,0.694318,11.020511,-0.280122
18-Jan-2025 14:37:21.922,0.100556,11.267113,0.02873
18-Jan-2025 14:37:21.938,-0.227449,11.51611,0.062249
18-Jan-2025 14:37:21.954,-0.071826,11.583148,0.347159
18-Jan-2025 14:37:21.970,0.895431,10.828975,1.292869
18-Jan-2025 14:37:21.986,0.241814,10.544065,1.989582
18-Jan-2025 14:37:22.002,-1.307234,10.09156,2.813187
18-Jan-2025 14:37:22.019,-2.06859,9.581595,2.815581
18-Jan-2025 14:37:22.034,-1.766921,9.02614,2.104503
18-Jan-2025 14:37:22.051,-1.881842,8.53054,2.221819
18-Jan-2025 14:37:22.067,-2.104503,7.939173,2.355895
18-Jan-2025 14:37:22.083,-2.106898,7.852982,1.252167
18-Jan-2025 14:37:22.099,-1.417367,8.202535,0.253785
18-Jan-2025 14:37:22.115,-0.768539,8.937555,-0.067038
18-Jan-2025 14:37:22.131,-0.227449,9.821015,-0.064643
18-Jan-2025 14:37:22.146,0.500388,10.45069,0.052672
18-Jan-2025 14:37:22.163,0.948104,10.989386,0.337582
18-Jan-2025 14:37:22.179,1.805228,10.623073,0.620098
18-Jan-2025 14:37:22.195,1.426944,10.553641,0.567426
18-Jan-2025 14:37:22.211,-0.186748,10.414778,0.181959
18-Jan-2025 14:37:22.228,-1.551443,10.666168,-0.172383
18-Jan-2025 14:37:22.243,-0.124498,9.706094,-0.335188
18-Jan-2025 14:37:22.259,-0.514753,9.275137,-0.347159
18-Jan-2025 14:37:22.275,-0.933739,8.951921,-0.342371
18-Jan-2025 14:37:22.291,-1.216254,8.566454,-0.718261
18-Jan-2025 14:37:22.308,-1.00317,8.39886,-0.948104
18-Jan-2025 14:37:22.324,-0.646434,8.588001,-0.972046
18-Jan-2025 14:37:22.340,-0.418985,8.896853,-0.814029
18-Jan-2025 14:37:22.356,-0.497994,9.02614,-0.553061
18-Jan-2025 14:37:22.372,-0.153229,9.3733,-0.749385
18-Jan-2025 14:37:22.388,-0.191536,9.25359,-0.538695
18-Jan-2025 14:37:22.404,-0.354342,9.73243,-0.888249
18-Jan-2025 14:37:22.420,-0.361524,9.765948,-1.242591
18-Jan-2025 14:37:22.436,-0.414197,9.780313,-1.462857
18-Jan-2025 14:37:22.452,-0.581791,9.746795,-1.307234
18-Jan-2025 14:37:22.468,-0.562637,9.672575,-1.161188
18-Jan-2025 14:37:22.484,-0.25618,9.485827,-1.197101
18-Jan-2025 14:37:22.500,-0.079009,9.52174,-1.302446
18-Jan-2025 14:37:22.516,-0.031125,9.478644,-1.053449
18-Jan-2025 14:37:22.533,0.093374,9.540894,-1.568202
18-Jan-2025 14:37:22.549,0.09098,9.519346,-1.683124
18-Jan-2025 14:37:22.565,0.014365,9.648633,-1.355118
18-Jan-2025 14:37:22.581,-0.280122,9.722853,-1.594538
18-Jan-2025 14:37:22.597,-0.184354,10.012551,-1.73819
18-Jan-2025 14:37:22.613,-0.792481,10.589554,-1.644817
18-Jan-2025 14:37:22.629,-0.620098,10.67814,-1.558625
18-Jan-2025 14:37:22.645,-0.387861,10.874464,-1.175553
18-Jan-2025 14:37:22.661,-0.117316,11.18571,-1.493982
18-Jan-2025 14:37:22.677,0.299275,11.295844,-1.891419
18-Jan-2025 14:37:22.693,0.61531,11.657368,-1.403002
18-Jan-2025 14:37:22.710,1.319205,11.836933,-0.742203
18-Jan-2025 14:37:22.725,1.750161,10.965444,-0.141258
18-Jan-2025 14:37:22.741,1.671153,9.80665,0.727837
18-Jan-2025 14:37:22.757,1.388637,8.78672,0.933739
18-Jan-2025 14:37:22.774,1.364695,7.5561,0.497994
18-Jan-2025 14:37:22.790,0.912191,6.485892,0.670376
18-Jan-2025 14:37:22.806,0.651223,6.004658,0.545878
18-Jan-2025 14:37:22.822,0.708684,6.505046,-0.023942
18-Jan-2025 14:37:22.838,1.017536,8.051701,-0.476446
18-Jan-2025 14:37:22.854,0.967257,10.105926,-1.125275
18-Jan-2025 14:37:22.870,0.608127,12.009315,-1.604115
18-Jan-2025 14:37:22.886,1.125275,11.887212,-0.4956
18-Jan-2025 14:37:22.902,-0.335188,12.124237,0.940921
18-Jan-2025 14:37:22.918,-1.314417,13.086706,0.148441
18-Jan-2025 14:37:22.935,-1.067814,13.12262,-1.393425
18-Jan-2025 14:37:22.951,-0.275333,11.5616,-1.041478
18-Jan-2025 14:37:22.967,-0.459687,10.345345,-0.962469
18-Jan-2025 14:37:22.983,-0.217872,9.251195,-0.756568
18-Jan-2025 14:37:22.999,-0.311246,8.092402,-0.629675
18-Jan-2025 14:37:23.015,-0.545878,7.49864,-0.454898
18-Jan-2025 14:37:23.031,-1.082179,7.309498,-0.407014
18-Jan-2025 14:37:23.047,-1.66397,7.340622,-0.526724
18-Jan-2025 14:37:23.063,-1.046266,7.615956,-0.758962
18-Jan-2025 14:37:23.079,-0.581791,8.286332,-0.890643
18-Jan-2025 14:37:23.095,-0.502782,9.088389,-0.80924
18-Jan-2025 14:37:23.111,-0.248997,9.667787,-0.770933
18-Jan-2025 14:37:23.127,0.081403,10.093954,-0.835576
18-Jan-2025 14:37:23.143,0.076614,10.556035,-0.56982
18-Jan-2025 14:37:23.159,0.019154,11.061212,-0.462081
18-Jan-2025 14:37:23.175,-0.069432,11.480197,-0.591368
18-Jan-2025 14:37:23.192,-0.153229,11.654974,-0.687136
18-Jan-2025 14:37:23.208,-0.40462,11.686098,-0.694318
18-Jan-2025 14:37:23.224,-0.624887,11.530476,-0.828394
18-Jan-2025 14:37:23.240,-0.775721,11.27669,-0.648829
18-Jan-2025 14:37:23.256,-1.503559,11.286267,0.3304
18-Jan-2025 14:37:23.272,-1.996764,11.513716,0.543484
18-Jan-2025 14:37:23.288,-1.778892,11.513716,-0.462081
18-Jan-2025 14:37:23.304,-1.007959,11.461043,0.069432
18-Jan-2025 14:37:23.320,-0.684742,11.257536,1.273715
18-Jan-2025 14:37:23.336,-0.878672,10.702082,1.517924
18-Jan-2025 14:37:23.352,-1.218649,10.067618,0.567426
18-Jan-2025 14:37:23.368,-1.33357,9.263166,-0.337582
18-Jan-2025 14:37:23.384,-1.465251,8.317456,0.363919
18-Jan-2025 14:37:23.400,-1.989582,7.462727,1.836353
18-Jan-2025 14:37:23.417,-2.102109,7.029376,1.984793
18-Jan-2025 14:37:23.433,-1.572991,7.173028,0.493206
18-Jan-2025 14:37:23.448,-1.204283,8.214506,-0.727837
18-Jan-2025 14:37:23.465,-1.290475,9.935937,-1.106121
18-Jan-2025 14:37:23.481,-1.620875,11.671733,-1.254562
18-Jan-2025 14:37:23.497,-1.309628,12.231977,-1.23062
18-Jan-2025 14:37:23.513,-1.742979,11.573571,-0.373495
18-Jan-2025 14:37:23.529,-2.063802,11.121067,0.141258
18-Jan-2025 14:37:23.545,-2.149993,10.972627,-0.114922
18-Jan-2025 14:37:23.561,-1.75495,9.651027,0.189142
18-Jan-2025 14:37:23.577,-1.594538,8.793902,-0.095768
18-Jan-2025 14:37:23.593,-1.393425,8.039729,-0.770933
18-Jan-2025 14:37:23.609,-1.572991,7.314286,-0.993594
18-Jan-2025 14:37:23.625,-1.817199,6.974309,-0.730232
18-Jan-2025 14:37:23.641,-1.908179,7.115568,-0.464475
18-Jan-2025 14:37:23.658,-1.879448,7.850587,-0.584185
18-Jan-2025 14:37:23.674,-1.912967,8.669404,-0.787692
18-Jan-2025 14:37:23.690,-2.104503,9.526528,-0.715866
18-Jan-2025 14:37:23.706,-2.140416,10.208876,-0.500388
18-Jan-2025 14:37:23.722,-2.207454,10.469844,-0.385466
18-Jan-2025 14:37:23.738,-2.197877,10.345345,-0.502782
18-Jan-2025 14:37:23.754,-2.291251,10.177752,-0.574608
18-Jan-2025 14:37:23.770,-2.152387,9.947908,-0.536301
18-Jan-2025 14:37:23.786,-1.984793,9.672575,-0.47884
18-Jan-2025 14:37:23.802,-1.896208,9.634268,-0.548272
18-Jan-2025 14:37:23.818,-1.843535,9.801862,-0.991199
18-Jan-2025 14:37:23.834,-2.13084,10.01734,-1.134852
18-Jan-2025 14:37:23.850,-2.41575,10.259154,-0.826
18-Jan-2025 14:37:23.866,-2.650381,10.429143,-0.019154
18-Jan-2025 14:37:23.882,-2.501941,10.723629,0.466869
18-Jan-2025 14:37:23.899,-1.843535,10.702082,-0.275333
18-Jan-2025 14:37:23.915,-1.235408,10.84334,-1.115698
18-Jan-2025 14:37:23.931,-0.727837,11.226412,-1.204283
18-Jan-2025 14:37:23.947,-0.25618,11.475409,-0.806846
18-Jan-2025 14:37:23.963,0.059855,11.20247,0.332794
18-Jan-2025 14:37:23.979,-0.059855,10.448297,1.06542
18-Jan-2025 14:37:23.995,-0.129287,9.428367,0.873884
18-Jan-2025 14:37:24.011,-0.153229,8.619126,0.189142
18-Jan-2025 14:37:24.027,0.007183,7.912837,-0.349553
18-Jan-2025 14:37:24.043,0.289698,7.441179,-0.102951
18-Jan-2025 14:37:24.059,0.675165,7.216124,0.418985
18-Jan-2025 14:37:24.075,1.240196,7.13951,0.373495
18-Jan-2025 14:37:24.091,0.725443,8.315063,-0.107739
18-Jan-2025 14:37:24.107,0.440533,10.086772,-0.859518
18-Jan-2025 14:37:24.124,0.186748,11.978191,-1.312023
18-Jan-2025 14:37:24.140,-0.169988,13.792996,-0.984017
18-Jan-2025 14:37:24.156,0.181959,13.567941,0.205901
18-Jan-2025 14:37:24.172,-0.184354,14.322115,0.198719
18-Jan-2025 14:37:24.188,0.380678,13.029245,-0.950498
18-Jan-2025 14:37:24.204,0.220267,10.881647,-0.454898
18-Jan-2025 14:37:24.220,-0.114922,9.325416,-0.464475
18-Jan-2025 14:37:24.236,-0.205901,7.953538,-1.029507
18-Jan-2025 14:37:24.252,0.138864,6.897695,-1.233014
18-Jan-2025 14:37:24.268,0.167594,6.663064,-0.742203
18-Jan-2025 14:37:24.284,0.296881,6.607996,-0.54109
18-Jan-2025 14:37:24.300,0.031125,7.321469,-0.684742
18-Jan-2025 14:37:24.316,0.093374,8.295909,-0.998382
18-Jan-2025 14:37:24.332,0.177171,9.198523,-1.197101
18-Jan-2025 14:37:24.348,0.160412,10.098742,-1.323994
18-Jan-2025 14:37:24.365,-0.055067,10.821792,-1.441309
18-Jan-2025 14:37:24.381,-0.1652,11.101913,-1.549049
18-Jan-2025 14:37:24.397,-0.148441,11.089942,-1.644817
18-Jan-2025 14:37:24.413,-0.11971,10.740389,-1.611298
18-Jan-2025 14:37:24.429,-0.131681,10.206482,-1.426944
18-Jan-2025 14:37:24.445,-0.186748,9.713276,-1.316811
18-Jan-2025 14:37:24.461,-0.203507,9.387665,-1.283292
18-Jan-2025 14:37:24.477,-0.328006,9.40203,-1.161188
18-Jan-2025 14:37:24.493,-0.402226,9.624691,-1.37906
18-Jan-2025 14:37:24.509,-0.323217,9.871294,-1.455675
18-Jan-2025 14:37:24.525,-0.11971,10.151415,-1.30484
18-Jan-2025 14:37:24.541,0.035913,10.417171,-1.276109
18-Jan-2025 14:37:24.557,0.181959,10.524911,-1.357512
18-Jan-2025 14:37:24.573,0.040701,10.599131,-1.11091
18-Jan-2025 14:37:24.589,-0.529119,10.752359,-0.232238
18-Jan-2025 14:37:24.605,-1.113304,11.034876,-0.349553
18-Jan-2025 14:37:24.621,-1.204283,11.207258,-1.235408
18-Jan-2025 14:37:24.638,-0.871489,11.427525,-1.09415
18-Jan-2025 14:37:24.654,-0.725443,11.774684,-0.447716
18-Jan-2025 14:37:24.670,-0.794875,11.815386,-0.296881
18-Jan-2025 14:37:24.686,-1.180341,11.494562,-0.035913
18-Jan-2025 14:37:24.702,-1.491588,11.066,0.371101
18-Jan-2025 14:37:24.718,-1.711854,10.620679,0.47884
18-Jan-2025 14:37:24.734,-1.740585,10.0341,0.593762
18-Jan-2025 14:37:24.750,-1.910573,9.464279,0.620098
18-Jan-2025 14:37:24.766,-2.171541,8.76996,0.622492
18-Jan-2025 14:37:24.782,-2.41575,8.2169,1.000776
18-Jan-2025 14:37:24.798,-2.789245,8.121132,1.364695
18-Jan-2025 14:37:24.814,-2.971204,8.331821,0.955287
18-Jan-2025 14:37:24.830,-2.554613,8.532935,0.567426
18-Jan-2025 14:37:24.847,-2.468422,8.750807,0.3304
18-Jan-2025 14:37:24.862,-2.932897,9.828198,0.440533
18-Jan-2025 14:37:24.879,-2.32477,9.931149,-0.198719
18-Jan-2025 14:37:24.895,-1.802834,10.007763,-0.438139
18-Jan-2025 14:37:24.911,-1.623269,9.873688,-0.320823
18-Jan-2025 14:37:24.927,-1.683124,9.49301,-0.040701
18-Jan-2025 14:37:24.943,-1.786075,9.01417,0.100556
18-Jan-2025 14:37:24.959,-1.735796,8.652645,-0.014365
18-Jan-2025 14:37:24.975,-1.731008,8.566454,-0.198719
18-Jan-2025 14:37:24.990,-1.695095,8.688558,-0.387861
18-Jan-2025 14:37:25.007,-1.671153,8.904037,-0.519542
18-Jan-2025 14:37:25.023,-1.915361,9.279925,-0.292093
18-Jan-2025 14:37:25.039,-1.824382,9.694122,-0.105345
18-Jan-2025 14:37:25.056,-1.726219,10.079589,-0.497994
18-Jan-2025 14:37:25.072,-1.860295,10.213664,-0.464475
18-Jan-2025 14:37:25.088,-1.996764,10.117896,-0.411803
18-Jan-2025 14:37:25.104,-1.956063,9.911995,-0.833182
18-Jan-2025 14:37:25.120,-1.879448,9.627085,-1.125275
18-Jan-2025 14:37:25.136,-1.771709,9.399636,-1.103727
18-Jan-2025 14:37:25.152,-1.819593,9.186552,-0.727837
18-Jan-2025 14:37:25.168,-1.742979,8.990228,-0.316035
18-Jan-2025 14:37:25.184,-1.735796,9.193734,-0.399832
18-Jan-2025 14:37:25.200,-1.532289,9.445126,-0.474052
18-Jan-2025 14:37:25.216,-1.371878,9.92636,-0.758962
18-Jan-2025 14:37:25.232,-1.16837,10.338163,-0.701501
18-Jan-2025 14:37:25.248,-1.074997,10.544065,-0.538695
18-Jan-2025 14:37:25.264,-1.357512,10.591949,-0.861913
18-Jan-2025 14:37:25.281,-0.988805,10.400413,-0.849942
18-Jan-2025 14:37:25.297,-0.92895,10.299856,-0.385466
18-Jan-2025 14:37:25.313,-0.500388,10.235212,-0.694318
18-Jan-2025 14:37:25.329,-0.198719,10.304645,-0.332794
18-Jan-2025 14:37:25.345,-0.253785,10.644621,0.265756
18-Jan-2025 14:37:25.361,0.112527,10.663774,0.069432
18-Jan-2025 14:37:25.377,-0.21069,10.965444,-0.287304
18-Jan-2025 14:37:25.393,-0.047884,10.99178,0.158017
18-Jan-2025 14:37:25.409,-0.493206,10.453085,0.881066
18-Jan-2025 14:37:25.425,-0.043096,9.5385,0.861913
18-Jan-2025 14:37:25.441,0.208296,8.662222,0.373495
18-Jan-2025 14:37:25.457,0.418985,7.876924,0.019154
18-Jan-2025 14:37:25.473,0.433351,7.228095,0.148441
18-Jan-2025 14:37:25.489,0.129287,7.359776,0.339977
18-Jan-2025 14:37:25.506,-0.172383,8.180987,0.088585
18-Jan-2025 14:37:25.522,-0.790087,9.56723,-0.507571
18-Jan-2025 14:37:25.538,-0.418985,10.536881,-0.696713
18-Jan-2025 14:37:25.554,-0.423774,12.059594,-0.634463
18-Jan-2025 14:37:25.570,-0.70629,13.074736,-0.263362
18-Jan-2025 14:37:25.586,-1.455675,13.81215,-0.4956
18-Jan-2025 14:37:25.602,-0.802058,13.376405,-0.794875
18-Jan-2025 14:37:25.618,-0.445322,11.47062,-0.37589
18-Jan-2025 14:37:25.634,-0.440533,10.261548,-0.351948
18-Jan-2025 14:37:25.650,-0.442927,9.006987,-0.366313
18-Jan-2025 14:37:25.666,-0.462081,7.93199,-0.28491
18-Jan-2025 14:37:25.682,-0.620098,7.319075,-0.234632
18-Jan-2025 14:37:25.698,-1.029507,7.347805,-0.407014
18-Jan-2025 14:37:25.714,-1.165976,7.589619,-0.536301
18-Jan-2025 14:37:25.730,-1.089362,8.085219,-0.416591
18-Jan-2025 14:37:25.746,-1.06542,8.801085,-0.292093
18-Jan-2025 14:37:25.763,-0.861913,9.469068,-0.169988
18-Jan-2025 14:37:25.779,-0.588974,10.038888,-0.141258
18-Jan-2025 14:37:25.795,-0.148441,10.393229,-0.148441
18-Jan-2025 14:37:25.811,-0.016759,10.623073,0.016759
18-Jan-2025 14:37:25.827,-0.057461,10.953473,0.296881
18-Jan-2025 14:37:25.843,0.014365,11.135432,-0.241814
18-Jan-2025 14:37:25.859,-0.215478,11.168951,-0.349553
18-Jan-2025 14:37:25.875,-0.636858,11.15698,-0.282516
18-Jan-2025 14:37:25.891,-1.041478,11.015722,-0.658405
18-Jan-2025 14:37:25.907,-1.074997,10.955867,-0.837971
18-Jan-2025 14:37:25.923,-1.053449,10.864887,-0.718261
18-Jan-2025 14:37:25.939,-1.225831,10.802638,-0.414197
18-Jan-2025 14:37:25.955,-1.731008,11.018116,0.081403
18-Jan-2025 14:37:25.972,-2.037466,11.427525,-0.105345
18-Jan-2025 14:37:25.987,-1.984793,11.63582,-0.861913
18-Jan-2025 14:37:26.004,-1.513135,11.432313,-0.418985
18-Jan-2025 14:37:26.020,-1.326388,10.699687,0.960075
18-Jan-2025 14:37:26.036,-1.431733,9.653421,1.577779
18-Jan-2025 14:37:26.052,-1.776498,8.544906,1.130063
18-Jan-2025 14:37:26.068,-1.884237,7.632715,0.718261
18-Jan-2025 14:37:26.084,-1.656788,7.175423,1.046266
18-Jan-2025 14:37:26.100,-1.94888,6.80911,1.467646
18-Jan-2025 14:37:26.116,-2.334347,6.505046,1.963245
18-Jan-2025 14:37:26.132,-2.839523,6.651093,2.011129
18-Jan-2025 14:37:26.148,-2.959233,6.775591,1.687912
18-Jan-2025 14:37:26.164,-2.463634,7.711724,1.326388
18-Jan-2025 14:37:26.180,-2.229002,9.0429,1.060631
18-Jan-2025 14:37:26.197,-2.413355,10.445902,0.940921
18-Jan-2025 14:37:26.212,-2.813187,11.659762,1.11091
18-Jan-2025 14:37:26.229,-2.949656,12.248735,1.290475
18-Jan-2025 14:37:26.245,-3.359065,12.37084,1.407791
18-Jan-2025 14:37:26.261,-3.086126,11.413159,1.661576
18-Jan-2025 14:37:26.277,-2.863465,10.400413,1.604115
18-Jan-2025 14:37:26.293,-2.853889,9.708488,1.467646
18-Jan-2025 14:37:26.309,-3.169923,9.655815,1.446098
18-Jan-2025 14:37:26.325,-3.442862,9.813833,1.496376
18-Jan-2025 14:37:26.341,-3.574543,9.923966,1.414973
18-Jan-2025 14:37:26.357,-3.572149,9.856929,1.268927
18-Jan-2025 14:37:26.373,-3.251326,9.449914,0.969652
18-Jan-2025 14:37:26.389,-2.94008,9.011775,0.914585
18-Jan-2025 14:37:26.405,-2.947262,8.829816,1.029507
18-Jan-2025 14:37:26.422,-2.920926,8.681376,0.976834
18-Jan-2025 14:37:26.438,-2.887407,8.702923,0.933739
18-Jan-2025 14:37:26.454,-3.050213,8.762778,1.060631
18-Jan-2025 14:37:26.470,-3.155558,8.863335,0.919373
18-Jan-2025 14:37:26.486,-3.157952,9.038112,0.620098
18-Jan-2025 14:37:26.502,-3.155558,9.227253,0.536301
18-Jan-2025 14:37:26.518,-2.964022,9.490616,0.632069
18-Jan-2025 14:37:26.534,-2.808398,9.622296,0.624887
18-Jan-2025 14:37:26.550,-2.664747,9.780313,0.533907
18-Jan-2025 14:37:26.566,-2.568978,10.0341,0.531513
18-Jan-2025 14:37:26.582,-2.600103,10.326192,0.416591
18-Jan-2025 14:37:26.598,-2.693477,10.314221,0.136469
18-Jan-2025 14:37:26.614,-2.674323,10.077195,-0.129287
18-Jan-2025 14:37:26.631,-2.667141,9.61272,0.023942
18-Jan-2025 14:37:26.647,-2.559402,9.208099,-0.009577
18-Jan-2025 14:37:26.663,-2.418144,9.052477,-0.280122
18-Jan-2025 14:37:26.679,-2.367866,9.196129,-0.052672
18-Jan-2025 14:37:26.695,-2.418144,9.409213,0.409408
18-Jan-2025 14:37:26.711,-2.236184,9.76116,0.169988
18-Jan-2025 14:37:26.727,-1.774103,10.0341,-0.217872
18-Jan-2025 14:37:26.743,-1.130063,10.357317,-0.268151
18-Jan-2025 14:37:26.759,-0.466869,10.524911,0.047884
18-Jan-2025 14:37:26.775,-0.208296,10.441113,0.648829
18-Jan-2025 14:37:26.791,0.28491,10.496181,1.034295
18-Jan-2025 14:37:26.807,0.723049,10.54167,0.802058
18-Jan-2025 14:37:26.823,1.240196,10.70687,0.596156
18-Jan-2025 14:37:26.839,1.599327,10.716447,0.864307
18-Jan-2025 14:37:26.856,1.285686,10.436325,1.067814
18-Jan-2025 14:37:26.871,1.218649,10.053253,0.933739
18-Jan-2025 14:37:26.888,1.199495,9.722853,0.679953
18-Jan-2025 14:37:26.904,1.374272,9.615114,0.232238
18-Jan-2025 14:37:26.920,1.434127,10.005369,-0.509965
18-Jan-2025 14:37:26.936,1.187524,10.668563,-0.629675
18-Jan-2025 14:37:26.952,0.80924,11.192893,-0.3304
18-Jan-2025 14:37:26.968,0.526724,11.267113,-0.095768
18-Jan-2025 14:37:26.984,0.474052,10.919954,0.129287
18-Jan-2025 14:37:27.000,0.866701,10.163386,-0.141258
18-Jan-2025 14:37:27.016,1.144428,9.483433,-0.174777
18-Jan-2025 14:37:27.032,1.331176,8.882488,-0.112527
18-Jan-2025 14:37:27.048,1.656788,8.327033,-0.251391
18-Jan-2025 14:37:27.064,1.778892,8.010999,-0.287304
18-Jan-2025 14:37:27.080,1.651999,8.003817,-0.229843
18-Jan-2025 14:37:27.096,1.388637,8.477868,-0.201113
18-Jan-2025 14:37:27.112,1.077391,9.11712,-0.440533
18-Jan-2025 14:37:27.129,0.869095,9.65821,-0.667982
18-Jan-2025 14:37:27.145,0.921768,10.036493,-0.708684
18-Jan-2025 14:37:27.161,0.94571,10.216059,-0.548272
18-Jan-2025 14:37:27.177,1.18513,10.374076,-0.280122
18-Jan-2025 14:37:27.193,1.450886,10.426748,-0.146046
18-Jan-2025 14:37:27.209,1.601721,10.187328,-0.368707
18-Jan-2025 14:37:27.225,1.666364,9.969456,-0.703895
18-Jan-2025 14:37:27.241,1.45328,9.907207,-0.737414
18-Jan-2025 14:37:27.257,1.125275,9.880871,-0.742203
18-Jan-2025 14:37:27.273,0.948104,9.667787,-0.888249
18-Jan-2025 14:37:27.289,0.878672,9.390059,-0.909797
18-Jan-2025 14:37:27.305,0.981623,9.131485,-0.859518
18-Jan-2025 14:37:27.321,1.158794,9.002198,-0.737414
18-Jan-2025 14:37:27.337,1.314417,8.851364,-0.579397
18-Jan-2025 14:37:27.353,1.462857,8.798691,-0.536301
18-Jan-2025 14:37:27.370,1.587356,8.89446,-0.624887
18-Jan-2025 14:37:27.385,1.752556,9.083601,-0.667982
18-Jan-2025 14:37:27.402,1.692701,9.351752,-0.641646
18-Jan-2025 14:37:27.418,1.640028,9.557653,-0.653617
18-Jan-2025 14:37:27.434,1.508347,9.780313,-0.68953
18-Jan-2025 14:37:27.450,1.747767,10.101137,-0.651223
18-Jan-2025 14:37:27.466,1.99437,10.596737,-0.490811
18-Jan-2025 14:37:27.482,1.61848,10.931925,-0.785298
18-Jan-2025 14:37:27.498,1.443704,11.317391,-0.701501
18-Jan-2025 14:37:27.514,1.328782,11.633426,-1.113304
18-Jan-2025 14:37:27.530,1.015141,11.743559,-1.467646
18-Jan-2025 14:37:27.546,0.641646,11.767501,-1.37906
18-Jan-2025 14:37:27.562,-0.023942,11.906365,-0.799663
18-Jan-2025 14:37:27.579,-0.591368,12.162544,-1.108515
18-Jan-2025 14:37:27.595,-1.118092,12.212823,-1.534683
18-Jan-2025 14:37:27.611,-1.338359,12.152967,-0.905008
18-Jan-2025 14:37:27.627,-0.399832,12.528857,0.222661
18-Jan-2025 14:37:27.643,-0.430956,12.289437,0.684742
18-Jan-2025 14:37:27.658,-0.634463,11.619061,0.481235
18-Jan-2025 14:37:27.675,-0.45011,10.699687,0.428562
18-Jan-2025 14:37:27.691,-0.311246,9.610326,0.591368
18-Jan-2025 14:37:27.707,-0.481235,8.566454,0.555455
18-Jan-2025 14:37:27.723,-0.737414,7.66384,0.433351
18-Jan-2025 14:37:27.739,-1.060631,6.907272,0.64404
18-Jan-2025 14:37:27.755,-1.580173,6.569689,1.189918
18-Jan-2025 14:37:27.771,-2.094927,7.041347,1.074997
18-Jan-2025 14:37:27.787,-2.765303,8.106767,0.538695
18-Jan-2025 14:37:27.803,-2.676718,8.925584,0.349553
18-Jan-2025 14:37:27.820,-1.687912,9.651027,0.232238
18-Jan-2025 14:37:27.835,-1.35033,10.170568,-0.158017
18-Jan-2025 14:37:27.852,-1.450886,10.469844,-0.265756
18-Jan-2025 14:37:27.868,-2.049437,10.615891,-0.251391
18-Jan-2025 14:37:27.884,-2.030283,10.340557,-0.397437
18-Jan-2025 14:37:27.900,-1.558625,9.940725,-0.474052
18-Jan-2025 14:37:27.916,-1.256956,9.469068,-0.519542
18-Jan-2025 14:37:27.932,-1.218649,9.114726,-0.457293
18-Jan-2025 14:37:27.948,-1.458069,8.844181,-0.31364
18-Jan-2025 14:37:27.964,-1.692701,8.734048,-0.100556
18-Jan-2025 14:37:27.979,-1.625663,8.669404,-0.129287
18-Jan-2025 14:37:27.996,-1.625663,8.90643,-0.318429
18-Jan-2025 14:37:28.012,-1.731008,9.174581,-0.61531
18-Jan-2025 14:37:28.028,-1.620875,9.409213,-0.876278
18-Jan-2025 14:37:28.045,-1.584962,9.509769,-0.957681
18-Jan-2025 14:37:28.060,-1.563414,9.490616,-0.957681
18-Jan-2025 14:37:28.077,-1.460463,9.509769,-0.859518
18-Jan-2025 14:37:28.093,-1.314417,9.437943,-0.794875
18-Jan-2025 14:37:28.109,-1.221043,9.303867,-0.909797
18-Jan-2025 14:37:28.125,-1.419762,9.349358,-1.11091
18-Jan-2025 14:37:28.141,-1.477222,9.337387,-1.189918
18-Jan-2025 14:37:28.157,-1.513135,9.411607,-0.727837
18-Jan-2025 14:37:28.173,-1.534683,9.600749,-0.055067
18-Jan-2025 14:37:28.189,-1.015141,9.751583,-0.131681
18-Jan-2025 14:37:28.205,-0.749385,9.921572,-0.577003
18-Jan-2025 14:37:28.221,-0.428562,10.326192,-0.92895
18-Jan-2025 14:37:28.237,-0.146046,10.965444,-0.94571
18-Jan-2025 14:37:28.253,-0.725443,11.348516,-0.713472
18-Jan-2025 14:37:28.269,-1.106121,11.532869,-0.141258
18-Jan-2025 14:37:28.286,-0.849942,11.499351,-0.826
18-Jan-2025 14:37:28.302,-0.914585,11.401189,-1.721431
18-Jan-2025 14:37:28.318,-0.876278,11.149797,-1.374272
18-Jan-2025 14:37:28.334,-0.85473,10.970232,-0.380678
18-Jan-2025 14:37:28.350,-0.708684,11.195287,-0.347159
18-Jan-2025 14:37:28.366,-0.828394,11.118672,-0.335188
18-Jan-2025 14:37:28.382,1.012747,11.489774,-0.225055
18-Jan-2025 14:37:28.398,1.953669,11.221623,0.543484
18-Jan-2025 14:37:28.414,1.146823,10.189722,1.089362
18-Jan-2025 14:37:28.430,0.890643,8.822633,0.895431
18-Jan-2025 14:37:28.446,0.948104,7.603985,0.876278
18-Jan-2025 14:37:28.462,0.962469,6.679823,1.072602
18-Jan-2025 14:37:28.478,1.331176,6.330269,0.663194
18-Jan-2025 14:37:28.495,1.386243,6.775591,-0.258574
18-Jan-2025 14:37:28.511,1.314417,7.750031,-0.560243
18-Jan-2025 14:37:28.527,1.072602,9.167398,-0.459687
18-Jan-2025 14:37:28.543,0.483629,10.955867,-0.909797
18-Jan-2025 14:37:28.559,-0.387861,11.959038,-0.397437
18-Jan-2025 14:37:28.575,0.299275,11.678916,0.596156
18-Jan-2025 14:37:28.591,-0.835576,12.361263,0.002394
18-Jan-2025 14:37:28.607,-0.232238,12.492945,-1.194707
18-Jan-2025 14:37:28.623,0.713472,10.642226,-0.773327
18-Jan-2025 14:37:28.639,0.864307,9.557653,-0.821211
18-Jan-2025 14:37:28.655,1.00317,8.576031,-1.091756
18-Jan-2025 14:37:28.671,1.170765,7.759608,-0.794875
18-Jan-2025 14:37:28.687,0.76375,7.649475,-0.4956
18-Jan-2025 14:37:28.703,0.191536,7.860164,-0.696713
18-Jan-2025 14:37:28.719,0.007183,8.401254,-1.039083
18-Jan-2025 14:37:28.736,-0.196325,9.064447,-1.192312
18-Jan-2025 14:37:28.752,-0.387861,9.586384,-0.967257
18-Jan-2025 14:37:28.767,-0.203507,10.002975,-0.998382
18-Jan-2025 14:37:28.784,0.158017,10.199299,-1.211466
18-Jan-2025 14:37:28.800,0.54109,10.175357,-1.242591
18-Jan-2025 14:37:28.816,0.708684,10.048465,-1.146823
18-Jan-2025 14:37:28.832,0.720655,9.931149,-1.352724
18-Jan-2025 14:37:28.848,0.629675,9.861717,-1.400608
18-Jan-2025 14:37:28.864,0.208296,9.809045,-1.218649
18-Jan-2025 14:37:28.880,-0.198719,9.923966,-1.197101
18-Jan-2025 14:37:28.896,-0.416591,10.029311,-1.436521
18-Jan-2025 14:37:28.912,-0.445322,10.156203,-1.587356
18-Jan-2025 14:37:28.928,-0.47884,10.287885,-1.568202
18-Jan-2025 14:37:28.944,-0.603339,10.594342,-1.537078
18-Jan-2025 14:37:28.960,-0.471658,10.79785,-1.623269
18-Jan-2025 14:37:28.977,-0.148441,10.862494,-1.642422
18-Jan-2025 14:37:28.993,0.019154,10.82658,-1.553837
18-Jan-2025 14:37:29.009,-0.112527,10.714052,-1.462857
18-Jan-2025 14:37:29.025,-0.186748,10.529699,-1.388637
18-Jan-2025 14:37:29.041,-0.342371,10.407595,-1.371878
18-Jan-2025 14:37:29.057,-1.127669,10.563218,-0.723049
18-Jan-2025 14:37:29.073,-1.49877,11.331757,-0.31364
18-Jan-2025 14:37:29.089,-1.632846,11.820174,-1.376666
18-Jan-2025 14:37:29.105,-1.25935,11.748347,-1.522712
18-Jan-2025 14:37:29.121,-1.221043,11.722012,0.213084
18-Jan-2025 14:37:29.137,-1.312023,11.343728,2.080561
18-Jan-2025 14:37:29.153,-1.731008,10.623073,2.463634
18-Jan-2025 14:37:29.169,-2.133234,9.746795,1.45328
18-Jan-2025 14:37:29.186,-2.379837,8.990228,1.074997
18-Jan-2025 14:37:29.201,-2.104503,7.402872,1.695095
18-Jan-2025 14:37:29.218,-2.118869,7.314286,2.094927
18-Jan-2025 14:37:29.234,-2.109292,8.511387,1.54426
18-Jan-2025 14:37:29.250,-0.758962,8.750807,0.502782
18-Jan-2025 14:37:29.266,-0.143652,8.755595,-0.354342
18-Jan-2025 14:37:29.282,-0.988805,9.974244,-0.009577
18-Jan-2025 14:37:29.298,-1.374272,10.831368,0.543484
18-Jan-2025 14:37:29.314,-1.367089,11.197681,0.610521
18-Jan-2025 14:37:29.330,-1.247379,10.620679,0.45011
18-Jan-2025 14:37:29.346,-0.782904,10.146626,-0.150835
18-Jan-2025 14:37:29.362,-0.220267,9.909601,-0.620098
18-Jan-2025 14:37:29.378,-0.253785,9.928755,-0.725443
18-Jan-2025 14:37:29.394,-0.124498,9.303867,-0.42138
18-Jan-2025 14:37:29.410,-0.600945,9.112331,-0.383072
18-Jan-2025 14:37:29.427,-1.218649,9.069236,-0.557849
18-Jan-2025 14:37:29.443,-1.218649,9.040505,-0.78051
18-Jan-2025 14:37:29.459,-1.283292,9.07163,-0.976834
18-Jan-2025 14:37:29.475,-1.290475,9.090784,-1.04866
18-Jan-2025 14:37:29.491,-1.063026,9.289502,-0.972046
18-Jan-2025 14:37:29.507,-1.043872,9.595961,-1.079785
18-Jan-2025 14:37:29.523,-0.804452,9.739613,-1.082179
18-Jan-2025 14:37:29.539,-1.192312,10.070012,-1.007959
18-Jan-2025 14:37:29.555,-1.084573,10.196905,-0.92895
18-Jan-2025 14:37:29.571,-0.979228,10.307038,-0.826
18-Jan-2025 14:37:29.587,-0.773327,10.249578,-1.09415
18-Jan-2025 14:37:29.603,-0.402226,10.556035,-1.352724
18-Jan-2025 14:37:29.619,-0.37589,10.929531,-1.108515
18-Jan-2025 14:37:29.635,-0.225055,10.85531,-0.742203
18-Jan-2025 14:37:29.651,-0.179565,10.390836,-0.469264
18-Jan-2025 14:37:29.668,0.323217,10.168175,-0.481235
18-Jan-2025 14:37:29.683,0.794875,9.562442,-0.493206
18-Jan-2025 14:37:29.700,1.587356,9.006987,-0.454898
18-Jan-2025 14:37:29.716,2.08535,8.520964,-0.457293
18-Jan-2025 14:37:29.732,2.27928,7.82904,-0.792481
18-Jan-2025 14:37:29.748,2.214637,8.219295,-0.837971
18-Jan-2025 14:37:29.764,0.92895,9.677363,-0.94571
18-Jan-2025 14:37:29.780,0.35913,10.891224,-0.97444
18-Jan-2025 14:37:29.796,0.782904,11.499351,-0.981623
18-Jan-2025 14:37:29.812,1.177947,12.066776,-0.129287
18-Jan-2025 14:37:29.828,0.952892,12.263102,1.376666
18-Jan-2025 14:37:29.844,0.383072,11.719617,1.987187
18-Jan-2025 14:37:29.860,0.878672,10.146626,1.388637
18-Jan-2025 14:37:29.876,0.914585,8.580819,0.555455
18-Jan-2025 14:37:29.892,0.802058,7.33344,0.241814
18-Jan-2025 14:37:29.908,0.70629,6.481104,0.019154
18-Jan-2025 14:37:29.925,1.426944,6.220136,-0.289698
18-Jan-2025 14:37:29.941,1.582567,7.086837,-0.316035
18-Jan-2025 14:37:29.957,1.572991,8.556877,-0.45011
18-Jan-2025 14:37:29.973,1.280898,10.115502,-0.861913
18-Jan-2025 14:37:29.989,1.939303,11.180922,-0.725443
18-Jan-2025 14:37:30.005,1.61848,11.731588,0.42138
18-Jan-2025 14:37:30.021,-0.026336,11.774684,0.859518
18-Jan-2025 14:37:30.037,-1.285686,11.975797,0.069432
18-Jan-2025 14:37:30.053,-1.975216,12.480973,-1.520318
18-Jan-2025 14:37:30.069,-1.338359,11.212047,-1.843535
18-Jan-2025 14:37:30.085,-0.627281,9.73243,-1.412579
18-Jan-2025 14:37:30.101,-0.189142,8.590396,-1.134852
18-Jan-2025 14:37:30.117,0.093374,7.682993,-0.969652
18-Jan-2025 14:37:30.133,0.428562,7.429208,-0.835576
18-Jan-2025 14:37:30.149,0.799663,7.584831,-1.125275
18-Jan-2025 14:37:30.165,0.600945,8.073248,-1.374272
18-Jan-2025 14:37:30.182,0.126893,8.676587,-1.403002
18-Jan-2025 14:37:30.198,-0.134075,9.109938,-1.127669
18-Jan-2025 14:37:30.214,-0.407014,9.536105,-0.787692
18-Jan-2025 14:37:30.230,-0.347159,9.864111,-0.694318
18-Jan-2025 14:37:30.246,-0.043096,10.144233,-0.878672
18-Jan-2025 14:37:30.262,0.172383,10.515334,-1.187524
18-Jan-2025 14:37:30.278,0.215478,10.649409,-1.240196
18-Jan-2025 14:37:30.294,0.031125,10.807426,-1.194707
18-Jan-2025 14:37:30.310,-0.363919,11.003751,-1.16837
18-Jan-2025 14:37:30.326,-0.562637,11.154586,-1.410185
18-Jan-2025 14:37:30.342,-0.567426,11.219229,-1.838747
18-Jan-2025 14:37:30.358,-1.63524,11.597513,-1.338359
18-Jan-2025 14:37:30.375,-2.669535,11.892,-0.062249
18-Jan-2025 14:37:30.391,-2.475605,12.004527,0.026336
18-Jan-2025 14:37:30.407,-2.384625,11.992557,-1.501164
18-Jan-2025 14:37:30.423,-0.519542,11.623849,-1.529895
18-Jan-2025 14:37:30.439,0.361524,12.339716,0.593762
18-Jan-2025 14:37:30.455,-0.687136,12.514492,1.707066
18-Jan-2025 14:37:30.471,-2.25055,11.554418,0.711078
18-Jan-2025 14:37:30.487,-2.53546,10.488997,-0.217872
18-Jan-2025 14:37:30.503,-2.185906,9.294291,0.071826
18-Jan-2025 14:37:30.519,-1.788469,7.896077,0.967257
18-Jan-2025 14:37:30.535,-2.018312,6.943185,1.766921
18-Jan-2025 14:37:30.551,-2.236184,6.351817,2.027889
18-Jan-2025 14:37:30.567,-1.493982,6.569689,1.235408
18-Jan-2025 14:37:30.583,-0.972046,7.668628,0.275333
18-Jan-2025 14:37:30.599,-1.142034,9.028535,-0.277727
18-Jan-2025 14:37:30.616,-1.613692,10.326192,-0.593762
18-Jan-2025 14:37:30.632,-2.011129,10.994174,-0.54109
18-Jan-2025 14:37:30.647,-2.466028,11.159374,-0.062249
18-Jan-2025 14:37:30.664,-3.035848,11.130644,-0.083797
18-Jan-2025 14:37:30.680,-2.382231,10.216059,-0.213084
18-Jan-2025 14:37:30.696,-1.927332,9.40203,-0.371101
18-Jan-2025 14:37:30.712,-1.362301,8.485051,-0.672771
18-Jan-2025 14:37:30.728,-1.127669,7.860164,-1.027112
18-Jan-2025 14:37:30.744,-1.029507,7.706935,-1.137246
18-Jan-2025 14:37:30.760,-1.266533,8.197746,-0.969652
18-Jan-2025 14:37:30.776,-1.510741,8.89446,-0.775721
18-Jan-2025 14:37:30.792,-1.771709,9.586384,-0.588974
18-Jan-2025 14:37:30.808,-1.836353,9.919178,-0.25618
18-Jan-2025 14:37:30.823,-2.229002,10.771513,-0.502782
18-Jan-2025 14:37:30.840,-1.838747,10.840945,-0.914585
18-Jan-2025 14:37:30.856,-1.731008,10.213664,-0.658405
18-Jan-2025 14:37:30.872,-1.695095,9.725247,-0.169988
18-Jan-2025 14:37:30.888,-1.513135,9.31105,-0.232238
18-Jan-2025 14:37:30.905,-1.288081,9.126697,-0.471658
18-Jan-2025 14:37:30.921,-0.840365,9.114726,-0.411803
18-Jan-2025 14:37:30.937,-1.460463,9.337387,-0.471658
18-Jan-2025 14:37:30.953,-1.821988,9.73243,-0.70629
18-Jan-2025 14:37:30.968,-1.731008,10.163386,-1.074997
18-Jan-2025 14:37:30.985,-1.347936,10.266336,-0.926556
18-Jan-2025 14:37:31.001,-1.103727,10.603919,-0.610521
18-Jan-2025 14:37:31.017,-0.720655,10.960655,-0.940921
18-Jan-2025 14:37:31.033,-0.270545,11.020511,-0.476446
18-Jan-2025 14:37:31.049,-0.124498,11.33894,0.062249
18-Jan-2025 14:37:31.065,0.720655,11.425131,-0.361524
18-Jan-2025 14:37:31.081,1.367089,10.881647,0.217872
18-Jan-2025 14:37:31.098,1.388637,10.323798,1.462857
18-Jan-2025 14:37:31.114,1.051055,9.624691,1.37906
18-Jan-2025 14:37:31.130,0.500388,9.181764,0.076614
18-Jan-2025 14:37:31.146,0.409408,8.662222,-0.658405
18-Jan-2025 14:37:31.162,0.612916,8.355764,-0.009577
18-Jan-2025 14:37:31.178,0.797269,8.188169,0.47884
18-Jan-2025 14:37:31.194,1.036689,8.659827,0.335188
18-Jan-2025 14:37:31.210,0.648829,9.457097,-0.435745
18-Jan-2025 14:37:31.226,-0.368707,11.18571,-0.943315
18-Jan-2025 14:37:31.242,-0.399832,11.379641,-1.742979
18-Jan-2025 14:37:31.258,-0.052672,11.5616,-1.089362
18-Jan-2025 14:37:31.274,-1.161188,12.344504,-0.237026
18-Jan-2025 14:37:31.290,-1.520318,11.860875,-0.531513
18-Jan-2025 14:37:31.307,-0.507571,10.345345,-0.325611
18-Jan-2025 14:37:31.322,0.047884,9.440337,-0.081403
18-Jan-2025 14:37:31.338,0.916979,8.669404,-0.462081
18-Jan-2025 14:37:31.354,0.907402,7.726089,-0.653617
18-Jan-2025 14:37:31.371,1.04866,7.173028,-0.380678
18-Jan-2025 14:37:31.387,0.936133,7.426814,0.169988
18-Jan-2025 14:37:31.403,0.56982,8.267179,0.299275
18-Jan-2025 14:37:31.419,-0.248997,9.107543,-0.160412
18-Jan-2025 14:37:31.435,-1.125275,10.058042,-0.92895
18-Jan-2025 14:37:31.451,-1.441309,10.7356,-0.584185
18-Jan-2025 14:37:31.467,-1.024718,11.235989,-0.033519
18-Jan-2025 14:37:31.483,-0.500388,11.216835,0.177171
18-Jan-2025 14:37:31.499,-0.162806,11.255142,0.043096
18-Jan-2025 14:37:31.515,0.469264,10.615891,0.055067
18-Jan-2025 14:37:31.531,0.31364,10.484209,1.675941
18-Jan-2025 14:37:31.548,-0.009577,10.867282,0.548272
18-Jan-2025 14:37:31.564,1.058237,10.350134,-2.377442
18-Jan-2025 14:37:31.579,0.600945,10.108319,-0.916979
18-Jan-2025 14:37:31.595,0.500388,10.149021,0.320823
18-Jan-2025 14:37:31.612,-0.1652,10.723629,0.002394
18-Jan-2025 14:37:31.628,-0.502782,10.788273,-1.529895
18-Jan-2025 14:37:31.644,-0.933739,10.953473,-0.960075
18-Jan-2025 14:37:31.660,-1.33357,11.358093,-1.80044
18-Jan-2025 14:37:31.676,-1.568202,11.410766,-0.895431
18-Jan-2025 14:37:31.692,-1.683124,11.496957,0.153229
18-Jan-2025 14:37:31.708,-2.030283,10.551247,0.411803
18-Jan-2025 14:37:31.724,-1.742979,9.591172,0.148441
18-Jan-2025 14:37:31.740,-2.284068,8.497022,-0.093374
18-Jan-2025 14:37:31.756,-2.30801,7.637504,-0.038307
18-Jan-2025 14:37:31.772,-1.278504,7.501034,0.445322
18-Jan-2025 14:37:31.788,-2.394202,7.292738,1.802834
18-Jan-2025 14:37:31.804,-2.41575,7.161057,2.722207
18-Jan-2025 14:37:31.820,-2.169147,7.070077,2.420538
18-Jan-2025 14:37:31.836,-1.908179,7.790732,1.503559
18-Jan-2025 14:37:31.852,-2.317587,9.502586,0.804452
18-Jan-2025 14:37:31.869,-2.394202,10.453085,0.385466
18-Jan-2025 14:37:31.885,-2.296039,10.879252,0.620098
18-Jan-2025 14:37:31.901,-3.081338,10.819398,1.283292
18-Jan-2025 14:37:31.917,-2.624045,11.003751,0.742203
18-Jan-2025 14:37:31.933,-3.138798,11.190498,0.665588
18-Jan-2025 14:37:31.949,-3.002329,10.381259,0.553061
18-Jan-2025 14:37:31.965,-1.412579,9.955091,0.567426
18-Jan-2025 14:37:31.981,-2.11408,9.394848,0.895431
18-Jan-2025 14:37:31.997,-1.644817,9.270349,-0.493206
18-Jan-2025 14:37:32.013,-2.410961,9.536105,-0.371101
18-Jan-2025 14:37:32.029,-1.623269,10.180145,0.320823
18-Jan-2025 14:37:32.045,-1.939303,9.866506,-0.526724
18-Jan-2025 14:37:32.061,-1.613692,9.799467,-0.04549
18-Jan-2025 14:37:32.077,-1.149217,9.830592,-0.150835
18-Jan-2025 14:37:32.093,-1.417367,9.89763,-0.751779
18-Jan-2025 14:37:32.110,-2.066196,10.026917,-1.465251
18-Jan-2025 14:37:32.126,-0.993594,9.368511,-0.691924
18-Jan-2025 14:37:32.142,-0.574608,9.176975,-0.562637
18-Jan-2025 14:37:32.158,-1.292869,9.038112,-1.053449
18-Jan-2025 14:37:32.174,-1.640028,8.74123,-1.493982
18-Jan-2025 14:37:32.190,-1.426944,8.887277,-1.326388
18-Jan-2025 14:37:32.206,-1.369483,9.41879,-1.400608
18-Jan-2025 14:37:32.222,-1.323994,9.904813,-1.450886
18-Jan-2025 14:37:32.238,-1.151611,10.381259,-1.221043
18-Jan-2025 14:37:32.254,-1.163582,10.67814,-1.273715
18-Jan-2025 14:37:32.270,-1.400608,10.697293,-1.532289
18-Jan-2025 14:37:32.286,-1.771709,10.275913,-1.37906
18-Jan-2025 14:37:32.302,-1.769315,9.746795,-0.972046
18-Jan-2025 14:37:32.319,-1.596933,9.26556,-0.888249
18-Jan-2025 14:37:32.335,-1.946486,8.985439,-1.338359
18-Jan-2025 14:37:32.351,-1.824382,8.839393,-1.551443
18-Jan-2025 14:37:32.367,-1.532289,8.688558,-1.489193
18-Jan-2025 14:37:32.383,-1.565808,8.911219,-0.811634
18-Jan-2025 14:37:32.399,-1.223437,9.528923,-1.01993
18-Jan-2025 14:37:32.415,-0.713472,10.426748,-1.836353
18-Jan-2025 14:37:32.431,-0.28491,11.080365,-1.786075
18-Jan-2025 14:37:32.447,0.548272,10.989386,-0.773327
18-Jan-2025 14:37:32.463,0.811634,10.441113,-0.138864
18-Jan-2025 14:37:32.479,0.857124,9.876082,-0.167594
18-Jan-2025 14:37:32.495,0.895431,9.469068,-0.42138
18-Jan-2025 14:37:32.511,1.314417,9.406818,-0.596156
18-Jan-2025 14:37:32.527,2.03986,9.636662,-0.73502
18-Jan-2025 14:37:32.543,2.372654,10.345345,-1.326388
18-Jan-2025 14:37:32.559,2.056619,11.255142,-1.651999
18-Jan-2025 14:37:32.575,1.403002,11.803414,-1.838747
18-Jan-2025 14:37:32.592,1.01993,11.99495,-1.513135
18-Jan-2025 14:37:32.608,0.337582,11.391612,-1.127669
18-Jan-2025 14:37:32.624,0.189142,11.283873,-1.374272
18-Jan-2025 14:37:32.640,0.158017,10.419566,-1.553837
18-Jan-2025 14:37:32.656,0.339977,9.560047,-1.252167
18-Jan-2025 14:37:32.672,0.806846,8.875306,-1.189918
18-Jan-2025 14:37:32.688,1.108515,8.535329,-1.125275
18-Jan-2025 14:37:32.704,1.103727,8.324639,-0.97444
18-Jan-2025 14:37:32.720,0.885855,8.094796,-0.957681
18-Jan-2025 14:37:32.736,0.950498,8.027759,-0.395043
18-Jan-2025 14:37:32.752,1.292869,7.874529,-0.430956
18-Jan-2025 14:37:32.768,1.347936,8.061277,-0.78051
18-Jan-2025 14:37:32.784,1.393425,8.317456,-1.388637
18-Jan-2025 14:37:32.800,1.508347,8.702923,-1.297657
18-Jan-2025 14:37:32.816,1.443704,9.306262,-1.359907
18-Jan-2025 14:37:32.833,1.058237,9.947908,-1.649605
18-Jan-2025 14:37:32.849,0.981623,10.417171,-1.623269
18-Jan-2025 14:37:32.865,0.960075,10.730812,-1.630451
18-Jan-2025 14:37:32.881,0.811634,10.754754,-1.637634
18-Jan-2025 14:37:32.897,0.684742,10.374076,-1.750161
18-Jan-2025 14:37:32.913,0.356736,10.108319,-1.908179
18-Jan-2025 14:37:32.929,0.23942,9.799467,-1.714248
18-Jan-2025 14:37:32.945,0.31364,9.600749,-1.448492
18-Jan-2025 14:37:32.961,0.452504,9.526528,-1.386243
18-Jan-2025 14:37:32.977,0.42138,9.605537,-1.381454
18-Jan-2025 14:37:32.993,0.383072,9.77792,-1.343147
18-Jan-2025 14:37:33.009,0.270545,10.223241,-1.292869
18-Jan-2025 14:37:33.025,0.1652,10.685322,-1.376666
18-Jan-2025 14:37:33.041,0.143652,11.044453,-1.316811
18-Jan-2025 14:37:33.058,0.342371,11.899182,-1.125275
18-Jan-2025 14:37:33.074,0.086191,13.261483,-1.553837
18-Jan-2025 14:37:33.089,-0.916979,13.790602,-1.441309
18-Jan-2025 14:37:33.106,-1.256956,13.359646,-0.241814
18-Jan-2025 14:37:33.122,-1.331176,13.165715,0.232238
18-Jan-2025 14:37:33.138,-2.269703,12.129025,0.61531
18-Jan-2025 14:37:33.154,-2.437297,10.82658,1.371878
18-Jan-2025 14:37:33.170,-1.668759,9.883265,1.338359
18-Jan-2025 14:37:33.186,-0.782904,8.583213,1.089362
18-Jan-2025 14:37:33.202,-0.761356,7.141904,1.029507
18-Jan-2025 14:37:33.218,-0.790087,6.861782,1.039083
18-Jan-2025 14:37:33.234,-1.900996,6.212954,0.536301
18-Jan-2025 14:37:33.250,-2.183512,6.605602,0.751779
18-Jan-2025 14:37:33.266,-1.960851,7.730877,0.6608
18-Jan-2025 14:37:33.282,-1.256956,9.378088,0.658405
18-Jan-2025 14:37:33.298,-0.31364,10.637438,0.19393
18-Jan-2025 14:37:33.315,0.447716,11.733982,0.234632
18-Jan-2025 14:37:33.331,-0.663194,11.166556,0.033519
18-Jan-2025 14:37:33.346,0.201113,11.446678,-0.150835
18-Jan-2025 14:37:33.363,-0.248997,10.613496,-0.529119
18-Jan-2025 14:37:33.379,-0.179565,9.49301,-0.287304
18-Jan-2025 14:37:33.395,-0.35913,8.695741,-0.289698
18-Jan-2025 14:37:33.411,-0.624887,8.377312,-0.457293
18-Jan-2025 14:37:33.427,-0.64404,8.41083,-0.497994
18-Jan-2025 14:37:33.443,-0.42138,8.693346,-0.70629
18-Jan-2025 14:37:33.459,-0.114922,9.093178,-0.952892
18-Jan-2025 14:37:33.475,0.306458,9.370906,-0.986411
18-Jan-2025 14:37:33.491,0.462081,9.519346,-1.079785
18-Jan-2025 14:37:33.507,0.430956,9.481039,-0.950498
18-Jan-2025 14:37:33.523,0.201113,9.490616,-0.94571
18-Jan-2025 14:37:33.539,0.033519,9.526528,-0.885855
18-Jan-2025 14:37:33.555,-0.031125,9.449914,-0.682347
18-Jan-2025 14:37:33.571,-0.134075,9.483433,-0.586579
18-Jan-2025 14:37:33.588,0.105345,9.536105,-0.536301
18-Jan-2025 14:37:33.603,0.28491,9.557653,-0.562637
18-Jan-2025 14:37:33.620,0.512359,9.586384,-0.667982
18-Jan-2025 14:37:33.636,0.885855,9.73243,-0.766145
18-Jan-2025 14:37:33.652,1.034295,9.859323,-0.756568
18-Jan-2025 14:37:33.668,0.837971,10.048465,-0.754174
18-Jan-2025 14:37:33.684,0.610521,10.366894,-0.94571
18-Jan-2025 14:37:33.700,0.428562,10.582372,-1.053449
18-Jan-2025 14:37:33.716,0.234632,10.608707,-0.943315
18-Jan-2025 14:37:33.732,0.067038,10.445902,-1.029507
18-Jan-2025 14:37:33.748,0.124498,10.218452,-0.964863
18-Jan-2025 14:37:33.764,0.565032,10.261548,-0.902614
18-Jan-2025 14:37:33.780,1.072602,10.989386,-0.787692
18-Jan-2025 14:37:33.796,1.027112,10.702082,-1.288081
18-Jan-2025 14:37:33.812,1.407791,11.77229,-1.414973
18-Jan-2025 14:37:33.828,1.197101,11.437101,-0.117316
18-Jan-2025 14:37:33.845,0.799663,11.903971,0.11971
18-Jan-2025 14:37:33.861,0.919373,11.753136,0.277727
18-Jan-2025 14:37:33.877,0.964863,10.699687,0.782904
18-Jan-2025 14:37:33.893,1.130063,9.763555,0.488417
18-Jan-2025 14:37:33.909,1.434127,8.623915,0.351948
18-Jan-2025 14:37:33.925,1.932121,7.455544,0.895431
18-Jan-2025 14:37:33.941,2.025495,6.892907,1.005565
18-Jan-2025 14:37:33.957,1.726219,7.180211,-0.095768
18-Jan-2025 14:37:33.973,1.577779,8.02297,-0.768539
18-Jan-2025 14:37:33.989,1.812411,8.875306,-1.237802
18-Jan-2025 14:37:34.005,1.917756,10.041282,-1.223437
18-Jan-2025 14:37:34.021,1.503559,10.979809,-1.058237
18-Jan-2025 14:37:34.037,0.730232,11.300632,-0.703895
18-Jan-2025 14:37:34.053,0.098162,11.336545,-0.500388
18-Jan-2025 14:37:34.069,-0.083797,10.996569,-0.818817
18-Jan-2025 14:37:34.085,0.169988,10.364499,-0.792481
18-Jan-2025 14:37:34.102,0.296881,9.821015,-1.455675
18-Jan-2025 14:37:34.118,0.68953,9.119514,-2.176329
18-Jan-2025 14:37:34.133,1.237802,8.707711,-2.08535
18-Jan-2025 14:37:34.150,1.532289,8.252813,-1.944092
18-Jan-2025 14:37:34.166,1.541866,8.010999,-1.836353
18-Jan-2025 14:37:34.182,1.288081,8.027759,-1.915361
18-Jan-2025 14:37:34.198,0.852336,8.310274,-2.015918
18-Jan-2025 14:37:34.214,0.622492,8.588001,-2.008735
18-Jan-2025 14:37:34.230,0.399832,9.011775,-2.047042
18-Jan-2025 14:37:34.246,0.588974,9.586384,-1.606509
18-Jan-2025 14:37:34.262,1.09415,9.653421,-1.651999
18-Jan-2025 14:37:34.278,1.331176,9.531317,-1.958457
18-Jan-2025 14:37:34.294,1.273715,9.406818,-2.161964
18-Jan-2025 14:37:34.310,1.084573,9.318233,-2.0231
18-Jan-2025 14:37:34.326,0.648829,9.366117,-2.054225
18-Jan-2025 14:37:34.342,0.438139,9.473856,-2.260126
18-Jan-2025 14:37:34.359,0.229843,9.643845,-2.221819
18-Jan-2025 14:37:34.375,0.160412,9.964667,-1.970428
18-Jan-2025 14:37:34.391,0.23942,10.496181,-1.889025
18-Jan-2025 14:37:34.407,0.275333,10.828975,-1.872266
18-Jan-2025 14:37:34.423,0.347159,10.986992,-1.793257
18-Jan-2025 14:37:34.439,0.486023,11.109096,-1.90339
18-Jan-2025 14:37:34.454,0.773327,11.118672,-2.008735
18-Jan-2025 14:37:34.471,0.725443,11.224017,-1.312023
18-Jan-2025 14:37:34.487,0.557849,11.604695,-0.861913
18-Jan-2025 14:37:34.503,-0.308852,12.160151,-1.316811
18-Jan-2025 14:37:34.519,-1.007959,12.124237,-0.560243
18-Jan-2025 14:37:34.535,-1.563414,12.385205,-0.055067
18-Jan-2025 14:37:34.551,-1.276109,11.626244,0.976834
18-Jan-2025 14:37:34.567,-1.321599,10.714052,1.33357
18-Jan-2025 14:37:34.583,-1.388637,9.718064,0.737414
18-Jan-2025 14:37:34.599,-1.206678,8.559271,0.691924
18-Jan-2025 14:37:34.615,-0.691924,7.762002,1.505953
18-Jan-2025 14:37:34.631,-1.264138,7.503428,1.225831
18-Jan-2025 14:37:34.648,-1.915361,7.841011,0.426168
18-Jan-2025 14:37:34.664,-1.714248,8.461109,0.143652
18-Jan-2025 14:37:34.680,-1.000776,9.428367,0.251391
18-Jan-2025 14:37:34.696,-0.275333,10.740389,0.397437
18-Jan-2025 14:37:34.712,-0.565032,10.709264,0.696713
18-Jan-2025 14:37:34.728,0.627281,11.374852,0.742203
18-Jan-2025 14:37:34.744,1.532289,11.621455,-0.248997
18-Jan-2025 14:37:34.760,1.865083,11.475409,-0.579397
18-Jan-2025 14:37:34.776,1.015141,10.280702,-0.533907
18-Jan-2025 14:37:34.792,0.392649,9.004593,-0.624887
18-Jan-2025 14:37:34.808,0.169988,8.307879,-0.488417
18-Jan-2025 14:37:34.824,-0.184354,7.78355,-0.766145
18-Jan-2025 14:37:34.840,-0.248997,7.90326,-0.292093
18-Jan-2025 14:37:34.856,-0.11971,8.307879,-0.507571
18-Jan-2025 14:37:34.872,0.064643,8.889671,-1.063026
18-Jan-2025 14:37:34.888,0.416591,9.296685,-1.177947
18-Jan-2025 14:37:34.905,0.737414,9.488221,-1.091756
18-Jan-2025 14:37:34.921,0.924162,9.615114,-0.962469
18-Jan-2025 14:37:34.937,0.92895,9.555259,-0.936133
18-Jan-2025 14:37:34.953,0.737414,9.504981,-0.730232
18-Jan-2025 14:37:34.969,0.500388,9.478644,-0.653617
18-Jan-2025 14:37:34.985,0.519542,9.428367,-0.320823
18-Jan-2025 14:37:35.001,0.636858,9.615114,-0.344765
18-Jan-2025 14:37:35.017,0.962469,9.928755,-0.641646
18-Jan-2025 14:37:35.033,0.998382,10.216059,-1.132457
18-Jan-2025 14:37:35.049,1.355118,10.366894,-1.381454
18-Jan-2025 14:37:35.065,1.271321,10.25676,-1.474828
18-Jan-2025 14:37:35.081,1.33357,10.546458,-1.029507
18-Jan-2025 14:37:35.097,1.264138,10.546458,-0.85473
18-Jan-2025 14:37:35.114,0.964863,11.178528,-0.586579
18-Jan-2025 14:37:35.130,0.828394,11.714828,-0.687136
18-Jan-2025 14:37:35.145,0.969652,12.035652,-0.143652
18-Jan-2025 14:37:35.162,1.292869,12.050017,0.586579
18-Jan-2025 14:37:35.178,1.575385,11.262324,0.857124
18-Jan-2025 14:37:35.194,1.841141,10.31901,0.667982
18-Jan-2025 14:37:35.210,2.047042,9.296685,0.184354
18-Jan-2025 14:37:35.226,2.08535,8.334216,-0.205901
18-Jan-2025 14:37:35.242,2.217031,7.424419,0.083797
18-Jan-2025 14:37:35.258,2.355895,6.825869,0.486023
18-Jan-2025 14:37:35.274,2.006341,6.904878,0.323217
18-Jan-2025 14:37:35.290,1.84593,7.642292,-0.167594
18-Jan-2025 14:37:35.306,1.711854,8.676587,-0.837971
18-Jan-2025 14:37:35.322,1.714248,9.734824,-0.761356
18-Jan-2025 14:37:35.338,1.82917,11.27669,-0.565032
18-Jan-2025 14:37:35.354,1.774103,12.741941,-0.814029
18-Jan-2025 14:37:35.370,1.726219,13.378799,-0.543484
18-Jan-2025 14:37:35.386,1.690306,12.299014,-0.395043
18-Jan-2025 14:37:35.403,1.798046,10.84334,-0.636858
18-Jan-2025 14:37:35.419,1.953669,9.5385,-1.309628
18-Jan-2025 14:37:35.435,2.185906,8.47308,-1.422156
18-Jan-2025 14:37:35.451,2.003947,7.82904,-1.240196
18-Jan-2025 14:37:35.467,1.757344,7.419631,-1.101333
18-Jan-2025 14:37:35.483,1.584962,7.484274,-0.964863
18-Jan-2025 14:37:35.499,1.56102,7.893683,-1.000776
18-Jan-2025 14:37:35.515,1.54426,8.480263,-1.144428
18-Jan-2025 14:37:35.531,1.532289,8.985439,-1.192312
18-Jan-2025 14:37:35.547,1.575385,9.255983,-1.132457
18-Jan-2025 14:37:35.563,1.393425,9.32781,-1.276109
18-Jan-2025 14:37:35.579,1.244985,9.5385,-1.467646
18-Jan-2025 14:37:35.595,1.199495,9.595961,-1.568202
18-Jan-2025 14:37:35.612,1.16837,9.742006,-1.556231
18-Jan-2025 14:37:35.628,1.137246,9.782708,-1.273715
18-Jan-2025 14:37:35.644,0.991199,9.868899,-1.120486
18-Jan-2025 14:37:35.660,0.677559,9.933543,-1.161188
18-Jan-2025 14:37:35.676,0.500388,10.067618,-1.165976
18-Jan-2025 14:37:35.692,0.620098,10.259154,-1.247379
18-Jan-2025 14:37:35.708,0.845153,10.630256,-1.244985
18-Jan-2025 14:37:35.724,1.290475,10.862494,-1.005565
18-Jan-2025 14:37:35.740,1.276109,11.300632,-1.122881
18-Jan-2025 14:37:35.756,0.972046,11.915942,-1.541866
18-Jan-2025 14:37:35.772,0.196325,12.078748,-0.92895
18-Jan-2025 14:37:35.788,-0.742203,12.543222,-0.723049
18-Jan-2025 14:37:35.804,-1.403002,12.744335,-0.241814
18-Jan-2025 14:37:35.820,-1.628057,12.53604,0.126893
18-Jan-2025 14:37:35.836,-1.242591,11.403583,0.94571
18-Jan-2025 14:37:35.852,-0.981623,10.390836,0.25618
18-Jan-2025 14:37:35.869,-0.936133,9.337387,-0.306458
18-Jan-2025 14:37:35.885,-0.864307,8.152257,0.373495
18-Jan-2025 14:37:35.900,-1.086968,7.036559,1.482011
18-Jan-2025 14:37:35.917,-2.379837,6.497863,1.319205
18-Jan-2025 14:37:35.933,-2.815581,6.909666,0.687136
18-Jan-2025 14:37:35.949,-2.358289,8.243237,0.536301
18-Jan-2025 14:37:35.965,-1.467646,9.698911,0.038307
18-Jan-2025 14:37:35.981,-1.161188,11.03727,-0.25618
18-Jan-2025 14:37:35.997,-0.548272,11.884817,-0.409408
18-Jan-2025 14:37:36.013,-0.079009,12.198458,-0.244209
18-Jan-2025 14:37:36.029,0.828394,12.356475,-0.287304
18-Jan-2025 14:37:36.045,0.397437,10.97502,-0.172383
18-Jan-2025 14:37:36.061,-0.37589,9.514558,-0.397437
18-Jan-2025 14:37:36.077,-0.814029,8.468291,-0.584185
18-Jan-2025 14:37:36.093,-0.952892,7.836222,-0.715866
18-Jan-2025 14:37:36.109,-0.749385,8.178593,-0.818817
18-Jan-2025 14:37:36.126,-0.691924,8.030152,-1.04866
18-Jan-2025 14:37:36.142,-0.555455,8.441956,-0.840365
18-Jan-2025 14:37:36.158,-0.548272,9.141062,-1.024718
18-Jan-2025 14:37:36.174,-0.512359,9.746795,-1.055843
18-Jan-2025 14:37:36.190,-0.605733,9.945514,-0.931344
18-Jan-2025 14:37:36.206,-0.823605,9.969456,-1.134852
18-Jan-2025 14:37:36.222,-0.866701,9.921572,-1.290475
18-Jan-2025 14:37:36.238,-0.756568,9.744401,-1.23062
18-Jan-2025 14:37:36.254,-0.658405,9.600749,-1.127669
18-Jan-2025 14:37:36.270,-0.452504,9.682152,-0.943315
18-Jan-2025 14:37:36.286,-0.251391,9.933543,-1.154005
18-Jan-2025 14:37:36.302,0.023942,10.201694,-1.371878
18-Jan-2025 14:37:36.318,0.196325,10.45069,-1.577779
18-Jan-2025 14:37:36.334,0.502782,10.419566,-1.675941
18-Jan-2025 14:37:36.350,0.646434,10.369287,-1.66397
18-Jan-2025 14:37:36.367,0.651223,10.278308,-1.611298
18-Jan-2025 14:37:36.383,0.605733,10.424355,-1.034295
18-Jan-2025 14:37:36.398,0.938527,10.536881,-0.483629
18-Jan-2025 14:37:36.415,1.223437,10.445902,-0.545878
18-Jan-2025 14:37:36.431,1.218649,10.613496,-0.057461
18-Jan-2025 14:37:36.447,1.443704,10.927136,0.208296
18-Jan-2025 14:37:36.463,1.625663,11.262324,-0.021548
18-Jan-2025 14:37:36.479,1.199495,11.918336,-0.038307
18-Jan-2025 14:37:36.495,1.898602,11.508927,0.474052
18-Jan-2025 14:37:36.511,3.052607,9.895236,0.811634
18-Jan-2025 14:37:36.527,3.260903,9.129091,0.837971
18-Jan-2025 14:37:36.543,3.057395,8.367735,0.282516
18-Jan-2025 14:37:36.559,2.169147,7.994239,0.292093
18-Jan-2025 14:37:36.575,1.534683,7.778761,0.248997
18-Jan-2025 14:37:36.591,0.940921,7.582437,0.095768
18-Jan-2025 14:37:36.608,0.960075,8.62152,-0.97444
18-Jan-2025 14:37:36.624,1.194707,9.560047,-1.438915
18-Jan-2025 14:37:36.640,1.367089,10.350134,-1.175553
18-Jan-2025 14:37:36.656,1.323994,11.089942,-0.94571
18-Jan-2025 14:37:36.672,0.756568,11.417948,-0.869095
18-Jan-2025 14:37:36.688,0.715866,11.145009,-0.603339
18-Jan-2025 14:37:36.704,0.656011,10.704475,-0.548272
18-Jan-2025 14:37:36.720,0.462081,9.94312,-0.579397
18-Jan-2025 14:37:36.736,0.828394,9.220071,-0.663194
18-Jan-2025 14:37:36.752,0.986411,8.66701,-0.696713
18-Jan-2025 14:37:36.768,0.957681,8.224083,-1.089362
18-Jan-2025 14:37:36.784,1.134852,8.257602,-1.031901
18-Jan-2025 14:37:36.800,1.295263,8.698134,-0.940921
18-Jan-2025 14:37:36.816,1.182736,9.248801,-1.01993
18-Jan-2025 14:37:36.832,0.948104,9.576807,-1.151611
18-Jan-2025 14:37:36.849,0.933739,9.902418,-1.142034
18-Jan-2025 14:37:36.865,1.091756,10.225636,-1.235408
18-Jan-2025 14:37:36.880,1.345541,10.180145,-1.352724
18-Jan-2025 14:37:36.897,1.54426,10.0341,-1.300052
18-Jan-2025 14:37:36.913,1.599327,9.883265,-1.592144
18-Jan-2025 14:37:36.929,1.460463,9.73243,-1.766921
18-Jan-2025 14:37:36.945,1.297657,9.665392,-1.63524
18-Jan-2025 14:37:36.961,1.000776,9.816227,-1.56102
18-Jan-2025 14:37:36.977,0.56982,9.892841,-1.776498
18-Jan-2025 14:37:36.993,0.110133,10.115502,-1.735796
18-Jan-2025 14:37:37.009,0.009577,10.28549,-1.608904
18-Jan-2025 14:37:37.025,-0.02873,10.503363,-1.606509
18-Jan-2025 14:37:37.041,0.272939,10.615891,-1.80044
18-Jan-2025 14:37:37.057,0.526724,10.639832,-1.630451
18-Jan-2025 14:37:37.073,0.469264,10.884041,-1.537078
18-Jan-2025 14:37:37.090,0.366313,11.171345,-1.891419
18-Jan-2025 14:37:37.105,0.234632,11.113884,-1.771709
18-Jan-2025 14:37:37.121,-0.143652,11.235989,-1.501164
18-Jan-2025 14:37:37.137,-0.902614,11.774684,-1.312023
18-Jan-2025 14:37:37.154,-1.113304,11.027693,-0.703895
18-Jan-2025 14:37:37.170,-0.950498,10.575189,-0.490811
18-Jan-2025 14:37:37.186,-0.646434,9.919178,-0.476446
18-Jan-2025 14:37:37.202,-0.749385,9.131485,-0.385466
18-Jan-2025 14:37:37.218,-0.770933,8.339005,-0.280122
18-Jan-2025 14:37:37.234,-1.146823,8.123527,-0.306458
18-Jan-2025 14:37:37.250,-1.266533,8.130709,-0.184354
18-Jan-2025 14:37:37.266,-1.146823,8.147469,-0.172383
18-Jan-2025 14:37:37.282,-1.192312,8.355764,0.047884
18-Jan-2025 14:37:37.298,-0.768539,8.513782,0.402226
18-Jan-2025 14:37:37.314,-0.110133,9.361329,-0.181959
18-Jan-2025 14:37:37.331,-0.687136,9.44752,0.114922
18-Jan-2025 14:37:37.347,-1.051055,9.488221,0.648829
18-Jan-2025 14:37:37.363,-1.493982,9.485827,0.878672
18-Jan-2025 14:37:37.379,-2.262521,9.275137,1.211466
18-Jan-2025 14:37:37.395,-3.701436,8.860941,1.144428
18-Jan-2025 14:37:37.411,-3.82354,8.956709,0.869095
18-Jan-2025 14:37:37.427,-3.064578,9.792285,0.493206
18-Jan-2025 14:37:37.443,-2.422932,10.503363,0.23942
18-Jan-2025 14:37:37.459,-2.013524,11.049241,0.509965
18-Jan-2025 14:37:37.475,-2.173935,11.542446,0.457293
18-Jan-2025 14:37:37.491,-2.387019,11.643003,0.78051
18-Jan-2025 14:37:37.507,-2.319981,11.300632,0.699107
18-Jan-2025 14:37:37.523,-2.451663,10.642226,0.289698
18-Jan-2025 14:37:37.539,-2.509123,10.012551,0.040701
18-Jan-2025 14:37:37.555,-2.573767,9.433155,0.04549
18-Jan-2025 14:37:37.571,-2.669535,9.167398,0.234632
18-Jan-2025 14:37:37.587,-2.669535,9.179369,0.514753
18-Jan-2025 14:37:37.603,-2.147599,9.102755,0.464475
18-Jan-2025 14:37:37.619,-1.778892,9.112331,0.387861
18-Jan-2025 14:37:37.636,-1.857901,9.131485,0.208296
18-Jan-2025 14:37:37.652,-2.0231,9.229648,0
18-Jan-2025 14:37:37.668,-2.008735,9.399636,-0.213084
18-Jan-2025 14:37:37.684,-1.84593,9.572019,-0.373495
18-Jan-2025 14:37:37.700,-1.58975,9.871294,-0.47884
18-Jan-2025 14:37:37.716,-1.489193,10.251971,-0.414197
18-Jan-2025 14:37:37.732,-1.441309,10.436325,-0.268151
18-Jan-2025 14:37:37.748,-1.482011,10.429143,-0.363919
18-Jan-2025 14:37:37.764,-1.335965,10.103531,-0.325611
18-Jan-2025 14:37:37.780,-1.292869,9.818622,-0.47884
18-Jan-2025 14:37:37.796,-1.316811,9.636662,-0.677559
18-Jan-2025 14:37:37.812,-1.268927,9.452309,-0.622492
18-Jan-2025 14:37:37.828,-1.242591,9.411607,-0.512359
18-Jan-2025 14:37:37.844,-0.933739,9.380483,-0.466869
18-Jan-2025 14:37:37.860,-0.782904,9.167398,-0.237026
18-Jan-2025 14:37:37.877,-0.818817,9.176975,-0.038307
18-Jan-2025 14:37:37.893,-0.986411,9.471462,-0.493206
18-Jan-2025 14:37:37.909,-0.47884,9.744401,-0.457293
18-Jan-2025 14:37:37.925,0.320823,10.04607,-0.124498
18-Jan-2025 14:37:37.940,0.955287,10.544065,0.201113
18-Jan-2025 14:37:37.957,1.137246,11.267113,-0.299275
18-Jan-2025 14:37:37.973,0.833182,11.602302,-0.390255
18-Jan-2025 14:37:37.989,0.811634,11.281479,-0.220267
18-Jan-2025 14:37:38.005,1.161188,10.374076,0.131681
18-Jan-2025 14:37:38.021,1.630451,9.416395,0.296881
18-Jan-2025 14:37:38.037,2.03986,8.659827,0.383072
18-Jan-2025 14:37:38.053,1.94888,8.228871,0.153229
18-Jan-2025 14:37:38.070,2.197877,8.121132,-0.031125
18-Jan-2025 14:37:38.085,2.420538,8.60955,-0.572214
18-Jan-2025 14:37:38.102,2.327164,9.773131,-1.079785
18-Jan-2025 14:37:38.118,2.087744,10.924743,-1.18513
18-Jan-2025 14:37:38.134,1.757344,11.506534,-1.142034
18-Jan-2025 14:37:38.150,1.189918,11.767501,-0.940921
18-Jan-2025 14:37:38.166,0.912191,11.468226,-1.027112
18-Jan-2025 14:37:38.182,0.739808,11.039664,-0.967257
18-Jan-2025 14:37:38.198,0.68953,10.419566,-0.751779
18-Jan-2025 14:37:38.214,0.950498,9.82341,-0.565032
18-Jan-2025 14:37:38.230,0.998382,9.543288,-0.797269
18-Jan-2025 14:37:38.246,1.340753,8.884883,-0.955287
18-Jan-2025 14:37:38.262,1.762132,8.372523,-1.165976
18-Jan-2025 14:37:38.278,1.594538,8.255207,-1.18513
18-Jan-2025 14:37:38.295,1.197101,8.451532,-0.909797
18-Jan-2025 14:37:38.311,1.156399,8.513782,-0.651223
18-Jan-2025 14:37:38.326,0.962469,8.549694,-0.670376
18-Jan-2025 14:37:38.343,0.749385,8.822633,-0.840365
18-Jan-2025 14:37:38.359,0.610521,9.205706,-0.873884
18-Jan-2025 14:37:38.375,1.055843,9.660604,-0.857124
18-Jan-2025 14:37:38.391,0.993594,10.081984,-0.703895
18-Jan-2025 14:37:38.407,0.993594,10.28549,-0.581791
18-Jan-2025 14:37:38.423,1.029507,10.323798,-1.017536
18-Jan-2025 14:37:38.439,1.209072,10.132261,-1.273715
18-Jan-2025 14:37:38.455,1.661576,9.773131,-1.252167
18-Jan-2025 14:37:38.471,1.640028,9.830592,-1.149217
18-Jan-2025 14:37:38.487,1.673547,10.067618,-1.302446
18-Jan-2025 14:37:38.503,1.520318,9.957485,-1.596933
18-Jan-2025 14:37:38.519,1.522712,9.387665,-1.58975
18-Jan-2025 14:37:38.535,1.539472,9.416395,-1.21386
18-Jan-2025 14:37:38.551,1.204283,9.888053,-1.268927
18-Jan-2025 14:37:38.567,1.261744,10.333375,-1.142034
18-Jan-2025 14:37:38.583,1.323994,10.417171,-1.158794
18-Jan-2025 14:37:38.599,1.158794,10.575189,-0.909797
18-Jan-2025 14:37:38.616,1.13964,10.960655,-0.565032
18-Jan-2025 14:37:38.632,1.084573,11.326968,-0.148441
18-Jan-2025 14:37:38.648,0.770933,11.712435,0.395043
18-Jan-2025 14:37:38.664,1.173159,12.366052,0.316035
18-Jan-2025 14:37:38.680,2.528277,12.964602,0.04549
18-Jan-2025 14:37:38.696,3.469198,13.330915,-0.356736
18-Jan-2025 14:37:38.712,1.929727,13.328521,-1.060631
18-Jan-2025 14:37:38.728,0.828394,12.349293,-0.35913
18-Jan-2025 14:37:38.744,0.428562,11.252748,1.149217
18-Jan-2025 14:37:38.760,-0.725443,10.745177,1.735796
18-Jan-2025 14:37:38.777,-1.63524,10.43872,1.352724
18-Jan-2025 14:37:38.792,-2.245761,10.0748,1.039083
18-Jan-2025 14:37:38.808,-2.676718,9.157822,0.972046
18-Jan-2025 14:37:38.824,-3.110068,7.800309,1.405396
18-Jan-2025 14:37:38.841,-3.414132,6.684611,2.111686
18-Jan-2025 14:37:38.857,-3.73256,6.308722,2.32477
18-Jan-2025 14:37:38.873,-4.458004,7.07726,1.628057
18-Jan-2025 14:37:38.889,-4.31914,8.12592,1.225831
18-Jan-2025 14:37:38.905,-3.725378,9.232041,0.837971
18-Jan-2025 14:37:38.921,-2.808398,10.225636,0.749385
18-Jan-2025 14:37:38.937,-2.272097,11.044453,0.395043
18-Jan-2025 14:37:38.953,-1.010353,11.461043,0.177171
18-Jan-2025 14:37:38.969,-0.244209,11.271901,-0.272939
18-Jan-2025 14:37:38.985,-0.217872,10.45069,-0.447716
18-Jan-2025 14:37:39.001,-0.351948,9.461885,-0.37589
18-Jan-2025 14:37:39.018,-0.409408,8.803479,-0.179565
18-Jan-2025 14:37:39.033,-0.141258,8.461109,0.031125
18-Jan-2025 14:37:39.049,-0.316035,8.516175,0.246603
18-Jan-2025 14:37:39.065,-0.895431,8.705317,0.011971
18-Jan-2025 14:37:39.082,-0.921768,8.659827,-0.272939
18-Jan-2025 14:37:39.098,-0.715866,8.422802,-0.399832
18-Jan-2025 14:37:39.114,-0.802058,8.789114,-0.586579
18-Jan-2025 14:37:39.130,-0.555455,9.390059,-0.596156
18-Jan-2025 14:37:39.146,-0.110133,9.816227,-0.555455
18-Jan-2025 14:37:39.162,0.047884,10.196905,-0.737414
18-Jan-2025 14:37:39.178,0.19393,10.163386,-0.749385
18-Jan-2025 14:37:39.194,0.088585,9.998186,-0.873884
18-Jan-2025 14:37:39.210,0.143652,9.67018,-0.634463
18-Jan-2025 14:37:39.226,0.122104,9.528923,-0.533907
18-Jan-2025 14:37:39.242,0.232238,9.684546,-0.567426
18-Jan-2025 14:37:39.258,0.294487,9.828198,-0.56982
18-Jan-2025 14:37:39.274,0.486023,9.770737,-0.531513
18-Jan-2025 14:37:39.290,0.641646,9.600749,-0.490811
18-Jan-2025 14:37:39.307,0.502782,9.5385,-0.871489
18-Jan-2025 14:37:39.323,0.493206,9.957485,-1.113304
18-Jan-2025 14:37:39.339,0.727837,10.702082,-1.072602
18-Jan-2025 14:37:39.355,0.373495,11.145009,-1.036689
18-Jan-2025 14:37:39.371,0.37589,11.226412,-1.04866
18-Jan-2025 14:37:39.387,0.253785,11.18571,-1.216254
18-Jan-2025 14:37:39.403,0.565032,11.171345,-0.864307
18-Jan-2025 14:37:39.419,0.905008,11.15698,-0.758962
18-Jan-2025 14:37:39.435,1.177947,11.300632,-0.486023
18-Jan-2025 14:37:39.451,1.400608,11.765107,-0.514753
18-Jan-2025 14:37:39.467,1.362301,12.155362,-0.533907
18-Jan-2025 14:37:39.483,1.149217,11.559206,-0.052672
18-Jan-2025 14:37:39.499,1.434127,10.386047,0.354342
18-Jan-2025 14:37:39.515,1.723825,9.526528,0.169988
18-Jan-2025 14:37:39.531,1.778892,8.396465,0.296881
18-Jan-2025 14:37:39.547,1.764527,7.216124,0.708684
18-Jan-2025 14:37:39.564,1.314417,6.840234,0.42138
18-Jan-2025 14:37:39.580,0.560243,7.448361,-0.399832
18-Jan-2025 14:37:39.596,0.565032,8.298303,-1.04866
18-Jan-2025 14:37:39.612,0.775721,9.277532,-1.204283
18-Jan-2025 14:37:39.628,1.134852,10.096349,-1.276109
18-Jan-2025 14:37:39.644,1.584962,10.984597,-1.252167
18-Jan-2025 14:37:39.660,1.659182,11.161768,-1.283292
18-Jan-2025 14:37:39.676,1.489193,10.807426,-0.47884
18-Jan-2025 14:37:39.692,1.400608,10.184934,-1.556231
18-Jan-2025 14:37:39.708,1.264138,9.737218,-1.970428
18-Jan-2025 14:37:39.724,1.297657,9.119514,-1.881842
18-Jan-2025 14:37:39.740,1.204283,8.616732,-1.788469
18-Jan-2025 14:37:39.756,1.264138,8.23366,-1.905785
18-Jan-2025 14:37:39.772,1.086968,7.867347,-2.097321
18-Jan-2025 14:37:39.788,1.017536,7.972692,-2.157176
18-Jan-2025 14:37:39.804,0.792481,8.250419,-2.30801
18-Jan-2025 14:37:39.821,0.612916,8.743625,-2.269703
18-Jan-2025 14:37:39.836,0.794875,9.14585,-1.886631
18-Jan-2025 14:37:39.853,0.981623,9.629479,-2.037466
18-Jan-2025 14:37:39.869,1.201889,10.06283,-2.434903
18-Jan-2025 14:37:39.885,0.914585,9.945514,-2.001553
18-Jan-2025 14:37:39.901,0.758962,9.734824,-2.231396
18-Jan-2025 14:37:39.917,0.428562,9.270349,-2.844312
18-Jan-2025 14:37:39.933,0.459687,8.99741,-2.949656
18-Jan-2025 14:37:39.949,0.507571,8.695741,-2.707842
18-Jan-2025 14:37:39.965,0.440533,8.688558,-2.487576
18-Jan-2025 14:37:39.981,0.565032,8.827422,-2.525883
18-Jan-2025 14:37:39.997,0.459687,9.229648,-2.887407
18-Jan-2025 14:37:40.013,0.481235,9.624691,-3.023877
18-Jan-2025 14:37:40.029,0.47884,9.849746,-2.873042
18-Jan-2025 14:37:40.046,0.665588,10.093954,-2.619257
18-Jan-2025 14:37:40.062,0.663194,10.342952,-2.53546
18-Jan-2025 14:37:40.078,0.727837,10.577583,-2.458845
18-Jan-2025 14:37:40.094,0.612916,10.936713,-2.592921
18-Jan-2025 14:37:40.110,1.027112,11.073183,-1.556231
18-Jan-2025 14:37:40.126,0.744597,11.741165,-1.266533
18-Jan-2025 14:37:40.142,0.351948,12.473791,-1.584962
18-Jan-2025 14:37:40.158,0.835576,11.903971,-0.581791
18-Jan-2025 14:37:40.174,-0.732626,13.06037,-0.725443
18-Jan-2025 14:37:40.190,-1.206678,13.093889,0.454898
18-Jan-2025 14:37:40.206,-1.429338,12.047623,1.393425
18-Jan-2025 14:37:40.222,-1.043872,11.147403,1.082179
18-Jan-2025 14:37:40.238,-0.505177,9.842564,1.000776
18-Jan-2025 14:37:40.254,-0.181959,8.485051,1.414973
18-Jan-2025 14:37:40.270,-0.553061,7.893683,1.460463
18-Jan-2025 14:37:40.286,-1.541866,7.824251,1.024718
18-Jan-2025 14:37:40.303,-2.06859,7.924808,0.785298
18-Jan-2025 14:37:40.319,-1.556231,8.276755,0.933739
18-Jan-2025 14:37:40.334,-0.684742,9.07163,1.113304
18-Jan-2025 14:37:40.351,0.014365,10.156203,0.773327
18-Jan-2025 14:37:40.367,0.258574,10.594342,1.233014
18-Jan-2025 14:37:40.383,0.488417,11.027693,0.821211
18-Jan-2025 14:37:40.399,1.005565,11.410766,0.007183
18-Jan-2025 14:37:40.415,0.70629,10.699687,-0.287304
18-Jan-2025 14:37:40.431,0.371101,9.730036,-0.169988
18-Jan-2025 14:37:40.447,0.220267,9.033323,-0.282516
18-Jan-2025 14:37:40.463,0.11971,8.537724,-0.407014
18-Jan-2025 14:37:40.479,0.31364,8.365341,-0.237026
18-Jan-2025 14:37:40.495,0.4956,8.360553,-0.268151
18-Jan-2025 14:37:40.511,0.42138,8.686164,-0.433351
18-Jan-2025 14:37:40.527,0.3304,9.028535,-0.603339
18-Jan-2025 14:37:40.544,0.342371,9.251195,-0.684742
18-Jan-2025 14:37:40.559,0.418985,9.375694,-0.790087
18-Jan-2025 14:37:40.575,0.52433,9.440337,-0.885855
18-Jan-2025 14:37:40.592,0.574608,9.409213,-0.88346
18-Jan-2025 14:37:40.608,0.512359,9.332599,-0.888249
18-Jan-2025 14:37:40.624,0.483629,9.32781,-0.737414
18-Jan-2025 14:37:40.640,0.70629,9.380483,-0.52433
18-Jan-2025 14:37:40.656,1.142034,9.375694,-0.325611
18-Jan-2025 14:37:40.672,1.091756,9.481039,-0.802058
18-Jan-2025 14:37:40.688,1.106121,9.471462,-0.837971
18-Jan-2025 14:37:40.704,1.290475,9.593566,-0.557849
18-Jan-2025 14:37:40.720,1.482011,10.026917,-0.835576
18-Jan-2025 14:37:40.736,1.54426,10.278308,-1.206678
18-Jan-2025 14:37:40.752,1.244985,10.472239,-1.23062
18-Jan-2025 14:37:40.768,0.936133,10.730812,-1.194707
18-Jan-2025 14:37:40.784,0.952892,11.142614,-1.182736
18-Jan-2025 14:37:40.800,1.328782,11.511322,-0.888249
18-Jan-2025 14:37:40.816,1.769315,12.066776,-0.826
18-Jan-2025 14:37:40.833,2.054225,12.629414,-0.723049
18-Jan-2025 14:37:40.849,1.611298,12.545617,-0.438139
18-Jan-2025 14:37:40.865,1.740585,12.969391,-0.112527
18-Jan-2025 14:37:40.881,1.659182,11.652579,0.665588
18-Jan-2025 14:37:40.897,1.953669,10.187328,0.531513
18-Jan-2025 14:37:40.913,2.042254,8.74123,0
18-Jan-2025 14:37:40.929,2.540248,6.91206,1.079785
18-Jan-2025 14:37:40.945,2.212242,5.707777,1.221043
18-Jan-2025 14:37:40.961,1.414973,5.635951,1.060631
18-Jan-2025 14:37:40.977,0.919373,6.540959,-0.227449
18-Jan-2025 14:37:40.993,0.969652,7.78355,-1.11091
18-Jan-2025 14:37:41.009,1.376666,9.26556,-1.13964
18-Jan-2025 14:37:41.025,1.819593,10.903194,-0.859518
18-Jan-2025 14:37:41.041,1.812411,12.167333,-0.577003
18-Jan-2025 14:37:41.057,0.488417,12.126632,-0.395043
18-Jan-2025 14:37:41.073,0.749385,12.066776,-0.383072
18-Jan-2025 14:37:41.090,0.775721,10.984597,-0.797269
18-Jan-2025 14:37:41.105,0.794875,10.158598,-1.201889
18-Jan-2025 14:37:41.122,0.90022,9.406818,-1.66397
18-Jan-2025 14:37:41.138,1.199495,8.700529,-1.757344
18-Jan-2025 14:37:41.154,1.501164,8.183381,-1.640028
18-Jan-2025 14:37:41.170,1.517924,8.00621,-1.596933
18-Jan-2025 14:37:41.186,1.323994,8.09719,-1.587356
18-Jan-2025 14:37:41.202,1.086968,8.41083,-1.620875
18-Jan-2025 14:37:41.218,0.816423,8.920795,-1.774103
18-Jan-2025 14:37:41.234,0.603339,9.308656,-1.831564
18-Jan-2025 14:37:41.250,0.411803,9.473856,-1.75495
18-Jan-2025 14:37:41.266,0.263362,9.445126,-1.642422
18-Jan-2025 14:37:41.282,0.356736,9.277532,-1.80044
18-Jan-2025 14:37:41.298,0.557849,9.114726,-1.929727
18-Jan-2025 14:37:41.315,0.797269,9.090784,-1.819593
18-Jan-2025 14:37:41.330,0.737414,9.339781,-1.683124
18-Jan-2025 14:37:41.347,0.397437,9.696517,-1.436521
18-Jan-2025 14:37:41.363,0.488417,10.177752,-1.391031
18-Jan-2025 14:37:41.379,0.739808,10.579977,-1.177947
18-Jan-2025 14:37:41.395,0.730232,10.903194,-1.161188
18-Jan-2025 14:37:41.411,0.6608,11.116279,-1.460463
18-Jan-2025 14:37:41.426,0.608127,11.267113,-1.434127
18-Jan-2025 14:37:41.443,0.591368,11.73877,-1.149217
18-Jan-2025 14:37:41.459,0.237026,12.030864,-1.173159
18-Jan-2025 14:37:41.475,-0.275333,12.622231,-0.988805
18-Jan-2025 14:37:41.491,0.588974,11.887212,-0.907402
18-Jan-2025 14:37:41.507,-2.032677,12.488156,-1.49877
18-Jan-2025 14:37:41.523,-1.821988,11.762712,-0.612916
18-Jan-2025 14:37:41.539,-1.058237,10.888829,0.275333
18-Jan-2025 14:37:41.556,0.057461,9.629479,0.442927
18-Jan-2025 14:37:41.572,0.136469,8.635885,-0.014365
18-Jan-2025 14:37:41.588,-0.418985,7.970297,-0.486023
18-Jan-2025 14:37:41.604,-1.197101,7.201759,-0.086191
18-Jan-2025 14:37:41.620,-1.810017,6.663064,0.799663
18-Jan-2025 14:37:41.636,-2.384625,6.528988,1.034295
18-Jan-2025 14:37:41.652,-2.770091,6.821081,0.557849
18-Jan-2025 14:37:41.668,-2.956839,8.147469,0.095768
18-Jan-2025 14:37:41.684,-2.679112,10.012551,0.086191
18-Jan-2025 14:37:41.700,-2.418144,10.45069,1.16837
18-Jan-2025 14:37:41.716,-2.08535,11.245565,0.486023
18-Jan-2025 14:37:41.732,-1.668759,11.547235,-0.260968
18-Jan-2025 14:37:41.748,-1.175553,11.68131,-0.620098
18-Jan-2025 14:37:41.764,-0.708684,11.719617,-0.665588
18-Jan-2025 14:37:41.780,0.088585,11.762712,-0.931344
18-Jan-2025 14:37:41.796,-0.775721,10.043676,-0.258574
18-Jan-2025 14:37:41.812,-1.175553,8.844181,-0.311246
18-Jan-2025 14:37:41.829,-1.474828,8.197746,-0.497994
18-Jan-2025 14:37:41.845,-1.491588,7.850587,-0.667982
18-Jan-2025 14:37:41.861,-1.54426,7.881712,-0.658405
18-Jan-2025 14:37:41.877,-1.374272,8.159439,-0.514753
18-Jan-2025 14:37:41.893,-1.25935,8.834604,-0.411803
18-Jan-2025 14:37:41.909,-1.429338,9.581595,-0.646434
18-Jan-2025 14:37:41.925,-1.640028,10.201694,-0.6608
18-Jan-2025 14:37:41.941,-1.565808,10.546458,-0.567426
18-Jan-2025 14:37:41.957,-1.412579,10.613496,-0.328006
18-Jan-2025 14:37:41.973,-1.340753,10.730812,-0.335188
18-Jan-2025 14:37:41.989,-1.280898,10.867282,-0.560243
18-Jan-2025 14:37:42.005,-1.156399,10.714052,-0.636858
18-Jan-2025 14:37:42.021,-0.94571,10.443508,-0.723049
18-Jan-2025 14:37:42.037,-0.768539,10.172963,-0.876278
18-Jan-2025 14:37:42.053,-0.68953,9.890448,-0.931344
18-Jan-2025 14:37:42.070,-0.407014,9.562442,-0.857124
18-Jan-2025 14:37:42.085,-0.442927,9.583989,-0.54109
18-Jan-2025 14:37:42.101,-0.241814,10.79785,-0.409408
18-Jan-2025 14:37:42.118,-0.129287,11.140221,-1.161188
18-Jan-2025 14:37:42.134,-0.414197,11.235989,-0.737414
18-Jan-2025 14:37:42.150,-0.308852,11.310209,0.033519
18-Jan-2025 14:37:42.166,-0.11971,10.845734,-0.076614
18-Jan-2025 14:37:42.182,0.179565,9.830592,-0.225055
18-Jan-2025 14:37:42.198,0.081403,8.963891,-0.229843
18-Jan-2025 14:37:42.214,-0.114922,8.458714,-0.117316
18-Jan-2025 14:37:42.230,0.016759,8.061277,0.031125
18-Jan-2025 14:37:42.246,0.251391,7.965509,-0.105345
18-Jan-2025 14:37:42.262,0.435745,8.042124,-0.512359
18-Jan-2025 14:37:42.278,0.816423,8.173804,-0.694318
18-Jan-2025 14:37:42.294,0.926556,8.516175,-0.519542
18-Jan-2025 14:37:42.311,0.969652,9.399636,-0.739808
18-Jan-2025 14:37:42.326,0.859518,10.761936,-0.943315
18-Jan-2025 14:37:42.342,0.936133,11.044453,-0.500388
18-Jan-2025 14:37:42.359,-0.095768,12.531252,-1.580173
18-Jan-2025 14:37:42.375,-0.438139,12.899959,-1.098939
18-Jan-2025 14:37:42.391,-0.069432,12.045229,-0.577003
18-Jan-2025 14:37:42.407,-0.124498,10.99178,-1.024718
18-Jan-2025 14:37:42.423,0.150835,10.13705,-0.952892
18-Jan-2025 14:37:42.439,0.61531,9.351752,-0.751779
18-Jan-2025 14:37:42.455,0.981623,8.784326,-0.878672
18-Jan-2025 14:37:42.471,1.005565,8.418014,-0.914585
18-Jan-2025 14:37:42.487,0.667982,8.061277,-0.708684
18-Jan-2025 14:37:42.503,0.344765,8.003817,-0.703895
18-Jan-2025 14:37:42.519,0.23942,8.420407,-0.509965
18-Jan-2025 14:37:42.535,0.105345,8.961497,-0.435745
18-Jan-2025 14:37:42.552,0.09098,9.461885,-0.442927
18-Jan-2025 14:37:42.567,0.083797,10.09156,-0.675165
18-Jan-2025 14:37:42.583,0.308852,10.809821,-0.684742
18-Jan-2025 14:37:42.599,0.232238,11.224017,-0.474052
18-Jan-2025 14:37:42.616,0.143652,11.269507,-0.517148
18-Jan-2025 14:37:42.632,0.162806,11.207258,-0.294487
18-Jan-2025 14:37:42.648,0.023942,10.951078,-0.277727
18-Jan-2025 14:37:42.664,0.057461,10.546458,-0.648829
18-Jan-2025 14:37:42.680,0.138864,10.307038,-0.962469
18-Jan-2025 14:37:42.696,0.407014,10.149021,-0.871489
18-Jan-2025 14:37:42.712,0.100556,10.019734,-1.017536
18-Jan-2025 14:37:42.728,-0.292093,9.830592,-0.823605
18-Jan-2025 14:37:42.744,-0.462081,9.770737,-0.596156
18-Jan-2025 14:37:42.760,-1.012747,10.465055,-1.154005
18-Jan-2025 14:37:42.776,-1.426944,11.142614,-1.297657
18-Jan-2025 14:37:42.792,-1.678335,11.355699,-0.696713
18-Jan-2025 14:37:42.808,-1.690306,11.27669,0.28491
18-Jan-2025 14:37:42.825,-1.522712,11.022904,0.770933
18-Jan-2025 14:37:42.841,-1.33357,10.627861,0.402226
18-Jan-2025 14:37:42.857,-0.826,9.847352,0.122104
18-Jan-2025 14:37:42.873,-0.672771,8.918402,0.038307
18-Jan-2025 14:37:42.889,-0.703895,7.881712,0.134075
18-Jan-2025 14:37:42.905,-0.667982,7.278373,0.117316
18-Jan-2025 14:37:42.921,-0.964863,7.046135,0.038307
18-Jan-2025 14:37:42.937,-1.790863,7.390901,0.311246
18-Jan-2025 14:37:42.953,-2.264915,8.034941,0.526724
18-Jan-2025 14:37:42.969,-2.461239,8.743625,0.902614
18-Jan-2025 14:37:42.985,-2.042254,9.306262,1.963245
18-Jan-2025 14:37:43.001,-1.917756,10.278308,1.446098
18-Jan-2025 14:37:43.017,-1.716643,11.279084,0.308852
18-Jan-2025 14:37:43.033,-1.283292,12.083536,-0.057461
18-Jan-2025 14:37:43.049,-0.397437,12.421119,-0.040701
18-Jan-2025 14:37:43.066,-0.337582,11.552023,0.390255
18-Jan-2025 14:37:43.082,-0.579397,10.512939,0.339977
18-Jan-2025 14:37:43.098,-0.964863,9.502586,-0.09098
18-Jan-2025 14:37:43.114,-1.477222,8.999804,-0.294487
18-Jan-2025 14:37:43.130,-1.956063,8.844181,-0.263362
18-Jan-2025 14:37:43.146,-2.035071,9.167398,-0.055067
18-Jan-2025 14:37:43.162,-1.697489,9.643845,0.105345
18-Jan-2025 14:37:43.178,-1.637634,10.141838,-0.019154
18-Jan-2025 14:37:43.194,-1.599327,10.251971,-0.059855
18-Jan-2025 14:37:43.210,-1.54426,10.283096,-0.052672
18-Jan-2025 14:37:43.226,-1.522712,10.251971,-0.31364
18-Jan-2025 14:37:43.242,-1.479617,10.139444,-0.04549
18-Jan-2025 14:37:43.258,-1.359907,10.041282,-0.167594
18-Jan-2025 14:37:43.274,-1.731008,10.007763,-0.414197
18-Jan-2025 14:37:43.290,-1.673547,10.0341,-0.337582
18-Jan-2025 14:37:43.307,-1.47004,10.13705,-0.35913
18-Jan-2025 14:37:43.323,-1.070208,10.223241,-0.562637
18-Jan-2025 14:37:43.338,-1.029507,10.213664,-0.665588
18-Jan-2025 14:37:43.355,-0.861913,10.022128,-0.727837
18-Jan-2025 14:37:43.371,-1.144428,9.933543,-0.744597
18-Jan-2025 14:37:43.387,-1.312023,9.694122,-0.670376
18-Jan-2025 14:37:43.403,-1.455675,9.931149,-0.677559
18-Jan-2025 14:37:43.419,-1.101333,9.378088,-0.957681
18-Jan-2025 14:37:43.435,-0.957681,9.196129,-1.177947
18-Jan-2025 14:37:43.451,-1.13964,9.933543,-0.890643
18-Jan-2025 14:37:43.467,-1.029507,9.627085,-0.830788
18-Jan-2025 14:37:43.483,-0.596156,9.809045,-0.670376
18-Jan-2025 14:37:43.499,-0.507571,10.287885,-0.895431
18-Jan-2025 14:37:43.515,-0.483629,10.146626,-1.000776
18-Jan-2025 14:37:43.531,-0.423774,9.605537,-0.991199
18-Jan-2025 14:37:43.548,-0.280122,9.938332,-0.92895
18-Jan-2025 14:37:43.564,-0.335188,10.110714,-1.197101
18-Jan-2025 14:37:43.579,-0.409408,10.134656,-1.151611
18-Jan-2025 14:37:43.596,-0.244209,9.993398,-1.070208
18-Jan-2025 14:37:43.612,0.009577,10.079589,-1.170765
18-Jan-2025 14:37:43.628,0.215478,9.854534,-1.108515
18-Jan-2025 14:37:43.644,0.914585,8.60955,-0.656011
18-Jan-2025 14:37:43.660,-1.73819,10.419566,-0.416591
18-Jan-2025 14:37:43.676,-0.600945,9.811439,-1.49877
18-Jan-2025 14:37:43.692,-0.131681,9.251195,-0.842759
18-Jan-2025 14:37:43.708,-0.581791,9.16261,-0.361524
18-Jan-2025 14:37:43.724,-0.73502,9.19134,-0.902614
18-Jan-2025 14:37:43.740,-0.167594,9.588778,-0.907402
18-Jan-2025 14:37:43.756,0.248997,9.816227,-0.701501
18-Jan-2025 14:37:43.772,0.344765,9.849746,-0.567426
18-Jan-2025 14:37:43.788,0.806846,9.627085,-0.383072
18-Jan-2025 14:37:43.805,0.902614,9.469068,-0.605733
18-Jan-2025 14:37:43.820,1.103727,9.241618,-0.797269
18-Jan-2025 14:37:43.837,0.967257,9.141062,-0.888249
18-Jan-2025 14:37:43.853,1.022324,9.141062,-0.869095
18-Jan-2025 14:37:43.869,0.857124,10.225636,-1.438915
18-Jan-2025 14:37:43.885,0.895431,10.280702,-1.37906
18-Jan-2025 14:37:43.901,0.905008,10.603919,-1.491588
18-Jan-2025 14:37:43.917,1.024718,10.79785,-1.49877
18-Jan-2025 14:37:43.933,0.787692,11.030087,-1.61848
18-Jan-2025 14:37:43.949,0.955287,10.929531,-1.68073
18-Jan-2025 14:37:43.965,0.993594,10.630256,-1.448492
18-Jan-2025 14:37:43.981,1.055843,10.340557,-1.565808
18-Jan-2025 14:37:43.997,0.873884,9.904813,-1.896208
18-Jan-2025 14:37:44.013,0.950498,9.337387,-1.661576
18-Jan-2025 14:37:44.030,1.163582,8.695741,-1.484405
18-Jan-2025 14:37:44.046,1.400608,9.095572,-1.599327
18-Jan-2025 14:37:44.062,1.75495,8.59279,-1.781286
18-Jan-2025 14:37:44.078,1.460463,8.51857,-1.086968
18-Jan-2025 14:37:44.094,0.440533,8.149862,-1.326388
18-Jan-2025 14:37:44.110,-0.196325,7.982268,-1.642422
18-Jan-2025 14:37:44.126,0.301669,8.394072,-1.556231
18-Jan-2025 14:37:44.142,0.799663,8.686164,-2.025495
18-Jan-2025 14:37:44.158,1.149217,9.363723,-2.090138
18-Jan-2025 14:37:44.174,1.201889,10.170568,-2.090138
18-Jan-2025 14:37:44.190,1.070208,10.582372,-2.142811
18-Jan-2025 14:37:44.206,0.881066,10.579977,-2.319981
18-Jan-2025 14:37:44.222,0.663194,10.28549,-2.39899
18-Jan-2025 14:37:44.238,0.440533,9.840169,-1.881842
18-Jan-2025 14:37:44.254,-0.067038,9.605537,-2.212242
18-Jan-2025 14:37:44.270,0.220267,9.40203,-2.197877
18-Jan-2025 14:37:44.287,0.442927,9.366117,-2.466028
18-Jan-2025 14:37:44.302,0.610521,9.531317,-2.501941
18-Jan-2025 14:37:44.319,0.94571,10.005369,-2.396596
18-Jan-2025 14:37:44.335,0.639252,10.620679,-2.418144
18-Jan-2025 14:37:44.351,0.229843,11.080365,-2.248155
18-Jan-2025 14:37:44.367,0.328006,11.147403,-1.912967
18-Jan-2025 14:37:44.383,0.383072,11.195287,-1.568202
18-Jan-2025 14:37:44.399,2.896984,10.460267,-1.640028
18-Jan-2025 14:37:44.415,1.960851,10.184934,-0.656011
18-Jan-2025 14:37:44.431,0.916979,10.560823,-1.73819
18-Jan-2025 14:37:44.447,1.728614,12.337321,-2.018312
18-Jan-2025 14:37:44.463,1.055843,13.474567,-1.879448
18-Jan-2025 14:37:44.479,-0.897826,12.919112,-1.936909
18-Jan-2025 14:37:44.495,-0.605733,11.801021,-0.667982
18-Jan-2025 14:37:44.511,0.830788,11.484985,-0.263362
18-Jan-2025 14:37:44.528,1.187524,10.623073,0.201113
18-Jan-2025 14:37:44.544,0.387861,10.996569,-0.452504
18-Jan-2025 14:37:44.560,-0.474052,11.559206,-0.986411
18-Jan-2025 14:37:44.576,-0.514753,10.548853,-0.339977
18-Jan-2025 14:37:44.591,-1.448492,9.198523,0.110133
18-Jan-2025 14:37:44.608,-2.657564,7.66384,0.591368
18-Jan-2025 14:37:44.624,-3.634398,7.249643,1.082179
18-Jan-2025 14:37:44.640,-4.096479,7.536947,1.563414
18-Jan-2025 14:37:44.656,-3.294421,8.056489,2.015918
18-Jan-2025 14:37:44.672,-1.340753,7.845799,2.343924
18-Jan-2025 14:37:44.688,-0.73502,7.534553,1.860295
18-Jan-2025 14:37:44.704,-0.826,8.305486,1.33357
18-Jan-2025 14:37:44.720,-0.754174,9.045294,0.1652
18-Jan-2025 14:37:44.736,-0.356736,9.263166,0.004788
18-Jan-2025 14:37:44.752,0.038307,9.624691,-0.565032
18-Jan-2025 14:37:44.767,0.1652,9.634268,-1.649605
18-Jan-2025 14:37:44.784,0.701501,9.260772,-2.047042
18-Jan-2025 14:37:44.801,0.931344,8.760384,-1.814805
18-Jan-2025 14:37:44.817,0.351948,8.420407,-1.580173
18-Jan-2025 14:37:44.833,0.184354,8.554482,-1.031901
18-Jan-2025 14:37:44.849,-0.677559,8.506598,0.088585
18-Jan-2025 14:37:44.865,-0.691924,9.066842,0.167594
18-Jan-2025 14:37:44.881,-1.242591,9.595961,1.33357
18-Jan-2025 14:37:44.897,-1.84593,10.134656,2.92332
18-Jan-2025 14:37:44.912,-1.963245,10.129868,3.0143
18-Jan-2025 14:37:44.929,-0.531513,10.101137,2.360683
18-Jan-2025 14:37:44.945,0.533907,10.263943,1.137246
18-Jan-2025 14:37:44.961,0.397437,9.947908,-0.222661
18-Jan-2025 14:37:44.977,-0.213084,9.782708,-0.488417
18-Jan-2025 14:37:44.993,-0.251391,9.64145,0.366313
18-Jan-2025 14:37:45.010,0.02873,9.627085,1.51553
18-Jan-2025 14:37:45.025,0.335188,9.873688,1.826776
18-Jan-2025 14:37:45.042,0.45011,10.177752,1.108515
18-Jan-2025 14:37:45.058,0.399832,10.390836,-0.179565
18-Jan-2025 14:37:45.074,0.277727,10.934319,-0.658405
18-Jan-2025 14:37:45.090,0.351948,11.085154,-0.328006
18-Jan-2025 14:37:45.106,0.026336,10.82658,0.373495
18-Jan-2025 14:37:45.122,0.035913,10.584765,1.142034
18-Jan-2025 14:37:45.138,0.37589,10.637438,1.654393
18-Jan-2025 14:37:45.154,0.550666,10.989386,1.264138
18-Jan-2025 14:37:45.170,0.826,11.197681,0.038307
18-Jan-2025 14:37:45.186,1.90339,11.51611,-1.074997
18-Jan-2025 14:37:45.202,3.308787,11.267113,-0.770933
18-Jan-2025 14:37:45.218,3.641581,10.237606,0.409408
18-Jan-2025 14:37:45.234,3.160346,8.856153,1.326388
18-Jan-2025 14:37:45.251,2.750938,7.606379,2.066196
18-Jan-2025 14:37:45.267,1.908179,6.555324,2.152387
18-Jan-2025 14:37:45.283,1.007959,6.040571,1.613692
18-Jan-2025 14:37:45.299,1.060631,6.53617,1.046266
18-Jan-2025 14:37:45.315,2.102109,7.817069,0.742203
18-Jan-2025 14:37:45.331,3.289633,9.459491,0.354342
18-Jan-2025 14:37:45.347,3.141193,10.99178,-0.392649
18-Jan-2025 14:37:45.363,2.154782,12.138602,-0.768539
18-Jan-2025 14:37:45.379,0.624887,11.839328,-0.476446
18-Jan-2025 14:37:45.395,0.201113,12.093113,-0.186748
18-Jan-2025 14:37:45.411,0.833182,12.004527,-0.095768
18-Jan-2025 14:37:45.427,1.479617,10.709264,-0.035913
18-Jan-2025 14:37:45.443,1.601721,9.667787,-0.361524
18-Jan-2025 14:37:45.459,1.505953,8.710106,-0.562637
18-Jan-2025 14:37:45.475,1.417367,7.848193,-0.423774
18-Jan-2025 14:37:45.491,1.417367,7.290344,0.217872
18-Jan-2025 14:37:45.508,1.122881,7.235278,0.667982
18-Jan-2025 14:37:45.524,0.727837,7.553706,0.694318
18-Jan-2025 14:37:45.540,0.790087,8.331821,0.366313
18-Jan-2025 14:37:45.556,0.92895,9.229648,-0.299275
18-Jan-2025 14:37:45.572,1.036689,10.014946,-0.816423
18-Jan-2025 14:37:45.588,1.309628,10.457873,-0.818817
18-Jan-2025 14:37:45.604,1.134852,10.716447,-0.469264
18-Jan-2025 14:37:45.620,1.233014,10.522516,0.124498
18-Jan-2025 14:37:45.636,1.247379,10.216059,0.6608
18-Jan-2025 14:37:45.652,1.436521,10.103531,0.943315
18-Jan-2025 14:37:45.668,1.393425,10.170568,0.984017
18-Jan-2025 14:37:45.684,1.079785,10.352529,0.586579
18-Jan-2025 14:37:45.700,0.902614,10.737994,-0.098162
18-Jan-2025 14:37:45.716,0.778116,11.116279,0.596156
18-Jan-2025 14:37:45.732,-0.167594,11.978191,2.075773
18-Jan-2025 14:37:45.748,-1.043872,12.914324,2.013524
18-Jan-2025 14:37:45.765,-1.364695,13.702016,1.04866
18-Jan-2025 14:37:45.781,-1.187524,13.745112,-0.09098
18-Jan-2025 14:37:45.797,-1.187524,13.359646,-0.057461
18-Jan-2025 14:37:45.813,-0.885855,12.337321,1.66397
18-Jan-2025 14:37:45.829,-0.665588,11.027693,3.28245
18-Jan-2025 14:37:45.845,-0.988805,9.631873,3.847482
18-Jan-2025 14:37:45.861,-0.97444,8.384495,3.160346
18-Jan-2025 14:37:45.877,-1.699883,7.084443,2.066196
18-Jan-2025 14:37:45.893,-1.934515,6.291962,1.651999
18-Jan-2025 14:37:45.909,-2.363077,5.995081,2.149993
18-Jan-2025 14:37:45.925,-2.061408,6.596025,2.650381
18-Jan-2025 14:37:45.941,-1.599327,7.680599,2.928109
18-Jan-2025 14:37:45.957,-1.678335,9.064447,2.454057
18-Jan-2025 14:37:45.973,-1.371878,10.168175,1.49877
18-Jan-2025 14:37:45.989,-1.472434,11.35091,0.768539
18-Jan-2025 14:37:46.006,-1.812411,11.894394,0.416591
18-Jan-2025 14:37:46.022,-2.286463,12.014104,0.282516
18-Jan-2025 14:37:46.037,-2.207454,10.836157,0.452504
18-Jan-2025 14:37:46.054,-1.898602,9.753978,0.797269
18-Jan-2025 14:37:46.070,-1.489193,8.815451,0.905008
18-Jan-2025 14:37:46.086,-1.161188,8.008605,0.672771
18-Jan-2025 14:37:46.102,-1.156399,7.635109,0.371101
18-Jan-2025 14:37:46.118,-1.563414,7.682993,0.237026
18-Jan-2025 14:37:46.134,-2.066196,8.010999,-0.023942
18-Jan-2025 14:37:46.150,-2.451663,8.595184,-0.23942
18-Jan-2025 14:37:46.166,-2.126051,9.141062,-0.229843
18-Jan-2025 14:37:46.182,-1.757344,9.473856,-0.102951
18-Jan-2025 14:37:46.198,-1.587356,9.73243,0.138864
18-Jan-2025 14:37:46.214,-1.517924,10.070012,0.337582
18-Jan-2025 14:37:46.230,-1.422156,10.041282,0.593762
18-Jan-2025 14:37:46.246,-1.276109,9.830592,0.512359
18-Jan-2025 14:37:46.262,-1.393425,9.519346,0.225055
18-Jan-2025 14:37:46.278,-1.472434,9.277532,0.021548
18-Jan-2025 14:37:46.294,-1.441309,9.196129,-0.019154
18-Jan-2025 14:37:46.311,-1.37906,9.14585,0.169988
18-Jan-2025 14:37:46.327,-1.225831,9.40203,0.337582
18-Jan-2025 14:37:46.343,-1.118092,9.684546,0.361524
18-Jan-2025 14:37:46.359,-1.031901,9.957485,0.234632
18-Jan-2025 14:37:46.375,-0.691924,10.395624,0.40462
18-Jan-2025 14:37:46.391,-0.603339,10.807426,0.794875
18-Jan-2025 14:37:46.407,-0.955287,11.032481,0.85473
18-Jan-2025 14:37:46.423,-1.170765,11.09473,0.517148
18-Jan-2025 14:37:46.439,-1.601721,11.262324,0.062249
18-Jan-2025 14:37:46.455,-1.798046,11.286267,-0.268151
18-Jan-2025 14:37:46.471,-1.604115,11.164163,-0.167594
18-Jan-2025 14:37:46.487,-0.464475,11.291056,-0.114922
18-Jan-2025 14:37:46.504,1.556231,11.410766,0.584185
18-Jan-2025 14:37:46.519,2.47321,10.465055,1.541866
18-Jan-2025 14:37:46.535,2.214637,9.248801,2.142811
18-Jan-2025 14:37:46.552,1.628057,8.310274,2.312799
18-Jan-2025 14:37:46.568,1.06542,7.685388,2.121263
18-Jan-2025 14:37:46.584,0.691924,7.582437,1.884237
18-Jan-2025 14:37:46.600,0.385466,7.963115,1.419762
18-Jan-2025 14:37:46.616,0.141258,8.671799,0.842759
18-Jan-2025 14:37:46.632,0.158017,9.794679,0.454898
18-Jan-2025 14:37:46.648,0.052672,11.149797,-0.280122
18-Jan-2025 14:37:46.664,-0.332794,11.822568,-0.727837
18-Jan-2025 14:37:46.680,0.332794,11.482592,-0.344765
18-Jan-2025 14:37:46.696,-0.457293,12.109872,0.466869
18-Jan-2025 14:37:46.712,-0.217872,10.70687,0.658405
18-Jan-2025 14:37:46.728,0.011971,9.979033,0.536301
18-Jan-2025 14:37:46.744,0.397437,9.330204,0.191536
18-Jan-2025 14:37:46.760,0.797269,8.851364,-0.280122
18-Jan-2025 14:37:46.777,0.826,8.810662,-0.40462
18-Jan-2025 14:37:46.793,0.354342,8.927979,-0.493206
18-Jan-2025 14:37:46.809,-0.191536,9.141062,-0.699107
18-Jan-2025 14:37:46.825,-0.691924,9.358934,-0.778116
18-Jan-2025 14:37:46.841,-0.562637,9.562442,-0.471658
18-Jan-2025 14:37:46.857,-0.272939,9.832987,-0.141258
18-Jan-2025 14:37:46.873,0.026336,9.993398,-0.079009
18-Jan-2025 14:37:46.889,0.301669,10.180145,-0.225055
18-Jan-2025 14:37:46.905,0.679953,10.18254,-0.430956
18-Jan-2025 14:37:46.921,1.039083,10.129868,-0.708684
18-Jan-2025 14:37:46.937,0.976834,9.967062,-0.871489
18-Jan-2025 14:37:46.953,0.565032,9.799467,-0.878672
18-Jan-2025 14:37:46.969,0.129287,9.655815,-0.581791
18-Jan-2025 14:37:46.985,-0.217872,9.531317,-0.387861
18-Jan-2025 14:37:47.002,-0.253785,9.504981,-0.35913
18-Jan-2025 14:37:47.018,-0.272939,9.720459,-0.639252
18-Jan-2025 14:37:47.034,-0.23942,9.900024,-0.976834
18-Jan-2025 14:37:47.050,-0.387861,9.91439,-1.170765
18-Jan-2025 14:37:47.066,-0.603339,9.986216,-1.036689
18-Jan-2025 14:37:47.082,-0.378284,10.050858,-0.634463
18-Jan-2025 14:37:47.098,-0.09098,10.089166,-0.378284
18-Jan-2025 14:37:47.114,0.055067,10.326192,-0.363919
18-Jan-2025 14:37:47.130,-0.011971,10.692505,-0.205901
18-Jan-2025 14:37:47.146,-0.888249,11.432313,0.246603
18-Jan-2025 14:37:47.162,-1.25935,11.429919,0.047884
18-Jan-2025 14:37:47.178,-1.869871,12.392388,-0.557849
18-Jan-2025 14:37:47.194,-2.391808,12.624625,-0.859518
18-Jan-2025 14:37:47.210,-2.513912,13.383588,-0.37589
18-Jan-2025 14:37:47.226,-1.774103,12.318168,1.063026
18-Jan-2025 14:37:47.242,-1.661576,11.070788,2.027889
18-Jan-2025 14:37:47.259,-1.716643,9.804255,2.042254
18-Jan-2025 14:37:47.275,-1.728614,8.640674,1.623269
18-Jan-2025 14:37:47.291,-1.862689,7.541735,0.912191
18-Jan-2025 14:37:47.307,-2.183512,6.684611,0.737414
18-Jan-2025 14:37:47.323,-2.573767,6.485892,1.249773
18-Jan-2025 14:37:47.339,-3.150769,6.742072,1.862689
18-Jan-2025 14:37:47.355,-2.806004,7.64708,2.025495
18-Jan-2025 14:37:47.371,-2.243367,8.722076,1.862689
18-Jan-2025 14:37:47.387,-2.087744,10.01734,1.362301
18-Jan-2025 14:37:47.403,-2.06859,10.941502,0.790087
18-Jan-2025 14:37:47.419,-2.123657,11.420342,0.1652
18-Jan-2025 14:37:47.435,-2.06859,11.645397,-0.059855
18-Jan-2025 14:37:47.451,-2.121263,11.013328,0.088585
18-Jan-2025 14:37:47.467,-1.889025,10.079589,0.622492
18-Jan-2025 14:37:47.484,-1.666364,9.43076,1.177947
18-Jan-2025 14:37:47.499,-1.39582,8.834604,1.233014
18-Jan-2025 14:37:47.515,-1.249773,8.451532,0.792481
18-Jan-2025 14:37:47.532,-1.793257,8.379706,0.09098
18-Jan-2025 14:37:47.548,-2.375048,8.564059,-0.428562
18-Jan-2025 14:37:47.564,-2.533065,8.920795,-0.557849
18-Jan-2025 14:37:47.580,-2.30801,9.14585,-0.304064
18-Jan-2025 14:37:47.596,-1.980005,9.385271,0.002394
18-Jan-2025 14:37:47.612,-1.769315,9.576807,0.241814
18-Jan-2025 14:37:47.628,-1.584962,9.811439,0.318429
18-Jan-2025 14:37:47.644,-1.594538,9.876082,0.270545
18-Jan-2025 14:37:47.660,-1.592144,9.921572,0.021548
18-Jan-2025 14:37:47.676,-1.774103,9.710882,-0.110133
18-Jan-2025 14:37:47.692,-1.78368,9.440337,0.016759
18-Jan-2025 14:37:47.708,-1.649605,9.124303,0.241814
18-Jan-2025 14:37:47.724,-1.553837,8.942344,0.481235
18-Jan-2025 14:37:47.741,-1.565808,9.100361,0.667982
18-Jan-2025 14:37:47.756,-1.496376,9.457097,0.600945
18-Jan-2025 14:37:47.773,-1.472434,9.813833,0.323217
18-Jan-2025 14:37:47.789,-1.460463,10.15381,-0.067038
18-Jan-2025 14:37:47.805,-1.429338,10.455479,-0.253785
18-Jan-2025 14:37:47.821,-1.364695,10.654198,-0.215478
18-Jan-2025 14:37:47.837,-1.307234,10.778696,-0.138864
18-Jan-2025 14:37:47.853,-1.316811,10.723629,-0.093374
18-Jan-2025 14:37:47.869,-1.319205,10.718841,-0.102951
18-Jan-2025 14:37:47.885,-1.247379,10.663774,-0.296881
18-Jan-2025 14:37:47.901,-0.936133,10.639832,-0.574608
18-Jan-2025 14:37:47.917,-1.039083,10.812215,-0.339977
18-Jan-2025 14:37:47.933,-0.588974,10.82658,0.014365
18-Jan-2025 14:37:47.949,-0.167594,10.280702,0.205901
18-Jan-2025 14:37:47.965,0.275333,9.725247,0.828394
18-Jan-2025 14:37:47.981,0.828394,9.143456,1.671153
18-Jan-2025 14:37:47.998,1.292869,8.827422,2.219425
18-Jan-2025 14:37:48.014,1.482011,8.611943,2.102109
18-Jan-2025 14:37:48.030,1.405396,8.492233,1.807622
18-Jan-2025 14:37:48.046,0.967257,8.686164,1.249773
18-Jan-2025 14:37:48.062,-0.079009,9.155427,0.067038
18-Jan-2025 14:37:48.077,-1.01993,10.053253,-1.053449
18-Jan-2025 14:37:48.094,-1.252167,11.147403,-1.651999
18-Jan-2025 14:37:48.110,-1.149217,11.848905,-1.35033
18-Jan-2025 14:37:48.126,-1.254562,12.023681,-0.565032
18-Jan-2025 14:37:48.142,-1.671153,11.563994,-0.222661
18-Jan-2025 14:37:48.158,-1.661576,10.87207,-0.462081
18-Jan-2025 14:37:48.174,-1.458069,10.187328,-0.936133
18-Jan-2025 14:37:48.190,-1.13964,9.509769,-1.031901
18-Jan-2025 14:37:48.206,-0.878672,8.951921,-0.634463
18-Jan-2025 14:37:48.222,-0.818817,8.492233,-0.112527
18-Jan-2025 14:37:48.239,-1.106121,8.259995,0.102951
18-Jan-2025 14:37:48.255,-1.280898,8.202535,0.035913
18-Jan-2025 14:37:48.271,-1.170765,8.463503,-0.265756
18-Jan-2025 14:37:48.287,-0.816423,8.801085,-0.603339
18-Jan-2025 14:37:48.303,-0.684742,9.270349,-0.782904
18-Jan-2025 14:37:48.319,-0.938527,9.725247,-0.76375
18-Jan-2025 14:37:48.335,-1.244985,10.213664,-0.811634
18-Jan-2025 14:37:48.351,-1.046266,10.350134,-0.80924
18-Jan-2025 14:37:48.367,-1.070208,10.876859,-0.885855
18-Jan-2025 14:37:48.383,-0.732626,10.556035,-0.92895
18-Jan-2025 14:37:48.398,-0.663194,10.218452,-0.78051
18-Jan-2025 14:37:48.415,-0.727837,9.969456,-0.749385
18-Jan-2025 14:37:48.431,-0.85473,9.787497,-0.845153
18-Jan-2025 14:37:48.447,-1.137246,9.64145,-1.060631
18-Jan-2025 14:37:48.463,-1.467646,9.603143,-0.976834
18-Jan-2025 14:37:48.479,-1.594538,9.639056,-0.732626
18-Jan-2025 14:37:48.496,-1.357512,9.773131,-0.509965
18-Jan-2025 14:37:48.512,-1.06542,9.856929,-0.548272
18-Jan-2025 14:37:48.528,-0.94571,9.964667,-0.737414
18-Jan-2025 14:37:48.544,-0.897826,10.026917,-0.905008
18-Jan-2025 14:37:48.560,-0.811634,9.979033,-0.976834
18-Jan-2025 14:37:48.576,-0.699107,9.967062,-0.936133
18-Jan-2025 14:37:48.592,-0.696713,9.97185,-0.88346
18-Jan-2025 14:37:48.608,-0.749385,9.91439,-0.960075
18-Jan-2025 14:37:48.624,-0.751779,9.787497,-1.134852
18-Jan-2025 14:37:48.640,-0.667982,9.753978,-1.070208
18-Jan-2025 14:37:48.656,-0.565032,9.730036,-0.653617
18-Jan-2025 14:37:48.672,-0.622492,10.230424,0.260968
18-Jan-2025 14:37:48.688,-1.194707,11.087548,0.418985
18-Jan-2025 14:37:48.704,-1.685518,11.580753,-0.857124
18-Jan-2025 14:37:48.720,-1.517924,11.872847,-1.891419
18-Jan-2025 14:37:48.737,-0.758962,11.822568,-1.551443
18-Jan-2025 14:37:48.753,-0.691924,11.123461,-0.055067
18-Jan-2025 14:37:48.768,-1.041478,10.192117,1.031901
18-Jan-2025 14:37:48.785,-1.647211,9.19134,1.072602
18-Jan-2025 14:37:48.801,-2.149993,8.453926,0.797269
18-Jan-2025 14:37:48.817,-2.209848,7.936779,0.758962
18-Jan-2025 14:37:48.833,-2.252944,7.671022,1.027112
18-Jan-2025 14:37:48.849,-2.47321,7.577648,1.47004
18-Jan-2025 14:37:48.865,-2.63841,7.723695,1.99437
18-Jan-2025 14:37:48.881,-2.925714,8.166622,2.219425
18-Jan-2025 14:37:48.897,-3.268085,8.779537,2.190695
18-Jan-2025 14:37:48.913,-3.268085,9.598354,1.984793
18-Jan-2025 14:37:48.929,-2.92332,10.455479,1.654393
18-Jan-2025 14:37:48.945,-2.873042,11.204864,1.228225
18-Jan-2025 14:37:48.961,-2.70066,11.434708,0.905008
18-Jan-2025 14:37:48.978,-2.554613,11.362882,0.725443
18-Jan-2025 14:37:48.993,-2.396596,10.845734,0.90022
18-Jan-2025 14:37:49.009,-2.123657,10.299856,1.170765
18-Jan-2025 14:37:49.025,-2.008735,9.694122,1.345541
18-Jan-2025 14:37:49.041,-2.001553,9.093178,1.173159
18-Jan-2025 14:37:49.058,-2.245761,8.686164,0.68953
18-Jan-2025 14:37:49.074,-2.707842,8.331821,0.294487
18-Jan-2025 14:37:49.090,-3.196259,8.135497,0.208296
18-Jan-2025 14:37:49.106,-3.450045,8.183381,0.694318
18-Jan-2025 14:37:49.122,-3.294421,8.468291,1.309628
18-Jan-2025 14:37:49.138,-3.263297,9.076419,1.517924
18-Jan-2025 14:37:49.154,-2.882619,9.560047,1.321599
18-Jan-2025 14:37:49.170,-3.023877,10.338163,1.134852
18-Jan-2025 14:37:49.186,-3.220201,10.915166,1.063026
18-Jan-2025 14:37:49.202,-3.531447,11.226412,1.170765
18-Jan-2025 14:37:49.218,-3.734955,11.097125,1.192312
18-Jan-2025 14:37:49.235,-3.562572,10.486604,0.931344
18-Jan-2025 14:37:49.251,-3.330335,9.974244,0.639252
18-Jan-2025 14:37:49.267,-3.157952,9.406818,0.395043
18-Jan-2025 14:37:49.283,-2.899378,8.882488,0.529119
18-Jan-2025 14:37:49.299,-2.377442,8.525752,0.957681
18-Jan-2025 14:37:49.315,-2.504335,8.386889,1.142034
18-Jan-2025 14:37:49.331,-2.659958,8.588001,1.034295
18-Jan-2025 14:37:49.347,-2.767697,8.971074,0.806846
18-Jan-2025 14:37:49.363,-2.698265,9.222465,0.588974
18-Jan-2025 14:37:49.379,-2.719813,9.406818,0.562637
18-Jan-2025 14:37:49.395,-2.755726,9.595961,0.663194
18-Jan-2025 14:37:49.411,-2.652776,9.698911,0.663194
18-Jan-2025 14:37:49.427,-2.322376,9.698911,0.543484
18-Jan-2025 14:37:49.443,-2.264915,9.696517,0.464475
18-Jan-2025 14:37:49.459,-2.149993,9.698911,0.447716
18-Jan-2025 14:37:49.475,-2.08535,9.718064,0.371101
18-Jan-2025 14:37:49.492,-2.372654,9.622296,0.339977
18-Jan-2025 14:37:49.508,-2.413355,9.519346,0.311246
18-Jan-2025 14:37:49.524,-2.207454,9.497798,0.548272
18-Jan-2025 14:37:49.540,-2.329558,9.703699,0.311246
18-Jan-2025 14:37:49.556,-2.456451,9.792285,0.35913
18-Jan-2025 14:37:49.572,-2.267309,10.144233,0.486023
18-Jan-2025 14:37:49.588,-2.030283,10.357317,0.430956
18-Jan-2025 14:37:49.604,-1.757344,10.460267,0.423774
18-Jan-2025 14:37:49.620,-1.522712,10.371682,0.730232
18-Jan-2025 14:37:49.636,-1.446098,10.297462,1.161188
18-Jan-2025 14:37:49.652,-1.225831,10.228029,1.288081
18-Jan-2025 14:37:49.668,-0.711078,10.192117,1.199495
18-Jan-2025 14:37:49.684,-0.28491,10.156203,0.940921
18-Jan-2025 14:37:49.700,-0.071826,10.196905,0.562637
18-Jan-2025 14:37:49.716,0.126893,10.240001,0.383072
18-Jan-2025 14:37:49.733,0.438139,10.086772,0.768539
18-Jan-2025 14:37:49.749,0.526724,9.651027,1.314417
18-Jan-2025 14:37:49.765,0.361524,9.136273,1.671153
18-Jan-2025 14:37:49.781,0.35913,8.690952,1.666364
18-Jan-2025 14:37:49.797,0.416591,8.705317,1.405396
18-Jan-2025 14:37:49.813,0.610521,9.143456,0.861913
18-Jan-2025 14:37:49.829,0.873884,9.835381,0.026336
18-Jan-2025 14:37:49.845,0.948104,10.644621,-0.670376
18-Jan-2025 14:37:49.861,0.826,11.020511,-0.730232
18-Jan-2025 14:37:49.877,0.043096,11.346122,-0.289698
18-Jan-2025 14:37:49.893,-0.37589,11.001357,0.167594
18-Jan-2025 14:37:49.909,-0.332794,10.472239,0.213084
18-Jan-2025 14:37:49.925,0.095768,9.904813,-0.112527
18-Jan-2025 14:37:49.941,0.500388,9.473856,-0.158017
18-Jan-2025 14:37:49.957,0.699107,9.109938,0.155623
18-Jan-2025 14:37:49.973,0.744597,8.925584,0.533907
18-Jan-2025 14:37:49.990,0.742203,8.851364,0.584185
18-Jan-2025 14:37:50.005,0.814029,9.028535,0.462081
18-Jan-2025 14:37:50.022,0.751779,9.325416,0.186748
18-Jan-2025 14:37:50.038,0.409408,9.646238,0.040701
18-Jan-2025 14:37:50.054,0.213084,9.849746,0.021548
18-Jan-2025 14:37:50.070,0.323217,9.883265,0.196325
18-Jan-2025 14:37:50.086,0.509965,9.888053,0.54109
18-Jan-2025 14:37:50.102,0.828394,9.868899,0.770933
18-Jan-2025 14:37:50.118,1.221043,9.797073,0.794875
18-Jan-2025 14:37:50.134,1.391031,9.751583,0.612916
18-Jan-2025 14:37:50.150,1.149217,9.856929,0.095768
18-Jan-2025 14:37:50.166,0.847547,9.907207,-0.292093
18-Jan-2025 14:37:50.182,0.600945,9.959879,-0.280122
18-Jan-2025 14:37:50.198,0.466869,9.861717,-0.033519
18-Jan-2025 14:37:50.214,0.435745,9.768343,0.184354
18-Jan-2025 14:37:50.231,0.512359,9.627085,0.277727
18-Jan-2025 14:37:50.246,0.620098,9.514558,0.198719
18-Jan-2025 14:37:50.263,0.744597,9.457097,0.100556
18-Jan-2025 14:37:50.279,0.905008,9.495404,0.069432
18-Jan-2025 14:37:50.295,1.034295,9.576807,0.011971
18-Jan-2025 14:37:50.311,1.146823,9.61272,-0.031125
18-Jan-2025 14:37:50.327,1.161188,9.651027,-0.050278
18-Jan-2025 14:37:50.343,1.096544,9.457097,0.079009
18-Jan-2025 14:37:50.359,1.278504,9.502586,0.454898
18-Jan-2025 14:37:50.375,1.613692,9.727641,0.426168
18-Jan-2025 14:37:50.391,1.477222,9.830592,-0.1652
18-Jan-2025 14:37:50.407,1.417367,10.04607,-0.596156
18-Jan-2025 14:37:50.423,1.426944,10.342952,-0.45011
18-Jan-2025 14:37:50.439,1.314417,10.639832,-0.023942
18-Jan-2025 14:37:50.455,1.288081,10.807426,0.237026
18-Jan-2025 14:37:50.472,1.340753,10.972627,0.325611
18-Jan-2025 14:37:50.488,1.616086,11.209652,0.287304
18-Jan-2025 14:37:50.504,1.723825,11.305421,0.237026
18-Jan-2025 14:37:50.520,1.49877,11.377247,0.430956
18-Jan-2025 14:37:50.536,1.467646,11.666945,1.312023
18-Jan-2025 14:37:50.552,0.806846,12.088325,1.51553
18-Jan-2025 14:37:50.568,-0.201113,12.354081,1.182736
18-Jan-2025 14:37:50.584,-0.679953,12.545617,1.091756
18-Jan-2025 14:37:50.600,-1.165976,11.96622,1.015141
18-Jan-2025 14:37:50.616,-1.113304,11.027693,1.565808
18-Jan-2025 14:37:50.632,-1.051055,10.117896,2.420538
18-Jan-2025 14:37:50.648,-1.154005,9.258378,2.741361
18-Jan-2025 14:37:50.664,-1.572991,8.492233,2.822764
18-Jan-2025 14:37:50.680,-2.013524,7.817069,2.755726
18-Jan-2025 14:37:50.696,-2.504335,7.228095,3.007117
18-Jan-2025 14:37:50.713,-2.712631,6.854599,3.643975
18-Jan-2025 14:37:50.728,-2.726996,7.25922,3.950433
18-Jan-2025 14:37:50.745,-2.432509,8.133103,3.497929
18-Jan-2025 14:37:50.761,-1.860295,9.433155,2.652776
18-Jan-2025 14:37:50.777,-1.572991,10.611102,1.92015
18-Jan-2025 14:37:50.793,-1.594538,11.125855,1.675941
18-Jan-2025 14:37:50.809,-1.740585,11.09473,1.766921
18-Jan-2025 14:37:50.825,-1.711854,10.488997,1.90339
18-Jan-2025 14:37:50.841,-1.307234,9.859323,1.857901
18-Jan-2025 14:37:50.857,-0.699107,9.323022,1.726219
18-Jan-2025 14:37:50.873,-0.387861,8.985439,1.719037
18-Jan-2025 14:37:50.889,-0.600945,8.803479,1.757344
18-Jan-2025 14:37:50.905,-0.629675,8.717288,1.781286
18-Jan-2025 14:37:50.921,-0.806846,8.781932,1.630451
18-Jan-2025 14:37:50.937,-1.034295,9.01417,1.319205
18-Jan-2025 14:37:50.954,-1.115698,9.220071,1.182736
18-Jan-2025 14:37:50.970,-1.165976,9.414001,1.125275
18-Jan-2025 14:37:50.986,-1.005565,9.524135,1.122881
18-Jan-2025 14:37:51.002,-0.656011,9.564836,0.993594
18-Jan-2025 14:37:51.018,-0.320823,9.64145,1.01993
18-Jan-2025 14:37:51.034,-0.186748,9.701305,0.97444
18-Jan-2025 14:37:51.050,-0.316035,9.619903,0.794875
18-Jan-2025 14:37:51.066,-0.335188,9.512163,0.426168
18-Jan-2025 14:37:51.082,-0.447716,9.411607,0.160412
18-Jan-2025 14:37:51.098,-0.679953,9.497798,0.141258
18-Jan-2025 14:37:51.114,-0.897826,9.610326,0.509965
18-Jan-2025 14:37:51.130,-0.572214,9.435549,0.519542
18-Jan-2025 14:37:51.146,-0.114922,9.557653,0.68953
18-Jan-2025 14:37:51.162,0.177171,9.751583,0.770933
18-Jan-2025 14:37:51.179,0.148441,9.854534,0.696713
18-Jan-2025 14:37:51.195,0.162806,10.120291,0.665588
18-Jan-2025 14:37:51.211,0.213084,10.374076,0.56982
18-Jan-2025 14:37:51.227,-0.059855,10.745177,0.380678
18-Jan-2025 14:37:51.243,-0.131681,10.860099,0.366313
18-Jan-2025 14:37:51.259,-0.25618,10.778696,0.287304
18-Jan-2025 14:37:51.275,-0.134075,10.970232,0.454898
18-Jan-2025 14:37:51.291,-0.09098,10.986992,0.294487
18-Jan-2025 14:37:51.307,-0.112527,11.195287,0.418985
18-Jan-2025 14:37:51.323,-0.361524,11.444284,0.756568
18-Jan-2025 14:37:51.339,-0.19393,11.401189,1.01993
18-Jan-2025 14:37:51.355,-0.392649,11.848905,0.718261
18-Jan-2025 14:37:51.371,0.222661,12.064383,-0.366313
18-Jan-2025 14:37:51.387,0.943315,11.501745,-0.859518
18-Jan-2025 14:37:51.403,2.844312,10.398018,0.260968
18-Jan-2025 14:37:51.419,3.16274,9.198523,1.465251
18-Jan-2025 14:37:51.436,2.717419,8.042124,2.576161
18-Jan-2025 14:37:51.452,1.989582,6.895301,3.155558
18-Jan-2025 14:37:51.468,1.063026,6.026206,3.258508
18-Jan-2025 14:37:51.484,1.149217,5.827487,3.145981
18-Jan-2025 14:37:51.500,1.812411,6.696582,3.052607
18-Jan-2025 14:37:51.516,2.207454,8.468291,2.226608
18-Jan-2025 14:37:51.532,1.460463,10.376471,0.328006
18-Jan-2025 14:37:51.548,0.553061,11.745954,-1.620875
18-Jan-2025 14:37:51.563,0.246603,12.686874,-2.312799
18-Jan-2025 14:37:51.580,-0.258574,12.435484,-1.479617
18-Jan-2025 14:37:51.596,-1.422156,11.848905,-0.122104
18-Jan-2025 14:37:51.612,-0.555455,10.230424,0.746991
18-Jan-2025 14:37:51.628,0.54109,8.990228,1.06542
18-Jan-2025 14:37:51.644,1.201889,8.044518,0.744597
18-Jan-2025 14:37:51.661,1.704672,7.319075,0.349553
18-Jan-2025 14:37:51.677,1.848324,7.067683,0.316035
18-Jan-2025 14:37:51.693,1.49877,7.350199,0.493206
18-Jan-2025 14:37:51.709,0.960075,8.109161,0.56982
18-Jan-2025 14:37:51.725,0.237026,9.052477,0.213084
18-Jan-2025 14:37:51.741,-0.502782,9.902418,-0.40462
18-Jan-2025 14:37:51.757,-0.600945,10.498574,-0.871489
18-Jan-2025 14:37:51.773,-0.265756,10.728417,-0.890643
18-Jan-2025 14:37:51.789,0.189142,10.81461,-0.600945
18-Jan-2025 14:37:51.805,0.584185,10.711658,-0.129287
18-Jan-2025 14:37:51.821,0.624887,10.477027,0.23942
18-Jan-2025 14:37:51.837,0.830788,10.096349,0.397437
18-Jan-2025 14:37:51.853,1.036689,9.967062,0.433351
18-Jan-2025 14:37:51.869,0.823605,9.998186,0.344765
18-Jan-2025 14:37:51.884,0.241814,10.230424,0.225055
18-Jan-2025 14:37:51.901,-0.172383,10.795456,0.057461
18-Jan-2025 14:37:51.917,-0.509965,11.145009,-0.311246
18-Jan-2025 14:37:51.933,-0.392649,11.568783,-0.476446
18-Jan-2025 14:37:51.950,-0.476446,12.411542,0.337582
18-Jan-2025 14:37:51.966,-1.68073,13.302185,0.543484
18-Jan-2025 14:37:51.982,-3.193865,11.913548,-0.21069
18-Jan-2025 14:37:51.998,-1.022324,12.878411,-0.222661
18-Jan-2025 14:37:52.014,0.038307,13.541605,0.095768
18-Jan-2025 14:37:52.030,-0.294487,11.669339,-0.11971
18-Jan-2025 14:37:52.046,-1.096544,10.196905,0.081403
18-Jan-2025 14:37:52.062,-1.503559,9.232041,0.857124
18-Jan-2025 14:37:52.078,-1.376666,8.307879,1.434127
18-Jan-2025 14:37:52.094,-1.271321,7.565677,1.807622
18-Jan-2025 14:37:52.110,-1.391031,7.098808,2.154782
18-Jan-2025 14:37:52.126,-1.620875,7.161057,2.470816
18-Jan-2025 14:37:52.142,-1.668759,7.781156,2.652776
18-Jan-2025 14:37:52.158,-1.601721,8.801085,2.37026
18-Jan-2025 14:37:52.174,-1.750161,9.969456,1.041478
18-Jan-2025 14:37:52.191,-1.752556,10.553641,-1.072602
18-Jan-2025 14:37:52.207,-1.51553,10.55843,-2.360683
18-Jan-2025 14:37:52.223,-1.165976,10.038888,-1.99437
18-Jan-2025 14:37:52.239,-0.770933,9.358934,-0.565032
18-Jan-2025 14:37:52.255,-0.280122,8.75799,0.818817
18-Jan-2025 14:37:52.271,-0.107739,8.355764,1.525106
18-Jan-2025 14:37:52.287,-0.260968,8.209718,1.307234
18-Jan-2025 14:37:52.303,-0.270545,8.276755,0.550666
18-Jan-2025 14:37:52.319,-0.399832,8.853758,-0.332794
18-Jan-2025 14:37:52.335,-0.787692,9.437943,-0.847547
18-Jan-2025 14:37:52.351,-1.072602,9.976639,-1.132457
18-Jan-2025 14:37:52.367,-1.134852,10.084377,-1.151611
18-Jan-2025 14:37:52.383,-1.015141,10.0341,-0.976834
18-Jan-2025 14:37:52.400,-0.861913,9.830592,-0.663194
18-Jan-2025 14:37:52.415,-0.591368,9.555259,-0.411803
18-Jan-2025 14:37:52.432,-0.428562,9.263166,-0.225055
18-Jan-2025 14:37:52.448,-0.464475,8.992621,-0.122104
18-Jan-2025 14:37:52.464,-0.555455,8.779537,-0.189142
18-Jan-2025 14:37:52.480,-0.577003,8.805874,-0.440533
18-Jan-2025 14:37:52.496,-0.64404,9.057265,-0.469264
18-Jan-2025 14:37:52.512,-0.699107,9.397242,-0.301669
18-Jan-2025 14:37:52.528,-0.694318,9.816227,-0.050278
18-Jan-2025 14:37:52.544,-0.656011,10.400413,-0.043096
18-Jan-2025 14:37:52.560,-0.562637,10.891224,-0.280122
18-Jan-2025 14:37:52.576,-0.565032,11.291056,-0.512359
18-Jan-2025 14:37:52.592,-0.605733,11.408371,-0.447716
18-Jan-2025 14:37:52.608,-0.593762,11.307815,-0.21069
18-Jan-2025 14:37:52.624,-0.572214,11.358093,0.11971
18-Jan-2025 14:37:52.640,-0.68953,11.145009,0.153229
18-Jan-2025 14:37:52.656,-0.68953,11.180922,0.21069
18-Jan-2025 14:37:52.673,-0.584185,11.286267,0.294487
18-Jan-2025 14:37:52.689,-0.727837,11.647791,0.126893
18-Jan-2025 14:37:52.705,-0.438139,11.678916,-0.627281
18-Jan-2025 14:37:52.721,1.01993,11.15698,-0.691924
18-Jan-2025 14:37:52.737,2.099715,10.335769,0.275333
18-Jan-2025 14:37:52.753,2.497152,8.896853,1.357512
18-Jan-2025 14:37:52.769,1.984793,7.601591,2.214637
18-Jan-2025 14:37:52.785,1.39582,6.830657,2.731784
18-Jan-2025 14:37:52.801,1.005565,6.861782,2.722207
18-Jan-2025 14:37:52.817,0.806846,7.989451,2.284068
18-Jan-2025 14:37:52.833,0.68953,9.155427,1.39582
18-Jan-2025 14:37:52.849,0.751779,10.685322,-0.146046
18-Jan-2025 14:37:52.865,0.699107,12.030864,-1.582567
18-Jan-2025 14:37:52.882,-0.47884,12.29662,-2.260126
18-Jan-2025 14:37:52.898,-1.223437,12.093113,-1.934515
18-Jan-2025 14:37:52.914,-1.098939,10.939108,-0.684742
18-Jan-2025 14:37:52.930,-0.402226,10.0341,0.519542
18-Jan-2025 14:37:52.946,0.112527,9.186552,1.012747
18-Jan-2025 14:37:52.962,0.6608,8.50181,0.708684
18-Jan-2025 14:37:52.978,1.225831,8.075643,-0.076614
18-Jan-2025 14:37:52.994,1.252167,8.034941,-0.557849
18-Jan-2025 14:37:53.010,0.893037,8.207323,-0.739808
18-Jan-2025 14:37:53.026,0.11971,8.453926,-0.675165
18-Jan-2025 14:37:53.042,-0.725443,8.959103,-0.593762
18-Jan-2025 14:37:53.058,-1.496376,9.421184,-0.59855
18-Jan-2025 14:37:53.074,-1.90339,9.847352,-0.612916
18-Jan-2025 14:37:53.090,-1.326388,10.0341,-0.687136
18-Jan-2025 14:37:53.106,-0.56982,10.101137,-0.742203
18-Jan-2025 14:37:53.123,-0.002394,10.029311,-0.517148
18-Jan-2025 14:37:53.139,0.225055,9.780313,-0.227449
18-Jan-2025 14:37:53.155,0.019154,9.646238,0.009577
18-Jan-2025 14:37:53.171,-0.177171,9.660604,0.04549
18-Jan-2025 14:37:53.187,-0.270545,9.876082,0.002394
18-Jan-2025 14:37:53.203,-0.292093,10.328587,-0.047884
18-Jan-2025 14:37:53.219,-0.366313,10.900801,-0.28491
18-Jan-2025 14:37:53.235,-0.684742,11.324574,-0.811634
18-Jan-2025 14:37:53.251,-1.022324,11.559206,-1.022324
18-Jan-2025 14:37:53.267,-1.30484,11.99495,-0.129287
18-Jan-2025 14:37:53.283,-1.893813,12.239159,0.483629
18-Jan-2025 14:37:53.299,-2.506729,11.939884,-0.548272
18-Jan-2025 14:37:53.315,-2.197877,12.330139,-1.647211
18-Jan-2025 14:37:53.331,-1.795651,12.844893,-1.271321
18-Jan-2025 14:37:53.347,-2.133234,12.140997,-0.253785
18-Jan-2025 14:37:53.363,-2.238579,10.788273,0.531513
18-Jan-2025 14:37:53.379,-2.166753,9.639056,1.204283
18-Jan-2025 14:37:53.396,-1.795651,8.602366,1.671153
18-Jan-2025 14:37:53.412,-1.403002,7.587225,1.740585
18-Jan-2025 14:37:53.428,-1.553837,6.73489,1.853112
18-Jan-2025 14:37:53.444,-2.286463,6.215348,2.066196
18-Jan-2025 14:37:53.460,-2.755726,6.397307,2.260126
18-Jan-2025 14:37:53.476,-2.722207,7.340622,2.305616
18-Jan-2025 14:37:53.492,-2.681506,8.767567,1.766921
18-Jan-2025 14:37:53.508,-3.016694,10.13705,0.222661
18-Jan-2025 14:37:53.524,-3.256114,10.886436,-1.563414
18-Jan-2025 14:37:53.540,-3.019088,11.010934,-2.06859
18-Jan-2025 14:37:53.556,-2.662352,10.393229,-1.084573
18-Jan-2025 14:37:53.572,-2.25055,9.648633,0.294487
18-Jan-2025 14:37:53.589,-1.826776,9.136273,1.30484
18-Jan-2025 14:37:53.604,-1.326388,8.813056,1.742979
18-Jan-2025 14:37:53.621,-1.098939,8.805874,1.482011
18-Jan-2025 14:37:53.637,-1.367089,9.0429,0.464475
18-Jan-2025 14:37:53.653,-2.018312,9.490616,-0.596156
18-Jan-2025 14:37:53.669,-2.406173,9.730036,-1.283292
18-Jan-2025 14:37:53.685,-2.291251,9.758766,-1.237802
18-Jan-2025 14:37:53.701,-1.96564,9.694122,-0.632069
18-Jan-2025 14:37:53.717,-2.164358,9.325416,-0.114922
18-Jan-2025 14:37:53.733,-2.217031,9.009381,0.150835
18-Jan-2025 14:37:53.749,-1.951274,8.889671,0.191536
18-Jan-2025 14:37:53.765,-1.403002,8.777143,0.100556
18-Jan-2025 14:37:53.781,-1.182736,8.724471,0.069432
18-Jan-2025 14:37:53.797,-1.355118,8.853758,0.232238
18-Jan-2025 14:37:53.813,-1.541866,9.14585,0.387861
18-Jan-2025 14:37:53.830,-1.448492,9.607931,0.45011
18-Jan-2025 14:37:53.846,-1.417367,10.220847,0.28491
18-Jan-2025 14:37:53.862,-1.525106,10.656591,-0.007183
18-Jan-2025 14:37:53.878,-1.491588,10.99178,-0.248997
18-Jan-2025 14:37:53.894,-1.278504,10.948685,-0.158017
18-Jan-2025 14:37:53.910,-0.845153,11.015722,0.225055
18-Jan-2025 14:37:53.926,-0.933739,10.907983,0.586579
18-Jan-2025 14:37:53.942,-0.723049,10.828975,0.529119
18-Jan-2025 14:37:53.958,-0.155623,11.09473,0.519542
18-Jan-2025 14:37:53.974,0.222661,11.283873,0.342371
18-Jan-2025 14:37:53.990,0.533907,11.188105,0.213084
18-Jan-2025 14:37:54.006,0.895431,10.824186,0.639252
18-Jan-2025 14:37:54.022,0.955287,10.141838,1.42455
18-Jan-2025 14:37:54.038,0.718261,9.356541,2.056619
18-Jan-2025 14:37:54.054,0.198719,8.585608,2.343924
18-Jan-2025 14:37:54.070,0.117316,7.82904,2.463634
18-Jan-2025 14:37:54.086,0.545878,7.405266,2.633622
18-Jan-2025 14:37:54.103,1.340753,7.450756,2.600103
18-Jan-2025 14:37:54.119,1.599327,8.379706,2.27928
18-Jan-2025 14:37:54.135,0.948104,9.837775,1.30484
18-Jan-2025 14:37:54.151,0.167594,11.267113,0.102951
18-Jan-2025 14:37:54.167,-0.742203,12.476185,-0.797269
18-Jan-2025 14:37:54.183,-1.690306,12.710816,-0.878672
18-Jan-2025 14:37:54.199,-2.755726,12.08593,-0.004788
18-Jan-2025 14:37:54.215,-1.731008,10.891224,1.192312
18-Jan-2025 14:37:54.231,-0.572214,9.923966,1.831564
18-Jan-2025 14:37:54.247,0.610521,8.870518,1.798046
18-Jan-2025 14:37:54.263,1.347936,8.087613,1.414973
18-Jan-2025 14:37:54.279,1.446098,7.714118,1.156399
18-Jan-2025 14:37:54.295,0.806846,7.970297,1.376666
18-Jan-2025 14:37:54.312,0.095768,8.738836,1.94888
18-Jan-2025 14:37:54.328,-0.378284,9.600749,2.403779
18-Jan-2025 14:37:54.344,-0.749385,10.374076,2.568978
18-Jan-2025 14:37:54.360,-0.871489,10.881647,2.427721
18-Jan-2025 14:37:54.376,-0.864307,10.852917,2.054225
18-Jan-2025 14:37:54.392,-0.984017,10.615891,1.623269
18-Jan-2025 14:37:54.408,-1.089362,10.414778,1.331176
18-Jan-2025 14:37:54.424,-1.429338,10.395624,1.113304
18-Jan-2025 14:37:54.440,-1.92015,10.508151,1.438915
18-Jan-2025 14:37:54.456,-2.568978,10.852917,2.1883
18-Jan-2025 14:37:54.472,-3.708618,10.788273,2.090138
18-Jan-2025 14:37:54.488,-4.577713,10.465055,1.881842
18-Jan-2025 14:37:54.504,-5.011064,10.21127,2.20506
18-Jan-2025 14:37:54.520,-4.441244,9.323022,2.418144
18-Jan-2025 14:37:54.537,-3.756502,8.63828,2.765303
18-Jan-2025 14:37:54.552,-3.70383,8.303091,2.89459
18-Jan-2025 14:37:54.569,-4.015076,8.169016,2.6839
18-Jan-2025 14:37:54.585,-3.830723,8.171411,2.669535
18-Jan-2025 14:37:54.601,-3.074155,8.166622,2.827552
18-Jan-2025 14:37:54.617,-2.647987,8.267179,2.798822
18-Jan-2025 14:37:54.633,-2.717419,8.822633,2.688689
18-Jan-2025 14:37:54.649,-2.743755,9.227253,2.221819
18-Jan-2025 14:37:54.665,-2.748544,9.440337,1.56102
18-Jan-2025 14:37:54.681,-2.837129,9.461885,1.113304
18-Jan-2025 14:37:54.697,-2.99754,9.502586,0.967257
18-Jan-2025 14:37:54.713,-3.330335,9.545682,1.125275
18-Jan-2025 14:37:54.729,-3.349488,9.490616,1.331176
18-Jan-2025 14:37:54.745,-3.172317,9.267955,1.266533
18-Jan-2025 14:37:54.762,-2.956839,8.975863,0.909797
18-Jan-2025 14:37:54.778,-2.741361,8.815451,0.433351
18-Jan-2025 14:37:54.794,-3.026271,8.848969,0.167594
18-Jan-2025 14:37:54.810,-3.445256,9.198523,0.306458
18-Jan-2025 14:37:54.826,-3.665523,9.263166,0.543484
18-Jan-2025 14:37:54.842,-3.61285,9.330204,0.634463
18-Jan-2025 14:37:54.858,-3.442862,9.351752,0.665588
18-Jan-2025 14:37:54.874,-3.569755,9.354146,0.502782
18-Jan-2025 14:37:54.890,-3.787627,9.421184,0.268151
18-Jan-2025 14:37:54.906,-3.435679,9.548077,0.093374
18-Jan-2025 14:37:54.922,-3.016694,9.672575,-0.124498
18-Jan-2025 14:37:54.938,-2.851494,9.854534,-0.328006
18-Jan-2025 14:37:54.954,-2.880225,9.935937,-0.459687
18-Jan-2025 14:37:54.970,-2.94008,9.957485,-0.378284
18-Jan-2025 14:37:54.987,-2.614468,9.938332,-0.399832
18-Jan-2025 14:37:55.003,-2.545036,9.804255,-0.577003
18-Jan-2025 14:37:55.019,-2.626439,9.512163,-0.691924
18-Jan-2025 14:37:55.035,-2.643199,9.296685,-0.641646
18-Jan-2025 14:37:55.051,-2.688689,9.258378,-0.222661
18-Jan-2025 14:37:55.067,-2.542642,9.203311,0.083797
18-Jan-2025 14:37:55.083,-2.434903,9.02614,-0.011971
18-Jan-2025 14:37:55.099,-2.286463,8.925584,-0.409408
18-Jan-2025 14:37:55.115,-2.466028,8.865729,-0.656011
18-Jan-2025 14:37:55.131,-2.571373,8.951921,-0.665588
18-Jan-2025 14:37:55.147,-2.568978,8.918402,-0.476446
18-Jan-2025 14:37:55.163,-2.37026,9.153033,-0.395043
18-Jan-2025 14:37:55.179,-2.293645,9.303867,-0.296881
18-Jan-2025 14:37:55.196,-2.293645,9.68694,-0.126893
18-Jan-2025 14:37:55.212,-2.106898,9.876082,-0.047884
18-Jan-2025 14:37:55.228,-1.848324,10.043676,-0.318429
18-Jan-2025 14:37:55.244,-1.616086,10.079589,-0.730232
18-Jan-2025 14:37:55.260,-1.999158,10.21127,-0.553061
18-Jan-2025 14:37:55.276,-2.080561,10.474632,-0.107739
18-Jan-2025 14:37:55.292,-1.970428,10.7356,0.035913
18-Jan-2025 14:37:55.308,-1.307234,10.58716,-0.684742
18-Jan-2025 14:37:55.324,-0.354342,10.457873,-1.405396
18-Jan-2025 14:37:55.340,0.25618,10.055647,-1.568202
18-Jan-2025 14:37:55.356,-0.155623,9.65821,-0.746991
18-Jan-2025 14:37:55.372,-0.651223,9.428367,0.229843
18-Jan-2025 14:37:55.388,-0.694318,9.258378,0.481235
18-Jan-2025 14:37:55.404,-0.656011,9.150639,-0.057461
18-Jan-2025 14:37:55.420,-0.483629,9.121908,-0.711078
18-Jan-2025 14:37:55.436,-0.270545,9.112331,-0.70629
18-Jan-2025 14:37:55.453,0.143652,9.100361,-0.337582
18-Jan-2025 14:37:55.469,0.605733,9.085996,-0.143652
18-Jan-2025 14:37:55.485,1.070208,9.251195,-0.248997
18-Jan-2025 14:37:55.501,1.249773,9.524135,-0.272939
18-Jan-2025 14:37:55.517,1.192312,9.883265,0.079009
18-Jan-2025 14:37:55.533,1.031901,10.426748,0.471658
18-Jan-2025 14:37:55.549,0.897826,11.032481,0.452504
18-Jan-2025 14:37:55.565,0.85473,11.587936,-0.148441
18-Jan-2025 14:37:55.581,0.591368,11.805809,-0.893037
18-Jan-2025 14:37:55.597,-0.229843,11.389217,-1.312023
18-Jan-2025 14:37:55.613,-0.215478,10.673351,-1.034295
18-Jan-2025 14:37:55.629,0.138864,9.981427,-0.550666
18-Jan-2025 14:37:55.646,0.56982,9.457097,-0.198719
18-Jan-2025 14:37:55.662,0.447716,9.11712,-0.023942
18-Jan-2025 14:37:55.677,0.347159,8.875306,0.131681
18-Jan-2025 14:37:55.694,0.507571,8.772355,0.191536
18-Jan-2025 14:37:55.710,0.746991,8.75799,0.095768
18-Jan-2025 14:37:55.726,0.940921,8.870518,-0.169988
18-Jan-2025 14:37:55.742,0.866701,9.095572,-0.229843
18-Jan-2025 14:37:55.758,0.861913,9.227253,-0.172383
18-Jan-2025 14:37:55.774,0.852336,9.459491,-0.093374
18-Jan-2025 14:37:55.790,0.90022,9.773131,-0.136469
18-Jan-2025 14:37:55.806,0.902614,10.053253,-0.184354
18-Jan-2025 14:37:55.822,0.936133,10.247183,-0.110133
18-Jan-2025 14:37:55.838,0.948104,10.333375,0
18-Jan-2025 14:37:55.854,1.067814,10.307038,0.019154
18-Jan-2025 14:37:55.870,1.23062,10.263943,-0.179565
18-Jan-2025 14:37:55.887,1.37906,10.242394,-0.466869
18-Jan-2025 14:37:55.903,1.23062,10.232818,-0.682347
18-Jan-2025 14:37:55.919,0.957681,10.105926,-0.658405
18-Jan-2025 14:37:55.935,0.852336,9.768343,-0.368707
18-Jan-2025 14:37:55.951,0.768539,9.382876,-0.136469
18-Jan-2025 14:37:55.967,0.550666,9.172187,-0.086191
18-Jan-2025 14:37:55.983,0.414197,9.155427,-0.21069
18-Jan-2025 14:37:55.999,0.509965,9.337387,-0.718261
18-Jan-2025 14:37:56.015,0.696713,9.636662,-1.247379
18-Jan-2025 14:37:56.031,0.938527,9.967062,-1.42455
18-Jan-2025 14:37:56.047,0.907402,10.163386,-1.16837
18-Jan-2025 14:37:56.063,0.538695,10.232818,-0.636858
18-Jan-2025 14:37:56.079,0.387861,10.297462,-0.37589
18-Jan-2025 14:37:56.095,0.500388,10.508151,-0.435745
18-Jan-2025 14:37:56.112,0.265756,10.78109,-0.814029
18-Jan-2025 14:37:56.128,-0.181959,11.025299,-1.125275
18-Jan-2025 14:37:56.144,-0.332794,11.537658,-0.512359
18-Jan-2025 14:37:56.160,-0.969652,12.145785,0.088585
18-Jan-2025 14:37:56.176,-1.479617,12.77546,-0.438139
18-Jan-2025 14:37:56.192,-1.098939,13.678074,-1.031901
18-Jan-2025 14:37:56.208,-0.818817,13.824121,-1.108515
18-Jan-2025 14:37:56.224,-1.067814,13.172897,-0.301669
18-Jan-2025 14:37:56.240,-1.077391,11.829751,1.192312
18-Jan-2025 14:37:56.256,-0.502782,10.242394,2.154782
18-Jan-2025 14:37:56.272,-0.328006,8.494628,1.944092
18-Jan-2025 14:37:56.288,-0.514753,7.180211,1.271321
18-Jan-2025 14:37:56.304,-0.588974,6.224925,1.084573
18-Jan-2025 14:37:56.320,-0.962469,6.071695,1.37906
18-Jan-2025 14:37:56.337,-1.211466,6.0286,2.207454
18-Jan-2025 14:37:56.353,-1.376666,6.576872,2.851494
18-Jan-2025 14:37:56.369,-1.42455,7.723695,2.810793
18-Jan-2025 14:37:56.385,-1.223437,9.129091,2.190695
18-Jan-2025 14:37:56.401,-1.347936,10.70687,0.758962
18-Jan-2025 14:37:56.417,-1.546654,11.729194,-0.787692
18-Jan-2025 14:37:56.433,-1.118092,11.949461,-1.170765
18-Jan-2025 14:37:56.449,-1.015141,11.554418,-0.229843
18-Jan-2025 14:37:56.465,-1.23062,10.821792,0.742203
18-Jan-2025 14:37:56.481,-1.012747,10.081984,1.228225
18-Jan-2025 14:37:56.497,-0.866701,9.461885,1.434127
18-Jan-2025 14:37:56.513,-0.610521,9.069236,1.529895
18-Jan-2025 14:37:56.529,-0.268151,8.808268,1.620875
18-Jan-2025 14:37:56.545,-0.150835,8.724471,1.601721
18-Jan-2025 14:37:56.561,-0.222661,8.722076,1.460463
18-Jan-2025 14:37:56.578,-0.454898,8.76996,1.115698
18-Jan-2025 14:37:56.593,-0.713472,8.813056,0.488417
18-Jan-2025 14:37:56.610,-1.010353,8.798691,-0.088585
18-Jan-2025 14:37:56.626,-1.249773,8.930372,-0.088585
18-Jan-2025 14:37:56.642,-1.374272,9.181764,0.349553
18-Jan-2025 14:37:56.658,-1.383849,9.483433,0.897826
18-Jan-2025 14:37:56.674,-1.101333,9.737218,1.23062
18-Jan-2025 14:37:56.690,-0.727837,9.962274,1.204283
18-Jan-2025 14:37:56.706,-0.497994,10.15381,0.893037
18-Jan-2025 14:37:56.722,-0.462081,10.27352,0.792481
18-Jan-2025 14:37:56.738,-0.672771,10.414778,0.957681
18-Jan-2025 14:37:56.754,-0.998382,10.512939,1.364695
18-Jan-2025 14:37:56.770,-0.976834,10.599131,1.328782
18-Jan-2025 14:37:56.786,-0.70629,10.69011,0.620098
18-Jan-2025 14:37:56.802,-0.6608,10.821792,-0.179565
18-Jan-2025 14:37:56.819,-0.426168,10.761936,-0.009577
18-Jan-2025 14:37:56.835,-0.758962,10.685322,1.113304
18-Jan-2025 14:37:56.851,-1.063026,10.773908,1.702277
18-Jan-2025 14:37:56.867,-0.701501,11.042058,1.63524
18-Jan-2025 14:37:56.883,-0.258574,11.68131,0.497994
18-Jan-2025 14:37:56.899,-0.19393,12.255919,-0.924162
18-Jan-2025 14:37:56.915,0.418985,12.734758,-1.091756
18-Jan-2025 14:37:56.931,2.118869,12.418724,0.356736
18-Jan-2025 14:37:56.947,2.880225,10.970232,2.078167
18-Jan-2025 14:37:56.963,2.466028,9.471462,3.145981
18-Jan-2025 14:37:56.979,1.731008,7.850587,3.241749
18-Jan-2025 14:37:56.995,0.723049,6.347029,3.064578
18-Jan-2025 14:37:57.011,0.105345,5.645528,2.219425
18-Jan-2025 14:37:57.027,0.093374,5.063736,1.271321
18-Jan-2025 14:37:57.044,1.149217,5.968745,0.845153
18-Jan-2025 14:37:57.060,2.166753,7.845799,0.713472
18-Jan-2025 14:37:57.076,2.401384,9.749189,0.177171
18-Jan-2025 14:37:57.092,1.723825,11.262324,-0.064643
18-Jan-2025 14:37:57.108,0.720655,12.476185,0.126893
18-Jan-2025 14:37:57.124,0.136469,12.502522,0.47884
18-Jan-2025 14:37:57.140,-1.010353,11.901577,0.746991
18-Jan-2025 14:37:57.156,-0.442927,12.090718,0.78051
18-Jan-2025 14:37:57.172,0.608127,10.776301,0.656011
18-Jan-2025 14:37:57.188,1.249773,9.804255,0.47884
18-Jan-2025 14:37:57.204,1.458069,8.887277,0.282516
18-Jan-2025 14:37:57.220,1.644817,7.999028,0.172383
18-Jan-2025 14:37:57.236,1.752556,7.513005,0.306458
18-Jan-2025 14:37:57.252,1.034295,7.881712,0.399832
18-Jan-2025 14:37:57.268,0.402226,8.449138,0.368707
18-Jan-2025 14:37:57.285,0.023942,8.980651,0.234632
18-Jan-2025 14:37:57.301,-0.038307,9.531317,0.150835
18-Jan-2025 14:37:57.317,-0.177171,10.0341,0.110133
18-Jan-2025 14:37:57.333,-0.347159,10.34774,-0.134075
18-Jan-2025 14:37:57.349,-0.055067,10.433931,-0.395043
18-Jan-2025 14:37:57.365,0.430956,10.390836,-0.588974
18-Jan-2025 14:37:57.381,0.916979,10.268731,-0.629675
18-Jan-2025 14:37:57.397,0.984017,10.117896,-0.387861
18-Jan-2025 14:37:57.413,0.806846,9.928755,0.155623
18-Jan-2025 14:37:57.429,0.177171,10.000581,0.514753
18-Jan-2025 14:37:57.445,-0.282516,10.369287,0.476446
18-Jan-2025 14:37:57.461,-0.603339,11.034876,-0.033519
18-Jan-2025 14:37:57.477,-0.782904,11.599907,-0.730232
18-Jan-2025 14:37:57.493,-0.6608,12.124237,-0.538695
18-Jan-2025 14:37:57.509,-0.711078,12.89517,0.632069
18-Jan-2025 14:37:57.526,-1.192312,13.189657,0.691924
18-Jan-2025 14:37:57.542,-0.986411,13.620613,0.153229
18-Jan-2025 14:37:57.558,-0.459687,13.67568,-0.378284
18-Jan-2025 14:37:57.574,-0.469264,12.892776,-0.371101
18-Jan-2025 14:37:57.590,-0.727837,11.125855,0.663194
18-Jan-2025 14:37:57.606,-0.11971,8.927979,1.345541
18-Jan-2025 14:37:57.622,-0.617704,8.458714,1.898602
18-Jan-2025 14:37:57.638,-1.357512,7.477092,1.340753
18-Jan-2025 14:37:57.654,-1.096544,6.066907,0.68953
18-Jan-2025 14:37:57.670,-1.264138,5.808333,0.586579
18-Jan-2025 14:37:57.686,-2.078167,6.512228,0.919373
18-Jan-2025 14:37:57.702,-1.733402,7.216124,1.098939
18-Jan-2025 14:37:57.717,-1.228225,8.281544,1.029507
18-Jan-2025 14:37:57.734,-1.261744,9.677363,0.584185
18-Jan-2025 14:37:57.751,-1.56102,10.821792,0.299275
18-Jan-2025 14:37:57.767,-1.786075,11.370064,0.043096
18-Jan-2025 14:37:57.783,-2.796427,11.961432,-0.035913
18-Jan-2025 14:37:57.798,-4.022259,11.963826,-0.3304
18-Jan-2025 14:37:57.815,-2.499547,10.493786,-0.861913
18-Jan-2025 14:37:57.831,-1.199495,9.52174,-0.936133
18-Jan-2025 14:37:57.847,-0.828394,8.722076,-0.605733
18-Jan-2025 14:37:57.863,-0.840365,8.130709,-0.225055
18-Jan-2025 14:37:57.879,-1.386243,8.066066,0.050278
18-Jan-2025 14:37:57.895,-1.714248,8.078036,0.126893
18-Jan-2025 14:37:57.911,-1.549049,8.319851,-0.148441
18-Jan-2025 14:37:57.927,-1.450886,8.633492,-0.696713
18-Jan-2025 14:37:57.943,-1.565808,9.205706,-1.086968
18-Jan-2025 14:37:57.959,-1.572991,9.770737,-0.988805
18-Jan-2025 14:37:57.975,-1.683124,10.220847,-0.600945
18-Jan-2025 14:37:57.991,-1.833959,10.21127,-0.366313
18-Jan-2025 14:37:58.008,-2.133234,10.146626,-0.237026
18-Jan-2025 14:37:58.024,-1.692701,9.574412,-0.126893
18-Jan-2025 14:37:58.040,-1.651999,9.617508,0.031125
18-Jan-2025 14:37:58.056,-1.915361,9.483433,0.25618
18-Jan-2025 14:37:58.072,-1.963245,9.26556,0.234632
18-Jan-2025 14:37:58.088,-1.414973,9.040505,0.208296
18-Jan-2025 14:37:58.104,-0.737414,9.210494,0.222661
18-Jan-2025 14:37:58.120,-0.136469,9.471462,0.122104
18-Jan-2025 14:37:58.136,0.21069,9.780313,-0.131681
18-Jan-2025 14:37:58.152,0.344765,10.189722,-0.361524
18-Jan-2025 14:37:58.168,0.124498,10.560823,-0.21069
18-Jan-2025 14:37:58.184,0.31364,10.764331,0.158017
18-Jan-2025 14:37:58.200,0.162806,10.886436,0.756568
18-Jan-2025 14:37:58.216,-1.690306,11.504139,1.163582
18-Jan-2025 14:37:58.232,-2.920926,11.990162,0.94571
18-Jan-2025 14:37:58.248,-2.509123,12.282255,-0.337582
18-Jan-2025 14:37:58.265,-0.725443,12.215217,-1.01993
18-Jan-2025 14:37:58.281,1.012747,11.57836,-0.308852
18-Jan-2025 14:37:58.297,2.209848,10.520123,0.981623
18-Jan-2025 14:37:58.313,3.148375,9.583989,2.126051
18-Jan-2025 14:37:58.329,3.969586,8.497022,2.669535
18-Jan-2025 14:37:58.345,4.616021,7.321469,2.466028
18-Jan-2025 14:37:58.361,4.141969,6.349423,1.522712
18-Jan-2025 14:37:58.377,3.292027,5.894525,1.410185
18-Jan-2025 14:37:58.393,3.064578,6.684611,1.685518
18-Jan-2025 14:37:58.409,2.691083,8.549694,2.181118
18-Jan-2025 14:37:58.425,1.477222,10.31901,1.431733
18-Jan-2025 14:37:58.441,-0.093374,11.96622,-0.169988
18-Jan-2025 14:37:58.457,-1.089362,12.923901,-1.510741
18-Jan-2025 14:37:58.474,-1.896208,12.801797,-1.520318
18-Jan-2025 14:37:58.490,-2.456451,12.684481,-0.383072
18-Jan-2025 14:37:58.506,-1.778892,11.063606,0.766145
18-Jan-2025 14:37:58.522,-0.682347,9.710882,1.225831
18-Jan-2025 14:37:58.538,0.296881,8.597578,1.053449
18-Jan-2025 14:37:58.554,1.082179,7.654263,0.545878
18-Jan-2025 14:37:58.570,1.740585,6.950367,-0.126893
18-Jan-2025 14:37:58.586,1.484405,7.175423,-0.409408
18-Jan-2025 14:37:58.602,0.816423,7.970297,-0.380678
18-Jan-2025 14:37:58.618,0.454898,8.932767,-0.339977
18-Jan-2025 14:37:58.634,-0.021548,9.816227,-0.426168
18-Jan-2025 14:37:58.650,-0.102951,10.314221,-0.658405
18-Jan-2025 14:37:58.666,0.067038,10.31901,-0.818817
18-Jan-2025 14:37:58.682,0.385466,10.180145,-0.746991
18-Jan-2025 14:37:58.699,0.773327,10.168175,-0.596156
18-Jan-2025 14:37:58.714,1.04866,10.081984,-0.52433
18-Jan-2025 14:37:58.730,0.933739,9.979033,-0.531513
18-Jan-2025 14:37:58.747,0.548272,9.986216,-0.497994
18-Jan-2025 14:37:58.763,0.184354,9.916783,-0.395043
18-Jan-2025 14:37:58.779,0.215478,10.072407,-0.371101
18-Jan-2025 14:37:58.795,0.095768,10.328587,-0.469264
18-Jan-2025 14:37:58.811,-0.186748,10.666168,-0.627281
18-Jan-2025 14:37:58.827,-0.141258,10.953473,-0.691924
18-Jan-2025 14:37:58.843,0.050278,11.09473,-0.727837
18-Jan-2025 14:37:58.859,0.277727,11.312603,-0.292093
18-Jan-2025 14:37:58.875,0.124498,11.5616,0.342371
18-Jan-2025 14:37:58.891,-0.399832,11.614272,0.174777
18-Jan-2025 14:37:58.907,-0.667982,11.961432,-0.126893
18-Jan-2025 14:37:58.923,-0.646434,12.23437,-0.349553
18-Jan-2025 14:37:58.939,-0.782904,12.121843,-0.222661
18-Jan-2025 14:37:58.955,-0.775721,11.587936,0.177171
18-Jan-2025 14:37:58.971,-0.864307,10.848128,0.4956
18-Jan-2025 14:37:58.988,-0.969652,10.196905,0.744597
18-Jan-2025 14:37:59.004,-1.022324,9.536105,1.024718
18-Jan-2025 14:37:59.020,-1.122881,8.848969,1.422156
18-Jan-2025 14:37:59.036,-1.340753,7.963115,1.723825
18-Jan-2025 14:37:59.052,-1.347936,7.091625,1.745373
18-Jan-2025 14:37:59.068,-1.04866,6.813898,1.896208
18-Jan-2025 14:37:59.084,-1.106121,7.050924,1.963245
18-Jan-2025 14:37:59.100,-0.581791,7.922413,1.661576
18-Jan-2025 14:37:59.116,-1.295263,8.614338,1.254562
18-Jan-2025 14:37:59.132,-1.541866,9.540894,0.744597
18-Jan-2025 14:37:59.148,-1.798046,10.323798,0.007183
18-Jan-2025 14:37:59.164,-1.960851,10.79785,-0.574608
18-Jan-2025 14:37:59.180,-1.647211,10.709264,-0.737414
18-Jan-2025 14:37:59.197,-1.489193,10.508151,-0.31364
18-Jan-2025 14:37:59.213,-1.364695,10.127473,0.560243
18-Jan-2025 14:37:59.229,-1.599327,10.108319,1.525106
18-Jan-2025 14:37:59.245,-1.843535,10.029311,2.293645
18-Jan-2025 14:37:59.261,-2.032677,9.753978,2.298434
18-Jan-2025 14:37:59.277,-1.927332,9.378088,1.587356
18-Jan-2025 14:37:59.293,-1.393425,8.985439,0.155623
18-Jan-2025 14:37:59.309,-1.118092,8.7125,-1.058237
18-Jan-2025 14:37:59.325,-1.300052,8.925584,-1.604115
18-Jan-2025 14:37:59.341,-1.47004,9.342175,-1.089362
18-Jan-2025 14:37:59.357,-1.403002,9.605537,-0.229843
18-Jan-2025 14:37:59.373,-1.323994,9.825804,0.222661
18-Jan-2025 14:37:59.389,-1.23062,9.957485,0.222661
18-Jan-2025 14:37:59.405,-1.249773,9.986216,-0.011971
18-Jan-2025 14:37:59.421,-1.285686,9.85214,0.02873
18-Jan-2025 14:37:59.437,-0.938527,9.631873,0.081403
18-Jan-2025 14:37:59.454,-1.089362,9.409213,-0.038307
18-Jan-2025 14:37:59.470,-1.084573,9.064447,0.095768
18-Jan-2025 14:37:59.486,-1.039083,9.174581,0
18-Jan-2025 14:37:59.502,-1.031901,9.490616,-0.150835
18-Jan-2025 14:37:59.518,-1.113304,9.995792,-0.229843
18-Jan-2025 14:37:59.534,-1.089362,10.737994,0.023942
18-Jan-2025 14:37:59.550,-0.998382,11.286267,0.339977
18-Jan-2025 14:37:59.566,-0.751779,11.781867,0.52433
18-Jan-2025 14:37:59.582,-0.47884,12.325351,0.624887
18-Jan-2025 14:37:59.598,-0.179565,12.801797,0.536301
18-Jan-2025 14:37:59.614,-0.136469,12.923901,-0.07422
18-Jan-2025 14:37:59.630,0.770933,12.662932,-0.28491
18-Jan-2025 14:37:59.647,2.32477,11.968615,0.021548
18-Jan-2025 14:37:59.663,2.980781,10.723629,1.685518
18-Jan-2025 14:37:59.679,2.647987,9.287108,3.047819
18-Jan-2025 14:37:59.695,2.011129,7.987057,3.435679
18-Jan-2025 14:37:59.711,1.13964,6.904878,2.731784
18-Jan-2025 14:37:59.727,-0.098162,6.533776,1.750161
18-Jan-2025 14:37:59.743,-0.967257,6.950367,0.952892
18-Jan-2025 14:37:59.759,-1.127669,8.06846,0.514753
18-Jan-2025 14:37:59.775,-0.629675,9.593566,-0.098162
18-Jan-2025 14:37:59.791,-0.292093,10.977415,-0.998382
18-Jan-2025 14:37:59.807,-0.169988,11.908759,-1.537078
18-Jan-2025 14:37:59.823,-0.565032,12.090718,-1.242591
18-Jan-2025 14:37:59.839,-0.957681,11.492168,-0.550666
18-Jan-2025 14:37:59.855,-0.600945,10.43872,-0.112527
18-Jan-2025 14:37:59.872,-0.423774,9.572019,-0.155623
18-Jan-2025 14:37:59.888,-0.107739,8.882488,-0.263362
18-Jan-2025 14:37:59.904,-0.071826,8.5473,-0.011971
18-Jan-2025 14:37:59.920,-0.035913,8.408437,-0.002394
18-Jan-2025 14:37:59.936,-0.07422,8.674192,-0.11971
18-Jan-2025 14:37:59.952,-0.620098,8.805874,-0.23942
18-Jan-2025 14:37:59.968,-1.098939,8.987833,-0.620098
18-Jan-2025 14:37:59.984,-1.209072,9.272743,-0.715866
18-Jan-2025 14:38:00.000,-0.933739,9.397242,-0.371101
18-Jan-2025 14:38:00.016,-0.304064,9.473856,-0.292093
18-Jan-2025 14:38:00.032,0.033519,9.694122,-0.385466
18-Jan-2025 14:38:00.048,0.129287,9.909601,-0.47884
18-Jan-2025 14:38:00.064,0.050278,10.005369,-0.457293
18-Jan-2025 14:38:00.080,-0.126893,9.950302,-0.339977
18-Jan-2025 14:38:00.096,-0.445322,9.904813,-0.213084
18-Jan-2025 14:38:00.112,0.04549,10.156203,-0.428562
18-Jan-2025 14:38:00.128,-1.007959,10.002975,-0.703895
18-Jan-2025 14:38:00.145,-0.861913,10.280702,-1.201889
18-Jan-2025 14:38:00.161,-0.646434,10.553641,-1.199495
18-Jan-2025 14:38:00.177,-0.471658,10.876859,-1.029507
18-Jan-2025 14:38:00.193,-0.246603,11.109096,-0.723049
18-Jan-2025 14:38:00.209,-0.126893,11.382035,-0.308852
18-Jan-2025 14:38:00.225,-0.488417,11.779472,0.385466
18-Jan-2025 14:38:00.241,-1.144428,11.997345,0
18-Jan-2025 14:38:00.257,-1.637634,11.973403,-1.266533
18-Jan-2025 14:38:00.273,-1.735796,11.626244,-1.96564
18-Jan-2025 14:38:00.289,-1.225831,11.018116,-0.998382
18-Jan-2025 14:38:00.305,-1.244985,10.314221,0.778116
18-Jan-2025 14:38:00.321,-1.374272,9.634268,1.850718
18-Jan-2025 14:38:00.337,-1.532289,9.030929,1.963245
18-Jan-2025 14:38:00.353,-1.422156,8.626308,1.45328
18-Jan-2025 14:38:00.370,-0.916979,8.468291,0.806846
18-Jan-2025 14:38:00.385,-0.548272,8.403648,0.440533
18-Jan-2025 14:38:00.402,-0.694318,8.554482,0.311246
18-Jan-2025 14:38:00.418,-0.818817,8.772355,0.414197
18-Jan-2025 14:38:00.434,-1.060631,8.920795,0.560243
18-Jan-2025 14:38:00.450,-1.355118,9.033323,0.806846
18-Jan-2025 14:38:00.466,-1.572991,8.975863,1.173159
18-Jan-2025 14:38:00.482,-1.647211,8.99741,1.326388
18-Jan-2025 14:38:00.498,-1.762132,9.121908,1.261744
18-Jan-2025 14:38:00.514,-1.905785,9.188946,1.04866
18-Jan-2025 14:38:00.530,-2.06859,9.275137,0.679953
18-Jan-2025 14:38:00.546,-2.183512,9.560047,0.493206
18-Jan-2025 14:38:00.562,-2.015918,9.811439,0.442927
18-Jan-2025 14:38:00.578,-1.675941,10.036493,0.462081
18-Jan-2025 14:38:00.594,-1.465251,10.328587,0.3304
18-Jan-2025 14:38:00.611,-1.21386,10.400413,0.136469
18-Jan-2025 14:38:00.627,-1.273715,10.702082,0.311246
18-Jan-2025 14:38:00.643,-1.90339,11.006145,0.634463
18-Jan-2025 14:38:00.659,-3.064578,11.130644,0.85473
18-Jan-2025 14:38:00.675,-3.744531,10.714052,1.192312
18-Jan-2025 14:38:00.691,-3.639187,10.242394,1.419762
18-Jan-2025 14:38:00.707,-3.016694,9.667787,1.189918
18-Jan-2025 14:38:00.723,-2.82037,9.121908,0.572214
18-Jan-2025 14:38:00.739,-2.971204,8.485051,-0.124498
18-Jan-2025 14:38:00.755,-2.911349,8.317456,-0.088585
18-Jan-2025 14:38:00.771,-3.667917,8.319851,0.189142
18-Jan-2025 14:38:00.787,-3.955221,8.659827,0.682347
18-Jan-2025 14:38:00.803,-4.041412,9.109938,0.969652
18-Jan-2025 14:38:00.819,-3.706224,9.706094,1.115698
18-Jan-2025 14:38:00.835,-3.500323,10.247183,0.952892
18-Jan-2025 14:38:00.851,-3.485958,10.625467,0.572214
18-Jan-2025 14:38:00.868,-3.198653,10.608707,0.234632
18-Jan-2025 14:38:00.884,-3.758897,10.240001,0.083797
18-Jan-2025 14:38:00.900,-3.488352,9.528923,0.430956
18-Jan-2025 14:38:00.916,-3.354277,9.057265,0.742203
18-Jan-2025 14:38:00.932,-3.289633,8.499416,1.11091
18-Jan-2025 14:38:00.948,-2.72939,8.458714,1.235408
18-Jan-2025 14:38:00.964,-3.536236,8.688558,0.912191
18-Jan-2025 14:38:00.980,-3.663129,8.913613,0.766145
18-Jan-2025 14:38:00.996,-3.330335,9.066842,0.70629
18-Jan-2025 14:38:01.012,-3.217807,9.205706,0.897826
18-Jan-2025 14:38:01.028,-3.270479,9.387665,1.331176
18-Jan-2025 14:38:01.044,-3.323152,9.684546,1.687912
18-Jan-2025 14:38:01.060,-2.990358,10.084377,1.786075
18-Jan-2025 14:38:01.076,-2.312799,10.369287,1.175553
18-Jan-2025 14:38:01.092,-1.94888,10.42196,0.141258
18-Jan-2025 14:38:01.109,-1.563414,10.314221,-0.447716
18-Jan-2025 14:38:01.125,-1.407791,10.127473,-0.047884
18-Jan-2025 14:38:01.141,-1.549049,9.701305,0.981623
18-Jan-2025 14:38:01.157,-1.695095,9.392453,1.853112
18-Jan-2025 14:38:01.173,-1.300052,9.11712,1.838747
18-Jan-2025 14:38:01.189,-0.847547,8.911219,1.165976
18-Jan-2025 14:38:01.205,-0.426168,8.7125,0.265756
18-Jan-2025 14:38:01.221,-0.07422,8.549694,-0.105345
18-Jan-2025 14:38:01.237,0.167594,8.743625,0.035913
18-Jan-2025 14:38:01.253,-0.023942,9.174581,0.253785
18-Jan-2025 14:38:01.269,-0.265756,9.742006,0.361524
18-Jan-2025 14:38:01.285,-0.294487,10.488997,0.272939
18-Jan-2025 14:38:01.301,-0.23942,11.44189,-0.105345
18-Jan-2025 14:38:01.317,0.031125,12.413936,-0.665588
18-Jan-2025 14:38:01.334,0.395043,12.844893,-1.221043
18-Jan-2025 14:38:01.350,-0.081403,12.885593,-1.474828
18-Jan-2025 14:38:01.366,-1.09415,12.337321,-1.340753
18-Jan-2025 14:38:01.382,-1.850718,11.295844,-0.90022
18-Jan-2025 14:38:01.398,-1.867477,10.249578,-0.380678
18-Jan-2025 14:38:01.414,-1.25935,9.109938,-0.067038
18-Jan-2025 14:38:01.430,-0.730232,8.130709,0.079009
18-Jan-2025 14:38:01.446,-0.392649,7.225701,0.129287
18-Jan-2025 14:38:01.462,0.07422,6.703765,0.3304
18-Jan-2025 14:38:01.478,0.656011,6.545747,0.555455
18-Jan-2025 14:38:01.494,0.940921,7.072472,0.952892
18-Jan-2025 14:38:01.510,0.715866,8.180987,1.130063
18-Jan-2025 14:38:01.526,0.433351,9.409213,0.90022
18-Jan-2025 14:38:01.542,0.174777,10.606314,0.366313
18-Jan-2025 14:38:01.559,-0.457293,11.427525,-0.050278
18-Jan-2025 14:38:01.575,-0.514753,11.865664,-0.35913
18-Jan-2025 14:38:01.591,-0.512359,12.133814,-0.248997
18-Jan-2025 14:38:01.607,-0.703895,12.004527,0.160412
18-Jan-2025 14:38:01.623,-0.790087,11.106702,0.220267
18-Jan-2025 14:38:01.639,-0.237026,9.794679,-0.069432
18-Jan-2025 14:38:01.655,0.344765,9.047688,-0.136469
18-Jan-2025 14:38:01.671,0.59855,8.418014,-0.19393
18-Jan-2025 14:38:01.687,0.538695,8.078036,-0.019154
18-Jan-2025 14:38:01.703,0.014365,8.104373,0.399832
18-Jan-2025 14:38:01.719,-0.497994,8.456321,0.737414
18-Jan-2025 14:38:01.735,-0.677559,9.030929,0.696713
18-Jan-2025 14:38:01.751,-0.383072,9.421184,0.385466
18-Jan-2025 14:38:01.767,-0.047884,9.80665,0.107739
18-Jan-2025 14:38:01.783,0.131681,10.149021,0.052672
18-Jan-2025 14:38:01.800,0.21069,10.414778,0.23942
18-Jan-2025 14:38:01.815,0.241814,10.747571,0.550666
18-Jan-2025 14:38:01.832,0.390255,11.066,0.773327
18-Jan-2025 14:38:01.848,0.502782,11.317391,0.842759
18-Jan-2025 14:38:01.864,0.37589,11.434708,0.830788
18-Jan-2025 14:38:01.880,0.201113,11.432313,0.792481
18-Jan-2025 14:38:01.896,0.277727,11.408371,0.694318
18-Jan-2025 14:38:01.912,0.287304,11.556811,1.240196
18-Jan-2025 14:38:01.928,-0.462081,11.920731,1.740585
18-Jan-2025 14:38:01.944,-0.737414,12.018892,1.462857
18-Jan-2025 14:38:01.960,-0.418985,12.145785,1.23062
18-Jan-2025 14:38:01.976,-0.04549,11.942278,1.137246
18-Jan-2025 14:38:01.992,0.088585,10.840945,1.367089
18-Jan-2025 14:38:02.009,0.289698,9.40203,2.691083
18-Jan-2025 14:38:02.025,0.04549,8.092402,4.534618
18-Jan-2025 14:38:02.041,-0.584185,6.880936,6.363788
18-Jan-2025 14:38:02.057,-1.412579,6.131551,7.237672
18-Jan-2025 14:38:02.073,-2.418144,5.973533,6.914454
18-Jan-2025 14:38:02.089,-3.119645,6.631939,5.741296
18-Jan-2025 14:38:02.105,-3.069367,7.972692,3.859453
18-Jan-2025 14:38:02.121,-2.015918,9.344569,1.338359
18-Jan-2025 14:38:02.137,-0.818817,10.644621,-0.337582
18-Jan-2025 14:38:02.153,0.114922,11.51611,-0.512359
18-Jan-2025 14:38:02.169,0.383072,11.851298,0.787692
18-Jan-2025 14:38:02.185,-0.007183,11.365275,2.32477
18-Jan-2025 14:38:02.201,-0.234632,10.740389,3.430891
18-Jan-2025 14:38:02.217,-0.21069,10.067618,4.074931
18-Jan-2025 14:38:02.234,-0.354342,9.3733,4.206613
18-Jan-2025 14:38:02.250,-0.3304,8.726865,3.852271
18-Jan-2025 14:38:02.266,-0.581791,8.298303,3.098097
18-Jan-2025 14:38:02.282,-0.787692,8.154651,2.272097
18-Jan-2025 14:38:02.298,-1.163582,8.255207,1.407791
18-Jan-2025 14:38:02.314,-0.715866,8.700529,0.991199
18-Jan-2025 14:38:02.330,-0.383072,9.258378,1.240196
18-Jan-2025 14:38:02.346,-0.54109,9.82341,1.869871
18-Jan-2025 14:38:02.362,-0.92895,10.445902,2.499547
18-Jan-2025 14:38:02.378,-1.405396,10.998962,3.100491
18-Jan-2025 14:38:02.394,-1.388637,11.226412,3.768473
18-Jan-2025 14:38:02.410,-1.367089,11.058818,4.345476
18-Jan-2025 14:38:02.426,-1.599327,10.625467,4.462792
18-Jan-2025 14:38:02.442,-1.465251,10.247183,4.491522
18-Jan-2025 14:38:02.459,-1.233014,9.847352,3.928885
18-Jan-2025 14:38:02.475,-1.067814,9.562442,2.693477
18-Jan-2025 14:38:02.490,-1.156399,9.344569,0.988805
18-Jan-2025 14:38:02.507,-1.240196,9.31105,-0.069432
18-Jan-2025 14:38:02.523,-1.264138,9.485827,-0.203507
18-Jan-2025 14:38:02.539,-1.393425,9.299079,0.055067
18-Jan-2025 14:38:02.555,-0.68953,8.987833,0.351948
18-Jan-2025 14:38:02.571,0.021548,8.676587,0.821211
18-Jan-2025 14:38:02.587,0.538695,8.279149,1.35033
18-Jan-2025 14:38:02.603,0.948104,7.996634,2.011129
18-Jan-2025 14:38:02.619,1.323994,7.982268,2.712631
18-Jan-2025 14:38:02.635,2.011129,8.267179,2.746149
18-Jan-2025 14:38:02.651,2.468422,9.155427,1.929727
18-Jan-2025 14:38:02.667,2.449268,10.304645,0.306458
18-Jan-2025 14:38:02.684,2.001553,11.133038,-1.015141
18-Jan-2025 14:38:02.700,1.029507,11.549629,-0.957681
18-Jan-2025 14:38:02.716,-0.071826,11.688493,0.043096
18-Jan-2025 14:38:02.732,-0.761356,11.748347,0.565032
18-Jan-2025 14:38:02.748,-0.584185,11.142614,0.363919
18-Jan-2025 14:38:02.764,-0.172383,10.414778,-0.23942
18-Jan-2025 14:38:02.780,0.447716,9.756371,-1.151611
18-Jan-2025 14:38:02.796,0.833182,9.109938,-1.189918
18-Jan-2025 14:38:02.812,1.158794,8.559271,-0.876278
18-Jan-2025 14:38:02.828,1.290475,8.128315,-0.438139
18-Jan-2025 14:38:02.844,1.407791,7.843405,-0.155623
18-Jan-2025 14:38:02.860,1.58975,7.723695,-0.134075
18-Jan-2025 14:38:02.876,1.707066,7.967903,-0.179565
18-Jan-2025 14:38:02.892,1.70946,8.494628,-0.40462
18-Jan-2025 14:38:02.909,1.266533,8.937555,-0.656011
18-Jan-2025 14:38:02.925,0.811634,9.210494,-0.742203
18-Jan-2025 14:38:02.941,0.440533,9.459491,-0.691924
18-Jan-2025 14:38:02.957,0.416591,9.720459,-0.514753
18-Jan-2025 14:38:02.973,0.861913,9.923966,-0.311246
18-Jan-2025 14:38:02.989,1.283292,10.113108,-0.328006
18-Jan-2025 14:38:03.005,1.462857,10.390836,-0.737414
18-Jan-2025 14:38:03.021,1.489193,10.594342,-0.981623
18-Jan-2025 14:38:03.037,1.398214,10.582372,-0.821211
18-Jan-2025 14:38:03.053,1.278504,10.498574,-0.253785
18-Jan-2025 14:38:03.069,1.177947,10.575189,0.201113
18-Jan-2025 14:38:03.085,1.173159,10.632649,0.409408
18-Jan-2025 14:38:03.101,1.290475,10.994174,0.043096
18-Jan-2025 14:38:03.117,1.826776,10.977415,0.040701
18-Jan-2025 14:38:03.134,2.317587,11.130644,0.526724
18-Jan-2025 14:38:03.149,2.525883,10.905589,1.209072
18-Jan-2025 14:38:03.166,2.30801,10.757148,1.764527
18-Jan-2025 14:38:03.182,1.42455,10.857705,2.430115
18-Jan-2025 14:38:03.198,0.861913,10.888829,2.736573
18-Jan-2025 14:38:03.214,0.442927,11.75553,2.715025
18-Jan-2025 14:38:03.230,0.433351,12.777855,1.908179
18-Jan-2025 14:38:03.246,1.084573,12.981361,0.80924
18-Jan-2025 14:38:03.262,1.079785,12.026075,0.790087
18-Jan-2025 14:38:03.278,0.56982,10.766725,1.642422
18-Jan-2025 14:38:03.294,0.167594,9.358934,2.853889
18-Jan-2025 14:38:03.310,-0.007183,8.010999,3.572149
18-Jan-2025 14:38:03.326,-0.469264,6.995857,3.533842
18-Jan-2025 14:38:03.342,-0.972046,6.684611,3.20823
18-Jan-2025 14:38:03.359,-0.727837,6.945579,2.70066
18-Jan-2025 14:38:03.375,-0.241814,7.716512,2.025495
18-Jan-2025 14:38:03.391,-0.184354,9.033323,0.821211
18-Jan-2025 14:38:03.407,-0.964863,10.393229,-0.316035
18-Jan-2025 14:38:03.423,-1.82917,11.291056,-0.646434
18-Jan-2025 14:38:03.439,-2.408567,11.540052,-0.143652
18-Jan-2025 14:38:03.455,-2.750938,11.21444,0.68953
18-Jan-2025 14:38:03.471,-1.972822,10.21127,1.450886
18-Jan-2025 14:38:03.487,-0.926556,9.212888,1.75495
18-Jan-2025 14:38:03.503,-0.07422,8.499416,1.711854
18-Jan-2025 14:38:03.519,0.296881,8.092402,1.120486
18-Jan-2025 14:38:03.535,-0.004788,7.943961,0.299275
18-Jan-2025 14:38:03.551,-0.78051,8.178593,-0.208296
18-Jan-2025 14:38:03.567,-1.458069,8.590396,-0.292093
18-Jan-2025 14:38:03.583,-1.520318,8.980651,0.134075
18-Jan-2025 14:38:03.600,-1.084573,9.366117,0.617704
18-Jan-2025 14:38:03.616,-0.3304,9.394848,0.852336
18-Jan-2025 14:38:03.632,-0.70629,10.366894,0.833182
18-Jan-2025 14:38:03.648,-0.758962,10.582372,0.395043
18-Jan-2025 14:38:03.664,-0.481235,10.548853,0.026336
18-Jan-2025 14:38:03.680,-0.304064,10.544065,-0.126893
18-Jan-2025 14:38:03.696,-0.399832,10.323798,0.09098
18-Jan-2025 14:38:03.712,-0.565032,10.067618,0.454898
18-Jan-2025 14:38:03.728,-0.634463,9.785102,0.59855
18-Jan-2025 14:38:03.744,-0.617704,9.588778,0.617704
18-Jan-2025 14:38:03.760,-0.490811,9.488221,0.658405
18-Jan-2025 14:38:03.776,-0.25618,9.526528,0.584185
18-Jan-2025 14:38:03.793,-0.304064,9.921572,0.428562
18-Jan-2025 14:38:03.809,-0.545878,10.292673,0.306458
18-Jan-2025 14:38:03.825,-0.782904,10.58716,0.222661
18-Jan-2025 14:38:03.841,-0.842759,10.824186,0.146046
18-Jan-2025 14:38:03.857,-1.005565,11.104307,0.107739
18-Jan-2025 14:38:03.873,-1.235408,11.286267,0.021548
18-Jan-2025 14:38:03.889,-1.534683,11.405977,-0.306458
18-Jan-2025 14:38:03.905,-0.823605,11.329363,-0.258574
18-Jan-2025 14:38:03.921,-0.328006,11.511322,0.282516
18-Jan-2025 14:38:03.937,-0.198719,11.645397,0.818817
18-Jan-2025 14:38:03.953,0.150835,11.638214,1.130063
18-Jan-2025 14:38:03.969,0.924162,11.379641,1.266533
18-Jan-2025 14:38:03.985,1.726219,10.694899,1.596933
18-Jan-2025 14:38:04.001,1.831564,9.545682,1.805228
18-Jan-2025 14:38:04.017,1.84593,8.312668,2.032677
18-Jan-2025 14:38:04.033,1.66397,7.21373,2.190695
18-Jan-2025 14:38:04.050,1.323994,6.481104,1.991976
18-Jan-2025 14:38:04.066,1.39582,6.174646,1.695095
18-Jan-2025 14:38:04.082,1.764527,6.622362,1.534683
18-Jan-2025 14:38:04.098,1.934515,7.836222,1.604115
18-Jan-2025 14:38:04.114,1.194707,9.610326,1.302446
18-Jan-2025 14:38:04.130,0.363919,11.504139,0.433351
18-Jan-2025 14:38:04.146,-0.603339,11.001357,-0.169988
18-Jan-2025 14:38:04.162,-0.955287,11.269507,-0.418985
18-Jan-2025 14:38:04.178,-0.833182,11.432313,-0.553061
18-Jan-2025 14:38:04.194,-0.232238,11.398794,-0.483629
18-Jan-2025 14:38:04.210,0.821211,11.305421,-0.627281
18-Jan-2025 14:38:04.227,0.593762,10.204087,-0.670376
18-Jan-2025 14:38:04.243,0.366313,9.667787,-0.220267
18-Jan-2025 14:38:04.259,0.409408,9.057265,0.232238
18-Jan-2025 14:38:04.275,0.653617,8.482656,0.342371
18-Jan-2025 14:38:04.291,0.933739,8.240842,0.246603
18-Jan-2025 14:38:04.307,0.663194,8.267179,-0.052672
18-Jan-2025 14:38:04.323,0.117316,8.408437,-0.533907
18-Jan-2025 14:38:04.339,-0.4956,8.789114,-0.857124
18-Jan-2025 14:38:04.355,-0.754174,9.313444,-0.849942
18-Jan-2025 14:38:04.371,-0.354342,9.78989,-0.567426
18-Jan-2025 14:38:04.387,-0.023942,9.916783,-0.423774
18-Jan-2025 14:38:04.403,0.047884,9.991004,-0.474052
18-Jan-2025 14:38:04.419,-0.179565,10.21127,-0.715866
18-Jan-2025 14:38:04.435,-0.37589,10.359711,-0.708684
18-Jan-2025 14:38:04.452,-0.229843,10.374076,-0.653617
18-Jan-2025 14:38:04.467,-0.378284,10.208876,-0.378284
18-Jan-2025 14:38:04.484,-0.40462,10.299856,-0.325611
18-Jan-2025 14:38:04.500,-0.703895,10.647015,-0.385466
18-Jan-2025 14:38:04.516,-0.68953,11.006145,-0.629675
18-Jan-2025 14:38:04.532,-0.426168,11.123461,-0.909797
18-Jan-2025 14:38:04.548,-0.23942,11.164163,-0.742203
18-Jan-2025 14:38:04.564,-0.454898,11.587936,0.493206
18-Jan-2025 14:38:04.580,-1.010353,12.526464,1.414973
18-Jan-2025 14:38:04.596,-1.596933,12.842498,0.701501
18-Jan-2025 14:38:04.612,-1.723825,13.019669,-0.440533
18-Jan-2025 14:38:04.628,-0.924162,12.545617,-1.06542
18-Jan-2025 14:38:04.644,-0.665588,11.518504,-0.497994
18-Jan-2025 14:38:04.661,-1.13964,10.58716,0.967257
18-Jan-2025 14:38:04.677,-1.647211,9.904813,2.181118
18-Jan-2025 14:38:04.693,-1.857901,8.975863,2.389413
18-Jan-2025 14:38:04.709,-1.711854,7.994239,2.183512
18-Jan-2025 14:38:04.725,-1.630451,7.319075,2.288857
18-Jan-2025 14:38:04.741,-1.884237,6.856994,2.214637
18-Jan-2025 14:38:04.757,-2.636016,6.641516,1.99437
18-Jan-2025 14:38:04.773,-2.985569,7.486669,1.620875
18-Jan-2025 14:38:04.789,-2.585738,8.714894,0.682347
18-Jan-2025 14:38:04.805,-2.557007,9.701305,-0.629675
18-Jan-2025 14:38:04.821,-2.693477,10.307038,-1.154005
18-Jan-2025 14:38:04.837,-2.86586,10.67814,-0.742203
18-Jan-2025 14:38:04.854,-2.808398,10.884041,0.031125
18-Jan-2025 14:38:04.870,-2.375048,10.79785,0.873884
18-Jan-2025 14:38:04.886,-1.632846,9.909601,1.553837
18-Jan-2025 14:38:04.902,-1.532289,9.160215,1.582567
18-Jan-2025 14:38:04.918,-1.465251,8.53054,1.058237
18-Jan-2025 14:38:04.934,-1.539472,8.025364,0.181959
18-Jan-2025 14:38:04.950,-1.596933,7.826645,-0.500388
18-Jan-2025 14:38:04.966,-1.642422,7.896077,-0.727837
18-Jan-2025 14:38:04.982,-1.843535,8.176199,-0.347159
18-Jan-2025 14:38:04.998,-2.011129,8.540117,0.057461
18-Jan-2025 14:38:05.014,-2.035071,9.033323,0.246603
18-Jan-2025 14:38:05.030,-1.958457,9.469068,-0.004788
18-Jan-2025 14:38:05.046,-1.771709,9.947908,-0.430956
18-Jan-2025 14:38:05.062,-1.553837,10.132261,-0.73502
18-Jan-2025 14:38:05.078,-1.460463,10.024523,-0.430956
18-Jan-2025 14:38:05.095,-1.599327,9.859323,0.186748
18-Jan-2025 14:38:05.111,-1.721431,9.627085,0.651223
18-Jan-2025 14:38:05.127,-1.742979,9.607931,0.933739
18-Jan-2025 14:38:05.143,-1.462857,9.950302,0.627281
18-Jan-2025 14:38:05.159,-1.242591,10.175357,-0.232238
18-Jan-2025 14:38:05.175,-1.189918,10.433931,-1.199495
18-Jan-2025 14:38:05.191,-1.309628,10.589554,-1.266533
18-Jan-2025 14:38:05.207,-1.204283,11.049241,0.064643
18-Jan-2025 14:38:05.223,-1.156399,11.252748,1.199495
18-Jan-2025 14:38:05.239,-1.010353,11.405977,1.47004
18-Jan-2025 14:38:05.255,-0.976834,11.791444,1.04866
18-Jan-2025 14:38:05.271,-0.912191,12.176909,0.301669
18-Jan-2025 14:38:05.287,-0.25618,12.49055,-0.672771
18-Jan-2025 14:38:05.303,1.041478,12.339716,-1.007959
18-Jan-2025 14:38:05.320,1.924938,11.489774,0.138864
18-Jan-2025 14:38:05.336,2.3535,10.146626,1.61848
18-Jan-2025 14:38:05.352,2.070984,8.813056,2.554613
18-Jan-2025 14:38:05.368,1.467646,7.433996,2.772485
18-Jan-2025 14:38:05.384,0.97444,6.521805,2.240973
18-Jan-2025 14:38:05.400,0.651223,6.43322,1.290475
18-Jan-2025 14:38:05.416,0.428562,7.055712,0.150835
18-Jan-2025 14:38:05.432,0.438139,8.444349,-0.955287
18-Jan-2025 14:38:05.448,0.222661,9.983821,-1.824382
18-Jan-2025 14:38:05.464,-0.181959,11.619061,-1.92015
18-Jan-2025 14:38:05.480,-0.383072,12.248735,-1.072602
18-Jan-2025 14:38:05.496,-1.352724,12.449849,-0.332794
18-Jan-2025 14:38:05.512,-1.525106,11.408371,-0.311246
18-Jan-2025 14:38:05.528,-0.4956,10.266336,-0.924162
18-Jan-2025 14:38:05.544,0.459687,9.284714,-1.549049
18-Jan-2025 14:38:05.560,1.024718,8.554482,-1.628057
18-Jan-2025 14:38:05.576,1.137246,8.154651,-0.833182
18-Jan-2025 14:38:05.593,0.272939,7.991845,-0.306458
18-Jan-2025 14:38:05.609,-0.893037,8.018182,-0.428562
18-Jan-2025 14:38:05.625,-1.711854,8.291121,-0.902614
18-Jan-2025 14:38:05.641,-1.766921,8.700529,-1.649605
18-Jan-2025 14:38:05.657,-0.656011,8.966286,-1.884237
18-Jan-2025 14:38:05.673,-0.136469,9.188946,-1.596933
18-Jan-2025 14:38:05.689,-0.167594,9.344569,-1.192312
18-Jan-2025 14:38:05.705,-0.337582,9.497798,-0.957681
18-Jan-2025 14:38:05.721,-0.323217,9.574412,-1.13964
18-Jan-2025 14:38:05.737,-0.191536,9.629479,-1.644817
18-Jan-2025 14:38:05.753,-0.354342,9.746795,-1.989582
18-Jan-2025 14:38:05.769,-0.746991,9.991004,-2.027889
18-Jan-2025 14:38:05.786,-1.070208,10.340557,-1.90339
18-Jan-2025 14:38:05.802,-1.39582,10.579977,-1.826776
18-Jan-2025 14:38:05.817,-1.410185,10.654198,-1.90339
18-Jan-2025 14:38:05.834,-1.149217,10.527305,-2.073379
18-Jan-2025 14:38:05.850,-1.120486,10.326192,-2.035071
18-Jan-2025 14:38:05.866,-1.134852,10.19451,-2.018312
18-Jan-2025 14:38:05.882,-1.039083,10.13705,-1.893813
18-Jan-2025 14:38:05.898,-1.022324,10.105926,-1.752556
18-Jan-2025 14:38:05.914,-1.146823,10.30225,-1.074997
18-Jan-2025 14:38:05.930,-1.991976,11.2312,0.110133
18-Jan-2025 14:38:05.946,-2.899378,11.753136,-0.237026
18-Jan-2025 14:38:05.962,-3.050213,11.57836,-2.051831
18-Jan-2025 14:38:05.978,-3.227384,11.827356,-3.093309
18-Jan-2025 14:38:05.994,-2.032677,11.757924,-1.592144
18-Jan-2025 14:38:06.010,-0.476446,12.107478,1.000776
18-Jan-2025 14:38:06.026,-0.804452,11.283873,1.94888
18-Jan-2025 14:38:06.043,-1.726219,10.151415,1.053449
18-Jan-2025 14:38:06.059,-2.128445,9.217676,-0.09098
18-Jan-2025 14:38:06.075,-1.90339,8.698134,-0.423774
18-Jan-2025 14:38:06.091,-2.078167,8.532935,-0.02873
18-Jan-2025 14:38:06.107,-3.174711,8.820239,0.469264
18-Jan-2025 14:38:06.123,-3.969586,8.901642,1.039083
18-Jan-2025 14:38:06.139,-3.521871,9.018958,1.862689
18-Jan-2025 14:38:06.155,-2.319981,9.157822,2.286463
18-Jan-2025 14:38:06.171,-1.103727,9.074024,2.157176
18-Jan-2025 14:38:06.187,-0.186748,8.772355,1.644817
18-Jan-2025 14:38:06.203,0.919373,8.441956,1.35033
18-Jan-2025 14:38:06.219,1.446098,8.188169,1.582567
18-Jan-2025 14:38:06.236,0.562637,8.568848,1.838747
18-Jan-2025 14:38:06.252,-0.253785,8.968679,2.03986
18-Jan-2025 14:38:06.268,-1.654393,9.655815,2.123657
18-Jan-2025 14:38:06.284,-3.019088,10.378864,0.981623
18-Jan-2025 14:38:06.300,-4.134786,10.608707,-0.280122
18-Jan-2025 14:38:06.316,-3.646369,10.400413,-0.718261
18-Jan-2025 14:38:06.332,-2.645593,10.084377,-0.071826
18-Jan-2025 14:38:06.348,-1.900996,9.811439,0.964863
18-Jan-2025 14:38:06.364,-1.675941,9.689334,1.714248
18-Jan-2025 14:38:06.380,-1.630451,9.572019,2.106898
18-Jan-2025 14:38:06.396,-1.642422,9.562442,1.956063
18-Jan-2025 14:38:06.412,-2.013524,9.634268,1.398214
18-Jan-2025 14:38:06.428,-2.231396,9.586384,0.806846
18-Jan-2025 14:38:06.444,-2.403779,9.660604,0.387861
18-Jan-2025 14:38:06.460,-2.825158,9.665392,0.354342
18-Jan-2025 14:38:06.477,-2.679112,9.665392,0.565032
18-Jan-2025 14:38:06.493,-2.334347,9.720459,0.981623
18-Jan-2025 14:38:06.509,-2.209848,9.672575,1.376666
18-Jan-2025 14:38:06.525,-2.087744,9.818622,1.391031
18-Jan-2025 14:38:06.541,-2.051831,10.132261,0.919373
18-Jan-2025 14:38:06.557,-2.339135,10.333375,0.462081
18-Jan-2025 14:38:06.573,-2.406173,10.369287,0.023942
18-Jan-2025 14:38:06.589,-2.164358,10.287885,-0.234632
18-Jan-2025 14:38:06.605,-2.032677,10.249578,-0.232238
18-Jan-2025 14:38:06.621,-2.018312,10.010158,-0.179565
18-Jan-2025 14:38:06.637,-1.735796,9.787497,0.062249
18-Jan-2025 14:38:06.653,-1.371878,9.811439,0.222661
18-Jan-2025 14:38:06.669,-1.273715,9.746795,0.021548
18-Jan-2025 14:38:06.685,-1.37906,9.545682,-0.371101
18-Jan-2025 14:38:06.702,-1.328782,9.339781,-0.47884
18-Jan-2025 14:38:06.718,-1.170765,9.11712,-0.270545
18-Jan-2025 14:38:06.734,-1.074997,9.445126,-0.131681
18-Jan-2025 14:38:06.750,-1.142034,9.615114,-0.237026
18-Jan-2025 14:38:06.766,-1.11091,9.902418,-0.519542
18-Jan-2025 14:38:06.782,-1.177947,10.30225,-0.656011
18-Jan-2025 14:38:06.798,-1.347936,10.637438,-0.694318
18-Jan-2025 14:38:06.814,-1.082179,10.723629,-1.067814
18-Jan-2025 14:38:06.830,-0.581791,10.271125,-0.919373
18-Jan-2025 14:38:06.846,-0.292093,9.866506,-0.457293
18-Jan-2025 14:38:06.862,-0.28491,9.425972,-0.112527
18-Jan-2025 14:38:06.878,-0.354342,8.935161,-0.086191
18-Jan-2025 14:38:06.894,-0.198719,8.566454,-0.229843
18-Jan-2025 14:38:06.910,0.019154,8.358158,-0.098162
18-Jan-2025 14:38:06.927,0.019154,8.307879,0.270545
18-Jan-2025 14:38:06.943,0.035913,8.494628,0.581791
18-Jan-2025 14:38:06.959,0.572214,8.772355,0.574608
18-Jan-2025 14:38:06.975,1.007959,9.289502,0.361524
18-Jan-2025 14:38:06.991,1.314417,9.991004,-0.169988
18-Jan-2025 14:38:07.007,1.189918,10.66138,-0.684742
18-Jan-2025 14:38:07.023,0.876278,11.207258,-0.861913
18-Jan-2025 14:38:07.039,0.486023,11.274296,-0.725443
18-Jan-2025 14:38:07.055,0.440533,10.891224,-0.37589
18-Jan-2025 14:38:07.071,0.711078,10.441113,-0.023942
18-Jan-2025 14:38:07.087,1.103727,10.180145,-0.179565
18-Jan-2025 14:38:07.103,1.247379,10.149021,-0.790087
18-Jan-2025 14:38:07.119,1.369483,10.213664,-1.290475
18-Jan-2025 14:38:07.136,1.041478,10.27352,-1.216254
18-Jan-2025 14:38:07.152,0.560243,10.292673,-1.051055
18-Jan-2025 14:38:07.168,0.373495,10.244789,-0.821211
18-Jan-2025 14:38:07.184,0.347159,10.127473,-0.579397
18-Jan-2025 14:38:07.200,0.610521,9.952697,-0.620098
18-Jan-2025 14:38:07.216,0.596156,9.694122,-0.792481
18-Jan-2025 14:38:07.232,0.557849,9.543288,-0.835576
18-Jan-2025 14:38:07.248,0.435745,9.380483,-0.80924
18-Jan-2025 14:38:07.264,0.392649,9.129091,-0.878672
18-Jan-2025 14:38:07.280,0.574608,8.939949,-1.034295
18-Jan-2025 14:38:07.296,0.538695,8.937555,-1.082179
18-Jan-2025 14:38:07.312,0.282516,9.093178,-0.909797
18-Jan-2025 14:38:07.328,0.167594,9.306262,-0.782904
18-Jan-2025 14:38:07.344,0.225055,9.495404,-0.885855
18-Jan-2025 14:38:07.361,0.603339,9.739613,-0.878672
18-Jan-2025 14:38:07.377,0.703895,9.883265,-0.667982
18-Jan-2025 14:38:07.393,0.562637,9.993398,-0.505177
18-Jan-2025 14:38:07.409,0.356736,9.880871,-0.622492
18-Jan-2025 14:38:07.425,-0.007183,9.674969,-0.957681
18-Jan-2025 14:38:07.441,-0.418985,9.797073,-1.35033
18-Jan-2025 14:38:07.457,-0.361524,9.945514,-1.197101
18-Jan-2025 14:38:07.473,-0.102951,9.763555,-0.713472
18-Jan-2025 14:38:07.489,-0.069432,9.399636,-0.258574
18-Jan-2025 14:38:07.505,-0.553061,9.148245,-0.124498
18-Jan-2025 14:38:07.521,-1.039083,9.169792,-0.11971
18-Jan-2025 14:38:07.537,-1.156399,9.476251,-0.079009
18-Jan-2025 14:38:07.553,-0.399832,10.077195,0.227449
18-Jan-2025 14:38:07.569,0.466869,10.359711,0.189142
18-Jan-2025 14:38:07.586,0.933739,10.259154,-0.093374
18-Jan-2025 14:38:07.602,0.847547,10.180145,0.083797
18-Jan-2025 14:38:07.618,0.754174,10.110714,0.095768
18-Jan-2025 14:38:07.634,0.550666,9.907207,0.320823
18-Jan-2025 14:38:07.650,0.751779,9.768343,0.383072
18-Jan-2025 14:38:07.666,1.039083,9.361329,0.311246
18-Jan-2025 14:38:07.682,1.16837,9.033323,0.4956
18-Jan-2025 14:38:07.698,1.098939,9.105149,0.782904
18-Jan-2025 14:38:07.714,1.067814,9.76116,0.957681
18-Jan-2025 14:38:07.730,0.852336,10.860099,1.596933
18-Jan-2025 14:38:07.746,0.203507,12.20564,3.093309
18-Jan-2025 14:38:07.762,0.351948,13.414712,1.740585
18-Jan-2025 14:38:07.778,-0.093374,14.025233,-0.52433
18-Jan-2025 14:38:07.794,-0.656011,14.238317,-0.122104
18-Jan-2025 14:38:07.811,-1.651999,13.663709,1.999158
18-Jan-2025 14:38:07.827,-1.941698,11.923124,3.940856
18-Jan-2025 14:38:07.843,-1.328782,10.295067,4.086902
18-Jan-2025 14:38:07.859,-0.94571,8.99741,3.284845
18-Jan-2025 14:38:07.875,-0.610521,7.917625,2.707842
18-Jan-2025 14:38:07.891,-0.505177,7.113173,3.071761
18-Jan-2025 14:38:07.907,-0.299275,6.847417,3.435679
18-Jan-2025 14:38:07.923,-0.134075,7.058106,3.440468
18-Jan-2025 14:38:07.939,-0.361524,7.826645,3.330335
18-Jan-2025 14:38:07.955,-0.567426,8.607155,3.440468
18-Jan-2025 14:38:07.971,-0.699107,9.291897,3.457227
18-Jan-2025 14:38:07.987,-1.393425,9.873688,3.562572
18-Jan-2025 14:38:08.003,-2.430115,10.077195,2.794033
18-Jan-2025 14:38:08.020,-2.1883,9.82341,1.850718
18-Jan-2025 14:38:08.035,-1.039083,9.526528,1.120486
18-Jan-2025 14:38:08.052,-0.007183,9.49301,1.165976
18-Jan-2025 14:38:08.068,0.737414,9.49301,1.58975
18-Jan-2025 14:38:08.084,1.132457,9.399636,1.889025
18-Jan-2025 14:38:08.100,1.194707,9.160215,2.226608
18-Jan-2025 14:38:08.116,1.25935,9.167398,2.267309
18-Jan-2025 14:38:08.132,1.089362,9.459491,2.054225
18-Jan-2025 14:38:08.148,0.792481,9.634268,1.398214
18-Jan-2025 14:38:08.164,0.596156,9.864111,0.830788
18-Jan-2025 14:38:08.180,0.852336,9.837775,1.101333
18-Jan-2025 14:38:08.196,1.472434,10.117896,1.620875
18-Jan-2025 14:38:08.212,1.474828,10.213664,1.795651
18-Jan-2025 14:38:08.228,1.278504,10.122684,1.644817
18-Jan-2025 14:38:08.244,1.23062,10.038888,1.37906
18-Jan-2025 14:38:08.261,1.283292,10.043676,1.161188
18-Jan-2025 14:38:08.277,1.455675,10.0341,1.043872
18-Jan-2025 14:38:08.293,1.917756,10.084377,0.811634
18-Jan-2025 14:38:08.309,1.762132,10.026917,0.938527
18-Jan-2025 14:38:08.325,1.268927,9.773131,0.94571
18-Jan-2025 14:38:08.341,1.027112,9.607931,0.78051
18-Jan-2025 14:38:08.357,0.732626,9.502586,0.811634
18-Jan-2025 14:38:08.373,0.320823,9.28232,0.371101
18-Jan-2025 14:38:08.389,-0.093374,9.11712,-0.301669
18-Jan-2025 14:38:08.405,-0.064643,9.07163,-0.54109
18-Jan-2025 14:38:08.421,0.181959,9.337387,-0.296881
18-Jan-2025 14:38:08.437,0.275333,9.49301,0.150835
18-Jan-2025 14:38:08.453,0.512359,9.588778,0.328006
18-Jan-2025 14:38:08.470,0.610521,9.746795,0.215478
18-Jan-2025 14:38:08.486,0.433351,9.785102,-0.162806
18-Jan-2025 14:38:08.502,0.514753,9.885659,-0.433351
18-Jan-2025 14:38:08.518,0.658405,9.969456,-0.354342
18-Jan-2025 14:38:08.534,0.31364,9.847352,-0.019154
18-Jan-2025 14:38:08.550,-0.040701,9.734824,0.141258
18-Jan-2025 14:38:08.565,-0.292093,9.964667,0.047884
18-Jan-2025 14:38:08.582,-0.248997,10.409989,0.102951
18-Jan-2025 14:38:08.598,-0.203507,10.929531,0.225055
18-Jan-2025 14:38:08.614,-0.232238,11.449073,-0.038307
18-Jan-2025 14:38:08.630,-0.035913,11.484985,-0.112527
18-Jan-2025 14:38:08.646,0.474052,11.269507,0.497994
18-Jan-2025 14:38:08.662,0.131681,12.13142,1.132457
18-Jan-2025 14:38:08.678,0.260968,12.133814,1.211466
18-Jan-2025 14:38:08.694,0.969652,12.409147,1.163582
18-Jan-2025 14:38:08.711,2.331953,11.137826,1.316811
18-Jan-2025 14:38:08.727,1.922544,9.469068,1.644817
18-Jan-2025 14:38:08.743,1.623269,8.209718,2.018312
18-Jan-2025 14:38:08.759,1.640028,7.046135,2.691083
18-Jan-2025 14:38:08.775,1.836353,6.062119,2.889802
18-Jan-2025 14:38:08.791,1.00317,6.476315,2.200271
18-Jan-2025 14:38:08.807,0.380678,7.563283,0.912191
18-Jan-2025 14:38:08.823,0.150835,9.11712,-0.490811
18-Jan-2025 14:38:08.839,0.141258,10.503363,-0.723049
18-Jan-2025 14:38:08.855,-0.402226,11.461043,-0.019154
18-Jan-2025 14:38:08.871,-1.525106,12.423512,1.273715
18-Jan-2025 14:38:08.887,-1.029507,12.270284,1.56102
18-Jan-2025 14:38:08.903,0.093374,11.587936,0.581791
18-Jan-2025 14:38:08.919,0.746991,10.551247,-0.457293
18-Jan-2025 14:38:08.935,0.732626,9.56723,-0.861913
18-Jan-2025 14:38:08.952,0.577003,8.863335,-0.454898
18-Jan-2025 14:38:08.968,0.634463,8.619126,0.418985
18-Jan-2025 14:38:08.984,-0.40462,8.497022,0.80924
18-Jan-2025 14:38:09.000,-2.468422,8.341399,0.07422
18-Jan-2025 14:38:09.016,-1.690306,7.85777,-0.730232
18-Jan-2025 14:38:09.032,-0.64404,8.26239,-0.442927
18-Jan-2025 14:38:09.048,-0.292093,8.8777,-0.328006
18-Jan-2025 14:38:09.064,0.3304,9.076419,-0.28491
18-Jan-2025 14:38:09.080,-0.019154,9.437943,-0.624887
18-Jan-2025 14:38:09.096,-0.37589,9.804255,-0.916979
18-Jan-2025 14:38:09.112,-0.100556,10.081984,-0.177171
18-Jan-2025 14:38:09.128,-0.481235,10.510546,-0.260968
18-Jan-2025 14:38:09.145,-0.356736,10.321404,-0.399832
18-Jan-2025 14:38:09.161,-0.476446,10.297462,-0.70629
18-Jan-2025 14:38:09.177,-0.821211,10.192117,-1.182736
18-Jan-2025 14:38:09.193,-0.881066,10.307038,-1.182736
18-Jan-2025 14:38:09.209,-0.718261,10.448297,-0.907402
18-Jan-2025 14:38:09.225,-0.902614,10.757148,-1.010353
18-Jan-2025 14:38:09.241,-1.199495,10.78109,-1.209072
18-Jan-2025 14:38:09.257,-1.101333,10.613496,-1.177947
18-Jan-2025 14:38:09.273,-1.211466,10.599131,-0.332794
18-Jan-2025 14:38:09.289,-1.599327,11.291056,1.302446
18-Jan-2025 14:38:09.305,-1.860295,12.016499,1.046266
18-Jan-2025 14:38:09.321,-2.056619,12.51928,-0.557849
18-Jan-2025 14:38:09.337,-1.936909,12.777855,-0.823605
18-Jan-2025 14:38:09.353,-1.410185,12.344504,-0.062249
18-Jan-2025 14:38:09.370,-0.80924,11.556811,0.940921
18-Jan-2025 14:38:09.386,-1.719037,9.976639,0.572214
18-Jan-2025 14:38:09.402,-3.885789,9.318233,1.78368
18-Jan-2025 14:38:09.418,-2.13084,9.009381,2.334347
18-Jan-2025 14:38:09.434,-1.94888,7.735666,1.812411
18-Jan-2025 14:38:09.450,-2.08535,6.234501,1.750161
18-Jan-2025 14:38:09.466,-2.30801,6.090849,2.245761
18-Jan-2025 14:38:09.482,-2.497152,6.600814,2.284068
18-Jan-2025 14:38:09.498,-2.545036,7.788338,1.505953
18-Jan-2025 14:38:09.514,-2.576161,9.275137,0.73502
18-Jan-2025 14:38:09.530,-2.652776,10.970232,0.739808
18-Jan-2025 14:38:09.546,-3.038242,12.727576,0.90022
18-Jan-2025 14:38:09.562,-2.679112,12.615048,0.694318
18-Jan-2025 14:38:09.578,-2.260126,10.922348,0.174777
18-Jan-2025 14:38:09.594,-2.11408,9.473856,-0.1652
18-Jan-2025 14:38:09.610,-2.284068,8.736442,-0.21069
18-Jan-2025 14:38:09.627,-2.334347,8.288726,0.349553
18-Jan-2025 14:38:09.643,-2.789245,7.61835,-0.311246
18-Jan-2025 14:38:09.659,-1.896208,8.180987,0.976834
18-Jan-2025 14:38:09.675,-2.832341,8.293514,-0.040701
18-Jan-2025 14:38:09.691,-3.203442,8.439561,-0.162806
18-Jan-2025 14:38:09.707,-2.978387,8.549694,0.325611
18-Jan-2025 14:38:09.723,-2.736573,8.791509,0.229843
18-Jan-2025 14:38:09.739,-2.521094,9.064447,-0.162806
18-Jan-2025 14:38:09.755,-2.197877,9.229648,-0.227449
18-Jan-2025 14:38:09.771,-1.999158,9.543288,-0.064643
18-Jan-2025 14:38:09.787,-1.625663,9.909601,-0.229843
18-Jan-2025 14:38:09.803,-1.235408,10.0748,-0.004788
18-Jan-2025 14:38:09.819,-1.450886,9.727641,0.04549
18-Jan-2025 14:38:09.836,-1.671153,9.500193,-0.349553
18-Jan-2025 14:38:09.852,-1.896208,9.425972,-0.457293
18-Jan-2025 14:38:09.868,-2.1883,9.619903,-0.390255
18-Jan-2025 14:38:09.884,-2.312799,9.763555,0.265756
18-Jan-2025 14:38:09.900,-1.534683,9.593566,0.112527
18-Jan-2025 14:38:09.916,-0.794875,9.73243,-0.962469
18-Jan-2025 14:38:09.932,-0.775721,10.098742,-1.735796
18-Jan-2025 14:38:09.948,-1.300052,10.529699,-0.895431
18-Jan-2025 14:38:09.964,-1.486799,10.407595,0.538695
18-Jan-2025 14:38:09.980,-1.297657,10.240001,0.770933
18-Jan-2025 14:38:09.996,-0.995988,10.323798,-0.057461
18-Jan-2025 14:38:10.012,-0.751779,10.563218,-0.964863
18-Jan-2025 14:38:10.028,-0.986411,10.860099,-0.80924
18-Jan-2025 14:38:10.044,-0.943315,11.178528,-0.11971
18-Jan-2025 14:38:10.060,-0.785298,11.496957,0.131681
18-Jan-2025 14:38:10.076,-0.636858,11.298238,-0.378284
18-Jan-2025 14:38:10.092,-0.129287,10.78109,-0.409408
18-Jan-2025 14:38:10.109,0.593762,10.175357,0.311246
18-Jan-2025 14:38:10.125,1.079785,9.390059,0.967257
18-Jan-2025 14:38:10.141,1.182736,8.60955,0.972046
18-Jan-2025 14:38:10.157,1.16837,8.034941,0.720655
18-Jan-2025 14:38:10.173,1.089362,7.982268,0.919373
18-Jan-2025 14:38:10.189,1.309628,8.240842,1.386243
18-Jan-2025 14:38:10.205,1.199495,8.844181,1.252167
18-Jan-2025 14:38:10.221,0.462081,10.201694,0.648829
18-Jan-2025 14:38:10.237,-0.337582,11.757924,-0.586579
18-Jan-2025 14:38:10.253,-0.919373,11.745954,-1.225831
18-Jan-2025 14:38:10.269,-1.537078,11.892,-0.792481
18-Jan-2025 14:38:10.285,-1.30484,12.483368,-0.203507
18-Jan-2025 14:38:10.301,-0.64404,11.092337,0.241814
18-Jan-2025 14:38:10.318,-0.083797,9.849746,0.112527
18-Jan-2025 14:38:10.334,0.368707,8.810662,-0.6608
18-Jan-2025 14:38:10.350,0.390255,7.888895,-1.041478
18-Jan-2025 14:38:10.366,0.445322,7.592013,-0.560243
18-Jan-2025 14:38:10.382,0.378284,7.711724,-0.021548
18-Jan-2025 14:38:10.398,-0.035913,8.123527,0.184354
18-Jan-2025 14:38:10.414,-0.289698,8.781932,-0.019154
18-Jan-2025 14:38:10.430,0.002394,9.509769,-0.47884
18-Jan-2025 14:38:10.446,0.19393,10.199299,-0.890643
18-Jan-2025 14:38:10.462,0.007183,10.486604,-1.022324
18-Jan-2025 14:38:10.478,-0.19393,10.577583,-0.675165
18-Jan-2025 14:38:10.494,-0.124498,10.31901,-0.696713
18-Jan-2025 14:38:10.510,-0.1652,10.084377,-0.912191
18-Jan-2025 14:38:10.526,-0.09098,9.94312,-1.127669
18-Jan-2025 14:38:10.542,0.095768,9.67018,-1.254562
18-Jan-2025 14:38:10.559,-0.102951,9.449914,-1.137246
18-Jan-2025 14:38:10.575,-0.35913,9.490616,-1.079785
18-Jan-2025 14:38:10.591,-0.507571,9.734824,-1.173159
18-Jan-2025 14:38:10.607,-0.730232,10.084377,-1.419762
18-Jan-2025 14:38:10.623,-0.701501,10.479421,-1.623269
18-Jan-2025 14:38:10.639,-0.624887,10.709264,-1.462857
18-Jan-2025 14:38:10.655,-0.588974,10.58716,-1.16837
18-Jan-2025 14:38:10.671,-0.701501,10.240001,-1.192312
18-Jan-2025 14:38:10.687,-0.938527,9.964667,-1.240196
18-Jan-2025 14:38:10.703,-0.914585,9.847352,-1.252167
18-Jan-2025 14:38:10.719,-0.988805,10.405201,-0.6608
18-Jan-2025 14:38:10.735,-1.156399,11.434708,-0.567426
18-Jan-2025 14:38:10.752,-1.362301,11.927913,-1.070208
18-Jan-2025 14:38:10.767,-1.479617,12.073959,-1.086968
18-Jan-2025 14:38:10.783,-1.400608,11.767501,-0.981623
18-Jan-2025 14:38:10.800,-1.556231,10.929531,-0.447716
18-Jan-2025 14:38:10.816,-1.570596,10.441113,0.387861
18-Jan-2025 14:38:10.832,-1.204283,9.787497,1.077391
18-Jan-2025 14:38:10.848,-1.16837,9.258378,0.905008
18-Jan-2025 14:38:10.864,-1.381454,8.810662,0.292093
18-Jan-2025 14:38:10.880,-1.807622,8.372523,-0.131681
18-Jan-2025 14:38:10.896,-2.240973,8.109161,0.146046
18-Jan-2025 14:38:10.912,-2.396596,8.034941,1.06542
18-Jan-2025 14:38:10.928,-2.291251,8.288726,2.161964
18-Jan-2025 14:38:10.944,-2.39899,8.834604,2.015918
18-Jan-2025 14:38:10.960,-3.016694,10.220847,0.634463
18-Jan-2025 14:38:10.976,-2.640805,10.761936,0.004788
18-Jan-2025 14:38:10.993,-3.016694,11.317391,-0.201113
18-Jan-2025 14:38:11.009,-3.342306,11.298238,-0.347159
18-Jan-2025 14:38:11.025,-2.643199,10.733206,-0.122104
18-Jan-2025 14:38:11.041,-2.173935,10.184934,0.052672
18-Jan-2025 14:38:11.057,-1.924938,9.73243,0.083797
18-Jan-2025 14:38:11.073,-1.601721,9.062054,0.107739
18-Jan-2025 14:38:11.089,-1.201889,8.5473,0.191536
18-Jan-2025 14:38:11.105,-0.835576,8.295909,0.189142
18-Jan-2025 14:38:11.121,-0.651223,8.276755,0.263362
18-Jan-2025 14:38:11.137,-0.610521,8.295909,0.040701
18-Jan-2025 14:38:11.153,-1.134852,8.688558,0.100556
18-Jan-2025 14:38:11.169,-1.996764,9.579201,0.40462
18-Jan-2025 14:38:11.185,-2.60968,9.76116,0.368707
18-Jan-2025 14:38:11.201,-2.669535,9.895236,0.021548
18-Jan-2025 14:38:11.218,-2.533065,10.038888,-0.107739
18-Jan-2025 14:38:11.233,-2.23379,9.97185,-0.040701
18-Jan-2025 14:38:11.250,-2.231396,9.873688,-0.213084
18-Jan-2025 14:38:11.265,-2.27928,9.576807,-0.622492
18-Jan-2025 14:38:11.282,-2.549825,9.284714,-0.907402
18-Jan-2025 14:38:11.298,-2.870648,9.112331,-0.490811
18-Jan-2025 14:38:11.314,-2.65517,8.92319,0.138864
18-Jan-2025 14:38:11.330,-2.25055,8.90643,0.184354
18-Jan-2025 14:38:11.346,-1.970428,9.085996,-0.244209
18-Jan-2025 14:38:11.362,-1.857901,9.5385,-0.517148
18-Jan-2025 14:38:11.378,-1.740585,10.081984,-0.409408
18-Jan-2025 14:38:11.394,-1.388637,10.441113,-0.19393
18-Jan-2025 14:38:11.410,-1.161188,10.603919,-0.694318
18-Jan-2025 14:38:11.426,-0.981623,10.67814,-1.108515
18-Jan-2025 14:38:11.443,-0.873884,10.563218,-1.096544
18-Jan-2025 14:38:11.458,-0.940921,10.469844,-0.452504
18-Jan-2025 14:38:11.475,-1.103727,10.589554,-0.390255
18-Jan-2025 14:38:11.491,-1.189918,10.460267,-1.312023
18-Jan-2025 14:38:11.507,-0.952892,10.010158,-1.434127
18-Jan-2025 14:38:11.523,-0.244209,10.089166,0.217872
18-Jan-2025 14:38:11.539,-0.517148,10.809821,0.507571
18-Jan-2025 14:38:11.554,-0.952892,11.310209,-0.557849
18-Jan-2025 14:38:11.571,-0.768539,12.021287,-0.914585
18-Jan-2025 14:38:11.587,-0.526724,11.099519,-0.723049
18-Jan-2025 14:38:11.603,-0.37589,10.254366,-0.098162
18-Jan-2025 14:38:11.619,-0.064643,9.562442,0.502782
18-Jan-2025 14:38:11.635,0.289698,8.676587,0.814029
18-Jan-2025 14:38:11.651,0.754174,7.831434,0.64404
18-Jan-2025 14:38:11.668,1.055843,7.161057,0.184354
18-Jan-2025 14:38:11.684,0.636858,7.321469,-0.107739
18-Jan-2025 14:38:11.700,0.505177,8.293514,-0.021548
18-Jan-2025 14:38:11.716,0.550666,9.495404,-0.323217
18-Jan-2025 14:38:11.732,-0.067038,10.99178,-1.364695
18-Jan-2025 14:38:11.748,-1.252167,12.088325,-2.078167
18-Jan-2025 14:38:11.764,-1.793257,12.198458,-1.546654
18-Jan-2025 14:38:11.780,-1.951274,11.532869,-1.007959
18-Jan-2025 14:38:11.796,-1.031901,10.575189,-1.000776
18-Jan-2025 14:38:11.812,-0.579397,9.868899,-1.288081
18-Jan-2025 14:38:11.828,-0.306458,9.153033,-1.522712
18-Jan-2025 14:38:11.844,-0.555455,8.631097,-1.532289
18-Jan-2025 14:38:11.860,-1.201889,8.456321,-1.491588
18-Jan-2025 14:38:11.877,-2.008735,8.39886,-1.326388
18-Jan-2025 14:38:11.893,-2.896984,8.415619,-1.33357
18-Jan-2025 14:38:11.909,-2.226608,8.705317,-1.352724
18-Jan-2025 14:38:11.925,-1.807622,8.930372,-1.534683
18-Jan-2025 14:38:11.941,-1.661576,8.99741,-1.534683
18-Jan-2025 14:38:11.957,-1.39582,9.093178,-1.312023
18-Jan-2025 14:38:11.973,-1.206678,9.244013,-1.125275
18-Jan-2025 14:38:11.989,-1.067814,9.332599,-1.010353
18-Jan-2025 14:38:12.005,-0.888249,9.325416,-0.912191
18-Jan-2025 14:38:12.021,-0.950498,9.303867,-1.022324
18-Jan-2025 14:38:12.037,-1.314417,9.55047,-1.125275
18-Jan-2025 14:38:12.053,-1.666364,10.108319,-1.314417
18-Jan-2025 14:38:12.069,-1.814805,10.632649,-1.731008
18-Jan-2025 14:38:12.086,-1.82917,11.109096,-1.94888
18-Jan-2025 14:38:12.101,-1.826776,11.403583,-1.80044
18-Jan-2025 14:38:12.118,-1.790863,11.506534,-1.707066
18-Jan-2025 14:38:12.134,-1.661576,11.33894,-1.900996
18-Jan-2025 14:38:12.150,-1.656788,11.224017,-1.256956
18-Jan-2025 14:38:12.166,-2.157176,11.774684,0.390255
18-Jan-2025 14:38:12.182,-2.784456,11.748347,-0.85473
18-Jan-2025 14:38:12.198,-3.512294,11.293449,-2.492364
18-Jan-2025 14:38:12.214,-3.684676,11.18571,-1.893813
18-Jan-2025 14:38:12.230,-2.743755,10.359711,-0.136469
18-Jan-2025 14:38:12.246,-2.463634,9.557653,1.288081
18-Jan-2025 14:38:12.262,-2.628834,8.535329,1.549049
18-Jan-2025 14:38:12.278,-2.487576,7.654263,0.97444
18-Jan-2025 14:38:12.294,-2.636016,7.036559,0.579397
18-Jan-2025 14:38:12.310,-2.303222,6.924031,0.778116
18-Jan-2025 14:38:12.327,-1.759738,7.187394,0.933739
18-Jan-2025 14:38:12.343,-1.479617,7.721301,0.962469
18-Jan-2025 14:38:12.359,-1.434127,8.554482,1.067814
18-Jan-2025 14:38:12.375,-1.711854,9.452309,1.13964
18-Jan-2025 14:38:12.391,-2.322376,10.206482,1.156399
18-Jan-2025 14:38:12.407,-3.488352,10.709264,0.864307
18-Jan-2025 14:38:12.423,-3.852271,10.594342,0.701501
18-Jan-2025 14:38:12.439,-3.251326,10.208876,0.397437
18-Jan-2025 14:38:12.455,-2.746149,9.907207,0.237026
18-Jan-2025 14:38:12.471,-2.446874,9.725247,0.538695
18-Jan-2025 14:38:12.487,-2.334347,9.773131,0.708684
18-Jan-2025 14:38:12.503,-2.049437,9.880871,0.521936
18-Jan-2025 14:38:12.519,-1.68073,10.024523,0.361524
18-Jan-2025 14:38:12.535,-1.56102,10.096349,0.435745
18-Jan-2025 14:38:12.551,-2.080561,10.242394,0.308852
18-Jan-2025 14:38:12.568,-2.552219,10.024523,0.351948
18-Jan-2025 14:38:12.584,-2.533065,9.703699,0.026336
18-Jan-2025 14:38:12.600,-2.82037,9.531317,-0.339977
18-Jan-2025 14:38:12.616,-3.220201,9.255983,-0.246603
18-Jan-2025 14:38:12.632,-3.332729,9.097966,0.306458
18-Jan-2025 14:38:12.648,-3.193865,8.954314,0.847547
18-Jan-2025 14:38:12.664,-3.002329,9.165004,1.146823
18-Jan-2025 14:38:12.680,-2.978387,9.454702,1.201889
18-Jan-2025 14:38:12.696,-2.892196,9.799467,0.919373
18-Jan-2025 14:38:12.712,-2.942474,10.18254,0.857124
18-Jan-2025 14:38:12.728,-3.04303,10.532093,0.766145
18-Jan-2025 14:38:12.744,-2.904167,10.658986,0.68953
18-Jan-2025 14:38:12.760,-2.767697,10.491392,0.574608
18-Jan-2025 14:38:12.776,-2.695871,10.237606,0.335188
18-Jan-2025 14:38:12.792,-2.566584,9.856929,0.253785
18-Jan-2025 14:38:12.808,-2.604892,9.44752,0.294487
18-Jan-2025 14:38:12.825,-2.810793,9.217676,0.464475
18-Jan-2025 14:38:12.841,-2.798822,8.999804,0.617704
18-Jan-2025 14:38:12.857,-2.387019,8.528147,0.287304
18-Jan-2025 14:38:12.873,-2.533065,8.834604,-0.117316
18-Jan-2025 14:38:12.889,-2.346318,9.016563,-0.105345
18-Jan-2025 14:38:12.905,-2.475605,9.222465,0.062249
18-Jan-2025 14:38:12.921,-2.794033,9.694122,0.452504
18-Jan-2025 14:38:12.937,-2.743755,10.058042,0.596156
18-Jan-2025 14:38:12.953,-2.422932,10.177752,0.169988
18-Jan-2025 14:38:12.969,-2.327164,10.129868,-0.323217
18-Jan-2025 14:38:12.985,-2.274492,9.952697,-0.270545
18-Jan-2025 14:38:13.001,-2.238579,9.694122,-0.031125
18-Jan-2025 14:38:13.018,-2.255338,9.794679,0.095768
18-Jan-2025 14:38:13.034,-2.468422,9.871294,-0.110133
18-Jan-2025 14:38:13.050,-2.391808,9.730036,-0.385466
18-Jan-2025 14:38:13.066,-1.915361,9.651027,-0.205901
18-Jan-2025 14:38:13.082,-1.443704,9.3733,0.280122
18-Jan-2025 14:38:13.098,-1.256956,9.138668,0.651223
18-Jan-2025 14:38:13.114,-0.857124,9.01417,0.567426
18-Jan-2025 14:38:13.130,-0.292093,8.846576,0.658405
18-Jan-2025 14:38:13.146,0.098162,8.688558,0.964863
18-Jan-2025 14:38:13.162,0.452504,8.556877,1.314417
18-Jan-2025 14:38:13.178,0.519542,8.726865,1.47004
18-Jan-2025 14:38:13.194,0.761356,9.459491,1.194707
18-Jan-2025 14:38:13.210,1.012747,10.041282,0.806846
18-Jan-2025 14:38:13.226,1.137246,10.898406,-0.553061
18-Jan-2025 14:38:13.243,1.000776,11.575965,-1.491588
18-Jan-2025 14:38:13.259,0.94571,11.908759,-0.960075
18-Jan-2025 14:38:13.275,0.73502,12.378023,0.059855
18-Jan-2025 14:38:13.291,0.158017,12.308591,-0.368707
18-Jan-2025 14:38:13.307,-0.76375,10.699687,-0.775721
18-Jan-2025 14:38:13.323,0.098162,9.844957,-0.402226
18-Jan-2025 14:38:13.339,0.840365,9.251195,0.04549
18-Jan-2025 14:38:13.355,0.445322,8.856153,-0.110133
18-Jan-2025 14:38:13.371,0.440533,9.598354,0.086191
18-Jan-2025 14:38:13.387,0.948104,9.97185,-0.251391
18-Jan-2025 14:38:13.403,1.285686,10.005369,-0.275333
18-Jan-2025 14:38:13.419,1.06542,9.653421,-0.155623
18-Jan-2025 14:38:13.435,0.31364,8.947132,-0.502782
18-Jan-2025 14:38:13.451,0.418985,8.700529,-0.37589
18-Jan-2025 14:38:13.467,0.73502,8.379706,-0.289698
18-Jan-2025 14:38:13.484,1.007959,8.432379,-0.141258
18-Jan-2025 14:38:13.500,1.125275,8.836999,0.227449
18-Jan-2025 14:38:13.516,0.746991,9.40203,-0.181959
18-Jan-2025 14:38:13.532,0.665588,10.132261,-0.59855
18-Jan-2025 14:38:13.548,0.586579,10.615891,-0.737414
18-Jan-2025 14:38:13.564,0.545878,10.58716,-0.586579
18-Jan-2025 14:38:13.580,0.557849,10.474632,-0.366313
18-Jan-2025 14:38:13.596,0.493206,10.237606,-0.347159
18-Jan-2025 14:38:13.612,0.550666,10.053253,-0.241814
18-Jan-2025 14:38:13.628,0.459687,9.816227,-0.19393
18-Jan-2025 14:38:13.644,0.282516,9.557653,-0.277727
18-Jan-2025 14:38:13.660,0.366313,9.473856,-0.294487
18-Jan-2025 14:38:13.676,0.579397,9.488221,-0.538695
18-Jan-2025 14:38:13.693,0.325611,9.581595,-0.294487
18-Jan-2025 14:38:13.709,0.361524,9.674969,0.019154
18-Jan-2025 14:38:13.725,0.445322,9.835381,-0.153229
18-Jan-2025 14:38:13.741,0.497994,10.371682,-0.632069
18-Jan-2025 14:38:13.757,0.138864,10.793061,-0.847547
18-Jan-2025 14:38:13.773,0.102951,11.171345,-1.079785
18-Jan-2025 14:38:13.789,-0.225055,11.456255,-1.144428
18-Jan-2025 14:38:13.805,-0.177171,11.501745,-0.428562
18-Jan-2025 14:38:13.821,0.172383,11.252748,-0.368707
18-Jan-2025 14:38:13.837,0.579397,10.874464,-0.409408
18-Jan-2025 14:38:13.853,0.711078,10.931925,0.526724
18-Jan-2025 14:38:13.869,0.821211,11.449073,1.039083
18-Jan-2025 14:38:13.885,1.09415,11.935096,0.634463
18-Jan-2025 14:38:13.901,1.120486,12.485762,1.122881
18-Jan-2025 14:38:13.917,1.130063,12.548011,2.229002
18-Jan-2025 14:38:13.933,2.329558,11.640609,3.593697
18-Jan-2025 14:38:13.949,1.580173,10.125079,3.811569
18-Jan-2025 14:38:13.966,0.447716,8.451532,3.598485
18-Jan-2025 14:38:13.982,-0.574608,7.110779,3.62961
18-Jan-2025 14:38:13.998,-1.355118,6.260838,3.488352
18-Jan-2025 14:38:14.014,-2.164358,6.014235,2.834735
18-Jan-2025 14:38:14.030,-2.245761,6.828263,2.786851
18-Jan-2025 14:38:14.046,-2.087744,8.319851,2.238579
18-Jan-2025 14:38:14.062,-1.33357,10.019734,1.01993
18-Jan-2025 14:38:14.078,-0.079009,11.614272,0.263362
18-Jan-2025 14:38:14.094,2.300828,10.771513,1.228225
18-Jan-2025 14:38:14.110,0.110133,10.881647,3.366248
18-Jan-2025 14:38:14.126,0.344765,11.190498,4.005499
18-Jan-2025 14:38:14.142,2.5187,10.919954,2.645593
18-Jan-2025 14:38:14.158,3.124433,10.536881,0.969652
18-Jan-2025 14:38:14.175,0.976834,9.967062,0.069432
18-Jan-2025 14:38:14.191,-0.064643,9.351752,0.514753
18-Jan-2025 14:38:14.207,-0.476446,9.021352,1.000776
18-Jan-2025 14:38:14.222,-0.593762,8.571242,0.826
18-Jan-2025 14:38:14.239,-0.426168,8.157045,0.483629
18-Jan-2025 14:38:14.255,-0.07422,8.133103,0.519542
18-Jan-2025 14:38:14.271,0.004788,8.420407,0.845153
18-Jan-2025 14:38:14.287,-0.232238,8.918402,1.158794
18-Jan-2025 14:38:14.303,-0.505177,9.263166,1.316811
18-Jan-2025 14:38:14.319,-0.64404,9.655815,0.979228
18-Jan-2025 14:38:14.335,-1.156399,9.775525,1.283292
18-Jan-2025 14:38:14.351,-1.551443,10.065224,1.707066
18-Jan-2025 14:38:14.367,-1.034295,10.33098,1.675941
18-Jan-2025 14:38:14.384,-1.94888,10.208876,0.816423
18-Jan-2025 14:38:14.400,-2.224213,10.184934,-0.158017
18-Jan-2025 14:38:14.416,-1.532289,10.33098,-0.663194
18-Jan-2025 14:38:14.432,-0.280122,9.993398,-1.034295
18-Jan-2025 14:38:14.448,-0.342371,9.933543,-0.600945
18-Jan-2025 14:38:14.464,0.395043,10.058042,1.106121
18-Jan-2025 14:38:14.480,1.388637,10.393229,0.837971
18-Jan-2025 14:38:14.496,2.875436,10.249578,0.335188
18-Jan-2025 14:38:14.512,4.496311,10.323798,1.687912
18-Jan-2025 14:38:14.528,6.030994,10.752359,3.864242
18-Jan-2025 14:38:14.543,6.445191,11.063606,3.734955
18-Jan-2025 14:38:14.560,5.116409,10.295067,1.493982
18-Jan-2025 14:38:14.576,2.959233,10.070012,0.124498
18-Jan-2025 14:38:14.592,2.207454,8.588001,1.149217
18-Jan-2025 14:38:14.609,1.824382,7.194576,2.600103
18-Jan-2025 14:38:14.625,2.746149,6.53617,3.236961
18-Jan-2025 14:38:14.640,3.600879,7.153875,2.868254
18-Jan-2025 14:38:14.657,3.73256,8.372523,1.963245
18-Jan-2025 14:38:14.673,3.392584,9.742006,0.998382
18-Jan-2025 14:38:14.689,2.885013,10.869676,0.684742
18-Jan-2025 14:38:14.705,2.868254,11.334151,0.811634
18-Jan-2025 14:38:14.721,3.25372,10.819398,1.072602
18-Jan-2025 14:38:14.737,3.833117,9.792285,1.347936
18-Jan-2025 14:38:14.753,4.460398,8.65025,1.537078
18-Jan-2025 14:38:14.769,4.898537,7.469909,1.419762
18-Jan-2025 14:38:14.785,4.96318,6.698977,1.558625
18-Jan-2025 14:38:14.801,4.793192,6.43322,1.850718
18-Jan-2025 14:38:14.817,4.1707,6.943185,2.181118
18-Jan-2025 14:38:14.834,3.694253,7.819463,2.480393
18-Jan-2025 14:38:14.850,3.414132,8.796297,1.908179
18-Jan-2025 14:38:14.866,3.232172,9.600749,0.993594
18-Jan-2025 14:38:14.882,3.222595,9.854534,0.584185
18-Jan-2025 14:38:14.898,3.349488,9.682152,0.893037
18-Jan-2025 14:38:14.914,3.383007,9.464279,1.235408
18-Jan-2025 14:38:14.930,3.325546,9.13388,1.235408
18-Jan-2025 14:38:14.946,3.363853,8.705317,0.909797
18-Jan-2025 14:38:14.962,3.548207,8.5473,0.622492
18-Jan-2025 14:38:14.978,3.320758,8.789114,0.708684
18-Jan-2025 14:38:14.994,2.99754,9.294291,0.933739
18-Jan-2025 14:38:15.010,2.801216,9.758766,1.039083
18-Jan-2025 14:38:15.026,2.425326,10.160992,0.90022
18-Jan-2025 14:38:15.042,2.145205,10.484209,0.452504
18-Jan-2025 14:38:15.059,2.135628,10.632649,0.09098
18-Jan-2025 14:38:15.075,2.092532,10.723629,0.076614
18-Jan-2025 14:38:15.091,1.929727,10.831368,-0.423774
18-Jan-2025 14:38:15.107,1.61848,11.066,-0.368707
18-Jan-2025 14:38:15.123,1.323994,11.300632,-0.09098
18-Jan-2025 14:38:15.139,1.21386,11.386824,-0.141258
18-Jan-2025 14:38:15.155,1.261744,11.33894,-0.153229
18-Jan-2025 14:38:15.171,1.256956,11.173739,-0.055067
18-Jan-2025 14:38:15.187,1.055843,11.085154,0.11971
18-Jan-2025 14:38:15.203,0.466869,11.279084,1.276109
18-Jan-2025 14:38:15.219,0.304064,11.851298,1.908179
18-Jan-2025 14:38:15.235,-0.976834,12.236765,0.31364
18-Jan-2025 14:38:15.251,-0.969652,11.98298,-0.253785
18-Jan-2025 14:38:15.267,-1.041478,11.944673,0.967257
18-Jan-2025 14:38:15.283,-1.010353,10.896012,1.39582
18-Jan-2025 14:38:15.299,-1.077391,9.91439,2.049437
18-Jan-2025 14:38:15.316,-1.125275,8.834604,2.1883
18-Jan-2025 14:38:15.332,-1.235408,7.601591,2.212242
18-Jan-2025 14:38:15.348,-1.539472,6.742072,3.181894
18-Jan-2025 14:38:15.364,-1.340753,6.160281,4.084508
18-Jan-2025 14:38:15.380,-1.130063,6.155493,4.132392
18-Jan-2025 14:38:15.396,-0.97444,6.567295,3.5099
18-Jan-2025 14:38:15.412,-2.126051,7.457938,2.408567
18-Jan-2025 14:38:15.428,-3.019088,9.093178,1.33357
18-Jan-2025 14:38:15.444,-3.552995,10.761936,0.672771
18-Jan-2025 14:38:15.460,-3.315969,12.093113,0.622492
18-Jan-2025 14:38:15.476,-5.236119,12.188881,0.617704
18-Jan-2025 14:38:15.493,-6.416461,11.269507,0.385466
18-Jan-2025 14:38:15.509,-3.981557,9.749189,0.385466
18-Jan-2025 14:38:15.525,-2.425326,8.662222,0.306458
18-Jan-2025 14:38:15.541,-1.462857,7.991845,0.440533
18-Jan-2025 14:38:15.557,-1.529895,7.817069,0.459687
18-Jan-2025 14:38:15.573,-1.996764,7.855376,0.399832
18-Jan-2025 14:38:15.589,-2.054225,7.972692,-0.105345
18-Jan-2025 14:38:15.605,-1.501164,8.075643,-0.019154
18-Jan-2025 14:38:15.621,-1.719037,8.779537,-0.062249
18-Jan-2025 14:38:15.637,-2.140416,9.452309,-0.081403
18-Jan-2025 14:38:15.653,-2.183512,9.718064,-0.093374
18-Jan-2025 14:38:15.669,-1.87466,9.648633,-0.064643
18-Jan-2025 14:38:15.685,-2.078167,9.674969,-0.11971
18-Jan-2025 14:38:15.701,-2.60968,9.844957,0.069432
18-Jan-2025 14:38:15.718,-2.32477,9.416395,-0.162806
18-Jan-2025 14:38:15.734,-1.991976,9.143456,-0.189142
18-Jan-2025 14:38:15.750,-1.482011,8.856153,-0.021548
18-Jan-2025 14:38:15.766,-0.727837,8.633492,0.342371
18-Jan-2025 14:38:15.782,-1.90339,10.120291,0.497994
18-Jan-2025 14:38:15.798,-1.513135,10.120291,0.026336
18-Jan-2025 14:38:15.814,-0.833182,10.278308,-0.648829
18-Jan-2025 14:38:15.830,-0.837971,10.70687,-0.902614
18-Jan-2025 14:38:15.846,-1.122881,11.386824,-0.349553
18-Jan-2025 14:38:15.862,-2.908955,11.717223,0.533907
18-Jan-2025 14:38:15.878,-2.497152,12.08593,1.170765
18-Jan-2025 14:38:15.894,-1.23062,12.198458,0.675165
18-Jan-2025 14:38:15.910,-0.270545,12.559982,-0.402226
18-Jan-2025 14:38:15.926,0.328006,12.890382,-1.367089
18-Jan-2025 14:38:15.943,0.878672,12.452243,-0.73502
18-Jan-2025 14:38:15.959,0.88346,11.599907,1.180341
18-Jan-2025 14:38:15.975,0.179565,10.881647,2.312799
18-Jan-2025 14:38:15.991,-0.162806,8.647857,2.08535
18-Jan-2025 14:38:16.007,-0.229843,7.165846,1.477222
18-Jan-2025 14:38:16.023,-0.014365,6.210559,1.300052
18-Jan-2025 14:38:16.039,0.272939,5.528212,1.570596
18-Jan-2025 14:38:16.055,0.936133,5.707777,1.565808
18-Jan-2025 14:38:16.071,2.829947,5.753267,0.964863
18-Jan-2025 14:38:16.087,2.418144,8.274361,-0.746991
18-Jan-2025 14:38:16.103,0.869095,10.556035,-0.88346
18-Jan-2025 14:38:16.119,-0.586579,12.739547,-0.083797
18-Jan-2025 14:38:16.135,-1.745373,13.656527,-0.069432
18-Jan-2025 14:38:16.152,-3.155558,13.491326,-1.06542
18-Jan-2025 14:38:16.168,-1.642422,11.355699,-1.364695
18-Jan-2025 14:38:16.184,-0.390255,9.533711,-1.041478
18-Jan-2025 14:38:16.200,0.474052,8.173804,-0.47884
18-Jan-2025 14:38:16.216,0.866701,7.338228,-0.402226
18-Jan-2025 14:38:16.232,0.799663,7.127539,-0.562637
18-Jan-2025 14:38:16.248,0.095768,7.5561,-1.000776
18-Jan-2025 14:38:16.264,-0.35913,8.53054,-1.438915
18-Jan-2025 14:38:16.280,-1.393425,9.476251,-1.728614
18-Jan-2025 14:38:16.296,-0.723049,9.91439,-1.086968
18-Jan-2025 14:38:16.312,-0.517148,9.780313,-1.118092
18-Jan-2025 14:38:16.328,0.004788,9.294291,-1.079785
18-Jan-2025 14:38:16.344,0.323217,9.289502,-0.785298
18-Jan-2025 14:38:16.360,0.318429,9.315839,-0.311246
18-Jan-2025 14:38:16.377,-0.169988,9.385271,-0.299275
18-Jan-2025 14:38:16.393,-0.536301,9.615114,-0.500388
18-Jan-2025 14:38:16.409,-0.646434,10.247183,-0.782904
18-Jan-2025 14:38:16.425,-0.936133,11.087548,-0.562637
18-Jan-2025 14:38:16.441,-1.465251,12.073959,0.775721
18-Jan-2025 14:38:16.457,-2.257732,13.022063,1.060631
18-Jan-2025 14:38:16.473,-2.612074,13.778631,-0.215478
18-Jan-2025 14:38:16.489,-2.396596,14.915876,-1.21386
18-Jan-2025 14:38:16.505,-2.707842,14.894329,-0.150835
18-Jan-2025 14:38:16.521,-3.241749,13.156138,1.18513
18-Jan-2025 14:38:16.537,-3.009511,10.919954,1.288081
18-Jan-2025 14:38:16.553,-2.576161,9.267955,0.914585
18-Jan-2025 14:38:16.569,-2.437297,8.250419,0.715866
18-Jan-2025 14:38:16.585,-2.681506,7.460332,1.096544
18-Jan-2025 14:38:16.602,-2.937685,6.895301,1.87466
18-Jan-2025 14:38:16.618,-3.1795,6.629545,2.722207
18-Jan-2025 14:38:16.634,-2.885013,7.041347,2.746149
18-Jan-2025 14:38:16.650,-2.513912,7.814674,1.927332
18-Jan-2025 14:38:16.666,-2.628834,8.544906,0.773327
18-Jan-2025 14:38:16.682,-2.372654,9.320627,0.679953
18-Jan-2025 14:38:16.698,-2.547431,10.304645,0.694318
18-Jan-2025 14:38:16.714,-3.478775,10.560823,0.54109
18-Jan-2025 14:38:16.730,-3.306392,10.409989,0.445322
18-Jan-2025 14:38:16.746,-2.497152,9.768343,0.179565
18-Jan-2025 14:38:16.762,-2.06859,9.141062,-0.038307
18-Jan-2025 14:38:16.778,-1.989582,8.511387,0.122104
18-Jan-2025 14:38:16.794,-1.989582,7.963115,0.205901
18-Jan-2025 14:38:16.810,-2.097321,7.819463,0.282516
18-Jan-2025 14:38:16.827,-2.310405,8.046912,0.162806
18-Jan-2025 14:38:16.843,-2.624045,8.693346,-0.225055
18-Jan-2025 14:38:16.859,-2.887407,9.495404,-0.529119
18-Jan-2025 14:38:16.875,-2.578555,9.787497,-0.794875
18-Jan-2025 14:38:16.890,-2.334347,10.484209,-0.852336
18-Jan-2025 14:38:16.907,-2.183512,10.939108,-0.591368
18-Jan-2025 14:38:16.923,-2.001553,11.018116,-0.208296
18-Jan-2025 14:38:16.939,-2.5187,10.127473,-0.270545
18-Jan-2025 14:38:16.955,-2.767697,9.155427,-0.730232
18-Jan-2025 14:38:16.971,-2.647987,8.322245,-0.952892
18-Jan-2025 14:38:16.987,-2.394202,7.781156,-0.675165
18-Jan-2025 14:38:17.003,-2.1883,7.680599,-0.124498
18-Jan-2025 14:38:17.019,-1.735796,8.051701,0.318429
18-Jan-2025 14:38:17.035,-1.448492,8.760384,0.155623
18-Jan-2025 14:38:17.052,-1.381454,9.722853,-0.756568
18-Jan-2025 14:38:17.068,-1.47004,10.670957,-1.130063
18-Jan-2025 14:38:17.084,-1.821988,11.420342,-1.00317
18-Jan-2025 14:38:17.100,-2.015918,11.705252,-0.907402
18-Jan-2025 14:38:17.116,-1.776498,11.765107,-0.442927
18-Jan-2025 14:38:17.132,-1.556231,11.808203,0.112527
18-Jan-2025 14:38:17.148,-0.852336,11.336545,0.052672
18-Jan-2025 14:38:17.164,-0.739808,11.314998,0.3304
18-Jan-2025 14:38:17.180,0.100556,11.621455,-0.02873
18-Jan-2025 14:38:17.196,1.388637,11.719617,-1.369483
18-Jan-2025 14:38:17.212,0.174777,11.147403,-1.47004
18-Jan-2025 14:38:17.228,-0.545878,10.307038,-0.225055
18-Jan-2025 14:38:17.244,-0.562637,9.385271,1.007959
18-Jan-2025 14:38:17.260,-0.574608,8.243237,1.369483
18-Jan-2025 14:38:17.277,-0.981623,7.029376,0.608127
18-Jan-2025 14:38:17.293,-0.943315,6.083666,0.002394
18-Jan-2025 14:38:17.309,-0.306458,5.813122,0.557849
18-Jan-2025 14:38:17.325,0.505177,6.356606,1.321599
18-Jan-2025 14:38:17.341,0.198719,7.922413,0.864307
18-Jan-2025 14:38:17.357,-0.234632,10.0748,-0.383072
18-Jan-2025 14:38:17.373,-0.909797,12.459426,-1.769315
18-Jan-2025 14:38:17.389,-1.642422,13.084312,-2.018312
18-Jan-2025 14:38:17.405,-1.788469,12.938266,-1.16837
18-Jan-2025 14:38:17.421,-1.043872,12.990938,-0.395043
18-Jan-2025 14:38:17.437,1.053449,13.211205,-0.634463
18-Jan-2025 14:38:17.453,1.319205,11.228806,-0.814029
18-Jan-2025 14:38:17.469,-0.536301,9.507375,-0.866701
18-Jan-2025 14:38:17.485,-0.940921,8.508993,-0.830788
18-Jan-2025 14:38:17.502,-0.775721,8.195353,-0.217872
18-Jan-2025 14:38:17.517,-0.512359,8.02297,0.107739
18-Jan-2025 14:38:17.533,-0.294487,8.02297,0.155623
18-Jan-2025 14:38:17.550,-0.225055,8.26239,-0.169988
18-Jan-2025 14:38:17.566,-0.272939,8.482656,-0.653617
18-Jan-2025 14:38:17.582,-0.35913,8.772355,-0.538695
18-Jan-2025 14:38:17.598,-0.361524,9.217676,-0.277727
18-Jan-2025 14:38:17.614,-0.308852,9.627085,-0.277727
18-Jan-2025 14:38:17.630,-0.31364,10.002975,-0.414197
18-Jan-2025 14:38:17.646,-0.11971,10.304645,-0.397437
18-Jan-2025 14:38:17.662,-0.263362,10.675745,-0.349553
18-Jan-2025 14:38:17.678,-0.454898,10.881647,-0.282516
18-Jan-2025 14:38:17.694,-0.538695,11.010934,-0.742203
18-Jan-2025 14:38:17.710,-0.70629,11.291056,-1.383849
18-Jan-2025 14:38:17.726,-0.737414,11.45865,-1.335965
18-Jan-2025 14:38:17.743,-0.907402,11.274296,-1.06542
18-Jan-2025 14:38:17.759,-0.873884,11.274296,-0.849942
18-Jan-2025 14:38:17.775,-1.132457,11.022904,-0.37589
18-Jan-2025 14:38:17.791,-1.271321,11.494562,-0.287304
18-Jan-2025 14:38:17.807,-1.666364,11.829751,-1.082179
18-Jan-2025 14:38:17.823,-2.161964,11.473015,-1.412579
18-Jan-2025 14:38:17.839,-2.015918,10.919954,-0.756568
18-Jan-2025 14:38:17.855,-1.25935,10.508151,-0.083797
18-Jan-2025 14:38:17.871,-1.323994,9.667787,0.287304
18-Jan-2025 14:38:17.887,-1.252167,8.717288,0.493206
18-Jan-2025 14:38:17.903,-1.201889,8.183381,0.433351
18-Jan-2025 14:38:17.919,-1.407791,7.726089,0.296881
18-Jan-2025 14:38:17.935,-1.410185,7.460332,0.708684
18-Jan-2025 14:38:17.952,-1.173159,7.596802,1.017536
18-Jan-2025 14:38:17.968,-1.027112,7.82904,0.94571
18-Jan-2025 14:38:17.984,-1.096544,8.02297,0.984017
18-Jan-2025 14:38:17.999,-1.242591,8.444349,1.04866
18-Jan-2025 14:38:18.016,-1.419762,9.136273,0.90022
18-Jan-2025 14:38:18.032,-1.541866,9.840169,0.754174
18-Jan-2025 14:38:18.048,-1.881842,10.407595,0.725443
18-Jan-2025 14:38:18.064,-2.154782,10.79785,0.677559
18-Jan-2025 14:38:18.080,-2.145205,11.089942,0.557849
18-Jan-2025 14:38:18.096,-2.171541,11.18571,0.351948
18-Jan-2025 14:38:18.112,-2.360683,10.922348,0.320823
18-Jan-2025 14:38:18.128,-2.456451,10.46745,0.201113
18-Jan-2025 14:38:18.144,-2.32477,9.916783,-0.021548
18-Jan-2025 14:38:18.160,-2.39899,9.591172,-0.117316
18-Jan-2025 14:38:18.177,-2.722207,9.366117,0.019154
18-Jan-2025 14:38:18.193,-2.944868,9.0429,0.220267
18-Jan-2025 14:38:18.209,-2.935291,8.78672,0.679953
18-Jan-2025 14:38:18.225,-2.738967,8.652645,0.636858
18-Jan-2025 14:38:18.241,-2.578555,8.858546,0.40462
18-Jan-2025 14:38:18.257,-2.542642,9.246407,0.265756
18-Jan-2025 14:38:18.273,-2.525883,9.720459,0.234632
18-Jan-2025 14:38:18.289,-2.559402,10.170568,0.445322
18-Jan-2025 14:38:18.305,-2.659958,10.582372,0.521936
18-Jan-2025 14:38:18.321,-2.533065,10.551247,0.184354
18-Jan-2025 14:38:18.337,-2.477999,10.510546,-0.076614
18-Jan-2025 14:38:18.353,-2.688689,10.42196,0.02873
18-Jan-2025 14:38:18.369,-2.913743,10.43872,0.486023
18-Jan-2025 14:38:18.385,-2.813187,10.101137,0.80924
18-Jan-2025 14:38:18.402,-2.707842,9.437943,0.354342
18-Jan-2025 14:38:18.418,-2.5187,8.827422,-0.500388
18-Jan-2025 14:38:18.434,-2.446874,8.386889,-0.679953
18-Jan-2025 14:38:18.450,-2.346318,8.202535,-0.21069
18-Jan-2025 14:38:18.466,-2.439692,8.384495,0.203507
18-Jan-2025 14:38:18.482,-2.789245,8.63828,-0.186748
18-Jan-2025 14:38:18.498,-3.296816,8.911219,-0.711078
18-Jan-2025 14:38:18.514,-3.739743,8.985439,-0.969652
18-Jan-2025 14:38:18.530,-3.687071,9.076419,-0.80924
18-Jan-2025 14:38:18.546,-3.387795,9.016563,-0.768539
18-Jan-2025 14:38:18.562,-2.937685,9.035717,-0.835576
18-Jan-2025 14:38:18.578,-2.600103,9.246407,-0.766145
18-Jan-2025 14:38:18.594,-2.705448,9.572019,-0.519542
18-Jan-2025 14:38:18.610,-2.832341,9.720459,-0.301669
18-Jan-2025 14:38:18.627,-2.89459,10.199299,-0.474052
18-Jan-2025 14:38:18.643,-3.002329,10.445902,-0.857124
18-Jan-2025 14:38:18.659,-3.263297,10.429143,-0.914585
18-Jan-2025 14:38:18.675,-3.53863,10.512939,-0.651223
18-Jan-2025 14:38:18.691,-3.320758,10.275913,-0.347159
18-Jan-2025 14:38:18.707,-2.724602,9.835381,-0.579397
18-Jan-2025 14:38:18.723,-2.272097,9.696517,-0.653617
18-Jan-2025 14:38:18.739,-1.92015,9.713276,-0.371101
18-Jan-2025 14:38:18.755,-2.059013,9.883265,-0.160412
18-Jan-2025 14:38:18.771,-1.419762,9.512163,-0.347159
18-Jan-2025 14:38:18.787,-0.857124,9.330204,-0.344765
18-Jan-2025 14:38:18.803,-0.014365,8.942344,0.124498
18-Jan-2025 14:38:18.819,0.23942,8.918402,0.823605
18-Jan-2025 14:38:18.835,0.452504,9.239224,0.881066
18-Jan-2025 14:38:18.851,0.531513,9.734824,0.311246
18-Jan-2025 14:38:18.868,0.806846,10.323798,-0.356736
18-Jan-2025 14:38:18.884,0.608127,10.488997,-0.562637
18-Jan-2025 14:38:18.900,0.07422,10.220847,-0.134075
18-Jan-2025 14:38:18.916,-0.138864,9.945514,0.61531
18-Jan-2025 14:38:18.932,-0.392649,10.038888,1.015141
18-Jan-2025 14:38:18.948,-0.141258,10.582372,0.658405
18-Jan-2025 14:38:18.964,0.361524,11.18571,-0.6608
18-Jan-2025 14:38:18.980,0.852336,11.805809,-1.410185
18-Jan-2025 14:38:18.996,0.387861,11.99495,-1.35033
18-Jan-2025 14:38:19.012,0.004788,11.475409,-0.984017
18-Jan-2025 14:38:19.028,0.138864,10.647015,-0.497994
18-Jan-2025 14:38:19.044,0.232238,9.773131,-0.062249
18-Jan-2025 14:38:19.060,0.622492,9.097966,0.158017
18-Jan-2025 14:38:19.077,0.90022,8.336611,0.447716
18-Jan-2025 14:38:19.092,1.031901,7.817069,0.31364
18-Jan-2025 14:38:19.109,1.525106,7.568071,0.469264
18-Jan-2025 14:38:19.124,1.826776,7.632715,0.617704
18-Jan-2025 14:38:19.141,1.857901,8.173804,0.603339
18-Jan-2025 14:38:19.157,1.891419,8.834604,0.138864
18-Jan-2025 14:38:19.173,1.596933,9.548077,-0.337582
18-Jan-2025 14:38:19.189,1.45328,10.110714,-0.320823
18-Jan-2025 14:38:19.205,1.364695,10.184934,0.35913
18-Jan-2025 14:38:19.221,1.386243,10.359711,0.758962
18-Jan-2025 14:38:19.237,1.587356,10.455479,1.058237
18-Jan-2025 14:38:19.253,1.915361,10.407595,1.039083
18-Jan-2025 14:38:19.269,2.240973,10.354922,0.54109
18-Jan-2025 14:38:19.285,2.298434,10.376471,0.11971
18-Jan-2025 14:38:19.301,1.917756,10.352529,0.067038
18-Jan-2025 14:38:19.317,1.534683,10.43872,0.25618
18-Jan-2025 14:38:19.334,1.508347,10.216059,0.399832
18-Jan-2025 14:38:19.350,1.582567,9.725247,0.328006
18-Jan-2025 14:38:19.366,1.628057,9.215282,0.198719
18-Jan-2025 14:38:19.382,0.711078,8.372523,-0.079009
18-Jan-2025 14:38:19.398,0.509965,8.820239,0.289698
18-Jan-2025 14:38:19.414,1.108515,9.662998,0.622492
18-Jan-2025 14:38:19.430,1.565808,10.072407,0.244209
18-Jan-2025 14:38:19.446,1.374272,10.46745,-0.737414
18-Jan-2025 14:38:19.462,0.964863,10.292673,-1.247379
18-Jan-2025 14:38:19.478,0.768539,10.639832,-0.543484
18-Jan-2025 14:38:19.494,1.015141,11.121067,-0.052672
18-Jan-2025 14:38:19.510,1.419762,11.334151,-0.134075
18-Jan-2025 14:38:19.526,1.235408,11.858481,-0.4956
18-Jan-2025 14:38:19.543,0.4956,12.215217,-0.620098
18-Jan-2025 14:38:19.558,0.474052,12.136209,-0.148441
18-Jan-2025 14:38:19.575,0.23942,12.516887,0.323217
18-Jan-2025 14:38:19.591,-0.531513,12.634202,-0.038307
18-Jan-2025 14:38:19.607,-1.209072,12.600683,-0.208296
18-Jan-2025 14:38:19.623,-1.359907,12.605472,0.490811
18-Jan-2025 14:38:19.639,-0.557849,11.446678,1.01993
18-Jan-2025 14:38:19.655,0.301669,10.13705,1.728614
18-Jan-2025 14:38:19.671,0.442927,8.911219,2.365471
18-Jan-2025 14:38:19.687,-0.696713,7.180211,1.793257
18-Jan-2025 14:38:19.703,-2.202666,6.579266,1.640028
18-Jan-2025 14:38:19.719,-2.286463,6.569689,1.216254
18-Jan-2025 14:38:19.734,-1.640028,6.856994,1.273715
18-Jan-2025 14:38:19.751,-1.762132,7.273585,1.443704
18-Jan-2025 14:38:19.767,-2.983175,7.414843,1.206678
18-Jan-2025 14:38:19.783,-3.150769,9.548077,0.445322
18-Jan-2025 14:38:19.800,-1.984793,11.398794,0.909797
18-Jan-2025 14:38:19.816,-0.395043,12.612655,1.01993
18-Jan-2025 14:38:19.832,2.329558,12.966996,0.802058
18-Jan-2025 14:38:19.848,0.203507,10.579977,-0.196325
18-Jan-2025 14:38:19.864,-1.276109,9.370906,0.033519
18-Jan-2025 14:38:19.880,-0.493206,8.729259,0.337582
18-Jan-2025 14:38:19.896,0.244209,8.554482,0.629675
18-Jan-2025 14:38:19.912,0.21069,8.50181,0.620098
18-Jan-2025 14:38:19.928,-0.002394,8.47308,0.42138
18-Jan-2025 14:38:19.944,-0.280122,8.492233,0.112527
18-Jan-2025 14:38:19.960,-0.720655,8.525752,-0.055067
18-Jan-2025 14:38:19.976,-0.785298,8.528147,-0.169988
18-Jan-2025 14:38:19.992,-0.423774,8.628703,-0.318429
18-Jan-2025 14:38:20.008,0.019154,8.851364,-0.519542
18-Jan-2025 14:38:20.025,0.177171,9.186552,-0.47884
18-Jan-2025 14:38:20.041,-0.093374,9.627085,-0.287304
18-Jan-2025 14:38:20.057,-0.1652,10.053253,-0.280122
18-Jan-2025 14:38:20.073,-0.174777,10.213664,-0.246603
18-Jan-2025 14:38:20.089,-0.383072,10.290278,0.026336
18-Jan-2025 14:38:20.105,-0.502782,10.230424,-0.011971
18-Jan-2025 14:38:20.121,-0.323217,10.014946,-0.248997
18-Jan-2025 14:38:20.137,-0.11971,10.029311,-0.454898
18-Jan-2025 14:38:20.153,-0.172383,10.19451,-0.471658
18-Jan-2025 14:38:20.169,-0.457293,10.455479,-0.476446
18-Jan-2025 14:38:20.185,-0.562637,10.551247,-0.737414
18-Jan-2025 14:38:20.201,-0.385466,10.433931,-1.170765
18-Jan-2025 14:38:20.217,-0.067038,10.307038,-1.223437
18-Jan-2025 14:38:20.233,-0.071826,10.500969,-0.663194
18-Jan-2025 14:38:20.250,-0.332794,11.149797,0.205901
18-Jan-2025 14:38:20.266,-0.550666,11.568783,0.316035
18-Jan-2025 14:38:20.282,-0.497994,12.081141,-0.469264
18-Jan-2025 14:38:20.298,-0.684742,12.100295,-1.606509
18-Jan-2025 14:38:20.314,1.429338,11.707646,-1.189918
18-Jan-2025 14:38:20.330,2.710236,10.807426,0.493206
18-Jan-2025 14:38:20.346,1.721431,9.80665,2.339135
18-Jan-2025 14:38:20.362,0.92895,8.983045,3.236961
18-Jan-2025 14:38:20.378,1.331176,7.891289,2.312799
18-Jan-2025 14:38:20.394,2.178724,6.959944,0.893037
18-Jan-2025 14:38:20.410,2.892196,6.299145,-0.148441
18-Jan-2025 14:38:20.426,3.406949,6.253655,0.289698
18-Jan-2025 14:38:20.442,2.102109,7.36217,1.115698
18-Jan-2025 14:38:20.459,1.211466,9.205706,0.579397
18-Jan-2025 14:38:20.475,0.902614,11.233594,-0.306458
18-Jan-2025 14:38:20.491,0.517148,12.433089,-0.502782
18-Jan-2025 14:38:20.507,0.21069,12.543222,0.086191
18-Jan-2025 14:38:20.523,0.778116,12.133814,0.878672
18-Jan-2025 14:38:20.539,0.94571,10.958261,1.170765
18-Jan-2025 14:38:20.555,1.170765,10.13705,0.459687
18-Jan-2025 14:38:20.571,1.086968,9.476251,-0.368707
18-Jan-2025 14:38:20.587,0.723049,8.911219,-0.385466
18-Jan-2025 14:38:20.603,0.47884,8.604761,0.136469
18-Jan-2025 14:38:20.619,0.344765,8.53054,0.612916
18-Jan-2025 14:38:20.635,0.292093,8.470686,0.160412
18-Jan-2025 14:38:20.651,0.349553,8.698134,-0.54109
18-Jan-2025 14:38:20.667,0.220267,8.963891,-0.792481
18-Jan-2025 14:38:20.683,0.112527,9.212888,-0.70629
18-Jan-2025 14:38:20.700,0.131681,9.277532,-0.227449
18-Jan-2025 14:38:20.716,0.35913,9.557653,-0.237026
18-Jan-2025 14:38:20.731,0.521936,9.725247,-0.509965
18-Jan-2025 14:38:20.748,0.718261,9.904813,-1.163582
18-Jan-2025 14:38:20.764,0.433351,9.730036,-0.962469
18-Jan-2025 14:38:20.780,0.634463,9.986216,-0.861913
18-Jan-2025 14:38:20.796,0.146046,9.993398,-0.509965
18-Jan-2025 14:38:20.812,-0.160412,10.086772,-0.653617
18-Jan-2025 14:38:20.828,-0.186748,10.268731,-0.847547
18-Jan-2025 14:38:20.844,0.114922,10.522516,-0.94571
18-Jan-2025 14:38:20.860,0.311246,10.685322,-1.163582
18-Jan-2025 14:38:20.876,0.306458,10.726024,-0.890643
18-Jan-2025 14:38:20.892,0.162806,10.7356,-0.665588
18-Jan-2025 14:38:20.908,-0.062249,10.927136,-0.823605
18-Jan-2025 14:38:20.925,-0.162806,11.034876,-1.149217
18-Jan-2025 14:38:20.941,-0.531513,11.238382,-0.469264
18-Jan-2025 14:38:20.957,-1.233014,12.176909,0.672771
18-Jan-2025 14:38:20.973,-1.558625,12.801797,0.512359
18-Jan-2025 14:38:20.989,-1.644817,12.993333,-0.349553
18-Jan-2025 14:38:21.005,-1.034295,12.231977,0.02873
18-Jan-2025 14:38:21.021,-0.787692,11.444284,0.849942
18-Jan-2025 14:38:21.037,-0.993594,10.544065,1.283292
18-Jan-2025 14:38:21.053,-1.051055,9.720459,1.182736
18-Jan-2025 14:38:21.069,-1.058237,8.705317,1.079785
18-Jan-2025 14:38:21.085,-1.043872,7.735666,1.316811
18-Jan-2025 14:38:21.101,-1.072602,6.919243,1.932121
18-Jan-2025 14:38:21.117,-1.331176,6.409278,2.171541
18-Jan-2025 14:38:21.133,-1.54426,6.548141,2.087744
18-Jan-2025 14:38:21.149,-1.149217,7.872135,1.268927
18-Jan-2025 14:38:21.165,-1.017536,9.562442,0.248997
18-Jan-2025 14:38:21.182,-1.228225,11.173739,0.459687
18-Jan-2025 14:38:21.198,-1.683124,11.499351,0.02873
18-Jan-2025 14:38:21.214,-1.508347,11.427525,0.172383
18-Jan-2025 14:38:21.230,-0.912191,11.556811,0.11971
18-Jan-2025 14:38:21.246,-0.004788,11.15698,0.153229
18-Jan-2025 14:38:21.262,0.02873,10.354922,0.361524
18-Jan-2025 14:38:21.278,-0.287304,9.730036,0.179565
18-Jan-2025 14:38:21.294,-0.586579,9.028535,0.380678
18-Jan-2025 14:38:21.310,-0.490811,8.863335,-0.548272
18-Jan-2025 14:38:21.326,-0.4956,8.616732,-0.328006
18-Jan-2025 14:38:21.342,-0.627281,8.468291,-0.174777
18-Jan-2025 14:38:21.358,-0.782904,8.451532,-0.407014
18-Jan-2025 14:38:21.374,-0.979228,8.683769,-0.775721
18-Jan-2025 14:38:21.390,-1.323994,9.160215,-0.890643
18-Jan-2025 14:38:21.407,-1.280898,9.346964,-0.73502
18-Jan-2025 14:38:21.422,-0.294487,9.68694,-0.78051
18-Jan-2025 14:38:21.439,0.440533,9.43076,-0.021548
18-Jan-2025 14:38:21.455,-1.477222,10.058042,-1.503559
18-Jan-2025 14:38:21.471,-2.056619,9.753978,-1.508347
18-Jan-2025 14:38:21.487,-0.390255,9.25359,-0.691924
18-Jan-2025 14:38:21.503,0.021548,9.102755,-0.395043
18-Jan-2025 14:38:21.519,-0.454898,9.26556,-0.026336
18-Jan-2025 14:38:21.535,-0.804452,9.636662,-0.086191
18-Jan-2025 14:38:21.551,-0.787692,9.919178,-0.493206
18-Jan-2025 14:38:21.567,-0.749385,10.352529,-0.931344
18-Jan-2025 14:38:21.583,-0.73502,10.709264,-1.043872
18-Jan-2025 14:38:21.599,-0.711078,10.790668,-0.926556
18-Jan-2025 14:38:21.615,-0.684742,10.771513,-0.744597
18-Jan-2025 14:38:21.631,-0.792481,10.773908,-0.821211
18-Jan-2025 14:38:21.648,-0.426168,10.857705,-1.034295
18-Jan-2025 14:38:21.664,-0.031125,11.003751,-0.605733
18-Jan-2025 14:38:21.680,-0.287304,11.293449,-0.225055
18-Jan-2025 14:38:21.696,-0.332794,11.997345,-0.19393
18-Jan-2025 14:38:21.712,0.019154,11.786655,-0.442927
18-Jan-2025 14:38:21.728,1.659182,12.083536,-0.318429
18-Jan-2025 14:38:21.744,2.815581,11.192893,0.347159
18-Jan-2025 14:38:21.760,1.482011,9.782708,0.70629
18-Jan-2025 14:38:21.776,1.072602,8.59279,0.452504
18-Jan-2025 14:38:21.792,0.725443,7.398083,0.500388
18-Jan-2025 14:38:21.808,0.639252,6.488286,1.036689
18-Jan-2025 14:38:21.824,0.964863,6.004658,1.106121
18-Jan-2025 14:38:21.840,0.936133,6.725313,0.407014
18-Jan-2025 14:38:21.856,0.550666,8.348581,-1.029507
18-Jan-2025 14:38:21.872,-0.031125,10.625467,-2.13084
18-Jan-2025 14:38:21.888,0.488417,12.097901,-1.027112
18-Jan-2025 14:38:21.904,0.325611,10.630256,0.433351
18-Jan-2025 14:38:21.921,-0.641646,10.565612,-0.033519
18-Jan-2025 14:38:21.937,-0.663194,11.212047,-0.852336
18-Jan-2025 14:38:21.953,0.081403,11.722012,-1.860295
18-Jan-2025 14:38:21.969,0.213084,12.425907,-1.884237
18-Jan-2025 14:38:21.985,-0.713472,11.032481,-1.043872
18-Jan-2025 14:38:22.001,-0.981623,9.543288,-0.720655
18-Jan-2025 14:38:22.017,-0.909797,8.540117,-0.866701
18-Jan-2025 14:38:22.033,-0.715866,7.809886,-1.235408
18-Jan-2025 14:38:22.049,-0.581791,7.690176,-1.381454
18-Jan-2025 14:38:22.065,-0.679953,8.094796,-1.290475
18-Jan-2025 14:38:22.081,-0.536301,8.719683,-1.352724
18-Jan-2025 14:38:22.098,-0.241814,9.239224,-1.508347
18-Jan-2025 14:38:22.114,-0.229843,9.588778,-1.513135
18-Jan-2025 14:38:22.130,-0.280122,9.742006,-1.489193
18-Jan-2025 14:38:22.146,-0.086191,9.696517,-1.460463
18-Jan-2025 14:38:22.162,0.07422,9.639056,-1.407791
18-Jan-2025 14:38:22.178,0.055067,9.598354,-1.297657
18-Jan-2025 14:38:22.194,0.095768,9.629479,-1.192312
18-Jan-2025 14:38:22.210,-0.047884,9.993398,-1.216254
18-Jan-2025 14:38:22.226,-0.153229,10.386047,-1.096544
18-Jan-2025 14:38:22.242,-0.294487,10.881647,-1.312023
18-Jan-2025 14:38:22.258,-0.217872,11.149797,-1.695095
18-Jan-2025 14:38:22.274,-0.191536,11.259931,-1.941698
18-Jan-2025 14:38:22.290,-0.332794,11.212047,-1.51553
18-Jan-2025 14:38:22.306,-0.47884,11.305421,-0.567426
18-Jan-2025 14:38:22.323,-1.221043,11.781867,-0.251391
18-Jan-2025 14:38:22.338,-1.697489,11.69807,-0.94571
18-Jan-2025 14:38:22.355,-1.292869,11.671733,-0.986411
18-Jan-2025 14:38:22.371,-1.517924,12.150574,-0.069432
18-Jan-2025 14:38:22.387,-1.271321,11.602302,0.280122
18-Jan-2025 14:38:22.403,-0.861913,10.838552,0.227449
18-Jan-2025 14:38:22.419,-1.343147,10.517728,0.332794
18-Jan-2025 14:38:22.435,-1.261744,9.354146,0.624887
18-Jan-2025 14:38:22.451,-1.249773,8.468291,0.878672
18-Jan-2025 14:38:22.467,-1.798046,7.742848,1.386243
18-Jan-2025 14:38:22.483,-2.422932,7.091625,1.838747
18-Jan-2025 14:38:22.499,-2.949656,6.878541,1.683124
18-Jan-2025 14:38:22.515,-3.157952,7.656657,0.775721
18-Jan-2025 14:38:22.531,-2.049437,8.499416,0.251391
18-Jan-2025 14:38:22.548,-2.461239,10.321404,0.387861
18-Jan-2025 14:38:22.564,-2.750938,10.919954,-0.079009
18-Jan-2025 14:38:22.580,-2.858677,11.152191,-0.407014
18-Jan-2025 14:38:22.596,-2.37026,10.840945,-0.260968
18-Jan-2025 14:38:22.612,-1.673547,10.192117,-0.057461
18-Jan-2025 14:38:22.628,-1.359907,9.437943,0.081403
18-Jan-2025 14:38:22.644,-1.316811,8.908825,0.179565
18-Jan-2025 14:38:22.660,-1.45328,8.655039,0.275333
18-Jan-2025 14:38:22.676,-1.527501,8.722076,0.213084
18-Jan-2025 14:38:22.692,-1.711854,8.904037,-0.093374
18-Jan-2025 14:38:22.708,-1.92015,9.100361,-0.392649
18-Jan-2025 14:38:22.723,-2.080561,9.41879,-0.648829
18-Jan-2025 14:38:22.740,-2.035071,9.787497,-0.78051
18-Jan-2025 14:38:22.756,-1.836353,9.80665,-0.385466
18-Jan-2025 14:38:22.773,-1.630451,9.634268,-0.098162
18-Jan-2025 14:38:22.788,-1.678335,9.358934,-0.397437
18-Jan-2025 14:38:22.805,-1.611298,9.14585,-0.337582
18-Jan-2025 14:38:22.821,-1.553837,9.059659,-0.098162
18-Jan-2025 14:38:22.837,-1.558625,9.054871,-0.114922
18-Jan-2025 14:38:22.853,-1.637634,9.392453,-0.622492
18-Jan-2025 14:38:22.869,-1.381454,9.746795,-1.091756
18-Jan-2025 14:38:22.885,-1.182736,10.156203,-0.802058
18-Jan-2025 14:38:22.901,-1.30484,10.618284,-0.399832
18-Jan-2025 14:38:22.917,-1.331176,10.919954,-0.342371
18-Jan-2025 14:38:22.933,-1.130063,11.224017,-0.715866
18-Jan-2025 14:38:22.949,-0.744597,11.197681,-0.519542
18-Jan-2025 14:38:22.965,-0.505177,11.149797,-0.277727
18-Jan-2025 14:38:22.981,-0.217872,11.133038,-0.306458
18-Jan-2025 14:38:22.997,0.378284,11.401189,-0.354342
18-Jan-2025 14:38:23.014,1.400608,11.48738,-0.366313
18-Jan-2025 14:38:23.030,1.216254,10.907983,0.016759
18-Jan-2025 14:38:23.046,1.005565,10.058042,1.115698
18-Jan-2025 14:38:23.062,1.189918,9.184157,1.426944
18-Jan-2025 14:38:23.078,0.991199,8.434772,0.653617
18-Jan-2025 14:38:23.094,0.70629,7.867347,-0.014365
18-Jan-2025 14:38:23.110,0.624887,7.433996,0.11971
18-Jan-2025 14:38:23.126,0.577003,7.350199,0.711078
18-Jan-2025 14:38:23.142,0.61531,8.018182,0.88346
18-Jan-2025 14:38:23.158,0.761356,9.100361,0.186748
18-Jan-2025 14:38:23.174,0.636858,10.608707,-0.737414
18-Jan-2025 14:38:23.190,0.232238,12.169727,-0.979228
18-Jan-2025 14:38:23.207,0.067038,13.357251,-0.766145
18-Jan-2025 14:38:23.223,0.253785,13.52724,-0.565032
18-Jan-2025 14:38:23.238,-0.124498,12.49055,-0.411803
18-Jan-2025 14:38:23.255,-0.260968,11.233594,-0.445322
18-Jan-2025 14:38:23.271,-0.234632,10.0341,-0.452504
18-Jan-2025 14:38:23.287,-0.217872,8.992621,-0.440533
18-Jan-2025 14:38:23.303,-0.31364,8.197746,-0.371101
18-Jan-2025 14:38:23.319,-0.380678,7.85777,-0.296881
18-Jan-2025 14:38:23.335,-0.593762,7.927202,-0.260968
18-Jan-2025 14:38:23.351,-0.4956,8.413225,-0.260968
18-Jan-2025 14:38:23.367,-0.430956,8.820239,-0.114922
18-Jan-2025 14:38:23.383,-0.612916,9.107543,0.141258
18-Jan-2025 14:38:23.399,-0.526724,9.457097,0.390255
18-Jan-2025 14:38:23.415,-0.474052,9.888053,0.620098
18-Jan-2025 14:38:23.432,-0.234632,10.28549,0.730232
18-Jan-2025 14:38:23.448,0.1652,10.548853,0.761356
18-Jan-2025 14:38:23.463,0.512359,10.749966,0.529119
18-Jan-2025 14:38:23.480,0.464475,10.817003,0.25618
18-Jan-2025 14:38:23.496,0.225055,10.78109,-0.07422
18-Jan-2025 14:38:23.512,-0.043096,10.728417,-0.057461
18-Jan-2025 14:38:23.528,-0.225055,10.429143,0.059855
18-Jan-2025 14:38:23.544,-0.466869,10.117896,0.177171
18-Jan-2025 14:38:23.560,-0.667982,10.086772,0.749385
18-Jan-2025 14:38:23.576,-0.984017,10.515334,1.125275
18-Jan-2025 14:38:23.592,-1.132457,11.034876,0.234632
18-Jan-2025 14:38:23.608,-1.13964,11.221623,-0.742203
18-Jan-2025 14:38:23.624,-0.873884,11.104307,-0.086191
18-Jan-2025 14:38:23.640,-0.821211,10.371682,1.163582
18-Jan-2025 14:38:23.657,-0.782904,9.545682,1.520318
18-Jan-2025 14:38:23.672,-0.70629,8.810662,1.046266
18-Jan-2025 14:38:23.689,-1.060631,8.259995,0.512359
18-Jan-2025 14:38:23.705,-1.321599,7.90326,0.840365
18-Jan-2025 14:38:23.721,-1.520318,7.747637,1.534683
18-Jan-2025 14:38:23.737,-1.884237,7.776367,1.963245
18-Jan-2025 14:38:23.753,-2.23379,7.867347,2.128445
18-Jan-2025 14:38:23.769,-2.329558,8.099585,2.530671
18-Jan-2025 14:38:23.785,-2.717419,8.62152,2.475605
18-Jan-2025 14:38:23.801,-2.741361,9.270349,2.597709
18-Jan-2025 14:38:23.817,-2.554613,10.271125,2.25055
18-Jan-2025 14:38:23.833,-2.633622,11.518504,1.817199
18-Jan-2025 14:38:23.849,-2.837129,12.464214,1.35033
18-Jan-2025 14:38:23.866,-3.203442,12.717999,1.187524
18-Jan-2025 14:38:23.882,-3.074155,11.851298,1.209072
18-Jan-2025 14:38:23.898,-2.602497,10.620679,1.149217
18-Jan-2025 14:38:23.914,-2.229002,9.483433,0.952892
18-Jan-2025 14:38:23.930,-2.099715,8.702923,0.897826
18-Jan-2025 14:38:23.946,-2.181118,8.264784,0.799663
18-Jan-2025 14:38:23.962,-2.348712,8.231265,0.866701
18-Jan-2025 14:38:23.978,-2.513912,8.422802,0.998382
18-Jan-2025 14:38:23.994,-2.511518,8.734048,1.158794
18-Jan-2025 14:38:24.010,-2.442086,9.07163,1.18513
18-Jan-2025 14:38:24.026,-2.391808,9.351752,0.993594
18-Jan-2025 14:38:24.042,-2.37026,9.55047,0.526724
18-Jan-2025 14:38:24.058,-2.298434,9.715671,0.253785
18-Jan-2025 14:38:24.074,-2.341529,10.000581,0.227449
18-Jan-2025 14:38:24.091,-2.403779,10.201694,0.035913
18-Jan-2025 14:38:24.107,-2.243367,10.268731,-0.153229
18-Jan-2025 14:38:24.123,-2.006341,10.342952,-0.244209
18-Jan-2025 14:38:24.139,-2.152387,10.058042,-0.215478
18-Jan-2025 14:38:24.155,-2.272097,9.713276,-0.213084
18-Jan-2025 14:38:24.171,-2.128445,9.488221,-0.306458
18-Jan-2025 14:38:24.187,-1.999158,9.248801,-0.320823
18-Jan-2025 14:38:24.203,-2.080561,9.07163,-0.146046
18-Jan-2025 14:38:24.219,-2.111686,9.124303,-0.232238
18-Jan-2025 14:38:24.235,-2.334347,9.344569,0.067038
18-Jan-2025 14:38:24.251,-2.501941,9.780313,0.483629
18-Jan-2025 14:38:24.267,-2.296039,10.072407,0.701501
18-Jan-2025 14:38:24.283,-2.1883,10.488997,0.842759
18-Jan-2025 14:38:24.300,-1.539472,10.216059,-0.112527
18-Jan-2025 14:38:24.316,-1.517924,10.498574,-0.426168
18-Jan-2025 14:38:24.332,-1.182736,10.386047,-0.263362
18-Jan-2025 14:38:24.348,-0.703895,10.093954,-0.304064
18-Jan-2025 14:38:24.364,-0.507571,10.067618,0.3304
18-Jan-2025 14:38:24.380,0.59855,10.275913,0.584185
18-Jan-2025 14:38:24.396,1.16837,9.605537,-0.184354
18-Jan-2025 14:38:24.412,0.591368,9.018958,0.150835
18-Jan-2025 14:38:24.428,-0.289698,8.793902,0.905008
18-Jan-2025 14:38:24.444,-1.156399,8.705317,0.603339
18-Jan-2025 14:38:24.460,-0.335188,9.057265,0.766145
18-Jan-2025 14:38:24.476,0.624887,9.998186,0.126893
18-Jan-2025 14:38:24.492,1.448492,10.931925,-0.624887
18-Jan-2025 14:38:24.509,1.699883,12.191275,-0.806846
18-Jan-2025 14:38:24.524,2.25055,13.081918,-0.802058
18-Jan-2025 14:38:24.540,2.806004,13.089101,-0.426168
18-Jan-2025 14:38:24.557,1.295263,11.683704,-0.469264
18-Jan-2025 14:38:24.573,0.876278,10.654198,-0.392649
18-Jan-2025 14:38:24.589,1.343147,9.78989,-0.45011
18-Jan-2025 14:38:24.605,1.759738,9.107543,-0.711078
18-Jan-2025 14:38:24.621,1.728614,8.358158,-0.517148
18-Jan-2025 14:38:24.637,1.431733,8.422802,0.593762
18-Jan-2025 14:38:24.653,1.819593,7.714118,-0.064643
18-Jan-2025 14:38:24.669,1.455675,7.673417,0
18-Jan-2025 14:38:24.685,1.685518,7.366959,-0.521936
18-Jan-2025 14:38:24.701,1.211466,8.585608,-0.3304
18-Jan-2025 14:38:24.717,0.351948,10.268731,0.785298
18-Jan-2025 14:38:24.734,0.742203,9.390059,-0.117316
18-Jan-2025 14:38:24.749,1.295263,8.978256,-0.667982
18-Jan-2025 14:38:24.766,1.362301,8.76996,-0.830788
18-Jan-2025 14:38:24.782,1.228225,9.979033,-0.909797
18-Jan-2025 14:38:24.798,0.984017,10.596737,0.754174
18-Jan-2025 14:38:24.814,0.497994,10.606314,0.019154
18-Jan-2025 14:38:24.830,0.1652,10.632649,-0.318429
18-Jan-2025 14:38:24.846,0.098162,10.469844,-1.280898
18-Jan-2025 14:38:24.862,0.272939,10.666168,-0.055067
18-Jan-2025 14:38:24.878,0.481235,9.809045,-0.3304
18-Jan-2025 14:38:24.894,-0.344765,9.665392,-0.792481
18-Jan-2025 14:38:24.910,-1.201889,9.725247,-1.170765
18-Jan-2025 14:38:24.926,-1.400608,9.916783,-1.482011
18-Jan-2025 14:38:24.943,-1.388637,10.093954,-0.584185
18-Jan-2025 14:38:24.959,-0.47884,10.311827,-0.057461
18-Jan-2025 14:38:24.975,0.579397,10.405201,-0.773327
18-Jan-2025 14:38:24.991,1.431733,10.287885,-1.752556
18-Jan-2025 14:38:25.007,1.604115,10.280702,-1.898602
18-Jan-2025 14:38:25.023,0.45011,10.644621,-1.443704
18-Jan-2025 14:38:25.039,0.040701,10.960655,-1.347936
18-Jan-2025 14:38:25.055,0.079009,11.537658,-1.18513
18-Jan-2025 14:38:25.071,0.143652,11.638214,-1.252167
18-Jan-2025 14:38:25.087,0.445322,11.99495,-1.290475
18-Jan-2025 14:38:25.103,0.392649,12.469003,-0.78051
18-Jan-2025 14:38:25.119,0.366313,12.564771,-0.656011
18-Jan-2025 14:38:25.135,-0.196325,12.152967,-0.201113
18-Jan-2025 14:38:25.151,-0.739808,11.736377,0.445322
18-Jan-2025 14:38:25.168,-1.613692,10.91756,0.893037
18-Jan-2025 14:38:25.184,-2.281674,10.30225,1.640028
18-Jan-2025 14:38:25.200,-2.947262,9.770737,2.533065
18-Jan-2025 14:38:25.216,-3.361459,9.138668,2.822764
18-Jan-2025 14:38:25.232,-3.1795,8.214506,2.082955
18-Jan-2025 14:38:25.248,-2.841918,7.764396,1.501164
18-Jan-2025 14:38:25.264,-3.131616,6.967127,1.383849
18-Jan-2025 14:38:25.280,-3.1795,7.776367,1.644817
18-Jan-2025 14:38:25.296,-3.29921,8.221688,1.63524
18-Jan-2025 14:38:25.312,-2.602497,8.669404,0.732626
18-Jan-2025 14:38:25.328,-2.195483,9.301474,0.392649
18-Jan-2025 14:38:25.344,-2.020706,10.187328,0.80924
18-Jan-2025 14:38:25.360,-1.747767,10.560823,0.986411
18-Jan-2025 14:38:25.376,-1.400608,10.572795,0.636858
18-Jan-2025 14:38:25.393,-1.467646,10.151415,0.004788
18-Jan-2025 14:38:25.409,-1.632846,9.476251,-0.387861
18-Jan-2025 14:38:25.425,-1.924938,8.975863,-0.265756
18-Jan-2025 14:38:25.441,-1.970428,8.705317,-0.076614
18-Jan-2025 14:38:25.457,-1.790863,8.37013,0.047884
18-Jan-2025 14:38:25.473,-1.541866,8.295909,0.055067
18-Jan-2025 14:38:25.489,-1.273715,8.420407,-0.004788
18-Jan-2025 14:38:25.505,-0.459687,8.413225,-0.483629
18-Jan-2025 14:38:25.521,-0.282516,8.74123,-0.811634
18-Jan-2025 14:38:25.537,-0.634463,8.916007,-0.840365
18-Jan-2025 14:38:25.553,-1.261744,9.339781,-0.062249
18-Jan-2025 14:38:25.569,-1.778892,9.749189,0.402226
18-Jan-2025 14:38:25.585,-1.678335,9.895236,0.335188
18-Jan-2025 14:38:25.602,-1.537078,9.684546,-0.325611
18-Jan-2025 14:38:25.618,-1.838747,9.629479,-1.170765
18-Jan-2025 14:38:25.634,-1.563414,9.416395,-1.58975
18-Jan-2025 14:38:25.650,-0.993594,9.440337,-0.411803
18-Jan-2025 14:38:25.666,-0.967257,9.653421,0.715866
18-Jan-2025 14:38:25.682,-0.562637,10.175357,0.474052
18-Jan-2025 14:38:25.698,-0.778116,10.551247,-1.326388
18-Jan-2025 14:38:25.714,-0.47884,11.161768,-2.60968
18-Jan-2025 14:38:25.730,0.079009,11.164163,-2.686294
18-Jan-2025 14:38:25.746,0.031125,10.812215,-1.908179
18-Jan-2025 14:38:25.762,-0.3304,10.606314,-1.209072
18-Jan-2025 14:38:25.778,-0.591368,10.953473,-0.553061
18-Jan-2025 14:38:25.794,-0.574608,10.982203,-0.227449
18-Jan-2025 14:38:25.810,-0.509965,11.331757,-0.328006
18-Jan-2025 14:38:25.827,-0.529119,11.693281,-0.897826
18-Jan-2025 14:38:25.843,0.560243,11.906365,-1.216254
18-Jan-2025 14:38:25.859,1.218649,12.129025,-0.418985
18-Jan-2025 14:38:25.875,2.087744,11.599907,0.902614
18-Jan-2025 14:38:25.891,1.575385,10.694899,2.212242
18-Jan-2025 14:38:25.907,1.154005,9.241618,1.584962
18-Jan-2025 14:38:25.923,1.563414,7.802703,-0.138864
18-Jan-2025 14:38:25.939,1.707066,7.228095,-0.464475
18-Jan-2025 14:38:25.955,1.735796,6.797139,0.292093
18-Jan-2025 14:38:25.971,2.025495,6.476315,0.830788
18-Jan-2025 14:38:25.987,2.379837,7.465121,0.560243
18-Jan-2025 14:38:26.003,1.656788,9.078813,-0.811634
18-Jan-2025 14:38:26.019,0.785298,10.443508,-1.788469
18-Jan-2025 14:38:26.035,0.751779,11.147403,-1.25935
18-Jan-2025 14:38:26.051,0.636858,11.453861,-0.363919
18-Jan-2025 14:38:26.068,-0.112527,11.410766,0.517148
18-Jan-2025 14:38:26.084,-0.699107,10.393229,0.720655
18-Jan-2025 14:38:26.100,0.040701,9.370906,-0.100556
18-Jan-2025 14:38:26.116,0.143652,8.860941,-0.785298
18-Jan-2025 14:38:26.132,-0.136469,8.825027,-0.756568
18-Jan-2025 14:38:26.148,0.366313,8.63828,-1.06542
18-Jan-2025 14:38:26.164,0.818817,8.458714,-0.984017
18-Jan-2025 14:38:26.180,1.077391,8.664616,-0.88346
18-Jan-2025 14:38:26.196,0.656011,9.050082,-0.792481
18-Jan-2025 14:38:26.212,0.296881,9.516952,-0.981623
18-Jan-2025 14:38:26.228,0.07422,9.964667,-1.036689
18-Jan-2025 14:38:26.244,0.043096,10.010158,-1.086968
18-Jan-2025 14:38:26.260,0.033519,10.031705,-0.790087
18-Jan-2025 14:38:26.276,0.150835,9.957485,-1.072602
18-Jan-2025 14:38:26.292,0.143652,9.734824,-1.132457
18-Jan-2025 14:38:26.308,0.260968,9.52174,-1.371878
18-Jan-2025 14:38:26.324,0.198719,9.540894,-0.986411
18-Jan-2025 14:38:26.341,0.380678,9.440337,-1.039083
18-Jan-2025 14:38:26.357,0.445322,9.512163,-1.549049
18-Jan-2025 14:38:26.373,0.423774,9.856929,-2.059013
18-Jan-2025 14:38:26.389,0.337582,10.201694,-2.118869
18-Jan-2025 14:38:26.405,0.31364,10.599131,-1.649605
18-Jan-2025 14:38:26.421,0.366313,10.886436,-0.943315
18-Jan-2025 14:38:26.437,0.428562,11.042058,-1.455675
18-Jan-2025 14:38:26.453,0.21069,10.958261,-2.020706
18-Jan-2025 14:38:26.469,0,10.836157,-1.553837
18-Jan-2025 14:38:26.485,0.100556,10.589554,-0.691924
18-Jan-2025 14:38:26.501,0.323217,10.553641,-0.11971
18-Jan-2025 14:38:26.517,0.509965,11.563994,0.948104
18-Jan-2025 14:38:26.533,0.098162,12.349293,0.225055
18-Jan-2025 14:38:26.549,-0.411803,12.315774,-1.23062
18-Jan-2025 14:38:26.566,-1.410185,12.265495,-0.471658
18-Jan-2025 14:38:26.582,-2.999935,12.272678,2.044648
18-Jan-2025 14:38:26.598,-3.878607,11.602302,3.852271
18-Jan-2025 14:38:26.614,-3.002329,10.398018,3.950433
18-Jan-2025 14:38:26.630,-2.116474,9.483433,3.452439
18-Jan-2025 14:38:26.646,-1.359907,8.698134,2.944868
18-Jan-2025 14:38:26.662,-1.120486,7.893683,1.94888
18-Jan-2025 14:38:26.678,-1.649605,7.790732,1.539472
18-Jan-2025 14:38:26.694,-1.625663,8.339005,1.683124
18-Jan-2025 14:38:26.710,-1.374272,9.196129,1.56102
18-Jan-2025 14:38:26.726,-0.881066,10.172963,1.417367
18-Jan-2025 14:38:26.742,-0.325611,11.061212,1.369483
18-Jan-2025 14:38:26.758,0.129287,11.496957,1.149217
18-Jan-2025 14:38:26.774,0.847547,11.197681,0.837971
18-Jan-2025 14:38:26.790,0.033519,10.204087,0.651223
18-Jan-2025 14:38:26.806,-0.727837,8.927979,0.423774
18-Jan-2025 14:38:26.823,-1.041478,8.214506,0.454898
18-Jan-2025 14:38:26.839,-0.912191,7.750031,0.490811
18-Jan-2025 14:38:26.855,-0.268151,7.433996,0.332794
18-Jan-2025 14:38:26.871,-0.311246,7.685388,0.368707
18-Jan-2025 14:38:26.887,-0.64404,8.207323,0.282516
18-Jan-2025 14:38:26.903,-0.905008,8.796297,0.02873
18-Jan-2025 14:38:26.919,-1.01993,9.289502,-0.124498
18-Jan-2025 14:38:26.935,-0.744597,9.595961,-0.122104
18-Jan-2025 14:38:26.951,-0.397437,9.634268,-0.146046
18-Jan-2025 14:38:26.967,-0.445322,9.519346,0.126893
18-Jan-2025 14:38:26.984,-0.646434,9.416395,0.167594
18-Jan-2025 14:38:26.999,-0.54109,9.476251,0.071826
18-Jan-2025 14:38:27.015,-0.397437,9.562442,-0.308852
18-Jan-2025 14:38:27.031,-0.342371,9.734824,-0.636858
18-Jan-2025 14:38:27.048,-0.1652,9.816227,-0.785298
18-Jan-2025 14:38:27.064,-0.122104,9.749189,-0.3304
18-Jan-2025 14:38:27.080,-0.191536,9.742006,0.21069
18-Jan-2025 14:38:27.096,-0.354342,10.072407,0.040701
18-Jan-2025 14:38:27.112,-0.397437,10.352529,-0.23942
18-Jan-2025 14:38:27.128,-0.19393,10.642226,-0.574608
18-Jan-2025 14:38:27.144,-0.124498,10.788273,-0.737414
18-Jan-2025 14:38:27.160,-0.047884,10.632649,-0.667982
18-Jan-2025 14:38:27.176,-0.347159,10.529699,-0.466869
18-Jan-2025 14:38:27.192,-0.509965,10.419566,-0.179565
18-Jan-2025 14:38:27.208,-0.287304,10.553641,-0.474052
18-Jan-2025 14:38:27.225,0.146046,10.828975,-0.766145
18-Jan-2025 14:38:27.241,0.385466,11.190498,-1.113304
18-Jan-2025 14:38:27.257,0.481235,11.473015,-1.247379
18-Jan-2025 14:38:27.273,-0.217872,11.848905,-0.462081
18-Jan-2025 14:38:27.289,0.110133,11.676521,-0.09098
18-Jan-2025 14:38:27.305,0.234632,11.745954,0.308852
18-Jan-2025 14:38:27.321,0.280122,11.104307,0.821211
18-Jan-2025 14:38:27.337,0.42138,10.084377,0.933739
18-Jan-2025 14:38:27.353,0.54109,8.793902,0.076614
18-Jan-2025 14:38:27.369,0.25618,7.955932,-0.007183
18-Jan-2025 14:38:27.385,0.464475,7.153875,0.246603
18-Jan-2025 14:38:27.401,0.107739,6.931214,1.92015
18-Jan-2025 14:38:27.417,0.658405,6.603208,1.989582
18-Jan-2025 14:38:27.434,1.434127,7.208941,2.288857
18-Jan-2025 14:38:27.450,2.53546,7.879318,0.636858
18-Jan-2025 14:38:27.466,3.174711,11.056423,-1.608904
18-Jan-2025 14:38:27.482,2.731784,11.580753,-1.68073
18-Jan-2025 14:38:27.498,2.183512,12.291832,-1.383849
18-Jan-2025 14:38:27.514,0.869095,13.132196,0.095768
18-Jan-2025 14:38:27.530,-0.902614,12.854469,1.726219
18-Jan-2025 14:38:27.546,-1.149217,11.832145,2.121263
18-Jan-2025 14:38:27.562,0.579397,10.132261,1.012747
18-Jan-2025 14:38:27.578,1.046266,8.827422,-0.830788
18-Jan-2025 14:38:27.594,0.117316,8.288726,-2.549825
18-Jan-2025 14:38:27.610,-0.691924,7.94875,-2.65517
18-Jan-2025 14:38:27.626,-1.015141,7.843405,-1.486799
18-Jan-2025 14:38:27.642,-0.447716,7.345411,-0.368707
18-Jan-2025 14:38:27.658,0.363919,7.620744,-0.023942
18-Jan-2025 14:38:27.674,0.282516,8.293514,-0.31364
18-Jan-2025 14:38:27.691,0.110133,8.825027,-0.938527
18-Jan-2025 14:38:27.707,0.04549,9.414001,-1.45328
18-Jan-2025 14:38:27.723,-0.169988,9.876082,-1.221043
18-Jan-2025 14:38:27.739,-0.35913,10.160992,-0.677559
18-Jan-2025 14:38:27.755,-0.433351,10.448297,-0.430956
18-Jan-2025 14:38:27.771,-0.136469,10.575189,-0.37589
18-Jan-2025 14:38:27.787,-0.102951,10.699687,-0.433351
18-Jan-2025 14:38:27.803,-0.299275,10.876859,-0.94571
18-Jan-2025 14:38:27.819,-0.411803,11.245565,-1.359907
18-Jan-2025 14:38:27.835,-0.433351,11.394006,-1.642422
18-Jan-2025 14:38:27.851,-0.418985,11.374852,-1.678335
18-Jan-2025 14:38:27.867,-0.268151,11.077971,-1.592144
18-Jan-2025 14:38:27.884,-0.162806,10.635044,-1.522712
18-Jan-2025 14:38:27.900,-0.21069,10.132261,-1.735796
18-Jan-2025 14:38:27.915,-0.385466,9.895236,-1.611298
18-Jan-2025 14:38:27.932,-0.766145,10.321404,-0.828394
18-Jan-2025 14:38:27.948,-1.072602,10.718841,-1.039083
18-Jan-2025 14:38:27.964,-1.584962,10.718841,-1.675941
18-Jan-2025 14:38:27.980,-2.226608,11.070788,-1.04866
18-Jan-2025 14:38:27.996,-2.664747,11.568783,0.363919
18-Jan-2025 14:38:28.012,-1.764527,11.473015,1.031901
18-Jan-2025 14:38:28.028,-0.572214,10.84334,0.818817
18-Jan-2025 14:38:28.044,-1.029507,9.998186,-0.023942
18-Jan-2025 14:38:28.059,-1.841141,8.798691,-0.610521
18-Jan-2025 14:38:28.076,-2.293645,7.580042,-0.143652
18-Jan-2025 14:38:28.092,-2.585738,6.785168,0.94571
18-Jan-2025 14:38:28.109,-2.430115,6.459556,0.761356
18-Jan-2025 14:38:28.125,-1.805228,6.631939,1.465251
18-Jan-2025 14:38:28.141,-2.628834,7.838616,1.249773
18-Jan-2025 14:38:28.157,-2.276886,9.303867,0.146046
18-Jan-2025 14:38:28.173,-1.936909,10.828975,-0.325611
18-Jan-2025 14:38:28.189,-0.964863,11.674128,-0.955287
18-Jan-2025 14:38:28.205,-0.1652,11.506534,-0.533907
18-Jan-2025 14:38:28.221,-0.203507,11.415554,-0.263362
18-Jan-2025 14:38:28.237,-0.804452,11.013328,0.299275
18-Jan-2025 14:38:28.253,-1.13964,10.407595,0.086191
18-Jan-2025 14:38:28.269,-2.264915,9.301474,-0.984017
18-Jan-2025 14:38:28.285,-3.055001,8.477868,-1.477222
18-Jan-2025 14:38:28.301,-3.770868,7.979874,-1.225831
18-Jan-2025 14:38:28.317,-2.851494,8.027759,-0.701501
18-Jan-2025 14:38:28.334,-2.106898,8.511387,0.031125
18-Jan-2025 14:38:28.350,-1.405396,9.174581,0.134075
18-Jan-2025 14:38:28.366,-0.481235,9.478644,-0.442927
18-Jan-2025 14:38:28.382,0.246603,9.799467,-1.132457
18-Jan-2025 14:38:28.398,-0.079009,10.031705,-0.876278
18-Jan-2025 14:38:28.414,-0.804452,10.000581,-0.155623
18-Jan-2025 14:38:28.430,-1.520318,10.144233,0.792481
18-Jan-2025 14:38:28.446,-1.410185,10.287885,0.869095
18-Jan-2025 14:38:28.462,-1.149217,10.503363,0.402226
18-Jan-2025 14:38:28.478,-1.106121,10.596737,-0.100556
18-Jan-2025 14:38:28.494,-1.120486,10.666168,-0.387861
18-Jan-2025 14:38:28.510,-1.173159,10.685322,-0.433351
18-Jan-2025 14:38:28.526,-1.283292,10.850522,-0.435745
18-Jan-2025 14:38:28.542,-1.225831,10.25676,-0.378284
18-Jan-2025 14:38:28.559,-0.095768,10.958261,-0.59855
18-Jan-2025 14:38:28.575,0.395043,10.685322,-0.153229
18-Jan-2025 14:38:28.591,0.52433,10.833763,0.052672
18-Jan-2025 14:38:28.607,0.368707,10.922348,0.306458
18-Jan-2025 14:38:28.623,0.129287,11.030087,0.107739
18-Jan-2025 14:38:28.639,0.186748,11.113884,-0.205901
18-Jan-2025 14:38:28.655,-0.332794,10.776301,0.512359
18-Jan-2025 14:38:28.671,-0.227449,10.850522,0.823605
18-Jan-2025 14:38:28.687,-1.161188,10.019734,1.786075
18-Jan-2025 14:38:28.703,-0.713472,9.291897,2.003947
18-Jan-2025 14:38:28.719,-0.213084,8.623915,2.061408
18-Jan-2025 14:38:28.735,0.296881,7.879318,1.936909
18-Jan-2025 14:38:28.751,0.694318,7.608773,1.642422
18-Jan-2025 14:38:28.768,1.747767,7.398083,0.067038
18-Jan-2025 14:38:28.784,2.226608,8.013393,-0.636858
18-Jan-2025 14:38:28.800,2.454057,8.808268,-1.23062
18-Jan-2025 14:38:28.816,1.891419,10.263943,0.3304
18-Jan-2025 14:38:28.832,1.819593,10.783484,0.600945
18-Jan-2025 14:38:28.848,1.173159,11.212047,0.378284
18-Jan-2025 14:38:28.864,0.25618,11.812991,0.28491
18-Jan-2025 14:38:28.880,-0.699107,12.13142,0.502782
18-Jan-2025 14:38:28.896,-0.287304,11.051635,0.622492
18-Jan-2025 14:38:28.912,0.253785,10.132261,0.794875
18-Jan-2025 14:38:28.928,0.411803,9.349358,0.924162
18-Jan-2025 14:38:28.944,0.768539,8.851364,0.25618
18-Jan-2025 14:38:28.960,1.165976,8.41083,-0.136469
18-Jan-2025 14:38:28.976,1.388637,8.149862,-0.026336
18-Jan-2025 14:38:28.993,1.865083,8.248025,0.351948
18-Jan-2025 14:38:29.009,1.625663,8.544906,0.512359
18-Jan-2025 14:38:29.025,1.302446,8.959103,0.430956
18-Jan-2025 14:38:29.041,0.998382,9.689334,0.107739
18-Jan-2025 14:38:29.057,1.074997,10.316615,0.114922
18-Jan-2025 14:38:29.073,1.206678,10.857705,0.363919
18-Jan-2025 14:38:29.089,1.007959,11.212047,0.646434
18-Jan-2025 14:38:29.105,1.012747,11.133038,0.59855
18-Jan-2025 14:38:29.121,1.201889,10.771513,0.37589
18-Jan-2025 14:38:29.137,1.091756,10.366894,0.356736
18-Jan-2025 14:38:29.153,0.938527,10.158598,0.500388
18-Jan-2025 14:38:29.169,1.007959,10.096349,0.407014
18-Jan-2025 14:38:29.185,1.017536,10.060435,0.268151
18-Jan-2025 14:38:29.201,0.711078,10.086772,0.122104
18-Jan-2025 14:38:29.218,0.507571,10.117896,0.117316
18-Jan-2025 14:38:29.234,0.509965,10.254366,0.639252
18-Jan-2025 14:38:29.250,0.471658,10.714052,0.830788
18-Jan-2025 14:38:29.266,0.280122,11.089942,-0.411803
18-Jan-2025 14:38:29.282,0.146046,11.046846,-1.503559
18-Jan-2025 14:38:29.298,-0.270545,11.164163,-1.252167
18-Jan-2025 14:38:29.314,-1.570596,11.046846,0.4956
18-Jan-2025 14:38:29.330,-1.046266,9.715671,1.338359
18-Jan-2025 14:38:29.346,-0.483629,8.633492,1.357512
18-Jan-2025 14:38:29.362,-0.428562,7.876924,0.586579
18-Jan-2025 14:38:29.378,-0.732626,7.412448,-0.203507
18-Jan-2025 14:38:29.394,-1.005565,7.280767,0.155623
18-Jan-2025 14:38:29.410,-1.132457,6.88333,1.362301
18-Jan-2025 14:38:29.426,-1.187524,6.64391,2.264915
18-Jan-2025 14:38:29.443,-1.819593,6.80911,2.715025
18-Jan-2025 14:38:29.459,-2.485181,7.563283,2.377442
18-Jan-2025 14:38:29.475,-2.695871,8.781932,1.343147
18-Jan-2025 14:38:29.491,-2.72939,10.45069,0.70629
18-Jan-2025 14:38:29.507,-2.501941,12.46182,0.545878
18-Jan-2025 14:38:29.523,-1.977611,13.84088,0.474052
18-Jan-2025 14:38:29.539,-1.127669,13.584701,0.703895
18-Jan-2025 14:38:29.555,-1.285686,12.770672,1.278504
18-Jan-2025 14:38:29.571,-1.426944,11.702858,1.386243
18-Jan-2025 14:38:29.587,-1.400608,10.608707,0.792481
18-Jan-2025 14:38:29.603,-1.429338,9.873688,0.560243
18-Jan-2025 14:38:29.619,-1.63524,9.540894,0.715866
18-Jan-2025 14:38:29.635,-1.549049,9.586384,0.888249
18-Jan-2025 14:38:29.651,-1.357512,9.574412,0.577003
18-Jan-2025 14:38:29.667,-1.237802,9.689334,0.100556
18-Jan-2025 14:38:29.683,-1.302446,9.734824,0.004788
18-Jan-2025 14:38:29.699,-0.905008,9.504981,0.3304
18-Jan-2025 14:38:29.716,-0.888249,9.16261,0.153229
18-Jan-2025 14:38:29.732,-0.981623,8.848969,0.174777
18-Jan-2025 14:38:29.748,-1.173159,8.549694,-0.071826
18-Jan-2025 14:38:29.764,-1.218649,8.391677,-0.45011
18-Jan-2025 14:38:29.780,-1.865083,8.743625,-0.337582
18-Jan-2025 14:38:29.796,-1.922544,9.330204,-0.086191
18-Jan-2025 14:38:29.812,-1.625663,10.01734,-0.047884
18-Jan-2025 14:38:29.828,-1.206678,10.742783,-0.37589
18-Jan-2025 14:38:29.844,-0.998382,11.075577,-0.70629
18-Jan-2025 14:38:29.860,-1.055843,10.907983,-0.715866
18-Jan-2025 14:38:29.876,-1.175553,10.402806,-0.538695
18-Jan-2025 14:38:29.892,-1.060631,9.813833,-0.124498
18-Jan-2025 14:38:29.909,-1.00317,9.495404,0.038307
18-Jan-2025 14:38:29.924,-0.890643,9.536105,0.380678
18-Jan-2025 14:38:29.940,-0.981623,9.730036,0.861913
18-Jan-2025 14:38:29.957,-0.964863,9.672575,1.072602
18-Jan-2025 14:38:29.973,-1.00317,9.725247,0.342371
18-Jan-2025 14:38:29.989,-0.916979,9.907207,-0.354342
18-Jan-2025 14:38:30.005,-0.751779,9.995792,-0.136469
18-Jan-2025 14:38:30.021,-0.282516,10.070012,0.328006
18-Jan-2025 14:38:30.037,0.222661,9.907207,0.715866
18-Jan-2025 14:38:30.053,0.229843,10.199299,0.155623
18-Jan-2025 14:38:30.069,0.316035,10.82658,-0.483629
18-Jan-2025 14:38:30.085,0.873884,11.446678,-0.169988
18-Jan-2025 14:38:30.101,1.280898,11.44189,0.328006
18-Jan-2025 14:38:30.117,0.737414,10.84334,0.799663
18-Jan-2025 14:38:30.134,0.565032,10.081984,0.885855
18-Jan-2025 14:38:30.150,1.103727,9.349358,0.64404
18-Jan-2025 14:38:30.166,1.501164,8.872911,0.483629
18-Jan-2025 14:38:30.182,1.764527,8.556877,0.387861
18-Jan-2025 14:38:30.198,2.054225,8.552089,0.627281
18-Jan-2025 14:38:30.214,2.403779,9.023746,0.543484
18-Jan-2025 14:38:30.230,2.961627,9.82341,0.043096
18-Jan-2025 14:38:30.246,2.552219,10.15381,-0.189142
18-Jan-2025 14:38:30.262,1.968034,10.474632,-0.014365
18-Jan-2025 14:38:30.278,1.513135,10.575189,0.198719
18-Jan-2025 14:38:30.294,1.637634,10.881647,0.292093
18-Jan-2025 14:38:30.310,1.644817,10.87207,0.407014
18-Jan-2025 14:38:30.326,1.376666,10.503363,0.215478
18-Jan-2025 14:38:30.342,1.321599,9.97185,-0.023942
18-Jan-2025 14:38:30.359,1.608904,9.452309,-0.134075
18-Jan-2025 14:38:30.374,1.572991,8.99741,-0.102951
18-Jan-2025 14:38:30.390,1.781286,8.693346,0.186748
18-Jan-2025 14:38:30.407,1.841141,8.549694,0.368707
18-Jan-2025 14:38:30.423,1.73819,8.767567,0.272939
18-Jan-2025 14:38:30.439,1.285686,9.009381,0.062249
18-Jan-2025 14:38:30.455,0.914585,9.184157,-0.002394
18-Jan-2025 14:38:30.471,0.847547,9.504981,-0.196325
18-Jan-2025 14:38:30.487,1.16837,9.80665,-0.232238
18-Jan-2025 14:38:30.503,1.13964,10.108319,-0.122104
18-Jan-2025 14:38:30.519,1.00317,10.079589,0.287304
18-Jan-2025 14:38:30.535,0.821211,10.338163,0.002394
18-Jan-2025 14:38:30.551,0.45011,10.584765,-0.347159
18-Jan-2025 14:38:30.567,-0.019154,10.556035,-0.383072
18-Jan-2025 14:38:30.584,0.440533,10.553641,-0.37589
18-Jan-2025 14:38:30.600,0.687136,10.448297,0.205901
18-Jan-2025 14:38:30.616,0.821211,10.560823,0.19393
18-Jan-2025 14:38:30.632,0.804452,10.764331,-0.11971
18-Jan-2025 14:38:30.648,0.80924,10.965444,-0.122104
18-Jan-2025 14:38:30.664,1.134852,10.951078,-0.617704
18-Jan-2025 14:38:30.680,0.926556,11.757924,-0.057461
18-Jan-2025 14:38:30.696,0.885855,12.555194,0.952892
18-Jan-2025 14:38:30.712,0.881066,12.698846,0.407014
18-Jan-2025 14:38:30.727,0.773327,12.58153,-0.952892
18-Jan-2025 14:38:30.744,-0.064643,12.928689,-0.677559
18-Jan-2025 14:38:30.760,-1.144428,13.022063,0.773327
18-Jan-2025 14:38:30.776,-2.662352,12.413936,2.571373
18-Jan-2025 14:38:30.792,-2.059013,10.699687,3.454833
18-Jan-2025 14:38:30.808,-1.180341,8.904037,2.499547
18-Jan-2025 14:38:30.825,-0.572214,7.338228,0.442927
18-Jan-2025 14:38:30.841,-0.6608,6.246472,-0.4956
18-Jan-2025 14:38:30.857,-1.316811,5.889736,0.56982
18-Jan-2025 14:38:30.873,-0.849942,5.90889,1.23062
18-Jan-2025 14:38:30.889,-0.921768,7.005434,0.864307
18-Jan-2025 14:38:30.905,-1.072602,8.901642,-0.040701
18-Jan-2025 14:38:30.921,-0.991199,10.656591,-0.679953
18-Jan-2025 14:38:30.937,-0.205901,11.417948,-1.010353
18-Jan-2025 14:38:30.953,0.466869,11.731588,-0.526724
18-Jan-2025 14:38:30.969,1.371878,11.599907,-0.09098
18-Jan-2025 14:38:30.985,-0.110133,10.309433,0.172383
18-Jan-2025 14:38:31.001,-0.775721,9.212888,-0.134075
18-Jan-2025 14:38:31.017,-0.337582,8.24563,-0.538695
18-Jan-2025 14:38:31.033,0.021548,8.06846,-0.521936
18-Jan-2025 14:38:31.048,-0.009577,8.413225,-0.397437
18-Jan-2025 14:38:31.066,-0.392649,9.172187,-0.263362
18-Jan-2025 14:38:31.082,-1.01993,9.662998,-0.493206
18-Jan-2025 14:38:31.098,-1.082179,9.579201,-0.979228
18-Jan-2025 14:38:31.114,-1.031901,9.275137,-0.993594
18-Jan-2025 14:38:31.130,-1.115698,8.985439,-0.557849
18-Jan-2025 14:38:31.146,-1.154005,8.834604,-0.222661
18-Jan-2025 14:38:31.162,-1.465251,9.01417,-0.138864
18-Jan-2025 14:38:31.178,-2.109292,9.411607,-0.411803
18-Jan-2025 14:38:31.194,-1.668759,9.579201,-1.012747
18-Jan-2025 14:38:31.210,-1.237802,9.785102,-1.61848
18-Jan-2025 14:38:31.226,-1.357512,9.904813,-1.297657
18-Jan-2025 14:38:31.242,-1.529895,10.005369,-0.76375
18-Jan-2025 14:38:31.258,-1.529895,9.976639,-0.344765
18-Jan-2025 14:38:31.274,-1.331176,9.902418,-0.469264
18-Jan-2025 14:38:31.291,-1.201889,9.945514,-1.079785
18-Jan-2025 14:38:31.307,-0.948104,10.072407,-1.61848
18-Jan-2025 14:38:31.323,-0.948104,10.251971,-1.606509
18-Jan-2025 14:38:31.339,-0.919373,10.33098,-1.247379
18-Jan-2025 14:38:31.355,-0.991199,10.15381,-0.943315
18-Jan-2025 14:38:31.371,-1.091756,9.97185,-1.127669
18-Jan-2025 14:38:31.387,-1.103727,9.981427,-1.237802
18-Jan-2025 14:38:31.403,-1.039083,9.919178,-1.216254
18-Jan-2025 14:38:31.419,-1.015141,9.998186,-1.199495
18-Jan-2025 14:38:31.435,-0.885855,10.070012,-1.465251
18-Jan-2025 14:38:31.451,-0.466869,10.089166,-1.819593
18-Jan-2025 14:38:31.467,-0.038307,10.366894,-1.403002
18-Jan-2025 14:38:31.483,0.35913,10.840945,-0.936133
18-Jan-2025 14:38:31.499,0.555455,11.154586,-1.529895
18-Jan-2025 14:38:31.515,0.28491,11.33894,-1.458069
18-Jan-2025 14:38:31.531,0.658405,11.592725,-0.521936
18-Jan-2025 14:38:31.547,0.543484,11.281479,-0.97444
18-Jan-2025 14:38:31.564,-0.143652,11.32218,-0.888249
18-Jan-2025 14:38:31.580,0.007183,10.42196,0.117316
18-Jan-2025 14:38:31.596,0.557849,9.49301,1.029507
18-Jan-2025 14:38:31.612,0.550666,8.674192,1.343147
18-Jan-2025 14:38:31.628,1.35033,7.240066,0.445322
18-Jan-2025 14:38:31.644,2.782062,6.184223,-0.486023
18-Jan-2025 14:38:31.660,2.358289,7.043741,-0.107739
18-Jan-2025 14:38:31.676,1.742979,8.463503,0.483629
18-Jan-2025 14:38:31.692,1.436521,9.871294,0.474052
18-Jan-2025 14:38:31.708,1.103727,11.221623,0.167594
18-Jan-2025 14:38:31.724,0.373495,12.167333,-0.466869
18-Jan-2025 14:38:31.740,-0.837971,12.58153,-0.749385
18-Jan-2025 14:38:31.756,-0.6608,11.765107,-0.723049
18-Jan-2025 14:38:31.773,-0.622492,10.867282,-0.102951
18-Jan-2025 14:38:31.789,-0.325611,9.945514,0.409408
18-Jan-2025 14:38:31.805,-0.215478,9.653421,0.196325
18-Jan-2025 14:38:31.821,0.026336,9.598354,-0.42138
18-Jan-2025 14:38:31.837,0.567426,9.512163,-0.799663
18-Jan-2025 14:38:31.853,0.871489,9.198523,-0.667982
18-Jan-2025 14:38:31.869,1.022324,8.753201,-0.150835
18-Jan-2025 14:38:31.885,1.072602,8.286332,-0.059855
18-Jan-2025 14:38:31.901,1.074997,8.300697,-0.189142
18-Jan-2025 14:38:31.917,1.209072,8.631097,-0.557849
18-Jan-2025 14:38:31.933,1.319205,9.081207,-0.773327
18-Jan-2025 14:38:31.949,1.192312,9.471462,-0.732626
18-Jan-2025 14:38:31.965,1.09415,9.689334,-0.596156
18-Jan-2025 14:38:31.981,0.890643,9.65821,-0.507571
18-Jan-2025 14:38:31.997,0.687136,9.488221,-0.304064
18-Jan-2025 14:38:32.013,0.782904,9.284714,-0.158017
18-Jan-2025 14:38:32.030,0.998382,9.368511,-0.07422
18-Jan-2025 14:38:32.046,1.144428,9.595961,-0.220267
18-Jan-2025 14:38:32.062,1.118092,9.85214,-0.984017
18-Jan-2025 14:38:32.078,0.972046,10.187328,-1.39582
18-Jan-2025 14:38:32.094,0.816423,10.527305,-1.00317
18-Jan-2025 14:38:32.110,0.608127,10.730812,-0.579397
18-Jan-2025 14:38:32.126,0.433351,10.771513,-0.35913
18-Jan-2025 14:38:32.142,0.407014,10.778696,-0.691924
18-Jan-2025 14:38:32.158,0.320823,10.852917,-1.228225
18-Jan-2025 14:38:32.174,0.244209,10.94629,-1.501164
18-Jan-2025 14:38:32.190,0.52433,11.468226,-0.845153
18-Jan-2025 14:38:32.206,0.732626,12.050017,-0.428562
18-Jan-2025 14:38:32.222,0.519542,12.224793,-0.723049
18-Jan-2025 14:38:32.239,0.019154,12.023681,-0.782904
18-Jan-2025 14:38:32.255,-0.792481,11.281479,-0.754174
18-Jan-2025 14:38:32.271,-0.993594,10.505757,-0.354342
18-Jan-2025 14:38:32.287,-1.108515,9.859323,0.105345
18-Jan-2025 14:38:32.303,-0.92895,9.229648,0.019154
18-Jan-2025 14:38:32.319,-0.88346,8.619126,0.093374
18-Jan-2025 14:38:32.335,-0.629675,7.941567,-0.100556
18-Jan-2025 14:38:32.351,-0.785298,7.429208,-0.454898
18-Jan-2025 14:38:32.367,-1.367089,7.141904,-0.225055
18-Jan-2025 14:38:32.383,-1.929727,7.319075,0.3304
18-Jan-2025 14:38:32.399,-1.910573,7.922413,0.433351
18-Jan-2025 14:38:32.415,-1.551443,8.956709,0.098162
18-Jan-2025 14:38:32.432,-1.252167,10.007763,-0.196325
18-Jan-2025 14:38:32.448,-0.40462,9.940725,-0.529119
18-Jan-2025 14:38:32.464,-0.246603,10.204087,0.301669
18-Jan-2025 14:38:32.480,-0.881066,10.891224,0.667982
18-Jan-2025 14:38:32.496,-1.292869,11.410766,0.277727
18-Jan-2025 14:38:32.512,0.363919,11.305421,-1.04866
18-Jan-2025 14:38:32.528,0.593762,12.698846,-1.388637
18-Jan-2025 14:38:32.544,-0.679953,11.741165,-0.727837
18-Jan-2025 14:38:32.560,-0.35913,9.991004,0.062249
18-Jan-2025 14:38:32.576,-0.349553,8.834604,0.567426
18-Jan-2025 14:38:32.592,0.217872,7.103596,-0.196325
18-Jan-2025 14:38:32.608,-0.957681,6.969521,-1.235408
18-Jan-2025 14:38:32.624,-1.733402,7.797915,-1.47004
18-Jan-2025 14:38:32.640,-1.268927,8.686164,-1.079785
18-Jan-2025 14:38:32.656,-1.074997,9.392453,-0.718261
18-Jan-2025 14:38:32.672,-1.127669,9.933543,-0.497994
18-Jan-2025 14:38:32.689,-1.295263,10.25676,-0.277727
18-Jan-2025 14:38:32.705,-1.49877,10.400413,0.002394
18-Jan-2025 14:38:32.721,-1.54426,10.0748,-0.653617
18-Jan-2025 14:38:32.737,-1.558625,9.885659,-1.180341
18-Jan-2025 14:38:32.753,-1.448492,9.701305,-0.981623
18-Jan-2025 14:38:32.769,-1.340753,9.631873,-0.529119
18-Jan-2025 14:38:32.785,-1.237802,9.653421,-0.318429
18-Jan-2025 14:38:32.801,-1.084573,9.730036,-0.454898
18-Jan-2025 14:38:32.817,-0.723049,9.998186,-0.80924
18-Jan-2025 14:38:32.833,-0.679953,10.342952,-0.909797
18-Jan-2025 14:38:32.849,-0.797269,10.553641,-0.912191
18-Jan-2025 14:38:32.865,-0.756568,10.417171,-0.984017
18-Jan-2025 14:38:32.881,-0.833182,10.122684,-0.600945
18-Jan-2025 14:38:32.898,-0.634463,9.801862,-0.23942
18-Jan-2025 14:38:32.914,-0.984017,10.105926,0.09098
18-Jan-2025 14:38:32.930,-1.13964,10.201694,-0.42138
18-Jan-2025 14:38:32.946,-1.393425,10.117896,-1.364695
18-Jan-2025 14:38:32.962,-1.683124,10.247183,-1.307234
18-Jan-2025 14:38:32.978,-1.23062,10.702082,-0.986411
18-Jan-2025 14:38:32.994,-1.077391,10.376471,-0.888249
18-Jan-2025 14:38:33.010,-0.902614,10.632649,-0.071826
18-Jan-2025 14:38:33.026,-0.70629,11.03727,-0.160412
18-Jan-2025 14:38:33.042,-0.641646,11.224017,-0.40462
18-Jan-2025 14:38:33.058,-0.366313,11.03727,-0.138864
18-Jan-2025 14:38:33.074,0.134075,10.864887,0.37589
18-Jan-2025 14:38:33.090,-0.122104,10.0748,0.754174
18-Jan-2025 14:38:33.107,0.057461,9.49301,0.703895
18-Jan-2025 14:38:33.123,0.086191,8.908825,-0.134075
18-Jan-2025 14:38:33.139,0.605733,8.413225,-0.579397
18-Jan-2025 14:38:33.155,0.991199,7.78355,-0.181959
18-Jan-2025 14:38:33.171,1.824382,7.558495,0.253785
18-Jan-2025 14:38:33.187,2.224213,7.254431,0.557849
18-Jan-2025 14:38:33.203,2.458845,7.850587,0.651223
18-Jan-2025 14:38:33.219,1.917756,9.52174,-0.131681
18-Jan-2025 14:38:33.235,2.075773,11.204864,-1.197101
18-Jan-2025 14:38:33.251,2.015918,13.170504,-1.400608
18-Jan-2025 14:38:33.267,1.642422,13.261483,-0.464475
18-Jan-2025 14:38:33.283,1.644817,12.51928,0.732626
18-Jan-2025 14:38:33.299,1.656788,12.272678,1.201889
18-Jan-2025 14:38:33.316,0.579397,10.912771,0.59855
18-Jan-2025 14:38:33.332,-0.730232,9.445126,-1.455675
18-Jan-2025 14:38:33.348,-1.314417,8.319851,-3.066972
18-Jan-2025 14:38:33.364,-0.878672,7.419631,-2.315193
18-Jan-2025 14:38:33.380,-0.562637,7.070077,-1.098939
18-Jan-2025 14:38:33.395,-0.739808,6.679823,-0.751779
18-Jan-2025 14:38:33.412,-2.523489,7.386112,-1.249773
18-Jan-2025 14:38:33.428,-1.692701,8.415619,-1.893813
18-Jan-2025 14:38:33.444,-0.790087,9.43076,-1.934515
18-Jan-2025 14:38:33.460,-0.672771,10.15381,-1.786075
18-Jan-2025 14:38:33.476,-0.881066,10.958261,-1.640028
18-Jan-2025 14:38:33.492,-0.186748,11.293449,-1.513135
18-Jan-2025 14:38:33.508,0.380678,11.018116,-1.61848
18-Jan-2025 14:38:33.524,0.268151,10.065224,-1.580173
18-Jan-2025 14:38:33.541,0.354342,9.65821,-1.223437
18-Jan-2025 14:38:33.557,0.651223,9.509769,-1.09415
18-Jan-2025 14:38:33.573,0.972046,9.859323,-1.11091
18-Jan-2025 14:38:33.589,0.962469,10.254366,-1.393425
18-Jan-2025 14:38:33.605,1.063026,10.611102,-1.838747
18-Jan-2025 14:38:33.621,-0.11971,11.161768,-1.441309
18-Jan-2025 14:38:33.637,-0.648829,11.434708,-0.85473
18-Jan-2025 14:38:33.653,-1.297657,11.384429,-1.007959
18-Jan-2025 14:38:33.669,-0.933739,10.94629,-0.972046
18-Jan-2025 14:38:33.685,-0.64404,10.486604,-0.785298
18-Jan-2025 14:38:33.701,-0.909797,10.613496,-0.304064
18-Jan-2025 14:38:33.717,-1.508347,11.027693,-0.339977
18-Jan-2025 14:38:33.733,-1.273715,11.346122,-0.555455
18-Jan-2025 14:38:33.749,-1.295263,11.621455,-0.560243
18-Jan-2025 14:38:33.765,-1.280898,11.743559,0.069432
18-Jan-2025 14:38:33.782,-1.388637,11.027693,0.407014
18-Jan-2025 14:38:33.798,-1.060631,10.204087,0.572214
18-Jan-2025 14:38:33.814,-0.4956,9.114726,0.486023
18-Jan-2025 14:38:33.830,-0.653617,8.183381,0.244209
18-Jan-2025 14:38:33.846,-1.132457,7.477092,0.54109
18-Jan-2025 14:38:33.862,-1.187524,7.129933,1.314417
18-Jan-2025 14:38:33.878,-0.955287,7.187394,1.35033
18-Jan-2025 14:38:33.894,-1.608904,7.955932,0.565032
18-Jan-2025 14:38:33.910,-2.056619,8.865729,-0.098162
18-Jan-2025 14:38:33.926,-2.03986,9.595961,0.277727
18-Jan-2025 14:38:33.942,-2.365471,10.242394,0.287304
18-Jan-2025 14:38:33.958,-2.128445,10.618284,0.502782
18-Jan-2025 14:38:33.974,-1.201889,10.943896,0.526724
18-Jan-2025 14:38:33.990,-0.488417,10.78109,0.184354
18-Jan-2025 14:38:34.007,0.361524,10.433931,-0.086191
18-Jan-2025 14:38:34.023,-0.730232,9.921572,-0.079009
18-Jan-2025 14:38:34.039,-1.283292,9.452309,-0.122104
18-Jan-2025 14:38:34.055,-1.632846,9.07163,-0.057461
18-Jan-2025 14:38:34.071,-1.031901,8.825027,-0.380678
18-Jan-2025 14:38:34.087,-0.612916,8.844181,-0.517148
18-Jan-2025 14:38:34.103,-0.47884,8.939949,-0.550666
18-Jan-2025 14:38:34.119,-0.90022,9.306262,-0.409408
18-Jan-2025 14:38:34.135,-0.742203,9.622296,-0.529119
18-Jan-2025 14:38:34.151,-0.873884,9.904813,-0.596156
18-Jan-2025 14:38:34.167,-1.297657,10.098742,-0.502782
18-Jan-2025 14:38:34.183,-1.06542,9.840169,-0.222661
18-Jan-2025 14:38:34.199,-1.656788,9.916783,0.143652
18-Jan-2025 14:38:34.215,-1.237802,9.933543,0.373495
18-Jan-2025 14:38:34.231,-0.361524,9.689334,0.260968
18-Jan-2025 14:38:34.247,-1.161188,10.117896,-0.486023
18-Jan-2025 14:38:34.263,-1.13964,10.189722,-0.466869
18-Jan-2025 14:38:34.280,-0.878672,10.340557,-0.280122
18-Jan-2025 14:38:34.296,-0.373495,10.115502,-0.167594
18-Jan-2025 14:38:34.312,0.059855,10.151415,-0.289698
18-Jan-2025 14:38:34.328,0.751779,10.297462,-0.035913
18-Jan-2025 14:38:34.344,-0.627281,10.989386,0.150835
18-Jan-2025 14:38:34.360,-0.217872,11.173739,0.383072
18-Jan-2025 14:38:34.376,0.191536,11.293449,0.37589
18-Jan-2025 14:38:34.392,0.636858,11.542446,0.474052
18-Jan-2025 14:38:34.408,1.292869,11.408371,0.864307
18-Jan-2025 14:38:34.424,2.437297,10.800244,0.806846
18-Jan-2025 14:38:34.440,3.20823,9.861717,0.299275
18-Jan-2025 14:38:34.457,3.885789,9.02614,0.007183
18-Jan-2025 14:38:34.473,4.036624,8.50181,0.237026
18-Jan-2025 14:38:34.488,3.730166,8.056489,0.823605
18-Jan-2025 14:38:34.505,2.650381,8.082825,0.696713
18-Jan-2025 14:38:34.521,2.059013,8.652645,-0.110133
18-Jan-2025 14:38:34.537,1.75495,9.224859,-0.943315
18-Jan-2025 14:38:34.553,1.431733,9.92636,-1.386243
18-Jan-2025 14:38:34.569,0.92895,10.682928,-1.051055
18-Jan-2025 14:38:34.585,0.543484,11.326968,-0.349553
18-Jan-2025 14:38:34.601,0.007183,11.475409,-0.057461
18-Jan-2025 14:38:34.617,-0.411803,10.730812,-0.344765
18-Jan-2025 14:38:34.633,0.924162,9.722853,-0.902614
18-Jan-2025 14:38:34.649,1.685518,9.097966,-1.21386
18-Jan-2025 14:38:34.665,1.647211,8.690952,-1.070208
18-Jan-2025 14:38:34.681,1.132457,8.520964,-0.73502
18-Jan-2025 14:38:34.698,0.687136,8.729259,-0.574608
18-Jan-2025 14:38:34.713,0.73502,9.066842,-0.553061
18-Jan-2025 14:38:34.729,1.084573,9.514558,-0.677559
18-Jan-2025 14:38:34.746,1.079785,9.629479,-0.344765
18-Jan-2025 14:38:34.762,0.993594,9.801862,0.189142
18-Jan-2025 14:38:34.778,1.142034,9.662998,0.579397
18-Jan-2025 14:38:34.794,1.101333,9.557653,0.572214
18-Jan-2025 14:38:34.810,1.42455,9.809045,0.117316
18-Jan-2025 14:38:34.826,1.297657,10.366894,-0.493206
18-Jan-2025 14:38:34.842,1.101333,10.965444,-0.785298
18-Jan-2025 14:38:34.858,0.893037,11.346122,-0.529119
18-Jan-2025 14:38:34.874,0.782904,11.319786,-0.493206
18-Jan-2025 14:38:34.891,0.713472,11.212047,-0.907402
18-Jan-2025 14:38:34.906,0.517148,11.420342,-0.622492
18-Jan-2025 14:38:34.923,0.435745,11.602302,-0.773327
18-Jan-2025 14:38:34.939,0.802058,10.94629,-1.496376
18-Jan-2025 14:38:34.955,0.696713,10.206482,-1.307234
18-Jan-2025 14:38:34.971,0.208296,10.362105,0.189142
18-Jan-2025 14:38:34.987,-1.264138,10.230424,1.359907
18-Jan-2025 14:38:35.003,-2.466028,9.902418,1.041478
18-Jan-2025 14:38:35.019,-3.399766,9.210494,0.04549
18-Jan-2025 14:38:35.035,-2.224213,8.145074,-0.59855
18-Jan-2025 14:38:35.051,-1.292869,7.702147,0.081403
18-Jan-2025 14:38:35.067,-1.25935,7.603985,1.18513
18-Jan-2025 14:38:35.083,-1.309628,7.841011,2.15957
18-Jan-2025 14:38:35.100,-1.278504,8.348581,2.315193
18-Jan-2025 14:38:35.115,-1.465251,8.868123,1.532289
18-Jan-2025 14:38:35.131,-1.510741,9.344569,0.775721
18-Jan-2025 14:38:35.148,-1.479617,9.976639,0.758962
18-Jan-2025 14:38:35.164,-1.42455,10.474632,1.106121
18-Jan-2025 14:38:35.180,-0.826,10.819398,1.23062
18-Jan-2025 14:38:35.196,-0.785298,10.718841,0.981623
18-Jan-2025 14:38:35.212,-0.955287,10.639832,0.718261
18-Jan-2025 14:38:35.228,-1.096544,10.544065,0.682347
18-Jan-2025 14:38:35.244,-0.995988,10.472239,0.47884
18-Jan-2025 14:38:35.260,-1.149217,10.455479,0.409408
18-Jan-2025 14:38:35.276,-1.122881,10.505757,0.433351
18-Jan-2025 14:38:35.292,-1.256956,10.268731,0.328006
18-Jan-2025 14:38:35.308,-1.647211,9.928755,0.143652
18-Jan-2025 14:38:35.324,-1.999158,9.591172,0.299275
18-Jan-2025 14:38:35.341,-2.334347,9.267955,0.675165
18-Jan-2025 14:38:35.357,-2.454057,9.023746,0.916979
18-Jan-2025 14:38:35.373,-2.456451,9.045294,1.04866
18-Jan-2025 14:38:35.389,-2.224213,9.248801,1.33357
18-Jan-2025 14:38:35.405,-1.917756,9.569624,1.194707
18-Jan-2025 14:38:35.421,-1.66397,9.923966,0.727837
18-Jan-2025 14:38:35.437,-1.465251,10.352529,0.339977
18-Jan-2025 14:38:35.453,-1.443704,10.817003,0.213084
18-Jan-2025 14:38:35.469,-1.570596,11.068395,0.131681
18-Jan-2025 14:38:35.485,-1.632846,10.898406,0.040701
18-Jan-2025 14:38:35.501,-1.462857,10.381259,0.023942
18-Jan-2025 14:38:35.517,-1.376666,9.799467,-0.02873
18-Jan-2025 14:38:35.533,-1.400608,9.270349,-0.301669
18-Jan-2025 14:38:35.550,-1.623269,9.028535,-0.296881
18-Jan-2025 14:38:35.566,-1.757344,8.932767,0.07422
18-Jan-2025 14:38:35.582,-1.695095,8.892065,0.079009
18-Jan-2025 14:38:35.598,-1.747767,8.882488,-0.294487
18-Jan-2025 14:38:35.614,-1.90339,8.937555,-0.095768
18-Jan-2025 14:38:35.630,-1.855506,9.090784,0.378284
18-Jan-2025 14:38:35.646,-1.766921,9.301474,0.430956
18-Jan-2025 14:38:35.662,-1.73819,9.490616,0.019154
18-Jan-2025 14:38:35.678,-1.776498,9.629479,-0.04549
18-Jan-2025 14:38:35.694,-1.596933,9.892841,0.356736
18-Jan-2025 14:38:35.710,-1.312023,10.189722,0.694318
18-Jan-2025 14:38:35.726,-1.206678,10.129868,0.512359
18-Jan-2025 14:38:35.742,-1.355118,10.065224,-0.004788
18-Jan-2025 14:38:35.758,-1.211466,9.844957,-0.196325
18-Jan-2025 14:38:35.775,-0.909797,9.665392,0.126893
18-Jan-2025 14:38:35.791,-1.039083,9.73243,0.995988
18-Jan-2025 14:38:35.807,-1.704672,10.247183,1.309628
18-Jan-2025 14:38:35.823,-2.861071,11.295844,0.486023
18-Jan-2025 14:38:35.839,-2.942474,11.889606,-0.814029
18-Jan-2025 14:38:35.855,-0.936133,11.513716,-0.703895
18-Jan-2025 14:38:35.871,-0.112527,11.161768,0.457293
18-Jan-2025 14:38:35.887,0.248997,10.429143,1.122881
18-Jan-2025 14:38:35.903,0.45011,9.382876,0.97444
18-Jan-2025 14:38:35.919,0.749385,8.482656,0.766145
18-Jan-2025 14:38:35.935,1.225831,7.759608,0.919373
18-Jan-2025 14:38:35.951,1.015141,7.642292,1.091756
18-Jan-2025 14:38:35.967,0.667982,8.212111,1.367089
18-Jan-2025 14:38:35.983,0.682347,9.217676,1.472434
18-Jan-2025 14:38:35.999,0.804452,10.465055,0.921768
18-Jan-2025 14:38:36.015,0.90022,11.525687,-0.347159
18-Jan-2025 14:38:36.031,1.525106,12.272678,-0.976834
18-Jan-2025 14:38:36.048,2.027889,12.607866,-0.526724
18-Jan-2025 14:38:36.063,1.884237,12.636597,0.25618
18-Jan-2025 14:38:36.080,1.331176,12.150574,0.347159
18-Jan-2025 14:38:36.096,1.120486,11.35091,-0.213084
18-Jan-2025 14:38:36.112,1.161188,10.263943,-0.701501
18-Jan-2025 14:38:36.128,1.331176,9.299079,-0.921768
18-Jan-2025 14:38:36.144,1.244985,8.523358,-0.756568
18-Jan-2025 14:38:36.160,1.163582,7.900866,-0.483629
18-Jan-2025 14:38:36.176,1.165976,7.580042,-0.220267
18-Jan-2025 14:38:36.192,1.520318,7.240066,-0.471658
18-Jan-2025 14:38:36.208,1.489193,7.376535,-0.588974
18-Jan-2025 14:38:36.224,1.462857,7.850587,-0.232238
18-Jan-2025 14:38:36.240,1.448492,8.549694,-0.31364
18-Jan-2025 14:38:36.257,1.084573,9.229648,-0.486023
18-Jan-2025 14:38:36.273,0.857124,9.911995,-0.555455
18-Jan-2025 14:38:36.288,0.840365,10.278308,-0.344765
18-Jan-2025 14:38:36.305,1.271321,10.503363,-0.208296
18-Jan-2025 14:38:36.321,2.109292,10.828975,-0.337582
18-Jan-2025 14:38:36.337,2.355895,10.900801,-0.940921
18-Jan-2025 14:38:36.353,2.255338,10.747571,-1.501164
18-Jan-2025 14:38:36.369,1.405396,10.240001,-1.386243
18-Jan-2025 14:38:36.385,1.539472,9.890448,-0.890643
18-Jan-2025 14:38:36.401,1.774103,9.500193,-0.924162
18-Jan-2025 14:38:36.417,1.192312,9.275137,-0.713472
18-Jan-2025 14:38:36.433,0.632069,9.414001,-0.368707
18-Jan-2025 14:38:36.449,0.581791,9.684546,-0.220267
18-Jan-2025 14:38:36.465,0.670376,9.703699,-0.37589
18-Jan-2025 14:38:36.481,0.40462,9.746795,-1.027112
18-Jan-2025 14:38:36.497,0.447716,10.029311,-1.173159
18-Jan-2025 14:38:36.514,0.31364,10.43872,-0.766145
18-Jan-2025 14:38:36.529,0.241814,10.862494,-0.603339
18-Jan-2025 14:38:36.546,0.363919,11.556811,-0.792481
18-Jan-2025 14:38:36.562,0.936133,12.301409,-0.984017
18-Jan-2025 14:38:36.578,1.314417,12.749125,-0.699107
18-Jan-2025 14:38:36.594,1.273715,13.232753,-0.380678
18-Jan-2025 14:38:36.610,0.711078,13.038822,-0.265756
18-Jan-2025 14:38:36.626,0.237026,12.658144,-0.407014
18-Jan-2025 14:38:36.642,0.445322,11.954249,0.466869
18-Jan-2025 14:38:36.658,-0.308852,11.633426,1.632846
18-Jan-2025 14:38:36.674,-1.041478,11.295844,1.958457
18-Jan-2025 14:38:36.690,-0.905008,10.553641,1.807622
18-Jan-2025 14:38:36.706,-0.612916,9.485827,1.211466
18-Jan-2025 14:38:36.722,-0.366313,8.420407,1.04866
18-Jan-2025 14:38:36.738,-0.019154,7.37893,1.601721
18-Jan-2025 14:38:36.755,-0.227449,6.505046,2.094927
18-Jan-2025 14:38:36.771,-1.091756,6.160281,1.489193
18-Jan-2025 14:38:36.787,-1.716643,6.828263,0.727837
18-Jan-2025 14:38:36.803,-1.75495,8.008605,0.588974
18-Jan-2025 14:38:36.819,-1.436521,9.366117,0.509965
18-Jan-2025 14:38:36.835,-0.909797,10.606314,0.337582
18-Jan-2025 14:38:36.851,-0.663194,11.159374,0.344765
18-Jan-2025 14:38:36.867,-0.110133,11.235989,0.143652
18-Jan-2025 14:38:36.883,0.938527,11.125855,-0.083797
18-Jan-2025 14:38:36.899,0.54109,10.376471,0.021548
18-Jan-2025 14:38:36.915,-0.581791,9.519346,0.02873
18-Jan-2025 14:38:36.931,-0.993594,8.815451,-0.064643
18-Jan-2025 14:38:36.947,-0.993594,8.346188,-0.134075
18-Jan-2025 14:38:36.963,-0.962469,8.305486,-0.253785
18-Jan-2025 14:38:36.979,-1.074997,8.657434,-0.447716
18-Jan-2025 14:38:36.996,-1.187524,8.899248,-0.639252
18-Jan-2025 14:38:37.012,-0.988805,9.136273,-0.545878
18-Jan-2025 14:38:37.028,-1.247379,9.679757,-0.550666
18-Jan-2025 14:38:37.044,-0.905008,9.837775,-0.627281
18-Jan-2025 14:38:37.060,-0.90022,9.720459,-0.746991
18-Jan-2025 14:38:37.076,-0.897826,9.617508,-0.802058
18-Jan-2025 14:38:37.092,-1.058237,9.471462,-0.943315
18-Jan-2025 14:38:37.108,-1.134852,9.409213,-1.077391
18-Jan-2025 14:38:37.124,-1.108515,9.378088,-0.955287
18-Jan-2025 14:38:37.140,-0.821211,9.267955,-0.68953
18-Jan-2025 14:38:37.156,-0.572214,9.222465,-0.818817
18-Jan-2025 14:38:37.172,-0.253785,9.476251,-0.653617
18-Jan-2025 14:38:37.188,-0.026336,9.945514,-1.00317
18-Jan-2025 14:38:37.204,-0.043096,10.405201,-1.474828
18-Jan-2025 14:38:37.221,0.100556,10.730812,-1.362301
18-Jan-2025 14:38:37.237,0.141258,10.919954,-1.000776
18-Jan-2025 14:38:37.253,0.033519,10.793061,-1.170765
18-Jan-2025 14:38:37.269,-0.007183,10.596737,-1.606509
18-Jan-2025 14:38:37.285,0.203507,10.429143,-1.704672
18-Jan-2025 14:38:37.301,0.708684,10.261548,-1.225831
18-Jan-2025 14:38:37.317,0.672771,10.55843,-0.988805
18-Jan-2025 14:38:37.333,1.070208,10.821792,-0.694318
18-Jan-2025 14:38:37.349,1.197101,11.209652,-0.112527
18-Jan-2025 14:38:37.365,1.278504,11.798626,-0.059855
18-Jan-2025 14:38:37.381,1.477222,11.932701,-0.457293
18-Jan-2025 14:38:37.397,2.183512,11.877635,-0.35913
18-Jan-2025 14:38:37.413,2.070984,11.006145,0.588974
18-Jan-2025 14:38:37.430,1.393425,10.151415,1.352724
18-Jan-2025 14:38:37.445,1.266533,9.148245,1.414973
18-Jan-2025 14:38:37.462,1.197101,8.090008,0.543484
18-Jan-2025 14:38:37.478,1.362301,7.252037,0.320823
18-Jan-2025 14:38:37.494,1.448492,6.823475,0.45011
18-Jan-2025 14:38:37.510,1.570596,6.727707,0.567426
18-Jan-2025 14:38:37.526,2.331953,7.347805,0.45011
18-Jan-2025 14:38:37.542,1.592144,9.279925,-0.117316
18-Jan-2025 14:38:37.558,0.816423,11.097125,-0.881066
18-Jan-2025 14:38:37.574,-0.011971,11.978191,-1.103727
18-Jan-2025 14:38:37.590,0.344765,11.791444,-0.148441
18-Jan-2025 14:38:37.606,0.926556,11.609484,0.588974
18-Jan-2025 14:38:37.622,1.762132,11.451467,0.217872
18-Jan-2025 14:38:37.638,1.625663,10.244789,-0.577003
18-Jan-2025 14:38:37.655,1.345541,9.344569,-0.981623
18-Jan-2025 14:38:37.671,1.051055,8.753201,-0.991199
18-Jan-2025 14:38:37.687,0.739808,8.236053,-0.814029
18-Jan-2025 14:38:37.703,0.52433,8.02297,-0.715866
18-Jan-2025 14:38:37.719,0.23942,8.137892,-0.656011
18-Jan-2025 14:38:37.735,0.464475,8.578424,-0.751779
18-Jan-2025 14:38:37.751,0.730232,9.107543,-0.876278
18-Jan-2025 14:38:37.767,0.833182,9.531317,-0.85473
18-Jan-2025 14:38:37.783,0.830788,9.713276,-0.701501
18-Jan-2025 14:38:37.799,0.797269,9.737218,-0.778116
18-Jan-2025 14:38:37.815,0.682347,9.739613,-1.082179
18-Jan-2025 14:38:37.831,0.632069,9.636662,-1.158794
18-Jan-2025 14:38:37.847,0.691924,9.605537,-1.036689
18-Jan-2025 14:38:37.863,0.873884,9.581595,-0.940921
18-Jan-2025 14:38:37.879,0.914585,9.751583,-1.060631
18-Jan-2025 14:38:37.896,0.799663,10.120291,-1.144428
18-Jan-2025 14:38:37.912,0.687136,10.599131,-1.101333
18-Jan-2025 14:38:37.927,0.725443,11.135432,-1.101333
18-Jan-2025 14:38:37.943,0.940921,11.580753,-1.285686
18-Jan-2025 14:38:37.960,1.077391,11.757924,-1.484405
18-Jan-2025 14:38:37.976,1.125275,11.722012,-1.343147
18-Jan-2025 14:38:37.992,1.051055,11.580753,-1.027112
18-Jan-2025 14:38:38.008,0.715866,11.841722,-0.399832
18-Jan-2025 14:38:38.024,0.526724,12.10269,-0.169988
18-Jan-2025 14:38:38.040,0.356736,11.939884,-1.13964
18-Jan-2025 14:38:38.056,0.062249,11.808203,-1.18513
18-Jan-2025 14:38:38.072,-0.383072,11.44189,-0.122104
18-Jan-2025 14:38:38.088,-0.328006,10.711658,1.134852
18-Jan-2025 14:38:38.104,-0.114922,10.04607,1.575385
18-Jan-2025 14:38:38.120,-0.112527,9.40203,0.869095
18-Jan-2025 14:38:38.136,-0.409408,8.76996,0.100556
18-Jan-2025 14:38:38.153,-0.323217,8.50181,0.399832
18-Jan-2025 14:38:38.168,-0.770933,7.793127,1.386243
18-Jan-2025 14:38:38.185,-1.314417,7.359776,2.197877
18-Jan-2025 14:38:38.201,-1.687912,6.991069,2.145205
18-Jan-2025 14:38:38.217,-1.517924,7.508216,0.866701
18-Jan-2025 14:38:38.233,-0.950498,8.746018,-0.354342
18-Jan-2025 14:38:38.249,-0.921768,10.146626,-0.083797
18-Jan-2025 14:38:38.265,-0.871489,11.18571,0.529119
18-Jan-2025 14:38:38.281,-0.672771,11.736377,0.543484
18-Jan-2025 14:38:38.297,0.222661,11.918336,-0.148441
18-Jan-2025 14:38:38.313,0.225055,11.329363,-0.766145
18-Jan-2025 14:38:38.329,-0.483629,10.208876,-0.579397
18-Jan-2025 14:38:38.345,-0.663194,9.131485,-0.289698
18-Jan-2025 14:38:38.361,-0.521936,8.341399,-0.150835
18-Jan-2025 14:38:38.377,-0.612916,7.845799,-0.325611
18-Jan-2025 14:38:38.393,-0.775721,7.879318,-0.323217
18-Jan-2025 14:38:38.410,-0.624887,8.374918,-0.354342
18-Jan-2025 14:38:38.426,-0.490811,8.951921,-0.519542
18-Jan-2025 14:38:38.442,-0.272939,9.442732,-0.531513
18-Jan-2025 14:38:38.458,-0.277727,9.725247,-0.653617
18-Jan-2025 14:38:38.474,-0.342371,9.900024,-0.699107
18-Jan-2025 14:38:38.490,-0.414197,10.072407,-0.754174
18-Jan-2025 14:38:38.506,-0.332794,9.959879,-0.687136
18-Jan-2025 14:38:38.522,-0.146046,9.543288,-0.682347
18-Jan-2025 14:38:38.538,-0.301669,9.409213,-0.639252
18-Jan-2025 14:38:38.554,-1.359907,9.548077,-1.108515
18-Jan-2025 14:38:38.570,-0.402226,9.385271,-1.781286
18-Jan-2025 14:38:38.586,-0.169988,9.378088,0.131681
18-Jan-2025 14:38:38.602,-0.126893,9.588778,-0.562637
18-Jan-2025 14:38:38.618,-0.342371,9.504981,-1.197101
18-Jan-2025 14:38:38.634,0.117316,9.904813,-0.857124
18-Jan-2025 14:38:38.651,0.203507,11.03727,-0.684742
18-Jan-2025 14:38:38.667,-0.222661,10.850522,-1.218649
18-Jan-2025 14:38:38.683,-0.332794,10.400413,-0.962469
18-Jan-2025 14:38:38.699,-0.502782,10.206482,-0.80924
18-Jan-2025 14:38:38.715,-0.268151,10.484209,-1.017536
18-Jan-2025 14:38:38.731,0.160412,10.896012,-1.225831
18-Jan-2025 14:38:38.747,0.653617,11.346122,-1.180341
18-Jan-2025 14:38:38.763,0.940921,11.312603,-0.308852
18-Jan-2025 14:38:38.779,0.555455,11.801021,-0.723049
18-Jan-2025 14:38:38.795,0.354342,11.858481,-1.587356
18-Jan-2025 14:38:38.811,-0.143652,11.791444,-1.343147
18-Jan-2025 14:38:38.827,-0.112527,11.109096,-0.270545
18-Jan-2025 14:38:38.843,0.31364,9.957485,0.373495
18-Jan-2025 14:38:38.859,0.167594,8.889671,0.840365
18-Jan-2025 14:38:38.875,1.323994,8.595184,0.280122
18-Jan-2025 14:38:38.891,0.608127,7.972692,0.177171
18-Jan-2025 14:38:38.908,0.888249,7.232883,-0.234632
18-Jan-2025 14:38:38.924,1.017536,6.751649,0
18-Jan-2025 14:38:38.940,1.070208,7.359776,0.342371
18-Jan-2025 14:38:38.956,1.23062,8.746018,0.105345
18-Jan-2025 14:38:38.972,1.410185,10.036493,-0.378284
18-Jan-2025 14:38:38.988,1.462857,11.48738,-0.924162
18-Jan-2025 14:38:39.004,1.58975,12.248735,-1.189918
18-Jan-2025 14:38:39.020,0.938527,12.823344,-1.130063
18-Jan-2025 14:38:39.036,-0.057461,12.306197,-0.842759
18-Jan-2025 14:38:39.052,0.126893,10.922348,-0.90022
18-Jan-2025 14:38:39.068,0.198719,9.969456,-1.130063
18-Jan-2025 14:38:39.084,0.1652,9.25359,-1.572991
18-Jan-2025 14:38:39.100,0.186748,8.765172,-1.898602
18-Jan-2025 14:38:39.117,0.411803,8.37013,-1.728614
18-Jan-2025 14:38:39.133,0.6608,8.11395,-1.527501
18-Jan-2025 14:38:39.148,0.739808,8.080431,-1.558625
18-Jan-2025 14:38:39.165,0.679953,8.231265,-1.496376
18-Jan-2025 14:38:39.181,0.445322,8.47308,-1.721431
18-Jan-2025 14:38:39.197,0.232238,8.832211,-1.853112
18-Jan-2025 14:38:39.213,0.203507,9.299079,-1.781286
18-Jan-2025 14:38:39.229,0.203507,9.651027,-1.572991
18-Jan-2025 14:38:39.245,0.153229,9.768343,-1.558625
18-Jan-2025 14:38:39.261,0.160412,9.603143,-1.745373
18-Jan-2025 14:38:39.277,0.160412,9.440337,-1.75495
18-Jan-2025 14:38:39.293,0.19393,9.421184,-1.740585
18-Jan-2025 14:38:39.309,0.181959,9.504981,-1.860295
18-Jan-2025 14:38:39.325,0.19393,9.756371,-1.814805
18-Jan-2025 14:38:39.341,0.110133,9.964667,-1.843535
18-Jan-2025 14:38:39.358,-0.098162,10.172963,-1.908179
18-Jan-2025 14:38:39.373,-0.143652,10.405201,-2.090138
18-Jan-2025 14:38:39.390,-0.126893,10.737994,-2.152387
18-Jan-2025 14:38:39.406,-0.009577,11.020511,-2.157176
18-Jan-2025 14:38:39.422,0.167594,11.073183,-2.154782
18-Jan-2025 14:38:39.438,0.280122,10.864887,-2.408567
18-Jan-2025 14:38:39.454,0.347159,10.668563,-2.260126
18-Jan-2025 14:38:39.470,0.351948,10.632649,-1.946486
18-Jan-2025 14:38:39.486,0.272939,10.773908,-1.623269
18-Jan-2025 14:38:39.502,0.04549,10.898406,-1.211466
18-Jan-2025 14:38:39.518,-0.174777,11.03727,-0.806846
18-Jan-2025 14:38:39.534,-0.438139,11.168951,-1.467646
18-Jan-2025 14:38:39.549,-1.041478,11.087548,-1.75495
18-Jan-2025 14:38:39.566,-1.450886,10.788273,-1.115698
18-Jan-2025 14:38:39.583,-2.667141,10.788273,0.280122
18-Jan-2025 14:38:39.599,-2.300828,9.928755,1.000776
18-Jan-2025 14:38:39.614,-1.805228,9.107543,0.732626
18-Jan-2025 14:38:39.631,-1.539472,8.449138,0.323217
18-Jan-2025 14:38:39.647,-1.563414,7.876924,0.335188
18-Jan-2025 14:38:39.663,-1.647211,7.424419,0.61531
18-Jan-2025 14:38:39.679,-1.68073,7.752425,0.646434
18-Jan-2025 14:38:39.695,-1.496376,8.511387,0.3304
18-Jan-2025 14:38:39.711,-1.345541,9.52174,0.229843
18-Jan-2025 14:38:39.727,-1.496376,10.828975,0.416591
18-Jan-2025 14:38:39.743,-1.417367,11.664551,0.416591
18-Jan-2025 14:38:39.759,-0.603339,11.822568,-0.026336
18-Jan-2025 14:38:39.775,-0.174777,11.415554,-0.469264
18-Jan-2025 14:38:39.791,-0.629675,10.417171,-0.59855
18-Jan-2025 14:38:39.807,-0.667982,9.263166,-0.572214
18-Jan-2025 14:38:39.823,-0.617704,8.259995,-0.229843
18-Jan-2025 14:38:39.840,-0.608127,7.678205,0.095768
18-Jan-2025 14:38:39.856,-0.316035,7.520187,0.131681
18-Jan-2025 14:38:39.872,-0.519542,7.867347,-0.251391
18-Jan-2025 14:38:39.888,-0.639252,8.688558,-0.373495
18-Jan-2025 14:38:39.904,-0.715866,9.495404,0.002394
18-Jan-2025 14:38:39.920,-0.787692,10.280702,0.292093
18-Jan-2025 14:38:39.936,-1.156399,10.888829,0.047884
18-Jan-2025 14:38:39.952,-0.80924,11.025299,-0.416591
18-Jan-2025 14:38:39.968,-0.902614,10.754754,0.28491
18-Jan-2025 14:38:39.984,-0.639252,11.018116,0.758962
18-Jan-2025 14:38:40.000,-0.902614,10.527305,0.043096
18-Jan-2025 14:38:40.016,-0.816423,10.206482,-0.435745
18-Jan-2025 14:38:40.032,-0.711078,10.065224,-0.217872
18-Jan-2025 14:38:40.048,-0.488417,10.120291,-0.114922
18-Jan-2025 14:38:40.065,-0.316035,10.170568,-0.220267
18-Jan-2025 14:38:40.081,-0.529119,9.907207,-0.026336
18-Jan-2025 14:38:40.096,-0.593762,9.564836,-0.21069
18-Jan-2025 14:38:40.113,-0.423774,9.627085,0.237026
18-Jan-2025 14:38:40.129,-0.026336,10.304645,0.507571
18-Jan-2025 14:38:40.145,0.380678,10.536881,-0.292093
18-Jan-2025 14:38:40.161,0.418985,10.050858,-0.344765
18-Jan-2025 14:38:40.177,0.198719,9.588778,0.938527
18-Jan-2025 14:38:40.193,0.033519,9.150639,1.489193
18-Jan-2025 14:38:40.209,0.186748,8.631097,1.611298
18-Jan-2025 14:38:40.225,0.263362,8.288726,1.54426
18-Jan-2025 14:38:40.241,0.387861,8.39886,0.933739
18-Jan-2025 14:38:40.257,0.555455,9.054871,0.011971
18-Jan-2025 14:38:40.273,0.641646,9.876082,0.057461
18-Jan-2025 14:38:40.290,0.933739,10.702082,0.656011
18-Jan-2025 14:38:40.306,0.88346,11.437101,0.905008
18-Jan-2025 14:38:40.322,0.557849,12.014104,0.821211
18-Jan-2025 14:38:40.338,0.148441,12.184093,0.332794
18-Jan-2025 14:38:40.354,-0.07422,11.808203,-0.201113
18-Jan-2025 14:38:40.370,-0.208296,11.209652,-0.035913
18-Jan-2025 14:38:40.386,-0.143652,10.793061,0.596156
18-Jan-2025 14:38:40.402,0.117316,10.493786,0.785298
18-Jan-2025 14:38:40.418,0.466869,10.307038,0.306458
18-Jan-2025 14:38:40.434,0.742203,10.244789,-0.064643
18-Jan-2025 14:38:40.450,0.876278,10.15381,0
18-Jan-2025 14:38:40.466,0.881066,9.998186,0.203507
18-Jan-2025 14:38:40.482,0.821211,9.768343,0.433351
18-Jan-2025 14:38:40.498,0.778116,9.380483,0.533907
18-Jan-2025 14:38:40.515,0.790087,9.078813,0.708684
18-Jan-2025 14:38:40.530,0.591368,8.817844,0.45011
18-Jan-2025 14:38:40.546,0.407014,8.674192,0.52433
18-Jan-2025 14:38:40.563,0.3304,8.777143,0.572214
18-Jan-2025 14:38:40.579,-0.174777,8.276755,0.581791
18-Jan-2025 14:38:40.595,0.339977,9.751583,0.629675
18-Jan-2025 14:38:40.611,0.794875,9.665392,1.041478
18-Jan-2025 14:38:40.627,1.637634,9.92636,-0.227449
18-Jan-2025 14:38:40.643,1.412579,10.189722,-0.56982
18-Jan-2025 14:38:40.659,1.015141,10.218452,-0.237026
18-Jan-2025 14:38:40.675,0.519542,10.093954,0.258574
18-Jan-2025 14:38:40.691,0.799663,10.955867,-0.009577
18-Jan-2025 14:38:40.707,0.167594,11.848905,-0.708684
18-Jan-2025 14:38:40.723,-0.490811,11.690886,-0.948104
18-Jan-2025 14:38:40.740,-1.486799,11.034876,-0.641646
18-Jan-2025 14:38:40.755,-1.403002,10.362105,0.076614
18-Jan-2025 14:38:40.772,-1.637634,9.615114,1.505953
18-Jan-2025 14:38:40.788,-1.307234,9.509769,1.49877
18-Jan-2025 14:38:40.804,-0.653617,9.196129,0.636858
18-Jan-2025 14:38:40.820,-0.122104,8.63828,0.232238
18-Jan-2025 14:38:40.836,-1.247379,7.565677,0.055067
18-Jan-2025 14:38:40.852,-0.70629,9.081207,0.251391
18-Jan-2025 14:38:40.868,-0.699107,9.229648,0.6608
18-Jan-2025 14:38:40.884,-1.290475,9.279925,0.356736
18-Jan-2025 14:38:40.900,-1.759738,9.481039,0.014365
18-Jan-2025 14:38:40.916,-1.764527,9.900024,0.055067
18-Jan-2025 14:38:40.932,-1.774103,10.022128,0.122104
18-Jan-2025 14:38:40.948,-1.532289,9.900024,0.25618
18-Jan-2025 14:38:40.964,-1.879448,9.809045,0.445322
18-Jan-2025 14:38:40.980,-2.042254,9.787497,0.366313
18-Jan-2025 14:38:40.997,-1.92015,9.876082,0.088585
18-Jan-2025 14:38:41.013,-1.467646,10.079589,-0.270545
18-Jan-2025 14:38:41.029,-1.599327,10.30225,-0.442927
18-Jan-2025 14:38:41.045,-2.090138,10.352529,-0.4956
18-Jan-2025 14:38:41.061,-2.104503,10.235212,-0.533907
18-Jan-2025 14:38:41.077,-2.157176,10.568007,0.009577
18-Jan-2025 14:38:41.093,-1.999158,10.283096,0.459687
18-Jan-2025 14:38:41.109,-1.996764,9.89763,-0.486023
18-Jan-2025 14:38:41.125,-2.056619,9.504981,-0.584185
18-Jan-2025 14:38:41.141,-2.030283,8.231265,-0.995988
18-Jan-2025 14:38:41.157,-1.115698,9.153033,-0.234632
18-Jan-2025 14:38:41.173,-1.37906,9.423578,-0.122104
18-Jan-2025 14:38:41.189,-1.838747,9.792285,-0.438139
18-Jan-2025 14:38:41.205,-1.84593,9.083601,-1.132457
18-Jan-2025 14:38:41.222,-0.984017,9.19134,-0.306458
18-Jan-2025 14:38:41.237,-1.553837,9.864111,-0.150835
18-Jan-2025 14:38:41.254,-1.601721,9.854534,-0.474052
18-Jan-2025 14:38:41.270,-1.489193,9.797073,-0.816423
18-Jan-2025 14:38:41.286,-0.835576,9.56723,-0.785298
18-Jan-2025 14:38:41.302,-1.108515,9.619903,-0.979228
18-Jan-2025 14:38:41.318,-1.486799,10.055647,-0.984017
18-Jan-2025 14:38:41.334,-1.161188,10.345345,-0.773327
18-Jan-2025 14:38:41.350,-0.821211,10.828975,-0.773327
18-Jan-2025 14:38:41.366,-0.397437,10.91756,-1.546654
18-Jan-2025 14:38:41.382,-0.428562,10.670957,-1.529895
18-Jan-2025 14:38:41.398,-0.787692,10.66138,-1.13964
18-Jan-2025 14:38:41.414,-1.151611,10.603919,-1.017536
18-Jan-2025 14:38:41.431,-0.962469,10.596737,-1.086968
18-Jan-2025 14:38:41.447,-0.754174,10.443508,-1.015141
18-Jan-2025 14:38:41.463,-0.526724,9.873688,-1.127669
18-Jan-2025 14:38:41.478,-0.229843,9.260772,-1.628057
18-Jan-2025 14:38:41.495,0.25618,8.803479,-1.867477
18-Jan-2025 14:38:41.511,0.691924,8.544906,-0.591368
18-Jan-2025 14:38:41.527,-0.021548,8.74123,2.276886
18-Jan-2025 14:38:41.543,1.240196,8.295909,1.096544
18-Jan-2025 14:38:41.559,1.400608,8.774749,-1.570596
18-Jan-2025 14:38:41.575,1.247379,9.622296,-2.39899
18-Jan-2025 14:38:41.591,1.572991,9.830592,-0.912191
18-Jan-2025 14:38:41.607,1.877054,10.170568,-0.007183
18-Jan-2025 14:38:41.623,2.078167,10.601525,-0.232238
18-Jan-2025 14:38:41.639,2.006341,11.432313,-0.392649
18-Jan-2025 14:38:41.655,1.807622,11.303026,-1.78368
18-Jan-2025 14:38:41.671,1.364695,11.049241,-1.661576
18-Jan-2025 14:38:41.688,0.936133,10.702082,-1.182736
18-Jan-2025 14:38:41.703,0.876278,10.433931,-1.309628
18-Jan-2025 14:38:41.720,1.151611,9.981427,-1.221043
18-Jan-2025 14:38:41.736,1.053449,9.380483,-1.165976
18-Jan-2025 14:38:41.752,1.060631,8.892065,-1.165976
18-Jan-2025 14:38:41.768,1.297657,8.487445,-1.331176
18-Jan-2025 14:38:41.784,1.383849,8.458714,-1.412579
18-Jan-2025 14:38:41.800,1.924938,8.441956,-1.280898
18-Jan-2025 14:38:41.816,2.001553,8.492233,-1.25935
18-Jan-2025 14:38:41.832,1.855506,8.738836,-1.429338
18-Jan-2025 14:38:41.848,1.556231,8.779537,-1.436521
18-Jan-2025 14:38:41.864,1.300052,9.050082,-1.297657
18-Jan-2025 14:38:41.880,1.182736,9.425972,-1.908179
18-Jan-2025 14:38:41.897,1.484405,9.600749,-1.939303
18-Jan-2025 14:38:41.913,1.855506,9.473856,-2.815581
18-Jan-2025 14:38:41.929,-0.296881,10.730812,-1.376666
18-Jan-2025 14:38:41.945,0.672771,9.753978,-1.347936
18-Jan-2025 14:38:41.961,0.775721,9.332599,-0.155623
18-Jan-2025 14:38:41.977,0.54109,9.210494,-1.893813
18-Jan-2025 14:38:41.993,0.869095,9.696517,-1.889025
18-Jan-2025 14:38:42.009,1.539472,10.125079,-1.206678
18-Jan-2025 14:38:42.025,2.027889,10.709264,-1.640028
18-Jan-2025 14:38:42.041,2.054225,11.7268,-2.109292
18-Jan-2025 14:38:42.057,2.003947,11.796232,-2.954445
18-Jan-2025 14:38:42.073,1.501164,11.508927,-2.698265
18-Jan-2025 14:38:42.089,1.687912,13.457808,0.09098
18-Jan-2025 14:38:42.105,1.134852,13.311762,-1.647211
18-Jan-2025 14:38:42.121,0.131681,13.587094,-2.779668
18-Jan-2025 14:38:42.138,-0.430956,12.897565,-2.138022
18-Jan-2025 14:38:42.154,-0.73502,11.640609,-0.110133
18-Jan-2025 14:38:42.170,-0.840365,10.093954,0.790087
18-Jan-2025 14:38:42.186,-0.538695,9.387665,1.127669
18-Jan-2025 14:38:42.202,-0.272939,8.121132,0.471658
18-Jan-2025 14:38:42.217,-0.014365,7.513005,0.871489
18-Jan-2025 14:38:42.234,-0.531513,6.586449,0.699107
18-Jan-2025 14:38:42.250,-1.321599,6.469133,0.699107
18-Jan-2025 14:38:42.266,-2.116474,6.46195,0.591368
18-Jan-2025 14:38:42.282,-2.128445,6.88333,0.828394
18-Jan-2025 14:38:42.298,-0.3304,8.480263,-0.057461
18-Jan-2025 14:38:42.314,1.575385,10.364499,-0.454898
18-Jan-2025 14:38:42.330,2.437297,11.947066,-0.363919
18-Jan-2025 14:38:42.346,2.913743,12.306197,-0.447716
18-Jan-2025 14:38:42.363,1.345541,11.437101,-0.517148
18-Jan-2025 14:38:42.379,1.091756,10.012551,-0.395043
18-Jan-2025 14:38:42.395,0.459687,8.836999,-0.799663
18-Jan-2025 14:38:42.411,0.323217,8.020576,-1.347936
18-Jan-2025 14:38:42.427,0.749385,8.379706,-0.665588
18-Jan-2025 14:38:42.443,1.438915,7.850587,0.414197
18-Jan-2025 14:38:42.459,1.134852,7.769185,0.818817
18-Jan-2025 14:38:42.475,0.316035,7.721301,-0.150835
18-Jan-2025 14:38:42.491,0.452504,8.094796,-2.286463
18-Jan-2025 14:38:42.507,0.426168,8.963891,-4.357447
18-Jan-2025 14:38:42.523,0.744597,8.868123,-5.17387
18-Jan-2025 14:38:42.539,2.015918,7.965509,-4.76925
18-Jan-2025 14:38:42.555,3.711013,7.165846,-5.025429
18-Jan-2025 14:38:42.571,3.881001,8.403648,-3.124433
18-Jan-2025 14:38:42.587,3.236961,8.133103,-1.436521
18-Jan-2025 14:38:42.604,3.323152,8.008605,-1.762132
18-Jan-2025 14:38:42.619,3.785233,8.74123,-2.583344
18-Jan-2025 14:38:42.636,3.756502,8.532935,-2.832341
18-Jan-2025 14:38:42.652,3.318364,6.200983,-2.839523
18-Jan-2025 14:38:42.668,3.08852,5.006276,-2.224213
18-Jan-2025 14:38:42.684,2.525883,3.986346,-0.225055
18-Jan-2025 14:38:42.700,0.52433,2.777274,-0.138864
18-Jan-2025 14:38:42.716,0.818817,2.899378,1.149217
18-Jan-2025 14:38:42.732,0.514753,2.422932,2.679112
18-Jan-2025 14:38:42.748,-0.205901,0.92895,4.232949
18-Jan-2025 14:38:42.764,0.356736,0.098162,4.510676
18-Jan-2025 14:38:42.780,2.219425,0.067038,5.588067
18-Jan-2025 14:38:42.796,3.737349,-0.629675,6.916849
18-Jan-2025 14:38:42.812,3.861847,-1.460463,7.386112
18-Jan-2025 14:38:42.828,4.46758,0.071826,6.093243
18-Jan-2025 14:38:42.845,3.641581,0.799663,3.600879
18-Jan-2025 14:38:42.860,1.525106,-0.332794,-0.68953
18-Jan-2025 14:38:42.877,-0.811634,0.548272,-5.626374
18-Jan-2025 14:38:42.893,-1.723825,-4.072537,-13.359646
18-Jan-2025 14:38:42.909,-3.655946,-5.791574,-20.266918
18-Jan-2025 14:38:42.925,-4.297592,-7.920019,-32.386368
18-Jan-2025 14:38:42.941,-6.607996,-9.586384,-34.380737
18-Jan-2025 14:38:42.957,2.806004,-17.123331,-21.933281
18-Jan-2025 14:38:42.973,10.103531,-22.522255,-4.189853
18-Jan-2025 14:38:42.989,11.245565,-25.28277,8.669404
18-Jan-2025 14:38:43.005,18.092981,-28.58198,19.148825
18-Jan-2025 14:38:43.021,19.59654,-32.561142,18.928558
18-Jan-2025 14:38:43.037,18.53591,-38.096539,13.836092
18-Jan-2025 14:38:43.053,31.900343,-46.344563,17.113754
18-Jan-2025 14:38:43.069,42.91367,-42.784386,27.504589
18-Jan-2025 14:38:43.086,52.986076,-31.49333,25.373749
18-Jan-2025 14:38:43.102,71.028778,-10.627861,17.017986
18-Jan-2025 14:38:43.118,78.441231,5.334281,21.049822
18-Jan-2025 14:38:43.134,50.187256,-3.521871,19.04348
18-Jan-2025 14:38:43.150,24.885332,-16.804901,17.496826
18-Jan-2025 14:38:43.166,10.350134,-22.972364,13.764266
18-Jan-2025 14:38:43.182,4.692636,-21.36825,10.496181
18-Jan-2025 14:38:43.198,5.470751,-19.005173,9.842564
18-Jan-2025 14:38:43.214,7.161057,-16.900669,8.315063
18-Jan-2025 14:38:43.230,7.805098,-14.669273,6.138733
18-Jan-2025 14:38:43.246,8.188169,-12.059594,2.779668
18-Jan-2025 14:38:43.262,7.687782,-9.809045,0.337582
18-Jan-2025 14:38:43.278,5.456386,-7.393295,-1.991976
18-Jan-2025 14:38:43.294,2.932897,-5.17387,-2.525883
18-Jan-2025 14:38:43.311,3.713407,-4.230555,-1.84593
18-Jan-2025 14:38:43.326,7.199365,-3.77805,-0.217872
18-Jan-2025 14:38:43.343,7.524976,-2.738967,1.199495
18-Jan-2025 14:38:43.359,5.12838,-1.398214,1.388637
18-Jan-2025 14:38:43.375,3.55539,-1.671153,1.446098
18-Jan-2025 14:38:43.391,3.193865,-2.851494,2.798822
18-Jan-2025 14:38:43.407,4.663905,-4.55856,4.920084
18-Jan-2025 14:38:43.423,6.569689,-6.01184,7.036559
18-Jan-2025 14:38:43.439,11.860875,-6.80911,8.226477
18-Jan-2025 14:38:43.455,18.662802,-7.314286,8.080431
18-Jan-2025 14:38:43.471,17.077841,-5.288792,3.596091
18-Jan-2025 14:38:43.487,17.566257,-5.195418,0.885855
18-Jan-2025 14:38:43.503,19.754559,-6.110003,-0.845153
18-Jan-2025 14:38:43.519,23.101652,-5.695806,-0.797269
18-Jan-2025 14:38:43.535,25.177425,-4.280833,0.3304
18-Jan-2025 14:38:43.551,26.520573,-3.466804,1.314417
18-Jan-2025 14:38:43.568,25.345018,-3.078943,1.625663
18-Jan-2025 14:38:43.584,21.243752,-4.367024,0.873884
18-Jan-2025 14:38:43.600,14.401123,-4.776433,0.732626
18-Jan-2025 14:38:43.616,11.204864,-6.272809,0.878672
18-Jan-2025 14:38:43.632,8.339005,-6.095637,1.520318
18-Jan-2025 14:38:43.648,7.78355,-5.913678,1.99437
18-Jan-2025 14:38:43.664,8.506598,-5.590461,3.713407
18-Jan-2025 14:38:43.680,9.533711,-5.33907,4.58729
18-Jan-2025 14:38:43.696,9.689334,-5.403713,4.266468
18-Jan-2025 14:38:43.712,11.178528,-6.105214,4.659117
18-Jan-2025 14:38:43.728,13.591883,-7.390901,6.64391
18-Jan-2025 14:38:43.744,12.164939,-7.608773,4.388572
18-Jan-2025 14:38:43.760,7.158663,-5.511452,1.508347
18-Jan-2025 14:38:43.777,4.388572,-4.592079,-0.567426
18-Jan-2025 14:38:43.792,4.168305,-2.801216,-1.640028
18-Jan-2025 14:38:43.808,4.967968,-1.496376,-1.204283
18-Jan-2025 14:38:43.825,7.426814,-1.584962,0.718261
18-Jan-2025 14:38:43.841,9.160215,-2.003947,2.212242
18-Jan-2025 14:38:43.857,9.998186,-1.762132,3.881001
18-Jan-2025 14:38:43.873,10.812215,-1.857901,5.425261
18-Jan-2025 14:38:43.889,10.639832,-2.082955,6.081272
18-Jan-2025 14:38:43.905,8.872911,-1.917756,5.963956
18-Jan-2025 14:38:43.921,7.929596,-1.922544,5.030218
18-Jan-2025 14:38:43.937,7.558495,-1.788469,4.149151
18-Jan-2025 14:38:43.953,6.806715,-1.728614,3.430891
18-Jan-2025 14:38:43.969,5.770026,-1.362301,2.796427
18-Jan-2025 14:38:43.985,4.958392,-0.950498,2.286463
18-Jan-2025 14:38:44.001,4.623203,-0.94571,2.0231
18-Jan-2025 14:38:44.018,4.331111,-1.165976,1.984793
18-Jan-2025 14:38:44.034,3.849876,-1.369483,1.991976
18-Jan-2025 14:38:44.050,3.505111,-1.769315,1.855506
18-Jan-2025 14:38:44.066,2.999935,-2.331953,1.699883
18-Jan-2025 14:38:44.082,2.066196,-2.777274,1.778892
18-Jan-2025 14:38:44.098,0.691924,-3.083732,2.248155
18-Jan-2025 14:38:44.114,-0.651223,-3.241749,2.449268
18-Jan-2025 14:38:44.130,-1.194707,-3.090914,2.944868
18-Jan-2025 14:38:44.146,-3.205836,-3.287239,2.837129
18-Jan-2025 14:38:44.162,-4.010288,-3.028665,3.258508
18-Jan-2025 14:38:44.178,-5.284003,-2.839523,3.957615
18-Jan-2025 14:38:44.194,-6.469133,-2.920926,4.280833
18-Jan-2025 14:38:44.210,-6.88333,-3.25372,3.600879
18-Jan-2025 14:38:44.226,-6.457162,-3.871424,1.960851
18-Jan-2025 14:38:44.242,-4.321534,-5.796362,-0.670376
18-Jan-2025 14:38:44.259,-4.328717,-9.299079,-1.587356
18-Jan-2025 14:38:44.275,-8.269572,-13.247118,-3.488352
18-Jan-2025 14:38:44.291,-18.0858,-14.956578,-6.004658
18-Jan-2025 14:38:44.307,-31.538818,-19.074604,-13.515268
18-Jan-2025 14:38:44.323,-31.009701,-23.46557,-18.768147
18-Jan-2025 14:38:44.339,-1.644817,-42.061337,-5.947197
18-Jan-2025 14:38:44.355,35.807682,-57.104103,10.761936
18-Jan-2025 14:38:44.371,61.909267,-57.010731,29.175741
18-Jan-2025 14:38:44.387,71.486076,-50.07473,37.165192
18-Jan-2025 14:38:44.403,65.12468,-24.076092,19.156008
18-Jan-2025 14:38:44.419,59.330711,-14.578294,3.667917
18-Jan-2025 14:38:44.435,32.091881,29.355307,-14.954184
18-Jan-2025 14:38:44.452,39.264908,-1.280898,-12.042834
18-Jan-2025 14:38:44.468,26.78154,-21.744141,5.645528
18-Jan-2025 14:38:44.484,4.671088,-13.017275,9.811439
18-Jan-2025 14:38:44.500,-1.714248,-10.412383,8.145074
18-Jan-2025 14:38:44.516,5.38456,-9.734824,9.631873
18-Jan-2025 14:38:44.532,7.836222,-6.679823,9.404425
18-Jan-2025 14:38:44.548,7.177817,-4.29041,7.038953
18-Jan-2025 14:38:44.564,6.725313,-2.15957,6.34224
18-Jan-2025 14:38:44.580,6.208165,-1.66397,5.78918
18-Jan-2025 14:38:44.596,5.62398,-0.794875,5.406107
18-Jan-2025 14:38:44.612,4.99191,-0.067038,6.344635
18-Jan-2025 14:38:44.628,5.676652,1.067814,6.663064
18-Jan-2025 14:38:44.644,7.934384,1.525106,5.195418
18-Jan-2025 14:38:44.661,9.725247,1.771709,2.966416
18-Jan-2025 14:38:44.677,10.400413,1.563414,1.429338
18-Jan-2025 14:38:44.693,9.469068,1.572991,0.730232
18-Jan-2025 14:38:44.709,8.264784,1.278504,0.521936
18-Jan-2025 14:38:44.725,7.182605,0.936133,0.823605
18-Jan-2025 14:38:44.741,5.966351,0.593762,1.300052
18-Jan-2025 14:38:44.757,5.188235,0.079009,1.766921
18-Jan-2025 14:38:44.773,5.635951,-0.318429,2.317587
18-Jan-2025 14:38:44.789,6.447585,-0.526724,3.921702
18-Jan-2025 14:38:44.805,6.816292,-0.656011,6.050148
18-Jan-2025 14:38:44.821,8.133103,-1.084573,7.264008
18-Jan-2025 14:38:44.837,10.199299,-0.423774,7.170634
18-Jan-2025 14:38:44.853,12.140997,0.483629,7.371747
18-Jan-2025 14:38:44.869,15.069105,0.842759,7.884106
18-Jan-2025 14:38:44.885,16.144102,0.873884,7.795521
18-Jan-2025 14:38:44.902,17.97806,0.509965,8.461109
18-Jan-2025 14:38:44.918,19.661184,-3.256114,9.366117
18-Jan-2025 14:38:44.934,21.169531,-4.525041,11.154586
18-Jan-2025 14:38:44.950,23.365015,-4.738125,11.899182
18-Jan-2025 14:38:44.966,26.024973,-5.030218,11.140221
18-Jan-2025 14:38:44.982,20.915747,-3.529053,9.880871
18-Jan-2025 14:38:44.998,16.728287,-4.103662,8.482656
18-Jan-2025 14:38:45.014,12.538434,-5.279215,7.079654
18-Jan-2025 14:38:45.030,8.300697,-5.679047,5.71496
18-Jan-2025 14:38:45.046,4.407725,-5.063736,4.874595
18-Jan-2025 14:38:45.062,2.339135,-4.180276,4.738125
18-Jan-2025 14:38:45.078,1.716643,-3.641581,4.716578
18-Jan-2025 14:38:45.095,2.044648,-3.665523,4.472369
18-Jan-2025 14:38:45.111,1.929727,-3.512294,3.983952
18-Jan-2025 14:38:45.127,1.312023,-3.404555,3.552995
18-Jan-2025 14:38:45.143,0.687136,-3.55539,2.956839
18-Jan-2025 14:38:45.159,0.009577,-3.727772,2.506729
18-Jan-2025 14:38:45.175,-0.469264,-3.65834,2.003947
18-Jan-2025 14:38:45.191,-0.426168,-4.149151,1.467646
18-Jan-2025 14:38:45.207,-0.641646,-4.733337,1.036689
18-Jan-2025 14:38:45.223,-1.034295,-5.317522,0.392649
18-Jan-2025 14:38:45.239,-2.164358,-6.002264,-0.335188
18-Jan-2025 14:38:45.255,-3.126827,-5.499481,-1.127669
18-Jan-2025 14:38:45.271,-4.479551,-5.98311,-2.097321
18-Jan-2025 14:38:45.287,-6.325481,-7.520187,-3.272874
18-Jan-2025 14:38:45.303,-7.606379,-9.315839,-5.621585
18-Jan-2025 14:38:45.320,-7.735666,-12.636597,-7.149086
18-Jan-2025 14:38:45.336,-9.212888,-17.441759,-12.717999
18-Jan-2025 14:38:45.352,-16.898275,-19.986795,-23.082499
18-Jan-2025 14:38:45.368,-28.220455,-22.471977,-34.512417
18-Jan-2025 14:38:45.384,-34.658463,-33.028011,-32.975342
18-Jan-2025 14:38:45.400,-30.028078,-49.263096,-18.23424
18-Jan-2025 14:38:45.416,-12.026075,-66.137428,-1.750161
18-Jan-2025 14:38:45.432,33.719936,-78.412498,19.926941
18-Jan-2025 14:38:45.448,77.287224,-78.443626,33.56192
18-Jan-2025 14:38:45.464,72.668808,-74.955269,22.625206
18-Jan-2025 14:38:45.480,73.291306,-68.007301,30.851683
18-Jan-2025 14:38:45.496,55.456894,-28.35932,50.864815
18-Jan-2025 14:38:45.512,78.424469,-14.772224,76.571358
18-Jan-2025 14:38:45.528,77.907326,-1.414973,73.583397
18-Jan-2025 14:38:45.544,26.020184,-31.720778,50.302177
18-Jan-2025 14:38:45.560,3.186682,-36.008793,23.329102
18-Jan-2025 14:38:45.576,-2.695871,-27.483042,7.132327
18-Jan-2025 14:38:45.593,-3.198653,-17.848774,-1.462857
18-Jan-2025 14:38:45.609,-0.770933,-11.975797,-6.0286
18-Jan-2025 14:38:45.625,0.907402,-7.551312,-7.884106
18-Jan-2025 14:38:45.641,1.853112,-4.831499,-7.726089
18-Jan-2025 14:38:45.657,2.312799,-3.270479,-5.243302
18-Jan-2025 14:38:45.673,2.367866,-2.743755,-1.896208
18-Jan-2025 14:38:45.689,2.161964,-2.585738,1.405396
18-Jan-2025 14:38:45.705,1.735796,-1.695095,4.788404
18-Jan-2025 14:38:45.721,2.152387,-1.031901,7.304709
18-Jan-2025 14:38:45.737,1.836353,-1.043872,9.976639
18-Jan-2025 14:38:45.753,2.588132,0.876278,15.409082
18-Jan-2025 14:38:45.769,5.693412,0.25618,14.858416
18-Jan-2025 14:38:45.786,5.621585,-1.647211,12.198458
18-Jan-2025 14:38:45.802,2.106898,-3.028665,6.833052
18-Jan-2025 14:38:45.818,-0.033519,-2.671929,2.559402
18-Jan-2025 14:38:45.834,0.301669,-1.529895,1.015141
18-Jan-2025 14:38:45.850,0.158017,-1.25935,3.53863
18-Jan-2025 14:38:45.866,-2.987964,0.574608,13.929465
18-Jan-2025 14:38:45.882,-2.363077,-2.15957,12.241553
18-Jan-2025 14:38:45.898,-2.432509,-4.498705,15.55034
18-Jan-2025 14:38:45.914,-1.410185,-6.761226,19.165585
18-Jan-2025 14:38:45.930,-0.653617,-6.749255,19.694704
18-Jan-2025 14:38:45.946,-2.425326,-6.931214,16.551117
18-Jan-2025 14:38:45.962,-2.152387,-4.944026,13.36204
18-Jan-2025 14:38:45.978,-1.798046,-3.677494,11.820174
18-Jan-2025 14:38:45.994,-2.837129,-3.241749,11.791444
18-Jan-2025 14:38:46.010,-2.099715,-2.059013,8.391677
18-Jan-2025 14:38:46.027,-1.204283,-2.236184,5.149928
18-Jan-2025 14:38:46.043,-0.395043,0.148441,3.433285
18-Jan-2025 14:38:46.059,0.766145,2.741361,2.276886
18-Jan-2025 14:38:46.075,0.720655,3.512294,1.180341
18-Jan-2025 14:38:46.091,0.529119,3.854665,1.302446
18-Jan-2025 14:38:46.107,-0.112527,4.113238,2.202666
18-Jan-2025 14:38:46.123,-3.174711,5.619191,5.556942
18-Jan-2025 14:38:46.139,-8.118738,7.256825,10.158598
18-Jan-2025 14:38:46.155,-7.144298,4.99191,9.32781
18-Jan-2025 14:38:46.171,-3.758897,2.77488,9.267955
18-Jan-2025 14:38:46.187,-2.054225,1.668759,11.413159
18-Jan-2025 14:38:46.203,-2.209848,0.54109,11.006145
18-Jan-2025 14:38:46.219,-3.5099,1.364695,10.70687
18-Jan-2025 14:38:46.235,-5.216966,2.612074,10.58716
18-Jan-2025 14:38:46.251,-5.470751,2.892196,7.850587
18-Jan-2025 14:38:46.268,-5.324705,4.007894,8.918402
18-Jan-2025 14:38:46.284,-3.292027,3.818752,8.465898
18-Jan-2025 14:38:46.300,-2.425326,3.473987,7.132327
18-Jan-2025 14:38:46.316,-2.844312,3.335123,6.576872
18-Jan-2025 14:38:46.332,-3.016694,3.29921,7.058106
18-Jan-2025 14:38:46.348,-3.579332,3.634398,7.608773
18-Jan-2025 14:38:46.364,-4.187459,3.928885,7.651869
18-Jan-2025 14:38:46.380,-4.580108,4.762067,6.751649
18-Jan-2025 14:38:46.396,-3.806781,4.367024,5.406107
18-Jan-2025 14:38:46.412,-3.708618,3.945644,4.508282
18-Jan-2025 14:38:46.428,-4.343082,4.218584,4.817134
18-Jan-2025 14:38:46.444,-4.656722,4.378995,5.702989
18-Jan-2025 14:38:46.460,-4.771644,4.151546,7.082048
18-Jan-2025 14:38:46.476,-4.292804,4.103662,8.623915
18-Jan-2025 14:38:46.492,-3.093309,3.663129,8.777143
18-Jan-2025 14:38:46.509,-2.226608,2.449268,7.958326
18-Jan-2025 14:38:46.525,-1.881842,2.111686,6.320693
18-Jan-2025 14:38:46.541,-2.975993,2.485181,4.525041
18-Jan-2025 14:38:46.557,-3.744531,2.56419,2.789245
18-Jan-2025 14:38:46.573,-2.719813,2.908955,2.035071
18-Jan-2025 14:38:46.589,-1.580173,1.889025,1.06542
18-Jan-2025 14:38:46.605,-1.551443,1.264138,0.596156
18-Jan-2025 14:38:46.621,-1.999158,1.120486,0.464475
18-Jan-2025 14:38:46.637,-3.007117,1.80044,0.397437
18-Jan-2025 14:38:46.653,-7.623138,4.316746,-0.102951
18-Jan-2025 14:38:46.669,-10.42196,6.01184,0.011971
18-Jan-2025 14:38:46.685,-9.050082,4.378995,2.516306
18-Jan-2025 14:38:46.701,-7.094019,3.907337,2.975993
18-Jan-2025 14:38:46.718,-7.062895,3.454833,3.016694
18-Jan-2025 14:38:46.733,-5.207389,2.786851,3.117251
18-Jan-2025 14:38:46.750,-3.682282,2.573767,2.8491
18-Jan-2025 14:38:46.766,-2.521094,2.147599,1.889025
18-Jan-2025 14:38:46.782,-1.541866,1.606509,1.228225
18-Jan-2025 14:38:46.798,-1.170765,2.121263,0.995988
18-Jan-2025 14:38:46.814,-1.024718,2.221819,0.476446
18-Jan-2025 14:38:46.830,0.177171,1.388637,0.134075
18-Jan-2025 14:38:46.846,-0.031125,0.804452,-0.248997
18-Jan-2025 14:38:46.862,-0.361524,0.397437,-0.177171
18-Jan-2025 14:38:46.878,0.064643,0.600945,-3.248932
18-Jan-2025 14:38:46.894,-0.840365,1.917756,-7.666234
18-Jan-2025 14:38:46.911,3.643975,-3.296816,-3.598485
18-Jan-2025 14:38:46.927,4.958392,-5.432444,-1.814805
18-Jan-2025 14:38:46.943,5.422867,-5.305551,-0.656011
18-Jan-2025 14:38:46.959,4.982334,-5.930438,0.88346
18-Jan-2025 14:38:46.975,5.501875,-7.759608,3.356671
18-Jan-2025 14:38:46.991,5.827487,-10.682928,3.057395
18-Jan-2025 14:38:47.007,7.211336,-17.128119,1.740585
18-Jan-2025 14:38:47.023,11.408371,-27.449522,2.628834
18-Jan-2025 14:38:47.039,6.825869,-46.277523,0.806846
18-Jan-2025 14:38:47.055,-9.883265,-66.424728,3.174711
18-Jan-2025 14:38:47.071,-36.686352,-70.499664,43.102814
18-Jan-2025 14:38:47.087,-34.126949,-50.091488,52.339642
18-Jan-2025 14:38:47.103,-44.857761,-15.725117,62.019402
18-Jan-2025 14:38:47.119,-37.766136,-10.685322,50.287811
18-Jan-2025 14:38:47.135,-16.417042,-16.452953,13.029245
18-Jan-2025 14:38:47.152,-5.45878,-18.806454,5.760449
18-Jan-2025 14:38:47.168,-2.47321,-18.5814,10.426748
18-Jan-2025 14:38:47.184,-2.217031,-17.338808,12.033257
18-Jan-2025 14:38:47.200,-1.288081,-17.477673,11.085154
18-Jan-2025 14:38:47.216,0.440533,-17.094601,7.369353
18-Jan-2025 14:38:47.232,1.84593,-15.808914,2.631228
18-Jan-2025 14:38:47.248,1.297657,-13.809755,-2.238579
18-Jan-2025 14:38:47.264,0.737414,-11.257536,-8.032547
18-Jan-2025 14:38:47.280,0.167594,-8.827422,-7.414843
18-Jan-2025 14:38:47.296,-0.098162,-8.063671,-2.901772
18-Jan-2025 14:38:47.312,-0.131681,-7.979874,0.586579
18-Jan-2025 14:38:47.328,-1.16837,-7.900866,1.393425
18-Jan-2025 14:38:47.344,-2.006341,-8.157045,2.626439
18-Jan-2025 14:38:47.360,-2.176329,-8.987833,3.366248
18-Jan-2025 14:38:47.377,-2.873042,-9.873688,3.141193
18-Jan-2025 14:38:47.393,-4.673482,-10.390836,1.204283
18-Jan-2025 14:38:47.408,-6.105214,-10.520123,1.884237
18-Jan-2025 14:38:47.425,-6.605602,-10.591949,4.987122
18-Jan-2025 14:38:47.441,-6.26802,-10.184934,7.345411
18-Jan-2025 14:38:47.457,-5.722142,-9.758766,8.281544
18-Jan-2025 14:38:47.473,-5.185841,-9.397242,8.707711
18-Jan-2025 14:38:47.489,-4.568137,-9.097966,8.813056
18-Jan-2025 14:38:47.505,-4.266468,-9.14585,10.048465
18-Jan-2025 14:38:47.521,-4.845864,-8.836999,12.073959
18-Jan-2025 14:38:47.537,-5.41329,-8.487445,14.056358
18-Jan-2025 14:38:47.553,-5.408502,-8.226477,14.492103
18-Jan-2025 14:38:47.569,-4.22816,-8.202535,12.983756
18-Jan-2025 14:38:47.586,-2.391808,-8.669404,11.010934
18-Jan-2025 14:38:47.602,-0.713472,-9.816227,9.684546
18-Jan-2025 14:38:47.617,0.160412,-11.054029,7.16824
18-Jan-2025 14:38:47.634,0.531513,-11.911154,5.506664
18-Jan-2025 14:38:47.650,0.670376,-12.325351,5.729325
18-Jan-2025 14:38:47.666,0.292093,-11.269507,5.626374
18-Jan-2025 14:38:47.682,0.869095,-11.025299,5.262455
18-Jan-2025 14:38:47.698,0.895431,-11.422736,5.920861
18-Jan-2025 14:38:47.714,0.215478,-11.077971,6.483498
18-Jan-2025 14:38:47.730,0.203507,-11.341333,7.134721
18-Jan-2025 14:38:47.746,0.68953,-11.73877,7.410054
18-Jan-2025 14:38:47.762,0.76375,-11.714828,7.477092
18-Jan-2025 14:38:47.778,0.258574,-11.528081,8.403648
18-Jan-2025 14:38:47.794,-1.043872,-11.09473,9.332599
18-Jan-2025 14:38:47.810,-1.84593,-10.941502,10.43872
18-Jan-2025 14:38:47.826,-1.900996,-11.329363,11.274296
18-Jan-2025 14:38:47.842,-1.568202,-11.444284,10.682928
18-Jan-2025 14:38:47.858,-1.060631,-11.233594,9.739613
18-Jan-2025 14:38:47.875,-0.73502,-10.94629,8.379706
18-Jan-2025 14:38:47.891,-0.476446,-10.496181,7.400477
18-Jan-2025 14:38:47.907,-0.356736,-10.043676,6.811504
18-Jan-2025 14:38:47.923,-0.361524,-9.660604,6.229713
18-Jan-2025 14:38:47.939,-0.428562,-9.006987,6.251261
18-Jan-2025 14:38:47.955,-0.507571,-8.058883,6.706159
18-Jan-2025 14:38:47.971,-0.464475,-7.328651,7.256825
18-Jan-2025 14:38:47.987,-0.304064,-7.046135,7.685388
18-Jan-2025 14:38:48.003,-0.287304,-6.521805,7.084443
18-Jan-2025 14:38:48.019,-0.052672,-5.90889,6.014235
18-Jan-2025 14:38:48.035,0.105345,-5.406107,5.102044
18-Jan-2025 14:38:48.051,0.033519,-4.898537,4.927267
18-Jan-2025 14:38:48.067,-0.004788,-4.355053,5.001487
18-Jan-2025 14:38:48.084,-0.234632,-3.873818,5.456386
18-Jan-2025 14:38:48.100,-0.636858,-3.234566,5.992687
18-Jan-2025 14:38:48.116,-0.622492,-2.801216,6.390124
18-Jan-2025 14:38:48.132,0.155623,-2.853889,6.512228
18-Jan-2025 14:38:48.148,0.964863,-3.37343,6.55293
18-Jan-2025 14:38:48.164,1.285686,-3.608062,6.780379
18-Jan-2025 14:38:48.180,1.142034,-3.181894,7.005434
18-Jan-2025 14:38:48.196,0.78051,-2.164358,6.816292
18-Jan-2025 14:38:48.212,0.634463,-1.941698,6.629545
18-Jan-2025 14:38:48.228,0.799663,-2.118869,6.988675
18-Jan-2025 14:38:48.244,1.386243,-2.750938,8.23366
18-Jan-2025 14:38:48.260,2.006341,-3.05979,8.755595
18-Jan-2025 14:38:48.276,1.908179,-2.432509,8.729259
18-Jan-2025 14:38:48.292,2.027889,-2.207454,7.778761
18-Jan-2025 14:38:48.308,1.608904,-1.728614,7.101202
18-Jan-2025 14:38:48.324,0.730232,-0.730232,6.406884
18-Jan-2025 14:38:48.341,0.007183,-0.086191,6.095637
18-Jan-2025 14:38:48.357,-1.106121,1.436521,7.838616
18-Jan-2025 14:38:48.373,-1.92015,2.841918,8.406042
18-Jan-2025 14:38:48.389,-1.194707,2.789245,7.433996
18-Jan-2025 14:38:48.405,-0.895431,2.604892,6.256049
18-Jan-2025 14:38:48.421,-0.658405,3.026271,5.540183
18-Jan-2025 14:38:48.437,0.821211,2.274492,2.667141
18-Jan-2025 14:38:48.453,-1.623269,5.66947,1.872266
18-Jan-2025 14:38:48.469,-2.640805,6.449979,4.103662
18-Jan-2025 14:38:48.485,-2.650381,6.212954,4.527435
18-Jan-2025 14:38:48.501,-2.533065,6.361394,4.345476
18-Jan-2025 14:38:48.517,-2.384625,6.279991,4.101267
18-Jan-2025 14:38:48.534,-2.837129,6.732495,4.996699
18-Jan-2025 14:38:48.550,-1.510741,7.137115,3.916914
18-Jan-2025 14:38:48.566,-0.984017,7.433996,4.326323
18-Jan-2025 14:38:48.582,-1.364695,7.165846,4.043807
18-Jan-2025 14:38:48.598,-1.345541,7.335834,3.078943
18-Jan-2025 14:38:48.614,-0.488417,7.331046,2.135628
18-Jan-2025 14:38:48.630,-0.919373,8.465898,-0.251391
18-Jan-2025 14:38:48.646,-3.117251,11.901577,-7.5561
18-Jan-2025 14:38:48.662,-4.563348,11.027693,-7.649475
18-Jan-2025 14:38:48.678,-2.013524,9.892841,-8.659827
18-Jan-2025 14:38:48.694,-1.012747,8.90643,-7.821857
18-Jan-2025 14:38:48.710,-0.723049,7.73806,-3.859453
18-Jan-2025 14:38:48.726,-1.493982,7.19697,1.051055
18-Jan-2025 14:38:48.742,-3.679888,7.673417,3.46441
18-Jan-2025 14:38:48.759,-4.809951,7.867347,5.365406
18-Jan-2025 14:38:48.774,-5.408502,7.589619,5.152322
18-Jan-2025 14:38:48.791,-4.544195,7.426814,3.864242
18-Jan-2025 14:38:48.807,-4.548983,8.880095,1.414973
18-Jan-2025 14:38:48.823,-4.328717,9.828198,0.153229
18-Jan-2025 14:38:48.839,-4.824317,10.251971,-0.837971
18-Jan-2025 14:38:48.855,-4.477157,10.31901,0.217872
18-Jan-2025 14:38:48.871,-3.737349,10.714052,2.573767
18-Jan-2025 14:38:48.887,-2.367866,10.029311,2.477999
18-Jan-2025 14:38:48.903,-1.814805,10.218452,2.11408
18-Jan-2025 14:38:48.919,-2.521094,9.665392,1.012747
18-Jan-2025 14:38:48.935,-3.952827,9.619903,-0.294487
18-Jan-2025 14:38:48.951,-4.661511,9.296685,-0.234632
18-Jan-2025 14:38:48.967,-3.337517,8.949526,0.093374
18-Jan-2025 14:38:48.983,-1.999158,8.492233,0.830788
18-Jan-2025 14:38:49.000,-1.802834,8.544906,1.477222
18-Jan-2025 14:38:49.016,-2.710236,8.74123,1.529895
18-Jan-2025 14:38:49.032,-3.531447,8.990228,2.1883
18-Jan-2025 14:38:49.048,-4.13718,9.114726,2.238579
18-Jan-2025 14:38:49.064,-2.600103,9.375694,0.97444
18-Jan-2025 14:38:49.080,-3.028665,10.029311,0.565032
18-Jan-2025 14:38:49.096,-3.349488,9.684546,0.275333
18-Jan-2025 14:38:49.112,-3.655946,9.330204,0.232238
18-Jan-2025 14:38:49.128,-3.421314,9.224859,0.672771
18-Jan-2025 14:38:49.144,-3.471592,9.28232,1.113304
18-Jan-2025 14:38:49.160,-2.777274,9.102755,0.814029
18-Jan-2025 14:38:49.176,-3.098097,9.461885,0.88346
18-Jan-2025 14:38:49.192,-2.978387,9.564836,0.955287
18-Jan-2025 14:38:49.208,-2.796427,9.504981,1.417367
18-Jan-2025 14:38:49.225,-2.873042,9.344569,1.335965
18-Jan-2025 14:38:49.241,-3.210624,9.188946,0.905008
18-Jan-2025 14:38:49.257,-3.095703,9.172187,0.462081
18-Jan-2025 14:38:49.272,-3.624821,9.488221,0.466869
18-Jan-2025 14:38:49.289,-4.474763,9.605537,1.484405
18-Jan-2025 14:38:49.305,-3.536236,8.791509,1.733402
18-Jan-2025 14:38:49.321,-3.021482,9.564836,1.80044
18-Jan-2025 14:38:49.337,-2.217031,9.385271,1.584962
18-Jan-2025 14:38:49.353,-2.746149,9.892841,1.118092
18-Jan-2025 14:38:49.369,-3.22499,9.813833,0.895431
18-Jan-2025 14:38:49.385,-3.876213,9.562442,1.575385
18-Jan-2025 14:38:49.401,-3.744531,8.875306,1.580173
18-Jan-2025 14:38:49.417,-3.440468,9.232041,1.146823
18-Jan-2025 14:38:49.433,-3.876213,9.054871,1.474828
18-Jan-2025 14:38:49.449,-2.999935,9.184157,1.441309
18-Jan-2025 14:38:49.465,-1.549049,9.622296,1.321599
18-Jan-2025 14:38:49.482,-1.276109,9.696517,1.103727
18-Jan-2025 14:38:49.498,-1.889025,9.682152,0.90022
18-Jan-2025 14:38:49.514,-2.703054,9.502586,0.648829
18-Jan-2025 14:38:49.530,-2.753332,9.380483,1.130063
18-Jan-2025 14:38:49.546,-3.603274,10.101137,3.414132
18-Jan-2025 14:38:49.562,-2.13084,9.306262,1.924938
18-Jan-2025 14:38:49.578,-3.371036,9.605537,1.908179
18-Jan-2025 14:38:49.594,-3.660734,9.481039,1.319205
18-Jan-2025 14:38:49.610,-3.473987,9.440337,1.098939
18-Jan-2025 14:38:49.626,-3.066972,9.533711,1.584962
18-Jan-2025 14:38:49.642,-2.693477,9.469068,1.752556
18-Jan-2025 14:38:49.658,-2.367866,9.459491,1.867477
18-Jan-2025 14:38:49.674,-1.855506,9.354146,2.331953
18-Jan-2025 14:38:49.690,-1.656788,9.354146,2.669535
18-Jan-2025 14:38:49.706,-1.939303,9.694122,2.035071
18-Jan-2025 14:38:49.723,-2.315193,10.019734,0.672771
18-Jan-2025 14:38:49.739,-2.77488,10.103531,-0.720655
18-Jan-2025 14:38:49.755,-3.050213,10.199299,-1.163582
18-Jan-2025 14:38:49.771,-2.647987,9.528923,0.335188
18-Jan-2025 14:38:49.787,-1.089362,9.018958,1.735796
18-Jan-2025 14:38:49.803,-0.442927,8.544906,2.358289
18-Jan-2025 14:38:49.819,-0.519542,8.485051,2.138022
18-Jan-2025 14:38:49.835,-0.730232,8.47308,1.80044
18-Jan-2025 14:38:49.851,-0.354342,8.307879,2.626439
18-Jan-2025 14:38:49.867,-1.173159,8.978256,0.811634
18-Jan-2025 14:38:49.883,-2.384625,9.339781,0.950498
18-Jan-2025 14:38:49.899,-0.876278,9.504981,0.246603
18-Jan-2025 14:38:49.915,-0.505177,9.78989,1.209072
18-Jan-2025 14:38:49.932,-0.770933,10.086772,1.905785
18-Jan-2025 14:38:49.948,0.088585,11.44189,1.953669
18-Jan-2025 14:38:49.964,0.612916,11.592725,1.733402
18-Jan-2025 14:38:49.980,0.560243,11.216835,1.180341
18-Jan-2025 14:38:49.996,-0.646434,12.004527,-0.92895
18-Jan-2025 14:38:50.012,-1.067814,11.372458,0.196325
18-Jan-2025 14:38:50.028,-0.392649,10.965444,0.349553
18-Jan-2025 14:38:50.044,-0.148441,10.383653,0.816423
18-Jan-2025 14:38:50.060,-0.105345,10.01734,0.600945
18-Jan-2025 14:38:50.076,-0.205901,9.703699,-0.323217
18-Jan-2025 14:38:50.092,-0.143652,9.380483,-0.679953
18-Jan-2025 14:38:50.108,-0.011971,9.390059,-0.462081
18-Jan-2025 14:38:50.124,-0.430956,9.354146,0.21069
18-Jan-2025 14:38:50.140,-0.816423,9.059659,0.651223
18-Jan-2025 14:38:50.156,-0.172383,8.925584,0.366313
18-Jan-2025 14:38:50.172,-0.28491,8.8777,0.471658
18-Jan-2025 14:38:50.189,-0.402226,8.904037,0.337582
18-Jan-2025 14:38:50.205,-0.632069,8.813056,0.339977
18-Jan-2025 14:38:50.221,-0.509965,9.141062,-0.021548
18-Jan-2025 14:38:50.237,0.1652,9.121908,-0.007183
18-Jan-2025 14:38:50.253,0.481235,9.610326,0.445322
18-Jan-2025 14:38:50.269,0.356736,9.935937,0.586579
18-Jan-2025 14:38:50.285,0.129287,10.584765,0.756568
18-Jan-2025 14:38:50.301,-1.115698,10.383653,0.675165
18-Jan-2025 14:38:50.317,-0.670376,10.601525,0.584185
18-Jan-2025 14:38:50.333,-0.337582,11.013328,0.311246
18-Jan-2025 14:38:50.349,0.885855,11.506534,0.454898
18-Jan-2025 14:38:50.365,2.042254,11.540052,0.612916
18-Jan-2025 14:38:50.381,1.312023,10.939108,0.399832
18-Jan-2025 14:38:50.397,0.447716,10.333375,0.246603
18-Jan-2025 14:38:50.414,0.21069,10.0341,-0.081403
18-Jan-2025 14:38:50.430,0.112527,10.0341,-0.031125
18-Jan-2025 14:38:50.446,0.167594,10.412383,0.545878
18-Jan-2025 14:38:50.462,0.287304,11.221623,0.481235
18-Jan-2025 14:38:50.478,-1.795651,10.58716,0.129287
18-Jan-2025 14:38:50.494,-3.236961,11.827356,-0.112527
18-Jan-2025 14:38:50.510,-2.834735,12.579136,-0.749385
18-Jan-2025 14:38:50.526,-2.688689,10.99178,0.148441
18-Jan-2025 14:38:50.542,-2.20506,9.703699,1.034295
18-Jan-2025 14:38:50.558,-1.237802,8.149862,1.268927
18-Jan-2025 14:38:50.574,-0.600945,6.933608,1.149217
18-Jan-2025 14:38:50.590,-0.871489,6.105214,0.933739
18-Jan-2025 14:38:50.606,-2.08535,5.872977,0.931344
18-Jan-2025 14:38:50.622,-3.090914,6.224925,0.821211
18-Jan-2025 14:38:50.639,-3.383007,7.297527,1.572991
18-Jan-2025 14:38:50.655,-2.597709,8.63828,1.723825
18-Jan-2025 14:38:50.671,-1.529895,10.304645,1.156399
18-Jan-2025 14:38:50.687,-0.893037,12.021287,0.4956
18-Jan-2025 14:38:50.703,-0.916979,12.914324,0.184354
18-Jan-2025 14:38:50.719,-1.314417,12.516887,1.163582
18-Jan-2025 14:38:50.735,-2.856283,12.346898,-0.129287
18-Jan-2025 14:38:50.751,-3.066972,10.584765,-1.256956
18-Jan-2025 14:38:50.767,-2.949656,9.725247,-0.857124
18-Jan-2025 14:38:50.783,-1.850718,8.801085,0.035913
18-Jan-2025 14:38:50.799,-1.510741,8.415619,0.402226
18-Jan-2025 14:38:50.815,-1.563414,8.504205,-0.038307
18-Jan-2025 14:38:50.831,-1.546654,8.633492,-0.521936
18-Jan-2025 14:38:50.847,-1.893813,8.968679,-0.653617
18-Jan-2025 14:38:50.863,-1.929727,9.368511,-0.596156
18-Jan-2025 14:38:50.880,-1.853112,9.720459,-0.787692
18-Jan-2025 14:38:50.896,-2.025495,9.979033,-0.78051
18-Jan-2025 14:38:50.912,-1.532289,9.445126,-0.191536
18-Jan-2025 14:38:50.928,-2.171541,9.691729,-0.768539
18-Jan-2025 14:38:50.944,-2.286463,9.112331,-1.316811
18-Jan-2025 14:38:50.960,-2.078167,8.887277,-1.391031
18-Jan-2025 14:38:50.976,-1.678335,8.748413,-1.323994
18-Jan-2025 14:38:50.992,-1.335965,8.975863,-1.127669
18-Jan-2025 14:38:51.008,-1.340753,9.425972,-0.976834
18-Jan-2025 14:38:51.024,-1.491588,9.837775,-0.916979
18-Jan-2025 14:38:51.039,-1.422156,10.0748,-1.082179
18-Jan-2025 14:38:51.056,-1.371878,10.321404,-1.09415
18-Jan-2025 14:38:51.072,-1.108515,10.390836,-1.034295
18-Jan-2025 14:38:51.088,-0.960075,10.515334,-0.586579
18-Jan-2025 14:38:51.105,-1.192312,10.565612,-0.679953
18-Jan-2025 14:38:51.120,-1.33357,10.381259,-1.070208
18-Jan-2025 14:38:51.137,-1.268927,10.103531,-0.998382
18-Jan-2025 14:38:51.153,-0.981623,9.945514,-0.543484
18-Jan-2025 14:38:51.169,-0.691924,9.871294,-0.617704
18-Jan-2025 14:38:51.185,-0.634463,10.376471,-0.466869
18-Jan-2025 14:38:51.201,-0.395043,10.599131,-0.351948
18-Jan-2025 14:38:51.217,-0.229843,10.96305,-0.593762
18-Jan-2025 14:38:51.233,0.172383,11.757924,-1.000776
18-Jan-2025 14:38:51.249,-0.502782,11.382035,-0.873884
18-Jan-2025 14:38:51.265,-0.610521,10.740389,-0.002394
18-Jan-2025 14:38:51.281,-0.272939,10.132261,0.471658
18-Jan-2025 14:38:51.297,0,9.361329,0.653617
18-Jan-2025 14:38:51.313,0.447716,8.391677,0.366313
18-Jan-2025 14:38:51.330,0.555455,7.776367,-0.3304
18-Jan-2025 14:38:51.346,1.374272,7.120356,0.253785
18-Jan-2025 14:38:51.362,0.878672,7.742848,0.981623
18-Jan-2025 14:38:51.378,1.458069,8.465898,1.022324
18-Jan-2025 14:38:51.394,0.632069,10.817003,0.993594
18-Jan-2025 14:38:51.410,1.252167,11.32218,-0.802058
18-Jan-2025 14:38:51.426,1.118092,12.916718,-0.447716
18-Jan-2025 14:38:51.442,0.782904,12.284649,0.126893
18-Jan-2025 14:38:51.458,-0.782904,12.172121,-0.605733
18-Jan-2025 14:38:51.474,-1.37906,11.106702,-1.194707
18-Jan-2025 14:38:51.490,-1.381454,9.933543,-1.165976
18-Jan-2025 14:38:51.506,-0.792481,9.174581,-0.768539
18-Jan-2025 14:38:51.522,-0.134075,8.568848,-0.622492
18-Jan-2025 14:38:51.538,0.234632,8.315063,-0.924162
18-Jan-2025 14:38:51.554,0.232238,8.276755,-0.902614
18-Jan-2025 14:38:51.571,0.234632,8.413225,-0.622492
18-Jan-2025 14:38:51.587,0.11971,8.813056,-0.797269
18-Jan-2025 14:38:51.603,0.179565,9.085996,-0.924162
18-Jan-2025 14:38:51.619,-0.038307,9.375694,-1.122881
18-Jan-2025 14:38:51.635,-0.25618,9.548077,-1.300052
18-Jan-2025 14:38:51.651,-0.603339,9.708488,-1.13964
18-Jan-2025 14:38:51.667,-0.56982,9.684546,-0.907402
18-Jan-2025 14:38:51.683,-0.45011,9.643845,-0.919373
18-Jan-2025 14:38:51.699,-0.272939,9.437943,-0.902614
18-Jan-2025 14:38:51.715,-0.387861,9.255983,-1.357512
18-Jan-2025 14:38:51.731,-0.423774,9.193734,-1.534683
18-Jan-2025 14:38:51.747,-0.509965,9.461885,-1.204283
18-Jan-2025 14:38:51.763,-0.545878,9.734824,-0.794875
18-Jan-2025 14:38:51.780,-0.656011,10.081984,-0.713472
18-Jan-2025 14:38:51.796,-0.711078,10.409989,-0.993594
18-Jan-2025 14:38:51.812,-0.849942,10.778696,-1.218649
18-Jan-2025 14:38:51.828,-0.92895,11.063606,-1.534683
18-Jan-2025 14:38:51.844,-0.912191,11.113884,-1.58975
18-Jan-2025 14:38:51.860,-0.418985,11.563994,-0.881066
18-Jan-2025 14:38:51.876,-0.397437,11.714828,0.134075
18-Jan-2025 14:38:51.892,-0.426168,11.748347,0.533907
18-Jan-2025 14:38:51.908,-0.744597,12.181698,-0.486023
18-Jan-2025 14:38:51.924,-1.819593,12.035652,-1.486799
18-Jan-2025 14:38:51.940,-2.11408,11.700463,-0.744597
18-Jan-2025 14:38:51.956,-2.296039,11.075577,0.356736
18-Jan-2025 14:38:51.972,-2.147599,10.46745,0.6608
18-Jan-2025 14:38:51.988,-1.896208,9.883265,0.414197
18-Jan-2025 14:38:52.005,-1.731008,9.062054,0.658405
18-Jan-2025 14:38:52.021,-2.051831,8.209718,1.000776
18-Jan-2025 14:38:52.037,-2.248155,7.45315,1.244985
18-Jan-2025 14:38:52.053,-2.487576,7.015011,1.908179
18-Jan-2025 14:38:52.069,-2.715025,6.995857,2.260126
18-Jan-2025 14:38:52.085,-2.6839,7.568071,1.671153
18-Jan-2025 14:38:52.101,-2.509123,8.710106,0.653617
18-Jan-2025 14:38:52.117,-4.012682,8.968679,0.799663
18-Jan-2025 14:38:52.133,-2.99754,9.809045,1.661576
18-Jan-2025 14:38:52.149,-2.047042,9.660604,2.226608
18-Jan-2025 14:38:52.165,-1.788469,10.424355,1.13964
18-Jan-2025 14:38:52.182,-1.137246,10.867282,-0.016759
18-Jan-2025 14:38:52.197,-0.217872,11.137826,-0.009577
18-Jan-2025 14:38:52.214,0.423774,11.178528,0.181959
18-Jan-2025 14:38:52.230,1.007959,12.023681,-0.011971
18-Jan-2025 14:38:52.246,0.387861,10.714052,0.208296
18-Jan-2025 14:38:52.262,-0.56982,9.461885,0.363919
18-Jan-2025 14:38:52.278,-1.546654,8.580819,0.1652
18-Jan-2025 14:38:52.294,-1.84593,8.188169,0.150835
18-Jan-2025 14:38:52.310,-1.860295,8.331821,-0.110133
18-Jan-2025 14:38:52.326,-1.49877,8.911219,-0.169988
18-Jan-2025 14:38:52.342,-0.986411,9.344569,-0.169988
18-Jan-2025 14:38:52.358,-0.792481,9.617508,0.011971
18-Jan-2025 14:38:52.374,-0.811634,9.787497,0.09098
18-Jan-2025 14:38:52.391,-1.103727,9.753978,-0.016759
18-Jan-2025 14:38:52.407,-1.23062,9.653421,0.098162
18-Jan-2025 14:38:52.423,-0.902614,9.725247,0.289698
18-Jan-2025 14:38:52.439,-0.723049,9.849746,0.289698
18-Jan-2025 14:38:52.455,-0.785298,10.180145,0.141258
18-Jan-2025 14:38:52.471,-0.646434,10.287885,0.380678
18-Jan-2025 14:38:52.487,-0.488417,10.014946,0.56982
18-Jan-2025 14:38:52.503,-0.332794,10.644621,0.395043
18-Jan-2025 14:38:52.519,-0.112527,10.512939,-0.141258
18-Jan-2025 14:38:52.535,0.035913,10.326192,-0.095768
18-Jan-2025 14:38:52.551,-0.25618,10.084377,-0.167594
18-Jan-2025 14:38:52.567,-0.292093,9.938332,-0.411803
18-Jan-2025 14:38:52.583,-0.131681,9.923966,-0.215478
18-Jan-2025 14:38:52.600,0.373495,10.417171,0.167594
18-Jan-2025 14:38:52.616,0.641646,11.11149,-0.126893
18-Jan-2025 14:38:52.631,0.423774,11.446678,-0.847547
18-Jan-2025 14:38:52.648,0.306458,11.84651,-0.205901
18-Jan-2025 14:38:52.664,-0.026336,11.829751,0.031125
18-Jan-2025 14:38:52.680,-0.368707,11.135432,-0.004788
18-Jan-2025 14:38:52.696,-0.177171,10.01734,0.35913
18-Jan-2025 14:38:52.712,-0.158017,9.081207,0.826
18-Jan-2025 14:38:52.728,-0.059855,8.331821,0.914585
18-Jan-2025 14:38:52.744,0.234632,7.82904,0.984017
18-Jan-2025 14:38:52.760,0.435745,7.580042,0.536301
18-Jan-2025 14:38:52.776,0.356736,7.563283,0.227449
18-Jan-2025 14:38:52.792,0.138864,7.776367,0.251391
18-Jan-2025 14:38:52.808,0.083797,8.362947,0.04549
18-Jan-2025 14:38:52.825,0.411803,9.342175,-0.198719
18-Jan-2025 14:38:52.841,0.653617,10.534488,-0.629675
18-Jan-2025 14:38:52.857,0.521936,11.729194,-0.739808
18-Jan-2025 14:38:52.873,0.057461,12.258312,-0.543484
18-Jan-2025 14:38:52.889,-1.206678,12.636597,-0.950498
18-Jan-2025 14:38:52.905,-0.948104,11.765107,-0.940921
18-Jan-2025 14:38:52.921,-0.993594,10.986992,-0.790087
18-Jan-2025 14:38:52.937,-0.76375,10.321404,-1.027112
18-Jan-2025 14:38:52.953,-0.196325,9.603143,-0.938527
18-Jan-2025 14:38:52.969,0.117316,8.983045,-0.890643
18-Jan-2025 14:38:52.985,0.174777,8.643068,-1.00317
18-Jan-2025 14:38:53.001,0.067038,8.415619,-0.924162
18-Jan-2025 14:38:53.017,0.019154,8.343793,-0.766145
18-Jan-2025 14:38:53.033,-0.047884,8.456321,-0.711078
18-Jan-2025 14:38:53.050,-0.035913,8.805874,-0.790087
18-Jan-2025 14:38:53.065,-0.301669,9.294291,-0.912191
18-Jan-2025 14:38:53.082,-0.153229,9.648633,-0.751779
18-Jan-2025 14:38:53.098,0.107739,9.909601,-0.68953
18-Jan-2025 14:38:53.114,0.260968,10.31901,-0.378284
18-Jan-2025 14:38:53.130,0.043096,9.940725,-0.632069
18-Jan-2025 14:38:53.146,0.342371,10.096349,-1.04866
18-Jan-2025 14:38:53.162,0.172383,10.065224,-0.56982
18-Jan-2025 14:38:53.178,0.31364,10.328587,-0.507571
18-Jan-2025 14:38:53.194,0.088585,10.395624,-0.696713
18-Jan-2025 14:38:53.210,-0.057461,10.484209,-0.754174
18-Jan-2025 14:38:53.226,0.040701,10.488997,-0.849942
18-Jan-2025 14:38:53.242,0.28491,10.295067,-0.727837
18-Jan-2025 14:38:53.259,-0.062249,10.067618,-0.766145
18-Jan-2025 14:38:53.275,-0.095768,9.991004,-0.713472
18-Jan-2025 14:38:53.291,-0.155623,10.433931,-0.471658
18-Jan-2025 14:38:53.307,-0.931344,10.096349,-0.258574
18-Jan-2025 14:38:53.323,-0.691924,10.793061,-0.299275
18-Jan-2025 14:38:53.339,0.588974,9.991004,-1.027112
18-Jan-2025 14:38:53.355,-2.269703,11.724405,-1.410185
18-Jan-2025 14:38:53.371,-2.60968,12.437878,-0.483629
18-Jan-2025 14:38:53.386,-1.410185,11.523293,0.505177
18-Jan-2025 14:38:53.403,-1.668759,10.0748,-0.37589
18-Jan-2025 14:38:53.419,-1.42455,8.810662,-0.292093
18-Jan-2025 14:38:53.435,-1.235408,8.157045,0.21069
18-Jan-2025 14:38:53.451,-0.976834,7.759608,0.397437
18-Jan-2025 14:38:53.467,-1.209072,7.546524,0.260968
18-Jan-2025 14:38:53.484,-2.109292,7.714118,0.363919
18-Jan-2025 14:38:53.500,-1.549049,8.118738,1.007959
18-Jan-2025 14:38:53.516,-1.355118,8.559271,0.869095
18-Jan-2025 14:38:53.532,-1.96564,8.853758,1.082179
18-Jan-2025 14:38:53.548,-2.422932,9.435549,1.436521
18-Jan-2025 14:38:53.564,-2.011129,9.995792,1.517924
18-Jan-2025 14:38:53.580,-1.668759,10.295067,1.474828
18-Jan-2025 14:38:53.596,-1.249773,10.931925,1.022324
18-Jan-2025 14:38:53.612,-2.918532,10.70687,0.505177
18-Jan-2025 14:38:53.628,-2.604892,11.5616,-0.222661
18-Jan-2025 14:38:53.644,-3.045424,11.532869,0.086191
18-Jan-2025 14:38:53.660,-3.198653,11.195287,0.292093
18-Jan-2025 14:38:53.676,-2.657564,10.642226,0.335188
18-Jan-2025 14:38:53.692,-2.6839,9.933543,0.679953
18-Jan-2025 14:38:53.709,-2.659958,9.050082,0.792481
18-Jan-2025 14:38:53.725,-2.731784,8.674192,0.414197
18-Jan-2025 14:38:53.741,-2.82037,8.504205,0.940921
18-Jan-2025 14:38:53.757,-2.628834,8.614338,0.770933
18-Jan-2025 14:38:53.773,-1.924938,9.923966,0.739808
18-Jan-2025 14:38:53.789,-3.165135,8.999804,0.263362
18-Jan-2025 14:38:53.805,-2.588132,9.059659,0.215478
18-Jan-2025 14:38:53.821,-2.109292,9.617508,-0.052672
18-Jan-2025 14:38:53.837,-2.298434,9.488221,-0.407014
18-Jan-2025 14:38:53.853,-2.20506,10.436325,-0.287304
18-Jan-2025 14:38:53.869,-2.229002,10.723629,-0.536301
18-Jan-2025 14:38:53.885,-1.889025,10.462662,-0.1652
18-Jan-2025 14:38:53.901,-1.496376,9.689334,-0.234632
18-Jan-2025 14:38:53.917,-1.84593,9.437943,-0.629675
18-Jan-2025 14:38:53.933,-1.958457,9.088389,-0.718261
18-Jan-2025 14:38:53.949,-2.104503,8.963891,-0.481235
18-Jan-2025 14:38:53.966,-2.312799,8.645462,-0.948104
18-Jan-2025 14:38:53.982,-2.183512,9.76116,-0.296881
18-Jan-2025 14:38:53.998,-2.372654,9.56723,-0.727837
18-Jan-2025 14:38:54.014,-2.504335,9.61272,-0.351948
18-Jan-2025 14:38:54.030,-2.145205,10.007763,-0.320823
18-Jan-2025 14:38:54.046,-2.662352,9.698911,-0.720655
18-Jan-2025 14:38:54.062,-2.336741,9.674969,-0.751779
18-Jan-2025 14:38:54.078,-2.60968,9.440337,-0.584185
18-Jan-2025 14:38:54.094,-2.070984,9.102755,-0.658405
18-Jan-2025 14:38:54.110,-1.752556,8.820239,-0.608127
18-Jan-2025 14:38:54.126,-1.690306,9.287108,-0.600945
18-Jan-2025 14:38:54.142,-1.211466,10.084377,-0.581791
18-Jan-2025 14:38:54.158,-1.113304,10.096349,-0.703895
18-Jan-2025 14:38:54.175,-0.818817,9.883265,0.622492
18-Jan-2025 14:38:54.191,-0.766145,10.539276,-0.263362
18-Jan-2025 14:38:54.207,-0.258574,10.740389,-1.043872
18-Jan-2025 14:38:54.223,-0.711078,10.630256,-0.409408
18-Jan-2025 14:38:54.239,-1.108515,10.546458,-0.323217
18-Jan-2025 14:38:54.255,-1.058237,10.21127,-0.332794
18-Jan-2025 14:38:54.271,-0.517148,9.804255,-0.158017
18-Jan-2025 14:38:54.287,0.268151,9.718064,-0.158017
18-Jan-2025 14:38:54.303,0.694318,9.107543,-0.715866
18-Jan-2025 14:38:54.319,0.679953,9.052477,-0.64404
18-Jan-2025 14:38:54.335,0.488417,9.205706,0.059855
18-Jan-2025 14:38:54.351,1.051055,9.334992,-0.1652
18-Jan-2025 14:38:54.367,0.857124,9.998186,-1.017536
18-Jan-2025 14:38:54.383,0.715866,11.116279,-1.695095
18-Jan-2025 14:38:54.399,-0.083797,11.889606,-1.891419
18-Jan-2025 14:38:54.416,-0.675165,12.449849,-1.175553
18-Jan-2025 14:38:54.432,-0.067038,12.617443,-0.818817
18-Jan-2025 14:38:54.448,0.069432,11.753136,-0.641646
18-Jan-2025 14:38:54.464,0.205901,10.407595,-0.794875
18-Jan-2025 14:38:54.480,0.548272,9.069236,-0.703895
18-Jan-2025 14:38:54.496,0.890643,7.996634,-0.42138
18-Jan-2025 14:38:54.512,0.392649,7.441179,-0.457293
18-Jan-2025 14:38:54.528,0.141258,7.132327,-0.335188
18-Jan-2025 14:38:54.544,-0.150835,7.43639,-0.402226
18-Jan-2025 14:38:54.560,0.181959,7.963115,-0.505177
18-Jan-2025 14:38:54.576,0.213084,8.803479,-0.40462
18-Jan-2025 14:38:54.592,0.385466,9.694122,-0.433351
18-Jan-2025 14:38:54.608,0.500388,10.433931,-0.299275
18-Jan-2025 14:38:54.625,0.464475,10.852917,-0.440533
18-Jan-2025 14:38:54.641,0.237026,10.778696,-0.694318
18-Jan-2025 14:38:54.657,-0.047884,10.345345,-1.070208
18-Jan-2025 14:38:54.673,-0.332794,9.92636,-1.161188
18-Jan-2025 14:38:54.689,-0.533907,9.89763,-1.017536
18-Jan-2025 14:38:54.705,0.234632,9.859323,-0.320823
18-Jan-2025 14:38:54.721,0.378284,9.844957,-0.469264
18-Jan-2025 14:38:54.737,0.624887,9.785102,-1.161188
18-Jan-2025 14:38:54.753,0.679953,9.964667,-0.976834
18-Jan-2025 14:38:54.769,0.948104,10.127473,-0.579397
18-Jan-2025 14:38:54.785,0.675165,10.455479,-0.675165
18-Jan-2025 14:38:54.801,0.141258,10.852917,-0.687136
18-Jan-2025 14:38:54.817,0.04549,11.101913,-0.617704
18-Jan-2025 14:38:54.833,0.509965,11.314998,-0.107739
18-Jan-2025 14:38:54.849,0.811634,11.733982,0.608127
18-Jan-2025 14:38:54.866,0.397437,12.37084,-0.407014
18-Jan-2025 14:38:54.881,-0.744597,13.247118,-1.460463
18-Jan-2025 14:38:54.898,-1.692701,13.357251,-0.694318
18-Jan-2025 14:38:54.914,-1.867477,12.294226,0.296881
18-Jan-2025 14:38:54.930,-2.164358,11.116279,1.091756
18-Jan-2025 14:38:54.946,-1.778892,10.168175,0.85473
18-Jan-2025 14:38:54.962,-1.438915,9.234436,0.770933
18-Jan-2025 14:38:54.978,-1.493982,8.26239,0.936133
18-Jan-2025 14:38:54.994,-1.956063,7.553706,0.864307
18-Jan-2025 14:38:55.010,-2.140416,6.938396,1.108515
18-Jan-2025 14:38:55.026,-1.963245,6.701371,1.537078
18-Jan-2025 14:38:55.042,-1.482011,7.321469,1.374272
18-Jan-2025 14:38:55.058,-0.986411,8.367735,0.205901
18-Jan-2025 14:38:55.074,-0.871489,9.457097,-0.328006
18-Jan-2025 14:38:55.091,-0.861913,10.484209,0.107739
18-Jan-2025 14:38:55.107,-0.610521,11.317391,0.414197
18-Jan-2025 14:38:55.123,-0.584185,11.686098,0.323217
18-Jan-2025 14:38:55.139,-0.490811,11.188105,-0.232238
18-Jan-2025 14:38:55.155,-0.648829,10.484209,-0.430956
18-Jan-2025 14:38:55.171,-0.694318,9.737218,-0.009577
18-Jan-2025 14:38:55.187,-0.847547,9.244013,-0.198719
18-Jan-2025 14:38:55.203,-1.072602,8.92319,-0.428562
18-Jan-2025 14:38:55.219,-1.247379,8.995016,-0.634463
18-Jan-2025 14:38:55.235,-1.474828,9.124303,-0.629675
18-Jan-2025 14:38:55.251,-1.628057,9.172187,-0.263362
18-Jan-2025 14:38:55.267,-1.812411,9.179369,-0.138864
18-Jan-2025 14:38:55.283,-1.740585,9.229648,-0.203507
18-Jan-2025 14:38:55.300,-1.68073,9.277532,-0.64404
18-Jan-2025 14:38:55.316,-1.786075,9.354146,-0.90022
18-Jan-2025 14:38:55.332,-1.771709,9.251195,-0.68953
18-Jan-2025 14:38:55.348,-1.896208,9.263166,-0.347159
18-Jan-2025 14:38:55.364,-1.898602,9.32781,-0.464475
18-Jan-2025 14:38:55.380,-1.525106,9.414001,-0.526724
18-Jan-2025 14:38:55.396,-1.582567,9.593566,-1.043872
18-Jan-2025 14:38:55.412,-1.805228,9.665392,-1.467646
18-Jan-2025 14:38:55.428,-1.685518,9.569624,-1.137246
18-Jan-2025 14:38:55.444,-1.501164,9.490616,-0.440533
18-Jan-2025 14:38:55.460,-1.786075,9.528923,-0.521936
18-Jan-2025 14:38:55.476,-1.814805,9.756371,-0.940921
18-Jan-2025 14:38:55.492,-1.221043,9.979033,-1.180341
18-Jan-2025 14:38:55.508,-1.132457,10.187328,-0.931344
18-Jan-2025 14:38:55.524,-0.972046,10.247183,-0.823605
18-Jan-2025 14:38:55.540,-0.97444,10.16578,-0.897826
18-Jan-2025 14:38:55.556,-1.206678,10.01734,-1.024718
18-Jan-2025 14:38:55.573,-1.307234,9.698911,-1.041478
18-Jan-2025 14:38:55.589,-1.18513,9.504981,-1.240196
18-Jan-2025 14:38:55.605,-0.995988,9.548077,-1.376666
18-Jan-2025 14:38:55.621,-0.761356,9.797073,-1.16837
18-Jan-2025 14:38:55.637,-0.407014,10.16578,-0.926556
18-Jan-2025 14:38:55.653,-0.107739,10.699687,-1.601721
18-Jan-2025 14:38:55.669,-0.136469,11.137826,-2.066196
18-Jan-2025 14:38:55.685,-0.169988,11.475409,-1.429338
18-Jan-2025 14:38:55.701,-0.280122,11.611878,-1.462857
18-Jan-2025 14:38:55.717,-0.85473,11.408371,-1.163582
18-Jan-2025 14:38:55.733,-0.979228,10.771513,-0.069432
18-Jan-2025 14:38:55.750,-0.490811,10.005369,0.627281
18-Jan-2025 14:38:55.765,0.1652,9.272743,0.019154
18-Jan-2025 14:38:55.782,0.790087,8.63828,-0.605733
18-Jan-2025 14:38:55.798,1.103727,7.900866,-0.162806
18-Jan-2025 14:38:55.814,1.331176,7.503428,0.651223
18-Jan-2025 14:38:55.830,1.326388,7.915231,0.414197
18-Jan-2025 14:38:55.846,1.517924,8.949526,-0.462081
18-Jan-2025 14:38:55.862,1.788469,10.280702,-0.794875
18-Jan-2025 14:38:55.878,1.793257,11.532869,-0.543484
18-Jan-2025 14:38:55.894,1.096544,12.516887,-0.248997
18-Jan-2025 14:38:55.910,0.433351,12.445061,-0.280122
18-Jan-2025 14:38:55.926,-0.138864,11.391612,-0.648829
18-Jan-2025 14:38:55.942,-0.270545,10.374076,-0.6608
18-Jan-2025 14:38:55.958,0.007183,9.457097,-0.663194
18-Jan-2025 14:38:55.975,0.126893,8.832211,-0.744597
18-Jan-2025 14:38:55.991,0.102951,8.571242,-0.718261
18-Jan-2025 14:38:56.007,0.177171,8.520964,-0.634463
18-Jan-2025 14:38:56.023,0.521936,8.631097,-0.514753
18-Jan-2025 14:38:56.039,0.744597,8.815451,-0.399832
18-Jan-2025 14:38:56.054,1.012747,9.124303,-0.172383
18-Jan-2025 14:38:56.071,1.070208,9.425972,-0.179565
18-Jan-2025 14:38:56.087,0.919373,9.811439,-0.418985
18-Jan-2025 14:38:56.103,0.749385,9.976639,-0.114922
18-Jan-2025 14:38:56.119,0.744597,9.888053,-0.308852
18-Jan-2025 14:38:56.135,0.718261,9.722853,-0.612916
18-Jan-2025 14:38:56.151,0.555455,9.579201,-0.78051
18-Jan-2025 14:38:56.167,0.45011,9.416395,-0.76375
18-Jan-2025 14:38:56.183,0.761356,9.390059,-0.490811
18-Jan-2025 14:38:56.199,0.792481,9.445126,-0.682347
18-Jan-2025 14:38:56.216,0.545878,9.598354,-1.070208
18-Jan-2025 14:38:56.232,0.464475,9.830592,-1.125275
18-Jan-2025 14:38:56.248,0.744597,10.010158,-0.804452
18-Jan-2025 14:38:56.264,0.490811,9.974244,-0.605733
18-Jan-2025 14:38:56.280,0.129287,9.947908,-0.658405
18-Jan-2025 14:38:56.296,0.227449,9.998186,-0.713472
18-Jan-2025 14:38:56.312,0.512359,10.01734,-0.814029
18-Jan-2025 14:38:56.328,0.454898,10.036493,-1.130063
18-Jan-2025 14:38:56.344,0.493206,10.132261,-1.283292
18-Jan-2025 14:38:56.360,0.787692,10.309433,-1.268927
18-Jan-2025 14:38:56.376,0.775721,10.43872,-0.845153
18-Jan-2025 14:38:56.392,0.744597,10.431537,-0.893037
18-Jan-2025 14:38:56.408,0.68953,10.417171,-0.895431
18-Jan-2025 14:38:56.424,0.61531,10.831368,0.174777
18-Jan-2025 14:38:56.441,0.720655,11.717223,-0.715866
18-Jan-2025 14:38:56.457,-0.079009,12.466608,-1.666364
18-Jan-2025 14:38:56.473,-0.857124,12.876017,-0.316035
18-Jan-2025 14:38:56.489,-1.204283,12.528857,0.385466
18-Jan-2025 14:38:56.505,-1.388637,11.587936,0.663194
18-Jan-2025 14:38:56.521,-1.252167,10.67814,0.586579
18-Jan-2025 14:38:56.537,-0.893037,9.801862,0.462081
18-Jan-2025 14:38:56.553,-0.732626,8.834604,0.536301
18-Jan-2025 14:38:56.569,-0.696713,7.821857,0.881066
18-Jan-2025 14:38:56.585,-0.711078,6.947973,1.716643
18-Jan-2025 14:38:56.601,-0.842759,6.402095,2.698265
18-Jan-2025 14:38:56.617,-0.727837,6.739678,2.288857
18-Jan-2025 14:38:56.633,-0.64404,7.876924,0.682347
18-Jan-2025 14:38:56.649,-0.471658,9.244013,0.227449
18-Jan-2025 14:38:56.666,-0.471658,10.896012,0.94571
18-Jan-2025 14:38:56.682,-0.521936,12.579136,1.376666
18-Jan-2025 14:38:56.698,0.227449,13.12262,0.938527
18-Jan-2025 14:38:56.714,-0.071826,12.129025,0.536301
18-Jan-2025 14:38:56.730,-0.457293,10.972627,-0.167594
18-Jan-2025 14:38:56.746,-0.454898,9.753978,-0.28491
18-Jan-2025 14:38:56.762,-0.287304,8.851364,0.184354
18-Jan-2025 14:38:56.778,-0.07422,8.415619,0.586579
18-Jan-2025 14:38:56.794,-0.198719,8.396465,0.586579
18-Jan-2025 14:38:56.810,-0.418985,8.781932,0.277727
18-Jan-2025 14:38:56.826,-0.354342,9.16261,0.114922
18-Jan-2025 14:38:56.842,-0.318429,9.3733,-0.11971
18-Jan-2025 14:38:56.858,-0.222661,9.56723,-0.361524
18-Jan-2025 14:38:56.874,0.088585,9.631873,-0.328006
18-Jan-2025 14:38:56.890,-0.117316,9.727641,-0.45011
18-Jan-2025 14:38:56.907,-0.387861,9.68694,-0.52433
18-Jan-2025 14:38:56.923,-0.438139,9.55047,-0.311246
18-Jan-2025 14:38:56.939,-0.435745,9.497798,-0.426168
18-Jan-2025 14:38:56.955,-0.42138,9.452309,-0.191536
18-Jan-2025 14:38:56.971,-0.361524,9.459491,-0.208296
18-Jan-2025 14:38:56.987,-0.373495,9.679757,-0.52433
18-Jan-2025 14:38:57.003,-0.126893,9.940725,-0.533907
18-Jan-2025 14:38:57.019,0.268151,10.220847,-0.227449
18-Jan-2025 14:38:57.035,0.31364,10.448297,-0.454898
18-Jan-2025 14:38:57.051,0.117316,10.599131,-0.679953
18-Jan-2025 14:38:57.067,-0.107739,10.366894,-0.577003
18-Jan-2025 14:38:57.083,-0.380678,9.947908,-0.646434
18-Jan-2025 14:38:57.099,-0.354342,9.648633,-0.790087
18-Jan-2025 14:38:57.115,-0.035913,9.433155,-0.672771
18-Jan-2025 14:38:57.131,0.555455,9.720459,-0.014365
18-Jan-2025 14:38:57.148,0.938527,10.424355,-0.138864
18-Jan-2025 14:38:57.163,0.790087,11.305421,-0.385466
18-Jan-2025 14:38:57.180,0.708684,11.939884,-0.399832
18-Jan-2025 14:38:57.196,0.282516,12.088325,-0.452504
18-Jan-2025 14:38:57.212,0.632069,11.475409,-0.174777
18-Jan-2025 14:38:57.228,1.381454,10.266336,-0.129287
18-Jan-2025 14:38:57.244,1.944092,8.872911,-0.265756
18-Jan-2025 14:38:57.260,1.922544,7.69257,0.361524
18-Jan-2025 14:38:57.276,1.798046,6.821081,1.572991
18-Jan-2025 14:38:57.292,1.577779,6.727707,1.922544
18-Jan-2025 14:38:57.308,1.288081,7.85777,0.555455
18-Jan-2025 14:38:57.324,1.491588,9.495404,-1.177947
18-Jan-2025 14:38:57.340,1.932121,11.3964,-1.757344
18-Jan-2025 14:38:57.357,2.042254,13.036428,-1.271321
18-Jan-2025 14:38:57.373,1.61848,13.627796,-0.794875
18-Jan-2025 14:38:57.388,0.804452,12.521675,-0.754174
18-Jan-2025 14:38:57.405,0.445322,11.003751,-0.696713
18-Jan-2025 14:38:57.421,0.567426,9.725247,-0.969652
18-Jan-2025 14:38:57.437,0.972046,8.676587,-1.103727
18-Jan-2025 14:38:57.453,0.984017,7.999028,-1.007959
18-Jan-2025 14:38:57.469,0.517148,7.589619,-0.995988
18-Jan-2025 14:38:57.485,0.241814,7.489063,-1.101333
18-Jan-2025 14:38:57.501,0.438139,7.860164,-1.031901
18-Jan-2025 14:38:57.517,0.622492,8.458714,-1.326388
18-Jan-2025 14:38:57.533,0.76375,9.153033,-1.661576
18-Jan-2025 14:38:57.549,1.074997,9.947908,-1.551443
18-Jan-2025 14:38:57.565,1.106121,9.715671,-2.236184
18-Jan-2025 14:38:57.581,0.560243,9.715671,-2.066196
18-Jan-2025 14:38:57.598,0.241814,9.964667,-1.975216
18-Jan-2025 14:38:57.614,0.002394,9.974244,-2.331953
18-Jan-2025 14:38:57.630,0.071826,9.885659,-2.494758
18-Jan-2025 14:38:57.646,0.347159,10.010158,-2.336741
18-Jan-2025 14:38:57.662,0.316035,10.000581,-2.183512
18-Jan-2025 14:38:57.678,0.323217,9.818622,-2.087744
18-Jan-2025 14:38:57.694,0.191536,9.923966,-2.20506
18-Jan-2025 14:38:57.710,-0.196325,9.828198,-2.703054
18-Jan-2025 14:38:57.726,-0.244209,9.92636,-2.624045
18-Jan-2025 14:38:57.742,-0.452504,9.931149,-2.396596
18-Jan-2025 14:38:57.758,-0.627281,9.928755,-2.200271
18-Jan-2025 14:38:57.774,-0.438139,9.967062,-1.944092
18-Jan-2025 14:38:57.790,-0.033519,10.041282,-1.098939
18-Jan-2025 14:38:57.806,-0.040701,10.398018,-1.256956
18-Jan-2025 14:38:57.822,-0.395043,10.529699,-2.506729
18-Jan-2025 14:38:57.839,-1.285686,10.663774,-2.121263
18-Jan-2025 14:38:57.855,-1.527501,10.728417,-1.127669
18-Jan-2025 14:38:57.871,-1.484405,10.929531,-0.962469
18-Jan-2025 14:38:57.887,-1.534683,11.164163,-0.869095
18-Jan-2025 14:38:57.903,-1.414973,11.501745,-0.756568
18-Jan-2025 14:38:57.919,-1.290475,11.602302,-0.629675
18-Jan-2025 14:38:57.935,-1.357512,11.087548,-0.229843
18-Jan-2025 14:38:57.951,-1.723825,10.398018,0.251391
18-Jan-2025 14:38:57.967,-2.032677,9.780313,0.213084
18-Jan-2025 14:38:57.983,-2.1883,9.205706,-0.275333
18-Jan-2025 14:38:57.999,-2.30801,8.734048,-0.426168
18-Jan-2025 14:38:58.015,-2.322376,8.298303,0.105345
18-Jan-2025 14:38:58.031,-2.317587,7.975086,0.912191
18-Jan-2025 14:38:58.047,-2.44448,7.991845,0.806846
18-Jan-2025 14:38:58.064,-2.614468,8.339005,0.574608
18-Jan-2025 14:38:58.080,-2.363077,8.813056,0.299275
18-Jan-2025 14:38:58.096,-2.001553,9.351752,0.117316
18-Jan-2025 14:38:58.112,-1.762132,9.902418,-0.07422
18-Jan-2025 14:38:58.128,-1.620875,10.160992,-0.055067
18-Jan-2025 14:38:58.144,-1.819593,10.117896,-0.378284
18-Jan-2025 14:38:58.160,-2.099715,9.902418,-0.234632
18-Jan-2025 14:38:58.176,-2.181118,9.557653,0.208296
18-Jan-2025 14:38:58.192,-2.214637,9.315839,0.423774
18-Jan-2025 14:38:58.208,-2.099715,9.186552,0.430956
18-Jan-2025 14:38:58.224,-1.831564,9.279925,0.294487
18-Jan-2025 14:38:58.240,-1.649605,9.40203,0.04549
18-Jan-2025 14:38:58.256,-1.594538,9.569624,0.019154
18-Jan-2025 14:38:58.273,-1.678335,9.832987,0.014365
18-Jan-2025 14:38:58.288,-1.642422,10.149021,0.098162
18-Jan-2025 14:38:58.305,-1.649605,10.445902,0.057461
18-Jan-2025 14:38:58.321,-1.675941,10.431537,-0.009577
18-Jan-2025 14:38:58.337,-1.807622,10.287885,0.203507
18-Jan-2025 14:38:58.353,-1.865083,10.096349,0.308852
18-Jan-2025 14:38:58.369,-1.898602,9.861717,0.35913
18-Jan-2025 14:38:58.385,-1.963245,9.742006,0.440533
18-Jan-2025 14:38:58.401,-1.623269,9.646238,0.395043
18-Jan-2025 14:38:58.417,-1.338359,9.514558,0.265756
18-Jan-2025 14:38:58.433,-1.218649,9.631873,-0.052672
18-Jan-2025 14:38:58.449,-1.031901,9.866506,0.004788
18-Jan-2025 14:38:58.465,-0.833182,10.496181,0.110133
18-Jan-2025 14:38:58.481,-0.897826,11.128249,-1.21386
18-Jan-2025 14:38:58.498,-0.964863,11.329363,-0.502782
18-Jan-2025 14:38:58.514,-0.409408,10.462662,1.015141
18-Jan-2025 14:38:58.530,-0.25618,9.574412,1.163582
18-Jan-2025 14:38:58.546,-0.260968,8.846576,0.411803
18-Jan-2025 14:38:58.562,-0.447716,8.726865,-0.11971
18-Jan-2025 14:38:58.578,-0.289698,8.784326,-0.565032
18-Jan-2025 14:38:58.594,0.181959,9.057265,-0.986411
18-Jan-2025 14:38:58.610,0.612916,9.349358,-0.811634
18-Jan-2025 14:38:58.626,1.151611,9.560047,-0.311246
18-Jan-2025 14:38:58.642,1.098939,10.055647,-0.28491
18-Jan-2025 14:38:58.658,0.746991,10.699687,-1.120486
18-Jan-2025 14:38:58.674,0.402226,11.228806,-1.805228
18-Jan-2025 14:38:58.690,-0.196325,11.444284,-2.042254
18-Jan-2025 14:38:58.707,-0.907402,11.080365,-1.817199
18-Jan-2025 14:38:58.722,-1.496376,10.572795,-1.584962
18-Jan-2025 14:38:58.739,-1.924938,10.029311,-1.608904
18-Jan-2025 14:38:58.755,-2.080561,9.574412,-1.486799
18-Jan-2025 14:38:58.771,-1.58975,9.198523,-1.465251
18-Jan-2025 14:38:58.787,-1.182736,8.839393,-1.393425
18-Jan-2025 14:38:58.803,-0.919373,8.585608,-1.254562
18-Jan-2025 14:38:58.819,-0.620098,8.485051,-1.316811
18-Jan-2025 14:38:58.835,-0.574608,8.537724,-1.355118
18-Jan-2025 14:38:58.851,-0.591368,8.698134,-1.276109
18-Jan-2025 14:38:58.867,-0.699107,9.052477,-1.223437
18-Jan-2025 14:38:58.883,-0.636858,9.528923,-1.23062
18-Jan-2025 14:38:58.898,-0.466869,9.940725,-1.187524
18-Jan-2025 14:38:58.915,-0.493206,10.263943,-1.343147
18-Jan-2025 14:38:58.931,-0.842759,10.512939,-1.343147
18-Jan-2025 14:38:58.947,-0.902614,10.546458,-1.316811
18-Jan-2025 14:38:58.964,-0.955287,10.568007,-1.302446
18-Jan-2025 14:38:58.980,-0.88346,10.524911,-1.326388
18-Jan-2025 14:38:58.996,-0.916979,10.465055,-1.364695
18-Jan-2025 14:38:59.012,-0.835576,10.254366,-1.23062
18-Jan-2025 14:38:59.028,-1.027112,10.230424,-1.414973
18-Jan-2025 14:38:59.044,-1.268927,10.189722,-1.417367
18-Jan-2025 14:38:59.060,-1.209072,10.019734,-1.381454
18-Jan-2025 14:38:59.076,-1.06542,9.696517,-1.192312
18-Jan-2025 14:38:59.092,-1.077391,9.607931,-1.175553
18-Jan-2025 14:38:59.108,-0.773327,9.55047,-0.88346
18-Jan-2025 14:38:59.124,-0.500388,9.809045,-1.015141
18-Jan-2025 14:38:59.140,-0.622492,10.13705,-1.400608
18-Jan-2025 14:38:59.156,-0.737414,10.409989,-0.931344
18-Jan-2025 14:38:59.172,-0.837971,10.584765,-0.859518
18-Jan-2025 14:38:59.189,-1.156399,10.831368,-1.060631
18-Jan-2025 14:38:59.205,-1.747767,10.723629,-1.21386
18-Jan-2025 14:38:59.221,-2.1883,10.268731,-1.031901
18-Jan-2025 14:38:59.237,-2.334347,9.849746,-0.792481
18-Jan-2025 14:38:59.253,-2.149993,9.473856,-0.536301
18-Jan-2025 14:38:59.269,-2.037466,9.124303,0.055067
18-Jan-2025 14:38:59.285,-1.666364,8.590396,0.177171
18-Jan-2025 14:38:59.301,-1.611298,8.250419,0.095768
18-Jan-2025 14:38:59.317,-1.960851,8.295909,0.143652
18-Jan-2025 14:38:59.333,-2.190695,8.422802,0.213084
18-Jan-2025 14:38:59.349,-2.121263,8.391677,0.435745
18-Jan-2025 14:38:59.365,-2.094927,8.319851,0.984017
18-Jan-2025 14:38:59.381,-2.255338,8.446744,1.391031
18-Jan-2025 14:38:59.397,-2.466028,8.884883,1.331176
18-Jan-2025 14:38:59.413,-2.566584,9.504981,0.701501
18-Jan-2025 14:38:59.430,-2.475605,10.060435,0.174777
18-Jan-2025 14:38:59.446,-2.676718,10.496181,-0.064643
18-Jan-2025 14:38:59.462,-2.791639,10.697293,0.088585
18-Jan-2025 14:38:59.478,-2.743755,10.613496,0.426168
18-Jan-2025 14:38:59.494,-2.928109,10.369287,0.888249
18-Jan-2025 14:38:59.510,-3.160346,10.058042,0.940921
18-Jan-2025 14:38:59.526,-3.270479,9.758766,0.440533
18-Jan-2025 14:38:59.542,-3.440468,9.61272,0.148441
18-Jan-2025 14:38:59.558,-3.519476,9.457097,0.629675
18-Jan-2025 14:38:59.574,-3.624821,9.385271,0.840365
18-Jan-2025 14:38:59.590,-3.608062,9.500193,0.847547
18-Jan-2025 14:38:59.607,-3.215413,9.624691,0.543484
18-Jan-2025 14:38:59.622,-3.081338,9.730036,0.043096
18-Jan-2025 14:38:59.638,-2.92332,9.749189,0.093374
18-Jan-2025 14:38:59.655,-2.595315,9.634268,0.361524
18-Jan-2025 14:38:59.671,-2.161964,9.509769,0.311246
18-Jan-2025 14:38:59.687,-1.982399,9.52174,-0.083797
18-Jan-2025 14:38:59.703,-2.104503,9.485827,-0.476446
18-Jan-2025 14:38:59.719,-2.181118,9.411607,-0.423774
18-Jan-2025 14:38:59.735,-2.123657,9.5385,-0.237026
18-Jan-2025 14:38:59.751,-1.991976,9.773131,-0.428562
18-Jan-2025 14:38:59.767,-2.126051,10.146626,-0.794875
18-Jan-2025 14:38:59.783,-2.329558,10.448297,-0.76375
18-Jan-2025 14:38:59.799,-2.181118,10.534488,-0.605733
18-Jan-2025 14:38:59.815,-2.003947,10.390836,-0.426168
18-Jan-2025 14:38:59.832,-1.877054,10.038888,-0.337582
18-Jan-2025 14:38:59.848,-1.675941,9.94312,-0.220267
18-Jan-2025 14:38:59.864,-1.601721,9.921572,-0.383072
18-Jan-2025 14:38:59.880,-1.505953,9.995792,-0.732626
18-Jan-2025 14:38:59.896,-1.266533,10.127473,-0.758962
18-Jan-2025 14:38:59.912,-0.890643,10.225636,-0.574608
18-Jan-2025 14:38:59.928,-0.447716,10.326192,-0.545878
18-Jan-2025 14:38:59.944,-0.509965,10.287885,-0.497994
18-Jan-2025 14:38:59.960,-0.912191,10.199299,-0.45011
18-Jan-2025 14:38:59.976,-0.991199,9.900024,-0.392649
18-Jan-2025 14:38:59.992,-0.45011,9.488221,-0.229843
18-Jan-2025 14:39:00.008,-0.019154,9.148245,0.098162
18-Jan-2025 14:39:00.024,-0.071826,9.143456,0.299275
18-Jan-2025 14:39:00.040,0.095768,9.193734,0.110133
18-Jan-2025 14:39:00.056,0.438139,9.208099,-0.129287
18-Jan-2025 14:39:00.072,0.596156,9.16261,-0.062249
18-Jan-2025 14:39:00.089,1.051055,9.263166,0.19393
18-Jan-2025 14:39:00.105,1.441309,9.509769,0.361524
18-Jan-2025 14:39:00.121,1.731008,10.038888,-0.002394
18-Jan-2025 14:39:00.137,1.805228,10.563218,-0.497994
18-Jan-2025 14:39:00.153,1.017536,11.097125,-0.682347
18-Jan-2025 14:39:00.169,0.488417,11.477803,-0.574608
18-Jan-2025 14:39:00.185,0.306458,11.398794,-0.354342
18-Jan-2025 14:39:00.201,0.411803,10.967838,-0.102951
18-Jan-2025 14:39:00.217,0.718261,10.335769,0.107739
18-Jan-2025 14:39:00.233,0.888249,9.61272,0.016759
18-Jan-2025 14:39:00.249,0.960075,9.002198,-0.457293
18-Jan-2025 14:39:00.265,0.787692,8.461109,-0.574608
18-Jan-2025 14:39:00.281,0.914585,8.14268,-0.347159
18-Jan-2025 14:39:00.297,1.144428,7.972692,-0.174777
18-Jan-2025 14:39:00.314,1.414973,8.073248,-0.07422
18-Jan-2025 14:39:00.330,1.668759,8.327033,-0.086191
18-Jan-2025 14:39:00.346,1.699883,8.813056,-0.445322
18-Jan-2025 14:39:00.362,1.558625,9.368511,-0.596156
18-Jan-2025 14:39:00.378,1.534683,9.718064,-0.416591
18-Jan-2025 14:39:00.394,1.283292,9.950302,-0.318429
18-Jan-2025 14:39:00.410,1.151611,10.067618,-0.471658
18-Jan-2025 14:39:00.426,0.986411,10.206482,-0.713472
18-Jan-2025 14:39:00.442,1.027112,10.268731,-0.845153
18-Jan-2025 14:39:00.458,1.072602,10.402806,-0.560243
18-Jan-2025 14:39:00.474,1.082179,10.388441,-0.529119
18-Jan-2025 14:39:00.491,0.924162,10.381259,-0.830788
18-Jan-2025 14:39:00.507,0.976834,10.311827,-0.823605
18-Jan-2025 14:39:00.523,1.340753,10.314221,-0.488417
18-Jan-2025 14:39:00.539,1.580173,10.510546,-0.225055
18-Jan-2025 14:39:00.555,1.359907,10.831368,-0.320823
18-Jan-2025 14:39:00.571,0.921768,11.118672,-0.553061
18-Jan-2025 14:39:00.587,0.500388,11.444284,-0.624887
18-Jan-2025 14:39:00.603,0.727837,11.631032,-0.529119
18-Jan-2025 14:39:00.619,1.194707,11.585542,-0.531513
18-Jan-2025 14:39:00.635,1.661576,11.525687,-0.110133
18-Jan-2025 14:39:00.651,1.915361,11.903971,0.588974
18-Jan-2025 14:39:00.667,1.300052,12.169727,0.062249
18-Jan-2025 14:39:00.683,-0.344765,12.509704,-0.237026
18-Jan-2025 14:39:00.699,-1.546654,12.564771,0.409408
18-Jan-2025 14:39:00.715,-1.707066,11.832145,1.292869
18-Jan-2025 14:39:00.732,-1.295263,10.910378,2.018312
18-Jan-2025 14:39:00.748,-1.165976,9.952697,1.731008
18-Jan-2025 14:39:00.764,-1.288081,9.028535,1.314417
18-Jan-2025 14:39:00.780,-1.915361,8.192958,1.309628
18-Jan-2025 14:39:00.796,-2.305616,7.357382,1.841141
18-Jan-2025 14:39:00.812,-2.418144,6.777985,2.454057
18-Jan-2025 14:39:00.828,-2.688689,6.878541,2.3535
18-Jan-2025 14:39:00.844,-2.384625,7.838616,1.649605
18-Jan-2025 14:39:00.860,-1.462857,8.8777,0.754174
18-Jan-2025 14:39:00.876,-0.4956,9.785102,0.181959
18-Jan-2025 14:39:00.892,-0.138864,10.572795,0.517148
18-Jan-2025 14:39:00.908,-0.232238,10.893618,1.017536
18-Jan-2025 14:39:00.924,-0.560243,10.448297,1.01993
18-Jan-2025 14:39:00.941,-0.926556,9.835381,0.579397
18-Jan-2025 14:39:00.957,-1.192312,9.25359,0.055067
18-Jan-2025 14:39:00.973,-1.163582,8.887277,-0.040701
18-Jan-2025 14:39:00.989,-0.840365,8.683769,0.371101
18-Jan-2025 14:39:01.005,-0.466869,8.755595,0.725443
18-Jan-2025 14:39:01.021,-0.296881,8.959103,0.536301
18-Jan-2025 14:39:01.037,-0.337582,9.167398,-0.023942
18-Jan-2025 14:39:01.053,-0.418985,9.363723,-0.268151
18-Jan-2025 14:39:01.069,-0.399832,9.531317,-0.189142
18-Jan-2025 14:39:01.085,-0.337582,9.627085,-0.057461
18-Jan-2025 14:39:01.101,-0.411803,9.691729,-0.134075
18-Jan-2025 14:39:01.117,-0.433351,9.619903,-0.102951
18-Jan-2025 14:39:01.133,-0.31364,9.512163,-0.299275
18-Jan-2025 14:39:01.150,-0.392649,9.409213,-0.301669
18-Jan-2025 14:39:01.166,-0.213084,9.32781,-0.292093
18-Jan-2025 14:39:01.182,-0.07422,9.380483,-0.275333
18-Jan-2025 14:39:01.198,0.189142,9.55047,-0.208296
18-Jan-2025 14:39:01.214,0.177171,9.763555,-0.181959
18-Jan-2025 14:39:01.230,0.019154,10.060435,0.021548
18-Jan-2025 14:39:01.246,0.117316,10.304645,0.038307
18-Jan-2025 14:39:01.262,0.476446,10.795456,-0.402226
18-Jan-2025 14:39:01.278,0.392649,11.106702,-0.672771
18-Jan-2025 14:39:01.294,0.251391,11.255142,-0.754174
18-Jan-2025 14:39:01.310,0.031125,11.149797,-0.639252
18-Jan-2025 14:39:01.326,-0.146046,10.91756,-0.59855
18-Jan-2025 14:39:01.342,-0.026336,10.905589,-0.849942
18-Jan-2025 14:39:01.359,0.730232,11.030087,-0.308852
18-Jan-2025 14:39:01.375,1.288081,11.317391,-0.052672
18-Jan-2025 14:39:01.390,0.895431,11.003751,-0.088585
18-Jan-2025 14:39:01.407,1.381454,11.810597,-0.031125
18-Jan-2025 14:39:01.423,0.907402,11.626244,0.067038
18-Jan-2025 14:39:01.439,0.136469,11.013328,0.488417
18-Jan-2025 14:39:01.455,0.011971,10.15381,1.156399
18-Jan-2025 14:39:01.471,0.586579,9.234436,1.388637
18-Jan-2025 14:39:01.487,1.120486,8.183381,0.97444
18-Jan-2025 14:39:01.503,1.525106,7.350199,0.861913
18-Jan-2025 14:39:01.519,1.697489,6.888118,1.000776
18-Jan-2025 14:39:01.535,1.508347,7.127539,0.902614
18-Jan-2025 14:39:01.551,1.33357,8.00621,0.629675
18-Jan-2025 14:39:01.566,1.491588,9.272743,0.318429
18-Jan-2025 14:39:01.583,1.221043,10.788273,-0.445322
18-Jan-2025 14:39:01.599,0.538695,11.808203,-0.852336
18-Jan-2025 14:39:01.616,-0.304064,12.014104,-0.80924
18-Jan-2025 14:39:01.632,-0.873884,11.48738,-0.232238
18-Jan-2025 14:39:01.648,-0.833182,10.666168,0.179565
18-Jan-2025 14:39:01.664,-0.395043,9.991004,-0.248997
18-Jan-2025 14:39:01.680,0.158017,9.368511,-1.149217
18-Jan-2025 14:39:01.696,0.632069,8.803479,-1.486799
18-Jan-2025 14:39:01.712,0.998382,8.331821,-0.976834
18-Jan-2025 14:39:01.728,0.998382,8.044518,-0.42138
18-Jan-2025 14:39:01.744,0.852336,7.960721,-0.09098
18-Jan-2025 14:39:01.760,0.500388,8.066066,-0.890643
18-Jan-2025 14:39:01.776,0.088585,8.578424,-1.309628
18-Jan-2025 14:39:01.792,-0.28491,9.150639,-1.546654
18-Jan-2025 14:39:01.808,-0.07422,9.749189,-1.486799
18-Jan-2025 14:39:01.824,0.059855,10.146626,-1.39582
18-Jan-2025 14:39:01.841,0.050278,10.314221,-1.45328
18-Jan-2025 14:39:01.857,0.071826,10.170568,-1.441309
18-Jan-2025 14:39:01.873,0.126893,9.811439,-1.352724
18-Jan-2025 14:39:01.889,-0.033519,9.528923,-1.400608
18-Jan-2025 14:39:01.905,-0.110133,9.346964,-1.520318
18-Jan-2025 14:39:01.921,0.09098,9.471462,-1.271321
18-Jan-2025 14:39:01.937,-0.014365,9.900024,-1.235408
18-Jan-2025 14:39:01.953,0.387861,10.431537,-1.54426
18-Jan-2025 14:39:01.969,0.464475,10.934319,-1.980005
18-Jan-2025 14:39:01.985,0.605733,11.291056,-1.881842
18-Jan-2025 14:39:02.001,0.349553,11.702858,-1.699883
18-Jan-2025 14:39:02.018,0.158017,11.700463,-1.848324
18-Jan-2025 14:39:02.033,0.172383,11.73877,-0.787692
18-Jan-2025 14:39:02.049,0.787692,11.300632,0.586579
18-Jan-2025 14:39:02.065,-0.225055,11.887212,-0.033519
18-Jan-2025 14:39:02.082,-1.345541,12.294226,-1.027112
18-Jan-2025 14:39:02.098,-2.214637,12.366052,-1.33357
18-Jan-2025 14:39:02.114,-2.432509,11.68131,-0.737414
18-Jan-2025 14:39:02.130,-2.363077,10.740389,0.708684
18-Jan-2025 14:39:02.146,-2.015918,9.648633,1.529895
18-Jan-2025 14:39:02.162,-1.771709,8.595184,1.49877
18-Jan-2025 14:39:02.178,-2.027889,7.570466,1.49877
18-Jan-2025 14:39:02.194,-2.157176,6.83784,1.575385
18-Jan-2025 14:39:02.210,-2.394202,6.945579,0.962469
18-Jan-2025 14:39:02.226,-1.951274,7.431602,-0.339977
18-Jan-2025 14:39:02.242,-1.335965,8.401254,-0.955287
18-Jan-2025 14:39:02.259,-0.857124,9.540894,-0.466869
18-Jan-2025 14:39:02.274,-1.01993,10.819398,0.529119
18-Jan-2025 14:39:02.290,-1.649605,11.549629,1.010353
18-Jan-2025 14:39:02.307,-1.233014,11.405977,0.823605
18-Jan-2025 14:39:02.323,-0.213084,11.123461,0.318429
18-Jan-2025 14:39:02.339,1.386243,10.663774,0.09098
18-Jan-2025 14:39:02.355,0.543484,9.751583,-0.289698
18-Jan-2025 14:39:02.371,-0.141258,8.805874,-0.600945
18-Jan-2025 14:39:02.387,-0.790087,8.204929,-0.308852
18-Jan-2025 14:39:02.403,-1.036689,8.257602,0.234632
18-Jan-2025 14:39:02.419,-1.177947,7.934384,0.009577
18-Jan-2025 14:39:02.435,-0.818817,8.109161,-0.31364
18-Jan-2025 14:39:02.451,-0.488417,8.695741,-0.459687
18-Jan-2025 14:39:02.467,-0.452504,9.085996,-0.407014
18-Jan-2025 14:39:02.483,-0.797269,9.323022,-0.500388
18-Jan-2025 14:39:02.500,-0.895431,9.452309,-0.622492
18-Jan-2025 14:39:02.516,-0.814029,9.639056,-0.500388
18-Jan-2025 14:39:02.532,-0.826,9.797073,-0.440533
18-Jan-2025 14:39:02.548,-0.804452,10.041282,-0.588974
18-Jan-2025 14:39:02.564,-0.936133,10.098742,-0.177171
18-Jan-2025 14:39:02.580,-0.76375,9.856929,0.050278
18-Jan-2025 14:39:02.596,-0.70629,9.816227,0.088585
18-Jan-2025 14:39:02.612,-0.418985,10.177752,0.004788
18-Jan-2025 14:39:02.628,-0.138864,10.362105,-0.665588
18-Jan-2025 14:39:02.644,0.172383,10.591949,-1.00317
18-Jan-2025 14:39:02.660,0.167594,10.601525,-0.730232
18-Jan-2025 14:39:02.676,-0.117316,10.560823,-0.557849
18-Jan-2025 14:39:02.692,-0.033519,10.697293,-0.337582
18-Jan-2025 14:39:02.708,0.251391,10.795456,-0.605733
18-Jan-2025 14:39:02.724,0.440533,10.998962,-0.909797
18-Jan-2025 14:39:02.741,0.859518,11.288661,-0.3304
18-Jan-2025 14:39:02.756,1.000776,11.518504,0.055067
18-Jan-2025 14:39:02.773,0.691924,11.511322,0.265756
18-Jan-2025 14:39:02.789,-0.064643,11.695675,0.059855
18-Jan-2025 14:39:02.805,-0.926556,12.3876,-0.251391
18-Jan-2025 14:39:02.821,0.007183,10.764331,0.694318
18-Jan-2025 14:39:02.837,0.497994,9.557653,1.683124
18-Jan-2025 14:39:02.853,1.252167,8.319851,1.254562
18-Jan-2025 14:39:02.869,1.189918,7.450756,0.581791
18-Jan-2025 14:39:02.885,0.950498,6.823475,0.363919
18-Jan-2025 14:39:02.901,0.536301,6.98628,0.545878
18-Jan-2025 14:39:02.917,0.754174,7.702147,0.397437
18-Jan-2025 14:39:02.933,1.728614,8.784326,0.148441
18-Jan-2025 14:39:02.949,2.461239,10.005369,-0.158017
18-Jan-2025 14:39:02.965,2.209848,11.506534,-0.545878
18-Jan-2025 14:39:02.982,1.479617,12.526464,-1.098939
18-Jan-2025 14:39:02.997,0.385466,12.629414,-1.192312
18-Jan-2025 14:39:03.013,-0.682347,11.925519,-0.617704
18-Jan-2025 14:39:03.030,-0.998382,10.967838,0.126893
18-Jan-2025 14:39:03.046,-0.608127,10.022128,0.1652
18-Jan-2025 14:39:03.062,-0.167594,9.306262,-0.849942
18-Jan-2025 14:39:03.078,0.263362,8.777143,-1.66397
18-Jan-2025 14:39:03.094,0.687136,8.322245,-1.388637
18-Jan-2025 14:39:03.110,0.847547,7.936779,-0.88346
18-Jan-2025 14:39:03.126,0.797269,7.872135,-0.639252
18-Jan-2025 14:39:03.142,0.806846,8.130709,-0.596156
18-Jan-2025 14:39:03.158,0.483629,8.671799,-0.888249
18-Jan-2025 14:39:03.174,0.040701,9.349358,-1.314417
18-Jan-2025 14:39:03.190,-0.138864,9.674969,-1.355118
18-Jan-2025 14:39:03.206,-0.316035,9.780313,-0.94571
18-Jan-2025 14:39:03.223,-0.203507,9.751583,-0.514753
18-Jan-2025 14:39:03.239,0.031125,9.73243,-0.514753
18-Jan-2025 14:39:03.255,0.301669,9.622296,-0.92895
18-Jan-2025 14:39:03.271,0.117316,9.595961,-1.489193
18-Jan-2025 14:39:03.287,0.007183,9.646238,-1.527501
18-Jan-2025 14:39:03.303,-0.050278,9.828198,-1.209072
18-Jan-2025 14:39:03.319,-0.112527,10.13705,-1.053449
18-Jan-2025 14:39:03.335,-0.260968,10.560823,-1.201889
18-Jan-2025 14:39:03.351,-0.397437,10.838552,-1.403002
18-Jan-2025 14:39:03.367,-0.411803,10.94629,-1.450886
18-Jan-2025 14:39:03.383,-0.452504,10.960655,-1.388637
18-Jan-2025 14:39:03.399,-0.237026,10.773908,-1.292869
18-Jan-2025 14:39:03.415,0.169988,10.630256,-0.727837
18-Jan-2025 14:39:03.431,0.083797,11.025299,-0.328006
18-Jan-2025 14:39:03.447,-0.579397,11.449073,-1.771709
18-Jan-2025 14:39:03.464,-1.587356,12.112267,-1.517924
18-Jan-2025 14:39:03.479,-1.369483,12.409147,-0.339977
18-Jan-2025 14:39:03.495,-1.283292,11.836933,0.107739
18-Jan-2025 14:39:03.512,-1.197101,11.101913,0.438139
18-Jan-2025 14:39:03.528,-0.986411,10.424355,0.325611
18-Jan-2025 14:39:03.544,-0.864307,10.043676,-0.040701
18-Jan-2025 14:39:03.560,-0.773327,9.698911,0.107739
18-Jan-2025 14:39:03.576,-1.086968,9.299079,0.418985
18-Jan-2025 14:39:03.592,-1.369483,8.987833,0.775721
18-Jan-2025 14:39:03.608,-1.80044,8.803479,1.017536
18-Jan-2025 14:39:03.624,-2.329558,8.777143,1.074997
18-Jan-2025 14:39:03.640,-2.552219,8.678981,1.13964
18-Jan-2025 14:39:03.656,-2.516306,8.276755,1.340753
18-Jan-2025 14:39:03.672,-2.583344,8.037335,1.944092
18-Jan-2025 14:39:03.688,-2.60968,8.2169,1.927332
18-Jan-2025 14:39:03.705,-2.978387,8.626308,1.290475
18-Jan-2025 14:39:03.720,-2.600103,9.093178,0.725443
18-Jan-2025 14:39:03.737,-2.195483,9.782708,1.031901
18-Jan-2025 14:39:03.753,-1.491588,10.275913,0.797269
18-Jan-2025 14:39:03.769,-1.18513,10.663774,0.687136
18-Jan-2025 14:39:03.785,-1.206678,10.656591,0.301669
18-Jan-2025 14:39:03.801,-1.434127,10.184934,0.241814
18-Jan-2025 14:39:03.817,-1.599327,9.677363,0.560243
18-Jan-2025 14:39:03.833,-1.661576,9.279925,0.756568
18-Jan-2025 14:39:03.849,-1.877054,9.069236,0.857124
18-Jan-2025 14:39:03.865,-1.94888,9.064447,0.758962
18-Jan-2025 14:39:03.881,-2.530671,7.508216,-0.011971
18-Jan-2025 14:39:03.897,-2.018312,10.036493,1.604115
18-Jan-2025 14:39:03.913,-1.915361,9.5385,1.146823
18-Jan-2025 14:39:03.929,-2.126051,10.038888,0.754174
18-Jan-2025 14:39:03.946,-2.528277,9.981427,0.351948
18-Jan-2025 14:39:03.961,-2.63841,10.024523,0.948104
18-Jan-2025 14:39:03.978,-2.305616,10.208876,1.666364
18-Jan-2025 14:39:03.994,-2.106898,10.007763,1.551443
18-Jan-2025 14:39:04.010,-2.190695,9.923966,1.091756
18-Jan-2025 14:39:04.026,-2.154782,9.902418,0.881066
18-Jan-2025 14:39:04.042,-1.939303,9.864111,0.914585
18-Jan-2025 14:39:04.058,-1.620875,9.962274,1.06542
18-Jan-2025 14:39:04.074,-1.240196,9.969456,0.979228
18-Jan-2025 14:39:04.090,-1.156399,10.16578,0.727837
18-Jan-2025 14:39:04.106,-1.046266,10.299856,0.76375
18-Jan-2025 14:39:04.122,-1.058237,10.469844,0.658405
18-Jan-2025 14:39:04.138,-0.957681,10.651803,0.509965
18-Jan-2025 14:39:04.154,-0.605733,10.601525,0.47884
18-Jan-2025 14:39:04.170,-0.577003,10.362105,0.486023
18-Jan-2025 14:39:04.187,-0.593762,9.986216,0.682347
18-Jan-2025 14:39:04.202,-0.617704,9.615114,0.68953
18-Jan-2025 14:39:04.218,-0.725443,9.275137,0.272939
18-Jan-2025 14:39:04.234,-0.991199,9.181764,-0.095768
18-Jan-2025 14:39:04.251,-0.986411,9.076419,-0.067038
18-Jan-2025 14:39:04.267,-0.6608,9.141062,0.189142
18-Jan-2025 14:39:04.283,-0.110133,9.294291,0.610521
18-Jan-2025 14:39:04.299,0.35913,9.368511,0.651223
18-Jan-2025 14:39:04.315,0.497994,9.572019,-0.457293
18-Jan-2025 14:39:04.331,0.584185,9.780313,-0.818817
18-Jan-2025 14:39:04.347,0.653617,10.04607,-0.407014
18-Jan-2025 14:39:04.363,0.754174,10.350134,0.059855
18-Jan-2025 14:39:04.379,0.761356,10.840945,0.117316
18-Jan-2025 14:39:04.395,0.42138,11.343728,-0.337582
18-Jan-2025 14:39:04.411,0.124498,11.465832,-0.651223
18-Jan-2025 14:39:04.428,-0.035913,11.034876,-0.545878
18-Jan-2025 14:39:04.444,0.016759,10.314221,-0.407014
18-Jan-2025 14:39:04.460,0.208296,9.514558,-0.268151
18-Jan-2025 14:39:04.476,0.40462,8.76996,-0.079009
18-Jan-2025 14:39:04.492,0.402226,8.269572,-0.002394
18-Jan-2025 14:39:04.508,0.213084,8.176199,-0.138864
18-Jan-2025 14:39:04.524,-0.035913,8.379706,-0.47884
18-Jan-2025 14:39:04.540,-0.160412,8.784326,-0.418985
18-Jan-2025 14:39:04.555,-0.069432,9.263166,0
18-Jan-2025 14:39:04.572,0.148441,9.856929,-0.038307
18-Jan-2025 14:39:04.588,0.423774,10.402806,0.059855
18-Jan-2025 14:39:04.604,0.526724,10.864887,-0.114922
18-Jan-2025 14:39:04.620,0.533907,11.149797,-0.229843
18-Jan-2025 14:39:04.636,0.500388,11.164163,-0.148441
18-Jan-2025 14:39:04.652,0.497994,10.912771,-0.275333
18-Jan-2025 14:39:04.669,0.462081,10.582372,-0.237026
18-Jan-2025 14:39:04.685,0.56982,10.180145,-0.086191
18-Jan-2025 14:39:04.701,0.555455,9.804255,0.011971
18-Jan-2025 14:39:04.717,0.553061,9.586384,0.026336
18-Jan-2025 14:39:04.733,0.61531,9.531317,0.260968
18-Jan-2025 14:39:04.749,0.713472,9.665392,0.507571
18-Jan-2025 14:39:04.765,0.447716,9.78989,0.258574
18-Jan-2025 14:39:04.781,0.225055,9.821015,0.203507
18-Jan-2025 14:39:04.797,0.268151,9.957485,0.454898
18-Jan-2025 14:39:04.813,0.787692,10.031705,0.864307
18-Jan-2025 14:39:04.829,1.000776,10.014946,0.782904
18-Jan-2025 14:39:04.845,0.840365,10.101137,0.320823
18-Jan-2025 14:39:04.861,1.010353,10.077195,0.203507
18-Jan-2025 14:39:04.876,1.335965,10.122684,0.371101
18-Jan-2025 14:39:04.894,1.685518,10.589554,0.948104
18-Jan-2025 14:39:04.910,1.678335,11.161768,0.481235
18-Jan-2025 14:39:04.926,1.149217,11.556811,-0.718261
18-Jan-2025 14:39:04.942,-0.354342,11.602302,-1.170765
18-Jan-2025 14:39:04.958,-1.529895,11.398794,-0.572214
18-Jan-2025 14:39:04.974,-1.771709,10.891224,-0.162806
18-Jan-2025 14:39:04.990,-1.690306,10.103531,-0.064643
18-Jan-2025 14:39:05.006,-1.182736,8.540117,-0.268151
18-Jan-2025 14:39:05.022,-0.651223,7.029376,0.402226
18-Jan-2025 14:39:05.038,-1.11091,5.65271,2.272097
18-Jan-2025 14:39:05.054,-2.937685,4.268862,3.08852
18-Jan-2025 14:39:05.070,-4.625597,5.226542,2.499547
18-Jan-2025 14:39:05.086,-4.182671,7.484274,-0.402226
18-Jan-2025 14:39:05.102,-2.913743,9.756371,-1.771709
18-Jan-2025 14:39:05.118,-1.771709,12.045229,-1.130063
18-Jan-2025 14:39:05.135,-1.036689,13.074736,0.732626
18-Jan-2025 14:39:05.151,-0.067038,12.715605,2.238579
18-Jan-2025 14:39:05.167,1.077391,12.859258,1.54426
18-Jan-2025 14:39:05.183,0.148441,11.343728,-0.438139
18-Jan-2025 14:39:05.199,-1.577779,10.491392,-1.659182
18-Jan-2025 14:39:05.215,-2.197877,9.385271,-1.359907
18-Jan-2025 14:39:05.231,-2.480393,8.714894,-0.268151
18-Jan-2025 14:39:05.247,-2.585738,8.748413,0.840365
18-Jan-2025 14:39:05.263,-1.73819,9.308656,0.998382
18-Jan-2025 14:39:05.279,-0.902614,9.287108,-0.050278
18-Jan-2025 14:39:05.295,-1.149217,9.840169,-1.180341
18-Jan-2025 14:39:05.311,-0.579397,9.785102,-0.895431
18-Jan-2025 14:39:05.327,-0.071826,9.222465,-0.28491
18-Jan-2025 14:39:05.343,-0.234632,9.354146,0.636858
18-Jan-2025 14:39:05.359,-0.308852,9.203311,0.426168
18-Jan-2025 14:39:05.375,-1.177947,9.411607,-0.411803
18-Jan-2025 14:39:05.392,-1.63524,9.720459,-0.873884
18-Jan-2025 14:39:05.408,-1.534683,10.06283,-0.572214
18-Jan-2025 14:39:05.424,-1.074997,10.27352,0.102951
18-Jan-2025 14:39:05.440,-0.92895,10.283096,0.031125
18-Jan-2025 14:39:05.456,-1.043872,10.342952,-0.509965
18-Jan-2025 14:39:05.472,-1.266533,10.414778,-0.512359
18-Jan-2025 14:39:05.488,-1.441309,9.818622,-0.344765
18-Jan-2025 14:39:05.504,-0.998382,11.015722,0.979228
18-Jan-2025 14:39:05.520,-1.221043,10.620679,0.150835
18-Jan-2025 14:39:05.536,-0.596156,11.133038,-0.122104
18-Jan-2025 14:39:05.552,-0.23942,11.492168,-0.174777
18-Jan-2025 14:39:05.568,-0.287304,11.686098,0.232238
18-Jan-2025 14:39:05.584,-0.344765,11.645397,0.914585
18-Jan-2025 14:39:05.600,-0.59855,11.365275,1.149217
18-Jan-2025 14:39:05.617,-0.42138,10.632649,0.814029
18-Jan-2025 14:39:05.633,0.057461,9.622296,0.675165
18-Jan-2025 14:39:05.649,0.304064,8.597578,0.691924
18-Jan-2025 14:39:05.665,0.289698,7.826645,0.756568
18-Jan-2025 14:39:05.681,0.289698,7.441179,0.70629
18-Jan-2025 14:39:05.697,-0.229843,7.833828,0.514753
18-Jan-2025 14:39:05.713,0.42138,7.754819,0.814029
18-Jan-2025 14:39:05.729,0.840365,8.135497,1.335965
18-Jan-2025 14:39:05.745,1.525106,8.702923,0.998382
18-Jan-2025 14:39:05.761,1.936909,9.85214,0.122104
18-Jan-2025 14:39:05.777,2.583344,11.104307,-0.392649
18-Jan-2025 14:39:05.793,2.825158,11.872847,0.160412
18-Jan-2025 14:39:05.809,2.798822,12.236765,0.725443
18-Jan-2025 14:39:05.826,3.332729,12.038046,1.149217
18-Jan-2025 14:39:05.842,2.463634,11.291056,0.742203
18-Jan-2025 14:39:05.858,1.338359,10.429143,-0.237026
18-Jan-2025 14:39:05.874,0.943315,9.720459,-0.229843
18-Jan-2025 14:39:05.890,1.412579,9.076419,0.155623
18-Jan-2025 14:39:05.906,1.70946,8.588001,0.064643
18-Jan-2025 14:39:05.922,1.482011,8.317456,-0.227449
18-Jan-2025 14:39:05.938,1.25935,8.192958,-0.40462
18-Jan-2025 14:39:05.954,1.278504,8.188169,-0.275333
18-Jan-2025 14:39:05.970,1.369483,8.456321,0.043096
18-Jan-2025 14:39:05.986,1.563414,8.848969,-0.009577
18-Jan-2025 14:39:06.002,1.661576,9.203311,-0.328006
18-Jan-2025 14:39:06.018,1.367089,9.636662,-0.656011
18-Jan-2025 14:39:06.034,0.859518,9.847352,-0.588974
18-Jan-2025 14:39:06.051,0.814029,9.82341,-0.47884
18-Jan-2025 14:39:06.067,0.912191,9.933543,-0.263362
18-Jan-2025 14:39:06.082,1.357512,9.923966,-0.234632
18-Jan-2025 14:39:06.099,1.077391,10.012551,-0.47884
18-Jan-2025 14:39:06.115,0.711078,9.988609,-0.574608
18-Jan-2025 14:39:06.131,0.830788,10.108319,-0.244209
18-Jan-2025 14:39:06.147,1.292869,10.271125,-0.28491
18-Jan-2025 14:39:06.163,1.177947,10.630256,-0.624887
18-Jan-2025 14:39:06.179,1.000776,11.032481,-0.751779
18-Jan-2025 14:39:06.195,0.926556,11.336545,-0.538695
18-Jan-2025 14:39:06.211,0.826,11.650186,-0.148441
18-Jan-2025 14:39:06.227,0.914585,11.93749,0.1652
18-Jan-2025 14:39:06.243,1.101333,12.253524,0.440533
18-Jan-2025 14:39:06.259,0.672771,12.567164,0.280122
18-Jan-2025 14:39:06.275,-0.177171,13.062764,0.040701
18-Jan-2025 14:39:06.291,-0.56982,13.182474,0.430956
18-Jan-2025 14:39:06.307,-0.895431,12.808979,1.422156
18-Jan-2025 14:39:06.323,-0.622492,11.451467,1.869871
18-Jan-2025 14:39:06.340,-0.873884,10.321404,1.970428
18-Jan-2025 14:39:06.356,-1.467646,9.325416,1.982399
18-Jan-2025 14:39:06.372,-2.054225,8.5473,1.73819
18-Jan-2025 14:39:06.388,-2.767697,7.66384,1.522712
18-Jan-2025 14:39:06.404,-2.303222,6.698977,1.505953
18-Jan-2025 14:39:06.420,-1.35033,6.157887,1.441309
18-Jan-2025 14:39:06.436,-0.916979,6.55293,1.039083
18-Jan-2025 14:39:06.452,-1.398214,7.781156,0.471658
18-Jan-2025 14:39:06.468,-1.398214,9.023746,0.289698
18-Jan-2025 14:39:06.484,-0.861913,10.125079,0.600945
18-Jan-2025 14:39:06.500,-0.770933,11.044453,1.06542
18-Jan-2025 14:39:06.517,-1.046266,11.724405,0.691924
18-Jan-2025 14:39:06.533,-0.521936,12.047623,-0.169988
18-Jan-2025 14:39:06.548,-0.6608,11.173739,0.062249
18-Jan-2025 14:39:06.565,-1.146823,10.407595,0.746991
18-Jan-2025 14:39:06.581,-0.893037,9.555259,0.80924
18-Jan-2025 14:39:06.597,-1.151611,8.920795,0.292093
18-Jan-2025 14:39:06.613,-1.472434,8.602366,0.397437
18-Jan-2025 14:39:06.629,-0.981623,8.549694,0.186748
18-Jan-2025 14:39:06.645,-0.785298,8.602366,-0.098162
18-Jan-2025 14:39:06.661,-0.775721,8.880095,-0.416591
18-Jan-2025 14:39:06.677,-0.464475,8.863335,-0.596156
18-Jan-2025 14:39:06.693,-0.229843,8.772355,-0.481235
18-Jan-2025 14:39:06.709,-0.071826,8.736442,0.040701
18-Jan-2025 14:39:06.725,-0.54109,9.009381,-0.246603
18-Jan-2025 14:39:06.741,-0.751779,9.263166,-0.591368
18-Jan-2025 14:39:06.758,-0.785298,9.172187,-0.471658
18-Jan-2025 14:39:06.773,-0.555455,9.67018,-0.476446
18-Jan-2025 14:39:06.789,-0.54109,9.890448,-0.42138
18-Jan-2025 14:39:06.806,-0.174777,10.014946,-0.373495
18-Jan-2025 14:39:06.822,-0.184354,10.036493,-0.426168
18-Jan-2025 14:39:06.838,-0.150835,9.890448,-0.457293
18-Jan-2025 14:39:06.854,-0.23942,9.768343,-0.629675
18-Jan-2025 14:39:06.870,-0.102951,9.691729,-0.828394
18-Jan-2025 14:39:06.886,0.158017,9.698911,-1.154005
18-Jan-2025 14:39:06.902,0.440533,10.18254,-1.520318
18-Jan-2025 14:39:06.918,0.588974,10.15381,-1.225831
18-Jan-2025 14:39:06.934,0.474052,10.141838,-0.778116
18-Jan-2025 14:39:06.950,0.141258,10.232818,-0.280122
18-Jan-2025 14:39:06.966,0.057461,10.280702,-0.54109
18-Jan-2025 14:39:06.982,0.09098,10.405201,-1.096544
18-Jan-2025 14:39:06.999,0.04549,10.692505,-1.21386
18-Jan-2025 14:39:07.015,0.169988,11.027693,-0.833182
18-Jan-2025 14:39:07.030,0.462081,11.259931,-0.684742
18-Jan-2025 14:39:07.047,0.617704,11.314998,-0.596156
18-Jan-2025 14:39:07.063,0.92895,11.365275,0.004788
18-Jan-2025 14:39:07.079,1.082179,11.511322,0.062249
18-Jan-2025 14:39:07.095,0.909797,11.619061,-0.232238
18-Jan-2025 14:39:07.111,0.610521,11.477803,-0.059855
18-Jan-2025 14:39:07.127,0.107739,10.953473,0.847547
18-Jan-2025 14:39:07.143,0.471658,9.785102,2.063802
18-Jan-2025 14:39:07.159,1.070208,8.59279,2.293645
18-Jan-2025 14:39:07.175,1.357512,7.558495,1.247379
18-Jan-2025 14:39:07.191,1.371878,6.864176,0.1652
18-Jan-2025 14:39:07.208,1.620875,6.524199,0.251391
18-Jan-2025 14:39:07.223,1.685518,6.576872,0.955287
18-Jan-2025 14:39:07.240,2.152387,7.374141,1.340753
18-Jan-2025 14:39:07.256,2.348712,8.552089,0.397437
18-Jan-2025 14:39:07.272,2.219425,10.278308,-0.586579
18-Jan-2025 14:39:07.288,1.381454,11.736377,-0.785298
18-Jan-2025 14:39:07.304,0.6608,11.932701,-0.134075
18-Jan-2025 14:39:07.320,0.581791,11.374852,0.577003
18-Jan-2025 14:39:07.336,1.077391,11.068395,0.605733
18-Jan-2025 14:39:07.352,2.801216,10.888829,-0.038307
18-Jan-2025 14:39:07.368,2.327164,9.995792,0.296881
18-Jan-2025 14:39:07.384,1.716643,9.457097,-0.766145
18-Jan-2025 14:39:07.400,1.144428,8.975863,-0.80924
18-Jan-2025 14:39:07.416,1.163582,8.549694,-0.672771
18-Jan-2025 14:39:07.432,1.053449,8.269572,-0.416591
18-Jan-2025 14:39:07.449,0.835576,8.379706,0.040701
18-Jan-2025 14:39:07.465,0.620098,8.645462,0.201113
18-Jan-2025 14:39:07.481,0.572214,9.030929,0.040701
18-Jan-2025 14:39:07.497,0.275333,9.478644,-0.418985
18-Jan-2025 14:39:07.513,0.493206,9.885659,-0.459687
18-Jan-2025 14:39:07.529,0.766145,10.086772,-0.23942
18-Jan-2025 14:39:07.544,0.857124,10.115502,-0.052672
18-Jan-2025 14:39:07.561,0.761356,10.01734,0.067038
18-Jan-2025 14:39:07.577,0.696713,9.907207,0.011971
18-Jan-2025 14:39:07.593,0.715866,9.935937,-0.110133
18-Jan-2025 14:39:07.609,0.878672,10.129868,-0.179565
18-Jan-2025 14:39:07.625,1.103727,10.469844,-0.220267
18-Jan-2025 14:39:07.641,1.300052,10.929531,-0.624887
18-Jan-2025 14:39:07.657,1.221043,11.358093,-0.847547
18-Jan-2025 14:39:07.673,1.221043,11.544841,-0.675165
18-Jan-2025 14:39:07.689,0.967257,11.518504,-0.263362
18-Jan-2025 14:39:07.705,0.600945,11.336545,0.035913
18-Jan-2025 14:39:07.722,0.332794,11.461043,0.347159
18-Jan-2025 14:39:07.738,0.011971,11.611878,0.402226
18-Jan-2025 14:39:07.754,-0.184354,11.700463,0.25618
18-Jan-2025 14:39:07.770,-0.531513,11.7268,0.052672
18-Jan-2025 14:39:07.786,-0.555455,11.049241,0.881066
18-Jan-2025 14:39:07.802,-0.794875,10.192117,1.865083
18-Jan-2025 14:39:07.818,-0.998382,9.409213,1.637634
18-Jan-2025 14:39:07.834,-1.060631,8.803479,0.584185
18-Jan-2025 14:39:07.850,-0.919373,8.104373,0.169988
18-Jan-2025 14:39:07.866,-1.47004,7.759608,0.562637
18-Jan-2025 14:39:07.882,-1.814805,7.867347,0.713472
18-Jan-2025 14:39:07.898,-1.209072,8.511387,0.586579
18-Jan-2025 14:39:07.914,-0.275333,9.643845,0.483629
18-Jan-2025 14:39:07.931,1.051055,10.817003,0.3304
18-Jan-2025 14:39:07.947,1.936909,11.540052,-0.093374
18-Jan-2025 14:39:07.963,2.197877,11.57836,-0.416591
18-Jan-2025 14:39:07.979,1.355118,10.939108,-0.347159
18-Jan-2025 14:39:07.995,1.007959,9.931149,-0.270545
18-Jan-2025 14:39:08.011,0.818817,9.002198,-0.263362
18-Jan-2025 14:39:08.027,0.222661,8.389283,-0.016759
18-Jan-2025 14:39:08.043,-0.129287,7.852982,0.31364
18-Jan-2025 14:39:08.059,-0.059855,7.694964,0.318429
18-Jan-2025 14:39:08.075,-0.179565,7.999028,0.016759
18-Jan-2025 14:39:08.091,-0.500388,8.578424,-0.61531
18-Jan-2025 14:39:08.107,-0.555455,9.129091,-1.264138
18-Jan-2025 14:39:08.123,-0.268151,9.605537,-1.429338
18-Jan-2025 14:39:08.139,0.40462,9.516952,-0.665588
18-Jan-2025 14:39:08.155,0.220267,9.581595,-0.383072
18-Jan-2025 14:39:08.171,-0.59855,9.660604,-0.536301
18-Jan-2025 14:39:08.187,-0.936133,9.804255,0.110133
18-Jan-2025 14:39:08.204,-0.790087,9.840169,0.493206
18-Jan-2025 14:39:08.219,-0.849942,9.821015,0.124498
18-Jan-2025 14:39:08.236,-0.991199,10.077195,-0.251391
18-Jan-2025 14:39:08.252,-0.876278,10.307038,-0.270545
18-Jan-2025 14:39:08.268,-0.713472,10.568007,-0.162806
18-Jan-2025 14:39:08.284,-0.351948,10.754754,-0.069432
18-Jan-2025 14:39:08.300,-0.222661,10.723629,-0.129287
18-Jan-2025 14:39:08.316,-0.349553,10.785878,-0.232238
18-Jan-2025 14:39:08.332,-0.122104,10.670957,-0.059855
18-Jan-2025 14:39:08.348,0.114922,10.565612,0.275333
18-Jan-2025 14:39:08.364,0.368707,10.627861,0.143652
18-Jan-2025 14:39:08.380,0.567426,11.049241,-0.105345
18-Jan-2025 14:39:08.396,0.605733,11.477803,0.095768
18-Jan-2025 14:39:08.413,0.605733,11.453861,0.725443
18-Jan-2025 14:39:08.428,0.529119,11.168951,0.981623
18-Jan-2025 14:39:08.445,0.976834,10.259154,0.488417
18-Jan-2025 14:39:08.461,1.441309,9.399636,0.804452
18-Jan-2025 14:39:08.477,1.374272,8.228871,0.526724
18-Jan-2025 14:39:08.493,1.125275,7.532158,0.502782
18-Jan-2025 14:39:08.509,0.543484,7.376535,0.617704
18-Jan-2025 14:39:08.525,0.237026,7.422025,0.488417
18-Jan-2025 14:39:08.541,0.979228,8.090008,0.055067
18-Jan-2025 14:39:08.557,1.51553,9.315839,-0.732626
18-Jan-2025 14:39:08.573,1.405396,10.869676,-1.300052
18-Jan-2025 14:39:08.589,1.041478,12.255919,-1.043872
18-Jan-2025 14:39:08.605,-0.344765,12.145785,-0.964863
18-Jan-2025 14:39:08.621,-0.009577,11.417948,0.004788
18-Jan-2025 14:39:08.638,0.859518,11.080365,0.395043
18-Jan-2025 14:39:08.654,1.323994,11.125855,-0.272939
18-Jan-2025 14:39:08.670,1.429338,11.417948,-1.158794
18-Jan-2025 14:39:08.686,1.012747,10.225636,-1.359907
18-Jan-2025 14:39:08.702,0.639252,9.100361,-0.378284
18-Jan-2025 14:39:08.718,0.42138,8.101978,-0.349553
18-Jan-2025 14:39:08.734,-0.095768,7.769185,-0.430956
18-Jan-2025 14:39:08.750,0.155623,7.644686,-0.579397
18-Jan-2025 14:39:08.766,0.584185,7.881712,-0.627281
18-Jan-2025 14:39:08.782,0.938527,8.420407,-0.586579
18-Jan-2025 14:39:08.798,1.455675,8.832211,-0.459687
18-Jan-2025 14:39:08.814,1.673547,9.222465,-0.490811
18-Jan-2025 14:39:08.830,1.513135,9.64145,-0.715866
18-Jan-2025 14:39:08.846,1.175553,10.048465,-0.799663
18-Jan-2025 14:39:08.863,1.082179,10.460267,-0.550666
18-Jan-2025 14:39:08.879,0.986411,10.869676,-0.442927
18-Jan-2025 14:39:08.895,1.031901,11.159374,-0.428562
18-Jan-2025 14:39:08.911,1.256956,11.293449,-0.670376
18-Jan-2025 14:39:08.927,1.13964,11.329363,-0.893037
18-Jan-2025 14:39:08.943,0.778116,11.190498,-0.878672
18-Jan-2025 14:39:08.959,0.505177,10.948685,-0.73502
18-Jan-2025 14:39:08.975,0.629675,10.733206,-0.519542
18-Jan-2025 14:39:08.991,0.881066,10.529699,-0.19393
18-Jan-2025 14:39:09.007,0.993594,10.263943,0.064643
18-Jan-2025 14:39:09.023,0.849942,10.383653,0.287304
18-Jan-2025 14:39:09.039,0.476446,10.611102,-0.122104
18-Jan-2025 14:39:09.055,-0.474052,11.025299,0.09098
18-Jan-2025 14:39:09.071,-1.659182,11.621455,0.550666
18-Jan-2025 14:39:09.088,-1.972822,11.669339,1.750161
18-Jan-2025 14:39:09.104,-1.613692,11.099519,2.387019
18-Jan-2025 14:39:09.120,-1.61848,10.663774,1.836353
18-Jan-2025 14:39:09.136,-1.484405,10.0341,0.466869
18-Jan-2025 14:39:09.152,-1.501164,9.502586,0.004788
18-Jan-2025 14:39:09.168,-1.541866,8.863335,0.718261
18-Jan-2025 14:39:09.184,-1.192312,8.288726,1.759738
18-Jan-2025 14:39:09.200,-0.679953,7.881712,2.396596
18-Jan-2025 14:39:09.216,-0.871489,7.908048,1.946486
18-Jan-2025 14:39:09.232,-1.074997,8.425196,0.938527
18-Jan-2025 14:39:09.248,-1.201889,9.030929,0.363919
18-Jan-2025 14:39:09.264,-0.888249,9.461885,0.54109
18-Jan-2025 14:39:09.280,-0.462081,9.849746,0.888249
18-Jan-2025 14:39:09.296,-0.658405,10.031705,0.641646
18-Jan-2025 14:39:09.313,-1.000776,9.892841,0.227449
18-Jan-2025 14:39:09.329,-1.292869,9.835381,0
18-Jan-2025 14:39:09.344,-1.362301,9.82341,0.325611
18-Jan-2025 14:39:09.361,-1.261744,9.782708,0.600945
18-Jan-2025 14:39:09.377,-1.472434,10.081984,0.761356
18-Jan-2025 14:39:09.393,-1.819593,10.479421,1.053449
18-Jan-2025 14:39:09.409,-2.128445,10.912771,1.156399
18-Jan-2025 14:39:09.425,-2.389413,11.212047,0.902614
18-Jan-2025 14:39:09.441,-2.274492,11.259931,0.725443
18-Jan-2025 14:39:09.457,-2.087744,10.876859,0.847547
18-Jan-2025 14:39:09.473,-1.889025,10.364499,1.058237
18-Jan-2025 14:39:09.489,-2.138022,9.315839,0.936133
18-Jan-2025 14:39:09.505,-1.582567,9.49301,1.209072
18-Jan-2025 14:39:09.521,-1.134852,9.052477,1.503559
18-Jan-2025 14:39:09.537,-1.963245,8.508993,0.931344
18-Jan-2025 14:39:09.554,-2.094927,8.755595,0.840365
18-Jan-2025 14:39:09.570,-1.666364,9.227253,0.869095
18-Jan-2025 14:39:09.585,-1.391031,9.725247,1.000776
18-Jan-2025 14:39:09.602,-1.362301,10.048465,1.199495
18-Jan-2025 14:39:09.618,-1.429338,10.201694,1.089362
18-Jan-2025 14:39:09.634,-1.446098,10.175357,0.737414
18-Jan-2025 14:39:09.650,-1.357512,10.012551,0.507571
18-Jan-2025 14:39:09.666,-1.288081,9.837775,0.529119
18-Jan-2025 14:39:09.682,-1.09415,9.684546,0.794875
18-Jan-2025 14:39:09.698,-1.175553,9.595961,0.802058
18-Jan-2025 14:39:09.714,-1.216254,9.56723,0.517148
18-Jan-2025 14:39:09.730,-1.199495,9.598354,0.253785
18-Jan-2025 14:39:09.746,-1.005565,9.727641,0.287304
18-Jan-2025 14:39:09.762,-0.739808,10.065224,0.280122
18-Jan-2025 14:39:09.778,-0.732626,10.436325,0.026336
18-Jan-2025 14:39:09.794,-0.852336,10.788273,0.093374
18-Jan-2025 14:39:09.811,-0.895431,10.793061,0.177171
18-Jan-2025 14:39:09.827,-0.790087,10.512939,0.21069
18-Jan-2025 14:39:09.843,-0.61531,10.031705,0.059855
18-Jan-2025 14:39:09.859,-0.296881,9.579201,-0.107739
18-Jan-2025 14:39:09.875,-0.014365,9.258378,-0.248997
18-Jan-2025 14:39:09.891,0.124498,9.009381,0.399832
18-Jan-2025 14:39:09.907,0.42138,8.870518,0.289698
18-Jan-2025 14:39:09.923,0.153229,8.834604,-0.158017
18-Jan-2025 14:39:09.939,-0.191536,9.033323,-0.246603
18-Jan-2025 14:39:09.955,0.201113,9.157822,-0.208296
18-Jan-2025 14:39:09.971,0.718261,9.186552,-0.557849
18-Jan-2025 14:39:09.987,1.319205,9.442732,-0.964863
18-Jan-2025 14:39:10.003,1.63524,9.744401,-1.247379
18-Jan-2025 14:39:10.020,1.946486,10.280702,-0.746991
18-Jan-2025 14:39:10.035,2.11408,11.087548,-0.258574
18-Jan-2025 14:39:10.052,2.346318,11.832145,-0.914585
18-Jan-2025 14:39:10.068,2.288857,12.447454,-1.850718
18-Jan-2025 14:39:10.084,1.522712,12.593501,-2.06859
18-Jan-2025 14:39:10.100,0.59855,12.117055,-1.482011
18-Jan-2025 14:39:10.116,0.158017,11.006145,-0.995988
18-Jan-2025 14:39:10.132,0.014365,9.988609,-0.873884
18-Jan-2025 14:39:10.148,0.306458,9.023746,-0.902614
18-Jan-2025 14:39:10.164,0.531513,8.042124,-1.031901
18-Jan-2025 14:39:10.180,1.017536,7.762002,-0.818817
18-Jan-2025 14:39:10.196,1.029507,7.366959,-0.766145
18-Jan-2025 14:39:10.212,0.888249,7.467515,-0.773327
18-Jan-2025 14:39:10.228,0.97444,7.682993,-0.857124
18-Jan-2025 14:39:10.245,1.053449,8.049306,-0.952892
18-Jan-2025 14:39:10.261,1.491588,8.674192,-0.976834
18-Jan-2025 14:39:10.277,1.472434,9.323022,-1.010353
18-Jan-2025 14:39:10.293,1.16837,9.959879,-1.022324
18-Jan-2025 14:39:10.309,1.113304,10.503363,-0.995988
18-Jan-2025 14:39:10.325,1.204283,10.812215,-1.04866
18-Jan-2025 14:39:10.341,1.04866,10.809821,-1.060631
18-Jan-2025 14:39:10.357,1.012747,10.532093,-1.055843
18-Jan-2025 14:39:10.373,0.92895,10.180145,-0.993594
18-Jan-2025 14:39:10.388,0.80924,10.055647,-0.821211
18-Jan-2025 14:39:10.405,0.816423,10.026917,-0.694318
18-Jan-2025 14:39:10.421,1.108515,9.856929,-0.624887
18-Jan-2025 14:39:10.437,1.47004,9.64145,-0.316035
18-Jan-2025 14:39:10.453,1.074997,9.651027,-0.457293
18-Jan-2025 14:39:10.469,0.593762,10.127473,-0.885855
18-Jan-2025 14:39:10.485,0.873884,10.675745,-1.024718
18-Jan-2025 14:39:10.502,1.146823,11.152191,-1.074997
18-Jan-2025 14:39:10.517,1.302446,11.473015,-0.955287
18-Jan-2025 14:39:10.534,1.776498,12.121843,0.28491
18-Jan-2025 14:39:10.550,1.910573,13.024457,-0.268151
18-Jan-2025 14:39:10.566,0.955287,13.127408,-0.718261
18-Jan-2025 14:39:10.582,-1.857901,13.922283,-0.687136
18-Jan-2025 14:39:10.598,-3.246537,13.977349,1.608904
18-Jan-2025 14:39:10.614,-1.929727,12.435484,3.58412
18-Jan-2025 14:39:10.630,-0.648829,10.618284,3.363853
18-Jan-2025 14:39:10.646,0.040701,8.827422,1.022324
18-Jan-2025 14:39:10.662,-0.37589,7.632715,0.232238
18-Jan-2025 14:39:10.678,-0.694318,6.926425,1.280898
18-Jan-2025 14:39:10.694,-2.03986,6.459556,2.020706
18-Jan-2025 14:39:10.709,-3.617639,6.497863,2.255338
18-Jan-2025 14:39:10.726,-4.065354,7.211336,1.637634
18-Jan-2025 14:39:10.742,-2.856283,8.542512,1.434127
18-Jan-2025 14:39:10.758,-0.416591,9.497798,0.766145
18-Jan-2025 14:39:10.775,2.044648,10.388441,0.545878
18-Jan-2025 14:39:10.790,3.284845,11.116279,0.457293
18-Jan-2025 14:39:10.807,2.03986,10.089166,-0.775721
18-Jan-2025 14:39:10.823,1.477222,10.474632,-0.347159
18-Jan-2025 14:39:10.839,-0.35913,9.366117,-0.117316
18-Jan-2025 14:39:10.855,-0.512359,8.604761,0.071826
18-Jan-2025 14:39:10.871,-0.426168,8.226477,-0.026336
18-Jan-2025 14:39:10.887,-0.591368,8.504205,-0.241814
18-Jan-2025 14:39:10.903,0.169988,7.845799,0.555455
18-Jan-2025 14:39:10.919,-0.435745,8.710106,-0.102951
18-Jan-2025 14:39:10.935,-0.301669,9.406818,-0.658405
18-Jan-2025 14:39:10.951,-0.079009,9.868899,-0.351948
18-Jan-2025 14:39:10.967,0.136469,10.196905,-0.25618
18-Jan-2025 14:39:10.983,0.208296,10.488997,-0.349553
18-Jan-2025 14:39:10.999,0.112527,10.424355,-0.663194
18-Jan-2025 14:39:11.016,-0.040701,10.014946,-0.35913
18-Jan-2025 14:39:11.032,-0.292093,9.466674,-0.407014
18-Jan-2025 14:39:11.048,-0.339977,9.009381,-0.411803
18-Jan-2025 14:39:11.064,-0.023942,8.832211,-0.318429
18-Jan-2025 14:39:11.080,0.241814,9.045294,-0.320823
18-Jan-2025 14:39:11.096,0.514753,9.332599,-0.500388
18-Jan-2025 14:39:11.112,0.773327,9.653421,-0.675165
18-Jan-2025 14:39:11.128,0.725443,10.156203,-0.600945
18-Jan-2025 14:39:11.144,0.514753,10.862494,-0.397437
18-Jan-2025 14:39:11.160,0.332794,11.317391,-0.114922
18-Jan-2025 14:39:11.176,0.162806,11.535264,0.126893
18-Jan-2025 14:39:11.192,-0.368707,11.425131,-0.299275
18-Jan-2025 14:39:11.208,-0.591368,11.518504,-0.414197
18-Jan-2025 14:39:11.224,0.457293,11.666945,-0.509965
18-Jan-2025 14:39:11.240,1.685518,11.767501,-0.203507
18-Jan-2025 14:39:11.256,2.252944,12.035652,0.529119
18-Jan-2025 14:39:11.272,2.193089,12.119449,0.691924
18-Jan-2025 14:39:11.288,1.628057,11.793838,0.502782
18-Jan-2025 14:39:11.304,1.010353,11.008539,0.672771
18-Jan-2025 14:39:11.320,0.979228,9.818622,1.319205
18-Jan-2025 14:39:11.337,1.383849,8.401254,1.719037
18-Jan-2025 14:39:11.353,1.16837,7.544129,1.525106
18-Jan-2025 14:39:11.369,0.761356,6.890512,1.489193
18-Jan-2025 14:39:11.385,0.591368,6.749255,1.386243
18-Jan-2025 14:39:11.401,0.725443,7.149086,0.648829
18-Jan-2025 14:39:11.417,0.873884,8.056489,-0.368707
18-Jan-2025 14:39:11.433,1.106121,9.19134,-0.696713
18-Jan-2025 14:39:11.449,1.412579,10.398018,-0.548272
18-Jan-2025 14:39:11.465,2.379837,11.307815,-0.213084
18-Jan-2025 14:39:11.481,2.178724,11.47062,0.54109
18-Jan-2025 14:39:11.497,1.221043,11.279084,0.80924
18-Jan-2025 14:39:11.513,0.466869,11.307815,0.761356
18-Jan-2025 14:39:11.530,0.1652,11.293449,-0.064643
18-Jan-2025 14:39:11.545,0.318429,10.275913,-0.332794
18-Jan-2025 14:39:11.562,0.553061,9.500193,-0.296881
18-Jan-2025 14:39:11.578,1.04866,8.676587,-0.562637
18-Jan-2025 14:39:11.594,0.794875,8.283937,-0.129287
18-Jan-2025 14:39:11.610,0.823605,8.046912,-0.553061
18-Jan-2025 14:39:11.626,0.758962,8.212111,-1.077391
18-Jan-2025 14:39:11.642,0.517148,8.580819,-0.931344
18-Jan-2025 14:39:11.658,0.605733,8.904037,-0.782904
18-Jan-2025 14:39:11.674,0.335188,9.358934,-0.758962
18-Jan-2025 14:39:11.690,0.241814,9.821015,-0.76375
18-Jan-2025 14:39:11.706,0.505177,9.967062,-0.926556
18-Jan-2025 14:39:11.722,0.328006,10.0748,-0.840365
18-Jan-2025 14:39:11.738,0.308852,9.866506,-0.675165
18-Jan-2025 14:39:11.754,0.316035,9.73243,-0.739808
18-Jan-2025 14:39:11.770,0.296881,9.643845,-1.007959
18-Jan-2025 14:39:11.786,0.316035,9.837775,-1.206678
18-Jan-2025 14:39:11.802,0.474052,10.160992,-1.223437
18-Jan-2025 14:39:11.819,0.462081,10.474632,-1.335965
18-Jan-2025 14:39:11.835,0.517148,10.884041,-1.448492
18-Jan-2025 14:39:11.851,0.744597,11.161768,-1.596933
18-Jan-2025 14:39:11.867,0.909797,11.422736,-1.39582
18-Jan-2025 14:39:11.883,1.170765,11.628637,-1.264138
18-Jan-2025 14:39:11.899,1.307234,11.844116,-0.833182
18-Jan-2025 14:39:11.915,1.410185,12.186486,-0.438139
18-Jan-2025 14:39:11.931,0.876278,12.140997,-1.132457
18-Jan-2025 14:39:11.947,-0.895431,11.7268,-1.314417
18-Jan-2025 14:39:11.963,-2.104503,11.621455,-0.555455
18-Jan-2025 14:39:11.979,-2.372654,11.171345,0.787692
18-Jan-2025 14:39:11.995,-2.336741,10.745177,1.764527
18-Jan-2025 14:39:12.011,-1.716643,9.969456,1.817199
18-Jan-2025 14:39:12.028,-0.691924,9.342175,1.273715
18-Jan-2025 14:39:12.044,-0.636858,8.341399,0.749385
18-Jan-2025 14:39:12.060,-1.216254,7.553706,0.981623
18-Jan-2025 14:39:12.076,-2.262521,7.314286,0.778116
18-Jan-2025 14:39:12.092,-2.169147,7.61835,0.328006
18-Jan-2025 14:39:12.108,-1.209072,8.537724,0.411803
18-Jan-2025 14:39:12.124,-0.260968,9.5385,0.610521
18-Jan-2025 14:39:12.140,0.023942,10.548853,0.423774
18-Jan-2025 14:39:12.156,0.440533,11.240777,0.21069
18-Jan-2025 14:39:12.172,1.216254,11.554418,0.217872
18-Jan-2025 14:39:12.188,0.435745,10.927136,-0.150835
18-Jan-2025 14:39:12.204,-0.21069,9.976639,-0.191536
18-Jan-2025 14:39:12.220,-0.37589,9.090784,-0.09098
18-Jan-2025 14:39:12.236,-0.213084,8.580819,0.02873
18-Jan-2025 14:39:12.252,-0.632069,8.420407,-0.124498
18-Jan-2025 14:39:12.268,-0.912191,8.288726,-0.545878
18-Jan-2025 14:39:12.284,-0.586579,8.50181,-0.646434
18-Jan-2025 14:39:12.301,-0.428562,8.913613,-0.658405
18-Jan-2025 14:39:12.317,-0.191536,9.313444,-0.701501
18-Jan-2025 14:39:12.333,-0.067038,9.583989,-0.694318
18-Jan-2025 14:39:12.349,-0.189142,9.586384,-0.59855
18-Jan-2025 14:39:12.365,-0.215478,9.552865,-0.746991
18-Jan-2025 14:39:12.381,-0.390255,9.643845,-0.78051
18-Jan-2025 14:39:12.397,-0.215478,9.718064,-0.758962
18-Jan-2025 14:39:12.413,0.129287,9.65821,-0.88346
18-Jan-2025 14:39:12.429,0.42138,9.679757,-0.88346
18-Jan-2025 14:39:12.445,0.42138,9.471462,-0.229843
18-Jan-2025 14:39:12.461,0.687136,9.560047,-0.694318
18-Jan-2025 14:39:12.477,0.6608,9.78989,-1.051055
18-Jan-2025 14:39:12.493,0.701501,10.307038,-1.053449
18-Jan-2025 14:39:12.509,0.64404,10.819398,-1.036689
18-Jan-2025 14:39:12.526,0.507571,10.996569,-0.936133
18-Jan-2025 14:39:12.542,0.174777,11.006145,-0.938527
18-Jan-2025 14:39:12.557,0.114922,10.848128,-1.343147
18-Jan-2025 14:39:12.574,0.287304,10.759542,-1.249773
18-Jan-2025 14:39:12.590,1.326388,10.778696,-1.060631
18-Jan-2025 14:39:12.606,1.745373,10.927136,-1.33357
18-Jan-2025 14:39:12.622,1.75495,10.955867,-0.814029
18-Jan-2025 14:39:12.638,1.793257,11.164163,0.174777
18-Jan-2025 14:39:12.654,1.527501,11.439496,-0.663194
18-Jan-2025 14:39:12.670,1.347936,11.346122,-1.096544
18-Jan-2025 14:39:12.686,1.106121,10.620679,0.050278
18-Jan-2025 14:39:12.702,1.118092,9.813833,1.015141
18-Jan-2025 14:39:12.718,1.101333,8.956709,0.557849
18-Jan-2025 14:39:12.734,1.266533,8.128315,-0.023942
18-Jan-2025 14:39:12.750,1.335965,7.383718,0.287304
18-Jan-2025 14:39:12.767,1.61848,6.933608,0.553061
18-Jan-2025 14:39:12.783,1.798046,7.216124,0.241814
18-Jan-2025 14:39:12.799,1.910573,8.386889,-0.337582
18-Jan-2025 14:39:12.815,2.267309,9.655815,-0.500388
18-Jan-2025 14:39:12.831,1.721431,11.238382,-0.483629
18-Jan-2025 14:39:12.847,1.182736,12.504915,-0.634463
18-Jan-2025 14:39:12.863,0.435745,12.787432,-0.969652
18-Jan-2025 14:39:12.879,-0.172383,11.925519,-0.785298
18-Jan-2025 14:39:12.895,-0.366313,10.601525,-0.442927
18-Jan-2025 14:39:12.911,-0.059855,9.665392,-0.916979
18-Jan-2025 14:39:12.927,0.423774,9.045294,-1.376666
18-Jan-2025 14:39:12.943,0.399832,8.590396,-1.493982
18-Jan-2025 14:39:12.959,0.371101,8.343793,-1.33357
18-Jan-2025 14:39:12.975,0.373495,8.243237,-1.098939
18-Jan-2025 14:39:12.992,0.311246,8.391677,-1.027112
18-Jan-2025 14:39:13.007,0.414197,8.655039,-1.132457
18-Jan-2025 14:39:13.024,0.201113,9.02614,-1.367089
18-Jan-2025 14:39:13.040,0.141258,9.397242,-1.388637
18-Jan-2025 14:39:13.056,0.423774,9.684546,-1.371878
18-Jan-2025 14:39:13.072,0.380678,9.830592,-1.412579
18-Jan-2025 14:39:13.088,0.368707,9.813833,-1.221043
18-Jan-2025 14:39:13.104,0.258574,9.624691,-1.307234
18-Jan-2025 14:39:13.120,0.088585,9.598354,-1.254562
18-Jan-2025 14:39:13.136,0.191536,9.454702,-1.21386
18-Jan-2025 14:39:13.152,0.311246,9.325416,-1.309628
18-Jan-2025 14:39:13.168,0.296881,9.519346,-1.527501
18-Jan-2025 14:39:13.184,0.40462,9.816227,-1.63524
18-Jan-2025 14:39:13.200,0.521936,10.208876,-1.860295
18-Jan-2025 14:39:13.216,0.248997,10.718841,-2.075773
18-Jan-2025 14:39:13.232,0.490811,10.788273,-1.867477
18-Jan-2025 14:39:13.248,1.414973,11.008539,-1.699883
18-Jan-2025 14:39:13.265,0.792481,10.850522,-1.850718
18-Jan-2025 14:39:13.281,0.931344,10.275913,-2.094927
18-Jan-2025 14:39:13.297,0.790087,9.988609,-1.915361
18-Jan-2025 14:39:13.313,1.01993,10.208876,-0.476446
18-Jan-2025 14:39:13.329,1.290475,10.972627,-1.027112
18-Jan-2025 14:39:13.345,0.110133,11.796232,-2.360683
18-Jan-2025 14:39:13.361,-1.414973,12.595895,-1.70946
18-Jan-2025 14:39:13.377,-1.118092,12.186486,-0.138864
18-Jan-2025 14:39:13.393,-0.792481,11.281479,0.385466
18-Jan-2025 14:39:13.409,-0.31364,10.247183,-0.198719
18-Jan-2025 14:39:13.425,-0.098162,9.279925,-0.720655
18-Jan-2025 14:39:13.441,-0.016759,8.494628,-0.567426
18-Jan-2025 14:39:13.457,-0.45011,7.898471,-0.282516
18-Jan-2025 14:39:13.474,-1.228225,7.762002,-0.071826
18-Jan-2025 14:39:13.489,-1.347936,7.975086,0.057461
18-Jan-2025 14:39:13.506,-1.235408,8.588001,0.177171
18-Jan-2025 14:39:13.522,-1.041478,9.356541,0.198719
18-Jan-2025 14:39:13.538,-0.991199,10.026917,-0.011971
18-Jan-2025 14:39:13.553,-1.592144,10.158598,0.237026
18-Jan-2025 14:39:13.570,-1.757344,10.299856,0.213084
18-Jan-2025 14:39:13.586,-1.142034,10.42196,-0.344765
18-Jan-2025 14:39:13.602,-0.047884,10.359711,-0.581791
18-Jan-2025 14:39:13.618,0.205901,10.82658,-0.177171
18-Jan-2025 14:39:13.634,0.600945,10.862494,-0.452504
18-Jan-2025 14:39:13.650,0.708684,10.979809,-0.476446
18-Jan-2025 14:39:13.666,0.172383,10.189722,-0.160412
18-Jan-2025 14:39:13.682,0.047884,9.569624,-0.423774
18-Jan-2025 14:39:13.698,-0.031125,9.220071,-0.76375
18-Jan-2025 14:39:13.715,0.102951,9.052477,-0.632069
18-Jan-2025 14:39:13.730,0.079009,8.892065,-0.768539
18-Jan-2025 14:39:13.747,-0.035913,9.119514,-0.816423
18-Jan-2025 14:39:13.763,0.131681,9.504981,-0.608127
18-Jan-2025 14:39:13.779,0.124498,9.773131,-0.648829
18-Jan-2025 14:39:13.795,-0.380678,10.081984,-0.73502
18-Jan-2025 14:39:13.811,-0.533907,10.292673,-0.507571
18-Jan-2025 14:39:13.827,-0.373495,10.309433,-0.232238
18-Jan-2025 14:39:13.843,-0.260968,10.216059,-0.40462
18-Jan-2025 14:39:13.859,-0.73502,9.825804,-0.59855
18-Jan-2025 14:39:13.874,-0.785298,9.560047,-0.337582
18-Jan-2025 14:39:13.891,-0.778116,9.40203,-0.54109
18-Jan-2025 14:39:13.907,-0.823605,9.315839,-0.038307
18-Jan-2025 14:39:13.923,-0.756568,9.478644,-0.117316
18-Jan-2025 14:39:13.939,-0.624887,9.792285,-0.304064
18-Jan-2025 14:39:13.956,-0.320823,10.213664,-0.347159
18-Jan-2025 14:39:13.971,-0.469264,10.536881,-0.447716
18-Jan-2025 14:39:13.988,-0.78051,10.714052,-0.335188
18-Jan-2025 14:39:14.004,-0.950498,10.749966,-0.076614
18-Jan-2025 14:39:14.020,-0.885855,10.749966,0.023942
18-Jan-2025 14:39:14.036,-0.612916,10.599131,-0.062249
18-Jan-2025 14:39:14.052,-0.531513,10.220847,-0.294487
18-Jan-2025 14:39:14.068,-0.567426,9.868899,-0.409408
18-Jan-2025 14:39:14.084,-0.550666,9.603143,-0.610521
18-Jan-2025 14:39:14.100,-0.6608,9.514558,-0.746991
18-Jan-2025 14:39:14.116,-0.679953,9.497798,-0.799663
18-Jan-2025 14:39:14.132,-0.442927,9.473856,-0.651223
18-Jan-2025 14:39:14.148,-0.146046,9.416395,-0.179565
18-Jan-2025 14:39:14.164,-0.076614,9.394848,-0.85473
18-Jan-2025 14:39:14.180,-0.361524,9.528923,-1.04866
18-Jan-2025 14:39:14.196,-0.402226,9.500193,-0.723049
18-Jan-2025 14:39:14.213,-0.464475,9.514558,-0.407014
18-Jan-2025 14:39:14.229,-0.47884,9.564836,-0.409408
18-Jan-2025 14:39:14.245,-0.35913,9.607931,-0.773327
18-Jan-2025 14:39:14.261,-0.146046,9.80665,-1.158794
18-Jan-2025 14:39:14.277,0.138864,9.737218,-0.940921
18-Jan-2025 14:39:14.293,0.098162,9.222465,-0.098162
18-Jan-2025 14:39:14.309,0.086191,8.805874,0.124498
18-Jan-2025 14:39:14.325,0.543484,8.774749,-0.304064
18-Jan-2025 14:39:14.341,1.510741,9.485827,-0.514753
18-Jan-2025 14:39:14.357,2.576161,10.728417,-0.507571
18-Jan-2025 14:39:14.373,4.311957,11.504139,-0.799663
18-Jan-2025 14:39:14.389,4.19943,11.918336,-1.120486
18-Jan-2025 14:39:14.405,3.047819,11.724405,-0.773327
18-Jan-2025 14:39:14.421,3.497929,11.240777,-0.122104
18-Jan-2025 14:39:14.437,3.722984,11.022904,-0.067038
18-Jan-2025 14:39:14.453,3.083732,11.061212,0.026336
18-Jan-2025 14:39:14.470,2.360683,10.644621,-0.483629
18-Jan-2025 14:39:14.486,1.474828,9.904813,-0.957681
18-Jan-2025 14:39:14.502,1.280898,9.255983,-0.823605
18-Jan-2025 14:39:14.518,1.118092,8.604761,-0.507571
18-Jan-2025 14:39:14.534,1.47004,8.192958,-0.426168
18-Jan-2025 14:39:14.550,1.651999,8.104373,-0.462081
18-Jan-2025 14:39:14.566,1.716643,8.298303,-0.438139
18-Jan-2025 14:39:14.582,2.078167,8.50181,-0.268151
18-Jan-2025 14:39:14.598,2.327164,8.820239,-0.100556
18-Jan-2025 14:39:14.614,2.377442,9.112331,-0.1652
18-Jan-2025 14:39:14.630,2.32477,9.509769,-0.301669
18-Jan-2025 14:39:14.646,2.53546,9.758766,-0.244209
18-Jan-2025 14:39:14.662,2.851494,9.995792,-0.083797
18-Jan-2025 14:39:14.678,2.987964,10.125079,-0.153229
18-Jan-2025 14:39:14.695,3.083732,10.170568,-0.260968
18-Jan-2025 14:39:14.711,3.102885,10.070012,-0.526724
18-Jan-2025 14:39:14.727,3.009511,9.861717,-0.684742
18-Jan-2025 14:39:14.743,2.710236,9.734824,-0.725443
18-Jan-2025 14:39:14.759,2.509123,9.77792,-0.584185
18-Jan-2025 14:39:14.775,2.449268,9.928755,-0.23942
18-Jan-2025 14:39:14.791,2.276886,9.979033,-0.325611
18-Jan-2025 14:39:14.807,1.881842,9.871294,-0.565032
18-Jan-2025 14:39:14.823,1.790863,9.605537,-0.464475
18-Jan-2025 14:39:14.839,1.889025,9.325416,-0.433351
18-Jan-2025 14:39:14.855,1.790863,9.165004,-0.385466
18-Jan-2025 14:39:14.871,1.946486,9.02614,-0.057461
18-Jan-2025 14:39:14.887,1.625663,9.342175,0.124498
18-Jan-2025 14:39:14.903,1.99437,9.370906,-0.124498
18-Jan-2025 14:39:14.919,1.900996,9.619903,-0.169988
18-Jan-2025 14:39:14.936,2.200271,9.583989,-0.354342
18-Jan-2025 14:39:14.952,2.23379,9.92636,0.172383
18-Jan-2025 14:39:14.968,2.427721,10.031705,-0.09098
18-Jan-2025 14:39:14.984,2.501941,10.038888,-0.667982
18-Jan-2025 14:39:15.000,2.533065,10.491392,-1.170765
18-Jan-2025 14:39:15.016,2.23379,10.180145,-0.629675
18-Jan-2025 14:39:15.032,1.987187,9.758766,0.064643
18-Jan-2025 14:39:15.048,2.157176,9.423578,-0.131681
18-Jan-2025 14:39:15.064,2.530671,9.334992,-0.414197
18-Jan-2025 14:39:15.080,2.456451,9.318233,-0.782904
18-Jan-2025 14:39:15.096,2.207454,9.435549,-0.90022
18-Jan-2025 14:39:15.112,1.99437,9.569624,-0.687136
18-Jan-2025 14:39:15.128,2.561796,10.053253,-0.972046
18-Jan-2025 14:39:15.144,1.343147,10.247183,-0.517148
18-Jan-2025 14:39:15.161,1.477222,10.177752,-0.011971
18-Jan-2025 14:39:15.176,1.201889,10.455479,-0.418985
18-Jan-2025 14:39:15.193,1.09415,10.477027,-0.529119
18-Jan-2025 14:39:15.209,1.211466,10.321404,-0.641646
18-Jan-2025 14:39:15.225,0.830788,10.553641,-0.134075
18-Jan-2025 14:39:15.241,0.787692,10.448297,-0.277727
18-Jan-2025 14:39:15.257,0.356736,10.500969,-0.107739
18-Jan-2025 14:39:15.273,-0.098162,10.481815,-0.052672
18-Jan-2025 14:39:15.289,-0.648829,10.55843,-0.040701
18-Jan-2025 14:39:15.305,-1.127669,10.433931,-0.45011
18-Jan-2025 14:39:15.321,-1.493982,10.412383,-0.909797
18-Jan-2025 14:39:15.337,-1.297657,9.945514,-0.830788
18-Jan-2025 14:39:15.353,-0.924162,9.378088,-0.320823
18-Jan-2025 14:39:15.369,-0.632069,8.750807,0.047884
18-Jan-2025 14:39:15.386,-1.115698,8.248025,0.09098
18-Jan-2025 14:39:15.401,-2.092532,8.169016,-0.31364
18-Jan-2025 14:39:15.418,-2.272097,8.590396,-0.80924
18-Jan-2025 14:39:15.434,-2.051831,9.323022,-1.328782
18-Jan-2025 14:39:15.450,-1.527501,10.038888,-1.359907
18-Jan-2025 14:39:15.466,-0.361524,9.41879,-0.993594
18-Jan-2025 14:39:15.482,-0.514753,9.368511,-0.600945
18-Jan-2025 14:39:15.498,-0.828394,9.131485,-0.641646
18-Jan-2025 14:39:15.514,-1.458069,9.251195,-0.488417
18-Jan-2025 14:39:15.530,-2.169147,9.651027,-0.325611
18-Jan-2025 14:39:15.546,-2.497152,9.636662,-0.797269
18-Jan-2025 14:39:15.562,-0.811634,10.295067,-1.005565
18-Jan-2025 14:39:15.578,-0.021548,10.237606,-0.881066
18-Jan-2025 14:39:15.594,0.138864,9.694122,-1.010353
18-Jan-2025 14:39:15.610,-0.732626,9.3733,-0.756568
18-Jan-2025 14:39:15.627,-1.115698,8.714894,-0.916979
18-Jan-2025 14:39:15.643,-1.314417,8.324639,-1.086968
18-Jan-2025 14:39:15.659,-0.960075,8.516175,-1.477222
18-Jan-2025 14:39:15.675,-0.756568,9.181764,-1.455675
18-Jan-2025 14:39:15.691,-0.675165,9.73243,-0.948104
18-Jan-2025 14:39:15.707,-0.665588,10.127473,-0.787692
18-Jan-2025 14:39:15.723,-0.550666,10.287885,-0.651223
18-Jan-2025 14:39:15.739,-0.70629,10.297462,-0.426168
18-Jan-2025 14:39:15.755,-0.732626,10.098742,-0.562637
18-Jan-2025 14:39:15.771,-0.787692,9.883265,-0.866701
18-Jan-2025 14:39:15.787,-0.287304,10.146626,-1.146823
18-Jan-2025 14:39:15.803,-0.727837,10.405201,-0.864307
18-Jan-2025 14:39:15.819,-0.560243,10.407595,-1.101333
18-Jan-2025 14:39:15.835,-0.605733,10.500969,-0.940921
18-Jan-2025 14:39:15.851,-0.591368,10.512939,-0.849942
18-Jan-2025 14:39:15.868,-0.517148,10.534488,-0.746991
18-Jan-2025 14:39:15.884,-0.586579,10.498574,-0.770933
18-Jan-2025 14:39:15.900,-0.658405,10.716447,-0.876278
18-Jan-2025 14:39:15.916,-0.177171,11.087548,-0.948104
18-Jan-2025 14:39:15.932,0.248997,11.391612,-1.163582
18-Jan-2025 14:39:15.948,0.418985,11.437101,-1.154005
18-Jan-2025 14:39:15.964,0.447716,11.415554,-0.725443
18-Jan-2025 14:39:15.980,1.051055,10.941502,-0.56982
18-Jan-2025 14:39:15.996,0.409408,11.087548,-0.23942
18-Jan-2025 14:39:16.012,0.323217,10.802638,-0.344765
18-Jan-2025 14:39:16.028,0.433351,10.180145,0.136469
18-Jan-2025 14:39:16.044,0.634463,9.473856,0.596156
18-Jan-2025 14:39:16.060,1.438915,8.307879,0.301669
18-Jan-2025 14:39:16.076,1.769315,7.522582,-0.117316
18-Jan-2025 14:39:16.093,1.987187,6.777985,0.100556
18-Jan-2025 14:39:16.109,1.584962,6.339846,0.531513
18-Jan-2025 14:39:16.125,3.715801,7.596802,0.787692
18-Jan-2025 14:39:16.141,4.072537,8.755595,-0.3304
18-Jan-2025 14:39:16.157,1.841141,10.527305,0.081403
18-Jan-2025 14:39:16.173,2.365471,11.848905,-0.021548
18-Jan-2025 14:39:16.189,2.942474,12.708423,-0.148441
18-Jan-2025 14:39:16.205,2.561796,12.945449,-0.093374
18-Jan-2025 14:39:16.221,0.998382,12.129025,-0.433351
18-Jan-2025 14:39:16.237,-0.397437,10.998962,-0.902614
18-Jan-2025 14:39:16.253,-0.500388,9.864111,0.141258
18-Jan-2025 14:39:16.269,-0.102951,8.971074,-0.179565
18-Jan-2025 14:39:16.285,0.038307,8.573636,-1.072602
18-Jan-2025 14:39:16.301,0.620098,8.135497,-1.352724
18-Jan-2025 14:39:16.317,1.221043,7.69257,-1.192312
18-Jan-2025 14:39:16.333,1.233014,7.486669,-0.94571
18-Jan-2025 14:39:16.349,0.955287,7.534553,-0.962469
18-Jan-2025 14:39:16.365,1.015141,8.044518,-0.986411
18-Jan-2025 14:39:16.382,0.962469,8.865729,-1.070208
18-Jan-2025 14:39:16.398,0.955287,9.710882,-0.703895
18-Jan-2025 14:39:16.414,1.182736,10.522516,-0.227449
18-Jan-2025 14:39:16.430,1.374272,10.821792,-0.486023
18-Jan-2025 14:39:16.446,1.23062,10.673351,-0.708684
18-Jan-2025 14:39:16.462,1.06542,10.357317,-0.402226
18-Jan-2025 14:39:16.478,1.041478,10.144233,-0.177171
18-Jan-2025 14:39:16.494,0.893037,10.058042,-0.486023
18-Jan-2025 14:39:16.510,0.916979,10.213664,-0.950498
18-Jan-2025 14:39:16.526,1.189918,10.457873,-1.280898
18-Jan-2025 14:39:16.542,1.331176,10.831368,-1.323994
18-Jan-2025 14:39:16.559,1.886631,10.99178,-0.11971
18-Jan-2025 14:39:16.574,1.640028,11.592725,0.636858
18-Jan-2025 14:39:16.590,0.94571,12.804191,-0.732626
18-Jan-2025 14:39:16.606,-1.13964,14.192827,-0.921768
18-Jan-2025 14:39:16.623,-1.659182,14.487314,0.869095
18-Jan-2025 14:39:16.639,-0.73502,13.354857,2.358289
18-Jan-2025 14:39:16.655,0.349553,11.975797,1.149217
18-Jan-2025 14:39:16.671,0.864307,10.474632,-0.4956
18-Jan-2025 14:39:16.687,0.687136,9.255983,-0.948104
18-Jan-2025 14:39:16.703,0.229843,7.891289,-0.050278
18-Jan-2025 14:39:16.719,-0.363919,6.988675,1.118092
18-Jan-2025 14:39:16.735,-1.086968,6.428432,1.527501
18-Jan-2025 14:39:16.751,-1.82917,6.481104,0.871489
18-Jan-2025 14:39:16.767,-1.96564,7.117962,-0.131681
18-Jan-2025 14:39:16.783,-1.414973,8.080431,-0.294487
18-Jan-2025 14:39:16.800,-0.639252,9.445126,0
18-Jan-2025 14:39:16.815,0.158017,10.812215,-0.253785
18-Jan-2025 14:39:16.831,0.624887,11.640609,-0.653617
18-Jan-2025 14:39:16.848,0.620098,11.829751,-0.684742
18-Jan-2025 14:39:16.863,0.198719,10.795456,-0.292093
18-Jan-2025 14:39:16.880,-0.150835,9.737218,-0.294487
18-Jan-2025 14:39:16.896,-0.402226,8.743625,-0.909797
18-Jan-2025 14:39:16.912,-0.754174,8.164227,-1.175553
18-Jan-2025 14:39:16.928,-0.76375,7.958326,-0.97444
18-Jan-2025 14:39:16.944,-0.634463,8.252813,-0.840365
18-Jan-2025 14:39:16.960,-0.289698,8.872911,-0.828394
18-Jan-2025 14:39:16.976,-0.205901,9.488221,-0.995988
18-Jan-2025 14:39:16.992,-0.19393,9.92636,-1.029507
18-Jan-2025 14:39:17.008,-0.258574,10.132261,-1.096544
18-Jan-2025 14:39:17.024,-0.423774,9.988609,-1.113304
18-Jan-2025 14:39:17.041,-0.512359,9.682152,-1.144428
18-Jan-2025 14:39:17.057,-0.627281,9.246407,-1.479617
18-Jan-2025 14:39:17.073,-0.608127,8.832211,-1.517924
18-Jan-2025 14:39:17.089,-0.342371,8.616732,-1.182736
18-Jan-2025 14:39:17.105,-0.146046,8.647857,-1.261744
18-Jan-2025 14:39:17.121,-0.263362,9.01417,-1.534683
18-Jan-2025 14:39:17.137,-0.277727,9.421184,-1.491588
18-Jan-2025 14:39:17.153,-0.004788,9.931149,-1.405396
18-Jan-2025 14:39:17.169,0.572214,10.225636,-1.288081
18-Jan-2025 14:39:17.184,0.605733,10.611102,-1.209072
18-Jan-2025 14:39:17.201,0.320823,10.479421,-0.931344
18-Jan-2025 14:39:17.217,-0.050278,10.477027,-0.799663
18-Jan-2025 14:39:17.233,-0.280122,10.089166,-1.156399
18-Jan-2025 14:39:17.249,0.442927,10.78109,-1.551443
18-Jan-2025 14:39:17.266,0.790087,11.11149,-1.668759
18-Jan-2025 14:39:17.282,1.101333,11.042058,-0.727837
18-Jan-2025 14:39:17.298,1.522712,11.686098,-0.857124
18-Jan-2025 14:39:17.314,0.926556,12.054806,-1.177947
18-Jan-2025 14:39:17.330,0.737414,12.689269,-0.823605
18-Jan-2025 14:39:17.346,0.730232,12.706028,-0.469264
18-Jan-2025 14:39:17.362,0.830788,12.119449,-0.014365
18-Jan-2025 14:39:17.378,0.840365,10.955867,0.299275
18-Jan-2025 14:39:17.394,1.015141,9.682152,0.184354
18-Jan-2025 14:39:17.410,0.940921,8.561666,0
18-Jan-2025 14:39:17.426,0.588974,7.685388,0.076614
18-Jan-2025 14:39:17.442,0.081403,6.904878,0.215478
18-Jan-2025 14:39:17.458,0.486023,6.663064,0.251391
18-Jan-2025 14:39:17.474,0.849942,6.703765,0.272939
18-Jan-2025 14:39:17.490,1.393425,7.359776,-0.275333
18-Jan-2025 14:39:17.507,1.795651,8.829816,-1.173159
18-Jan-2025 14:39:17.523,2.169147,10.649409,-1.472434
18-Jan-2025 14:39:17.538,2.073379,12.811374,-1.132457
18-Jan-2025 14:39:17.555,1.647211,14.116213,-1.774103
18-Jan-2025 14:39:17.571,1.601721,14.070724,-1.132457
18-Jan-2025 14:39:17.587,0.150835,13.697227,-0.861913
18-Jan-2025 14:39:17.603,0.244209,11.453861,-0.694318
18-Jan-2025 14:39:17.619,0.126893,9.722853,-0.950498
18-Jan-2025 14:39:17.635,0.301669,8.456321,-1.522712
18-Jan-2025 14:39:17.651,0.134075,7.524976,-2.080561
18-Jan-2025 14:39:17.667,0.186748,7.007828,-1.927332
18-Jan-2025 14:39:17.683,0.134075,6.897695,-1.594538
18-Jan-2025 14:39:17.699,0.21069,6.967127,-1.237802
18-Jan-2025 14:39:17.715,-0.021548,7.568071,-0.588974
18-Jan-2025 14:39:17.732,0.445322,8.422802,-1.563414
18-Jan-2025 14:39:17.748,0.612916,8.937555,-1.594538
18-Jan-2025 14:39:17.764,0.895431,9.414001,-1.276109
18-Jan-2025 14:39:17.780,0.790087,9.698911,-0.727837
18-Jan-2025 14:39:17.796,0.435745,10.026917,-0.529119
18-Jan-2025 14:39:17.812,0.167594,10.299856,-0.794875
18-Jan-2025 14:39:17.828,0.320823,10.465055,-1.431733
18-Jan-2025 14:39:17.844,0.203507,10.496181,-1.759738
18-Jan-2025 14:39:17.860,-0.035913,10.402806,-1.577779
18-Jan-2025 14:39:17.876,-0.100556,10.271125,-1.206678
18-Jan-2025 14:39:17.892,-0.275333,10.129868,-1.197101
18-Jan-2025 14:39:17.908,-0.397437,10.005369,-1.302446
18-Jan-2025 14:39:17.924,-0.356736,9.921572,-1.431733
18-Jan-2025 14:39:17.940,-0.390255,10.058042,-1.721431
18-Jan-2025 14:39:17.957,-0.35913,10.132261,-1.867477
18-Jan-2025 14:39:17.972,-0.002394,9.962274,-1.714248
18-Jan-2025 14:39:17.989,0.258574,9.825804,-1.731008
18-Jan-2025 14:39:18.005,0.392649,9.871294,-1.833959
18-Jan-2025 14:39:18.021,0.459687,10.168175,-1.769315
18-Jan-2025 14:39:18.037,0.232238,10.608707,-1.66397
18-Jan-2025 14:39:18.053,-0.464475,11.173739,-1.508347
18-Jan-2025 14:39:18.069,-1.628057,11.997345,-0.802058
18-Jan-2025 14:39:18.085,-2.315193,12.497733,-0.373495
18-Jan-2025 14:39:18.101,-1.951274,12.155362,0.320823
18-Jan-2025 14:39:18.117,-1.984793,10.742783,1.472434
18-Jan-2025 14:39:18.133,-1.625663,9.662998,1.659182
18-Jan-2025 14:39:18.149,-1.209072,9.016563,0.802058
18-Jan-2025 14:39:18.165,-0.746991,8.76996,-0.011971
18-Jan-2025 14:39:18.182,-0.399832,8.714894,-0.474052
18-Jan-2025 14:39:18.198,-0.56982,8.772355,-0.354342
18-Jan-2025 14:39:18.214,-0.667982,8.822633,0.351948
18-Jan-2025 14:39:18.230,-0.54109,9.172187,1.199495
18-Jan-2025 14:39:18.246,-0.70629,9.26556,1.345541
18-Jan-2025 14:39:18.262,-1.142034,9.799467,1.216254
18-Jan-2025 14:39:18.278,-1.644817,10.187328,0.991199
18-Jan-2025 14:39:18.294,-1.714248,10.232818,1.137246
18-Jan-2025 14:39:18.310,-1.525106,10.01734,1.335965
18-Jan-2025 14:39:18.326,-1.49877,9.902418,1.154005
18-Jan-2025 14:39:18.342,-1.412579,9.861717,0.823605
18-Jan-2025 14:39:18.358,-1.414973,9.885659,0.466869
18-Jan-2025 14:39:18.374,-1.316811,9.94312,0.311246
18-Jan-2025 14:39:18.390,-1.216254,10.050858,0.347159
18-Jan-2025 14:39:18.407,-1.393425,10.067618,0.275333
18-Jan-2025 14:39:18.423,-1.599327,10.180145,0.423774
18-Jan-2025 14:39:18.438,-1.345541,9.955091,0.830788
18-Jan-2025 14:39:18.455,-1.30484,9.873688,1.106121
18-Jan-2025 14:39:18.471,-1.671153,9.981427,0.76375
18-Jan-2025 14:39:18.487,-1.884237,10.220847,0.225055
18-Jan-2025 14:39:18.503,-1.752556,10.465055,0.031125
18-Jan-2025 14:39:18.519,-1.529895,10.603919,0.169988
18-Jan-2025 14:39:18.535,-1.486799,10.840945,0.409408
18-Jan-2025 14:39:18.551,-1.211466,10.709264,0.296881
18-Jan-2025 14:39:18.567,-1.254562,10.295067,0.258574
18-Jan-2025 14:39:18.583,-1.084573,9.794679,0.260968
18-Jan-2025 14:39:18.599,-0.754174,9.358934,0.253785
18-Jan-2025 14:39:18.615,-0.737414,9.172187,0.260968
18-Jan-2025 14:39:18.632,-0.940921,8.985439,0.172383
18-Jan-2025 14:39:18.648,-1.297657,9.052477,0.296881
18-Jan-2025 14:39:18.663,-1.407791,9.085996,0.378284
18-Jan-2025 14:39:18.680,-1.249773,9.153033,0.332794
18-Jan-2025 14:39:18.696,-0.967257,9.260772,-0.043096
18-Jan-2025 14:39:18.712,-0.6608,9.363723,-0.117316
18-Jan-2025 14:39:18.728,-0.385466,9.334992,0.328006
18-Jan-2025 14:39:18.744,-0.265756,9.296685,0.529119
18-Jan-2025 14:39:18.760,-0.399832,9.425972,0.292093
18-Jan-2025 14:39:18.776,-0.486023,9.631873,0.100556
18-Jan-2025 14:39:18.792,-0.452504,9.923966,0.122104
18-Jan-2025 14:39:18.808,-0.143652,10.06283,0.287304
18-Jan-2025 14:39:18.824,0.694318,10.014946,0.553061
18-Jan-2025 14:39:18.840,1.505953,9.962274,0.696713
18-Jan-2025 14:39:18.857,2.13084,9.964667,0.258574
18-Jan-2025 14:39:18.873,2.343924,10.611102,-0.107739
18-Jan-2025 14:39:18.889,1.788469,11.77229,-0.19393
18-Jan-2025 14:39:18.905,0.952892,12.876017,-0.311246
18-Jan-2025 14:39:18.921,0.560243,13.570335,-0.426168
18-Jan-2025 14:39:18.937,0.538695,13.115437,0.064643
18-Jan-2025 14:39:18.953,0.203507,12.050017,0.6608
18-Jan-2025 14:39:18.969,0.220267,10.989386,0.4956
18-Jan-2025 14:39:18.985,0.438139,9.955091,-0.150835
18-Jan-2025 14:39:19.001,0.342371,9.102755,-0.555455
18-Jan-2025 14:39:19.017,0.505177,8.324639,-0.385466
18-Jan-2025 14:39:19.033,0.696713,7.752425,0.186748
18-Jan-2025 14:39:19.049,0.727837,7.501034,0.52433
18-Jan-2025 14:39:19.065,0.830788,7.524976,0.483629
18-Jan-2025 14:39:19.081,0.962469,7.821857,0.050278
18-Jan-2025 14:39:19.097,1.158794,8.264784,-0.31364
18-Jan-2025 14:39:19.114,1.221043,8.724471,-0.392649
18-Jan-2025 14:39:19.130,1.381454,9.095572,-0.241814
18-Jan-2025 14:39:19.146,1.307234,9.449914,-0.169988
18-Jan-2025 14:39:19.162,0.998382,9.770737,-0.294487
18-Jan-2025 14:39:19.178,0.648829,10.172963,-0.301669
18-Jan-2025 14:39:19.194,0.632069,10.520123,-0.349553
18-Jan-2025 14:39:19.210,0.70629,10.577583,-0.59855
18-Jan-2025 14:39:19.226,0.596156,10.402806,-0.574608
18-Jan-2025 14:39:19.242,0.512359,10.240001,-0.466869
18-Jan-2025 14:39:19.258,0.550666,10.103531,-0.452504
18-Jan-2025 14:39:19.274,0.562637,10.002975,-0.486023
18-Jan-2025 14:39:19.290,0.73502,10.01734,-0.553061
18-Jan-2025 14:39:19.306,1.046266,9.907207,-0.294487
18-Jan-2025 14:39:19.322,1.21386,9.792285,-0.114922
18-Jan-2025 14:39:19.338,1.082179,9.847352,-0.304064
18-Jan-2025 14:39:19.354,0.885855,10.050858,-0.622492
18-Jan-2025 14:39:19.371,0.675165,10.441113,-0.797269
18-Jan-2025 14:39:19.387,0.775721,10.709264,-0.653617
18-Jan-2025 14:39:19.403,1.091756,10.929531,-0.670376
18-Jan-2025 14:39:19.419,1.553837,11.128249,-0.991199
18-Jan-2025 14:39:19.435,1.898602,11.288661,-1.218649
18-Jan-2025 14:39:19.451,2.030283,11.812991,-0.294487
18-Jan-2025 14:39:19.467,1.872266,12.473791,-0.823605
18-Jan-2025 14:39:19.483,0.857124,12.852075,-1.221043
18-Jan-2025 14:39:19.499,-0.014365,13.057976,-0.177171
18-Jan-2025 14:39:19.515,-0.890643,12.98615,1.067814
18-Jan-2025 14:39:19.531,-1.216254,11.822568,1.568202
18-Jan-2025 14:39:19.548,-1.067814,10.577583,1.441309
18-Jan-2025 14:39:19.564,-0.847547,9.382876,1.015141
18-Jan-2025 14:39:19.580,-0.608127,8.020576,1.256956
18-Jan-2025 14:39:19.596,-0.799663,6.969521,2.066196
18-Jan-2025 14:39:19.612,-0.871489,6.445191,2.552219
18-Jan-2025 14:39:19.628,-1.843535,6.272809,2.537854
18-Jan-2025 14:39:19.644,-2.961627,6.332664,2.092532
18-Jan-2025 14:39:19.660,-2.96881,7.706935,1.070208
18-Jan-2025 14:39:19.676,-2.154782,9.516952,-0.296881
18-Jan-2025 14:39:19.692,-0.902614,10.848128,-0.246603
18-Jan-2025 14:39:19.707,0.320823,11.784261,0.577003
18-Jan-2025 14:39:19.724,1.247379,12.322956,0.78051
18-Jan-2025 14:39:19.741,2.329558,12.694057,0.205901
18-Jan-2025 14:39:19.757,1.031901,11.654974,-0.347159
18-Jan-2025 14:39:19.773,-0.09098,10.208876,-0.378284
18-Jan-2025 14:39:19.789,-0.802058,8.961497,-0.366313
18-Jan-2025 14:39:19.805,-1.295263,8.003817,0.050278
18-Jan-2025 14:39:19.821,-1.704672,7.615956,0.440533
18-Jan-2025 14:39:19.837,-1.601721,7.690176,0.244209
18-Jan-2025 14:39:19.853,-1.072602,8.23366,-0.402226
18-Jan-2025 14:39:19.869,-0.555455,8.801085,-0.73502
18-Jan-2025 14:39:19.885,-0.332794,9.363723,-0.687136
18-Jan-2025 14:39:19.901,-0.402226,9.624691,-0.308852
18-Jan-2025 14:39:19.917,-0.646434,9.739613,0.04549
18-Jan-2025 14:39:19.933,-1.04866,9.718064,-0.067038
18-Jan-2025 14:39:19.949,-1.271321,9.720459,-0.409408
18-Jan-2025 14:39:19.966,-1.091756,9.718064,-0.464475
18-Jan-2025 14:39:19.981,-0.790087,9.746795,-0.486023
18-Jan-2025 14:39:19.998,-0.502782,9.710882,-0.675165
18-Jan-2025 14:39:20.014,-0.378284,9.710882,-0.94571
18-Jan-2025 14:39:20.030,-0.260968,9.718064,-0.964863
18-Jan-2025 14:39:20.046,-0.263362,9.679757,-0.857124
18-Jan-2025 14:39:20.062,-0.234632,9.677363,-0.64404
18-Jan-2025 14:39:20.078,-0.308852,9.701305,-0.600945
18-Jan-2025 14:39:20.094,-0.402226,9.734824,-0.670376
18-Jan-2025 14:39:20.110,-0.42138,9.911995,-0.916979
18-Jan-2025 14:39:20.126,-0.25618,10.012551,-0.952892
18-Jan-2025 14:39:20.142,-0.083797,10.122684,-0.995988
18-Jan-2025 14:39:20.158,-0.069432,10.055647,-1.194707
18-Jan-2025 14:39:20.174,0.021548,10.038888,-1.256956
18-Jan-2025 14:39:20.190,0.306458,10.132261,-1.130063
18-Jan-2025 14:39:20.206,0.37589,10.029311,-1.144428
18-Jan-2025 14:39:20.223,0.258574,10.321404,-1.312023
18-Jan-2025 14:39:20.239,0.050278,10.55843,-1.252167
18-Jan-2025 14:39:20.255,0.227449,10.472239,-1.611298
18-Jan-2025 14:39:20.271,0.019154,10.556035,-1.690306
18-Jan-2025 14:39:20.287,0.174777,10.354922,-1.295263
18-Jan-2025 14:39:20.303,0.416591,10.323798,-0.85473
18-Jan-2025 14:39:20.319,0.543484,10.419566,-0.612916
18-Jan-2025 14:39:20.335,0.610521,10.529699,-0.349553
18-Jan-2025 14:39:20.351,0.893037,10.896012,0.196325
18-Jan-2025 14:39:20.367,0.232238,11.563994,-0.608127
18-Jan-2025 14:39:20.383,-0.711078,11.583148,-0.713472
18-Jan-2025 14:39:20.399,-0.280122,10.656591,0.713472
18-Jan-2025 14:39:20.415,0.033519,9.727641,1.06542
18-Jan-2025 14:39:20.432,0.229843,8.499416,0.536301
18-Jan-2025 14:39:20.448,0.407014,7.491457,0.452504
18-Jan-2025 14:39:20.464,0.407014,7.201759,0.25618
18-Jan-2025 14:39:20.480,1.027112,7.230489,-0.217872
18-Jan-2025 14:39:20.496,1.067814,8.02297,-0.677559
18-Jan-2025 14:39:20.512,1.711854,9.361329,-1.132457
18-Jan-2025 14:39:20.528,1.484405,10.819398,-1.73819
18-Jan-2025 14:39:20.544,1.271321,12.064383,-1.249773
18-Jan-2025 14:39:20.560,1.115698,12.442666,-0.672771
18-Jan-2025 14:39:20.576,0.916979,12.224793,-0.019154
18-Jan-2025 14:39:20.592,1.158794,11.829751,-0.134075
18-Jan-2025 14:39:20.608,0.56982,10.584765,-0.837971
18-Jan-2025 14:39:20.624,-0.126893,9.689334,-1.434127
18-Jan-2025 14:39:20.640,-0.033519,8.65025,-1.264138
18-Jan-2025 14:39:20.657,0.241814,7.814674,-0.972046
18-Jan-2025 14:39:20.672,0.079009,7.309498,-1.127669
18-Jan-2025 14:39:20.688,-0.272939,7.137115,-1.086968
18-Jan-2025 14:39:20.705,-0.344765,7.275979,-0.902614
18-Jan-2025 14:39:20.721,0.296881,8.030152,-0.943315
18-Jan-2025 14:39:20.737,0.459687,9.062054,-1.362301
18-Jan-2025 14:39:20.753,0.634463,9.907207,-1.563414
18-Jan-2025 14:39:20.769,0.533907,10.374076,-1.393425
18-Jan-2025 14:39:20.785,0.237026,10.654198,-1.067814
18-Jan-2025 14:39:20.801,0.186748,10.386047,-0.675165
18-Jan-2025 14:39:20.817,0.052672,9.974244,-0.366313
18-Jan-2025 14:39:20.833,-0.098162,9.603143,-0.481235
18-Jan-2025 14:39:20.849,-0.184354,9.773131,-0.775721
18-Jan-2025 14:39:20.865,0.136469,10.251971,-1.029507
18-Jan-2025 14:39:20.881,0.469264,11.044453,-1.249773
18-Jan-2025 14:39:20.898,0.684742,11.767501,-0.744597
18-Jan-2025 14:39:20.913,0.40462,12.485762,0.067038
18-Jan-2025 14:39:20.929,-0.605733,13.256695,-0.383072
18-Jan-2025 14:39:20.946,-1.750161,13.745112,-0.088585
18-Jan-2025 14:39:20.962,-2.066196,14.041993,1.096544
18-Jan-2025 14:39:20.978,-0.251391,13.378799,2.23379
18-Jan-2025 14:39:20.994,-0.184354,12.08593,2.018312
18-Jan-2025 14:39:21.010,-0.45011,10.668563,1.23062
18-Jan-2025 14:39:21.026,-0.665588,9.248801,0.976834
18-Jan-2025 14:39:21.042,-0.335188,7.821857,1.398214
18-Jan-2025 14:39:21.058,-0.509965,7.041347,2.044648
18-Jan-2025 14:39:21.074,-1.30484,6.497863,2.602497
18-Jan-2025 14:39:21.090,-2.430115,6.294356,2.178724
18-Jan-2025 14:39:21.106,-2.999935,6.76362,1.465251
18-Jan-2025 14:39:21.123,-2.406173,7.917625,1.508347
18-Jan-2025 14:39:21.139,-1.240196,9.229648,1.704672
18-Jan-2025 14:39:21.155,-1.11091,10.366894,1.711854
18-Jan-2025 14:39:21.171,-0.70629,11.247959,1.280898
18-Jan-2025 14:39:21.187,0.385466,11.631032,1.144428
18-Jan-2025 14:39:21.203,1.005565,11.98298,0.914585
18-Jan-2025 14:39:21.219,0.560243,11.152191,0.306458
18-Jan-2025 14:39:21.235,-0.280122,9.940725,0.169988
18-Jan-2025 14:39:21.251,-0.519542,8.918402,0.270545
18-Jan-2025 14:39:21.267,-1.012747,8.413225,0.395043
18-Jan-2025 14:39:21.283,-1.632846,8.12592,0.430956
18-Jan-2025 14:39:21.299,-1.735796,8.034941,0.251391
18-Jan-2025 14:39:21.315,-1.022324,8.339005,0.409408
18-Jan-2025 14:39:21.332,-0.409408,8.74123,0.31364
18-Jan-2025 14:39:21.348,-0.251391,9.107543,-0.083797
18-Jan-2025 14:39:21.364,-0.102951,9.299079,-0.122104
18-Jan-2025 14:39:21.380,-0.093374,9.41879,0.004788
18-Jan-2025 14:39:21.396,-0.270545,9.653421,-0.196325
18-Jan-2025 14:39:21.412,-0.385466,9.835381,-0.098162
18-Jan-2025 14:39:21.428,-0.363919,10.055647,0.105345
18-Jan-2025 14:39:21.444,-0.184354,10.240001,0.208296
18-Jan-2025 14:39:21.460,-0.146046,10.307038,0.047884
18-Jan-2025 14:39:21.476,-0.107739,10.342952,-0.299275
18-Jan-2025 14:39:21.492,0.067038,10.225636,-0.383072
18-Jan-2025 14:39:21.508,0.282516,10.09156,-0.229843
18-Jan-2025 14:39:21.524,0.672771,10.134656,-0.076614
18-Jan-2025 14:39:21.540,0.861913,10.524911,-0.009577
18-Jan-2025 14:39:21.556,1.731008,10.931925,0.588974
18-Jan-2025 14:39:21.572,1.958457,11.563994,0.670376
18-Jan-2025 14:39:21.589,1.750161,12.354081,0.263362
18-Jan-2025 14:39:21.605,1.158794,12.916718,0.282516
18-Jan-2025 14:39:21.621,0.723049,12.825739,0.694318
18-Jan-2025 14:39:21.637,1.043872,11.829751,0.952892
18-Jan-2025 14:39:21.653,1.479617,10.500969,0.80924
18-Jan-2025 14:39:21.669,1.893813,9.069236,0.282516
18-Jan-2025 14:39:21.685,1.960851,7.869741,0.289698
18-Jan-2025 14:39:21.701,2.13084,7.060501,0.507571
18-Jan-2025 14:39:21.717,1.513135,6.864176,0.294487
18-Jan-2025 14:39:21.733,1.012747,6.969521,-0.416591
18-Jan-2025 14:39:21.749,0.826,7.675811,-0.663194
18-Jan-2025 14:39:21.765,1.091756,9.129091,-0.68953
18-Jan-2025 14:39:21.782,0.713472,10.809821,0.124498
18-Jan-2025 14:39:21.797,0.447716,11.757924,0.548272
18-Jan-2025 14:39:21.813,0.155623,11.992557,0.723049
18-Jan-2025 14:39:21.829,0.349553,12.073959,0.871489
18-Jan-2025 14:39:21.846,0.845153,11.935096,0.632069
18-Jan-2025 14:39:21.862,1.436521,11.058818,0.35913
18-Jan-2025 14:39:21.878,0.964863,9.923966,0.105345
18-Jan-2025 14:39:21.894,1.098939,8.880095,-0.833182
18-Jan-2025 14:39:21.910,1.309628,8.12592,-0.782904
18-Jan-2025 14:39:21.926,1.793257,7.687782,-0.435745
18-Jan-2025 14:39:21.942,1.326388,7.649475,-0.509965
18-Jan-2025 14:39:21.958,1.074997,8.025364,-0.407014
18-Jan-2025 14:39:21.974,1.254562,8.643068,-0.299275
18-Jan-2025 14:39:21.990,1.517924,9.375694,-0.430956
18-Jan-2025 14:39:22.007,1.606509,10.031705,-0.605733
18-Jan-2025 14:39:22.023,1.58975,10.515334,-0.61531
18-Jan-2025 14:39:22.039,1.56102,10.970232,-0.512359
18-Jan-2025 14:39:22.055,1.458069,11.176133,-0.481235
18-Jan-2025 14:39:22.071,1.367089,11.176133,-0.720655
18-Jan-2025 14:39:22.087,1.161188,11.161768,-0.816423
18-Jan-2025 14:39:22.103,1.000776,10.874464,-0.713472
18-Jan-2025 14:39:22.119,0.73502,10.611102,-0.509965
18-Jan-2025 14:39:22.135,0.957681,10.529699,-0.557849
18-Jan-2025 14:39:22.151,0.833182,10.357317,-0.514753
18-Jan-2025 14:39:22.167,0.737414,10.522516,-0.117316
18-Jan-2025 14:39:22.183,1.01993,11.207258,-0.502782
18-Jan-2025 14:39:22.199,0.471658,12.315774,-1.58975
18-Jan-2025 14:39:22.215,0.160412,12.660539,-1.007959
18-Jan-2025 14:39:22.231,0,11.856087,0.553061
18-Jan-2025 14:39:22.247,0.23942,10.386047,1.165976
18-Jan-2025 14:39:22.264,-0.026336,9.349358,0.356736
18-Jan-2025 14:39:22.280,-0.23942,8.616732,-0.543484
18-Jan-2025 14:39:22.296,-0.146046,8.070854,-0.627281
18-Jan-2025 14:39:22.312,0.146046,7.778761,-0.28491
18-Jan-2025 14:39:22.328,0.023942,7.785944,0.002394
18-Jan-2025 14:39:22.344,0.038307,7.891289,0.198719
18-Jan-2025 14:39:22.360,-0.055067,8.030152,0.248997
18-Jan-2025 14:39:22.375,-0.325611,8.183381,0.25618
18-Jan-2025 14:39:22.392,-0.488417,8.341399,0.385466
18-Jan-2025 14:39:22.408,-0.476446,8.532935,0.538695
18-Jan-2025 14:39:22.424,-0.378284,8.908825,0.433351
18-Jan-2025 14:39:22.440,-0.426168,9.452309,0.201113
18-Jan-2025 14:39:22.456,-0.373495,10.096349,-0.014365
18-Jan-2025 14:39:22.472,-0.126893,10.742783,-0.40462
18-Jan-2025 14:39:22.488,0.098162,11.171345,-0.581791
18-Jan-2025 14:39:22.505,0.3304,11.568783,-0.486023
18-Jan-2025 14:39:22.521,0.565032,11.525687,-0.215478
18-Jan-2025 14:39:22.537,0.292093,11.494562,-0.21069
18-Jan-2025 14:39:22.553,-0.191536,11.44189,-0.586579
18-Jan-2025 14:39:22.569,-0.122104,10.809821,-0.462081
18-Jan-2025 14:39:22.585,0.1652,10.199299,0.112527
18-Jan-2025 14:39:22.601,0.25618,9.519346,0.428562
18-Jan-2025 14:39:22.617,0.323217,9.23683,0.42138
18-Jan-2025 14:39:22.633,0.469264,8.89446,0.155623
18-Jan-2025 14:39:22.649,0.418985,8.568848,0.110133
18-Jan-2025 14:39:22.665,0.275333,8.341399,0.162806
18-Jan-2025 14:39:22.681,0.086191,8.355764,0.191536
18-Jan-2025 14:39:22.696,-0.079009,8.836999,0.37589
18-Jan-2025 14:39:22.713,0.136469,9.624691,0.002394
18-Jan-2025 14:39:22.730,0.071826,10.287885,-0.493206
18-Jan-2025 14:39:22.746,-0.009577,10.680533,-0.402226
18-Jan-2025 14:39:22.761,0.217872,10.907983,0.079009
18-Jan-2025 14:39:22.778,0.069432,11.077971,0.067038
18-Jan-2025 14:39:22.794,-0.067038,11.152191,0.153229
18-Jan-2025 14:39:22.810,0.057461,11.030087,0.486023
18-Jan-2025 14:39:22.826,0.265756,10.860099,0.648829
18-Jan-2025 14:39:22.842,0.1652,10.740389,0.560243
18-Jan-2025 14:39:22.858,0.335188,10.307038,0.179565
18-Jan-2025 14:39:22.874,0.308852,9.89763,0.100556
18-Jan-2025 14:39:22.890,0.272939,9.528923,0.143652
18-Jan-2025 14:39:22.906,0.153229,9.241618,0.356736
18-Jan-2025 14:39:22.922,0.095768,9.002198,0.636858
18-Jan-2025 14:39:22.938,0.023942,8.90643,0.562637
18-Jan-2025 14:39:22.954,-0.143652,9.095572,0.409408
18-Jan-2025 14:39:22.971,-0.100556,9.308656,0.3304
18-Jan-2025 14:39:22.987,-0.071826,9.691729,0.248997
18-Jan-2025 14:39:23.003,-0.081403,9.85214,0.428562
18-Jan-2025 14:39:23.019,-0.067038,9.935937,0.469264
18-Jan-2025 14:39:23.035,-0.155623,9.902418,0.354342
18-Jan-2025 14:39:23.051,-0.447716,9.89763,0.366313
18-Jan-2025 14:39:23.067,-0.543484,9.988609,0.550666
18-Jan-2025 14:39:23.083,-0.435745,10.213664,0.88346
18-Jan-2025 14:39:23.099,-0.162806,10.371682,0.754174
18-Jan-2025 14:39:23.115,-0.167594,10.776301,0.711078
18-Jan-2025 14:39:23.131,0.009577,10.788273,0.723049
18-Jan-2025 14:39:23.148,0.191536,10.627861,0.936133
18-Jan-2025 14:39:23.163,0.169988,10.46745,1.120486
18-Jan-2025 14:39:23.179,0.088585,10.436325,0.952892
18-Jan-2025 14:39:23.196,0.079009,10.342952,0.442927
18-Jan-2025 14:39:23.212,0.189142,10.220847,0.490811
18-Jan-2025 14:39:23.228,0.567426,9.950302,1.010353
18-Jan-2025 14:39:23.244,0.933739,9.514558,1.146823
18-Jan-2025 14:39:23.260,0.806846,9.337387,0.818817
18-Jan-2025 14:39:23.276,0.433351,9.557653,0.272939
18-Jan-2025 14:39:23.292,0.306458,10.129868,0.265756
18-Jan-2025 14:39:23.308,0.964863,10.529699,0.696713
18-Jan-2025 14:39:23.324,0.840365,10.687716,1.060631
18-Jan-2025 14:39:23.340,1.046266,10.053253,0.699107
18-Jan-2025 14:39:23.356,1.280898,9.583989,0.897826
18-Jan-2025 14:39:23.372,1.522712,9.19134,0.797269
18-Jan-2025 14:39:23.389,1.778892,8.89446,0.040701
18-Jan-2025 14:39:23.404,2.238579,8.975863,-0.023942
18-Jan-2025 14:39:23.421,2.8491,9.270349,0.114922
18-Jan-2025 14:39:23.437,2.925714,9.866506,-0.062249
18-Jan-2025 14:39:23.453,2.319981,10.639832,-0.486023
18-Jan-2025 14:39:23.469,2.138022,11.166556,-0.519542
18-Jan-2025 14:39:23.485,2.284068,11.03727,-0.158017
18-Jan-2025 14:39:23.501,1.963245,10.33098,0.124498
18-Jan-2025 14:39:23.517,1.644817,9.495404,0.055067
18-Jan-2025 14:39:23.533,1.434127,8.777143,-0.418985
18-Jan-2025 14:39:23.549,1.465251,8.283937,-0.629675
18-Jan-2025 14:39:23.565,1.702277,8.049306,-0.198719
18-Jan-2025 14:39:23.581,2.229002,8.063671,0.150835
18-Jan-2025 14:39:23.597,2.600103,8.300697,-0.098162
18-Jan-2025 14:39:23.613,2.77488,8.614338,-0.40462
18-Jan-2025 14:39:23.630,2.626439,9.023746,-0.526724
18-Jan-2025 14:39:23.646,2.396596,9.603143,-0.52433
18-Jan-2025 14:39:23.662,2.013524,10.21127,-0.497994
18-Jan-2025 14:39:23.678,1.721431,10.615891,-0.414197
18-Jan-2025 14:39:23.694,1.697489,10.836157,-0.229843
18-Jan-2025 14:39:23.710,1.704672,10.773908,0.093374
18-Jan-2025 14:39:23.726,1.407791,10.220847,0.244209
18-Jan-2025 14:39:23.742,1.199495,9.734824,0.383072
18-Jan-2025 14:39:23.758,1.362301,9.440337,0.225055
18-Jan-2025 14:39:23.774,1.719037,9.28232,0.086191
18-Jan-2025 14:39:23.790,2.013524,9.23683,0.117316
18-Jan-2025 14:39:23.806,2.181118,9.399636,-0.54109
18-Jan-2025 14:39:23.822,2.171541,9.77792,-0.936133
18-Jan-2025 14:39:23.838,1.999158,10.266336,-1.165976
18-Jan-2025 14:39:23.854,1.805228,10.67814,-0.955287
18-Jan-2025 14:39:23.871,2.027889,11.683704,0.033519
18-Jan-2025 14:39:23.887,1.872266,12.765883,1.362301
18-Jan-2025 14:39:23.903,1.319205,13.637373,0.792481
18-Jan-2025 14:39:23.919,-0.064643,14.779408,-0.6608
18-Jan-2025 14:39:23.935,0.3304,15.368381,-0.395043
18-Jan-2025 14:39:23.951,2.128445,13.414712,1.491588
18-Jan-2025 14:39:23.967,1.759738,10.778696,1.958457
18-Jan-2025 14:39:23.983,1.723825,8.983045,0.457293
18-Jan-2025 14:39:23.999,0.931344,7.66384,-0.201113
18-Jan-2025 14:39:24.015,0.335188,6.414066,0.529119
18-Jan-2025 14:39:24.031,-0.143652,5.590461,1.37906
18-Jan-2025 14:39:24.047,-1.017536,5.396531,1.113304
18-Jan-2025 14:39:24.063,-2.688689,5.793968,0.316035
18-Jan-2025 14:39:24.079,-1.410185,7.31668,-0.07422
18-Jan-2025 14:39:24.095,-0.162806,9.497798,-0.148441
18-Jan-2025 14:39:24.112,0.960075,11.257536,-0.308852
18-Jan-2025 14:39:24.128,2.375048,12.255919,-0.612916
18-Jan-2025 14:39:24.144,3.926491,12.545617,-0.699107
18-Jan-2025 14:39:24.160,1.90339,11.212047,-0.500388
18-Jan-2025 14:39:24.176,0.773327,9.634268,-0.126893
18-Jan-2025 14:39:24.192,0.241814,8.702923,0.076614
18-Jan-2025 14:39:24.208,-0.222661,8.248025,-0.083797
18-Jan-2025 14:39:24.224,-0.232238,8.350976,-0.038307
18-Jan-2025 14:39:24.240,0.146046,8.683769,0.162806
18-Jan-2025 14:39:24.256,0.047884,9.109938,0.158017
18-Jan-2025 14:39:24.273,-0.162806,9.533711,-0.131681
18-Jan-2025 14:39:24.288,-0.464475,9.952697,-0.56982
18-Jan-2025 14:39:24.305,-0.536301,10.072407,-0.440533
18-Jan-2025 14:39:24.321,-0.519542,10.115502,0.059855
18-Jan-2025 14:39:24.337,-1.134852,10.058042,0.011971
18-Jan-2025 14:39:24.353,-0.770933,9.78989,0.107739
18-Jan-2025 14:39:24.369,-0.61531,9.653421,-0.435745
18-Jan-2025 14:39:24.385,-0.507571,9.471462,-0.88346
18-Jan-2025 14:39:24.401,-0.292093,9.411607,-0.675165
18-Jan-2025 14:39:24.417,-0.114922,9.449914,-0.502782
18-Jan-2025 14:39:24.433,-0.057461,9.576807,-0.332794
18-Jan-2025 14:39:24.449,-0.167594,9.947908,-0.296881
18-Jan-2025 14:39:24.465,-0.244209,10.362105,-0.667982
18-Jan-2025 14:39:24.481,-0.244209,10.771513,-0.931344
18-Jan-2025 14:39:24.498,-0.004788,10.934319,-0.933739
18-Jan-2025 14:39:24.514,0.162806,10.876859,-0.823605
18-Jan-2025 14:39:24.529,0.215478,10.625467,-0.909797
18-Jan-2025 14:39:24.546,0.117316,10.216059,-0.972046
18-Jan-2025 14:39:24.562,0.174777,9.809045,-0.873884
18-Jan-2025 14:39:24.578,0.244209,9.77792,-1.125275
18-Jan-2025 14:39:24.594,0.260968,10.041282,-1.599327
18-Jan-2025 14:39:24.610,0.418985,10.223241,-1.572991
18-Jan-2025 14:39:24.626,0.620098,10.582372,-1.23062
18-Jan-2025 14:39:24.642,0.746991,11.152191,-1.053449
18-Jan-2025 14:39:24.658,0.723049,11.705252,-1.434127
18-Jan-2025 14:39:24.674,0.749385,11.803414,-1.726219
18-Jan-2025 14:39:24.690,0.474052,11.643003,-1.292869
18-Jan-2025 14:39:24.706,0.248997,10.805033,-0.675165
18-Jan-2025 14:39:24.722,0.754174,9.622296,0.059855
18-Jan-2025 14:39:24.738,1.252167,8.643068,0.167594
18-Jan-2025 14:39:24.755,1.517924,7.560889,-0.61531
18-Jan-2025 14:39:24.771,1.577779,6.785168,-1.043872
18-Jan-2025 14:39:24.787,2.140416,6.196194,-0.486023
18-Jan-2025 14:39:24.803,2.525883,6.009446,-0.146046
18-Jan-2025 14:39:24.819,3.086126,6.53617,-0.483629
18-Jan-2025 14:39:24.835,3.268085,8.188169,-1.369483
18-Jan-2025 14:39:24.851,4.024653,10.27352,-1.486799
18-Jan-2025 14:39:24.867,3.909731,12.684481,-1.118092
18-Jan-2025 14:39:24.883,3.102885,14.257471,-1.034295
18-Jan-2025 14:39:24.899,1.264138,15.212758,-1.268927
18-Jan-2025 14:39:24.915,-0.016759,13.692439,-0.847547
18-Jan-2025 14:39:24.931,0.059855,11.444284,0.452504
18-Jan-2025 14:39:24.948,0.179565,9.720459,-0.521936
18-Jan-2025 14:39:24.964,0.457293,8.499416,-2.123657
18-Jan-2025 14:39:24.980,0.624887,7.553706,-2.059013
18-Jan-2025 14:39:24.996,0.557849,6.847417,-1.292869
18-Jan-2025 14:39:25.012,-0.040701,6.483498,-0.995988
18-Jan-2025 14:39:25.028,0.071826,6.629545,-0.861913
18-Jan-2025 14:39:25.043,0.28491,7.115568,-1.034295
18-Jan-2025 14:39:25.060,0.577003,7.884106,-1.292869
18-Jan-2025 14:39:25.076,1.036689,8.556877,-1.482011
18-Jan-2025 14:39:25.092,1.309628,9.215282,-1.549049
18-Jan-2025 14:39:25.108,1.247379,9.775525,-1.486799
18-Jan-2025 14:39:25.124,1.039083,10.201694,-1.347936
18-Jan-2025 14:39:25.140,1.206678,10.591949,-0.730232
18-Jan-2025 14:39:25.157,0.914585,10.876859,-1.173159
18-Jan-2025 14:39:25.173,0.196325,11.207258,-1.199495
18-Jan-2025 14:39:25.189,0.76375,11.140221,-1.120486
18-Jan-2025 14:39:25.205,1.450886,11.279084,-1.558625
18-Jan-2025 14:39:25.221,1.644817,11.523293,-1.927332
18-Jan-2025 14:39:25.237,2.221819,11.415554,-2.252944
18-Jan-2025 14:39:25.253,1.96564,11.504139,-2.075773
18-Jan-2025 14:39:25.269,1.884237,11.616667,-0.691924
18-Jan-2025 14:39:25.285,1.493982,12.210428,-0.720655
18-Jan-2025 14:39:25.301,0.533907,12.856863,-1.795651
18-Jan-2025 14:39:25.317,-1.034295,13.402741,-1.513135
18-Jan-2025 14:39:25.333,-1.189918,12.938266,0.25618
18-Jan-2025 14:39:25.349,-0.603339,11.990162,1.42455
18-Jan-2025 14:39:25.364,0.414197,10.927136,0.881066
18-Jan-2025 14:39:25.381,1.244985,9.701305,-0.232238
18-Jan-2025 14:39:25.398,1.383849,8.983045,-1.264138
18-Jan-2025 14:39:25.414,0.931344,8.386889,-1.426944
18-Jan-2025 14:39:25.430,0.629675,7.831434,-0.790087
18-Jan-2025 14:39:25.446,0.131681,7.690176,-0.031125
18-Jan-2025 14:39:25.462,-0.658405,7.776367,0.347159
18-Jan-2025 14:39:25.478,-1.642422,7.778761,0.241814
18-Jan-2025 14:39:25.494,-2.255338,7.795521,0.057461
18-Jan-2025 14:39:25.510,-2.557007,7.680599,-0.201113
18-Jan-2025 14:39:25.526,-2.885013,7.742848,-0.138864
18-Jan-2025 14:39:25.542,-2.123657,8.746018,-0.869095
18-Jan-2025 14:39:25.558,-0.610521,9.962274,-0.940921
18-Jan-2025 14:39:25.574,0.232238,10.584765,-0.636858
18-Jan-2025 14:39:25.591,0.227449,10.591949,-0.35913
18-Jan-2025 14:39:25.607,-0.033519,10.050858,-0.306458
18-Jan-2025 14:39:25.623,-0.102951,9.574412,-0.146046
18-Jan-2025 14:39:25.639,0.095768,9.090784,-0.064643
18-Jan-2025 14:39:25.655,0.014365,8.846576,-0.28491
18-Jan-2025 14:39:25.671,-0.100556,8.688558,-0.371101
18-Jan-2025 14:39:25.687,0.052672,8.611943,-0.557849
18-Jan-2025 14:39:25.703,0.270545,8.633492,-0.699107
18-Jan-2025 14:39:25.719,0.536301,8.597578,-0.802058
18-Jan-2025 14:39:25.735,0.45011,8.947132,-0.818817
18-Jan-2025 14:39:25.751,0.050278,9.454702,-0.718261
18-Jan-2025 14:39:25.767,-0.138864,9.864111,-0.70629
18-Jan-2025 14:39:25.783,-0.069432,10.151415,-0.629675
18-Jan-2025 14:39:25.800,-0.038307,10.125079,-0.462081
18-Jan-2025 14:39:25.815,-0.215478,10.005369,-0.203507
18-Jan-2025 14:39:25.832,-0.201113,9.885659,0.201113
18-Jan-2025 14:39:25.848,0.069432,9.983821,0.244209
18-Jan-2025 14:39:25.864,0.052672,10.220847,0.019154
18-Jan-2025 14:39:25.880,0.064643,10.491392,-0.158017
18-Jan-2025 14:39:25.896,-0.150835,10.900801,0.282516
18-Jan-2025 14:39:25.912,-0.102951,11.291056,0.021548
18-Jan-2025 14:39:25.928,0.184354,11.403583,-0.730232
18-Jan-2025 14:39:25.944,0.545878,11.528081,0.237026
18-Jan-2025 14:39:25.960,1.393425,11.461043,1.256956
18-Jan-2025 14:39:25.976,1.209072,12.100295,1.355118
18-Jan-2025 14:39:25.992,1.61848,12.665327,0.624887
18-Jan-2025 14:39:26.008,1.209072,12.160151,1.163582
18-Jan-2025 14:39:26.025,1.465251,11.15698,2.042254
18-Jan-2025 14:39:26.041,1.793257,9.679757,2.128445
18-Jan-2025 14:39:26.057,2.300828,8.219295,1.474828
18-Jan-2025 14:39:26.073,1.280898,7.726089,1.450886
18-Jan-2025 14:39:26.089,1.467646,6.907272,1.695095
18-Jan-2025 14:39:26.105,2.181118,6.46195,2.291251
18-Jan-2025 14:39:26.121,1.735796,6.811504,1.61848
18-Jan-2025 14:39:26.137,1.070208,8.020576,0.840365
18-Jan-2025 14:39:26.153,0.792481,9.399636,0.407014
18-Jan-2025 14:39:26.169,0.967257,10.778696,0.371101
18-Jan-2025 14:39:26.185,1.321599,12.208035,0.430956
18-Jan-2025 14:39:26.201,1.431733,13.170504,0.701501
18-Jan-2025 14:39:26.217,2.161964,13.460202,0.371101
18-Jan-2025 14:39:26.234,1.642422,12.34211,0.033519
18-Jan-2025 14:39:26.250,1.769315,10.936713,-0.050278
18-Jan-2025 14:39:26.266,1.872266,9.907207,-0.407014
18-Jan-2025 14:39:26.282,1.960851,8.999804,-0.533907
18-Jan-2025 14:39:26.298,1.886631,8.219295,-0.538695
18-Jan-2025 14:39:26.314,1.910573,7.807492,-0.442927
18-Jan-2025 14:39:26.330,1.771709,7.321469,-0.591368
18-Jan-2025 14:39:26.346,1.568202,7.326257,-0.457293
18-Jan-2025 14:39:26.362,1.513135,7.728483,-0.387861
18-Jan-2025 14:39:26.378,1.596933,8.334216,-0.481235
18-Jan-2025 14:39:26.394,1.719037,8.954314,-0.533907
18-Jan-2025 14:39:26.410,1.637634,9.576807,-0.61531
18-Jan-2025 14:39:26.426,1.532289,10.120291,-0.691924
18-Jan-2025 14:39:26.443,1.431733,10.436325,-0.742203
18-Jan-2025 14:39:26.459,1.225831,10.532093,-0.964863
18-Jan-2025 14:39:26.475,1.118092,10.338163,-0.902614
18-Jan-2025 14:39:26.491,0.957681,10.041282,-1.010353
18-Jan-2025 14:39:26.507,0.962469,9.770737,-1.206678
18-Jan-2025 14:39:26.523,1.206678,9.56723,-1.278504
18-Jan-2025 14:39:26.539,1.343147,9.516952,-1.517924
18-Jan-2025 14:39:26.555,1.127669,9.543288,-1.711854
18-Jan-2025 14:39:26.571,0.888249,9.65821,-1.649605
18-Jan-2025 14:39:26.587,1.000776,9.698911,-1.419762
18-Jan-2025 14:39:26.603,0.893037,9.68694,-0.912191
18-Jan-2025 14:39:26.619,1.728614,10.247183,0.703895
18-Jan-2025 14:39:26.635,0.916979,10.850522,-0.435745
18-Jan-2025 14:39:26.651,-0.955287,12.021287,-2.097321
18-Jan-2025 14:39:26.667,-2.133234,13.385982,-0.699107
18-Jan-2025 14:39:26.684,-2.667141,14.607024,0.737414
18-Jan-2025 14:39:26.700,-2.616863,14.638149,1.161188
18-Jan-2025 14:39:26.716,-2.102109,13.53921,0.895431
18-Jan-2025 14:39:26.732,-1.860295,11.947066,-0.07422
18-Jan-2025 14:39:26.748,-1.757344,10.579977,-0.146046
18-Jan-2025 14:39:26.764,-1.61848,9.356541,0.292093
18-Jan-2025 14:39:26.780,-1.862689,8.360553,0.591368
18-Jan-2025 14:39:26.796,-2.200271,7.747637,0.742203
18-Jan-2025 14:39:26.812,-2.3535,7.522582,0.986411
18-Jan-2025 14:39:26.828,-2.363077,7.323863,1.525106
18-Jan-2025 14:39:26.844,-2.817975,7.489063,1.51553
18-Jan-2025 14:39:26.860,-2.331953,7.70933,1.750161
18-Jan-2025 14:39:26.876,-1.63524,7.848193,1.798046
18-Jan-2025 14:39:26.893,-1.362301,8.327033,1.608904
18-Jan-2025 14:39:26.908,-1.414973,9.150639,1.261744
18-Jan-2025 14:39:26.925,-0.893037,9.753978,1.261744
18-Jan-2025 14:39:26.941,-0.332794,10.25676,0.986411
18-Jan-2025 14:39:26.957,-0.222661,10.819398,0.914585
18-Jan-2025 14:39:26.973,-0.732626,11.298238,1.120486
18-Jan-2025 14:39:26.989,-1.910573,11.786655,1.161188
18-Jan-2025 14:39:27.005,-2.420538,11.762712,1.256956
18-Jan-2025 14:39:27.021,-2.166753,11.08276,1.13964
18-Jan-2025 14:39:27.037,-1.78368,10.247183,0.914585
18-Jan-2025 14:39:27.053,-1.35033,9.598354,0.59855
18-Jan-2025 14:39:27.069,-1.173159,9.208099,0.287304
18-Jan-2025 14:39:27.086,-1.13964,9.105149,0.107739
18-Jan-2025 14:39:27.102,-1.067814,9.227253,0.181959
18-Jan-2025 14:39:27.117,-0.80924,9.41879,-0.062249
18-Jan-2025 14:39:27.134,-0.826,9.698911,-0.42138
18-Jan-2025 14:39:27.150,-1.022324,9.986216,-0.61531
18-Jan-2025 14:39:27.166,-1.146823,10.175357,-0.512359
18-Jan-2025 14:39:27.182,-1.151611,10.218452,-0.407014
18-Jan-2025 14:39:27.198,-0.742203,10.524911,-0.603339
18-Jan-2025 14:39:27.214,-0.826,10.565612,-0.675165
18-Jan-2025 14:39:27.230,-0.624887,10.716447,-0.339977
18-Jan-2025 14:39:27.246,-0.438139,10.754754,-0.61531
18-Jan-2025 14:39:27.262,-0.280122,11.051635,-1.482011
18-Jan-2025 14:39:27.278,-0.658405,10.5704,-1.252167
18-Jan-2025 14:39:27.295,-0.399832,9.923966,0.09098
18-Jan-2025 14:39:27.311,0.038307,8.959103,0.339977
18-Jan-2025 14:39:27.327,0.136469,7.905654,-0.126893
18-Jan-2025 14:39:27.343,0.320823,7.338228,0.04549
18-Jan-2025 14:39:27.359,-0.114922,7.338228,0.02873
18-Jan-2025 14:39:27.375,-0.186748,7.441179,0.076614
18-Jan-2025 14:39:27.391,0.488417,7.821857,-0.064643
18-Jan-2025 14:39:27.407,1.01993,8.669404,-0.454898
18-Jan-2025 14:39:27.423,1.142034,9.665392,-0.842759
18-Jan-2025 14:39:27.439,1.278504,10.579977,-0.699107
18-Jan-2025 14:39:27.455,0.361524,11.331757,0.526724
18-Jan-2025 14:39:27.471,1.898602,11.987768,1.254562
18-Jan-2025 14:39:27.487,1.917756,12.777855,0.88346
18-Jan-2025 14:39:27.503,0.811634,12.955026,0.162806
18-Jan-2025 14:39:27.520,0.885855,11.801021,0.095768
18-Jan-2025 14:39:27.535,1.017536,10.632649,0.308852
18-Jan-2025 14:39:27.552,1.079785,9.744401,0.354342
18-Jan-2025 14:39:27.568,0.919373,9.085996,0.055067
18-Jan-2025 14:39:27.584,0.931344,8.657434,0.09098
18-Jan-2025 14:39:27.600,1.201889,8.358158,0.289698
18-Jan-2025 14:39:27.616,1.345541,8.200141,0.572214
18-Jan-2025 14:39:27.632,1.410185,8.281544,0.768539
18-Jan-2025 14:39:27.648,1.45328,8.681376,0.775721
18-Jan-2025 14:39:27.664,1.443704,9.251195,0.553061
18-Jan-2025 14:39:27.680,1.460463,9.809045,0.28491
18-Jan-2025 14:39:27.696,1.762132,10.283096,0.227449
18-Jan-2025 14:39:27.711,1.912967,10.69011,0.361524
18-Jan-2025 14:39:27.728,1.946486,11.121067,0.351948
18-Jan-2025 14:39:27.745,1.853112,11.075577,0.059855
18-Jan-2025 14:39:27.760,1.759738,10.67814,-0.021548
18-Jan-2025 14:39:27.777,1.786075,10.204087,-0.392649
18-Jan-2025 14:39:27.793,1.82917,9.873688,-0.567426
18-Jan-2025 14:39:27.809,1.422156,9.564836,-0.380678
18-Jan-2025 14:39:27.825,1.355118,9.289502,-0.071826
18-Jan-2025 14:39:27.841,1.209072,9.342175,-0.083797
18-Jan-2025 14:39:27.857,1.254562,9.399636,-0.605733
18-Jan-2025 14:39:27.873,0.991199,9.406818,-0.885855
18-Jan-2025 14:39:27.889,0.866701,9.452309,-0.873884
18-Jan-2025 14:39:27.905,0.629675,9.428367,-0.792481
18-Jan-2025 14:39:27.921,0.445322,9.478644,-0.600945
18-Jan-2025 14:39:27.937,0.392649,9.543288,-0.459687
18-Jan-2025 14:39:27.953,0.529119,9.653421,-0.392649
18-Jan-2025 14:39:27.970,0.64404,9.809045,-0.536301
18-Jan-2025 14:39:27.985,0.787692,9.749189,-0.749385
18-Jan-2025 14:39:28.001,0.888249,9.773131,-0.785298
18-Jan-2025 14:39:28.017,1.130063,9.813833,-0.469264
18-Jan-2025 14:39:28.034,1.484405,9.76116,-0.25618
18-Jan-2025 14:39:28.050,1.608904,9.765948,-0.35913
18-Jan-2025 14:39:28.066,1.477222,9.765948,-0.658405
18-Jan-2025 14:39:28.082,1.237802,9.825804,-0.926556
18-Jan-2025 14:39:28.098,1.362301,9.746795,-0.869095
18-Jan-2025 14:39:28.114,1.438915,9.617508,-0.497994
18-Jan-2025 14:39:28.130,1.465251,9.627085,-0.296881
18-Jan-2025 14:39:28.146,1.577779,9.804255,-0.378284
18-Jan-2025 14:39:28.162,1.826776,10.120291,-0.517148
18-Jan-2025 14:39:28.178,1.872266,10.46745,-0.593762
18-Jan-2025 14:39:28.194,1.889025,10.740389,-0.363919
18-Jan-2025 14:39:28.211,1.601721,10.69011,-0.253785
18-Jan-2025 14:39:28.227,1.18513,10.637438,-0.114922
18-Jan-2025 14:39:28.243,0.933739,10.836157,-0.122104
18-Jan-2025 14:39:28.259,0.366313,11.33894,-0.639252
18-Jan-2025 14:39:28.275,-0.196325,12.150574,-0.021548
18-Jan-2025 14:39:28.291,0.050278,12.823344,0.852336
18-Jan-2025 14:39:28.307,-0.1652,13.062764,1.058237
18-Jan-2025 14:39:28.323,-0.608127,12.548011,1.228225
18-Jan-2025 14:39:28.339,-0.737414,11.654974,1.848324
18-Jan-2025 14:39:28.355,-0.758962,10.728417,2.200271
18-Jan-2025 14:39:28.371,-0.826,9.782708,2.391808
18-Jan-2025 14:39:28.387,-0.830788,8.760384,2.813187
18-Jan-2025 14:39:28.403,-1.197101,7.730877,3.500323
18-Jan-2025 14:39:28.420,-1.49877,6.804321,3.809175
18-Jan-2025 14:39:28.436,-1.757344,6.411672,3.37343
18-Jan-2025 14:39:28.452,-1.731008,6.878541,2.662352
18-Jan-2025 14:39:28.468,-1.268927,7.879318,2.090138
18-Jan-2025 14:39:28.484,-0.562637,9.002198,2.126051
18-Jan-2025 14:39:28.500,-0.3304,10.208876,2.154782
18-Jan-2025 14:39:28.516,-0.055067,11.061212,2.327164
18-Jan-2025 14:39:28.532,0.088585,11.21444,1.872266
18-Jan-2025 14:39:28.548,0.912191,12.41633,2.061408
18-Jan-2025 14:39:28.564,-1.015141,11.015722,1.673547
18-Jan-2025 14:39:28.580,-1.939303,10.304645,1.63524
18-Jan-2025 14:39:28.596,-1.910573,9.560047,1.697489
18-Jan-2025 14:39:28.612,-1.465251,8.949526,2.365471
18-Jan-2025 14:39:28.628,-0.871489,8.513782,2.30801
18-Jan-2025 14:39:28.645,-0.47884,8.659827,2.049437
18-Jan-2025 14:39:28.661,-0.138864,8.990228,1.45328
18-Jan-2025 14:39:28.677,0.380678,9.105149,0.730232
18-Jan-2025 14:39:28.693,0.533907,9.155427,0.603339
18-Jan-2025 14:39:28.709,0.244209,9.136273,0.876278
18-Jan-2025 14:39:28.725,-0.196325,9.287108,1.173159
18-Jan-2025 14:39:28.741,-0.251391,9.452309,1.113304
18-Jan-2025 14:39:28.757,-0.23942,9.725247,0.778116
18-Jan-2025 14:39:28.773,-0.203507,9.92636,0.54109
18-Jan-2025 14:39:28.789,0.107739,10.0748,0.617704
18-Jan-2025 14:39:28.805,0.45011,10.117896,0.593762
18-Jan-2025 14:39:28.821,0.454898,10.151415,0.4956
18-Jan-2025 14:39:28.838,0.471658,10.175357,0.342371
18-Jan-2025 14:39:28.854,0.033519,10.249578,0.423774
18-Jan-2025 14:39:28.870,0.416591,10.122684,0.715866
18-Jan-2025 14:39:28.886,0.543484,10.232818,0.593762
18-Jan-2025 14:39:28.902,0.869095,10.532093,0.292093
18-Jan-2025 14:39:28.918,1.086968,10.702082,-0.093374
18-Jan-2025 14:39:28.934,1.225831,10.244789,-0.016759
18-Jan-2025 14:39:28.950,1.201889,9.957485,-0.014365
18-Jan-2025 14:39:28.966,1.355118,9.13388,-0.172383
18-Jan-2025 14:39:28.982,1.113304,8.913613,0.907402
18-Jan-2025 14:39:28.998,1.242591,9.050082,0.938527
18-Jan-2025 14:39:29.014,1.687912,10.374076,0.447716
18-Jan-2025 14:39:29.030,2.013524,11.473015,-0.320823
18-Jan-2025 14:39:29.046,1.034295,12.421119,-0.40462
18-Jan-2025 14:39:29.062,0.095768,12.648567,0.687136
18-Jan-2025 14:39:29.078,0.466869,12.497733,0.684742
18-Jan-2025 14:39:29.095,1.872266,10.910378,0.294487
18-Jan-2025 14:39:29.111,1.927332,9.102755,0.732626
18-Jan-2025 14:39:29.127,2.257732,7.216124,0.670376
18-Jan-2025 14:39:29.143,1.857901,6.023811,1.137246
18-Jan-2025 14:39:29.159,1.398214,5.659893,1.316811
18-Jan-2025 14:39:29.175,1.501164,5.963956,0.981623
18-Jan-2025 14:39:29.191,1.956063,6.952762,0.258574
18-Jan-2025 14:39:29.207,2.217031,8.537724,-0.442927
18-Jan-2025 14:39:29.223,2.365471,10.414778,-0.830788
18-Jan-2025 14:39:29.239,2.116474,12.497733,-0.371101
18-Jan-2025 14:39:29.255,2.341529,12.612655,0.459687
18-Jan-2025 14:39:29.271,2.140416,12.672509,1.036689
18-Jan-2025 14:39:29.288,3.536236,12.385205,-0.021548
18-Jan-2025 14:39:29.304,2.937685,10.821792,-0.679953
18-Jan-2025 14:39:29.320,2.30801,9.390059,-0.972046
18-Jan-2025 14:39:29.336,1.695095,8.444349,-1.233014
18-Jan-2025 14:39:29.352,1.723825,7.879318,-0.778116
18-Jan-2025 14:39:29.368,1.975216,7.534553,-0.519542
18-Jan-2025 14:39:29.384,1.805228,7.694964,-0.761356
18-Jan-2025 14:39:29.400,1.714248,8.094796,-0.905008
18-Jan-2025 14:39:29.416,1.678335,8.633492,-0.821211
18-Jan-2025 14:39:29.432,1.668759,9.095572,-0.773327
18-Jan-2025 14:39:29.448,1.613692,9.483433,-0.711078
18-Jan-2025 14:39:29.464,1.455675,9.77792,-0.914585
18-Jan-2025 14:39:29.480,1.467646,9.770737,-1.11091
18-Jan-2025 14:39:29.497,1.436521,9.665392,-1.228225
18-Jan-2025 14:39:29.513,1.556231,9.526528,-1.005565
18-Jan-2025 14:39:29.529,1.78368,9.366117,-0.976834
18-Jan-2025 14:39:29.545,1.601721,9.411607,-1.113304
18-Jan-2025 14:39:29.561,1.376666,9.603143,-1.118092
18-Jan-2025 14:39:29.577,1.352724,9.964667,-1.240196
18-Jan-2025 14:39:29.593,1.477222,10.505757,-1.364695
18-Jan-2025 14:39:29.609,1.522712,10.977415,-1.307234
18-Jan-2025 14:39:29.625,1.161188,11.544841,-0.97444
18-Jan-2025 14:39:29.641,1.503559,11.836933,-0.871489
18-Jan-2025 14:39:29.657,1.860295,11.781867,-0.986411
18-Jan-2025 14:39:29.673,1.802834,11.935096,-0.081403
18-Jan-2025 14:39:29.689,1.446098,12.152967,0.23942
18-Jan-2025 14:39:29.706,0.603339,12.354081,-0.241814
18-Jan-2025 14:39:29.722,0.083797,12.344504,0.136469
18-Jan-2025 14:39:29.738,-0.081403,12.148179,1.144428
18-Jan-2025 14:39:29.753,-0.205901,11.870452,1.836353
18-Jan-2025 14:39:29.770,-0.275333,11.303026,1.766921
18-Jan-2025 14:39:29.786,-0.483629,10.409989,1.106121
18-Jan-2025 14:39:29.802,-0.696713,9.483433,0.679953
18-Jan-2025 14:39:29.818,-0.328006,8.26239,2.042254
18-Jan-2025 14:39:29.834,-0.174777,7.082048,2.516306
18-Jan-2025 14:39:29.850,-1.762132,6.727707,2.82037
18-Jan-2025 14:39:29.866,-2.63841,7.134721,1.132457
18-Jan-2025 14:39:29.882,-1.278504,8.013393,0.600945
18-Jan-2025 14:39:29.898,-0.35913,9.255983,0.52433
18-Jan-2025 14:39:29.914,0.505177,10.503363,0.837971
18-Jan-2025 14:39:29.931,0.768539,11.374852,0.962469
18-Jan-2025 14:39:29.947,1.264138,11.851298,0.407014
18-Jan-2025 14:39:29.963,0.85473,11.384429,0.043096
18-Jan-2025 14:39:29.979,-0.09098,10.244789,0.011971
18-Jan-2025 14:39:29.995,-0.732626,9.083601,0.167594
18-Jan-2025 14:39:30.011,-1.233014,8.346188,0.141258
18-Jan-2025 14:39:30.027,-1.525106,8.157045,0.198719
18-Jan-2025 14:39:30.043,-1.228225,8.470686,0.131681
18-Jan-2025 14:39:30.059,-0.397437,8.74123,-0.323217
18-Jan-2025 14:39:30.075,-0.160412,8.899248,-0.37589
18-Jan-2025 14:39:30.091,1.067814,9.141062,0.464475
18-Jan-2025 14:39:30.107,2.530671,8.966286,0.979228
18-Jan-2025 14:39:30.123,1.137246,9.246407,0.126893
18-Jan-2025 14:39:30.139,0.459687,9.385271,-1.134852
18-Jan-2025 14:39:30.156,0.19393,9.275137,-1.412579
18-Jan-2025 14:39:30.171,0.184354,9.129091,-0.670376
18-Jan-2025 14:39:30.188,0.490811,8.951921,0.052672
18-Jan-2025 14:39:30.203,0.723049,9.0429,0.086191
18-Jan-2025 14:39:30.220,0.885855,9.349358,-0.100556
18-Jan-2025 14:39:30.236,0.634463,9.773131,-0.222661
18-Jan-2025 14:39:30.252,0.612916,10.220847,-0.232238
18-Jan-2025 14:39:30.268,0.641646,10.491392,-0.505177
18-Jan-2025 14:39:30.284,0.457293,10.934319,-0.469264
18-Jan-2025 14:39:30.300,0.514753,11.281479,-0.363919
18-Jan-2025 14:39:30.316,0.811634,11.118672,-0.723049
18-Jan-2025 14:39:30.332,1.989582,11.300632,-0.459687
18-Jan-2025 14:39:30.348,2.841918,11.73877,-0.969652
18-Jan-2025 14:39:30.364,2.44448,11.190498,-1.154005
18-Jan-2025 14:39:30.381,2.375048,11.417948,-0.023942
18-Jan-2025 14:39:30.396,2.925714,12.076353,0.308852
18-Jan-2025 14:39:30.412,1.857901,11.899182,-0.440533
18-Jan-2025 14:39:30.429,0.560243,11.11149,0.181959
18-Jan-2025 14:39:30.445,0.306458,10.208876,1.458069
18-Jan-2025 14:39:30.461,1.043872,9.234436,1.745373
18-Jan-2025 14:39:30.477,1.496376,8.207323,1.067814
18-Jan-2025 14:39:30.493,1.73819,7.347805,0.969652
18-Jan-2025 14:39:30.509,1.66397,6.737284,1.292869
18-Jan-2025 14:39:30.525,1.474828,6.600814,1.060631
18-Jan-2025 14:39:30.541,1.156399,7.235278,0.129287
18-Jan-2025 14:39:30.557,1.084573,8.406042,-0.402226
18-Jan-2025 14:39:30.573,1.261744,9.782708,-0.517148
18-Jan-2025 14:39:30.589,1.127669,11.35091,-0.457293
18-Jan-2025 14:39:30.606,0.720655,12.313379,-0.222661
18-Jan-2025 14:39:30.622,-0.459687,12.378023,-0.167594
18-Jan-2025 14:39:30.638,-0.577003,11.985373,-0.150835
18-Jan-2025 14:39:30.654,0.114922,11.417948,-0.574608
18-Jan-2025 14:39:30.670,0.002394,10.637438,-0.347159
18-Jan-2025 14:39:30.686,0.521936,9.849746,-0.560243
18-Jan-2025 14:39:30.702,0.670376,9.066842,-1.256956
18-Jan-2025 14:39:30.718,0.438139,8.746018,-1.101333
18-Jan-2025 14:39:30.734,0.497994,8.341399,-0.746991
18-Jan-2025 14:39:30.750,0.150835,8.145074,-0.909797
18-Jan-2025 14:39:30.766,-0.038307,8.300697,-1.280898
18-Jan-2025 14:39:30.782,0.102951,8.698134,-1.403002
18-Jan-2025 14:39:30.798,0.349553,9.109938,-1.410185
18-Jan-2025 14:39:30.814,0.715866,9.540894,-1.244985
18-Jan-2025 14:39:30.831,1.11091,9.883265,-0.90022
18-Jan-2025 14:39:30.847,1.331176,9.859323,-0.849942
18-Jan-2025 14:39:30.863,1.000776,9.92636,-1.25935
18-Jan-2025 14:39:30.879,0.773327,9.804255,-1.51553
18-Jan-2025 14:39:30.895,0.577003,9.672575,-1.58975
18-Jan-2025 14:39:30.911,0.416591,9.979033,-1.616086
18-Jan-2025 14:39:30.927,0.61531,10.295067,-1.532289
18-Jan-2025 14:39:30.943,0.019154,10.572795,-1.443704
18-Jan-2025 14:39:30.959,0.21069,10.955867,-1.623269
18-Jan-2025 14:39:30.975,1.209072,10.977415,-1.575385
18-Jan-2025 14:39:30.991,0.634463,10.824186,-1.774103
18-Jan-2025 14:39:31.007,0.42138,10.680533,-1.821988
18-Jan-2025 14:39:31.023,0.265756,10.620679,-1.118092
18-Jan-2025 14:39:31.039,0.275333,10.970232,-1.314417
18-Jan-2025 14:39:31.055,-0.019154,11.329363,-1.910573
18-Jan-2025 14:39:31.072,-0.797269,11.580753,-1.944092
18-Jan-2025 14:39:31.088,-1.261744,11.456255,-0.926556
18-Jan-2025 14:39:31.104,-1.077391,11.030087,-0.083797
18-Jan-2025 14:39:31.120,-0.814029,10.66138,-0.294487
18-Jan-2025 14:39:31.136,-0.952892,10.366894,-0.837971
18-Jan-2025 14:39:31.152,-1.144428,10.098742,-0.703895
18-Jan-2025 14:39:31.168,-1.108515,9.76116,-0.304064
18-Jan-2025 14:39:31.184,-1.077391,9.318233,-0.148441
18-Jan-2025 14:39:31.200,-1.125275,8.868123,-0.052672
18-Jan-2025 14:39:31.216,-1.352724,8.50181,0.016759
18-Jan-2025 14:39:31.232,-1.374272,8.178593,0.213084
18-Jan-2025 14:39:31.248,-1.398214,7.951144,0.368707
18-Jan-2025 14:39:31.264,-1.558625,8.037335,0.21069
18-Jan-2025 14:39:31.280,-1.63524,8.322245,0.038307
18-Jan-2025 14:39:31.296,-1.915361,8.714894,-0.064643
18-Jan-2025 14:39:31.312,-1.802834,8.882488,0.02873
18-Jan-2025 14:39:31.328,-1.575385,9.078813,0.009577
18-Jan-2025 14:39:31.345,-1.831564,9.617508,-0.277727
18-Jan-2025 14:39:31.361,-1.582567,10.103531,-0.153229
18-Jan-2025 14:39:31.377,-1.16837,10.271125,0.177171
18-Jan-2025 14:39:31.393,-1.194707,10.263943,0.244209
18-Jan-2025 14:39:31.409,-1.391031,10.04607,0.1652
18-Jan-2025 14:39:31.425,-1.833959,9.854534,0.311246
18-Jan-2025 14:39:31.441,-2.298434,9.751583,0.466869
18-Jan-2025 14:39:31.457,-2.681506,9.916783,0.588974
18-Jan-2025 14:39:31.473,-2.77488,10.19451,0.742203
18-Jan-2025 14:39:31.489,-2.547431,10.359711,0.814029
18-Jan-2025 14:39:31.505,-2.477999,10.491392,0.720655
18-Jan-2025 14:39:31.521,-2.245761,10.27352,1.189918
18-Jan-2025 14:39:31.537,-2.217031,10.146626,0.811634
18-Jan-2025 14:39:31.553,-2.015918,9.660604,0.548272
18-Jan-2025 14:39:31.569,-1.958457,9.275137,0.61531
18-Jan-2025 14:39:31.586,-1.900996,9.078813,0.737414
18-Jan-2025 14:39:31.602,-2.183512,9.02614,0.699107
18-Jan-2025 14:39:31.618,-2.454057,9.107543,0.936133
18-Jan-2025 14:39:31.634,-2.911349,9.270349,1.012747
18-Jan-2025 14:39:31.650,-3.009511,9.607931,0.893037
18-Jan-2025 14:39:31.666,-2.513912,9.828198,1.146823
18-Jan-2025 14:39:31.682,-2.396596,10.242394,1.199495
18-Jan-2025 14:39:31.698,-2.607286,10.742783,0.984017
18-Jan-2025 14:39:31.714,-2.379837,10.881647,0.852336
18-Jan-2025 14:39:31.730,-2.238579,10.84334,0.871489
18-Jan-2025 14:39:31.746,-2.126051,10.644621,0.835576
18-Jan-2025 14:39:31.762,-1.812411,10.366894,0.70629
18-Jan-2025 14:39:31.778,-1.510741,10.0341,0.682347
18-Jan-2025 14:39:31.794,-1.537078,9.682152,0.579397
18-Jan-2025 14:39:31.811,-1.795651,9.3733,0.433351
18-Jan-2025 14:39:31.827,-1.721431,9.107543,0.409408
18-Jan-2025 14:39:31.843,-1.417367,8.968679,0.42138
18-Jan-2025 14:39:31.859,-1.316811,9.150639,0.459687
18-Jan-2025 14:39:31.875,-1.400608,9.586384,-0.031125
18-Jan-2025 14:39:31.891,-1.302446,10.156203,-0.653617
18-Jan-2025 14:39:31.907,-1.314417,10.591949,-0.78051
18-Jan-2025 14:39:31.923,-1.091756,10.515334,-0.296881
18-Jan-2025 14:39:31.939,-0.976834,10.079589,0.158017
18-Jan-2025 14:39:31.955,-1.21386,9.648633,0.217872
18-Jan-2025 14:39:31.971,-1.525106,9.332599,-0.136469
18-Jan-2025 14:39:31.987,-1.68073,9.121908,-0.426168
18-Jan-2025 14:39:32.003,-1.719037,8.980651,-0.316035
18-Jan-2025 14:39:32.019,-1.501164,8.913613,0.004788
18-Jan-2025 14:39:32.036,-0.816423,8.664616,0.294487
18-Jan-2025 14:39:32.052,-0.179565,8.532935,0.509965
18-Jan-2025 14:39:32.068,0.232238,8.463503,0.373495
18-Jan-2025 14:39:32.084,0.323217,7.773973,-0.134075
18-Jan-2025 14:39:32.100,1.541866,8.916007,0.380678
18-Jan-2025 14:39:32.116,1.711854,8.748413,-1.027112
18-Jan-2025 14:39:32.132,2.011129,9.809045,-1.90339
18-Jan-2025 14:39:32.148,2.695871,11.142614,-1.671153
18-Jan-2025 14:39:32.164,2.829947,12.868834,-1.556231
18-Jan-2025 14:39:32.180,2.231396,14.415488,-2.061408
18-Jan-2025 14:39:32.196,1.836353,14.583082,-2.073379
18-Jan-2025 14:39:32.212,1.142034,13.295002,-1.405396
18-Jan-2025 14:39:32.228,1.005565,11.303026,-1.039083
18-Jan-2025 14:39:32.245,0.916979,9.787497,-1.359907
18-Jan-2025 14:39:32.261,0.600945,8.65025,-1.400608
18-Jan-2025 14:39:32.277,0.493206,7.8865,-0.878672
18-Jan-2025 14:39:32.293,0.665588,7.438785,-0.162806
18-Jan-2025 14:39:32.309,0.881066,7.218518,-0.342371
18-Jan-2025 14:39:32.325,0.916979,7.072472,-0.751779
18-Jan-2025 14:39:32.341,0.976834,7.015011,-0.742203
18-Jan-2025 14:39:32.357,1.319205,7.266402,-0.636858
18-Jan-2025 14:39:32.373,1.446098,7.773973,-0.612916
18-Jan-2025 14:39:32.389,2.015918,8.520964,-0.59855
18-Jan-2025 14:39:32.405,2.844312,9.239224,-0.818817
18-Jan-2025 14:39:32.421,2.880225,10.005369,-1.098939
18-Jan-2025 14:39:32.437,2.499547,10.668563,-0.893037
18-Jan-2025 14:39:32.453,2.245761,11.089942,-0.823605
18-Jan-2025 14:39:32.469,2.372654,11.183316,-0.718261
18-Jan-2025 14:39:32.486,2.44448,10.896012,-0.521936
18-Jan-2025 14:39:32.501,2.389413,10.488997,-0.418985
18-Jan-2025 14:39:32.517,2.183512,10.15381,-0.356736
18-Jan-2025 14:39:32.533,2.063802,10.098742,-0.349553
18-Jan-2025 14:39:32.550,2.090138,10.251971,-0.430956
18-Jan-2025 14:39:32.566,2.020706,10.364499,-0.80924
18-Jan-2025 14:39:32.582,1.678335,10.639832,-1.206678
18-Jan-2025 14:39:32.598,1.477222,10.69011,-1.199495
18-Jan-2025 14:39:32.614,1.625663,10.709264,-1.072602
18-Jan-2025 14:39:32.630,2.042254,10.953473,-0.268151
18-Jan-2025 14:39:32.646,2.066196,11.712435,-0.447716
18-Jan-2025 14:39:32.662,1.13964,12.773067,-1.719037
18-Jan-2025 14:39:32.678,-1.558625,13.663709,-1.173159
18-Jan-2025 14:39:32.694,-0.222661,13.378799,1.154005
18-Jan-2025 14:39:32.710,0.64404,11.836933,2.078167
18-Jan-2025 14:39:32.726,1.096544,9.938332,0.871489
18-Jan-2025 14:39:32.742,0.864307,8.389283,-0.079009
18-Jan-2025 14:39:32.758,0.201113,7.16824,0.026336
18-Jan-2025 14:39:32.774,-0.481235,6.323087,0.80924
18-Jan-2025 14:39:32.791,-0.960075,5.880159,1.685518
18-Jan-2025 14:39:32.807,-2.355895,5.978322,1.125275
18-Jan-2025 14:39:32.823,-2.032677,7.297527,0.076614
18-Jan-2025 14:39:32.839,-1.108515,9.052477,-0.253785
18-Jan-2025 14:39:32.855,-0.148441,11.166556,0.086191
18-Jan-2025 14:39:32.871,0.169988,12.641385,0.344765
18-Jan-2025 14:39:32.887,1.326388,13.101071,0.325611
18-Jan-2025 14:39:32.903,2.770091,12.842498,0.079009
18-Jan-2025 14:39:32.919,2.08535,11.815386,-0.138864
18-Jan-2025 14:39:32.935,0.641646,10.134656,-0.512359
18-Jan-2025 14:39:32.951,0.162806,8.5473,-0.641646
18-Jan-2025 14:39:32.967,0.098162,7.563283,-0.201113
18-Jan-2025 14:39:32.983,-0.134075,7.165846,0.201113
18-Jan-2025 14:39:33.000,-0.493206,7.388506,0.112527
18-Jan-2025 14:39:33.015,-0.184354,8.027759,-0.134075
18-Jan-2025 14:39:33.032,-0.014365,8.695741,-0.098162
18-Jan-2025 14:39:33.048,0.021548,9.306262,-0.043096
18-Jan-2025 14:39:33.064,0.126893,9.68694,-0.129287
18-Jan-2025 14:39:33.080,0.122104,9.895236,-0.009577
18-Jan-2025 14:39:33.096,0.169988,10.002975,0.217872
18-Jan-2025 14:39:33.112,-0.102951,9.950302,-0.42138
18-Jan-2025 14:39:33.128,-0.1652,9.787497,-0.658405
18-Jan-2025 14:39:33.144,0.112527,9.593566,-0.174777
18-Jan-2025 14:39:33.160,0.335188,9.500193,-0.086191
18-Jan-2025 14:39:33.176,0.428562,9.696517,-0.158017
18-Jan-2025 14:39:33.192,0.514753,9.957485,-0.280122
18-Jan-2025 14:39:33.208,0.639252,10.488997,-0.275333
18-Jan-2025 14:39:33.224,0.517148,10.876859,-0.512359
18-Jan-2025 14:39:33.240,0.732626,11.135432,-0.423774
18-Jan-2025 14:39:33.257,0.533907,11.176133,-0.641646
18-Jan-2025 14:39:33.273,0.071826,10.563218,0.016759
18-Jan-2025 14:39:33.289,0.229843,10.30225,-0.110133
18-Jan-2025 14:39:33.305,0.596156,10.309433,-0.746991
18-Jan-2025 14:39:33.321,1.137246,10.522516,-0.665588
18-Jan-2025 14:39:33.337,1.795651,10.749966,-0.100556
18-Jan-2025 14:39:33.353,2.229002,11.353305,0.37589
18-Jan-2025 14:39:33.368,2.339135,12.155362,-0.055067
18-Jan-2025 14:39:33.385,1.850718,12.322956,-0.517148
18-Jan-2025 14:39:33.401,0.828394,12.3876,0.270545
18-Jan-2025 14:39:33.417,1.340753,11.389217,0.720655
18-Jan-2025 14:39:33.434,1.896208,9.605537,0.605733
18-Jan-2025 14:39:33.449,1.539472,7.745243,0.670376
18-Jan-2025 14:39:33.466,2.281674,7.04853,0.426168
18-Jan-2025 14:39:33.482,2.260126,6.658275,0.85473
18-Jan-2025 14:39:33.498,2.078167,6.299145,0.567426
18-Jan-2025 14:39:33.514,2.094927,6.572083,0.181959
18-Jan-2025 14:39:33.530,2.281674,7.426814,-0.184354
18-Jan-2025 14:39:33.546,2.315193,9.770737,-0.184354
18-Jan-2025 14:39:33.562,3.110068,11.968615,-0.859518
18-Jan-2025 14:39:33.578,4.113238,13.39077,-0.943315
18-Jan-2025 14:39:33.594,3.775656,13.43626,-0.567426
18-Jan-2025 14:39:33.610,1.388637,11.722012,0.035913
18-Jan-2025 14:39:33.626,0.512359,10.261548,0.201113
18-Jan-2025 14:39:33.642,0.126893,9.121908,-0.363919
18-Jan-2025 14:39:33.658,0.565032,8.319851,-1.113304
18-Jan-2025 14:39:33.675,1.154005,7.800309,-1.340753
18-Jan-2025 14:39:33.689,1.630451,7.455544,-1.041478
18-Jan-2025 14:39:33.706,1.843535,7.285556,-0.76375
18-Jan-2025 14:39:33.723,1.735796,7.536947,-0.890643
18-Jan-2025 14:39:33.739,1.343147,8.147469,-1.137246
18-Jan-2025 14:39:33.755,1.010353,8.920795,-1.115698
18-Jan-2025 14:39:33.771,1.398214,9.528923,-0.967257
18-Jan-2025 14:39:33.787,1.434127,9.880871,-0.97444
18-Jan-2025 14:39:33.803,1.254562,10.04607,-0.926556
18-Jan-2025 14:39:33.819,1.30484,9.976639,-0.921768
18-Jan-2025 14:39:33.835,1.479617,9.995792,-1.029507
18-Jan-2025 14:39:33.851,1.776498,10.055647,-0.773327
18-Jan-2025 14:39:33.867,1.984793,9.911995,-0.78051
18-Jan-2025 14:39:33.883,1.726219,10.029311,-1.022324
18-Jan-2025 14:39:33.899,1.177947,10.383653,-0.823605
18-Jan-2025 14:39:33.916,1.177947,10.718841,-1.594538
18-Jan-2025 14:39:33.931,1.127669,11.113884,-1.496376
18-Jan-2025 14:39:33.947,1.386243,12.054806,-0.442927
18-Jan-2025 14:39:33.964,1.491588,13.168109,-0.845153
18-Jan-2025 14:39:33.980,0.797269,13.65892,-1.489193
18-Jan-2025 14:39:33.996,-1.096544,14.188039,-1.225831
18-Jan-2025 14:39:34.012,-0.718261,12.816162,0.481235
18-Jan-2025 14:39:34.028,-0.25618,11.575965,1.450886
18-Jan-2025 14:39:34.044,-0.31364,10.134656,0.852336
18-Jan-2025 14:39:34.060,0.241814,9.967062,-0.107739
18-Jan-2025 14:39:34.076,-0.588974,8.710106,-0.378284
18-Jan-2025 14:39:34.092,-1.027112,7.644686,0.392649
18-Jan-2025 14:39:34.108,-1.09415,6.909666,1.656788
18-Jan-2025 14:39:34.124,-2.698265,6.002264,1.041478
18-Jan-2025 14:39:34.140,-1.936909,7.134721,1.127669
18-Jan-2025 14:39:34.157,-1.541866,8.678981,0.768539
18-Jan-2025 14:39:34.173,-0.90022,9.337387,0.179565
18-Jan-2025 14:39:34.189,-0.069432,10.544065,0.150835
18-Jan-2025 14:39:34.205,0.64404,11.243171,-0.311246
18-Jan-2025 14:39:34.221,0.943315,11.511322,-0.617704
18-Jan-2025 14:39:34.237,0.344765,10.632649,-0.45011
18-Jan-2025 14:39:34.253,-0.337582,9.607931,-0.328006
18-Jan-2025 14:39:34.269,-0.610521,8.702923,-0.641646
18-Jan-2025 14:39:34.285,-0.794875,8.312668,-0.550666
18-Jan-2025 14:39:34.301,-0.797269,8.310274,-0.462081
18-Jan-2025 14:39:34.317,-0.6608,8.65025,-0.64404
18-Jan-2025 14:39:34.333,-0.545878,9.212888,-0.550666
18-Jan-2025 14:39:34.349,-0.234632,9.349358,-0.818817
18-Jan-2025 14:39:34.365,-0.507571,9.737218,-0.737414
18-Jan-2025 14:39:34.381,-0.407014,9.672575,-0.639252
18-Jan-2025 14:39:34.398,-0.550666,9.514558,-0.833182
18-Jan-2025 14:39:34.414,-0.529119,9.366117,-0.957681
18-Jan-2025 14:39:34.430,-0.301669,9.28232,-0.869095
18-Jan-2025 14:39:34.446,-0.138864,9.25359,-0.675165
18-Jan-2025 14:39:34.462,-0.268151,9.287108,-0.550666
18-Jan-2025 14:39:34.478,-0.354342,9.40203,-0.507571
18-Jan-2025 14:39:34.494,-0.447716,9.555259,-0.251391
18-Jan-2025 14:39:34.510,-0.095768,10.036493,-0.275333
18-Jan-2025 14:39:34.526,0.253785,10.345345,-0.799663
18-Jan-2025 14:39:34.542,0.344765,10.596737,-0.924162
18-Jan-2025 14:39:34.558,0.548272,10.606314,-0.85473
18-Jan-2025 14:39:34.574,0.617704,10.534488,-0.653617
18-Jan-2025 14:39:34.590,0.943315,10.953473,-0.565032
18-Jan-2025 14:39:34.606,1.235408,11.32218,-0.746991
18-Jan-2025 14:39:34.623,1.237802,11.722012,-0.502782
18-Jan-2025 14:39:34.639,1.25935,12.337321,-0.098162
18-Jan-2025 14:39:34.655,1.601721,12.320562,-0.308852
18-Jan-2025 14:39:34.671,1.300052,12.50731,-0.23942
18-Jan-2025 14:39:34.687,1.774103,12.100295,0.608127
18-Jan-2025 14:39:34.703,2.296039,10.532093,1.201889
18-Jan-2025 14:39:34.719,2.710236,9.018958,0.4956
18-Jan-2025 14:39:34.735,1.968034,7.967903,0.308852
18-Jan-2025 14:39:34.751,1.740585,6.940791,0.526724
18-Jan-2025 14:39:34.767,1.932121,6.519411,0.462081
18-Jan-2025 14:39:34.783,1.944092,6.880936,0.639252
18-Jan-2025 14:39:34.799,1.891419,8.348581,-0.40462
18-Jan-2025 14:39:34.816,2.044648,9.358934,-1.309628
18-Jan-2025 14:39:34.831,2.375048,10.647015,-1.56102
18-Jan-2025 14:39:34.847,2.516306,11.688493,-1.419762
18-Jan-2025 14:39:34.864,1.850718,12.521675,-1.371878
18-Jan-2025 14:39:34.880,0.751779,12.682086,-1.146823
18-Jan-2025 14:39:34.896,0.23942,12.033257,-0.804452
18-Jan-2025 14:39:34.912,0.399832,10.805033,-0.577003
18-Jan-2025 14:39:34.928,0.529119,9.801862,-1.144428
18-Jan-2025 14:39:34.944,0.826,8.925584,-1.644817
18-Jan-2025 14:39:34.960,1.082179,8.111555,-1.889025
18-Jan-2025 14:39:34.976,1.323994,7.687782,-1.66397
18-Jan-2025 14:39:34.992,1.132457,7.805098,-0.972046
18-Jan-2025 14:39:35.008,0.888249,7.580042,-1.134852
18-Jan-2025 14:39:35.024,0.155623,7.879318,-1.244985
18-Jan-2025 14:39:35.040,0.555455,8.626308,-0.912191
18-Jan-2025 14:39:35.056,1.096544,9.052477,-0.895431
18-Jan-2025 14:39:35.072,1.302446,9.255983,-1.005565
18-Jan-2025 14:39:35.089,1.374272,9.742006,-1.122881
18-Jan-2025 14:39:35.105,1.113304,10.125079,-0.924162
18-Jan-2025 14:39:35.121,1.302446,10.103531,-0.991199
18-Jan-2025 14:39:35.137,1.323994,10.275913,-1.288081
18-Jan-2025 14:39:35.153,1.041478,10.481815,-1.599327
18-Jan-2025 14:39:35.169,0.620098,10.486604,-1.398214
18-Jan-2025 14:39:35.185,0.368707,10.472239,-1.587356
18-Jan-2025 14:39:35.201,0.220267,10.752359,-1.690306
18-Jan-2025 14:39:35.217,0.241814,10.81461,-1.795651
18-Jan-2025 14:39:35.233,-0.47884,10.359711,-1.838747
18-Jan-2025 14:39:35.249,-0.756568,10.376471,-1.941698
18-Jan-2025 14:39:35.265,-0.797269,10.30225,-1.285686
18-Jan-2025 14:39:35.282,-0.153229,10.714052,-0.823605
18-Jan-2025 14:39:35.297,-0.373495,11.252748,-1.04866
18-Jan-2025 14:39:35.314,-1.237802,11.753136,-1.252167
18-Jan-2025 14:39:35.330,-2.394202,11.760319,-0.390255
18-Jan-2025 14:39:35.346,-3.969586,11.3964,0.354342
18-Jan-2025 14:39:35.362,-2.602497,10.359711,0.639252
18-Jan-2025 14:39:35.378,-1.867477,9.799467,0.574608
18-Jan-2025 14:39:35.394,-1.060631,8.959103,-0.294487
18-Jan-2025 14:39:35.410,-0.957681,8.939949,0.296881
18-Jan-2025 14:39:35.426,-0.306458,7.989451,0.409408
18-Jan-2025 14:39:35.442,-0.768539,7.350199,-0.514753
18-Jan-2025 14:39:35.458,-1.007959,7.477092,0.304064
18-Jan-2025 14:39:35.474,-0.536301,7.682993,0.40462
18-Jan-2025 14:39:35.491,-0.459687,8.176199,0.550666
18-Jan-2025 14:39:35.506,-0.969652,8.743625,0.588974
18-Jan-2025 14:39:35.523,-1.362301,9.083601,0.533907
18-Jan-2025 14:39:35.539,-1.23062,9.495404,0.380678
18-Jan-2025 14:39:35.555,-0.97444,10.084377,0.469264
18-Jan-2025 14:39:35.571,-0.246603,10.637438,0.301669
18-Jan-2025 14:39:35.587,-0.138864,11.197681,-0.026336
18-Jan-2025 14:39:35.603,-0.742203,11.743559,0.342371
18-Jan-2025 14:39:35.619,-2.059013,11.537658,0.61531
18-Jan-2025 14:39:35.635,-3.495534,10.536881,0.181959
18-Jan-2025 14:39:35.651,-2.952051,10.407595,0.816423
18-Jan-2025 14:39:35.667,-2.652776,10.050858,0.761356
18-Jan-2025 14:39:35.683,-2.470816,9.900024,0.751779
18-Jan-2025 14:39:35.699,-2.382231,10.098742,0.778116
18-Jan-2025 14:39:35.715,-2.123657,9.483433,0.85473
18-Jan-2025 14:39:35.731,-1.771709,9.222465,1.022324
18-Jan-2025 14:39:35.747,-1.762132,9.313444,0.500388
18-Jan-2025 14:39:35.764,-2.284068,9.270349,0.548272
18-Jan-2025 14:39:35.780,-2.810793,9.224859,0.818817
18-Jan-2025 14:39:35.796,-3.004723,9.454702,0.981623
18-Jan-2025 14:39:35.812,-3.045424,9.818622,0.907402
18-Jan-2025 14:39:35.828,-2.916138,10.108319,0.938527
18-Jan-2025 14:39:35.844,-2.992752,10.041282,0.744597
18-Jan-2025 14:39:35.860,-2.817975,10.172963,0.512359
18-Jan-2025 14:39:35.876,-2.784456,9.957485,0.351948
18-Jan-2025 14:39:35.892,-3.124433,10.139444,0.818817
18-Jan-2025 14:39:35.908,-2.892196,10.041282,1.189918
18-Jan-2025 14:39:35.925,-2.468422,9.828198,1.055843
18-Jan-2025 14:39:35.940,-1.910573,9.77792,0.840365
18-Jan-2025 14:39:35.956,-1.900996,9.651027,0.536301
18-Jan-2025 14:39:35.973,-2.451663,9.320627,0.409408
18-Jan-2025 14:39:35.989,-1.776498,9.868899,0.984017
18-Jan-2025 14:39:36.005,-1.73819,9.44752,0.792481
18-Jan-2025 14:39:36.021,-1.089362,10.036493,0.251391
18-Jan-2025 14:39:36.036,-1.130063,10.295067,-0.45011
18-Jan-2025 14:39:36.053,-0.88346,10.498574,0.138864
18-Jan-2025 14:39:36.069,-0.248997,10.453085,1.034295
18-Jan-2025 14:39:36.085,-0.634463,10.156203,0.687136
18-Jan-2025 14:39:36.101,-1.01993,9.68694,-0.062249
18-Jan-2025 14:39:36.117,-1.060631,9.363723,-0.184354
18-Jan-2025 14:39:36.133,-0.715866,9.179369,0.141258
18-Jan-2025 14:39:36.149,0.136469,9.294291,0.871489
18-Jan-2025 14:39:36.166,0.42138,9.574412,0.339977
18-Jan-2025 14:39:36.181,1.173159,10.120291,0.083797
18-Jan-2025 14:39:36.198,1.149217,10.484209,-0.107739
18-Jan-2025 14:39:36.214,1.647211,10.575189,0.258574
18-Jan-2025 14:39:36.230,1.592144,10.084377,0.555455
18-Jan-2025 14:39:36.246,1.570596,9.586384,0.344765
18-Jan-2025 14:39:36.262,1.860295,9.380483,-0.081403
18-Jan-2025 14:39:36.278,2.408567,9.603143,0.059855
18-Jan-2025 14:39:36.294,2.679112,9.876082,-0.392649
18-Jan-2025 14:39:36.310,2.365471,10.105926,-0.804452
18-Jan-2025 14:39:36.326,1.673547,10.553641,-0.533907
18-Jan-2025 14:39:36.342,1.161188,10.759542,-0.177171
18-Jan-2025 14:39:36.358,0.998382,10.716447,-0.083797
18-Jan-2025 14:39:36.374,1.216254,10.359711,-0.270545
18-Jan-2025 14:39:36.391,1.671153,9.710882,-0.356736
18-Jan-2025 14:39:36.407,1.867477,9.064447,-0.486023
18-Jan-2025 14:39:36.422,1.73819,8.743625,-0.634463
18-Jan-2025 14:39:36.439,1.695095,8.523358,-0.778116
18-Jan-2025 14:39:36.455,1.651999,8.48984,-0.826
18-Jan-2025 14:39:36.471,1.707066,8.695741,-0.835576
18-Jan-2025 14:39:36.487,1.757344,9.038112,-0.823605
18-Jan-2025 14:39:36.503,1.848324,9.387665,-0.737414
18-Jan-2025 14:39:36.519,1.987187,9.560047,-0.76375
18-Jan-2025 14:39:36.535,1.886631,9.586384,-0.830788
18-Jan-2025 14:39:36.551,1.826776,9.619903,-0.629675
18-Jan-2025 14:39:36.567,1.596933,9.775525,-0.653617
18-Jan-2025 14:39:36.583,1.460463,9.847352,-0.718261
18-Jan-2025 14:39:36.599,1.580173,9.854534,-0.912191
18-Jan-2025 14:39:36.616,1.558625,9.648633,-0.938527
18-Jan-2025 14:39:36.631,1.529895,9.349358,-0.687136
18-Jan-2025 14:39:36.648,1.314417,9.260772,-0.823605
18-Jan-2025 14:39:36.664,0.984017,9.41879,-0.998382
18-Jan-2025 14:39:36.680,0.641646,9.581595,-1.029507
18-Jan-2025 14:39:36.696,0.52433,9.739613,-1.173159
18-Jan-2025 14:39:36.712,0.746991,9.787497,-1.256956
18-Jan-2025 14:39:36.728,0.967257,9.734824,-1.30484
18-Jan-2025 14:39:36.744,1.163582,9.581595,-1.381454
18-Jan-2025 14:39:36.760,1.130063,9.131485,-1.726219
18-Jan-2025 14:39:36.776,0.632069,10.110714,-0.553061
18-Jan-2025 14:39:36.792,0.919373,9.349358,-1.403002
18-Jan-2025 14:39:36.808,1.007959,9.574412,-1.290475
18-Jan-2025 14:39:36.824,0.90022,9.746795,-0.770933
18-Jan-2025 14:39:36.840,0.885855,9.983821,-0.56982
18-Jan-2025 14:39:36.856,1.187524,10.390836,-0.837971
18-Jan-2025 14:39:36.872,1.201889,10.85531,-1.175553
18-Jan-2025 14:39:36.889,1.340753,11.118672,-1.053449
18-Jan-2025 14:39:36.905,1.35033,11.281479,-0.553061
18-Jan-2025 14:39:36.921,1.458069,11.544841,0.172383
18-Jan-2025 14:39:36.937,1.06542,11.971008,-0.162806
18-Jan-2025 14:39:36.953,0.622492,12.646173,-0.265756
18-Jan-2025 14:39:36.969,0.622492,12.98615,0.519542
18-Jan-2025 14:39:36.985,0.545878,12.8832,0.972046
18-Jan-2025 14:39:37.001,0.440533,12.404359,1.295263
18-Jan-2025 14:39:37.017,0.416591,11.571177,1.149217
18-Jan-2025 14:39:37.033,0.519542,10.651803,1.537078
18-Jan-2025 14:39:37.049,0.509965,9.682152,1.731008
18-Jan-2025 14:39:37.065,0.100556,8.736442,2.190695
18-Jan-2025 14:39:37.081,-0.1652,8.116343,2.789245
18-Jan-2025 14:39:37.097,-0.497994,7.429208,3.076549
18-Jan-2025 14:39:37.114,-1.132457,7.149086,3.021482
18-Jan-2025 14:39:37.130,-1.786075,7.115568,3.114856
18-Jan-2025 14:39:37.146,-1.977611,7.730877,2.937685
18-Jan-2025 14:39:37.162,-1.848324,8.753201,2.44448
18-Jan-2025 14:39:37.178,-1.345541,9.847352,2.475605
18-Jan-2025 14:39:37.194,-1.005565,10.776301,2.726996
18-Jan-2025 14:39:37.210,-0.605733,11.504139,2.348712
18-Jan-2025 14:39:37.226,-0.04549,11.880029,1.549049
18-Jan-2025 14:39:37.242,0.019154,11.48738,1.163582
18-Jan-2025 14:39:37.258,-0.308852,10.508151,1.587356
18-Jan-2025 14:39:37.274,-1.115698,9.710882,1.580173
18-Jan-2025 14:39:37.290,-1.398214,8.944737,1.082179
18-Jan-2025 14:39:37.306,-1.510741,8.554482,0.912191
18-Jan-2025 14:39:37.322,-1.517924,8.422802,0.751779
18-Jan-2025 14:39:37.338,-1.13964,8.571242,0.995988
18-Jan-2025 14:39:37.354,-0.811634,8.791509,1.051055
18-Jan-2025 14:39:37.371,-0.665588,9.07163,0.926556
18-Jan-2025 14:39:37.386,-0.821211,9.330204,0.797269
18-Jan-2025 14:39:37.403,-0.826,9.500193,0.433351
18-Jan-2025 14:39:37.419,-0.656011,9.562442,0.328006
18-Jan-2025 14:39:37.435,-0.605733,9.572019,0.342371
18-Jan-2025 14:39:37.451,-0.4956,9.471462,0.220267
18-Jan-2025 14:39:37.467,-0.620098,9.442732,0.052672
18-Jan-2025 14:39:37.483,-0.567426,9.636662,0.114922
18-Jan-2025 14:39:37.499,-0.409408,9.574412,0.062249
18-Jan-2025 14:39:37.515,-0.277727,9.49301,-0.287304
18-Jan-2025 14:39:37.531,-0.181959,9.428367,-0.457293
18-Jan-2025 14:39:37.547,0.050278,9.40203,-0.148441
18-Jan-2025 14:39:37.563,0.617704,9.557653,0.081403
18-Jan-2025 14:39:37.579,0.960075,9.708488,0.47884
18-Jan-2025 14:39:37.595,1.072602,9.751583,0.749385
18-Jan-2025 14:39:37.612,0.97444,9.749189,0.476446
18-Jan-2025 14:39:37.628,0.76375,10.014946,-0.129287
18-Jan-2025 14:39:37.644,0.581791,10.409989,-0.342371
18-Jan-2025 14:39:37.660,0.289698,10.55843,-0.42138
18-Jan-2025 14:39:37.676,0.296881,10.529699,-0.52433
18-Jan-2025 14:39:37.692,0.493206,10.642226,-0.490811
18-Jan-2025 14:39:37.708,0.926556,10.785878,-0.636858
18-Jan-2025 14:39:37.724,1.218649,10.723629,-0.725443
18-Jan-2025 14:39:37.740,1.613692,10.718841,-0.497994
18-Jan-2025 14:39:37.756,2.035071,10.910378,0.07422
18-Jan-2025 14:39:37.772,1.747767,11.286267,0.189142
18-Jan-2025 14:39:37.788,1.060631,11.784261,0.222661
18-Jan-2025 14:39:37.804,-0.253785,12.112267,0.948104
18-Jan-2025 14:39:37.820,-0.457293,11.44189,1.551443
18-Jan-2025 14:39:37.837,0.579397,10.127473,1.508347
18-Jan-2025 14:39:37.853,1.297657,8.777143,1.194707
18-Jan-2025 14:39:37.868,1.831564,7.335834,1.707066
18-Jan-2025 14:39:37.884,1.58975,6.526594,1.613692
18-Jan-2025 14:39:37.901,1.134852,6.46195,0.967257
18-Jan-2025 14:39:37.917,1.233014,6.789956,0.462081
18-Jan-2025 14:39:37.933,1.30484,8.032547,-0.011971
18-Jan-2025 14:39:37.949,1.077391,9.746795,-0.392649
18-Jan-2025 14:39:37.965,0.483629,12.217611,-0.110133
18-Jan-2025 14:39:37.981,1.266533,12.859258,0.857124
18-Jan-2025 14:39:37.997,0.814029,13.417107,0.993594
18-Jan-2025 14:39:38.013,1.118092,13.019669,-0.186748
18-Jan-2025 14:39:38.029,1.036689,10.915166,-0.402226
18-Jan-2025 14:39:38.045,0.397437,9.744401,-0.572214
18-Jan-2025 14:39:38.061,0.114922,8.590396,-0.907402
18-Jan-2025 14:39:38.078,-0.124498,7.893683,-0.653617
18-Jan-2025 14:39:38.094,-0.07422,7.575254,-0.277727
18-Jan-2025 14:39:38.110,0.25618,7.615956,-0.442927
18-Jan-2025 14:39:38.126,0.299275,8.092402,-0.873884
18-Jan-2025 14:39:38.142,0.395043,8.676587,-1.118092
18-Jan-2025 14:39:38.158,0.471658,9.270349,-1.122881
18-Jan-2025 14:39:38.174,0.361524,9.775525,-0.981623
18-Jan-2025 14:39:38.190,0.258574,10.15381,-1.082179
18-Jan-2025 14:39:38.206,0.258574,10.084377,-1.268927
18-Jan-2025 14:39:38.222,0.071826,9.799467,-1.084573
18-Jan-2025 14:39:38.238,0.237026,9.428367,-0.533907
18-Jan-2025 14:39:38.254,0.186748,9.208099,-0.507571
18-Jan-2025 14:39:38.270,0.162806,9.291897,-0.94571
18-Jan-2025 14:39:38.286,0.158017,9.677363,-1.173159
18-Jan-2025 14:39:38.303,0.064643,10.216059,-1.146823
18-Jan-2025 14:39:38.318,0.244209,10.848128,-0.895431
18-Jan-2025 14:39:38.335,0.426168,11.489774,-0.332794
18-Jan-2025 14:39:38.351,0.61531,12.617443,-0.454898
18-Jan-2025 14:39:38.367,0.52433,13.567941,-1.687912
18-Jan-2025 14:39:38.383,-1.58975,14.717158,-1.338359
18-Jan-2025 14:39:38.399,-2.731784,14.539987,0.143652
18-Jan-2025 14:39:38.415,-2.193089,13.249513,1.103727
18-Jan-2025 14:39:38.431,-1.501164,11.736377,0.926556
18-Jan-2025 14:39:38.447,-0.92895,10.156203,-0.009577
18-Jan-2025 14:39:38.463,-0.955287,8.803479,-0.19393
18-Jan-2025 14:39:38.479,-1.314417,7.632715,0.430956
18-Jan-2025 14:39:38.495,-1.879448,6.806715,0.893037
18-Jan-2025 14:39:38.511,-2.621651,6.318298,1.527501
18-Jan-2025 14:39:38.528,-3.181894,6.359,1.908179
18-Jan-2025 14:39:38.544,-3.191471,6.859388,1.781286
18-Jan-2025 14:39:38.560,-2.8491,7.592013,1.182736
18-Jan-2025 14:39:38.576,-2.157176,8.327033,0.847547
18-Jan-2025 14:39:38.592,-1.63524,9.334992,0.773327
18-Jan-2025 14:39:38.608,-1.716643,10.184934,0.950498
18-Jan-2025 14:39:38.624,-1.371878,11.140221,0.521936
18-Jan-2025 14:39:38.640,-0.955287,11.530476,0.332794
18-Jan-2025 14:39:38.656,-0.797269,11.552023,0.016759
18-Jan-2025 14:39:38.672,-1.479617,11.046846,0.385466
18-Jan-2025 14:39:38.688,-2.008735,10.263943,0.514753
18-Jan-2025 14:39:38.704,-2.111686,9.679757,0.54109
18-Jan-2025 14:39:38.720,-1.934515,9.138668,0.799663
18-Jan-2025 14:39:38.736,-1.934515,8.995016,0.754174
18-Jan-2025 14:39:38.752,-1.702277,8.89446,0.026336
18-Jan-2025 14:39:38.769,-1.68073,8.860941,-0.277727
18-Jan-2025 14:39:38.784,-1.625663,8.951921,-0.009577
18-Jan-2025 14:39:38.801,-1.541866,8.774749,0.040701
18-Jan-2025 14:39:38.817,-1.766921,8.808268,-0.105345
18-Jan-2025 14:39:38.833,-1.776498,8.925584,-0.409408
18-Jan-2025 14:39:38.849,-1.651999,9.088389,-0.452504
18-Jan-2025 14:39:38.865,-1.572991,9.272743,-0.169988
18-Jan-2025 14:39:38.881,-1.414973,9.459491,0.11971
18-Jan-2025 14:39:38.897,-1.209072,9.68694,-0.040701
18-Jan-2025 14:39:38.913,-0.873884,10.000581,-0.325611
18-Jan-2025 14:39:38.929,-0.620098,10.345345,-0.497994
18-Jan-2025 14:39:38.945,-0.708684,10.94629,-0.572214
18-Jan-2025 14:39:38.962,-0.069432,11.341333,-0.653617
18-Jan-2025 14:39:38.978,0.45011,11.528081,-0.215478
18-Jan-2025 14:39:38.994,-0.033519,11.499351,0.11971
18-Jan-2025 14:39:39.010,-0.579397,11.207258,-0.52433
18-Jan-2025 14:39:39.026,-0.684742,10.704475,-0.773327
18-Jan-2025 14:39:39.042,-0.727837,10.077195,-0.591368
18-Jan-2025 14:39:39.058,-0.488417,9.560047,-0.126893
18-Jan-2025 14:39:39.074,0.42138,9.052477,0.277727
18-Jan-2025 14:39:39.090,1.022324,8.815451,0.92895
18-Jan-2025 14:39:39.106,0.955287,8.987833,1.362301
18-Jan-2025 14:39:39.122,0.711078,9.861717,0.577003
18-Jan-2025 14:39:39.138,-0.110133,10.915166,-0.732626
18-Jan-2025 14:39:39.154,-1.302446,11.765107,-0.600945
18-Jan-2025 14:39:39.171,-1.11091,11.161768,0.002394
18-Jan-2025 14:39:39.187,-0.476446,9.988609,0.380678
18-Jan-2025 14:39:39.201,0.160412,8.78672,0.620098
18-Jan-2025 14:39:39.219,0.368707,8.00621,0.773327
18-Jan-2025 14:39:39.235,0.055067,7.668628,0.167594
18-Jan-2025 14:39:39.251,0.04549,7.924808,-0.670376
18-Jan-2025 14:39:39.267,0.143652,8.815451,-1.292869
18-Jan-2025 14:39:39.283,0.414197,9.938332,-1.247379
18-Jan-2025 14:39:39.299,0.414197,11.125855,-1.398214
18-Jan-2025 14:39:39.315,0.083797,11.896789,-1.161188
18-Jan-2025 14:39:39.331,-0.363919,11.959038,-0.497994
18-Jan-2025 14:39:39.347,-1.197101,12.143391,-0.885855
18-Jan-2025 14:39:39.363,-0.916979,11.183316,-0.840365
18-Jan-2025 14:39:39.380,-0.466869,10.295067,-0.785298
18-Jan-2025 14:39:39.396,-0.251391,9.660604,-1.13964
18-Jan-2025 14:39:39.412,-0.181959,9.112331,-1.343147
18-Jan-2025 14:39:39.428,0.162806,8.671799,-0.998382
18-Jan-2025 14:39:39.444,0.265756,8.374918,-0.758962
18-Jan-2025 14:39:39.460,0.294487,8.300697,-0.761356
18-Jan-2025 14:39:39.476,0.229843,8.432379,-0.936133
18-Jan-2025 14:39:39.492,0.320823,8.611943,-0.933739
18-Jan-2025 14:39:39.508,0.402226,8.777143,-0.881066
18-Jan-2025 14:39:39.524,0.627281,9.01417,-0.656011
18-Jan-2025 14:39:39.540,0.512359,9.387665,-1.300052
18-Jan-2025 14:39:39.556,0.37589,9.744401,-1.529895
18-Jan-2025 14:39:39.572,0.31364,10.103531,-1.010353
18-Jan-2025 14:39:39.588,0.481235,10.352529,-0.857124
18-Jan-2025 14:39:39.604,0.505177,10.460267,-1.127669
18-Jan-2025 14:39:39.621,0.351948,10.721235,-1.49877
18-Jan-2025 14:39:39.637,0.227449,10.867282,-1.534683
18-Jan-2025 14:39:39.653,-0.019154,10.852917,-1.656788
18-Jan-2025 14:39:39.669,-0.301669,10.666168,-1.508347
18-Jan-2025 14:39:39.685,-0.31364,10.539276,-1.501164
18-Jan-2025 14:39:39.701,-0.507571,10.338163,-1.774103
18-Jan-2025 14:39:39.717,-0.363919,10.366894,-2.063802
18-Jan-2025 14:39:39.733,0.055067,10.366894,-1.656788
18-Jan-2025 14:39:39.749,0.380678,10.584765,-1.051055
18-Jan-2025 14:39:39.765,0.227449,10.857705,-1.376666
18-Jan-2025 14:39:39.781,0.526724,10.591949,-1.604115
18-Jan-2025 14:39:39.797,-0.830788,10.939108,-1.527501
18-Jan-2025 14:39:39.813,-1.853112,11.085154,-0.732626
18-Jan-2025 14:39:39.830,-1.991976,11.010934,0.251391
18-Jan-2025 14:39:39.846,-1.790863,10.632649,0.112527
18-Jan-2025 14:39:39.862,-1.805228,10.297462,0.591368
18-Jan-2025 14:39:39.878,-2.032677,9.904813,-0.021548
18-Jan-2025 14:39:39.894,-2.006341,9.313444,0.366313
18-Jan-2025 14:39:39.910,-2.219425,8.664616,0.505177
18-Jan-2025 14:39:39.926,-2.5187,8.288726,0.746991
18-Jan-2025 14:39:39.942,-2.583344,7.94875,1.244985
18-Jan-2025 14:39:39.958,-2.549825,7.807492,1.776498
18-Jan-2025 14:39:39.974,-2.576161,7.855376,1.838747
18-Jan-2025 14:39:39.990,-2.267309,7.711724,1.537078
18-Jan-2025 14:39:40.006,-2.231396,7.568071,2.176329
18-Jan-2025 14:39:40.022,-2.173935,8.00621,1.836353
18-Jan-2025 14:39:40.038,-2.602497,8.860941,0.864307
18-Jan-2025 14:39:40.054,-2.403779,9.679757,0.711078
18-Jan-2025 14:39:40.070,-2.384625,10.366894,1.386243
18-Jan-2025 14:39:40.087,-2.152387,11.173739,1.596933
18-Jan-2025 14:39:40.103,-1.719037,12.018892,1.486799
18-Jan-2025 14:39:40.119,-2.322376,12.157756,1.484405
18-Jan-2025 14:39:40.135,-3.157952,11.947066,1.233014
18-Jan-2025 14:39:40.151,-3.397372,11.425131,1.266533
18-Jan-2025 14:39:40.167,-2.693477,10.563218,1.465251
18-Jan-2025 14:39:40.183,-2.403779,9.825804,1.529895
18-Jan-2025 14:39:40.199,-2.3535,9.138668,1.256956
18-Jan-2025 14:39:40.215,-2.284068,8.619126,0.995988
18-Jan-2025 14:39:40.231,-2.293645,8.485051,0.758962
18-Jan-2025 14:39:40.247,-2.293645,8.628703,0.397437
18-Jan-2025 14:39:40.264,-2.719813,8.173804,0.064643
18-Jan-2025 14:39:40.280,-1.879448,9.294291,0.622492
18-Jan-2025 14:39:40.296,-1.910573,8.853758,0.270545
18-Jan-2025 14:39:40.312,-1.924938,9.179369,-0.07422
18-Jan-2025 14:39:40.328,-1.953669,9.303867,-0.294487
18-Jan-2025 14:39:40.344,-2.08535,9.639056,-0.35913
18-Jan-2025 14:39:40.360,-2.121263,9.931149,-0.150835
18-Jan-2025 14:39:40.376,-1.570596,10.129868,0.19393
18-Jan-2025 14:39:40.392,-1.505953,10.33098,-0.481235
18-Jan-2025 14:39:40.408,-1.790863,10.393229,-1.161188
18-Jan-2025 14:39:40.424,-2.264915,9.921572,-1.053449
18-Jan-2025 14:39:40.440,-1.376666,10.694899,-0.344765
18-Jan-2025 14:39:40.456,-1.541866,10.139444,0.186748
18-Jan-2025 14:39:40.472,-1.991976,9.861717,-0.488417
18-Jan-2025 14:39:40.488,-1.661576,9.813833,-1.029507
18-Jan-2025 14:39:40.505,-1.30484,9.629479,-0.679953
18-Jan-2025 14:39:40.521,-0.466869,10.244789,0.079009
18-Jan-2025 14:39:40.537,-0.588974,10.568007,-0.725443
18-Jan-2025 14:39:40.553,-0.581791,11.437101,-0.955287
18-Jan-2025 14:39:40.569,-0.244209,12.009315,-1.125275
18-Jan-2025 14:39:40.585,-0.114922,11.504139,-1.462857
18-Jan-2025 14:39:40.601,-0.272939,11.499351,0.143652
18-Jan-2025 14:39:40.617,0.081403,9.722853,0.203507
18-Jan-2025 14:39:40.633,0.3304,8.74123,0.481235
18-Jan-2025 14:39:40.649,0.186748,7.97748,0.196325
18-Jan-2025 14:39:40.665,0.344765,7.826645,-0.014365
18-Jan-2025 14:39:40.681,0.864307,7.912837,0.011971
18-Jan-2025 14:39:40.697,1.247379,8.200141,-0.047884
18-Jan-2025 14:39:40.714,1.513135,8.628703,0.124498
18-Jan-2025 14:39:40.730,2.243367,8.918402,0.423774
18-Jan-2025 14:39:40.746,1.838747,9.883265,-0.007183
18-Jan-2025 14:39:40.762,1.501164,10.596737,-0.418985
18-Jan-2025 14:39:40.778,1.616086,11.362882,-0.019154
18-Jan-2025 14:39:40.794,1.422156,11.798626,-0.217872
18-Jan-2025 14:39:40.810,0.746991,11.647791,-0.23942
18-Jan-2025 14:39:40.826,0.641646,11.046846,0.294487
18-Jan-2025 14:39:40.842,0.56982,10.383653,0.241814
18-Jan-2025 14:39:40.858,0.893037,9.892841,-0.155623
18-Jan-2025 14:39:40.874,1.142034,9.454702,-0.395043
18-Jan-2025 14:39:40.890,1.527501,8.947132,-0.241814
18-Jan-2025 14:39:40.907,1.692701,8.63828,-0.07422
18-Jan-2025 14:39:40.923,1.549049,8.42759,-0.107739
18-Jan-2025 14:39:40.938,1.584962,8.319851,-0.004788
18-Jan-2025 14:39:40.955,1.412579,8.559271,0.184354
18-Jan-2025 14:39:40.971,1.386243,8.664616,0.122104
18-Jan-2025 14:39:40.987,1.221043,8.975863,0.035913
18-Jan-2025 14:39:41.003,1.031901,9.380483,-0.282516
18-Jan-2025 14:39:41.019,1.268927,9.701305,-0.390255
18-Jan-2025 14:39:41.035,1.381454,9.907207,-0.37589
18-Jan-2025 14:39:41.051,1.247379,10.048465,-0.378284
18-Jan-2025 14:39:41.067,0.864307,10.031705,-0.335188
18-Jan-2025 14:39:41.083,0.373495,10.077195,-0.296881
18-Jan-2025 14:39:41.099,0.488417,9.907207,0.014365
18-Jan-2025 14:39:41.115,0.371101,9.880871,-0.031125
18-Jan-2025 14:39:41.132,0.117316,10.242394,-0.739808
18-Jan-2025 14:39:41.148,-0.023942,10.867282,-0.976834
18-Jan-2025 14:39:41.164,0.586579,11.164163,-0.35913
18-Jan-2025 14:39:41.180,1.235408,11.44189,-0.411803
18-Jan-2025 14:39:41.196,0.711078,11.774684,-0.579397
18-Jan-2025 14:39:41.212,0.821211,11.93749,0.347159
18-Jan-2025 14:39:41.228,0.560243,12.188881,0.476446
18-Jan-2025 14:39:41.244,-0.605733,12.971785,-0.181959
18-Jan-2025 14:39:41.260,-1.149217,13.94383,0.476446
18-Jan-2025 14:39:41.276,-1.963245,13.934254,2.087744
18-Jan-2025 14:39:41.292,-1.805228,12.20564,3.711013
18-Jan-2025 14:39:41.308,-1.637634,10.5704,3.10528
18-Jan-2025 14:39:41.324,-1.474828,9.028535,1.647211
18-Jan-2025 14:39:41.340,-1.144428,7.314286,1.484405
18-Jan-2025 14:39:41.356,-1.182736,6.739678,1.704672
18-Jan-2025 14:39:41.372,-1.438915,6.088455,1.288081
18-Jan-2025 14:39:41.389,-2.363077,5.918467,1.233014
18-Jan-2025 14:39:41.404,-2.384625,6.622362,1.33357
18-Jan-2025 14:39:41.421,-0.907402,8.856153,0.263362
18-Jan-2025 14:39:41.437,0.483629,11.027693,0.390255
18-Jan-2025 14:39:41.453,1.96564,12.459426,0.469264
18-Jan-2025 14:39:41.469,2.896984,12.550406,0.222661
18-Jan-2025 14:39:41.485,1.163582,11.556811,-0.591368
18-Jan-2025 14:39:41.501,0.02873,10.223241,-1.01993
18-Jan-2025 14:39:41.517,-0.033519,9.081207,-0.636858
18-Jan-2025 14:39:41.533,-0.186748,8.224083,0.225055
18-Jan-2025 14:39:41.549,-0.363919,7.714118,0.562637
18-Jan-2025 14:39:41.565,-0.169988,7.649475,0.627281
18-Jan-2025 14:39:41.581,0.007183,7.915231,0.143652
18-Jan-2025 14:39:41.597,0.162806,8.446744,-0.519542
18-Jan-2025 14:39:41.613,0.301669,8.688558,-0.960075
18-Jan-2025 14:39:41.630,0.126893,8.860941,-0.995988
18-Jan-2025 14:39:41.646,-0.225055,9.205706,-0.931344
18-Jan-2025 14:39:41.662,-0.306458,9.363723,-0.802058
18-Jan-2025 14:39:41.678,0.098162,9.591172,-0.663194
18-Jan-2025 14:39:41.694,0.25618,9.849746,-0.641646
18-Jan-2025 14:39:41.710,-0.011971,10.101137,-0.581791
18-Jan-2025 14:39:41.726,-0.215478,10.228029,-0.648829
18-Jan-2025 14:39:41.742,-0.057461,10.431537,-0.538695
18-Jan-2025 14:39:41.758,0.342371,10.603919,-0.553061
18-Jan-2025 14:39:41.774,0.605733,10.833763,-0.905008
18-Jan-2025 14:39:41.790,0.802058,10.893618,-0.991199
18-Jan-2025 14:39:41.807,0.981623,10.70687,-0.665588
18-Jan-2025 14:39:41.823,0.90022,10.714052,-0.294487
18-Jan-2025 14:39:41.839,0.617704,10.769119,-0.311246
18-Jan-2025 14:39:41.855,0.354342,10.948685,-0.627281
18-Jan-2025 14:39:41.871,0.344765,11.092337,-0.993594
18-Jan-2025 14:39:41.887,0.586579,11.552023,-0.871489
18-Jan-2025 14:39:41.903,0.90022,11.808203,-0.624887
18-Jan-2025 14:39:41.919,1.233014,11.714828,0.186748
18-Jan-2025 14:39:41.935,1.364695,11.379641,1.30484
18-Jan-2025 14:39:41.951,1.312023,10.160992,1.316811
18-Jan-2025 14:39:41.967,1.197101,8.947132,0.842759
18-Jan-2025 14:39:41.983,1.182736,7.637504,0.579397
18-Jan-2025 14:39:41.999,0.969652,6.667852,0.754174
18-Jan-2025 14:39:42.016,0.533907,6.677429,0.842759
18-Jan-2025 14:39:42.032,1.297657,6.596025,0.186748
18-Jan-2025 14:39:42.048,1.99437,7.388506,-0.40462
18-Jan-2025 14:39:42.064,2.918532,8.681376,-0.409408
18-Jan-2025 14:39:42.080,3.220201,10.199299,-0.093374
18-Jan-2025 14:39:42.096,2.896984,11.623849,0.294487
18-Jan-2025 14:39:42.112,2.305616,12.579136,0.227449
18-Jan-2025 14:39:42.128,0.878672,12.605472,-0.248997
18-Jan-2025 14:39:42.144,0.117316,12.210428,-0.423774
18-Jan-2025 14:39:42.160,0.603339,11.626244,-0.464475
18-Jan-2025 14:39:42.176,1.671153,10.520123,-0.483629
18-Jan-2025 14:39:42.192,1.216254,9.445126,-0.280122
18-Jan-2025 14:39:42.208,1.180341,8.41083,-0.88346
18-Jan-2025 14:39:42.224,0.967257,7.61835,-1.599327
18-Jan-2025 14:39:42.240,0.588974,7.204153,-1.436521
18-Jan-2025 14:39:42.257,0.591368,7.299921,-0.703895
18-Jan-2025 14:39:42.273,0.857124,7.587225,-0.469264
18-Jan-2025 14:39:42.289,0.754174,7.920019,-0.37589
18-Jan-2025 14:39:42.305,0.306458,8.698134,-0.591368
18-Jan-2025 14:39:42.321,0.205901,9.263166,-0.864307
18-Jan-2025 14:39:42.337,0.342371,9.979033,-0.94571
18-Jan-2025 14:39:42.353,0.651223,10.611102,-0.414197
18-Jan-2025 14:39:42.369,1.012747,10.737994,-0.215478
18-Jan-2025 14:39:42.385,0.909797,10.831368,-0.428562
18-Jan-2025 14:39:42.401,0.897826,11.020511,-0.756568
18-Jan-2025 14:39:42.417,0.873884,11.262324,-0.952892
18-Jan-2025 14:39:42.433,1.04866,11.712435,-0.519542
18-Jan-2025 14:39:42.449,1.125275,11.971008,0.608127
18-Jan-2025 14:39:42.465,0.52433,12.526464,0.339977
18-Jan-2025 14:39:42.482,-1.690306,12.703634,-0.323217
18-Jan-2025 14:39:42.498,-3.100491,13.01488,-0.162806
18-Jan-2025 14:39:42.514,-2.801216,12.813767,1.134852
18-Jan-2025 14:39:42.530,-0.818817,12.378023,2.102109
18-Jan-2025 14:39:42.546,0.112527,11.645397,1.82917
18-Jan-2025 14:39:42.562,-0.011971,10.505757,0.21069
18-Jan-2025 14:39:42.578,-0.442927,9.184157,-0.761356
18-Jan-2025 14:39:42.594,-0.962469,8.075643,0.225055
18-Jan-2025 14:39:42.610,-1.546654,7.151481,1.63524
18-Jan-2025 14:39:42.626,-2.078167,6.80911,1.924938
18-Jan-2025 14:39:42.642,-2.138022,7.400477,1.010353
18-Jan-2025 14:39:42.658,-1.496376,8.588001,0.129287
18-Jan-2025 14:39:42.674,-0.670376,9.691729,-0.265756
18-Jan-2025 14:39:42.690,0.280122,10.594342,-0.031125
18-Jan-2025 14:39:42.706,1.247379,11.176133,-0.052672
18-Jan-2025 14:39:42.722,0.866701,11.159374,-0.493206
18-Jan-2025 14:39:42.738,-0.057461,10.350134,-0.672771
18-Jan-2025 14:39:42.755,-0.600945,9.342175,-0.265756
18-Jan-2025 14:39:42.771,-0.837971,8.453926,0.086191
18-Jan-2025 14:39:42.787,-0.962469,7.994239,0.459687
18-Jan-2025 14:39:42.803,-0.869095,7.922413,0.007183
18-Jan-2025 14:39:42.819,-0.916979,8.118738,-0.471658
18-Jan-2025 14:39:42.835,-1.173159,8.619126,-0.519542
18-Jan-2025 14:39:42.851,-0.833182,8.916007,-0.162806
18-Jan-2025 14:39:42.867,-0.708684,9.303867,-0.138864
18-Jan-2025 14:39:42.883,-1.254562,9.497798,-0.275333
18-Jan-2025 14:39:42.899,-1.553837,9.519346,-0.373495
18-Jan-2025 14:39:42.915,-1.403002,9.495404,-0.079009
18-Jan-2025 14:39:42.932,-1.556231,8.961497,-0.047884
18-Jan-2025 14:39:42.948,-1.886631,8.801085,-0.229843
18-Jan-2025 14:39:42.964,-1.455675,8.65025,-0.581791
18-Jan-2025 14:39:42.980,-1.290475,8.980651,-0.474052
18-Jan-2025 14:39:42.996,-1.735796,9.694122,-0.181959
18-Jan-2025 14:39:43.012,-2.305616,9.983821,0.366313
18-Jan-2025 14:39:43.028,-1.055843,11.068395,0.878672
18-Jan-2025 14:39:43.044,-1.699883,11.336545,0.610521
18-Jan-2025 14:39:43.060,-2.542642,11.362882,0.131681
18-Jan-2025 14:39:43.076,-2.892196,10.733206,0.07422
18-Jan-2025 14:39:43.092,-2.710236,10.012551,0.792481
18-Jan-2025 14:39:43.108,-2.487576,9.457097,1.053449
18-Jan-2025 14:39:43.124,-2.317587,9.368511,1.079785
18-Jan-2025 14:39:43.140,-1.92015,10.002975,0.770933
18-Jan-2025 14:39:43.157,-1.975216,11.003751,0.416591
18-Jan-2025 14:39:43.173,-2.025495,12.014104,0.560243
18-Jan-2025 14:39:43.189,-2.260126,12.356475,0.663194
18-Jan-2025 14:39:43.205,-3.124433,12.284649,0.938527
18-Jan-2025 14:39:43.221,-2.695871,11.456255,0.804452
18-Jan-2025 14:39:43.237,-2.176329,10.417171,0.667982
18-Jan-2025 14:39:43.253,-1.295263,9.212888,-0.050278
18-Jan-2025 14:39:43.269,-0.114922,8.389283,0.138864
18-Jan-2025 14:39:43.285,0.550666,7.728483,0.308852
18-Jan-2025 14:39:43.301,0.526724,7.477092,-0.141258
18-Jan-2025 14:39:43.317,0.28491,7.57286,-0.938527
18-Jan-2025 14:39:43.333,-0.1652,8.492233,-0.995988
18-Jan-2025 14:39:43.349,-0.062249,9.983821,-0.869095
18-Jan-2025 14:39:43.366,0.296881,12.160151,-1.127669
18-Jan-2025 14:39:43.382,0.64404,14.025233,-1.565808
18-Jan-2025 14:39:43.398,-0.658405,13.36204,-1.357512
18-Jan-2025 14:39:43.413,-0.847547,12.277467,-0.761356
18-Jan-2025 14:39:43.430,-0.09098,10.747571,-0.847547
18-Jan-2025 14:39:43.446,0.071826,9.301474,-0.837971
18-Jan-2025 14:39:43.462,-0.502782,8.166622,-1.04866
18-Jan-2025 14:39:43.478,-0.591368,7.424419,-1.438915
18-Jan-2025 14:39:43.494,-0.129287,6.830657,-1.565808
18-Jan-2025 14:39:43.510,-0.064643,6.684611,-1.266533
18-Jan-2025 14:39:43.526,0.318429,6.825869,-1.161188
18-Jan-2025 14:39:43.542,0.694318,7.28795,-1.381454
18-Jan-2025 14:39:43.558,0.823605,8.039729,-1.599327
18-Jan-2025 14:39:43.574,0.509965,8.8777,-1.75495
18-Jan-2025 14:39:43.590,0.548272,9.557653,-1.826776
18-Jan-2025 14:39:43.607,0.536301,10.072407,-1.558625
18-Jan-2025 14:39:43.623,0.469264,10.395624,-1.326388
18-Jan-2025 14:39:43.639,0.670376,10.623073,-1.017536
18-Jan-2025 14:39:43.655,0.366313,10.680533,-1.240196
18-Jan-2025 14:39:43.671,-0.143652,11.049241,-1.285686
18-Jan-2025 14:39:43.687,-0.146046,10.81461,-1.68073
18-Jan-2025 14:39:43.703,-0.380678,10.821792,-1.49877
18-Jan-2025 14:39:43.719,-0.351948,10.795456,-1.61848
18-Jan-2025 14:39:43.735,-0.083797,10.716447,-1.977611
18-Jan-2025 14:39:43.751,0.136469,10.503363,-2.106898
18-Jan-2025 14:39:43.767,0.282516,10.048465,-1.805228
18-Jan-2025 14:39:43.783,0.395043,9.933543,-0.876278
18-Jan-2025 14:39:43.799,0.402226,10.287885,-0.995988
18-Jan-2025 14:39:43.815,1.010353,10.105926,-1.563414
18-Jan-2025 14:39:43.831,-0.409408,11.508927,-1.33357
18-Jan-2025 14:39:43.847,-1.182736,12.332533,-0.849942
18-Jan-2025 14:39:43.864,-1.467646,12.607866,-0.131681
18-Jan-2025 14:39:43.880,-1.302446,11.865664,0.399832
18-Jan-2025 14:39:43.895,-1.161188,10.821792,0.521936
18-Jan-2025 14:39:43.912,-1.115698,9.859323,0.308852
18-Jan-2025 14:39:43.928,-1.443704,9.093178,0.316035
18-Jan-2025 14:39:43.944,-1.80044,8.461109,0.229843
18-Jan-2025 14:39:43.960,-2.298434,7.908048,0.6608
18-Jan-2025 14:39:43.976,-2.60968,7.659051,1.403002
18-Jan-2025 14:39:43.992,-2.530671,7.793127,1.49877
18-Jan-2025 14:39:44.008,-2.528277,8.429984,0.919373
18-Jan-2025 14:39:44.024,-2.533065,9.370906,0.483629
18-Jan-2025 14:39:44.040,-2.006341,10.287885,0.502782
18-Jan-2025 14:39:44.056,-1.383849,10.596737,0.768539
18-Jan-2025 14:39:44.073,-0.605733,11.006145,0.081403
18-Jan-2025 14:39:44.088,-0.474052,10.749966,-0.126893
18-Jan-2025 14:39:44.105,-0.964863,10.110714,-0.038307
18-Jan-2025 14:39:44.121,-1.285686,9.210494,-0.040701
18-Jan-2025 14:39:44.137,-1.508347,8.511387,0.07422
18-Jan-2025 14:39:44.153,-1.601721,8.051701,0.040701
18-Jan-2025 14:39:44.169,-1.625663,8.121132,0.071826
18-Jan-2025 14:39:44.185,-1.606509,8.561666,-0.112527
18-Jan-2025 14:39:44.201,-1.45328,9.370906,-0.268151
18-Jan-2025 14:39:44.217,-0.964863,10.031705,-0.031125
18-Jan-2025 14:39:44.233,-0.995988,10.644621,0.052672
18-Jan-2025 14:39:44.249,-1.221043,10.94629,0.306458
18-Jan-2025 14:39:44.265,-1.228225,10.860099,0.574608
18-Jan-2025 14:39:44.281,-1.438915,10.613496,0.459687
18-Jan-2025 14:39:44.297,-1.170765,10.295067,0.42138
18-Jan-2025 14:39:44.314,-0.919373,9.933543,0.158017
18-Jan-2025 14:39:44.330,-0.656011,9.464279,0.098162
18-Jan-2025 14:39:44.346,-0.502782,9.064447,0.356736
18-Jan-2025 14:39:44.362,-0.114922,9.227253,1.007959
18-Jan-2025 14:39:44.378,0.148441,10.31901,0.814029
18-Jan-2025 14:39:44.394,0.129287,11.750742,-0.342371
18-Jan-2025 14:39:44.410,0.440533,12.583924,0.179565
18-Jan-2025 14:39:44.426,0.957681,12.026075,1.13964
18-Jan-2025 14:39:44.442,1.074997,10.747571,1.496376
18-Jan-2025 14:39:44.458,1.699883,9.296685,1.063026
18-Jan-2025 14:39:44.474,1.532289,8.295909,0.797269
18-Jan-2025 14:39:44.490,1.082179,7.936779,0.732626
18-Jan-2025 14:39:44.507,1.637634,7.754819,0.790087
18-Jan-2025 14:39:44.523,1.661576,8.293514,0.919373
18-Jan-2025 14:39:44.539,1.771709,9.021352,0.399832
18-Jan-2025 14:39:44.555,1.489193,10.036493,-0.162806
18-Jan-2025 14:39:44.571,1.163582,11.085154,-0.040701
18-Jan-2025 14:39:44.587,1.120486,12.119449,0.861913
18-Jan-2025 14:39:44.603,0.438139,12.248735,0.6608
18-Jan-2025 14:39:44.619,-0.07422,11.858481,0.737414
18-Jan-2025 14:39:44.635,0.07422,10.857705,0.871489
18-Jan-2025 14:39:44.651,0.150835,10.019734,0.445322
18-Jan-2025 14:39:44.667,0.545878,9.296685,0.138864
18-Jan-2025 14:39:44.683,1.125275,8.676587,0.31364
18-Jan-2025 14:39:44.699,1.625663,8.204929,0.517148
18-Jan-2025 14:39:44.715,1.714248,8.032547,0.718261
18-Jan-2025 14:39:44.732,1.474828,8.221688,0.560243
18-Jan-2025 14:39:44.747,1.328782,8.520964,0.842759
18-Jan-2025 14:39:44.764,1.326388,9.040505,1.074997
18-Jan-2025 14:39:44.780,1.501164,9.706094,0.972046
18-Jan-2025 14:39:44.796,1.731008,10.378864,1.125275
18-Jan-2025 14:39:44.812,1.932121,10.960655,1.043872
18-Jan-2025 14:39:44.828,2.106898,11.360487,0.938527
18-Jan-2025 14:39:44.844,2.094927,11.391612,0.988805
18-Jan-2025 14:39:44.860,1.867477,10.919954,0.914585
18-Jan-2025 14:39:44.876,1.857901,10.338163,0.778116
18-Jan-2025 14:39:44.892,1.786075,10.048465,0.612916
18-Jan-2025 14:39:44.908,1.54426,9.801862,0.440533
18-Jan-2025 14:39:44.924,1.407791,9.730036,0.308852
18-Jan-2025 14:39:44.940,1.455675,9.782708,0.311246
18-Jan-2025 14:39:44.956,1.508347,10.060435,0.356736
18-Jan-2025 14:39:44.972,1.592144,10.623073,0.105345
18-Jan-2025 14:39:44.989,0.952892,10.965444,-0.493206
18-Jan-2025 14:39:45.005,-0.251391,10.651803,-0.45011
18-Jan-2025 14:39:45.021,-0.995988,10.836157,0.533907
18-Jan-2025 14:39:45.037,-1.070208,10.903194,1.118092
18-Jan-2025 14:39:45.053,-0.086191,10.884041,1.070208
18-Jan-2025 14:39:45.069,0.021548,9.631873,1.252167
18-Jan-2025 14:39:45.085,-0.016759,8.48984,0.754174
18-Jan-2025 14:39:45.101,-0.529119,7.455544,0.131681
18-Jan-2025 14:39:45.117,-1.496376,6.864176,0.268151
18-Jan-2025 14:39:45.133,-1.757344,6.497863,1.113304
18-Jan-2025 14:39:45.149,-1.233014,6.449979,2.243367
18-Jan-2025 14:39:45.165,-1.563414,7.366959,1.853112
18-Jan-2025 14:39:45.181,-2.133234,9.074024,0.696713
18-Jan-2025 14:39:45.197,-1.848324,10.649409,0.260968
18-Jan-2025 14:39:45.213,-1.695095,11.415554,0.775721
18-Jan-2025 14:39:45.230,-1.058237,12.418724,1.33357
18-Jan-2025 14:39:45.246,-0.397437,12.600683,0.936133
18-Jan-2025 14:39:45.262,0.155623,12.921507,0.205901
18-Jan-2025 14:39:45.278,-0.409408,12.337321,-0.529119
18-Jan-2025 14:39:45.294,-0.339977,11.013328,-0.373495
18-Jan-2025 14:39:45.310,-1.352724,10.160992,0.272939
18-Jan-2025 14:39:45.326,-1.419762,9.583989,0.593762
18-Jan-2025 14:39:45.342,-1.240196,9.387665,-0.423774
18-Jan-2025 14:39:45.358,-1.584962,9.0429,-0.289698
18-Jan-2025 14:39:45.374,-1.362301,8.916007,-0.1652
18-Jan-2025 14:39:45.390,-1.161188,8.865729,-0.079009
18-Jan-2025 14:39:45.407,-1.187524,8.860941,-0.098162
18-Jan-2025 14:39:45.422,-1.240196,8.875306,-0.162806
18-Jan-2025 14:39:45.439,-1.297657,8.899248,0.07422
18-Jan-2025 14:39:45.455,-1.276109,8.825027,0.177171
18-Jan-2025 14:39:45.471,-2.149993,9.26556,-0.189142
18-Jan-2025 14:39:45.487,-1.398214,9.263166,-0.019154
18-Jan-2025 14:39:45.503,-1.086968,9.617508,0.026336
18-Jan-2025 14:39:45.519,-0.723049,9.785102,-0.438139
18-Jan-2025 14:39:45.535,-0.505177,10.067618,-0.665588
18-Jan-2025 14:39:45.551,-0.612916,10.500969,-1.134852
18-Jan-2025 14:39:45.567,-0.742203,10.982203,-1.151611
18-Jan-2025 14:39:45.583,-0.744597,11.35091,-1.187524
18-Jan-2025 14:39:45.599,-0.703895,11.382035,-1.063026
18-Jan-2025 14:39:45.616,-0.634463,11.200075,-0.821211
18-Jan-2025 14:39:45.631,-0.533907,10.936713,-1.007959
18-Jan-2025 14:39:45.648,-0.328006,10.790668,-1.319205
18-Jan-2025 14:39:45.663,-0.064643,10.714052,-1.323994
18-Jan-2025 14:39:45.680,0.248997,10.821792,-1.086968
18-Jan-2025 14:39:45.696,0.418985,10.886436,-1.18513
18-Jan-2025 14:39:45.712,0.263362,10.82658,-1.225831
18-Jan-2025 14:39:45.728,0.124498,10.460267,-0.890643
18-Jan-2025 14:39:45.744,0.68953,10.048465,-0.435745
18-Jan-2025 14:39:45.760,0.718261,9.588778,-0.184354
18-Jan-2025 14:39:45.776,0.679953,9.165004,0.062249
18-Jan-2025 14:39:45.792,0.964863,8.59279,0.167594
18-Jan-2025 14:39:45.808,1.079785,8.161834,0.148441
18-Jan-2025 14:39:45.824,1.204283,7.955932,-0.059855
18-Jan-2025 14:39:45.840,1.527501,7.874529,-0.105345
18-Jan-2025 14:39:45.857,1.728614,8.324639,-0.050278
18-Jan-2025 14:39:45.873,2.30801,8.659827,-0.213084
18-Jan-2025 14:39:45.889,2.643199,9.028535,-0.347159
18-Jan-2025 14:39:45.905,2.614468,9.758766,0.318429
18-Jan-2025 14:39:45.921,3.131616,10.168175,0.337582
18-Jan-2025 14:39:45.937,3.227384,10.85531,-0.131681
18-Jan-2025 14:39:45.953,3.021482,11.245565,-0.418985
18-Jan-2025 14:39:45.969,2.319981,11.415554,-0.761356
18-Jan-2025 14:39:45.985,1.951274,11.542446,-0.687136
18-Jan-2025 14:39:46.001,1.731008,11.161768,-0.325611
18-Jan-2025 14:39:46.017,1.534683,10.433931,-0.196325
18-Jan-2025 14:39:46.033,1.786075,9.648633,-0.311246
18-Jan-2025 14:39:46.049,2.425326,9.011775,-0.555455
18-Jan-2025 14:39:46.065,2.971204,8.463503,-0.711078
18-Jan-2025 14:39:46.081,2.844312,8.3821,-0.677559
18-Jan-2025 14:39:46.098,3.790021,7.721301,-0.438139
18-Jan-2025 14:39:46.114,4.065354,7.563283,0.253785
18-Jan-2025 14:39:46.130,3.354277,7.912837,-0.493206
18-Jan-2025 14:39:46.146,2.604892,8.327033,-0.993594
18-Jan-2025 14:39:46.162,2.11408,8.729259,-0.742203
18-Jan-2025 14:39:46.178,1.297657,8.652645,-0.651223
18-Jan-2025 14:39:46.194,1.151611,8.892065,-0.430956
18-Jan-2025 14:39:46.210,1.391031,9.143456,-0.572214
18-Jan-2025 14:39:46.226,1.707066,9.698911,-0.64404
18-Jan-2025 14:39:46.242,2.161964,10.280702,-0.761356
18-Jan-2025 14:39:46.258,2.549825,11.125855,-1.127669
18-Jan-2025 14:39:46.274,2.298434,11.724405,-1.321599
18-Jan-2025 14:39:46.290,1.345541,11.080365,-1.103727
18-Jan-2025 14:39:46.307,0.828394,10.819398,-0.890643
18-Jan-2025 14:39:46.323,1.00317,10.472239,-0.713472
18-Jan-2025 14:39:46.339,1.539472,10.316615,-0.806846
18-Jan-2025 14:39:46.355,2.346318,9.976639,-1.371878
18-Jan-2025 14:39:46.371,2.171541,9.864111,-1.929727
18-Jan-2025 14:39:46.387,2.1883,9.68694,-1.80044
18-Jan-2025 14:39:46.403,2.80361,9.588778,-1.352724
18-Jan-2025 14:39:46.419,1.853112,10.493786,-0.806846
18-Jan-2025 14:39:46.435,1.383849,11.226412,-0.318429
18-Jan-2025 14:39:46.451,0.897826,12.109872,-0.658405
18-Jan-2025 14:39:46.467,0.701501,12.91193,-0.957681
18-Jan-2025 14:39:46.483,0.397437,13.603854,0.411803
18-Jan-2025 14:39:46.499,-0.112527,13.215993,0.620098
18-Jan-2025 14:39:46.515,-1.029507,13.441049,1.297657
18-Jan-2025 14:39:46.531,-0.435745,12.327744,1.877054
18-Jan-2025 14:39:46.548,0.038307,11.018116,2.363077
18-Jan-2025 14:39:46.563,-0.466869,9.718064,1.70946
18-Jan-2025 14:39:46.580,-0.732626,8.51857,1.300052
18-Jan-2025 14:39:46.596,-0.835576,7.517793,1.678335
18-Jan-2025 14:39:46.612,-0.727837,6.744466,2.176329
18-Jan-2025 14:39:46.628,-0.531513,6.361394,2.470816
18-Jan-2025 14:39:46.644,-0.507571,6.572083,2.360683
18-Jan-2025 14:39:46.660,-0.80924,7.534553,1.577779
18-Jan-2025 14:39:46.676,-0.859518,8.643068,0.981623
18-Jan-2025 14:39:46.692,-0.802058,9.80665,1.189918
18-Jan-2025 14:39:46.708,-0.514753,10.608707,1.450886
18-Jan-2025 14:39:46.724,-0.131681,11.03727,1.23062
18-Jan-2025 14:39:46.740,-0.198719,11.166556,0.584185
18-Jan-2025 14:39:46.757,-0.486023,11.195287,0.136469
18-Jan-2025 14:39:46.773,-0.847547,10.565612,0.287304
18-Jan-2025 14:39:46.789,-0.993594,9.794679,0.746991
18-Jan-2025 14:39:46.805,-0.756568,9.069236,0.861913
18-Jan-2025 14:39:46.821,-0.466869,8.556877,0.713472
18-Jan-2025 14:39:46.837,-0.380678,8.315063,0.289698
18-Jan-2025 14:39:46.853,-0.337582,8.477868,0.122104
18-Jan-2025 14:39:46.869,-0.237026,8.772355,-0.124498
18-Jan-2025 14:39:46.884,-0.150835,9.13388,-0.110133
18-Jan-2025 14:39:46.901,0.184354,9.172187,-0.31364
18-Jan-2025 14:39:46.917,0.177171,9.31105,-0.811634
18-Jan-2025 14:39:46.933,0.043096,9.267955,-0.770933
18-Jan-2025 14:39:46.949,0.02873,9.279925,-0.356736
18-Jan-2025 14:39:46.965,0.514753,9.375694,-0.258574
18-Jan-2025 14:39:46.981,0.703895,9.502586,-0.392649
18-Jan-2025 14:39:46.998,0.665588,9.469068,-0.438139
18-Jan-2025 14:39:47.014,0.782904,9.284714,-0.251391
18-Jan-2025 14:39:47.030,0.847547,9.471462,-0.062249
18-Jan-2025 14:39:47.046,1.070208,9.842564,0.004788
18-Jan-2025 14:39:47.062,1.280898,10.280702,-0.131681
18-Jan-2025 14:39:47.078,1.75495,10.630256,-0.502782
18-Jan-2025 14:39:47.094,2.149993,10.989386,-0.629675
18-Jan-2025 14:39:47.110,2.133234,10.824186,-0.667982
18-Jan-2025 14:39:47.126,2.312799,10.5704,-0.577003
18-Jan-2025 14:39:47.142,2.595315,11.125855,-0.138864
18-Jan-2025 14:39:47.158,2.978387,11.597513,0.471658
18-Jan-2025 14:39:47.174,2.126051,11.200075,0.746991
18-Jan-2025 14:39:47.190,0.153229,11.77229,1.007959
18-Jan-2025 14:39:47.206,-0.071826,12.47858,1.031901
18-Jan-2025 14:39:47.223,1.122881,12.567164,0.577003
18-Jan-2025 14:39:47.239,3.799598,11.75553,-0.148441
18-Jan-2025 14:39:47.255,4.089296,9.56723,0.344765
18-Jan-2025 14:39:47.271,3.150769,7.429208,1.206678
18-Jan-2025 14:39:47.287,1.611298,6.047753,1.412579
18-Jan-2025 14:39:47.303,0.560243,5.418078,0.802058
18-Jan-2025 14:39:47.319,0.584185,5.583278,0.351948
18-Jan-2025 14:39:47.335,1.256956,6.548141,0.100556
18-Jan-2025 14:39:47.351,1.628057,8.566454,-0.234632
18-Jan-2025 14:39:47.367,2.614468,10.637438,0.189142
18-Jan-2025 14:39:47.383,1.898602,11.81778,0.227449
18-Jan-2025 14:39:47.399,0.806846,11.465832,0.325611
18-Jan-2025 14:39:47.415,0.617704,11.930307,0.466869
18-Jan-2025 14:39:47.431,1.520318,12.208035,-0.42138
18-Jan-2025 14:39:47.448,3.244143,12.559982,-1.276109
18-Jan-2025 14:39:47.464,2.679112,10.996569,-0.840365
18-Jan-2025 14:39:47.480,2.336741,9.215282,-0.967257
18-Jan-2025 14:39:47.496,2.008735,7.946355,-1.331176
18-Jan-2025 14:39:47.512,1.977611,7.094019,-1.060631
18-Jan-2025 14:39:47.528,2.061408,6.830657,-0.797269
18-Jan-2025 14:39:47.544,1.877054,7.31668,-1.00317
18-Jan-2025 14:39:47.560,2.044648,8.058883,-1.247379
18-Jan-2025 14:39:47.576,2.173935,8.767567,-1.285686
18-Jan-2025 14:39:47.592,2.183512,9.284714,-1.216254
18-Jan-2025 14:39:47.608,2.23379,9.753978,-1.163582
18-Jan-2025 14:39:47.624,1.831564,10.16578,-1.300052
18-Jan-2025 14:39:47.640,1.335965,10.189722,-1.374272
18-Jan-2025 14:39:47.656,1.355118,9.964667,-1.187524
18-Jan-2025 14:39:47.673,1.434127,9.718064,-1.074997
18-Jan-2025 14:39:47.689,1.216254,9.653421,-1.146823
18-Jan-2025 14:39:47.705,0.92895,9.718064,-1.58975
18-Jan-2025 14:39:47.721,0.785298,9.76116,-1.522712
18-Jan-2025 14:39:47.737,0.754174,9.892841,-1.158794
18-Jan-2025 14:39:47.753,1.810017,10.27352,-1.422156
18-Jan-2025 14:39:47.769,1.843535,11.180922,-0.912191
18-Jan-2025 14:39:47.785,1.352724,11.03727,-1.496376
18-Jan-2025 14:39:47.801,1.63524,11.077971,-1.604115
18-Jan-2025 14:39:47.817,1.917756,10.474632,-0.818817
18-Jan-2025 14:39:47.833,2.111686,10.328587,0.325611
18-Jan-2025 14:39:47.849,1.860295,10.900801,0.636858
18-Jan-2025 14:39:47.865,1.383849,11.575965,-0.397437
18-Jan-2025 14:39:47.881,0.481235,12.243947,-0.071826
18-Jan-2025 14:39:47.898,-0.418985,12.981361,1.18513
18-Jan-2025 14:39:47.913,-0.493206,12.698846,2.731784
18-Jan-2025 14:39:47.929,-0.004788,11.700463,3.552995
18-Jan-2025 14:39:47.946,1.151611,10.603919,3.37343
18-Jan-2025 14:39:47.962,1.900996,9.342175,2.698265
18-Jan-2025 14:39:47.978,1.556231,8.39886,1.644817
18-Jan-2025 14:39:47.994,0.64404,7.687782,0.890643
18-Jan-2025 14:39:48.010,-0.229843,7.204153,0.885855
18-Jan-2025 14:39:48.026,-1.101333,7.237672,1.218649
18-Jan-2025 14:39:48.042,-1.795651,7.637504,1.776498
18-Jan-2025 14:39:48.058,-2.209848,8.853758,2.070984
18-Jan-2025 14:39:48.074,-0.703895,10.206482,2.406173
18-Jan-2025 14:39:48.090,0.368707,11.152191,2.624045
18-Jan-2025 14:39:48.106,2.118869,11.44189,1.795651
18-Jan-2025 14:39:48.122,3.239355,11.86327,0.718261
18-Jan-2025 14:39:48.139,2.140416,11.216835,-0.672771
18-Jan-2025 14:39:48.154,1.161188,9.856929,-0.701501
18-Jan-2025 14:39:48.171,0.591368,8.698134,-0.040701
18-Jan-2025 14:39:48.187,0.545878,8.276755,0.849942
18-Jan-2025 14:39:48.203,0.146046,8.456321,1.209072
18-Jan-2025 14:39:48.219,0.033519,8.635885,1.249773
18-Jan-2025 14:39:48.235,0.184354,8.815451,0.730232
18-Jan-2025 14:39:48.251,0.201113,9.148245,0.055067
18-Jan-2025 14:39:48.267,-0.114922,9.277532,-0.3304
18-Jan-2025 14:39:48.283,0.356736,9.315839,-0.064643
18-Jan-2025 14:39:48.299,0.905008,9.248801,0.457293
18-Jan-2025 14:39:48.315,1.240196,9.325416,0.574608
18-Jan-2025 14:39:48.331,0.986411,9.684546,0.600945
18-Jan-2025 14:39:48.347,1.154005,9.751583,0.624887
18-Jan-2025 14:39:48.364,1.089362,9.859323,0.6608
18-Jan-2025 14:39:48.380,1.750161,10.09156,0.591368
18-Jan-2025 14:39:48.396,1.280898,10.412383,0.380678
18-Jan-2025 14:39:48.412,2.135628,10.618284,0.320823
18-Jan-2025 14:39:48.428,2.662352,10.505757,0.277727
18-Jan-2025 14:39:48.444,2.456451,10.630256,0.785298
18-Jan-2025 14:39:48.460,2.154782,10.905589,1.465251
18-Jan-2025 14:39:48.476,2.322376,11.508927,1.671153
18-Jan-2025 14:39:48.492,2.030283,12.143391,1.659182
18-Jan-2025 14:39:48.508,1.666364,12.564771,1.273715
18-Jan-2025 14:39:48.524,2.37026,12.152967,0.773327
18-Jan-2025 14:39:48.540,3.064578,11.039664,0.581791
18-Jan-2025 14:39:48.556,2.8491,9.595961,0.380678
18-Jan-2025 14:39:48.572,2.794033,8.350976,0.725443
18-Jan-2025 14:39:48.588,2.765303,7.711724,1.563414
18-Jan-2025 14:39:48.604,2.827552,7.939173,2.087744
18-Jan-2025 14:39:48.621,2.39899,8.315063,1.146823
18-Jan-2025 14:39:48.637,1.568202,8.145074,-1.010353
18-Jan-2025 14:39:48.653,-0.572214,9.425972,-1.410185
18-Jan-2025 14:39:48.669,-0.208296,9.01417,-1.393425
18-Jan-2025 14:39:48.685,-0.07422,9.272743,-0.507571
18-Jan-2025 14:39:48.701,0.778116,10.053253,-0.593762
18-Jan-2025 14:39:48.717,1.661576,10.668563,-1.288081
18-Jan-2025 14:39:48.733,2.832341,10.460267,-0.950498
18-Jan-2025 14:39:48.749,2.169147,10.206482,-0.938527
18-Jan-2025 14:39:48.765,1.403002,9.3733,-0.962469
18-Jan-2025 14:39:48.781,0.667982,8.432379,-0.952892
18-Jan-2025 14:39:48.797,0.009577,7.776367,-0.821211
18-Jan-2025 14:39:48.814,-0.703895,7.230489,-0.845153
18-Jan-2025 14:39:48.830,-0.124498,7.343017,-0.890643
18-Jan-2025 14:39:48.846,0.191536,7.929596,-1.180341
18-Jan-2025 14:39:48.862,0.301669,8.664616,-1.491588
18-Jan-2025 14:39:48.878,0.816423,9.270349,-1.810017
18-Jan-2025 14:39:48.894,1.314417,9.785102,-1.884237
18-Jan-2025 14:39:48.910,1.309628,10.204087,-1.865083
18-Jan-2025 14:39:48.926,1.431733,10.283096,-1.673547
18-Jan-2025 14:39:48.942,1.233014,10.249578,-1.687912
18-Jan-2025 14:39:48.958,0.591368,10.235212,-1.872266
18-Jan-2025 14:39:48.974,0.222661,10.098742,-1.692701
18-Jan-2025 14:39:48.990,0.071826,10.134656,-1.194707
18-Jan-2025 14:39:49.006,-0.004788,10.311827,-1.197101
18-Jan-2025 14:39:49.022,0.299275,10.486604,-1.388637
18-Jan-2025 14:39:49.038,0.464475,10.46745,-1.448492
18-Jan-2025 14:39:49.055,0.656011,10.697293,-0.339977
18-Jan-2025 14:39:49.071,0.306458,11.652579,-0.821211
18-Jan-2025 14:39:49.087,-0.948104,12.524069,-1.532289
18-Jan-2025 14:39:49.103,-1.982399,12.969391,-0.608127
18-Jan-2025 14:39:49.119,-2.341529,13.52724,0.608127
18-Jan-2025 14:39:49.135,-0.778116,13.579912,1.209072
18-Jan-2025 14:39:49.151,-0.124498,12.318168,1.45328
18-Jan-2025 14:39:49.167,-0.447716,10.848128,0.416591
18-Jan-2025 14:39:49.183,-0.828394,9.485827,-0.35913
18-Jan-2025 14:39:49.199,-1.312023,8.147469,0.407014
18-Jan-2025 14:39:49.215,-1.489193,7.098808,1.295263
18-Jan-2025 14:39:49.231,-1.549049,6.593631,1.963245
18-Jan-2025 14:39:49.247,-2.008735,6.368577,2.157176
18-Jan-2025 14:39:49.264,-2.928109,6.648698,2.118869
18-Jan-2025 14:39:49.279,-2.540248,7.417237,1.889025
18-Jan-2025 14:39:49.296,-1.781286,8.628703,1.606509
18-Jan-2025 14:39:49.312,-1.359907,9.445126,1.070208
18-Jan-2025 14:39:49.328,-1.063026,10.500969,0.715866
18-Jan-2025 14:39:49.344,-0.112527,10.958261,0.806846
18-Jan-2025 14:39:49.360,0.205901,11.506534,1.029507
18-Jan-2025 14:39:49.376,0.079009,11.774684,0.646434
18-Jan-2025 14:39:49.392,-0.37589,12.073959,0.088585
18-Jan-2025 14:39:49.408,-0.639252,10.448297,0.462081
18-Jan-2025 14:39:49.424,-1.137246,9.488221,0.821211
18-Jan-2025 14:39:49.440,-1.024718,8.858546,0.577003
18-Jan-2025 14:39:49.457,-1.00317,8.602366,0.292093
18-Jan-2025 14:39:49.473,-1.036689,8.767567,0.179565
18-Jan-2025 14:39:49.488,-0.715866,9.150639,0.11971
18-Jan-2025 14:39:49.505,-0.402226,9.421184,0.260968
18-Jan-2025 14:39:49.521,-0.423774,9.708488,0.407014
18-Jan-2025 14:39:49.537,-0.550666,9.775525,0.395043
18-Jan-2025 14:39:49.552,-0.821211,9.890448,0.550666
18-Jan-2025 14:39:49.569,-1.623269,9.890448,1.146823
18-Jan-2025 14:39:49.585,-0.347159,10.15381,0.627281
18-Jan-2025 14:39:49.601,-0.457293,10.127473,0.790087
18-Jan-2025 14:39:49.617,-0.347159,9.816227,0.936133
18-Jan-2025 14:39:49.633,0.02873,9.995792,0.670376
18-Jan-2025 14:39:49.649,-0.016759,10.275913,0.04549
18-Jan-2025 14:39:49.666,0.136469,10.532093,0.031125
18-Jan-2025 14:39:49.681,0.411803,11.001357,0.399832
18-Jan-2025 14:39:49.698,0.691924,11.805809,-0.189142
18-Jan-2025 14:39:49.714,1.134852,11.75553,0.011971
18-Jan-2025 14:39:49.730,1.850718,11.216835,1.077391
18-Jan-2025 14:39:49.746,1.154005,10.28549,2.509123
18-Jan-2025 14:39:49.762,1.089362,9.715671,1.900996
18-Jan-2025 14:39:49.778,1.716643,9.109938,0.466869
18-Jan-2025 14:39:49.794,1.867477,9.009381,-0.407014
18-Jan-2025 14:39:49.810,1.764527,8.743625,0.52433
18-Jan-2025 14:39:49.826,1.345541,8.698134,1.434127
18-Jan-2025 14:39:49.842,1.972822,8.300697,1.343147
18-Jan-2025 14:39:49.858,1.290475,9.038112,-0.21069
18-Jan-2025 14:39:49.875,1.086968,10.089166,-1.388637
18-Jan-2025 14:39:49.890,1.163582,11.027693,-1.206678
18-Jan-2025 14:39:49.907,0.991199,11.482592,-0.792481
18-Jan-2025 14:39:49.923,0.260968,11.645397,-0.517148
18-Jan-2025 14:39:49.939,-0.395043,11.494562,-0.392649
18-Jan-2025 14:39:49.955,-0.778116,11.010934,-0.215478
18-Jan-2025 14:39:49.971,-0.507571,10.400413,0.081403
18-Jan-2025 14:39:49.987,0.035913,9.89763,-0.296881
18-Jan-2025 14:39:50.003,0.56982,9.277532,-1.01993
18-Jan-2025 14:39:50.019,0.548272,8.772355,-1.01993
18-Jan-2025 14:39:50.035,0.416591,8.252813,-0.378284
18-Jan-2025 14:39:50.051,0.545878,7.946355,0.158017
18-Jan-2025 14:39:50.067,0.773327,8.09719,0.162806
18-Jan-2025 14:39:50.083,0.916979,8.59279,-0.055067
18-Jan-2025 14:39:50.100,0.94571,9.018958,-0.306458
18-Jan-2025 14:39:50.116,0.885855,9.435549,-0.308852
18-Jan-2025 14:39:50.132,1.06542,9.715671,-0.172383
18-Jan-2025 14:39:50.148,1.130063,10.168175,0.007183
18-Jan-2025 14:39:50.164,1.118092,10.477027,-0.395043
18-Jan-2025 14:39:50.180,0.967257,10.666168,-0.593762
18-Jan-2025 14:39:50.196,0.782904,10.608707,-0.311246
18-Jan-2025 14:39:50.212,0.672771,10.405201,-0.237026
18-Jan-2025 14:39:50.228,0.636858,10.15381,0.052672
18-Jan-2025 14:39:50.244,0.483629,9.986216,-0.28491
18-Jan-2025 14:39:50.260,0.110133,10.041282,-0.847547
18-Jan-2025 14:39:50.276,-0.131681,10.208876,-0.617704
18-Jan-2025 14:39:50.292,-0.1652,10.522516,-0.426168
18-Jan-2025 14:39:50.308,0.713472,10.730812,0.009577
18-Jan-2025 14:39:50.325,1.867477,10.644621,0.1652
18-Jan-2025 14:39:50.341,0.409408,11.513716,-1.204283
18-Jan-2025 14:39:50.357,0.004788,11.748347,-2.161964
18-Jan-2025 14:39:50.373,-0.912191,11.786655,-0.85473
18-Jan-2025 14:39:50.389,-1.225831,11.389217,0.428562
18-Jan-2025 14:39:50.405,-0.37589,10.254366,0.962469
18-Jan-2025 14:39:50.421,-0.138864,9.186552,0.009577
18-Jan-2025 14:39:50.437,-0.129287,8.044518,-0.782904
18-Jan-2025 14:39:50.453,-0.462081,7.268796,-0.586579
18-Jan-2025 14:39:50.469,-0.782904,6.868965,0.225055
18-Jan-2025 14:39:50.485,-0.938527,7.228095,1.04866
18-Jan-2025 14:39:50.501,-1.520318,7.975086,1.031901
18-Jan-2025 14:39:50.517,-1.130063,8.415619,1.165976
18-Jan-2025 14:39:50.534,-0.639252,8.935161,1.510741
18-Jan-2025 14:39:50.550,-0.799663,9.454702,1.68073
18-Jan-2025 14:39:50.565,-1.06542,10.134656,1.45328
18-Jan-2025 14:39:50.582,-1.022324,11.030087,0.342371
18-Jan-2025 14:39:50.598,-1.630451,11.812991,-0.308852
18-Jan-2025 14:39:50.614,-1.367089,11.87524,0.292093
18-Jan-2025 14:39:50.630,-1.122881,11.415554,0.560243
18-Jan-2025 14:39:50.646,-1.113304,10.896012,0.608127
18-Jan-2025 14:39:50.662,-1.132457,10.254366,0.586579
18-Jan-2025 14:39:50.678,-1.247379,9.694122,0.031125
18-Jan-2025 14:39:50.694,-1.551443,9.351752,-0.088585
18-Jan-2025 14:39:50.710,-1.479617,9.248801,0.622492
18-Jan-2025 14:39:50.726,-1.39582,9.277532,0.45011
18-Jan-2025 14:39:50.742,-1.024718,9.445126,0.215478
18-Jan-2025 14:39:50.759,-1.66397,10.19451,0.086191
18-Jan-2025 14:39:50.775,-2.059013,10.67814,0.162806
18-Jan-2025 14:39:50.791,-1.75495,10.656591,0.136469
18-Jan-2025 14:39:50.807,-1.043872,10.405201,0.232238
18-Jan-2025 14:39:50.823,-0.691924,10.04607,0.011971
18-Jan-2025 14:39:50.839,-0.555455,9.677363,-0.351948
18-Jan-2025 14:39:50.855,-0.490811,9.524135,-0.423774
18-Jan-2025 14:39:50.871,-0.699107,9.471462,-0.502782
18-Jan-2025 14:39:50.887,-0.797269,9.655815,-0.47884
18-Jan-2025 14:39:50.903,-0.603339,9.557653,-0.64404
18-Jan-2025 14:39:50.919,-0.723049,9.591172,-0.514753
18-Jan-2025 14:39:50.935,-0.754174,9.78989,-0.639252
18-Jan-2025 14:39:50.951,-0.730232,9.962274,-0.586579
18-Jan-2025 14:39:50.967,-0.6608,9.986216,-0.533907
18-Jan-2025 14:39:50.983,-0.627281,9.811439,-0.641646
18-Jan-2025 14:39:51.000,-0.806846,9.560047,-0.701501
18-Jan-2025 14:39:51.016,-0.818817,9.490616,-0.588974
18-Jan-2025 14:39:51.032,-0.521936,9.457097,-0.687136
18-Jan-2025 14:39:51.048,-0.248997,9.49301,-0.73502
18-Jan-2025 14:39:51.064,-0.227449,9.737218,-0.380678
18-Jan-2025 14:39:51.080,-0.035913,10.105926,-0.093374
18-Jan-2025 14:39:51.096,0.083797,10.630256,-0.399832
18-Jan-2025 14:39:51.112,0.031125,11.188105,-0.718261
18-Jan-2025 14:39:51.128,-0.246603,11.638214,-0.289698
18-Jan-2025 14:39:51.144,0.435745,10.970232,0.402226
18-Jan-2025 14:39:51.160,0.909797,10.431537,0.289698
18-Jan-2025 14:39:51.176,1.278504,9.811439,-0.380678
18-Jan-2025 14:39:51.193,1.462857,9.366117,-0.622492
18-Jan-2025 14:39:51.208,1.78368,8.710106,-0.653617
18-Jan-2025 14:39:51.224,1.328782,8.578424,-0.462081
18-Jan-2025 14:39:51.241,1.194707,8.635885,-0.023942
18-Jan-2025 14:39:51.257,1.623269,9.004593,0.339977
18-Jan-2025 14:39:51.273,2.427721,9.572019,0.043096
18-Jan-2025 14:39:51.289,2.212242,10.694899,-0.696713
18-Jan-2025 14:39:51.305,2.305616,11.391612,-1.273715
18-Jan-2025 14:39:51.321,1.592144,11.971008,-1.010353
18-Jan-2025 14:39:51.337,1.146823,12.050017,-0.725443
18-Jan-2025 14:39:51.353,0.593762,11.552023,-0.560243
18-Jan-2025 14:39:51.369,0.514753,10.611102,-0.574608
18-Jan-2025 14:39:51.385,0.749385,9.715671,-0.658405
18-Jan-2025 14:39:51.401,1.192312,8.978256,-0.876278
18-Jan-2025 14:39:51.417,1.242591,8.271967,-0.991199
18-Jan-2025 14:39:51.434,1.063026,7.874529,-0.739808
18-Jan-2025 14:39:51.450,1.264138,7.809886,-0.445322
18-Jan-2025 14:39:51.466,1.613692,8.00621,-0.457293
18-Jan-2025 14:39:51.482,1.431733,8.274361,-0.593762
18-Jan-2025 14:39:51.498,1.144428,8.564059,-0.675165
18-Jan-2025 14:39:51.514,1.122881,8.966286,-0.842759
18-Jan-2025 14:39:51.530,1.151611,9.469068,-0.816423
18-Jan-2025 14:39:51.546,0.967257,9.854534,-0.720655
18-Jan-2025 14:39:51.562,0.902614,10.117896,-0.672771
18-Jan-2025 14:39:51.578,0.893037,10.441113,-0.952892
18-Jan-2025 14:39:51.594,1.254562,10.503363,-1.505953
18-Jan-2025 14:39:51.611,1.685518,10.299856,-1.54426
18-Jan-2025 14:39:51.626,1.668759,10.0341,-1.233014
18-Jan-2025 14:39:51.642,1.443704,9.801862,-1.194707
18-Jan-2025 14:39:51.659,1.319205,9.727641,-1.211466
18-Jan-2025 14:39:51.675,1.122881,9.880871,-1.525106
18-Jan-2025 14:39:51.691,0.964863,10.163386,-1.711854
18-Jan-2025 14:39:51.707,0.658405,10.594342,-1.517924
18-Jan-2025 14:39:51.723,0.471658,11.283873,-1.434127
18-Jan-2025 14:39:51.739,0.830788,11.693281,-1.472434
18-Jan-2025 14:39:51.755,1.33357,11.844116,-0.70629
18-Jan-2025 14:39:51.771,1.458069,12.064383,-0.397437
18-Jan-2025 14:39:51.787,1.513135,12.20564,-1.568202
18-Jan-2025 14:39:51.803,0.244209,12.741941,-1.491588
18-Jan-2025 14:39:51.819,-0.577003,12.758701,-0.440533
18-Jan-2025 14:39:51.835,-0.720655,12.397177,0.545878
18-Jan-2025 14:39:51.851,-0.411803,11.355699,0.890643
18-Jan-2025 14:39:51.868,-0.670376,10.414778,0.746991
18-Jan-2025 14:39:51.884,-0.849942,9.28232,0.806846
18-Jan-2025 14:39:51.900,-1.000776,8.145074,0.802058
18-Jan-2025 14:39:51.916,-1.328782,7.422025,0.955287
18-Jan-2025 14:39:51.932,-1.340753,6.751649,1.161188
18-Jan-2025 14:39:51.948,-1.793257,6.993463,0.979228
18-Jan-2025 14:39:51.964,-1.503559,7.417237,0.088585
18-Jan-2025 14:39:51.980,-1.142034,8.238448,0.229843
18-Jan-2025 14:39:51.996,-0.6608,8.992621,0.476446
18-Jan-2025 14:39:52.012,-0.512359,10.067618,-0.225055
18-Jan-2025 14:39:52.028,-0.407014,10.393229,-1.35033
18-Jan-2025 14:39:52.044,0.237026,10.996569,-1.041478
18-Jan-2025 14:39:52.060,0.565032,11.135432,0.366313
18-Jan-2025 14:39:52.077,0.612916,10.627861,0.555455
18-Jan-2025 14:39:52.093,-0.217872,10.105926,0.565032
18-Jan-2025 14:39:52.109,-0.622492,9.483433,-0.241814
18-Jan-2025 14:39:52.125,-1.266533,9.181764,-1.187524
18-Jan-2025 14:39:52.141,-1.551443,9.045294,-1.51553
18-Jan-2025 14:39:52.157,-2.427721,9.083601,-1.228225
18-Jan-2025 14:39:52.173,-1.740585,8.966286,-0.821211
18-Jan-2025 14:39:52.189,-0.634463,8.717288,-0.976834
18-Jan-2025 14:39:52.205,-1.163582,9.437943,-0.682347
18-Jan-2025 14:39:52.220,-0.61531,8.956709,-0.586579
18-Jan-2025 14:39:52.237,-0.272939,8.920795,-0.845153
18-Jan-2025 14:39:52.253,-0.373495,8.63828,-0.802058
18-Jan-2025 14:39:52.269,-1.510741,9.196129,-0.730232
18-Jan-2025 14:39:52.285,-1.685518,9.557653,-0.70629
18-Jan-2025 14:39:52.302,-1.477222,9.689334,-1.096544
18-Jan-2025 14:39:52.318,-0.888249,9.674969,-1.237802
18-Jan-2025 14:39:52.334,-0.909797,9.457097,-1.419762
18-Jan-2025 14:39:52.350,-0.679953,9.184157,-1.699883
18-Jan-2025 14:39:52.366,-1.70946,8.880095,-1.673547
18-Jan-2025 14:39:52.382,-1.929727,9.619903,-1.915361
18-Jan-2025 14:39:52.398,-0.895431,9.483433,-2.817975
18-Jan-2025 14:39:52.414,1.900996,8.789114,-3.600879
18-Jan-2025 14:39:52.430,4.309563,8.578424,-3.663129
18-Jan-2025 14:39:52.446,3.157952,8.250419,-2.329558
18-Jan-2025 14:39:52.462,2.636016,7.338228,-1.173159
18-Jan-2025 14:39:52.478,3.385401,6.823475,-1.118092
18-Jan-2025 14:39:52.494,1.146823,5.463568,-1.386243
18-Jan-2025 14:39:52.510,3.421314,6.244078,-1.127669
18-Jan-2025 14:39:52.527,3.397372,5.276821,0.23942
18-Jan-2025 14:39:52.543,2.422932,5.595249,0.251391
18-Jan-2025 14:39:52.559,0.6608,4.831499,1.484405
18-Jan-2025 14:39:52.575,0.639252,5.767632,1.316811
18-Jan-2025 14:39:52.591,1.546654,6.064513,-1.757344
18-Jan-2025 14:39:52.607,0.387861,2.454057,-0.282516
18-Jan-2025 14:39:52.623,-2.717419,3.940856,0.438139
18-Jan-2025 14:39:52.639,-2.86586,3.356671,3.167529
18-Jan-2025 14:39:52.655,-0.988805,1.721431,2.782062
18-Jan-2025 14:39:52.671,-0.672771,0.265756,5.712565
18-Jan-2025 14:39:52.687,-1.113304,-1.752556,7.896077
18-Jan-2025 14:39:52.703,1.66397,-3.22499,7.000646
18-Jan-2025 14:39:52.719,-0.107739,-4.783615,4.989516
18-Jan-2025 14:39:52.735,-4.620809,-7.855376,-1.651999
18-Jan-2025 14:39:52.752,-10.079589,-10.146626,-10.170568
18-Jan-2025 14:39:52.768,-20.013132,-11.504139,-13.536817
18-Jan-2025 14:39:52.784,-26.094404,-16.582241,-13.88637
18-Jan-2025 14:39:52.800,-26.209326,-21.789629,-8.516175
18-Jan-2025 14:39:52.816,-23.329102,-24.928429,1.165976
18-Jan-2025 14:39:52.832,-17.937359,-27.26038,10.611102
18-Jan-2025 14:39:52.848,-5.073313,-36.961685,18.801666
18-Jan-2025 14:39:52.864,13.062764,-54.930168,20.537462
18-Jan-2025 14:39:52.880,43.030987,-74.442917,7.082048
18-Jan-2025 14:39:52.896,77.488335,-78.443626,-12.157756
18-Jan-2025 14:39:52.912,78.443626,-67.312981,-24.595634
18-Jan-2025 14:39:52.928,78.443626,-13.821727,-4.762067
18-Jan-2025 14:39:52.944,78.443626,-1.915361,-9.923966
18-Jan-2025 14:39:52.960,70.71035,0.110133,-12.088325
18-Jan-2025 14:39:52.977,46.232037,-14.472949,7.007828
18-Jan-2025 14:39:52.993,21.243752,-18.957289,12.375628
18-Jan-2025 14:39:53.009,12.832921,-20.951658,10.13705
18-Jan-2025 14:39:53.025,4.982334,-16.71871,6.950367
18-Jan-2025 14:39:53.041,3.337517,-12.179304,3.057395
18-Jan-2025 14:39:53.057,4.781221,-9.758766,2.202666
18-Jan-2025 14:39:53.073,6.359,-8.523358,2.770091
18-Jan-2025 14:39:53.089,7.254431,-7.817069,3.272874
18-Jan-2025 14:39:53.105,7.067683,-7.144298,3.385401
18-Jan-2025 14:39:53.121,4.754885,-6.021417,3.064578
18-Jan-2025 14:39:53.137,2.470816,-4.517859,2.396596
18-Jan-2025 14:39:53.153,1.908179,-3.957615,1.991976
18-Jan-2025 14:39:53.169,2.995146,-3.950433,2.08535
18-Jan-2025 14:39:53.186,7.307104,-4.735731,3.335123
18-Jan-2025 14:39:53.202,11.212047,-5.319916,4.453215
18-Jan-2025 14:39:53.218,13.227964,-5.303157,5.018247
18-Jan-2025 14:39:53.234,13.460202,-4.599261,4.975151
18-Jan-2025 14:39:53.250,12.902353,-4.070143,4.06296
18-Jan-2025 14:39:53.266,15.133749,-4.675876,2.662352
18-Jan-2025 14:39:53.282,16.455349,-5.216966,0.418985
18-Jan-2025 14:39:53.298,16.864758,-5.391742,0.191536
18-Jan-2025 14:39:53.314,19.88624,-6.315904,2.044648
18-Jan-2025 14:39:53.330,20.884621,-5.216966,5.403713
18-Jan-2025 14:39:53.346,18.334797,-4.043807,6.897695
18-Jan-2025 14:39:53.362,16.431406,-4.201824,7.843405
18-Jan-2025 14:39:53.378,15.665261,-5.147533,8.588001
18-Jan-2025 14:39:53.394,14.420277,-6.081272,7.596802
18-Jan-2025 14:39:53.410,12.006922,-6.315904,6.033388
18-Jan-2025 14:39:53.426,10.790668,-6.797139,4.611232
18-Jan-2025 14:39:53.443,10.517728,-6.976704,3.813963
18-Jan-2025 14:39:53.459,10.081984,-6.634333,3.222595
18-Jan-2025 14:39:53.475,8.978256,-6.150704,2.736573
18-Jan-2025 14:39:53.491,7.560889,-5.451597,1.968034
18-Jan-2025 14:39:53.507,6.660669,-5.11162,1.144428
18-Jan-2025 14:39:53.523,5.152322,-4.29041,0.318429
18-Jan-2025 14:39:53.539,4.496311,-4.534618,-0.088585
18-Jan-2025 14:39:53.555,2.999935,-3.883395,-0.411803
18-Jan-2025 14:39:53.571,2.501941,-4.1707,-0.47884
18-Jan-2025 14:39:53.587,1.826776,-4.187459,-0.533907
18-Jan-2025 14:39:53.603,0.794875,-4.086902,-0.56982
18-Jan-2025 14:39:53.619,-0.069432,-3.552995,-0.414197
18-Jan-2025 14:39:53.635,-1.290475,-3.313575,-0.4956
18-Jan-2025 14:39:53.652,-1.692701,-3.004723,-0.354342
18-Jan-2025 14:39:53.668,-2.193089,-2.604892,-0.062249
18-Jan-2025 14:39:53.684,-2.434903,-2.260126,0.189142
18-Jan-2025 14:39:53.700,-2.588132,-2.051831,0.407014
18-Jan-2025 14:39:53.716,-2.880225,-1.927332,0.816423
18-Jan-2025 14:39:53.732,-2.952051,-1.654393,1.252167
18-Jan-2025 14:39:53.748,-2.681506,-1.484405,1.434127
18-Jan-2025 14:39:53.764,-2.315193,-1.61848,1.529895
18-Jan-2025 14:39:53.780,-1.647211,-1.486799,1.781286
18-Jan-2025 14:39:53.796,-0.826,-1.745373,2.08535
18-Jan-2025 14:39:53.812,0.026336,-2.987964,2.178724
18-Jan-2025 14:39:53.828,-0.4956,-3.845088,2.351106
18-Jan-2025 14:39:53.844,-2.537854,-4.84347,1.070208
18-Jan-2025 14:39:53.861,-4.790798,-6.694188,-0.213084
18-Jan-2025 14:39:53.877,-12.914324,-8.219295,-1.434127
18-Jan-2025 14:39:53.893,-23.42008,-7.115568,-2.935291
18-Jan-2025 14:39:53.909,-22.601265,-7.745243,2.640805
18-Jan-2025 14:39:53.925,1.924938,-11.860875,3.141193
18-Jan-2025 14:39:53.941,33.054348,-13.826515,-4.946421
18-Jan-2025 14:39:53.957,50.364426,-16.831238,-5.125986
18-Jan-2025 14:39:53.973,54.324436,-18.021156,-4.29041
18-Jan-2025 14:39:53.989,57.65477,-11.180922,-7.843405
18-Jan-2025 14:39:54.005,70.468536,-5.928043,-1.429338
18-Jan-2025 14:39:54.021,57.527878,2.305616,9.639056
18-Jan-2025 14:39:54.037,54.851162,-4.323928,17.956512
18-Jan-2025 14:39:54.053,38.659176,-14.121001,22.716187
18-Jan-2025 14:39:54.069,16.270994,-17.173609,19.63006
18-Jan-2025 14:39:54.085,0.23942,-13.929465,15.105019
18-Jan-2025 14:39:54.101,-3.078943,-11.5616,10.390836
18-Jan-2025 14:39:54.118,-2.008735,-9.512163,9.150639
18-Jan-2025 14:39:54.134,2.387019,-9.081207,9.210494
18-Jan-2025 14:39:54.150,6.40449,-9.129091,9.41879
18-Jan-2025 14:39:54.166,8.89446,-8.441956,10.709264
18-Jan-2025 14:39:54.182,8.485051,-6.181829,11.180922
18-Jan-2025 14:39:54.198,7.575254,-4.771644,10.070012
18-Jan-2025 14:39:54.214,6.560112,-3.746926,8.090008
18-Jan-2025 14:39:54.230,5.188235,-3.071761,6.279991
18-Jan-2025 14:39:54.246,4.242526,-2.885013,5.147533
18-Jan-2025 14:39:54.262,5.178658,-3.122039,5.468357
18-Jan-2025 14:39:54.278,7.070077,-3.076549,6.227319
18-Jan-2025 14:39:54.294,8.999804,-3.174711,7.046135
18-Jan-2025 14:39:54.310,10.606314,-3.002329,8.123527
18-Jan-2025 14:39:54.326,11.489774,-2.073379,8.951921
18-Jan-2025 14:39:54.342,11.559206,-0.995988,9.028535
18-Jan-2025 14:39:54.359,10.965444,-0.629675,8.42759
18-Jan-2025 14:39:54.374,9.718064,-0.586579,7.623138
18-Jan-2025 14:39:54.391,8.14268,-0.907402,7.055712
18-Jan-2025 14:39:54.407,6.964733,-1.321599,6.859388
18-Jan-2025 14:39:54.423,6.861782,-1.692701,7.376535
18-Jan-2025 14:39:54.439,7.524976,-2.183512,7.666234
18-Jan-2025 14:39:54.455,7.702147,-2.281674,7.560889
18-Jan-2025 14:39:54.471,7.534553,-2.523489,6.993463
18-Jan-2025 14:39:54.487,6.354211,-2.126051,5.748478
18-Jan-2025 14:39:54.503,5.633556,-2.229002,4.649539
18-Jan-2025 14:39:54.519,4.572925,-1.766921,3.782839
18-Jan-2025 14:39:54.535,4.094085,-1.077391,2.827552
18-Jan-2025 14:39:54.552,4.572925,-1.292869,2.480393
18-Jan-2025 14:39:54.568,3.62961,-0.651223,2.504335
18-Jan-2025 14:39:54.584,3.718195,-0.902614,1.886631
18-Jan-2025 14:39:54.600,4.297592,-0.811634,1.323994
18-Jan-2025 14:39:54.616,4.635174,-0.713472,0.761356
18-Jan-2025 14:39:54.632,5.212177,-0.624887,0.112527
18-Jan-2025 14:39:54.648,5.56173,-0.596156,-0.481235
18-Jan-2025 14:39:54.664,4.220978,-0.172383,-1.027112
18-Jan-2025 14:39:54.680,2.715025,-0.45011,-1.201889
18-Jan-2025 14:39:54.696,1.582567,-0.948104,-0.916979
18-Jan-2025 14:39:54.712,0.667982,-1.403002,-0.462081
18-Jan-2025 14:39:54.729,0.292093,-1.774103,-0.234632
18-Jan-2025 14:39:54.745,-0.055067,-2.109292,0.021548
18-Jan-2025 14:39:54.760,-0.311246,-2.360683,0.062249
18-Jan-2025 14:39:54.777,-2.355895,-3.399766,0.174777
18-Jan-2025 14:39:54.793,-2.351106,-2.964022,0.04549
18-Jan-2025 14:39:54.809,-3.157952,-3.203442,0.514753
18-Jan-2025 14:39:54.825,-4.608838,-2.753332,1.42455
18-Jan-2025 14:39:54.841,-5.973533,-2.829947,1.695095
18-Jan-2025 14:39:54.857,-7.620744,-2.487576,2.20506
18-Jan-2025 14:39:54.873,-8.271967,-2.152387,0.758962
18-Jan-2025 14:39:54.888,-7.472303,-3.406949,-1.261744
18-Jan-2025 14:39:54.905,-7.759608,-4.944026,-3.955221
18-Jan-2025 14:39:54.921,-11.700463,-6.780379,-5.257667
18-Jan-2025 14:39:54.938,-16.493656,-8.772355,-6.275203
18-Jan-2025 14:39:54.954,-16.78096,-15.569493,-4.805163
18-Jan-2025 14:39:54.970,-10.903194,-26.168625,3.117251
18-Jan-2025 14:39:54.986,1.01993,-38.982391,12.229582
18-Jan-2025 14:39:55.002,13.977349,-55.148041,18.835184
18-Jan-2025 14:39:55.018,39.590519,-77.138786,33.636139
18-Jan-2025 14:39:55.034,66.384033,-78.328705,26.630705
18-Jan-2025 14:39:55.050,45.2145,-41.197029,11.259931
18-Jan-2025 14:39:55.066,78.237724,-32.276234,19.292477
18-Jan-2025 14:39:55.082,78.443626,-11.259931,20.994755
18-Jan-2025 14:39:55.098,73.09977,0.852336,11.398794
18-Jan-2025 14:39:55.114,51.810524,-8.492233,-2.272097
18-Jan-2025 14:39:55.130,33.956963,-21.674707,-5.051765
18-Jan-2025 14:39:55.146,19.984402,-31.751904,-5.446809
18-Jan-2025 14:39:55.162,13.13459,-37.684734,-4.733337
18-Jan-2025 14:39:55.179,7.072472,-39.865852,-3.8403
18-Jan-2025 14:39:55.195,2.25055,-40.99831,-1.35033
18-Jan-2025 14:39:55.211,-76.767685,-54.334015,45.197739
18-Jan-2025 14:39:55.227,17.298107,-17.221493,2.53546
18-Jan-2025 14:39:55.243,-2.537854,-9.028535,7.704541
18-Jan-2025 14:39:55.259,-3.801992,-4.129998,3.964798
18-Jan-2025 14:39:55.275,3.885789,-5.513846,2.240973
18-Jan-2025 14:39:55.291,1.970428,-4.759673,4.089296
18-Jan-2025 14:39:55.307,4.197036,-5.406107,5.959168
18-Jan-2025 14:39:55.323,5.135562,-5.080496,3.768473
18-Jan-2025 14:39:55.339,4.69503,-4.759673,1.867477
18-Jan-2025 14:39:55.356,5.085284,-2.408567,40.641575
18-Jan-2025 14:39:55.372,4.503493,-2.983175,3.438074
18-Jan-2025 14:39:55.388,-1.323994,0.126893,16.864758
18-Jan-2025 14:39:55.404,-0.972046,-0.64404,2.221819
18-Jan-2025 14:39:55.420,-3.375824,-1.568202,-7.70933
18-Jan-2025 14:39:55.436,-7.551312,-0.366313,-17.152061
18-Jan-2025 14:39:55.452,-4.096479,-6.777985,-7.788338
18-Jan-2025 14:39:55.468,2.015918,-12.904747,4.177882
18-Jan-2025 14:39:55.484,7.290344,-14.791378,12.109872
18-Jan-2025 14:39:55.500,11.374852,-15.562311,18.289307
18-Jan-2025 14:39:55.516,12.516887,-14.020445,23.010672
18-Jan-2025 14:39:55.532,11.3964,-12.512098,21.574152
18-Jan-2025 14:39:55.548,10.70687,-11.779472,16.440983
18-Jan-2025 14:39:55.564,12.188881,-11.27669,11.841722
18-Jan-2025 14:39:55.581,15.497667,-9.064447,7.110779
18-Jan-2025 14:39:55.596,19.041086,-8.391677,3.440468
18-Jan-2025 14:39:55.613,20.779276,-9.469068,1.072602
18-Jan-2025 14:39:55.629,21.033062,-12.29662,1.098939
18-Jan-2025 14:39:55.645,15.794549,-11.760319,3.150769
18-Jan-2025 14:39:55.661,13.292608,-13.814544,5.343858
18-Jan-2025 14:39:55.677,12.13142,-14.856022,6.931214
18-Jan-2025 14:39:55.693,12.373235,-16.486473,7.517793
18-Jan-2025 14:39:55.709,12.562376,-17.427395,7.575254
18-Jan-2025 14:39:55.725,12.152967,-17.642872,6.73489
18-Jan-2025 14:39:55.741,11.427525,-18.025944,5.284003
18-Jan-2025 14:39:55.757,10.029311,-17.199945,3.950433
18-Jan-2025 14:39:55.773,8.384495,-16.740259,2.545036
18-Jan-2025 14:39:55.789,5.372589,-14.930242,1.292869
18-Jan-2025 14:39:55.806,3.069367,-13.39077,0.153229
18-Jan-2025 14:39:55.822,1.101333,-10.800244,0.294487
18-Jan-2025 14:39:55.838,-0.04549,-8.89446,1.486799
18-Jan-2025 14:39:55.854,0.830788,-8.774749,2.547431
18-Jan-2025 14:39:55.870,1.513135,-8.317456,3.385401
18-Jan-2025 14:39:55.886,1.908179,-7.575254,3.409343
18-Jan-2025 14:39:55.902,1.84593,-6.821081,2.89459
18-Jan-2025 14:39:55.918,1.932121,-5.645528,3.512294
18-Jan-2025 14:39:55.934,1.889025,-4.577713,3.900155
18-Jan-2025 14:39:55.950,1.96564,-4.481946,3.363853
18-Jan-2025 14:39:55.966,2.001553,-4.884171,1.826776
18-Jan-2025 14:39:55.982,2.173935,-4.673482,0.651223
18-Jan-2025 14:39:55.998,2.291251,-4.738125,-0.529119
18-Jan-2025 14:39:56.014,2.430115,-4.43885,-1.790863
18-Jan-2025 14:39:56.031,2.15957,-3.371036,-2.980781
18-Jan-2025 14:39:56.046,2.372654,-3.057395,-3.995923
18-Jan-2025 14:39:56.063,3.045424,-2.066196,-4.517859
18-Jan-2025 14:39:56.079,2.942474,-1.78368,-4.362236
18-Jan-2025 14:39:56.095,2.746149,-1.501164,-5.288792
18-Jan-2025 14:39:56.111,2.928109,-1.125275,-4.841076
18-Jan-2025 14:39:56.127,2.837129,-1.022324,-4.036624
18-Jan-2025 14:39:56.143,2.6839,-1.331176,-3.009511
18-Jan-2025 14:39:56.159,2.72939,-1.821988,-2.049437
18-Jan-2025 14:39:56.175,4.225766,-2.597709,-2.537854
18-Jan-2025 14:39:56.191,5.667076,-3.126827,-3.593697
18-Jan-2025 14:39:56.207,7.920019,-3.907337,-6.198588
18-Jan-2025 14:39:56.223,7.484274,-4.050989,-9.28232
18-Jan-2025 14:39:56.239,7.266402,-6.294356,-10.050858
18-Jan-2025 14:39:56.256,8.817844,-10.805033,-10.407595
18-Jan-2025 14:39:56.272,8.099585,-17.559074,-7.57286
18-Jan-2025 14:39:56.288,2.789245,-30.210037,0.617704
18-Jan-2025 14:39:56.304,-17.638084,-43.629536,12.543222
18-Jan-2025 14:39:56.320,-39.978378,-44.362164,33.535583
18-Jan-2025 14:39:56.336,-60.199806,-35.218708,31.186871
18-Jan-2025 14:39:56.352,-67.602676,-27.923574,22.864626
18-Jan-2025 14:39:56.368,-58.423309,-17.922995,23.075315
18-Jan-2025 14:39:56.384,-31.634586,-16.737864,18.104954
18-Jan-2025 14:39:56.400,-17.640478,-12.715605,11.537658
18-Jan-2025 14:39:56.416,-7.053318,-10.812215,8.444349
18-Jan-2025 14:39:56.432,-2.142811,-10.328587,5.583278
18-Jan-2025 14:39:56.448,-0.85473,-9.16261,1.915361
18-Jan-2025 14:39:56.464,-0.699107,-8.348581,-0.648829
18-Jan-2025 14:39:56.480,-0.502782,-8.662222,-2.86586
18-Jan-2025 14:39:56.497,-1.833959,-8.544906,-3.332729
18-Jan-2025 14:39:56.513,-2.722207,-8.798691,-1.802834
18-Jan-2025 14:39:56.529,-2.674323,-9.294291,1.244985
18-Jan-2025 14:39:56.545,-0.474052,-11.269507,2.966416
18-Jan-2025 14:39:56.561,1.410185,-12.040441,3.10528
18-Jan-2025 14:39:56.577,1.010353,-11.647791,3.622427
18-Jan-2025 14:39:56.593,0.37589,-11.722012,4.378995
18-Jan-2025 14:39:56.609,0.37589,-11.901577,5.05416
18-Jan-2025 14:39:56.625,0.684742,-12.500127,5.415684
18-Jan-2025 14:39:56.641,0.459687,-13.860034,5.724536
18-Jan-2025 14:39:56.657,-1.295263,-14.037205,5.683835
18-Jan-2025 14:39:56.673,-1.96564,-14.563929,5.906496
18-Jan-2025 14:39:56.689,-1.233014,-14.460979,6.684611
18-Jan-2025 14:39:56.705,0.280122,-14.180857,8.06846
18-Jan-2025 14:39:56.721,1.472434,-13.819332,9.239224
18-Jan-2025 14:39:56.738,1.702277,-13.500903,9.981427
18-Jan-2025 14:39:56.753,1.180341,-13.168109,10.223241
18-Jan-2025 14:39:56.769,1.206678,-12.782643,10.16578
18-Jan-2025 14:39:56.786,1.505953,-12.641385,10.132261
18-Jan-2025 14:39:56.802,1.625663,-13.144167,10.036493
18-Jan-2025 14:39:56.818,0.732626,-13.857639,9.837775
18-Jan-2025 14:39:56.834,-0.452504,-14.053964,10.213664
18-Jan-2025 14:39:56.850,-0.605733,-14.54717,10.175357
18-Jan-2025 14:39:56.866,0.181959,-15.212758,9.548077
18-Jan-2025 14:39:56.882,0.658405,-15.473725,8.532935
18-Jan-2025 14:39:56.898,0.483629,-15.538369,7.625533
18-Jan-2025 14:39:56.914,0.746991,-15.253459,6.701371
18-Jan-2025 14:39:56.930,0.574608,-14.829685,5.851429
18-Jan-2025 14:39:56.946,0.957681,-14.190434,5.023035
18-Jan-2025 14:39:56.963,0.933739,-13.582306,4.177882
18-Jan-2025 14:39:56.979,0.912191,-12.650962,4.390966
18-Jan-2025 14:39:56.995,0.768539,-11.741165,4.323928
18-Jan-2025 14:39:57.011,0.368707,-10.620679,3.694253
18-Jan-2025 14:39:57.027,-0.023942,-9.646238,2.482787
18-Jan-2025 14:39:57.043,-0.270545,-8.578424,1.371878
18-Jan-2025 14:39:57.059,2.497152,-7.656657,2.169147
18-Jan-2025 14:39:57.075,2.932897,-6.998251,1.690306
18-Jan-2025 14:39:57.091,1.912967,-5.942409,1.261744
18-Jan-2025 14:39:57.107,3.306392,-5.612009,0.984017
18-Jan-2025 14:39:57.123,1.735796,-1.357512,-1.386243
18-Jan-2025 14:39:57.139,10.618284,-7.78355,17.147272
18-Jan-2025 14:39:57.155,-5.880159,-5.056554,10.544065
18-Jan-2025 14:39:57.171,-4.836287,-6.136339,14.02284
18-Jan-2025 14:39:57.188,-1.857901,-7.580042,14.204799
18-Jan-2025 14:39:57.204,-0.505177,-6.758832,11.420342
18-Jan-2025 14:39:57.220,0.562637,-5.90889,9.52174
18-Jan-2025 14:39:57.236,2.616863,-5.418078,6.907272
18-Jan-2025 14:39:57.252,3.023877,-4.331111,2.317587
18-Jan-2025 14:39:57.268,6.332664,-2.925714,-0.37589
18-Jan-2025 14:39:57.284,5.449203,-2.516306,5.585672
18-Jan-2025 14:39:57.300,5.602432,-2.319981,8.954314
18-Jan-2025 14:39:57.316,5.971139,-1.881842,6.064513
18-Jan-2025 14:39:57.332,7.134721,-0.730232,2.331953
18-Jan-2025 14:39:57.348,8.149862,0.402226,-2.20506
18-Jan-2025 14:39:57.364,8.453926,0.124498,-3.976769
18-Jan-2025 14:39:57.380,6.943185,-0.512359,-2.734178
18-Jan-2025 14:39:57.396,5.647922,-1.321599,-0.019154
18-Jan-2025 14:39:57.413,3.600879,-1.690306,1.448492
18-Jan-2025 14:39:57.429,1.343147,-1.084573,4.867412
18-Jan-2025 14:39:57.444,-1.577779,0.991199,5.363012
18-Jan-2025 14:39:57.461,-14.29099,6.715736,-10.584765
18-Jan-2025 14:39:57.477,-0.177171,3.378219,3.632004
18-Jan-2025 14:39:57.493,1.053449,3.035848,6.517017
18-Jan-2025 14:39:57.509,4.441244,2.971204,8.231265
18-Jan-2025 14:39:57.525,4.742914,1.872266,5.662287
18-Jan-2025 14:39:57.541,2.741361,0.756568,3.517082
18-Jan-2025 14:39:57.556,1.980005,1.082179,0.682347
18-Jan-2025 14:39:57.573,0.993594,1.640028,-0.897826
18-Jan-2025 14:39:57.590,-1.383849,2.008735,-1.740585
18-Jan-2025 14:39:57.606,-1.843535,2.207454,-1.946486
18-Jan-2025 14:39:57.622,-1.606509,2.013524,-2.224213
18-Jan-2025 14:39:57.638,-2.327164,1.434127,-2.568978
18-Jan-2025 14:39:57.654,-2.604892,1.027112,-3.354277
18-Jan-2025 14:39:57.670,-2.829947,0.849942,-3.49314
18-Jan-2025 14:39:57.686,-3.921702,0.181959,-3.306392
18-Jan-2025 14:39:57.702,-4.1707,-1.000776,-3.821146
18-Jan-2025 14:39:57.718,-3.588908,-2.183512,-6.059724
18-Jan-2025 14:39:57.734,-4.63278,-2.908955,-8.331821
18-Jan-2025 14:39:57.750,-6.133945,-3.892972,-10.618284
18-Jan-2025 14:39:57.766,-6.366182,-4.51307,-12.564771
18-Jan-2025 14:39:57.782,-6.708553,-4.333505,-11.990162
18-Jan-2025 14:39:57.799,-6.323087,-4.118027,-5.626374
18-Jan-2025 14:39:57.815,-10.733206,-8.494628,1.01993
18-Jan-2025 14:39:57.831,-14.915876,-13.010092,7.10599
18-Jan-2025 14:39:57.847,-16.041151,-17.884687,12.978968
18-Jan-2025 14:39:57.863,-20.568586,-21.035456,23.539791
18-Jan-2025 14:39:57.879,-26.707319,-19.64682,53.862354
18-Jan-2025 14:39:57.895,-28.589163,-10.915166,64.341774
18-Jan-2025 14:39:57.911,-29.091946,-5.643134,41.697418
18-Jan-2025 14:39:57.927,-18.327614,-3.16274,46.99818
18-Jan-2025 14:39:57.943,-2.825158,9.229648,65.850121
18-Jan-2025 14:39:57.959,-5.554548,6.907272,52.6054
18-Jan-2025 14:39:57.975,-8.690952,-4.515464,30.566772
18-Jan-2025 14:39:57.991,-7.07726,-10.412383,21.016302
18-Jan-2025 14:39:58.007,-7.967903,-10.180145,18.167202
18-Jan-2025 14:39:58.023,-11.638214,-12.682086,12.983756
18-Jan-2025 14:39:58.039,-10.745177,-12.152967,10.582372
18-Jan-2025 14:39:58.056,-10.163386,-11.391612,8.085219
18-Jan-2025 14:39:58.072,-8.348581,-10.086772,6.311116
18-Jan-2025 14:39:58.088,-6.631939,-8.130709,5.499481
18-Jan-2025 14:39:58.104,-5.559336,-6.337452,5.523423
18-Jan-2025 14:39:58.120,-5.853823,-5.145139,5.492299
18-Jan-2025 14:39:58.136,-4.977545,-4.323928,5.21936
18-Jan-2025 14:39:58.152,-4.939238,-3.49314,6.050148
18-Jan-2025 14:39:58.168,-5.032612,-2.930503,6.236896
18-Jan-2025 14:39:58.184,-4.424485,-2.073379,5.784391
18-Jan-2025 14:39:58.200,-4.659117,-1.489193,5.822699
18-Jan-2025 14:39:58.216,-5.157111,-1.015141,6.019023
18-Jan-2025 14:39:58.232,-5.810728,-0.54109,6.143522
18-Jan-2025 14:39:58.248,-6.265626,0.083797,6.232107
18-Jan-2025 14:39:58.265,-5.161899,0.531513,7.010222
18-Jan-2025 14:39:58.281,-6.136339,1.077391,6.73489
18-Jan-2025 14:39:58.297,-7.802703,1.702277,6.76362
18-Jan-2025 14:39:58.313,-7.508216,2.209848,5.679047
18-Jan-2025 14:39:58.329,-7.137115,2.530671,4.979939
18-Jan-2025 14:39:58.345,-7.927202,3.102885,4.932055
18-Jan-2025 14:39:58.361,-7.76679,2.999935,4.661511
18-Jan-2025 14:39:58.377,-8.271967,3.205836,4.721366
18-Jan-2025 14:39:58.393,-9.172187,3.866636,2.983175
18-Jan-2025 14:39:58.409,-9.821015,4.730943,0.493206
18-Jan-2025 14:39:58.425,-7.850587,5.157111,-1.592144
18-Jan-2025 14:39:58.441,-9.849746,5.95438,-0.85473
18-Jan-2025 14:39:58.457,-9.885659,6.775591,1.180341
18-Jan-2025 14:39:58.473,-9.452309,7.364564,3.066972
18-Jan-2025 14:39:58.490,-10.627861,7.560889,5.576096
18-Jan-2025 14:39:58.506,-11.207258,6.919243,9.548077
18-Jan-2025 14:39:58.521,-10.989386,6.517017,11.645397
18-Jan-2025 14:39:58.538,-11.429919,6.71813,12.885593
18-Jan-2025 14:39:58.554,-11.432313,6.976704,13.40753
18-Jan-2025 14:39:58.570,-11.070788,6.76362,13.773843
18-Jan-2025 14:39:58.586,-11.652579,6.335058,14.690822
18-Jan-2025 14:39:58.602,-12.682086,5.868188,13.673285
18-Jan-2025 14:39:58.618,-11.508927,5.078102,13.785813
18-Jan-2025 14:39:58.634,-10.290278,4.046201,13.072341
18-Jan-2025 14:39:58.650,-9.564836,3.248932,12.516887
18-Jan-2025 14:39:58.666,-8.090008,3.222595,11.96622
18-Jan-2025 14:39:58.682,-6.246472,4.141969,12.246342
18-Jan-2025 14:39:58.698,-4.817134,4.817134,11.480197
18-Jan-2025 14:39:58.715,-3.641581,4.738125,10.46745
18-Jan-2025 14:39:58.731,-3.74932,4.311957,9.67018
18-Jan-2025 14:39:58.747,-3.696647,3.572149,8.930372
18-Jan-2025 14:39:58.763,-2.468422,3.227384,8.655039
18-Jan-2025 14:39:58.779,-1.673547,2.999935,7.97748
18-Jan-2025 14:39:58.795,-1.462857,2.760514,7.450756
18-Jan-2025 14:39:58.811,-0.957681,2.245761,6.648698
18-Jan-2025 14:39:58.827,-0.19393,1.601721,7.264008
18-Jan-2025 14:39:58.843,0.318429,1.302446,7.860164
18-Jan-2025 14:39:58.859,-0.567426,1.199495,7.563283
18-Jan-2025 14:39:58.875,-0.385466,1.175553,7.072472
18-Jan-2025 14:39:58.891,-0.002394,0.897826,6.380548
18-Jan-2025 14:39:58.907,-0.28491,0.40462,6.021417
18-Jan-2025 14:39:58.924,-0.493206,0.201113,5.537788
18-Jan-2025 14:39:58.940,0.160412,0.399832,4.874595
18-Jan-2025 14:39:58.956,0.56982,0.287304,4.786009
18-Jan-2025 14:39:58.972,0.368707,-0.299275,5.255273
18-Jan-2025 14:39:58.988,0.402226,-0.818817,5.899313
18-Jan-2025 14:39:59.004,0.876278,-1.053449,6.596025
18-Jan-2025 14:39:59.020,1.944092,-0.363919,9.799467
18-Jan-2025 14:39:59.036,0.766145,1.776498,5.719748
18-Jan-2025 14:39:59.052,1.012747,0.246603,3.284845
18-Jan-2025 14:39:59.068,-1.572991,0.486023,2.23379
18-Jan-2025 14:39:59.084,-2.44448,2.834735,3.325546
18-Jan-2025 14:39:59.100,-1.977611,4.752491,2.8491
18-Jan-2025 14:39:59.116,-1.295263,3.620033,4.15394
18-Jan-2025 14:39:59.132,-1.486799,2.394202,6.392519
18-Jan-2025 14:39:59.148,-1.534683,2.343924,9.057265
18-Jan-2025 14:39:59.165,-0.708684,2.863465,11.303026
18-Jan-2025 14:39:59.181,-1.103727,2.197877,11.269507
18-Jan-2025 14:39:59.197,-1.029507,3.414132,9.500193
18-Jan-2025 14:39:59.213,-0.59855,2.96881,9.208099
18-Jan-2025 14:39:59.229,0.059855,3.296816,8.11395
18-Jan-2025 14:39:59.245,-0.742203,3.517082,5.913678
18-Jan-2025 14:39:59.261,-0.916979,4.537012,2.961627
18-Jan-2025 14:39:59.277,0.500388,4.029441,4.860229
18-Jan-2025 14:39:59.293,0.40462,5.353435,9.91439
18-Jan-2025 14:39:59.309,0.933739,5.896919,12.301409
18-Jan-2025 14:39:59.325,4.065354,3.363853,12.744335
18-Jan-2025 14:39:59.341,3.414132,4.793192,12.823344
18-Jan-2025 14:39:59.357,2.659958,5.221754,12.150574
18-Jan-2025 14:39:59.374,1.613692,5.741296,10.31901
18-Jan-2025 14:39:59.390,1.489193,6.574478,8.183381
18-Jan-2025 14:39:59.406,1.819593,7.146692,7.615956
18-Jan-2025 14:39:59.422,2.482787,7.266402,8.987833
18-Jan-2025 14:39:59.438,2.375048,7.060501,10.15381
18-Jan-2025 14:39:59.454,1.742979,6.588843,10.366894
18-Jan-2025 14:39:59.470,1.443704,6.150704,9.428367
18-Jan-2025 14:39:59.486,1.029507,6.100426,8.121132
18-Jan-2025 14:39:59.502,0.881066,5.966351,7.419631
18-Jan-2025 14:39:59.518,1.288081,5.947197,7.149086
18-Jan-2025 14:39:59.534,2.06859,5.779603,6.852205
18-Jan-2025 14:39:59.551,1.745373,5.707777,5.62398
18-Jan-2025 14:39:59.567,1.278504,5.767632,4.58729
18-Jan-2025 14:39:59.583,1.216254,5.808333,4.134786
18-Jan-2025 14:39:59.599,1.242591,5.978322,3.660734
18-Jan-2025 14:39:59.615,1.084573,6.246472,3.363853
18-Jan-2025 14:39:59.631,1.11091,6.500257,3.342306
18-Jan-2025 14:39:59.647,0.591368,6.627151,2.341529
18-Jan-2025 14:39:59.664,0.292093,7.129933,1.472434
18-Jan-2025 14:39:59.680,0.387861,7.347805,1.13964
18-Jan-2025 14:39:59.696,0.866701,7.750031,1.369483
18-Jan-2025 14:39:59.712,0.770933,7.912837,1.616086
18-Jan-2025 14:39:59.727,0.457293,7.659051,2.367866
18-Jan-2025 14:39:59.744,0.476446,7.340622,3.016694
18-Jan-2025 14:39:59.760,0.026336,7.304709,2.585738
18-Jan-2025 14:39:59.777,-0.184354,7.393295,1.805228
18-Jan-2025 14:39:59.793,-0.225055,7.553706,1.187524
18-Jan-2025 14:39:59.809,-0.35913,7.599196,1.084573
18-Jan-2025 14:39:59.825,-0.248997,7.869741,1.723825
18-Jan-2025 14:39:59.841,0.100556,8.00621,3.600879
18-Jan-2025 14:39:59.857,0.205901,8.001422,4.924873
18-Jan-2025 14:39:59.869,0.086191,8.121132,5.260061
18-Jan-2025 14:39:59.877,0.031125,8.161834,5.449203
18-Jan-2025 14:39:59.886,-0.088585,8.219295,5.501875
18-Jan-2025 14:39:59.894,-0.181959,8.286332,5.590461
18-Jan-2025 14:39:59.902,-0.095768,8.386889,6.021417
18-Jan-2025 14:39:59.910,0.093374,8.585608,6.682217
18-Jan-2025 14:39:59.918,0.117316,8.836999,7.702147
18-Jan-2025 14:39:59.926,-0.023942,8.971074,8.494628
18-Jan-2025 14:39:59.934,-0.234632,9.006987,8.935161
18-Jan-2025 14:39:59.942,-0.37589,9.038112,8.848969
18-Jan-2025 14:39:59.950,-0.442927,9.030929,8.53054
18-Jan-2025 14:39:59.958,-0.490811,9.018958,8.049306
18-Jan-2025 14:39:59.966,-0.562637,9.078813,7.503428
18-Jan-2025 14:39:59.974,-0.725443,9.148245,7.00304
18-Jan-2025 14:39:59.982,-0.696713,9.200917,6.670246
18-Jan-2025 14:39:59.990,-0.387861,9.356541,7.019799
18-Jan-2025 14:39:59.999,-0.397437,9.471462,7.314286
18-Jan-2025 14:40:00.007,-0.514753,9.425972,7.228095
18-Jan-2025 14:40:00.015,-0.677559,9.425972,6.880936
18-Jan-2025 14:40:00.023,-0.823605,9.483433,6.208165
18-Jan-2025 14:40:00.031,-1.005565,9.49301,5.272032
18-Jan-2025 14:40:00.039,-0.993594,9.466674,4.302381
18-Jan-2025 14:40:00.047,-1.266533,9.548077,3.289633
18-Jan-2025 14:40:00.055,-1.300052,9.569624,2.851494
18-Jan-2025 14:40:00.063,-1.173159,9.533711,3.167529
18-Jan-2025 14:40:00.071,-1.201889,9.55047,3.919308
18-Jan-2025 14:40:00.079,-1.290475,9.574412,4.601655
18-Jan-2025 14:40:00.087,-1.355118,9.548077,5.269638
18-Jan-2025 14:40:00.095,-1.357512,9.507375,5.592855
18-Jan-2025 14:40:00.103,-1.331176,9.40203,5.798757
18-Jan-2025 14:40:00.111,-1.015141,9.294291,5.940014
18-Jan-2025 14:40:00.120,-0.957681,9.208099,5.741296
18-Jan-2025 14:40:00.128,-1.30484,9.267955,5.374983
18-Jan-2025 14:40:00.136,-1.046266,9.028535,4.601655
18-Jan-2025 14:40:00.144,-1.017536,8.882488,3.517082
18-Jan-2025 14:40:00.152,-1.13964,8.899248,2.782062
18-Jan-2025 14:40:00.160,-1.441309,9.215282,2.372654
18-Jan-2025 14:40:00.168,-1.802834,9.552865,2.099715
18-Jan-2025 14:40:00.176,-1.790863,9.694122,1.752556
18-Jan-2025 14:40:00.184,-1.668759,9.646238,1.115698
18-Jan-2025 14:40:00.192,-1.352724,9.457097,0.512359
18-Jan-2025 14:40:00.200,-1.024718,9.239224,0.169988
18-Jan-2025 14:40:00.208,-0.581791,9.054871,-0.004788
18-Jan-2025 14:40:00.216,-0.368707,8.944737,0.177171
18-Jan-2025 14:40:00.224,-0.383072,8.959103,0.553061
18-Jan-2025 14:40:00.232,-0.526724,8.978256,1.029507
18-Jan-2025 14:40:00.241,-0.639252,8.832211,1.194707
18-Jan-2025 14:40:00.249,-0.794875,8.657434,1.321599
18-Jan-2025 14:40:00.257,-1.077391,8.643068,1.513135
18-Jan-2025 14:40:00.265,-0.933739,8.710106,1.699883
18-Jan-2025 14:40:00.273,-0.969652,8.8777,1.572991
18-Jan-2025 14:40:00.281,-1.21386,9.016563,1.204283
18-Jan-2025 14:40:00.289,-1.242591,9.13388,0.861913
18-Jan-2025 14:40:00.297,-0.94571,9.217676,0.950498
18-Jan-2025 14:40:00.305,-0.639252,9.473856,1.522712
18-Jan-2025 14:40:00.313,-0.191536,9.696517,2.348712
18-Jan-2025 14:40:00.321,0.225055,9.900024,3.392584
18-Jan-2025 14:40:00.329,0.782904,10.000581,4.309563
18-Jan-2025 14:40:00.337,1.345541,10.081984,4.910508
18-Jan-2025 14:40:00.345,1.908179,10.103531,5.032612
18-Jan-2025 14:40:00.353,2.389413,10.242394,4.520253
18-Jan-2025 14:40:00.361,2.384625,10.615891,3.502717
18-Jan-2025 14:40:00.370,2.619257,11.125855,2.348712
18-Jan-2025 14:40:00.378,1.362301,11.81778,0.967257
18-Jan-2025 14:40:00.386,0.624887,11.654974,-0.361524
18-Jan-2025 14:40:00.394,0.821211,11.587936,-1.49877
18-Jan-2025 14:40:00.402,4.173094,9.710882,-1.221043
18-Jan-2025 14:40:00.410,3.940856,9.94312,-0.823605
18-Jan-2025 14:40:00.418,3.663129,9.969456,0.203507
18-Jan-2025 14:40:00.426,2.750938,10.402806,0.852336
18-Jan-2025 14:40:00.434,1.558625,10.599131,1.101333
18-Jan-2025 14:40:00.442,0.454898,10.658986,1.070208
18-Jan-2025 14:40:00.450,-0.629675,10.335769,1.127669
18-Jan-2025 14:40:00.458,-1.960851,9.830592,1.015141
18-Jan-2025 14:40:00.466,-4.055778,9.648633,1.58975
18-Jan-2025 14:40:00.474,-6.947973,9.959879,2.056619
18-Jan-2025 14:40:00.482,-5.963956,8.777143,1.982399
18-Jan-2025 14:40:00.491,-4.168305,7.412448,1.675941
18-Jan-2025 14:40:00.499,-3.078943,6.871359,2.116474
18-Jan-2025 14:40:00.507,-2.384625,6.902483,3.062184
18-Jan-2025 14:40:00.515,-1.367089,6.782773,3.41892
18-Jan-2025 14:40:00.523,-1.391031,7.232883,3.931279
18-Jan-2025 14:40:00.531,-1.867477,8.013393,4.283227
18-Jan-2025 14:40:00.539,-2.164358,8.671799,4.132392
18-Jan-2025 14:40:00.547,-1.733402,8.911219,3.58412
18-Jan-2025 14:40:00.555,-0.814029,8.789114,2.573767
18-Jan-2025 14:40:00.563,-0.476446,8.781932,1.735796
18-Jan-2025 14:40:00.571,-0.677559,9.066842,1.302446
18-Jan-2025 14:40:00.579,-0.07422,9.215282,0.94571
18-Jan-2025 14:40:00.587,-0.787692,9.648633,0.97444
18-Jan-2025 14:40:00.595,-1.204283,10.290278,1.956063
18-Jan-2025 14:40:00.603,-1.11091,10.529699,2.592921
18-Jan-2025 14:40:00.611,-1.206678,10.819398,2.918532
18-Jan-2025 14:40:00.620,-1.505953,11.33894,3.792415
18-Jan-2025 14:40:00.628,-0.624887,11.066,4.520253
18-Jan-2025 14:40:00.636,0.462081,10.187328,4.958392
18-Jan-2025 14:40:00.644,0.878672,9.674969,5.523423
18-Jan-2025 14:40:00.652,0.931344,9.603143,5.810728
18-Jan-2025 14:40:00.660,0.56982,9.689334,5.841852
18-Jan-2025 14:40:00.668,0.09098,9.751583,5.626374
18-Jan-2025 14:40:00.676,-0.553061,9.871294,5.291186
18-Jan-2025 14:40:00.684,-0.514753,9.5385,4.316746
18-Jan-2025 14:40:00.692,-1.477222,9.548077,3.837905
18-Jan-2025 14:40:00.700,-2.291251,9.296685,3.361459
18-Jan-2025 14:40:00.708,-2.487576,8.844181,3.167529
18-Jan-2025 14:40:00.716,-2.688689,9.11712,3.136404
18-Jan-2025 14:40:00.724,-3.196259,9.73243,3.560178
18-Jan-2025 14:40:00.732,-3.548207,10.242394,4.168305
18-Jan-2025 14:40:00.741,-3.337517,10.522516,4.79798
18-Jan-2025 14:40:00.749,-1.999158,10.175357,5.181053
18-Jan-2025 14:40:00.757,-0.56982,9.55047,5.470751
18-Jan-2025 14:40:00.765,0.59855,9.313444,5.643134
18-Jan-2025 14:40:00.773,1.608904,9.485827,5.6982
18-Jan-2025 14:40:00.781,2.456451,9.703699,5.597643
18-Jan-2025 14:40:00.789,2.861071,9.969456,5.035006
18-Jan-2025 14:40:00.797,2.928109,10.292673,4.139575
18-Jan-2025 14:40:00.805,2.58095,10.474632,2.791639
18-Jan-2025 14:40:00.813,1.96564,10.579977,1.450886
18-Jan-2025 14:40:00.821,1.364695,10.462662,0.869095
18-Jan-2025 14:40:00.828,0.270545,10.896012,0.387861
18-Jan-2025 14:40:00.837,0.059855,11.360487,-0.014365
18-Jan-2025 14:40:00.845,-0.914585,11.293449,-0.19393
18-Jan-2025 14:40:00.853,-2.171541,11.135432,-0.110133
18-Jan-2025 14:40:00.861,-2.157176,11.415554,-0.055067
18-Jan-2025 14:40:00.869,-1.972822,11.616667,0.067038
18-Jan-2025 14:40:00.877,-1.865083,11.219229,0.584185
18-Jan-2025 14:40:00.886,-1.25935,10.321404,1.127669
18-Jan-2025 14:40:00.894,-0.720655,9.794679,1.742979
18-Jan-2025 14:40:00.902,0.062249,9.375694,2.171541
18-Jan-2025 14:40:00.910,0.804452,8.717288,2.624045
18-Jan-2025 14:40:00.918,1.367089,8.293514,3.074155
18-Jan-2025 14:40:00.926,1.912967,8.034941,3.529053
18-Jan-2025 14:40:00.934,2.166753,7.97748,4.072537
18-Jan-2025 14:40:00.942,1.817199,8.080431,4.264073
18-Jan-2025 14:40:00.950,0.821211,8.240842,3.457227
18-Jan-2025 14:40:00.958,-0.519542,8.274361,2.317587
18-Jan-2025 14:40:00.966,-1.917756,8.444349,1.431733
18-Jan-2025 14:40:00.974,-3.021482,8.729259,0.969652
18-Jan-2025 14:40:00.982,-3.617639,8.822633,0.97444
18-Jan-2025 14:40:00.990,-3.636792,8.822633,1.671153
18-Jan-2025 14:40:00.998,-3.263297,8.750807,2.585738
18-Jan-2025 14:40:01.006,-2.889802,8.657434,3.440468
18-Jan-2025 14:40:01.015,-2.770091,8.748413,3.979163
18-Jan-2025 14:40:01.023,-2.554613,8.78672,4.189853
18-Jan-2025 14:40:01.031,-1.831564,8.51857,4.41012
18-Jan-2025 14:40:01.039,-1.539472,8.762778,4.426879
18-Jan-2025 14:40:01.047,-1.412579,9.102755,4.424485
18-Jan-2025 14:40:01.055,-0.948104,9.045294,4.266468
18-Jan-2025 14:40:01.063,-0.217872,8.8777,3.957615
18-Jan-2025 14:40:01.071,0.308852,8.92319,3.469198
18-Jan-2025 14:40:01.079,0.481235,9.114726,2.987964
18-Jan-2025 14:40:01.087,0.519542,9.19134,2.557007
18-Jan-2025 14:40:01.095,0.505177,9.155427,2.157176
18-Jan-2025 14:40:01.103,0.361524,9.153033,1.580173
18-Jan-2025 14:40:01.111,0.141258,9.153033,1.113304
18-Jan-2025 14:40:01.119,-0.026336,9.279925,1.000776
18-Jan-2025 14:40:01.127,-0.347159,9.390059,1.122881
18-Jan-2025 14:40:01.135,-0.711078,9.483433,1.228225
18-Jan-2025 14:40:01.143,-1.015141,9.579201,1.079785
18-Jan-2025 14:40:01.152,-1.268927,9.634268,0.92895
18-Jan-2025 14:40:01.160,-1.393425,9.624691,0.751779
18-Jan-2025 14:40:01.168,-1.537078,9.586384,0.469264
18-Jan-2025 14:40:01.176,-1.685518,9.56723,0.184354
18-Jan-2025 14:40:01.184,-1.73819,9.603143,0.098162
18-Jan-2025 14:40:01.192,-1.513135,9.639056,0.237026
18-Jan-2025 14:40:01.200,-1.237802,9.531317,0.332794
18-Jan-2025 14:40:01.208,-0.85473,9.404425,0.438139
18-Jan-2025 14:40:01.216,-0.557849,9.313444,0.536301
18-Jan-2025 14:40:01.224,-0.402226,9.248801,0.59855
18-Jan-2025 14:40:01.232,-0.371101,9.205706,0.656011
18-Jan-2025 14:40:01.240,-0.426168,9.208099,0.70629
18-Jan-2025 14:40:01.248,-0.562637,9.3733,0.893037
18-Jan-2025 14:40:01.256,-0.54109,9.603143,1.144428
18-Jan-2025 14:40:01.264,-0.277727,9.67018,1.302446
18-Jan-2025 14:40:01.273,-0.177171,9.753978,1.343147
18-Jan-2025 14:40:01.281,-0.162806,9.816227,1.302446
18-Jan-2025 14:40:01.289,0.009577,9.746795,1.199495
18-Jan-2025 14:40:01.297,-0.098162,9.883265,1.122881
18-Jan-2025 14:40:01.305,-0.447716,10.036493,1.108515
18-Jan-2025 14:40:01.313,-0.73502,10.149021,1.189918
18-Jan-2025 14:40:01.321,-0.914585,10.266336,1.462857
18-Jan-2025 14:40:01.329,-0.758962,10.25676,2.075773
18-Jan-2025 14:40:01.337,-0.550666,10.225636,2.782062
18-Jan-2025 14:40:01.345,-0.411803,10.244789,3.414132
18-Jan-2025 14:40:01.353,-0.308852,10.237606,3.845088
18-Jan-2025 14:40:01.361,-0.232238,10.350134,3.921702
18-Jan-2025 14:40:01.369,-0.148441,10.453085,3.694253
18-Jan-2025 14:40:01.377,-0.057461,10.565612,3.236961
18-Jan-2025 14:40:01.385,-0.064643,10.718841,2.782062
18-Jan-2025 14:40:01.393,0.076614,10.783484,2.485181
18-Jan-2025 14:40:01.402,0.426168,10.769119,2.312799
18-Jan-2025 14:40:01.410,0.861913,10.752359,2.331953
18-Jan-2025 14:40:01.418,0.483629,11.051635,2.20506
18-Jan-2025 14:40:01.426,0.407014,11.109096,2.365471
18-Jan-2025 14:40:01.434,1.060631,10.948685,2.030283
18-Jan-2025 14:40:01.442,1.850718,10.522516,2.087744
18-Jan-2025 14:40:01.450,1.776498,10.694899,1.802834
18-Jan-2025 14:40:01.458,1.711854,10.979809,1.42455
18-Jan-2025 14:40:01.466,1.403002,11.089942,1.031901
18-Jan-2025 14:40:01.474,1.228225,11.049241,0.560243
18-Jan-2025 14:40:01.482,1.11091,11.075577,0.227449
18-Jan-2025 14:40:01.490,0.92895,11.113884,-0.055067
18-Jan-2025 14:40:01.498,0.749385,11.135432,-0.241814
18-Jan-2025 14:40:01.506,0.770933,11.109096,-0.301669
18-Jan-2025 14:40:01.514,0.823605,11.003751,-0.371101
18-Jan-2025 14:40:01.523,1.010353,10.788273,-0.383072
18-Jan-2025 14:40:01.531,1.383849,10.390836,-0.538695
18-Jan-2025 14:40:01.539,1.877054,9.804255,-0.593762
18-Jan-2025 14:40:01.547,2.468422,9.26556,-0.452504
18-Jan-2025 14:40:01.555,2.964022,8.875306,-0.28491
18-Jan-2025 14:40:01.563,3.335123,8.336611,-0.172383
18-Jan-2025 14:40:01.571,3.507505,7.864953,-0.117316
18-Jan-2025 14:40:01.579,3.289633,7.726089,0.251391
18-Jan-2025 14:40:01.587,3.320758,7.369353,0.526724
18-Jan-2025 14:40:01.595,3.160346,7.149086,0.770933
18-Jan-2025 14:40:01.603,2.334347,7.381324,1.058237
18-Jan-2025 14:40:01.611,1.419762,7.702147,1.228225
18-Jan-2025 14:40:01.619,0.768539,8.185776,1.37906
18-Jan-2025 14:40:01.627,0.169988,8.231265,1.228225
18-Jan-2025 14:40:01.635,-0.438139,8.396465,0.814029
18-Jan-2025 14:40:01.643,-1.00317,8.789114,0.349553
18-Jan-2025 14:40:01.652,-1.482011,9.217676,0.026336
18-Jan-2025 14:40:01.660,-1.731008,9.524135,-0.232238
18-Jan-2025 14:40:01.668,-1.759738,9.859323,-0.409408
18-Jan-2025 14:40:01.676,-1.438915,10.232818,-0.447716
18-Jan-2025 14:40:01.684,-1.077391,10.441113,-0.342371
18-Jan-2025 14:40:01.692,-0.588974,10.529699,-0.112527
18-Jan-2025 14:40:01.700,-0.122104,10.553641,0.09098
18-Jan-2025 14:40:01.708,0.248997,10.503363,0.304064
18-Jan-2025 14:40:01.716,0.500388,10.479421,0.466869
18-Jan-2025 14:40:01.724,0.665588,10.460267,0.574608
18-Jan-2025 14:40:01.732,0.897826,10.479421,0.703895
18-Jan-2025 14:40:01.740,1.264138,10.424355,0.871489
18-Jan-2025 14:40:01.748,1.580173,10.316615,0.964863
18-Jan-2025 14:40:01.756,1.774103,10.19451,0.893037
18-Jan-2025 14:40:01.764,1.78368,10.058042,0.658405
18-Jan-2025 14:40:01.772,1.551443,9.959879,0.390255
18-Jan-2025 14:40:01.781,1.25935,9.864111,0.105345
18-Jan-2025 14:40:01.789,0.998382,9.753978,-0.043096
18-Jan-2025 14:40:01.797,0.754174,9.710882,-0.083797
18-Jan-2025 14:40:01.805,0.603339,9.694122,-0.07422
18-Jan-2025 14:40:01.813,0.557849,9.603143,-0.062249
18-Jan-2025 14:40:01.821,0.756568,9.562442,0.158017
18-Jan-2025 14:40:01.829,0.751779,8.971074,0.201113
18-Jan-2025 14:40:01.837,0.591368,8.844181,0.184354
18-Jan-2025 14:40:01.845,0.483629,9.0429,0.234632
18-Jan-2025 14:40:01.853,0.457293,8.939949,0.31364
18-Jan-2025 14:40:01.861,0.442927,8.772355,0.328006
18-Jan-2025 14:40:01.869,0.603339,8.951921,0.296881
18-Jan-2025 14:40:01.877,0.337582,8.932767,0.402226
18-Jan-2025 14:40:01.885,0.076614,8.834604,0.28491
18-Jan-2025 14:40:01.893,-0.069432,9.169792,0.059855
18-Jan-2025 14:40:01.902,-0.102951,9.428367,-0.110133
18-Jan-2025 14:40:01.910,0.356736,9.52174,-0.143652
18-Jan-2025 14:40:01.918,0.42138,9.41879,-0.076614
18-Jan-2025 14:40:01.926,0.574608,9.356541,-0.09098
18-Jan-2025 14:40:01.934,0.61531,9.540894,-0.095768
18-Jan-2025 14:40:01.942,0.830788,9.797073,-0.009577
18-Jan-2025 14:40:01.950,1.096544,9.911995,0.088585
18-Jan-2025 14:40:01.958,1.474828,9.909601,0.088585
18-Jan-2025 14:40:01.966,1.848324,9.91439,-0.004788
18-Jan-2025 14:40:01.974,2.109292,9.991004,-0.067038
18-Jan-2025 14:40:01.982,2.190695,9.97185,-0.052672
18-Jan-2025 14:40:01.990,2.183512,10.014946,-0.107739
18-Jan-2025 14:40:01.998,2.015918,10.141838,-0.275333
18-Jan-2025 14:40:02.006,1.84593,10.299856,-0.387861
18-Jan-2025 14:40:02.015,1.678335,10.474632,-0.514753
18-Jan-2025 14:40:02.023,1.321599,10.761936,-0.667982
18-Jan-2025 14:40:02.031,1.046266,10.994174,-0.684742
18-Jan-2025 14:40:02.039,0.828394,11.252748,-0.646434
18-Jan-2025 14:40:02.047,0.754174,11.501745,-0.560243
18-Jan-2025 14:40:02.055,0.866701,11.580753,-0.409408
18-Jan-2025 14:40:02.063,1.237802,11.63582,-0.248997
18-Jan-2025 14:40:02.071,1.702277,11.633426,-0.1652
18-Jan-2025 14:40:02.079,2.248155,11.554418,-0.131681
18-Jan-2025 14:40:02.087,2.525883,11.492168,-0.148441
18-Jan-2025 14:40:02.095,2.6839,11.540052,-0.251391
18-Jan-2025 14:40:02.103,2.267309,11.947066,-0.560243
18-Jan-2025 14:40:02.111,1.82917,12.270284,-0.696713
18-Jan-2025 14:40:02.119,1.355118,12.488156,-0.960075
18-Jan-2025 14:40:02.127,1.034295,12.550406,-0.914585
18-Jan-2025 14:40:02.136,0.325611,12.605472,-1.283292
18-Jan-2025 14:40:02.144,-0.395043,12.58153,-1.290475
18-Jan-2025 14:40:02.152,-1.036689,12.457031,-1.031901
18-Jan-2025 14:40:02.160,-1.489193,12.243947,-0.28491
18-Jan-2025 14:40:02.168,-1.616086,11.851298,0.361524
18-Jan-2025 14:40:02.176,-1.426944,11.35091,1.086968
18-Jan-2025 14:40:02.184,-0.948104,10.833763,1.592144
18-Jan-2025 14:40:02.192,-0.277727,10.196905,1.896208
18-Jan-2025 14:40:02.200,0.196325,9.643845,1.996764
18-Jan-2025 14:40:02.208,0.471658,9.119514,2.082955
18-Jan-2025 14:40:02.216,0.497994,8.714894,2.138022
18-Jan-2025 14:40:02.224,0.289698,8.508993,2.154782
18-Jan-2025 14:40:02.232,-0.179565,8.331821,2.140416
18-Jan-2025 14:40:02.240,-0.92895,8.295909,2.087744
18-Jan-2025 14:40:02.249,-2.054225,8.456321,1.977611
18-Jan-2025 14:40:02.257,-2.947262,8.561666,1.850718
18-Jan-2025 14:40:02.265,-3.536236,8.595184,1.666364
18-Jan-2025 14:40:02.273,-3.842694,8.647857,1.489193
18-Jan-2025 14:40:02.281,-3.98874,8.743625,1.422156
18-Jan-2025 14:40:02.288,-3.909731,8.825027,1.520318
18-Jan-2025 14:40:02.297,-3.433285,8.832211,1.747767
18-Jan-2025 14:40:02.305,-2.731784,8.836999,2.037466
18-Jan-2025 14:40:02.313,-2.0231,8.777143,2.183512
18-Jan-2025 14:40:02.321,-1.637634,8.803479,2.135628
18-Jan-2025 14:40:02.329,-1.30484,8.911219,2.061408
18-Jan-2025 14:40:02.337,-0.730232,8.968679,1.891419
18-Jan-2025 14:40:02.345,-0.122104,8.913613,1.654393
18-Jan-2025 14:40:02.353,0.332794,8.899248,1.522712
18-Jan-2025 14:40:02.361,0.505177,8.918402,1.376666
18-Jan-2025 14:40:02.369,0.517148,8.968679,1.158794
18-Jan-2025 14:40:02.378,0.457293,9.028535,0.924162
18-Jan-2025 14:40:02.386,0.299275,8.999804,0.770933
18-Jan-2025 14:40:02.394,0.02873,9.088389,0.624887
18-Jan-2025 14:40:02.402,-0.215478,9.227253,0.567426
18-Jan-2025 14:40:02.410,-0.342371,9.31105,0.512359
18-Jan-2025 14:40:02.418,-0.418985,9.356541,0.356736
18-Jan-2025 14:40:02.426,-0.500388,9.416395,0.098162
18-Jan-2025 14:40:02.434,-0.560243,9.385271,-0.162806
18-Jan-2025 14:40:02.442,-0.679953,9.342175,-0.342371
18-Jan-2025 14:40:02.450,-0.905008,9.346964,-0.533907
18-Jan-2025 14:40:02.458,-1.118092,9.411607,-0.634463
18-Jan-2025 14:40:02.466,-1.223437,9.464279,-0.651223
18-Jan-2025 14:40:02.474,-1.182736,9.476251,-0.438139
18-Jan-2025 14:40:02.482,-1.070208,9.435549,-0.122104
18-Jan-2025 14:40:02.490,-0.773327,9.425972,0.263362
18-Jan-2025 14:40:02.499,-0.402226,9.356541,0.610521
18-Jan-2025 14:40:02.507,-0.095768,9.351752,0.835576
18-Jan-2025 14:40:02.515,0.205901,9.380483,0.847547
18-Jan-2025 14:40:02.523,0.320823,9.409213,0.701501
18-Jan-2025 14:40:02.531,0.186748,9.476251,0.536301
18-Jan-2025 14:40:02.539,-0.100556,9.605537,0.335188
18-Jan-2025 14:40:02.547,-0.268151,9.689334,0.201113
18-Jan-2025 14:40:02.555,-0.287304,9.708488,0.100556
18-Jan-2025 14:40:02.563,-0.351948,9.696517,0.062249
18-Jan-2025 14:40:02.571,-0.442927,9.785102,0.136469
18-Jan-2025 14:40:02.579,-0.486023,9.883265,0.349553
18-Jan-2025 14:40:02.587,-0.328006,9.91439,0.670376
18-Jan-2025 14:40:02.595,-0.268151,9.957485,0.905008
18-Jan-2025 14:40:02.603,-0.153229,9.945514,1.063026
18-Jan-2025 14:40:02.612,-0.004788,9.976639,1.173159
18-Jan-2025 14:40:02.620,-0.069432,10.122684,1.21386
18-Jan-2025 14:40:02.628,-0.141258,10.232818,1.233014
18-Jan-2025 14:40:02.636,-0.198719,10.364499,1.292869
18-Jan-2025 14:40:02.644,-0.155623,10.522516,1.419762
18-Jan-2025 14:40:02.652,-0.007183,10.565612,1.472434
18-Jan-2025 14:40:02.660,0.043096,10.639832,1.343147
18-Jan-2025 14:40:02.668,0.047884,10.709264,1.070208
18-Jan-2025 14:40:02.676,0.141258,10.747571,0.818817
18-Jan-2025 14:40:02.684,0.205901,10.81461,0.581791
18-Jan-2025 14:40:02.692,0.23942,10.817003,0.347159
18-Jan-2025 14:40:02.700,0.277727,10.915166,0.184354
18-Jan-2025 14:40:02.708,0.471658,10.989386,0.129287
18-Jan-2025 14:40:02.716,0.926556,10.910378,0.177171
18-Jan-2025 14:40:02.725,1.335965,10.790668,0.237026
18-Jan-2025 14:40:02.733,1.620875,10.702082,0.299275
18-Jan-2025 14:40:02.741,1.721431,10.682928,0.320823
18-Jan-2025 14:40:02.749,1.774103,10.726024,0.287304
18-Jan-2025 14:40:02.757,1.771709,10.785878,0.1652
18-Jan-2025 14:40:02.765,1.489193,10.922348,0.047884
18-Jan-2025 14:40:02.773,1.527501,10.927136,-0.177171
18-Jan-2025 14:40:02.781,1.400608,11.030087,-0.469264
18-Jan-2025 14:40:02.789,1.180341,11.121067,-0.665588
18-Jan-2025 14:40:02.797,0.967257,11.178528,-0.804452
18-Jan-2025 14:40:02.805,0.830788,11.188105,-0.770933
18-Jan-2025 14:40:02.813,0.902614,11.049241,-0.608127
18-Jan-2025 14:40:02.821,1.223437,10.726024,-0.25618
18-Jan-2025 14:40:02.829,1.750161,10.237606,0.198719
18-Jan-2025 14:40:02.838,2.32477,9.691729,0.651223
18-Jan-2025 14:40:02.846,2.844312,9.119514,1.029507
18-Jan-2025 14:40:02.854,3.236961,8.681376,1.369483
18-Jan-2025 14:40:02.862,3.351882,8.204929,1.644817
18-Jan-2025 14:40:02.870,3.342306,7.831434,1.833959
18-Jan-2025 14:40:02.878,3.167529,7.568071,2.042254
18-Jan-2025 14:40:02.886,2.837129,7.40766,2.236184
18-Jan-2025 14:40:02.894,2.30801,7.345411,2.343924
18-Jan-2025 14:40:02.902,1.443704,7.395689,2.27928
18-Jan-2025 14:40:02.910,0.407014,7.718906,2.140416
18-Jan-2025 14:40:02.918,-0.531513,8.164227,1.953669
18-Jan-2025 14:40:02.926,-1.089362,8.53054,1.790863
18-Jan-2025 14:40:02.934,-1.472434,8.834604,1.750161
18-Jan-2025 14:40:02.942,-1.757344,9.220071,1.881842
18-Jan-2025 14:40:02.951,-1.850718,9.689334,2.082955
18-Jan-2025 14:40:02.959,-1.66397,10.103531,2.207454
18-Jan-2025 14:40:02.967,-1.25935,10.283096,2.219425
18-Jan-2025 14:40:02.975,-0.835576,10.412383,2.183512
18-Jan-2025 14:40:02.983,-0.521936,10.572795,2.078167
18-Jan-2025 14:40:02.991,-0.318429,10.728417,1.953669
18-Jan-2025 14:40:02.999,0.043096,10.845734,1.714248
18-Jan-2025 14:40:03.007,0.474052,10.996569,1.331176
18-Jan-2025 14:40:03.015,0.993594,10.99178,0.881066
18-Jan-2025 14:40:03.023,1.441309,10.94629,0.500388
18-Jan-2025 14:40:03.031,1.719037,10.948685,0.21069
18-Jan-2025 14:40:03.039,2.020706,10.951078,-0.002394
18-Jan-2025 14:40:03.047,2.23379,10.788273,-0.11971
18-Jan-2025 14:40:03.055,2.339135,10.544065,-0.162806
18-Jan-2025 14:40:03.063,2.183512,10.287885,-0.19393
18-Jan-2025 14:40:03.071,2.025495,10.077195,-0.172383
18-Jan-2025 14:40:03.079,1.814805,9.811439,-0.19393
18-Jan-2025 14:40:03.088,1.651999,9.495404,-0.272939
18-Jan-2025 14:40:03.096,1.49877,9.160215,-0.418985
18-Jan-2025 14:40:03.104,1.374272,8.89446,-0.603339
18-Jan-2025 14:40:03.112,1.165976,8.623915,-0.782904
18-Jan-2025 14:40:03.120,0.967257,8.346188,-0.905008
18-Jan-2025 14:40:03.128,0.636858,8.14268,-0.92895
18-Jan-2025 14:40:03.136,0.265756,8.061277,-0.814029
18-Jan-2025 14:40:03.144,0.007183,8.080431,-0.658405
18-Jan-2025 14:40:03.152,-0.225055,8.099585,-0.529119
18-Jan-2025 14:40:03.160,-0.392649,8.080431,-0.452504
18-Jan-2025 14:40:03.168,-0.624887,8.137892,-0.35913
18-Jan-2025 14:40:03.176,-0.85473,8.42759,-0.19393
18-Jan-2025 14:40:03.184,-1.33357,8.437167,0.057461
18-Jan-2025 14:40:03.192,-1.295263,8.655039,0.04549
18-Jan-2025 14:40:03.200,-1.249773,8.901642,0.124498
18-Jan-2025 14:40:03.209,-1.063026,9.033323,0.275333
18-Jan-2025 14:40:03.217,-0.861913,9.272743,0.533907
18-Jan-2025 14:40:03.225,-0.670376,9.581595,0.826
18-Jan-2025 14:40:03.233,-0.507571,9.804255,1.113304
18-Jan-2025 14:40:03.241,-0.423774,10.029311,1.331176
18-Jan-2025 14:40:03.249,-0.339977,10.287885,1.477222
18-Jan-2025 14:40:03.257,-0.174777,10.491392,1.668759
18-Jan-2025 14:40:03.265,0.071826,10.637438,1.924938
18-Jan-2025 14:40:03.273,0.323217,10.726024,2.078167
18-Jan-2025 14:40:03.281,0.514753,10.874464,2.11408
18-Jan-2025 14:40:03.289,0.744597,11.039664,2.035071
18-Jan-2025 14:40:03.297,1.031901,11.190498,1.984793
18-Jan-2025 14:40:03.305,1.170765,11.319786,1.90339
18-Jan-2025 14:40:03.313,1.144428,11.477803,1.831564
18-Jan-2025 14:40:03.322,1.000776,11.657368,1.781286
18-Jan-2025 14:40:03.330,0.816423,11.829751,1.683124
18-Jan-2025 14:40:03.338,0.708684,11.930307,1.599327
18-Jan-2025 14:40:03.346,0.730232,11.918336,1.613692
18-Jan-2025 14:40:03.354,0.756568,11.951855,1.63524
18-Jan-2025 14:40:03.362,0.718261,12.006922,1.673547
18-Jan-2025 14:40:03.370,0.608127,12.090718,1.759738
18-Jan-2025 14:40:03.378,0.442927,12.172121,1.774103
18-Jan-2025 14:40:03.386,0.21069,12.203246,1.647211
18-Jan-2025 14:40:03.394,0.093374,12.239159,1.582567
18-Jan-2025 14:40:03.402,0.019154,12.275072,1.735796
18-Jan-2025 14:40:03.410,-0.117316,12.325351,1.912967
18-Jan-2025 14:40:03.418,-0.234632,12.272678,2.054225
18-Jan-2025 14:40:03.426,-0.246603,12.105083,2.049437
18-Jan-2025 14:40:03.435,-0.213084,11.829751,1.900996
18-Jan-2025 14:40:03.443,-0.198719,11.552023,1.668759
18-Jan-2025 14:40:03.451,-0.198719,11.317391,1.49877
18-Jan-2025 14:40:03.459,-0.150835,11.042058,1.35033
18-Jan-2025 14:40:03.467,-0.059855,10.694899,1.225831
18-Jan-2025 14:40:03.475,0.043096,10.30225,1.079785
18-Jan-2025 14:40:03.483,0.138864,9.919178,0.893037
18-Jan-2025 14:40:03.491,0.222661,9.533711,0.725443
18-Jan-2025 14:40:03.499,0.251391,9.174581,0.577003
18-Jan-2025 14:40:03.507,0.186748,8.836999,0.471658
18-Jan-2025 14:40:03.515,0.11971,8.513782,0.457293
18-Jan-2025 14:40:03.523,0.019154,8.252813,0.517148
18-Jan-2025 14:40:03.531,-0.136469,7.994239,0.59855
18-Jan-2025 14:40:03.539,-0.342371,7.773973,0.737414
18-Jan-2025 14:40:03.548,-0.557849,7.651869,0.907402
18-Jan-2025 14:40:03.556,-0.773327,7.654263,1.09415
18-Jan-2025 14:40:03.564,-1.058237,7.666234,1.233014
18-Jan-2025 14:40:03.572,-1.484405,7.843405,1.309628
18-Jan-2025 14:40:03.580,-1.984793,8.111555,1.393425
18-Jan-2025 14:40:03.588,-2.403779,8.3821,1.477222
18-Jan-2025 14:40:03.596,-2.755726,8.635885,1.630451
18-Jan-2025 14:40:03.604,-2.966416,8.76996,1.661576
18-Jan-2025 14:40:03.612,-3.110068,8.889671,1.68073
18-Jan-2025 14:40:03.620,-3.198653,8.990228,1.745373
18-Jan-2025 14:40:03.628,-3.086126,9.052477,1.963245
18-Jan-2025 14:40:03.636,-2.908955,9.052477,2.169147
18-Jan-2025 14:40:03.644,-2.72939,9.0429,2.257732
18-Jan-2025 14:40:03.652,-2.691083,9.069236,2.164358
18-Jan-2025 14:40:03.660,-2.667141,9.131485,1.980005
18-Jan-2025 14:40:03.669,-2.568978,9.200917,1.884237
18-Jan-2025 14:40:03.677,-2.439692,9.272743,1.853112
18-Jan-2025 14:40:03.685,-2.178724,9.356541,1.853112
18-Jan-2025 14:40:03.693,-1.795651,9.425972,1.855506
18-Jan-2025 14:40:03.701,-1.455675,9.485827,1.905785
18-Jan-2025 14:40:03.709,-1.218649,9.579201,1.893813
18-Jan-2025 14:40:03.717,-1.122881,9.689334,1.841141
18-Jan-2025 14:40:03.725,-0.890643,9.665392,1.84593
18-Jan-2025 14:40:03.733,-0.694318,9.619903,1.932121
18-Jan-2025 14:40:03.741,-0.550666,9.55047,2.044648
18-Jan-2025 14:40:03.749,-0.457293,9.509769,2.135628
18-Jan-2025 14:40:03.757,-0.344765,9.507375,2.255338
18-Jan-2025 14:40:03.765,-0.081403,9.452309,2.451663
18-Jan-2025 14:40:03.773,0.220267,9.380483,2.65517
18-Jan-2025 14:40:03.782,0.459687,9.299079,2.801216
18-Jan-2025 14:40:03.790,0.64404,9.263166,2.992752
18-Jan-2025 14:40:03.798,0.787692,9.272743,3.16274
18-Jan-2025 14:40:03.806,0.620098,9.334992,3.112462
18-Jan-2025 14:40:03.814,0.318429,9.387665,2.822764
18-Jan-2025 14:40:03.822,0.043096,9.392453,2.401384
18-Jan-2025 14:40:03.830,-0.09098,9.289502,2.035071
18-Jan-2025 14:40:03.838,-0.31364,9.41879,1.790863
18-Jan-2025 14:40:03.846,-0.562637,9.574412,1.719037
18-Jan-2025 14:40:03.854,-0.737414,9.68694,1.68073
18-Jan-2025 14:40:03.862,-0.794875,9.811439,1.637634
18-Jan-2025 14:40:03.870,-0.818817,9.950302,1.525106
18-Jan-2025 14:40:03.878,-0.754174,10.060435,1.510741
18-Jan-2025 14:40:03.886,-0.608127,10.144233,1.448492
18-Jan-2025 14:40:03.894,-0.428562,10.220847,1.381454
18-Jan-2025 14:40:03.902,-0.258574,10.247183,1.297657
18-Jan-2025 14:40:03.911,0.055067,10.326192,1.386243
18-Jan-2025 14:40:03.919,0.40462,10.448297,1.575385
18-Jan-2025 14:40:03.927,0.663194,10.515334,1.637634
18-Jan-2025 14:40:03.935,0.811634,10.625467,1.549049
18-Jan-2025 14:40:03.943,1.077391,10.740389,1.477222
18-Jan-2025 14:40:03.951,1.49877,10.817003,1.503559
18-Jan-2025 14:40:03.959,1.939303,10.790668,1.556231
18-Jan-2025 14:40:03.967,2.099715,10.802638,1.493982
18-Jan-2025 14:40:03.975,2.011129,10.817003,1.206678
18-Jan-2025 14:40:03.983,1.99437,10.759542,0.926556
18-Jan-2025 14:40:03.991,1.766921,10.778696,0.600945
18-Jan-2025 14:40:03.999,1.417367,10.764331,0.325611
18-Jan-2025 14:40:04.007,1.007959,10.757148,0.105345
18-Jan-2025 14:40:04.015,0.708684,10.860099,0.064643
18-Jan-2025 14:40:04.023,0.56982,10.896012,0.095768
18-Jan-2025 14:40:04.031,0.663194,10.790668,0.316035
18-Jan-2025 14:40:04.040,0.979228,10.647015,0.758962
18-Jan-2025 14:40:04.048,1.276109,10.469844,1.242591
18-Jan-2025 14:40:04.056,1.405396,10.321404,1.611298
18-Jan-2025 14:40:04.064,1.405396,10.218452,1.860295
18-Jan-2025 14:40:04.072,1.467646,10.060435,2.027889
18-Jan-2025 14:40:04.080,1.501164,9.844957,2.149993
18-Jan-2025 14:40:04.088,1.477222,9.636662,2.197877
18-Jan-2025 14:40:04.096,1.264138,9.55047,2.197877
18-Jan-2025 14:40:04.104,0.986411,9.509769,2.054225
18-Jan-2025 14:40:04.112,0.737414,9.512163,1.793257
18-Jan-2025 14:40:04.120,0.507571,9.531317,1.42455
18-Jan-2025 14:40:04.128,0.304064,9.672575,1.031901
18-Jan-2025 14:40:04.136,0.308852,9.775525,0.746991
18-Jan-2025 14:40:04.144,0.507571,9.832987,0.6608
18-Jan-2025 14:40:04.152,0.790087,9.878476,0.718261
18-Jan-2025 14:40:04.161,1.240196,9.909601,0.88346
18-Jan-2025 14:40:04.169,1.671153,9.923966,1.043872
18-Jan-2025 14:40:04.177,2.252944,9.892841,1.046266
18-Jan-2025 14:40:04.185,2.525883,9.818622,0.78051
18-Jan-2025 14:40:04.193,3.009511,9.473856,0.54109
18-Jan-2025 14:40:04.201,3.414132,9.248801,0.481235
18-Jan-2025 14:40:04.209,3.615245,9.054871,0.636858
18-Jan-2025 14:40:04.217,3.756502,8.865729,0.814029
18-Jan-2025 14:40:04.225,3.335123,8.801085,1.029507
18-Jan-2025 14:40:04.233,2.791639,8.834604,1.235408
18-Jan-2025 14:40:04.241,2.23379,8.882488,1.355118
18-Jan-2025 14:40:04.249,1.73819,8.872911,1.388637
18-Jan-2025 14:40:04.257,1.216254,8.844181,1.35033
18-Jan-2025 14:40:04.265,0.694318,8.884883,1.443704
18-Jan-2025 14:40:04.274,0.265756,8.987833,1.647211
18-Jan-2025 14:40:04.282,-0.081403,9.078813,1.889025
18-Jan-2025 14:40:04.290,-0.287304,9.143456,2.047042
18-Jan-2025 14:40:04.298,-0.476446,9.176975,2.193089
18-Jan-2025 14:40:04.306,-0.632069,9.23683,2.243367
18-Jan-2025 14:40:04.314,-0.651223,9.279925,2.176329
18-Jan-2025 14:40:04.322,-0.6608,9.399636,2.044648
18-Jan-2025 14:40:04.330,-0.670376,9.49301,1.867477
18-Jan-2025 14:40:04.338,-0.500388,9.574412,1.740585
18-Jan-2025 14:40:04.346,-0.241814,9.603143,1.68073
18-Jan-2025 14:40:04.354,0.047884,9.593566,1.556231
18-Jan-2025 14:40:04.362,0.342371,9.564836,1.467646
18-Jan-2025 14:40:04.370,0.591368,9.564836,1.410185
18-Jan-2025 14:40:04.378,0.746991,9.548077,1.283292
18-Jan-2025 14:40:04.387,0.907402,9.552865,1.161188
18-Jan-2025 14:40:04.395,1.082179,9.576807,1.041478
18-Jan-2025 14:40:04.403,1.295263,9.55047,0.871489
18-Jan-2025 14:40:04.411,1.654393,9.495404,0.806846
18-Jan-2025 14:40:04.419,1.996764,9.406818,0.837971
18-Jan-2025 14:40:04.427,2.248155,9.349358,0.964863
18-Jan-2025 14:40:04.435,2.382231,9.330204,0.972046
18-Jan-2025 14:40:04.443,2.434903,9.339781,0.871489
18-Jan-2025 14:40:04.451,2.425326,9.289502,0.665588
18-Jan-2025 14:40:04.459,2.360683,9.25359,0.433351
18-Jan-2025 14:40:04.467,2.087744,9.313444,0.227449
18-Jan-2025 14:40:04.475,2.015918,9.220071,0.25618
18-Jan-2025 14:40:04.483,2.097321,9.085996,0.079009
18-Jan-2025 14:40:04.491,1.786075,9.028535,-0.150835
18-Jan-2025 14:40:04.499,1.264138,9.100361,-0.320823
18-Jan-2025 14:40:04.507,0.720655,9.239224,-0.442927
18-Jan-2025 14:40:04.516,0.28491,9.313444,-0.488417
18-Jan-2025 14:40:04.524,0.079009,9.435549,-0.466869
18-Jan-2025 14:40:04.532,0.131681,9.576807,-0.459687
18-Jan-2025 14:40:04.540,0.35913,9.622296,-0.378284
18-Jan-2025 14:40:04.548,0.699107,9.715671,-0.308852
18-Jan-2025 14:40:04.556,0.955287,9.940725,-0.282516
18-Jan-2025 14:40:04.564,1.125275,10.146626,-0.215478
18-Jan-2025 14:40:04.572,1.149217,10.34774,-0.186748
18-Jan-2025 14:40:04.580,1.070208,10.568007,-0.004788
18-Jan-2025 14:40:04.588,1.156399,10.632649,0.093374
18-Jan-2025 14:40:04.596,1.247379,10.82658,0.181959
18-Jan-2025 14:40:04.604,1.347936,10.948685,0.196325
18-Jan-2025 14:40:04.612,1.345541,11.046846,0.172383
18-Jan-2025 14:40:04.620,1.400608,11.135432,0.067038
18-Jan-2025 14:40:04.628,1.448492,11.245565,-0.09098
18-Jan-2025 14:40:04.635,1.489193,11.33894,-0.222661
18-Jan-2025 14:40:04.645,1.632846,11.341333,-0.392649
18-Jan-2025 14:40:04.653,1.867477,11.331757,-0.610521
18-Jan-2025 14:40:04.661,2.1883,11.27669,-0.912191
18-Jan-2025 14:40:04.669,2.557007,11.228806,-1.309628
18-Jan-2025 14:40:04.677,2.829947,11.135432,-1.656788
18-Jan-2025 14:40:04.685,2.892196,11.116279,-1.853112
18-Jan-2025 14:40:04.693,2.712631,11.18571,-1.872266
18-Jan-2025 14:40:04.701,2.274492,11.279084,-1.764527
18-Jan-2025 14:40:04.709,1.802834,11.372458,-1.632846
18-Jan-2025 14:40:04.717,1.149217,11.532869,-1.695095
18-Jan-2025 14:40:04.725,0.349553,11.702858,-1.75495
18-Jan-2025 14:40:04.733,-0.481235,11.884817,-1.762132
18-Jan-2025 14:40:04.741,-1.225831,12.061988,-1.699883
18-Jan-2025 14:40:04.749,-1.616086,12.152967,-1.584962
18-Jan-2025 14:40:04.757,-1.297657,11.947066,-1.194707
18-Jan-2025 14:40:04.765,-0.323217,11.44189,-0.464475
18-Jan-2025 14:40:04.774,0.751779,10.874464,0.299275
18-Jan-2025 14:40:04.782,1.568202,10.431537,0.653617
18-Jan-2025 14:40:04.790,2.604892,9.785102,1.010353
18-Jan-2025 14:40:04.798,3.248932,9.088389,1.151611
18-Jan-2025 14:40:04.806,3.780444,8.3821,1.218649
18-Jan-2025 14:40:04.814,3.70383,7.97748,1.134852
18-Jan-2025 14:40:04.822,2.942474,7.979874,0.792481
18-Jan-2025 14:40:04.830,2.003947,8.11395,0.280122
18-Jan-2025 14:40:04.838,1.017536,8.257602,-0.294487
18-Jan-2025 14:40:04.846,0.253785,8.358158,-0.665588
18-Jan-2025 14:40:04.854,-0.351948,8.434772,-0.713472
18-Jan-2025 14:40:04.862,-1.00317,8.611943,-0.452504
18-Jan-2025 14:40:04.870,-1.582567,8.805874,0.04549
18-Jan-2025 14:40:04.878,-1.99437,9.01417,0.679953
18-Jan-2025 14:40:04.886,-2.209848,9.188946,1.225831
18-Jan-2025 14:40:04.894,-2.214637,9.332599,1.584962
18-Jan-2025 14:40:04.903,-2.006341,9.466674,1.798046
18-Jan-2025 14:40:04.911,-1.78368,9.619903,2.001553
18-Jan-2025 14:40:04.918,-1.592144,9.763555,2.193089
18-Jan-2025 14:40:04.927,-1.244985,9.950302,2.494758
18-Jan-2025 14:40:04.935,-0.679953,10.055647,2.789245
18-Jan-2025 14:40:04.943,0.134075,9.92636,3.057395
18-Jan-2025 14:40:04.951,1.046266,9.742006,3.196259
18-Jan-2025 14:40:04.959,2.025495,9.636662,3.129222
18-Jan-2025 14:40:04.967,2.899378,9.461885,2.691083
18-Jan-2025 14:40:04.975,3.517082,9.301474,1.915361
18-Jan-2025 14:40:04.983,3.773262,9.28232,0.897826
18-Jan-2025 14:40:04.991,4.211401,9.069236,-0.095768
18-Jan-2025 14:40:04.999,4.314352,8.973468,-0.866701
18-Jan-2025 14:40:05.007,4.362236,8.784326,-1.340753
18-Jan-2025 14:40:05.015,4.024653,8.659827,-1.707066
18-Jan-2025 14:40:05.024,3.320758,8.662222,-2.092532
18-Jan-2025 14:40:05.032,2.659958,8.655039,-2.437297
18-Jan-2025 14:40:05.040,1.922544,8.59279,-2.626439
18-Jan-2025 14:40:05.048,1.273715,8.561666,-2.619257
18-Jan-2025 14:40:05.056,1.182736,8.35337,-2.710236
18-Jan-2025 14:40:05.064,1.106121,8.240842,-2.726996
18-Jan-2025 14:40:05.072,0.790087,8.204929,-2.58095
18-Jan-2025 14:40:05.080,0.416591,8.379706,-2.276886
18-Jan-2025 14:40:05.088,0.225055,8.568848,-1.972822
18-Jan-2025 14:40:05.096,0.430956,8.628703,-1.702277
18-Jan-2025 14:40:05.104,0.632069,8.619126,-1.352724
18-Jan-2025 14:40:05.112,0.770933,8.695741,-1.036689
18-Jan-2025 14:40:05.120,0.861913,8.884883,-0.821211
18-Jan-2025 14:40:05.128,0.845153,9.100361,-0.725443
18-Jan-2025 14:40:05.136,0.837971,9.260772,-0.627281
18-Jan-2025 14:40:05.145,0.828394,9.440337,-0.488417
18-Jan-2025 14:40:05.153,0.849942,9.61272,-0.335188
18-Jan-2025 14:40:05.161,0.905008,9.787497,-0.169988
18-Jan-2025 14:40:05.169,1.096544,9.909601,0.014365
18-Jan-2025 14:40:05.177,1.237802,9.976639,0.213084
18-Jan-2025 14:40:05.185,1.39582,10.0341,0.402226
18-Jan-2025 14:40:05.193,1.582567,10.101137,0.553061
18-Jan-2025 14:40:05.201,1.711854,10.139444,0.579397
18-Jan-2025 14:40:05.209,1.764527,10.13705,0.531513
18-Jan-2025 14:40:05.217,1.73819,10.218452,0.483629
18-Jan-2025 14:40:05.225,1.70946,10.386047,0.378284
18-Jan-2025 14:40:05.233,1.656788,10.505757,0.162806
18-Jan-2025 14:40:05.241,1.54426,10.560823,-0.007183
18-Jan-2025 14:40:05.249,1.326388,10.69011,0.014365
18-Jan-2025 14:40:05.257,1.175553,10.821792,0.373495
18-Jan-2025 14:40:05.265,1.252167,10.879252,0.919373
18-Jan-2025 14:40:05.274,1.383849,10.852917,1.438915
18-Jan-2025 14:40:05.282,1.426944,10.836157,1.702277
18-Jan-2025 14:40:05.290,1.448492,10.757148,1.877054
18-Jan-2025 14:40:05.298,1.541866,10.702082,1.881842
18-Jan-2025 14:40:05.306,1.764527,10.5704,1.740585
18-Jan-2025 14:40:05.314,1.951274,10.321404,1.520318
18-Jan-2025 14:40:05.322,2.001553,10.108319,1.297657
18-Jan-2025 14:40:05.330,2.032677,10.065224,0.919373
18-Jan-2025 14:40:05.338,2.099715,10.019734,0.488417
18-Jan-2025 14:40:05.346,1.96564,10.0748,-0.031125
18-Jan-2025 14:40:05.354,1.654393,10.204087,-0.47884
18-Jan-2025 14:40:05.362,1.25935,10.436325,-0.802058
18-Jan-2025 14:40:05.370,0.768539,10.745177,-1.09415
18-Jan-2025 14:40:05.378,0.19393,11.171345,-1.374272
18-Jan-2025 14:40:05.386,-0.557849,11.733982,-1.434127
18-Jan-2025 14:40:05.394,-1.209072,12.282255,-1.142034
18-Jan-2025 14:40:05.403,-1.319205,12.682086,-0.174777
18-Jan-2025 14:40:05.411,-0.308852,12.559982,1.300052
18-Jan-2025 14:40:05.419,1.031901,12.054806,2.691083
18-Jan-2025 14:40:05.427,1.836353,11.20247,3.643975
18-Jan-2025 14:40:05.435,3.191471,10.512939,3.967192
18-Jan-2025 14:40:05.443,4.718972,9.349358,4.357447
18-Jan-2025 14:40:05.451,6.105214,8.128315,4.716578
18-Jan-2025 14:40:05.459,6.950367,7.158663,5.085284
18-Jan-2025 14:40:05.467,7.283162,6.473921,5.260061
18-Jan-2025 14:40:05.475,6.919243,6.200983,5.130774
18-Jan-2025 14:40:05.483,5.444415,6.651093,4.625597
18-Jan-2025 14:40:05.491,3.859453,7.220912,3.876213
18-Jan-2025 14:40:05.499,2.336741,7.745243,2.954445
18-Jan-2025 14:40:05.507,1.158794,8.061277,2.176329
18-Jan-2025 14:40:05.515,0.586579,8.197746,1.302446
18-Jan-2025 14:40:05.523,-0.172383,8.463503,0.591368
18-Jan-2025 14:40:05.532,-1.031901,9.011775,-0.019154
18-Jan-2025 14:40:05.540,-1.819593,9.629479,-0.397437
18-Jan-2025 14:40:05.548,-2.171541,10.15381,-0.548272
18-Jan-2025 14:40:05.556,-1.833959,10.457873,-0.395043
18-Jan-2025 14:40:05.564,-0.672771,10.369287,-0.004788
18-Jan-2025 14:40:05.572,0.658405,10.333375,0.344765
18-Jan-2025 14:40:05.580,1.764527,10.354922,0.588974
18-Jan-2025 14:40:05.588,2.808398,10.240001,0.694318
18-Jan-2025 14:40:05.596,3.610456,10.072407,0.794875
18-Jan-2025 14:40:05.604,3.96001,9.931149,0.909797
18-Jan-2025 14:40:05.612,3.993528,9.799467,0.933739
18-Jan-2025 14:40:05.620,3.854665,9.780313,0.88346
18-Jan-2025 14:40:05.628,3.679888,9.76116,0.849942
18-Jan-2025 14:40:05.636,3.641581,9.73243,0.907402
18-Jan-2025 14:40:05.644,3.687071,9.603143,0.80924
18-Jan-2025 14:40:05.652,3.610456,9.428367,0.581791
18-Jan-2025 14:40:05.661,3.375824,9.239224,0.191536
18-Jan-2025 14:40:05.669,3.100491,9.119514,-0.160412
18-Jan-2025 14:40:05.677,2.839523,8.985439,-0.351948
18-Jan-2025 14:40:05.685,2.533065,8.944737,-0.311246
18-Jan-2025 14:40:05.693,2.585738,8.734048,-0.292093
18-Jan-2025 14:40:05.701,2.410961,8.750807,-0.351948
18-Jan-2025 14:40:05.709,2.164358,8.865729,-0.229843
18-Jan-2025 14:40:05.717,2.011129,9.038112,-0.062249
18-Jan-2025 14:40:05.725,1.944092,9.148245,0.007183
18-Jan-2025 14:40:05.733,1.936909,9.294291,-0.059855
18-Jan-2025 14:40:05.741,2.080561,9.473856,-0.067038
18-Jan-2025 14:40:05.749,2.209848,9.610326,-0.047884
18-Jan-2025 14:40:05.757,2.243367,9.73243,-0.09098
18-Jan-2025 14:40:05.765,2.291251,9.821015,-0.067038
18-Jan-2025 14:40:05.774,2.406173,9.902418,0.009577
18-Jan-2025 14:40:05.782,2.523489,9.967062,0.134075
18-Jan-2025 14:40:05.790,2.571373,9.998186,0.246603
18-Jan-2025 14:40:05.798,2.674323,10.067618,0.440533
18-Jan-2025 14:40:05.806,2.80361,10.151415,0.653617
18-Jan-2025 14:40:05.814,3.055001,10.230424,0.758962
18-Jan-2025 14:40:05.822,3.25372,10.242394,0.758962
18-Jan-2025 14:40:05.830,3.294421,10.261548,0.770933
18-Jan-2025 14:40:05.838,3.198653,10.326192,0.912191
18-Jan-2025 14:40:05.846,2.99754,10.359711,1.122881
18-Jan-2025 14:40:05.854,2.815581,10.290278,1.403002
18-Jan-2025 14:40:05.862,2.636016,10.340557,1.771709
18-Jan-2025 14:40:05.870,2.44448,10.498574,2.097321
18-Jan-2025 14:40:05.878,2.181118,10.742783,2.293645
18-Jan-2025 14:40:05.886,1.570596,11.113884,2.145205
18-Jan-2025 14:40:05.895,0.624887,11.518504,1.728614
18-Jan-2025 14:40:05.903,-0.043096,11.86327,1.376666
18-Jan-2025 14:40:05.911,-0.555455,12.188881,0.950498
18-Jan-2025 14:40:05.919,-0.869095,12.550406,0.476446
18-Jan-2025 14:40:05.927,-0.842759,12.79222,0.141258
18-Jan-2025 14:40:05.935,-0.347159,12.840104,-0.227449
18-Jan-2025 14:40:05.943,0.567426,12.430696,-0.265756
18-Jan-2025 14:40:05.950,1.477222,11.674128,0.129287
18-Jan-2025 14:40:05.959,2.090138,10.898406,0.632069
18-Jan-2025 14:40:05.967,2.44448,10.184934,1.012747
18-Jan-2025 14:40:05.975,2.597709,9.576807,1.309628
18-Jan-2025 14:40:05.983,2.315193,9.193734,1.517924
18-Jan-2025 14:40:05.991,1.956063,8.995016,1.637634
18-Jan-2025 14:40:05.999,1.575385,8.813056,1.465251
18-Jan-2025 14:40:06.007,1.187524,8.686164,0.967257
18-Jan-2025 14:40:06.015,0.782904,8.578424,0.361524
18-Jan-2025 14:40:06.023,0.371101,8.571242,-0.129287
18-Jan-2025 14:40:06.032,-0.146046,8.607155,-0.536301
18-Jan-2025 14:40:06.040,-0.4956,8.647857,-0.80924
18-Jan-2025 14:40:06.048,-0.699107,8.765172,-0.94571
18-Jan-2025 14:40:06.056,-0.658405,9.062054,-0.979228
18-Jan-2025 14:40:06.064,-0.553061,9.339781,-0.816423
18-Jan-2025 14:40:06.072,-0.509965,9.605537,-0.407014
18-Jan-2025 14:40:06.080,-0.37589,9.811439,0.227449
18-Jan-2025 14:40:06.088,-0.23942,9.895236,0.842759
18-Jan-2025 14:40:06.096,-0.241814,9.92636,1.074997
18-Jan-2025 14:40:06.104,-0.339977,9.955091,1.249773
18-Jan-2025 14:40:06.112,-0.368707,9.945514,1.419762
18-Jan-2025 14:40:06.120,-0.292093,9.931149,1.527501
18-Jan-2025 14:40:06.128,-0.134075,9.935937,1.520318
18-Jan-2025 14:40:06.136,0.079009,9.940725,1.493982
18-Jan-2025 14:40:06.144,0.418985,9.931149,1.455675
18-Jan-2025 14:40:06.153,0.85473,9.876082,1.331176
18-Jan-2025 14:40:06.161,1.225831,9.710882,1.199495
18-Jan-2025 14:40:06.169,1.527501,9.507375,1.225831
18-Jan-2025 14:40:06.177,1.56102,9.284714,1.058237
18-Jan-2025 14:40:06.185,1.438915,9.030929,0.720655
18-Jan-2025 14:40:06.193,1.268927,8.734048,0.086191
18-Jan-2025 14:40:06.201,0.840365,8.480263,-0.869095
18-Jan-2025 14:40:06.209,0.639252,8.327033,-0.871489
18-Jan-2025 14:40:06.217,0.442927,8.343793,-1.565808
18-Jan-2025 14:40:06.225,0.31364,8.310274,-1.776498
18-Jan-2025 14:40:06.233,0.191536,8.42759,-1.900996
18-Jan-2025 14:40:06.241,0.069432,8.604761,-1.865083
18-Jan-2025 14:40:06.249,0.023942,8.813056,-1.558625
18-Jan-2025 14:40:06.257,-0.019154,9.009381,-1.132457
18-Jan-2025 14:40:06.265,-0.021548,9.13388,-0.699107
18-Jan-2025 14:40:06.274,-0.064643,9.344569,-0.280122
18-Jan-2025 14:40:06.282,0.019154,9.548077,0.064643
18-Jan-2025 14:40:06.290,0.311246,9.694122,0.366313
18-Jan-2025 14:40:06.298,0.553061,9.825804,0.304064
18-Jan-2025 14:40:06.306,0.696713,9.866506,0.014365
18-Jan-2025 14:40:06.314,0.926556,9.892841,-0.354342
18-Jan-2025 14:40:06.322,1.18513,9.883265,-0.76375
18-Jan-2025 14:40:06.330,1.326388,9.856929,-1.290475
18-Jan-2025 14:40:06.338,1.383849,9.758766,-1.757344
18-Jan-2025 14:40:06.346,1.493982,9.615114,-2.032677
18-Jan-2025 14:40:06.354,1.623269,9.445126,-2.037466
18-Jan-2025 14:40:06.362,1.628057,9.318233,-1.877054
18-Jan-2025 14:40:06.370,1.403002,9.246407,-1.551443
18-Jan-2025 14:40:06.378,1.175553,9.179369,-1.058237
18-Jan-2025 14:40:06.386,1.00317,9.193734,-0.533907
18-Jan-2025 14:40:06.395,0.861913,9.296685,-0.201113
18-Jan-2025 14:40:06.403,0.749385,9.457097,0.086191
18-Jan-2025 14:40:06.411,0.701501,9.574412,0.318429
18-Jan-2025 14:40:06.419,0.588974,9.775525,0.407014
18-Jan-2025 14:40:06.427,0.459687,10.002975,0.416591
18-Jan-2025 14:40:06.435,0.318429,10.271125,0.497994
18-Jan-2025 14:40:06.443,0.215478,10.474632,0.612916
18-Jan-2025 14:40:06.451,0.179565,10.529699,0.730232
18-Jan-2025 14:40:06.459,0.21069,10.54167,0.830788
18-Jan-2025 14:40:06.467,0.445322,10.556035,0.737414
18-Jan-2025 14:40:06.475,0.651223,10.524911,0.531513
18-Jan-2025 14:40:06.483,0.790087,10.522516,0.248997
18-Jan-2025 14:40:06.491,0.840365,10.58716,-0.038307
18-Jan-2025 14:40:06.499,0.905008,10.596737,-0.280122
18-Jan-2025 14:40:06.507,1.089362,10.455479,-0.308852
18-Jan-2025 14:40:06.516,1.393425,10.283096,-0.162806
18-Jan-2025 14:40:06.524,1.774103,10.067618,0.177171
18-Jan-2025 14:40:06.532,2.070984,9.904813,0.502782
18-Jan-2025 14:40:06.540,2.128445,9.892841,0.565032
18-Jan-2025 14:40:06.548,1.893813,10.024523,0.368707
18-Jan-2025 14:40:06.556,1.505953,10.19451,-0.014365
18-Jan-2025 14:40:06.564,1.240196,10.362105,-0.363919
18-Jan-2025 14:40:06.572,1.096544,10.536881,-0.634463
18-Jan-2025 14:40:06.580,0.960075,10.709264,-0.890643
18-Jan-2025 14:40:06.588,0.725443,10.958261,-1.132457
18-Jan-2025 14:40:06.596,0.608127,11.176133,-0.984017
18-Jan-2025 14:40:06.604,0.847547,11.401189,-0.40462
18-Jan-2025 14:40:06.612,1.572991,11.384429,0.395043
18-Jan-2025 14:40:06.620,2.509123,11.20247,1.091756
18-Jan-2025 14:40:06.629,3.335123,10.953473,1.616086
18-Jan-2025 14:40:06.637,4.067749,10.493786,1.867477
18-Jan-2025 14:40:06.645,4.601655,9.947908,1.750161
18-Jan-2025 14:40:06.653,5.068525,9.291897,1.285686
18-Jan-2025 14:40:06.661,5.331887,8.513782,0.658405
18-Jan-2025 14:40:06.669,5.231331,7.8865,0.248997
18-Jan-2025 14:40:06.677,4.707001,7.369353,-0.129287
18-Jan-2025 14:40:06.685,4.094085,6.976704,-0.356736
18-Jan-2025 14:40:06.693,3.469198,6.761226,-0.4956
18-Jan-2025 14:40:06.701,2.6839,6.744466,-0.555455
18-Jan-2025 14:40:06.709,1.944092,7.00304,-0.703895
18-Jan-2025 14:40:06.717,1.278504,7.40766,-0.905008
18-Jan-2025 14:40:06.725,0.782904,7.73806,-0.962469
18-Jan-2025 14:40:06.733,0.926556,8.295909,-0.620098
18-Jan-2025 14:40:06.741,1.189918,9.006987,-0.21069
18-Jan-2025 14:40:06.750,1.323994,9.758766,-0.047884
18-Jan-2025 14:40:06.758,1.367089,10.503363,-0.184354
18-Jan-2025 14:40:06.766,1.474828,11.20247,-0.407014
18-Jan-2025 14:40:06.774,1.819593,11.73877,-0.339977
18-Jan-2025 14:40:06.782,1.958457,12.313379,0.007183
18-Jan-2025 14:40:06.790,1.398214,12.770672,0.129287
18-Jan-2025 14:40:06.798,1.247379,12.856863,0.04549
18-Jan-2025 14:40:06.806,1.549049,12.722788,0.004788
18-Jan-2025 14:40:06.814,1.484405,12.35887,0.155623
18-Jan-2025 14:40:06.822,1.21386,11.856087,0.378284
18-Jan-2025 14:40:06.830,1.067814,11.219229,0.694318
18-Jan-2025 14:40:06.838,0.988805,10.477027,0.931344
18-Jan-2025 14:40:06.846,0.816423,9.794679,0.940921
18-Jan-2025 14:40:06.854,0.521936,9.227253,0.629675
18-Jan-2025 14:40:06.862,0.457293,8.784326,0.129287
18-Jan-2025 14:40:06.871,0.31364,8.37013,-0.588974
18-Jan-2025 14:40:06.879,0.083797,8.063671,-1.278504
18-Jan-2025 14:40:06.887,-0.177171,7.955932,-1.793257
18-Jan-2025 14:40:06.895,-0.517148,7.989451,-2.149993
18-Jan-2025 14:40:06.903,-0.814029,8.066066,-2.355895
18-Jan-2025 14:40:06.911,-0.90022,8.116343,-2.343924
18-Jan-2025 14:40:06.919,-0.794875,8.159439,-2.123657
18-Jan-2025 14:40:06.927,-0.76375,8.295909,-1.690306
18-Jan-2025 14:40:06.935,-0.725443,8.456321,-1.134852
18-Jan-2025 14:40:06.943,-0.778116,8.552089,-0.672771
18-Jan-2025 14:40:06.951,-0.924162,8.671799,-0.320823
18-Jan-2025 14:40:06.959,-1.09415,8.746018,-0.055067
18-Jan-2025 14:40:06.967,-1.228225,8.810662,0.160412
18-Jan-2025 14:40:06.975,-1.328782,8.939949,0.320823
18-Jan-2025 14:40:06.983,-1.527501,9.167398,0.390255
18-Jan-2025 14:40:06.991,-1.520318,9.32781,0.296881
18-Jan-2025 14:40:06.999,-1.096544,9.437943,0.146046
18-Jan-2025 14:40:07.008,-0.555455,9.600749,-0.107739
18-Jan-2025 14:40:07.016,-0.043096,9.746795,-0.61531
18-Jan-2025 14:40:07.024,0.519542,9.854534,-1.156399
18-Jan-2025 14:40:07.032,0.943315,9.92636,-1.640028
18-Jan-2025 14:40:07.040,1.35033,9.993398,-2.118869
18-Jan-2025 14:40:07.048,1.565808,10.04607,-2.336741
18-Jan-2025 14:40:07.056,1.601721,10.146626,-2.375048
18-Jan-2025 14:40:07.064,1.486799,10.263943,-2.209848
18-Jan-2025 14:40:07.072,1.359907,10.323798,-1.917756
18-Jan-2025 14:40:07.080,1.307234,10.455479,-1.400608
18-Jan-2025 14:40:07.088,1.192312,10.635044,-0.955287
18-Jan-2025 14:40:07.096,1.13964,10.752359,-0.529119
18-Jan-2025 14:40:07.104,1.051055,10.867282,-0.189142
18-Jan-2025 14:40:07.112,0.955287,10.951078,-0.021548
18-Jan-2025 14:40:07.120,0.938527,11.046846,-0.009577
18-Jan-2025 14:40:07.128,0.981623,11.142614,-0.031125
18-Jan-2025 14:40:07.137,1.029507,11.293449,-0.198719
18-Jan-2025 14:40:07.145,1.122881,11.496957,-0.426168
18-Jan-2025 14:40:07.153,1.254562,11.700463,-0.509965
18-Jan-2025 14:40:07.161,1.331176,11.908759,-0.505177
18-Jan-2025 14:40:07.169,0.921768,12.133814,-0.61531
18-Jan-2025 14:40:07.177,0.366313,12.457031,-0.816423
18-Jan-2025 14:40:07.185,-0.107739,12.739547,-0.919373
18-Jan-2025 14:40:07.193,-0.363919,12.928689,-0.739808
18-Jan-2025 14:40:07.201,-0.493206,13.026852,-0.225055
18-Jan-2025 14:40:07.209,-0.553061,13.093889,0.579397
18-Jan-2025 14:40:07.217,-0.536301,13.053187,1.565808
18-Jan-2025 14:40:07.225,-0.373495,12.950237,2.566584
18-Jan-2025 14:40:07.233,-0.107739,12.710816,3.335123
18-Jan-2025 14:40:07.241,0.079009,12.437878,3.849876
18-Jan-2025 14:40:07.249,0.25618,12.059594,4.041412
18-Jan-2025 14:40:07.258,0.629675,11.547235,4.163517
18-Jan-2025 14:40:07.266,0.840365,10.821792,3.857059
18-Jan-2025 14:40:07.274,1.086968,10.029311,4.010288
18-Jan-2025 14:40:07.282,1.405396,9.409213,3.876213
18-Jan-2025 14:40:07.290,1.73819,8.628703,3.641581
18-Jan-2025 14:40:07.298,1.726219,8.013393,3.215413
18-Jan-2025 14:40:07.306,1.233014,7.64708,2.645593
18-Jan-2025 14:40:07.314,0.483629,7.539341,1.884237
18-Jan-2025 14:40:07.322,-0.433351,7.486669,0.988805
18-Jan-2025 14:40:07.330,-1.436521,7.496245,0.28491
18-Jan-2025 14:40:07.338,-2.403779,7.699753,-0.277727
18-Jan-2025 14:40:07.346,-3.234566,7.996634,-0.466869
18-Jan-2025 14:40:07.354,-3.708618,8.190564,-1.01993
18-Jan-2025 14:40:07.362,-3.938462,8.334216,-0.816423
18-Jan-2025 14:40:07.370,-3.938462,8.607155,-0.083797
18-Jan-2025 14:40:07.379,-3.744531,9.028535,0.873884
18-Jan-2025 14:40:07.387,-3.191471,9.382876,1.675941
18-Jan-2025 14:40:07.395,-2.494758,9.598354,2.315193
18-Jan-2025 14:40:07.403,-1.857901,9.785102,2.82037
18-Jan-2025 14:40:07.410,-1.448492,9.981427,3.05979
18-Jan-2025 14:40:07.419,-1.173159,10.19451,3.002329
18-Jan-2025 14:40:07.427,-0.833182,10.287885,2.671929
18-Jan-2025 14:40:07.435,-0.512359,10.333375,2.190695
18-Jan-2025 14:40:07.443,-0.28491,10.309433,1.623269
18-Jan-2025 14:40:07.451,-0.02873,10.261548,1.007959
18-Jan-2025 14:40:07.459,0.191536,10.122684,0.517148
18-Jan-2025 14:40:07.467,0.457293,9.988609,0.146046
18-Jan-2025 14:40:07.475,0.737414,9.751583,-0.162806
18-Jan-2025 14:40:07.483,0.593762,9.466674,-0.428562
18-Jan-2025 14:40:07.491,0.328006,9.176975,-0.521936
18-Jan-2025 14:40:07.500,-0.043096,8.947132,-0.545878
18-Jan-2025 14:40:07.508,-0.469264,8.76996,-0.512359
18-Jan-2025 14:40:07.516,-0.703895,8.583213,-0.411803
18-Jan-2025 14:40:07.524,-0.751779,8.444349,-0.275333
18-Jan-2025 14:40:07.532,-0.713472,8.291121,-0.134075
18-Jan-2025 14:40:07.540,-0.742203,8.197746,-0.009577
18-Jan-2025 14:40:07.548,-0.907402,8.169016,0.086191
18-Jan-2025 14:40:07.556,-1.034295,8.149862,0.117316
18-Jan-2025 14:40:07.564,-0.919373,8.248025,0.181959
18-Jan-2025 14:40:07.572,-0.699107,8.322245,0.1652
18-Jan-2025 14:40:07.580,-0.507571,8.401254,-0.04549
18-Jan-2025 14:40:07.588,-0.459687,8.576031,-0.40462
18-Jan-2025 14:40:07.596,-0.414197,8.789114,-0.718261
18-Jan-2025 14:40:07.604,-0.45011,8.995016,-0.948104
18-Jan-2025 14:40:07.612,-0.418985,9.210494,-0.984017
18-Jan-2025 14:40:07.620,-0.215478,9.368511,-0.861913
18-Jan-2025 14:40:07.628,0.035913,9.524135,-0.667982
18-Jan-2025 14:40:07.636,0.260968,9.629479,-0.565032
18-Jan-2025 14:40:07.645,0.296881,9.730036,-0.622492
18-Jan-2025 14:40:07.653,0.234632,9.835381,-0.718261
18-Jan-2025 14:40:07.661,0.112527,9.895236,-0.718261
18-Jan-2025 14:40:07.669,0.033519,9.931149,-0.679953
18-Jan-2025 14:40:07.677,-0.105345,9.931149,-0.610521
18-Jan-2025 14:40:07.685,-0.186748,9.921572,-0.486023
18-Jan-2025 14:40:07.693,-0.174777,9.979033,-0.296881
18-Jan-2025 14:40:07.701,-0.105345,10.079589,-0.069432
18-Jan-2025 14:40:07.709,-0.014365,10.146626,-0.026336
18-Jan-2025 14:40:07.717,-0.02873,10.204087,-0.102951
18-Jan-2025 14:40:07.725,-0.07422,10.292673,-0.186748
18-Jan-2025 14:40:07.733,-0.095768,10.383653,-0.349553
18-Jan-2025 14:40:07.741,-0.174777,10.512939,-0.555455
18-Jan-2025 14:40:07.749,-0.268151,10.618284,-0.802058
18-Jan-2025 14:40:07.757,-0.272939,10.70687,-0.940921
18-Jan-2025 14:40:07.765,-0.134075,10.836157,-0.979228
18-Jan-2025 14:40:07.773,0.112527,10.99178,-0.845153
18-Jan-2025 14:40:07.782,0.553061,11.180922,-0.730232
18-Jan-2025 14:40:07.790,1.256956,11.415554,-0.502782
18-Jan-2025 14:40:07.798,1.699883,11.616667,-0.560243
18-Jan-2025 14:40:07.806,2.183512,11.68131,-0.316035
18-Jan-2025 14:40:07.814,2.300828,11.777079,-0.1652
18-Jan-2025 14:40:07.822,2.403779,11.930307,0.222661
18-Jan-2025 14:40:07.830,2.542642,11.944673,0.481235
18-Jan-2025 14:40:07.838,2.442086,11.947066,0.593762
18-Jan-2025 14:40:07.846,2.207454,11.978191,0.445322
18-Jan-2025 14:40:07.854,1.951274,11.963826,0.114922
18-Jan-2025 14:40:07.862,1.817199,11.856087,-0.306458
18-Jan-2025 14:40:07.870,1.87466,11.678916,-0.47884
18-Jan-2025 14:40:07.878,2.176329,11.465832,-0.265756
18-Jan-2025 14:40:07.886,2.566584,11.168951,0.09098
18-Jan-2025 14:40:07.894,2.877831,10.805033,0.526724
18-Jan-2025 14:40:07.903,3.124433,10.237606,1.362301
18-Jan-2025 14:40:07.911,3.294421,9.574412,1.575385
18-Jan-2025 14:40:07.919,3.689465,8.736442,2.092532
18-Jan-2025 14:40:07.927,3.689465,8.147469,2.540248
18-Jan-2025 14:40:07.935,3.119645,7.855376,2.810793
18-Jan-2025 14:40:07.943,2.288857,7.771579,2.715025
18-Jan-2025 14:40:07.951,1.297657,7.76679,2.406173
18-Jan-2025 14:40:07.959,0.387861,7.781156,2.066196
18-Jan-2025 14:40:07.967,-0.28491,7.757214,1.63524
18-Jan-2025 14:40:07.975,-0.787692,7.757214,1.276109
18-Jan-2025 14:40:07.983,-1.228225,7.905654,0.916979
18-Jan-2025 14:40:07.991,-1.570596,8.257602,0.581791
18-Jan-2025 14:40:07.999,-1.747767,8.705317,0.318429
18-Jan-2025 14:40:08.007,-1.687912,9.076419,0.122104
18-Jan-2025 14:40:08.015,-1.529895,9.390059,0.086191
18-Jan-2025 14:40:08.024,-1.21386,9.710882,0.09098
18-Jan-2025 14:40:08.032,-0.998382,10.09156,-0.002394
18-Jan-2025 14:40:08.040,-0.790087,10.503363,-0.136469
18-Jan-2025 14:40:08.048,-0.258574,10.740389,-0.268151
18-Jan-2025 14:40:08.056,0.397437,10.886436,-0.385466
18-Jan-2025 14:40:08.064,1.051055,10.979809,-0.45011
18-Jan-2025 14:40:08.072,1.857901,10.931925,-0.550666
18-Jan-2025 14:40:08.080,2.726996,10.824186,-0.639252
18-Jan-2025 14:40:08.088,3.655946,10.647015,-1.177947
18-Jan-2025 14:40:08.096,4.331111,10.424355,-1.465251
18-Jan-2025 14:40:08.104,4.84347,10.235212,-1.946486
18-Jan-2025 14:40:08.112,4.855441,10.026917,-2.396596
18-Jan-2025 14:40:08.120,4.106056,9.694122,-2.585738
18-Jan-2025 14:40:08.128,3.074155,9.445126,-2.552219
18-Jan-2025 14:40:08.136,2.468422,9.165004,-2.39899
18-Jan-2025 14:40:08.144,2.044648,8.808268,-2.056619
18-Jan-2025 14:40:08.153,1.604115,8.62152,-1.678335
18-Jan-2025 14:40:08.161,1.146823,8.499416,-1.35033
18-Jan-2025 14:40:08.169,0.761356,8.374918,-0.991199
18-Jan-2025 14:40:08.177,0.483629,8.288726,-0.672771
18-Jan-2025 14:40:08.185,0.306458,8.288726,-0.383072
18-Jan-2025 14:40:08.193,0.222661,8.291121,-0.217872
18-Jan-2025 14:40:08.201,0.150835,8.236053,-0.217872
18-Jan-2025 14:40:08.209,0.19393,8.2169,-0.399832
18-Jan-2025 14:40:08.217,0.220267,8.226477,-0.632069
18-Jan-2025 14:40:08.225,0.181959,8.317456,-0.943315
18-Jan-2025 14:40:08.233,0.428562,8.48984,-1.237802
18-Jan-2025 14:40:08.241,0.663194,8.7125,-1.510741
18-Jan-2025 14:40:08.249,0.873884,8.889671,-1.625663
18-Jan-2025 14:40:08.257,1.16837,9.074024,-1.666364
18-Jan-2025 14:40:08.265,1.549049,9.16261,-1.51553
18-Jan-2025 14:40:08.274,1.869871,9.227253,-1.448492
18-Jan-2025 14:40:08.282,2.087744,9.287108,-1.489193
18-Jan-2025 14:40:08.290,2.099715,9.392453,-1.565808
18-Jan-2025 14:40:08.298,1.917756,9.483433,-1.642422
18-Jan-2025 14:40:08.306,1.778892,9.560047,-1.774103
18-Jan-2025 14:40:08.314,1.644817,9.526528,-1.841141
18-Jan-2025 14:40:08.322,1.527501,9.531317,-1.788469
18-Jan-2025 14:40:08.330,1.343147,9.65821,-1.668759
18-Jan-2025 14:40:08.338,1.197101,9.701305,-1.563414
18-Jan-2025 14:40:08.346,1.134852,9.701305,-1.534683
18-Jan-2025 14:40:08.354,1.151611,9.878476,-1.520318
18-Jan-2025 14:40:08.362,1.233014,10.168175,-1.517924
18-Jan-2025 14:40:08.370,1.508347,10.441113,-1.577779
18-Jan-2025 14:40:08.378,1.793257,10.635044,-1.668759
18-Jan-2025 14:40:08.386,1.991976,10.862494,-2.0231
18-Jan-2025 14:40:08.394,2.238579,11.068395,-2.346318
18-Jan-2025 14:40:08.402,2.406173,11.204864,-2.602497
18-Jan-2025 14:40:08.411,2.41575,11.353305,-2.504335
18-Jan-2025 14:40:08.419,2.238579,11.657368,-2.128445
18-Jan-2025 14:40:08.427,1.92015,12.014104,-1.558625
18-Jan-2025 14:40:08.435,1.283292,12.246342,-1.151611
18-Jan-2025 14:40:08.442,0.651223,12.332533,-1.039083
18-Jan-2025 14:40:08.451,-0.057461,12.595895,-0.859518
18-Jan-2025 14:40:08.459,-0.746991,12.959814,-0.658405
18-Jan-2025 14:40:08.467,-1.115698,13.144167,-0.368707
18-Jan-2025 14:40:08.475,-1.072602,13.024457,0.016759
18-Jan-2025 14:40:08.483,-0.416591,12.622231,0.258574
18-Jan-2025 14:40:08.491,0.447716,12.145785,1.01993
18-Jan-2025 14:40:08.499,1.73819,11.518504,1.118092
18-Jan-2025 14:40:08.507,3.033453,10.817003,1.156399
18-Jan-2025 14:40:08.515,3.998317,10.089166,0.682347
18-Jan-2025 14:40:08.523,4.295198,9.579201,0.059855
18-Jan-2025 14:40:08.531,3.945644,9.346964,-0.73502
18-Jan-2025 14:40:08.539,3.62961,8.987833,-1.474828
18-Jan-2025 14:40:08.548,2.794033,8.875306,-2.018312
18-Jan-2025 14:40:08.556,1.877054,8.844181,-2.116474
18-Jan-2025 14:40:08.564,1.21386,8.789114,-1.814805
18-Jan-2025 14:40:08.572,0.749385,8.698134,-1.278504
18-Jan-2025 14:40:08.580,-0.220267,8.714894,-0.581791
18-Jan-2025 14:40:08.588,-1.261744,8.860941,0.014365
18-Jan-2025 14:40:08.596,-2.298434,9.045294,0.646434
18-Jan-2025 14:40:08.604,-3.040636,9.124303,1.288081
18-Jan-2025 14:40:08.612,-3.483563,9.212888,1.628057
18-Jan-2025 14:40:08.620,-3.763685,9.200917,2.015918
18-Jan-2025 14:40:08.628,-3.885789,9.141062,2.281674
18-Jan-2025 14:40:08.636,-4.072537,9.150639,2.276886
18-Jan-2025 14:40:08.644,-4.13718,9.255983,2.185906
18-Jan-2025 14:40:08.652,-3.866636,9.356541,1.999158
18-Jan-2025 14:40:08.660,-3.442862,9.385271,1.666364
18-Jan-2025 14:40:08.669,-2.935291,9.610326,1.340753
18-Jan-2025 14:40:08.677,-2.351106,9.832987,1.101333
18-Jan-2025 14:40:08.685,-1.862689,9.962274,1.029507
18-Jan-2025 14:40:08.693,-1.362301,10.072407,0.936133
18-Jan-2025 14:40:08.701,-0.715866,10.117896,0.859518
18-Jan-2025 14:40:08.709,0.023942,10.16578,0.711078
18-Jan-2025 14:40:08.717,0.684742,10.199299,0.42138
18-Jan-2025 14:40:08.725,1.386243,10.208876,-0.011971
18-Jan-2025 14:40:08.733,1.762132,10.199299,-0.47884
18-Jan-2025 14:40:08.741,2.140416,10.180145,-0.78051
18-Jan-2025 14:40:08.749,2.482787,10.043676,-1.132457
18-Jan-2025 14:40:08.757,2.813187,9.859323,-1.149217
18-Jan-2025 14:40:08.765,2.908955,9.665392,-1.163582
18-Jan-2025 14:40:08.773,2.190695,9.495404,-1.197101
18-Jan-2025 14:40:08.781,1.501164,9.308656,-0.988805
18-Jan-2025 14:40:08.790,1.173159,8.995016,-0.641646
18-Jan-2025 14:40:08.798,0.840365,8.657434,-0.339977
18-Jan-2025 14:40:08.806,0.395043,8.528147,-0.057461
18-Jan-2025 14:40:08.814,-0.050278,8.528147,0.225055
18-Jan-2025 14:40:08.822,-0.351948,8.585608,0.466869
18-Jan-2025 14:40:08.830,-0.457293,8.652645,0.658405
18-Jan-2025 14:40:08.838,-0.407014,8.731653,0.64404
18-Jan-2025 14:40:08.846,-0.258574,8.901642,0.497994
18-Jan-2025 14:40:08.854,-0.19393,9.112331,0.217872
18-Jan-2025 14:40:08.862,-0.105345,9.294291,0.026336
18-Jan-2025 14:40:08.870,-0.093374,9.483433,-0.050278
18-Jan-2025 14:40:08.878,-0.184354,9.758766,0.004788
18-Jan-2025 14:40:08.886,-0.28491,9.931149,-0.004788
18-Jan-2025 14:40:08.894,-0.361524,10.055647,0.050278
18-Jan-2025 14:40:08.902,-0.519542,10.187328,0.095768
18-Jan-2025 14:40:08.911,-0.526724,10.328587,0.184354
18-Jan-2025 14:40:08.919,-0.490811,10.424355,0.241814
18-Jan-2025 14:40:08.927,-0.337582,10.500969,0.220267
18-Jan-2025 14:40:08.935,-0.162806,10.508151,0.102951
18-Jan-2025 14:40:08.943,0.153229,10.579977,-0.093374
18-Jan-2025 14:40:08.951,0.373495,10.656591,-0.287304
18-Jan-2025 14:40:08.959,0.399832,10.747571,-0.507571
18-Jan-2025 14:40:08.967,0.47884,10.752359,-0.531513
18-Jan-2025 14:40:08.975,0.52433,10.675745,-0.409408
18-Jan-2025 14:40:08.983,0.591368,10.532093,-0.316035
18-Jan-2025 14:40:08.991,0.577003,10.390836,-0.308852
18-Jan-2025 14:40:08.999,0.507571,10.261548,-0.383072
18-Jan-2025 14:40:09.007,0.493206,10.122684,-0.416591
18-Jan-2025 14:40:09.015,0.517148,9.950302,-0.363919
18-Jan-2025 14:40:09.023,0.536301,9.734824,-0.368707
18-Jan-2025 14:40:09.032,0.517148,9.648633,-0.399832
18-Jan-2025 14:40:09.040,0.548272,9.586384,-0.497994
18-Jan-2025 14:40:09.048,0.737414,9.404425,-0.519542
18-Jan-2025 14:40:09.056,0.818817,9.339781,-0.423774
18-Jan-2025 14:40:09.064,0.596156,9.351752,-0.538695
18-Jan-2025 14:40:09.072,0.667982,9.244013,-0.526724
18-Jan-2025 14:40:09.080,0.787692,9.181764,-0.471658
18-Jan-2025 14:40:09.088,0.912191,9.19134,-0.416591
18-Jan-2025 14:40:09.096,0.967257,9.287108,-0.373495
18-Jan-2025 14:40:09.104,0.967257,9.3733,-0.306458
18-Jan-2025 14:40:09.112,1.414973,9.414001,-0.505177
18-Jan-2025 14:40:09.120,1.460463,9.459491,-0.711078
18-Jan-2025 14:40:09.128,1.386243,9.552865,-0.869095
18-Jan-2025 14:40:09.136,1.151611,9.662998,-0.943315
18-Jan-2025 14:40:09.144,0.940921,9.89763,-1.055843
18-Jan-2025 14:40:09.152,0.68953,9.993398,-1.022324
18-Jan-2025 14:40:09.161,0.859518,10.122684,-0.59855
18-Jan-2025 14:40:09.169,1.074997,9.998186,-0.459687
18-Jan-2025 14:40:09.177,1.012747,9.995792,-0.897826
18-Jan-2025 14:40:09.185,0.969652,9.883265,-1.328782
18-Jan-2025 14:40:09.193,1.058237,9.866506,-1.335965
18-Jan-2025 14:40:09.201,0.924162,9.935937,-1.355118
18-Jan-2025 14:40:09.209,0.363919,10.036493,-1.786075
18-Jan-2025 14:40:09.217,-0.088585,9.940725,-2.140416
18-Jan-2025 14:40:09.225,-0.624887,10.058042,-2.39899
18-Jan-2025 14:40:09.233,-0.864307,10.192117,-2.624045
18-Jan-2025 14:40:09.241,-0.773327,10.151415,-2.719813
18-Jan-2025 14:40:09.249,-0.679953,9.947908,-2.77488
18-Jan-2025 14:40:09.257,-0.409408,9.526528,-2.899378
18-Jan-2025 14:40:09.265,-0.234632,9.169792,-2.796427
18-Jan-2025 14:40:09.274,0.081403,8.796297,-2.427721
18-Jan-2025 14:40:09.282,0.493206,8.429984,-1.795651
18-Jan-2025 14:40:09.290,1.23062,8.075643,-0.948104
18-Jan-2025 14:40:09.298,1.910573,7.546524,0.23942
18-Jan-2025 14:40:09.306,2.487576,7.026982,0.888249
18-Jan-2025 14:40:09.314,2.6839,6.593631,1.678335
18-Jan-2025 14:40:09.322,2.798822,6.095637,2.736573
18-Jan-2025 14:40:09.329,2.901772,5.707777,3.44765
18-Jan-2025 14:40:09.338,2.794033,5.408502,5.518635
18-Jan-2025 14:40:09.346,2.647987,5.279215,7.24246
18-Jan-2025 14:40:09.354,2.387019,5.26485,8.78672
18-Jan-2025 14:40:09.362,2.327164,5.204995,10.070012
18-Jan-2025 14:40:09.370,2.240973,5.585672,10.848128
18-Jan-2025 14:40:09.378,1.747767,6.445191,11.295844
18-Jan-2025 14:40:09.386,1.113304,7.180211,11.523293
18-Jan-2025 14:40:09.395,0.608127,7.742848,11.271901
18-Jan-2025 14:40:09.403,0.512359,8.034941,10.524911
18-Jan-2025 14:40:09.411,0.577003,8.171411,9.495404
18-Jan-2025 14:40:09.419,0.624887,8.101978,8.355764
18-Jan-2025 14:40:09.427,0.533907,8.173804,7.369353
18-Jan-2025 14:40:09.435,0.37589,8.415619,6.564901
18-Jan-2025 14:40:09.443,0.241814,8.602366,5.872977
18-Jan-2025 14:40:09.451,0.167594,8.631097,5.307945
18-Jan-2025 14:40:09.459,0.181959,8.607155,4.93445
18-Jan-2025 14:40:09.467,0.407014,8.566454,4.771644
18-Jan-2025 14:40:09.475,0.694318,8.465898,4.781221
18-Jan-2025 14:40:09.483,1.278504,8.324639,5.209783
18-Jan-2025 14:40:09.491,2.054225,8.030152,5.995081
18-Jan-2025 14:40:09.499,2.645593,7.678205,6.775591
18-Jan-2025 14:40:09.508,2.853889,7.443573,7.299921
18-Jan-2025 14:40:09.516,2.906561,7.254431,7.484274
18-Jan-2025 14:40:09.524,2.983175,7.158663,7.48188
18-Jan-2025 14:40:09.532,3.040636,7.240066,7.752425
18-Jan-2025 14:40:09.540,2.904167,7.295133,8.111555
18-Jan-2025 14:40:09.548,2.578555,7.405266,8.626308
18-Jan-2025 14:40:09.556,2.463634,7.441179,8.779537
18-Jan-2025 14:40:09.564,2.327164,7.307104,8.74123
18-Jan-2025 14:40:09.572,2.097321,7.060501,8.542512
18-Jan-2025 14:40:09.580,1.477222,7.005434,8.39886
18-Jan-2025 14:40:09.588,1.015141,6.976704,8.671799
18-Jan-2025 14:40:09.596,0.641646,6.880936,9.083601
18-Jan-2025 14:40:09.604,0.294487,6.835446,9.244013
18-Jan-2025 14:40:09.613,-0.143652,6.852205,9.057265
18-Jan-2025 14:40:09.621,-0.399832,6.821081,8.78672
18-Jan-2025 14:40:09.629,-0.380678,6.878541,8.690952
18-Jan-2025 14:40:09.637,-0.347159,6.88333,8.516175
18-Jan-2025 14:40:09.645,-0.277727,6.955156,8.219295
18-Jan-2025 14:40:09.653,-0.023942,6.991069,7.771579
18-Jan-2025 14:40:09.661,0.222661,7.026982,7.620744
18-Jan-2025 14:40:09.669,0.390255,7.10599,7.785944
18-Jan-2025 14:40:09.677,0.471658,7.113173,7.999028
18-Jan-2025 14:40:09.685,0.521936,7.103596,8.106767
18-Jan-2025 14:40:09.693,0.483629,7.053318,8.137892
18-Jan-2025 14:40:09.701,0.366313,7.043741,8.003817
18-Jan-2025 14:40:09.709,0.306458,7.062895,7.800309
18-Jan-2025 14:40:09.717,0.301669,7.072472,7.441179
18-Jan-2025 14:40:09.725,0.371101,7.187394,6.993463
18-Jan-2025 14:40:09.734,0.385466,7.354988,6.555324
18-Jan-2025 14:40:09.742,0.490811,7.524976,6.155493
18-Jan-2025 14:40:09.750,0.70629,7.66384,5.920861
18-Jan-2025 14:40:09.757,0.952892,7.788338,5.822699
18-Jan-2025 14:40:09.766,1.122881,7.862558,5.784391
18-Jan-2025 14:40:09.774,1.180341,7.790732,5.784391
18-Jan-2025 14:40:09.782,1.063026,7.66384,5.805939
18-Jan-2025 14:40:09.790,0.931344,7.510611,5.853823
18-Jan-2025 14:40:09.798,0.790087,7.314286,5.987898
18-Jan-2025 14:40:09.806,0.622492,7.132327,6.327875
18-Jan-2025 14:40:09.814,0.445322,6.897695,6.737284
18-Jan-2025 14:40:09.822,0.292093,6.682217,7.113173
18-Jan-2025 14:40:09.830,0.186748,6.47871,7.395689
18-Jan-2025 14:40:09.838,-0.069432,6.361394,7.776367
18-Jan-2025 14:40:09.846,-0.416591,6.397307,8.06846
18-Jan-2025 14:40:09.855,-0.730232,6.464345,8.147469
18-Jan-2025 14:40:09.863,-0.852336,6.445191,8.042124
18-Jan-2025 14:40:09.871,-0.857124,6.43322,7.893683
18-Jan-2025 14:40:09.879,-0.80924,6.524199,7.728483
18-Jan-2025 14:40:09.887,-0.665588,6.651093,7.462727
18-Jan-2025 14:40:09.895,-0.466869,6.703765,7.216124
18-Jan-2025 14:40:09.903,-0.203507,6.744466,7.180211
18-Jan-2025 14:40:09.911,0.002394,6.794744,7.117962
18-Jan-2025 14:40:09.919,0.117316,6.825869,7.070077
18-Jan-2025 14:40:09.927,0.059855,6.924031,6.969521
18-Jan-2025 14:40:09.935,0.095768,6.98628,6.732495
18-Jan-2025 14:40:09.943,0.268151,6.976704,6.679823
18-Jan-2025 14:40:09.951,0.318429,7.034164,6.821081
18-Jan-2025 14:40:09.959,0.342371,7.065289,7.096414
18-Jan-2025 14:40:09.967,0.505177,7.046135,7.467515
18-Jan-2025 14:40:09.975,0.720655,6.967127,7.764396
18-Jan-2025 14:40:09.984,0.775721,6.964733,7.831434
18-Jan-2025 14:40:09.992,0.696713,6.969521,7.671022
18-Jan-2025 14:40:10.000,0.627281,6.959944,7.529764
18-Jan-2025 14:40:10.008,0.6608,6.998251,7.412448
18-Jan-2025 14:40:10.016,0.766145,7.132327,7.465121
18-Jan-2025 14:40:10.024,0.849942,7.25922,7.304709
18-Jan-2025 14:40:10.032,0.919373,7.37893,7.019799
18-Jan-2025 14:40:10.040,0.931344,7.445967,6.732495
18-Jan-2025 14:40:10.048,0.737414,7.472303,6.521805
18-Jan-2025 14:40:10.056,0.361524,7.477092,6.533776
18-Jan-2025 14:40:10.064,-0.038307,7.496245,6.756437
18-Jan-2025 14:40:10.072,-0.323217,7.386112,6.998251
18-Jan-2025 14:40:10.080,-0.584185,7.230489,7.192182
18-Jan-2025 14:40:10.088,-0.799663,7.115568,7.381324
18-Jan-2025 14:40:10.096,-0.895431,6.98628,7.601591
18-Jan-2025 14:40:10.105,-0.895431,6.914454,7.826645
18-Jan-2025 14:40:10.113,-0.847547,6.849811,7.953538
18-Jan-2025 14:40:10.121,-0.711078,6.785168,7.936779
18-Jan-2025 14:40:10.129,-0.612916,6.715736,7.898471
18-Jan-2025 14:40:10.137,-0.466869,6.677429,7.735666
18-Jan-2025 14:40:10.145,-0.289698,6.679823,7.627927
18-Jan-2025 14:40:10.153,-0.11971,6.737284,7.417237
18-Jan-2025 14:40:10.161,-0.100556,6.79235,7.058106
18-Jan-2025 14:40:10.169,-0.181959,6.799533,6.773197
18-Jan-2025 14:40:10.177,-0.213084,6.756437,6.517017
18-Jan-2025 14:40:10.185,-0.222661,6.813898,6.38773
18-Jan-2025 14:40:10.193,-0.081403,6.904878,6.217742
18-Jan-2025 14:40:10.201,0.184354,7.010222,6.227319
18-Jan-2025 14:40:10.210,0.347159,7.101202,6.47871
18-Jan-2025 14:40:10.218,0.457293,7.161057,6.698977
18-Jan-2025 14:40:10.226,0.469264,7.192182,6.849811
18-Jan-2025 14:40:10.234,0.452504,7.189788,6.787562
18-Jan-2025 14:40:10.242,0.428562,7.173028,6.627151
18-Jan-2025 14:40:10.250,0.378284,7.199365,6.533776
18-Jan-2025 14:40:10.258,0.301669,7.321469,6.509834
18-Jan-2025 14:40:10.266,0.177171,7.376535,6.493075
18-Jan-2025 14:40:10.274,0.124498,7.350199,6.732495
18-Jan-2025 14:40:10.282,0.11971,7.304709,7.321469
18-Jan-2025 14:40:10.290,0.25618,7.208941,7.153875
18-Jan-2025 14:40:10.298,0.37589,7.194576,6.766014
18-Jan-2025 14:40:10.306,0.531513,7.24246,6.325481
18-Jan-2025 14:40:10.314,0.656011,7.405266,6.030994
18-Jan-2025 14:40:10.323,0.876278,7.589619,5.877765
18-Jan-2025 14:40:10.331,1.077391,7.637504,5.662287
18-Jan-2025 14:40:10.339,1.194707,7.592013,5.509058
18-Jan-2025 14:40:10.347,1.237802,7.520187,5.619191
18-Jan-2025 14:40:10.355,1.197101,7.493851,6.224925
18-Jan-2025 14:40:10.363,1.268927,7.366959,7.041347
18-Jan-2025 14:40:10.371,0.737414,7.129933,7.49864
18-Jan-2025 14:40:10.379,0.153229,6.856994,7.678205
18-Jan-2025 14:40:10.387,-0.184354,6.720524,7.800309
