Timestamp,X,Y,Z
26-Jan-2025 14:20:42.993,0.105069,-0.307265,-0.112399
26-Jan-2025 14:20:43.009,0.323148,-0.428217,-0.101404
26-Jan-2025 14:20:43.025,0.3598,-0.397673,-0.075136
26-Jan-2025 14:20:43.041,0.274889,-0.237627,-0.067195
26-Jan-2025 14:20:43.057,0.238237,-0.007941,-0.155771
26-Jan-2025 14:20:43.073,0.26145,0.330478,-0.266337
26-Jan-2025 14:20:43.089,0.231518,0.521068,-0.186314
26-Jan-2025 14:20:43.105,0.164323,0.285885,-0.045204
26-Jan-2025 14:20:43.122,0.135612,-0.031765,-0.006109
26-Jan-2025 14:20:43.138,0.147219,-0.047037,-0.07025
26-Jan-2025 14:20:43.154,0.097738,-0.014661,-0.153327
26-Jan-2025 14:20:43.170,0.051313,-0.075136,-0.122784
26-Jan-2025 14:20:43.186,0.130725,-0.136834,-0.015882
26-Jan-2025 14:20:43.202,0.280387,-0.131947,0.038485
26-Jan-2025 14:20:43.218,0.411723,-0.072082,0.076358
26-Jan-2025 14:20:43.234,0.324369,-0.155771,0.009163
26-Jan-2025 14:20:43.250,0.193644,-0.236405,-0.117897
26-Jan-2025 14:20:43.266,0.161879,-0.222966,-0.130725
26-Jan-2025 14:20:43.282,0.186314,-0.174097,0.072693
26-Jan-2025 14:20:43.299,0.163101,0.053756,0.054978
26-Jan-2025 14:20:43.315,0.16921,0.318261,-0.101404
26-Jan-2025 14:20:43.331,0.294437,0.23274,-0.208916
26-Jan-2025 14:20:43.347,0.422719,-0.312152,0.213192
26-Jan-2025 14:20:43.363,0.464258,-0.492968,0.412334
26-Jan-2025 14:20:43.379,0.671952,-0.213192,0.114843
26-Jan-2025 14:20:43.395,0.682336,-0.14111,-0.516792
26-Jan-2025 14:20:43.411,0.426384,-0.09896,-0.740369
26-Jan-2025 14:20:43.427,0.109956,-0.130114,-0.758695
26-Jan-2025 14:20:43.443,-0.248011,-0.826501,-0.678671
26-Jan-2025 14:20:43.459,-0.164323,-0.893696,-0.756251
26-Jan-2025 14:20:43.475,-0.346361,-0.489303,-1.046412
26-Jan-2025 14:20:43.491,-0.485638,0.430049,-0.915687
26-Jan-2025 14:20:43.507,-0.574213,0.723875,-0.472199
26-Jan-2025 14:20:43.524,-0.583987,0.497855,-0.371406
26-Jan-2025 14:20:43.540,-0.364076,-0.125227,-0.251676
26-Jan-2025 14:20:43.556,-0.167988,-0.781907,-0.081245
26-Jan-2025 14:20:43.572,0.219911,-1.44042,0.3317
26-Jan-2025 14:20:43.588,0.510072,-1.431257,0.534507
26-Jan-2025 14:20:43.604,0.688445,-1.095281,0.548557
26-Jan-2025 14:20:43.620,0.759916,-0.690278,0.401949
26-Jan-2025 14:20:43.636,0.613309,-0.637132,0.271224
26-Jan-2025 14:20:43.652,0.436158,-0.551611,0.337198
26-Jan-2025 14:20:43.668,0.406225,-0.664621,0.45204
26-Jan-2025 14:20:43.684,0.514959,-1.045801,0.594372
26-Jan-2025 14:20:43.700,0.613309,-1.334741,0.648128
26-Jan-2025 14:20:43.716,0.600481,-1.034806,0.543059
26-Jan-2025 14:20:43.733,0.530231,-0.493579,0.419054
26-Jan-2025 14:20:43.749,0.503353,0.171042,0.408058
26-Jan-2025 14:20:43.765,0.442877,0.439212,0.513127
26-Jan-2025 14:20:43.781,0.24679,0.191201,0.711658
26-Jan-2025 14:20:43.797,0.014661,-0.189368,0.845438
26-Jan-2025 14:20:43.813,-0.206472,-0.47281,0.857044
26-Jan-2025 14:20:43.829,-0.362854,-0.676839,0.646906
26-Jan-2025 14:20:43.845,-0.369573,-0.665232,0.450819
26-Jan-2025 14:20:43.861,-0.343917,-0.218079,0.257174
26-Jan-2025 14:20:43.877,-0.368352,0.242514,0.252287
26-Jan-2025 14:20:43.893,-0.28222,0.483194,0.282831
26-Jan-2025 14:20:43.909,-0.135612,0.379347,0.263283
26-Jan-2025 14:20:43.925,0.044593,0.184481,0.276722
26-Jan-2025 14:20:43.941,0.163712,0.14844,0.31032
26-Jan-2025 14:20:43.957,0.271224,0.237016,0.291994
26-Jan-2025 14:20:43.973,0.265116,0.334754,0.208305
26-Jan-2025 14:20:43.990,0.198531,0.344528,0.131336
26-Jan-2025 14:20:44.006,0.025045,0.395841,0.142942
26-Jan-2025 14:20:44.022,-0.101404,0.516181,0.26145
26-Jan-2025 14:20:44.038,-0.138666,0.521068,0.38118
26-Jan-2025 14:20:44.054,-0.111788,0.343306,0.370184
26-Jan-2025 14:20:44.070,-0.083689,0.017715,0.223577
26-Jan-2025 14:20:44.086,-0.089797,-0.04215,0.155771
26-Jan-2025 14:20:44.102,-0.097738,0.166766,0.238237
26-Jan-2025 14:20:44.118,-0.084299,0.381791,0.295659
26-Jan-2025 14:20:44.134,-0.052534,0.546114,0.279165
26-Jan-2025 14:20:44.150,0.0562,0.556498,0.207083
26-Jan-2025 14:20:44.166,0.080634,0.417832,0.185703
26-Jan-2025 14:20:44.182,0.032987,0.115454,0.17654
26-Jan-2025 14:20:44.199,-0.073304,0.124617,0.191812
26-Jan-2025 14:20:44.215,-0.192423,0.323148,0.210138
26-Jan-2025 14:20:44.231,-0.220522,0.313985,0.171653
26-Jan-2025 14:20:44.247,-0.140499,0.024435,0.131336
26-Jan-2025 14:20:44.263,-0.07025,0.001833,0.093462
26-Jan-2025 14:20:44.279,-0.038485,0.153327,0.213803
26-Jan-2025 14:20:44.295,-0.039095,0.21197,0.320093
26-Jan-2025 14:20:44.311,-0.013439,0.187536,0.403782
26-Jan-2025 14:20:44.327,0.040317,0.248622,0.340863
26-Jan-2025 14:20:44.343,0.147829,0.24007,0.230296
26-Jan-2025 14:20:44.359,0.274278,0.089186,0.094073
26-Jan-2025 14:20:44.375,0.328645,0.068417,0.021991
26-Jan-2025 14:20:44.391,0.338419,0.188757,-0.072693
26-Jan-2025 14:20:44.408,0.324369,0.242514,-0.045815
26-Jan-2025 14:20:44.424,0.188757,0.46609,0.14844
26-Jan-2025 14:20:44.440,0.008552,0.580933,0.248011
26-Jan-2025 14:20:44.456,-0.244346,0.50824,0.144775
26-Jan-2025 14:20:44.472,-0.344528,0.304822,-0.008552
26-Jan-2025 14:20:44.488,-0.386067,0.163712,-0.08491
26-Jan-2025 14:20:44.504,-0.38851,0.158825,-0.106901
26-Jan-2025 14:20:44.520,-0.329256,0.205862,-0.216857
26-Jan-2025 14:20:44.536,-0.125838,0.353691,-0.224798
26-Jan-2025 14:20:44.552,0.083689,0.474642,-0.104458
26-Jan-2025 14:20:44.568,0.332311,0.557109,-0.105069
26-Jan-2025 14:20:44.584,0.513738,0.431271,-0.218079
26-Jan-2025 14:20:44.600,0.691499,0.394619,-0.368963
26-Jan-2025 14:20:44.617,0.829555,0.403782,-0.405004
26-Jan-2025 14:20:44.633,1.018923,0.450208,-0.544281
26-Jan-2025 14:20:44.649,1.172861,0.224798,-0.497244
26-Jan-2025 14:20:44.665,0.990213,-0.212581,-0.309098
26-Jan-2025 14:20:44.681,0.646295,-0.580933,-0.180205
26-Jan-2025 14:20:44.697,0.328645,-0.690889,-0.146608
26-Jan-2025 14:20:44.713,0.060476,-0.280998,-0.240681
26-Jan-2025 14:20:44.729,-0.057421,0.257174,-0.185092
26-Jan-2025 14:20:44.745,-0.028711,0.395841,0.034208
26-Jan-2025 14:20:44.761,0.238237,-0.257785,0.26817
26-Jan-2025 14:20:44.777,0.761749,-0.969443,0.411723
26-Jan-2025 14:20:44.793,1.23578,-0.842383,0.350026
26-Jan-2025 14:20:44.809,1.611462,0.304822,0.128893
26-Jan-2025 14:20:44.826,1.799609,1.266324,-0.009774
26-Jan-2025 14:20:44.842,2.1814,1.834428,0.081856
26-Jan-2025 14:20:44.858,2.441628,2.023186,0.278555
26-Jan-2025 14:20:44.874,2.566245,2.060448,0.532674
26-Jan-2025 14:20:44.890,2.328618,2.571743,0.676839
26-Jan-2025 14:20:44.905,1.810605,2.254093,0.551611
26-Jan-2025 14:20:44.922,0.293215,0.043982,0.235794
26-Jan-2025 14:20:44.938,-0.216857,0.751364,-0.100182
26-Jan-2025 14:20:44.954,-0.255342,2.069,0.133779
26-Jan-2025 14:20:44.970,-0.337808,2.092824,0.502742
26-Jan-2025 14:20:44.986,-0.370795,1.990199,0.766025
26-Jan-2025 14:20:45.002,-0.238237,2.047009,0.883311
26-Jan-2025 14:20:45.019,0.177762,2.067168,0.884533
26-Jan-2025 14:20:45.035,0.277944,1.139264,0.821003
26-Jan-2025 14:20:45.051,0.630413,-0.263894,0.510072
26-Jan-2025 14:20:45.067,0.807564,-0.886976,0.213803
26-Jan-2025 14:20:45.083,0.923017,-0.882089,0.198531
26-Jan-2025 14:20:45.099,0.878424,-0.834442,0.318872
26-Jan-2025 14:20:45.115,0.956004,-1.074512,0.359189
26-Jan-2025 14:20:45.131,1.247998,-1.245554,0.51557
26-Jan-2025 14:20:45.147,1.426981,-1.36956,0.527177
26-Jan-2025 14:20:45.163,1.676214,-1.222341,0.092241
26-Jan-2025 14:20:45.179,1.798998,-0.844827,0.042761
26-Jan-2025 14:20:45.195,1.974316,-0.633467,0.073915
26-Jan-2025 14:20:45.211,1.952936,-0.631024,0.089186
26-Jan-2025 14:20:45.228,1.830152,-0.405004,0.163712
26-Jan-2025 14:20:45.244,1.72936,-0.612087,0.313985
26-Jan-2025 14:20:45.260,1.688432,-0.896139,0.538172
26-Jan-2025 14:20:45.276,1.692097,-1.141096,0.744034
26-Jan-2025 14:20:45.292,1.685377,-1.287093,0.77641
26-Jan-2025 14:20:45.308,1.637119,-1.252274,0.707993
26-Jan-2025 14:20:45.324,1.627345,-1.171029,0.518625
26-Jan-2025 14:20:45.340,1.582141,-1.145983,0.157603
26-Jan-2025 14:20:45.356,1.430036,-0.410501,0.121562
26-Jan-2025 14:20:45.372,1.281595,-0.41661,-0.04215
26-Jan-2025 14:20:45.388,1.318247,-0.38851,-0.117286
26-Jan-2025 14:20:45.404,1.480127,-0.542448,-0.215635
26-Jan-2025 14:20:45.420,1.64506,-0.602924,-0.348193
26-Jan-2025 14:20:45.437,1.554652,-0.973719,-0.653626
26-Jan-2025 14:20:45.453,1.483792,-1.22845,-1.127046
26-Jan-2025 14:20:45.469,1.549765,-1.424538,-1.533272
26-Jan-2025 14:20:45.485,1.838704,-1.443475,-1.863139
26-Jan-2025 14:20:45.501,1.775785,-1.166753,-1.863139
26-Jan-2025 14:20:45.517,0.361021,0.873537,-1.005484
26-Jan-2025 14:20:45.533,-0.516792,0.773966,-0.397673
26-Jan-2025 14:20:45.549,-0.227242,0.440434,-0.210138
26-Jan-2025 14:20:45.565,-0.050091,0.278555,-0.09163
26-Jan-2025 14:20:45.581,-0.097738,0.23274,0.085521
26-Jan-2025 14:20:45.597,-0.040928,0.116064,0.110567
26-Jan-2025 14:20:45.613,-0.029932,-0.057421,0.163101
26-Jan-2025 14:20:45.629,-0.071471,-0.082467,0.10568
26-Jan-2025 14:20:45.646,0.017715,0.089797,0.048258
26-Jan-2025 14:20:45.662,0.114843,0.200975,-0.008552
26-Jan-2025 14:20:45.678,0.069028,0.306654,-0.036652
26-Jan-2025 14:20:45.694,0.043982,0.361632,-0.10568
26-Jan-2025 14:20:45.710,0.040317,0.295048,-0.212581
26-Jan-2025 14:20:45.726,0.128893,0.12034,-0.208916
26-Jan-2025 14:20:45.742,0.180816,0.207083,-0.167988
26-Jan-2025 14:20:45.758,0.078191,0.252898,-0.127671
26-Jan-2025 14:20:45.774,0.065973,0.315817,-0.116064
26-Jan-2025 14:20:45.790,0.170431,0.38851,-0.082467
26-Jan-2025 14:20:45.806,0.258396,0.392786,-0.057421
26-Jan-2025 14:20:45.822,0.145997,0.198531,-0.015882
26-Jan-2025 14:20:45.838,0.233961,0.126449,-0.072082
26-Jan-2025 14:20:45.854,0.553444,0.177151,-0.133779
26-Jan-2025 14:20:45.870,0.546724,0.408058,-0.111177
26-Jan-2025 14:20:45.886,0.236405,0.279776,-0.045815
26-Jan-2025 14:20:45.902,0.206472,0.200364,0.010996
26-Jan-2025 14:20:45.919,0.178373,0.24679,0.001222
26-Jan-2025 14:20:45.935,0.260229,0.601091,0.01405
26-Jan-2025 14:20:45.951,0.114843,0.534507,0.075136
26-Jan-2025 14:20:45.967,0.096517,0.37446,0.127671
26-Jan-2025 14:20:45.983,0.124006,0.238848,0.153938
26-Jan-2025 14:20:45.999,0.202807,0.137445,0.152105
26-Jan-2025 14:20:46.015,0.132558,0.301767,0.045204
26-Jan-2025 14:20:46.031,0.244346,0.242514,-0.083689
26-Jan-2025 14:20:46.047,0.225409,0.137445,-0.081856
26-Jan-2025 14:20:46.063,0.252898,0.121562,-0.108123
26-Jan-2025 14:20:46.079,0.391565,-0.071471,-0.07758
26-Jan-2025 14:20:46.095,0.211359,0.118508,-0.020769
26-Jan-2025 14:20:46.111,-0.028711,0.3036,0.080634
26-Jan-2025 14:20:46.127,-0.025656,0.370795,0.089186
26-Jan-2025 14:20:46.143,-0.071471,0.321315,0.116675
26-Jan-2025 14:20:46.159,-0.067195,0.400117,0.101404
26-Jan-2025 14:20:46.175,-0.095295,0.412945,0.059865
26-Jan-2025 14:20:46.191,-0.064141,0.372628,0.08491
26-Jan-2025 14:20:46.207,-0.043982,0.295659,0.088575
26-Jan-2025 14:20:46.223,-0.052534,0.19792,0.062308
26-Jan-2025 14:20:46.240,-0.050091,0.240681,0.100793
26-Jan-2025 14:20:46.256,-0.078802,0.139277,0.106901
26-Jan-2025 14:20:46.272,-0.044593,0.222966,0.076358
26-Jan-2025 14:20:46.288,-0.04215,0.221744,0.014661
26-Jan-2025 14:20:46.304,-0.048258,0.152105,0.01405
26-Jan-2025 14:20:46.320,-0.050702,0.11973,0.032376
26-Jan-2025 14:20:46.336,-0.108123,0.172264,0.043982
26-Jan-2025 14:20:46.352,-0.064141,0.219911,0.089186
26-Jan-2025 14:20:46.368,-0.08491,0.113621,0.125838
26-Jan-2025 14:20:46.384,-0.071471,0.138056,0.163101
26-Jan-2025 14:20:46.400,-0.089797,0.13439,0.161268
26-Jan-2025 14:20:46.416,-0.116675,0.181427,0.120951
26-Jan-2025 14:20:46.432,-0.126449,0.318872,0.120951
26-Jan-2025 14:20:46.448,-0.138056,0.259007,0.108734
26-Jan-2025 14:20:46.464,-0.099571,0.347582,0.105069
26-Jan-2025 14:20:46.480,-0.081245,0.372017,0.100793
26-Jan-2025 14:20:46.496,-0.079412,0.469755,0.048258
26-Jan-2025 14:20:46.512,-0.072693,0.528398,0.039095
26-Jan-2025 14:20:46.528,0.005498,0.65668,0.097738
26-Jan-2025 14:20:46.544,-0.04948,0.55039,-0.001222
26-Jan-2025 14:20:46.561,-0.04215,0.537561,-0.002443
26-Jan-2025 14:20:46.577,-0.004276,0.605367,0.042761
26-Jan-2025 14:20:46.593,-0.08491,0.484416,0.026267
26-Jan-2025 14:20:46.609,-0.119119,0.516792,0.036652
26-Jan-2025 14:20:46.625,-0.117897,0.637743,-0.042761
26-Jan-2025 14:20:46.641,-0.022602,0.718988,-0.07025
26-Jan-2025 14:20:46.657,0.006109,0.758084,-0.073304
26-Jan-2025 14:20:46.673,0.043982,0.793514,-0.045815
26-Jan-2025 14:20:46.689,0.145997,0.876592,-0.087354
26-Jan-2025 14:20:46.705,0.385456,1.085508,-0.020159
26-Jan-2025 14:20:46.721,0.202807,0.908967,-0.218079
26-Jan-2025 14:20:46.737,0.102625,0.843605,-0.257785
26-Jan-2025 14:20:46.753,0.020159,0.802066,-0.297491
26-Jan-2025 14:20:46.769,-0.026878,0.717767,-0.470977
26-Jan-2025 14:20:46.785,0.016493,0.782518,-0.509462
26-Jan-2025 14:20:46.801,0.081856,0.811229,-0.571159
26-Jan-2025 14:20:46.817,0.14844,0.808175,-0.636522
26-Jan-2025 14:20:46.833,0.212581,0.711047,-0.662789
26-Jan-2025 14:20:46.849,0.204029,0.696386,-0.500299
26-Jan-2025 14:20:46.865,0.087354,0.650571,-0.020159
26-Jan-2025 14:20:46.881,-0.126449,0.640798,0.21197
26-Jan-2025 14:20:46.897,-0.300546,0.564439,0.166155
26-Jan-2025 14:20:46.913,-0.350026,0.430049,0.120951
26-Jan-2025 14:20:46.929,-0.304822,0.403782,0.00672
26-Jan-2025 14:20:46.945,-0.251066,0.459371,-0.088575
26-Jan-2025 14:20:46.961,-0.255953,0.45204,-0.016493
26-Jan-2025 14:20:46.977,-0.2474,0.43738,-0.081856
26-Jan-2025 14:20:46.993,-0.05681,0.38118,-0.460592
26-Jan-2025 14:20:47.009,-0.003054,0.406836,-0.541227
26-Jan-2025 14:20:47.026,0.048869,0.378126,-0.475864
26-Jan-2025 14:20:47.042,0.125227,0.431271,-0.321315
26-Jan-2025 14:20:47.058,0.169821,0.378736,-0.03543
26-Jan-2025 14:20:47.074,0.139277,0.271835,0.098349
26-Jan-2025 14:20:47.090,0.072693,0.248011,0.278555
26-Jan-2025 14:20:47.106,0.028711,0.175318,0.356745
26-Jan-2025 14:20:47.122,-0.019548,0.290772,0.435547
26-Jan-2025 14:20:47.138,-0.026878,0.660345,0.223577
26-Jan-2025 14:20:47.154,-0.068417,1.069625,-0.149051
26-Jan-2025 14:20:47.170,-0.216857,1.117883,-0.475253
26-Jan-2025 14:20:47.186,-0.458149,0.626748,-0.471588
26-Jan-2025 14:20:47.202,-0.480751,0.547335,-0.26145
26-Jan-2025 14:20:47.218,-0.464258,0.821003,-0.106901
26-Jan-2025 14:20:47.234,-0.552833,0.884533,-0.115454
26-Jan-2025 14:20:47.250,-0.596815,0.762971,-0.169821
26-Jan-2025 14:20:47.266,-0.492968,0.657902,-0.216857
26-Jan-2025 14:20:47.282,-0.364687,0.707382,-0.291383
26-Jan-2025 14:20:47.298,-0.316428,0.598648,-0.277944
26-Jan-2025 14:20:47.314,-0.408058,0.42394,-0.206472
26-Jan-2025 14:20:47.330,-0.438601,0.263283,-0.264505
26-Jan-2025 14:20:47.346,-0.35308,0.139277,-0.286496
26-Jan-2025 14:20:47.362,-0.238237,0.058032,-0.323148
26-Jan-2025 14:20:47.378,-0.130114,0.000611,-0.350026
26-Jan-2025 14:20:47.394,-0.120951,-0.0562,-0.40256
26-Jan-2025 14:20:47.410,-0.106291,0.011606,-0.540616
26-Jan-2025 14:20:47.426,-0.143553,0.151495,-0.644463
26-Jan-2025 14:20:47.442,-0.140499,0.067195,-0.141721
26-Jan-2025 14:20:47.458,-0.13439,0.100182,-0.101404
26-Jan-2025 14:20:47.474,-0.153327,0.19792,-0.062308
26-Jan-2025 14:20:47.490,-0.241292,0.149662,-0.055589
26-Jan-2025 14:20:47.507,-0.274889,0.102014,-0.045815
26-Jan-2025 14:20:47.522,-0.193644,0.074526,0.001222
26-Jan-2025 14:20:47.539,-0.17654,0.133779,-0.017715
26-Jan-2025 14:20:47.555,-0.229074,0.068417,-0.102014
26-Jan-2025 14:20:47.571,-0.268781,0.067806,-0.116064
26-Jan-2025 14:20:47.587,-0.238848,0.228464,-0.010385
26-Jan-2025 14:20:47.603,-0.358578,0.384845,0.09896
26-Jan-2025 14:20:47.619,-0.271835,0.199142,0.048258
26-Jan-2025 14:20:47.635,-0.199142,0.066584,0.075136
26-Jan-2025 14:20:47.651,-0.335976,0.375071,0.153938
26-Jan-2025 14:20:47.667,-0.291383,0.477086,0.210138
26-Jan-2025 14:20:47.683,-0.467923,0.527177,0.11973
26-Jan-2025 14:20:47.699,-0.171653,0.237016,0.054367
26-Jan-2025 14:20:47.715,-0.109345,0.088575,-0.040317
26-Jan-2025 14:20:47.731,-0.037263,-0.124617,-0.08491
26-Jan-2025 14:20:47.747,-0.016493,-0.191201,-0.104458
26-Jan-2025 14:20:47.763,0.0562,-0.098349,-0.139888
26-Jan-2025 14:20:47.779,0.110567,-0.083078,-0.094684
26-Jan-2025 14:20:47.795,0.189368,-0.167988,0.025656
26-Jan-2025 14:20:47.811,0.21869,-0.187536,0.138666
26-Jan-2025 14:20:47.827,0.202196,-0.160047,0.249233
26-Jan-2025 14:20:47.843,0.211359,-0.114843,0.418443
26-Jan-2025 14:20:47.859,0.282831,-0.103847,0.479529
26-Jan-2025 14:20:47.875,0.361021,-0.145997,0.43738
26-Jan-2025 14:20:47.891,0.3317,-0.25412,0.36041
26-Jan-2025 14:20:47.907,0.24679,-0.277333,0.126449
26-Jan-2025 14:20:47.923,0.239459,-0.346361,0.017104
26-Jan-2025 14:20:47.939,0.358578,-0.348804,-0.07086
26-Jan-2025 14:20:47.954,0.448375,-0.409891,-0.069028
26-Jan-2025 14:20:47.970,0.477086,-0.486249,-0.054367
26-Jan-2025 14:20:47.986,0.43738,-0.687834,-0.053145
26-Jan-2025 14:20:48.001,0.370184,-0.841161,-0.067195
26-Jan-2025 14:20:48.019,0.309709,-0.712269,-0.161879
26-Jan-2025 14:20:48.035,0.226631,-0.468534,0.075747
26-Jan-2025 14:20:48.050,0.301157,-0.202196,0.233351
26-Jan-2025 14:20:48.067,0.511905,0.365908,0.142332
26-Jan-2025 14:20:48.083,0.568105,0.307876,0.021991
26-Jan-2025 14:20:48.099,0.490525,0.222966,0.037263
26-Jan-2025 14:20:48.115,0.420886,0.472199,0.320093
26-Jan-2025 14:20:48.131,0.267559,-0.122784,0.387899
26-Jan-2025 14:20:48.147,0.425162,-0.028711,-0.039095
26-Jan-2025 14:20:48.163,0.092852,-0.368352,-0.238237
26-Jan-2025 14:20:48.179,-0.036652,-0.390343,-0.05681
26-Jan-2025 14:20:48.195,-0.018326,-0.406836,0.156382
26-Jan-2025 14:20:48.211,-0.047647,-0.380569,0.334143
26-Jan-2025 14:20:48.227,-0.073915,-0.16921,0.381791
26-Jan-2025 14:20:48.243,-0.031765,-0.211359,0.270002
26-Jan-2025 14:20:48.259,0.135612,-0.177151,0.127671
26-Jan-2025 14:20:48.275,0.191812,-0.272446,-0.064752
26-Jan-2025 14:20:48.291,0.011606,-0.326813,-0.080634
26-Jan-2025 14:20:48.307,0.038485,-0.320093,0.081856
26-Jan-2025 14:20:48.323,0.237016,-0.192423,0.179594
26-Jan-2025 14:20:48.339,0.367741,-0.078802,0.204029
26-Jan-2025 14:20:48.355,0.207083,-0.171653,0.149051
26-Jan-2025 14:20:48.371,0.125838,-0.211359,0.121562
26-Jan-2025 14:20:48.387,0.200364,-0.173486,0.143553
26-Jan-2025 14:20:48.403,0.311541,-0.104458,0.075136
26-Jan-2025 14:20:48.419,0.361632,-0.203418,0.062308
26-Jan-2025 14:20:48.436,0.196699,-0.147219,0.213192
26-Jan-2025 14:20:48.452,0.270613,-0.163712,0.224188
26-Jan-2025 14:20:48.468,0.284663,-0.145386,0.098349
26-Jan-2025 14:20:48.484,0.170431,-0.132558,0.150884
26-Jan-2025 14:20:48.500,-0.023824,-0.171653,0.163712
26-Jan-2025 14:20:48.516,-0.102014,-0.236405,0.152105
26-Jan-2025 14:20:48.532,0.046426,-0.474031,0.189979
26-Jan-2025 14:20:48.548,0.09163,-0.466701,0.136834
26-Jan-2025 14:20:48.564,0.022602,-0.420886,-0.032987
26-Jan-2025 14:20:48.580,0.003054,-0.389732,-0.053145
26-Jan-2025 14:20:48.596,0.019548,-0.394619,0.015882
26-Jan-2025 14:20:48.612,0.004276,-0.40256,0.004276
26-Jan-2025 14:20:48.628,-0.004887,-0.421497,-0.092852
26-Jan-2025 14:20:48.644,-0.044593,-0.400728,-0.120951
26-Jan-2025 14:20:48.660,-0.076358,-0.354913,-0.084299
26-Jan-2025 14:20:48.676,-0.107512,-0.257174,-0.047037
26-Jan-2025 14:20:48.692,-0.111788,-0.202196,-0.040928
26-Jan-2025 14:20:48.708,-0.11301,-0.173486,0.00672
26-Jan-2025 14:20:48.724,-0.122173,-0.11973,-0.000611
26-Jan-2025 14:20:48.740,-0.135612,0.008552,-0.026878
26-Jan-2025 14:20:48.756,-0.128893,0.108123,-0.036652
26-Jan-2025 14:20:48.772,-0.089186,0.161879,0.019548
26-Jan-2025 14:20:48.788,-0.026878,0.207083,0.12706
26-Jan-2025 14:20:48.804,0.02138,0.200975,0.226631
26-Jan-2025 14:20:48.819,0.038485,0.08491,0.158825
26-Jan-2025 14:20:48.837,0.003054,-0.0281,0.059254
26-Jan-2025 14:20:48.853,-0.072082,-0.082467,0.042761
26-Jan-2025 14:20:48.869,-0.19059,-0.064752,0.075136
26-Jan-2025 14:20:48.885,-0.206472,-0.244957,0.200364
26-Jan-2025 14:20:48.901,-0.16249,-0.16249,0.166155
26-Jan-2025 14:20:48.917,-0.108123,0.002443,0.016493
26-Jan-2025 14:20:48.933,-0.016493,0.131336,-0.169821
26-Jan-2025 14:20:48.949,-0.059865,0.094073,-0.119119
26-Jan-2025 14:20:48.965,-0.086743,0.118508,0.012828
26-Jan-2025 14:20:48.981,-0.093462,0.166766,0.095295
26-Jan-2025 14:20:48.997,-0.069639,0.24007,0.092241
26-Jan-2025 14:20:49.013,-0.050702,0.221133,0.034819
26-Jan-2025 14:20:49.029,-0.051313,0.086743,-0.019548
26-Jan-2025 14:20:49.045,-0.023824,0.105069,-0.046426
26-Jan-2025 14:20:49.061,-0.003054,0.147219,-0.048869
26-Jan-2025 14:20:49.077,-0.015882,0.172875,-0.023824
26-Jan-2025 14:20:49.093,-0.046426,0.224188,0.02138
26-Jan-2025 14:20:49.109,-0.058032,0.237627,0.042761
26-Jan-2025 14:20:49.125,-0.057421,0.227853,0.039706
26-Jan-2025 14:20:49.141,-0.074526,0.185092,0
26-Jan-2025 14:20:49.157,-0.133779,0.139277,-0.040317
26-Jan-2025 14:20:49.173,-0.117897,0.383623,-0.00733
26-Jan-2025 14:20:49.189,-0.327424,0.290161,-0.015882
26-Jan-2025 14:20:49.205,-0.436769,0.503353,-0.001833
26-Jan-2025 14:20:49.221,-0.404393,0.336587,-0.039706
26-Jan-2025 14:20:49.237,-0.408058,0.359189,-0.022602
26-Jan-2025 14:20:49.253,-0.398895,0.38118,-0.025045
26-Jan-2025 14:20:49.269,-0.43738,0.502742,-0.020769
26-Jan-2025 14:20:49.285,-0.612698,0.678671,-0.080023
26-Jan-2025 14:20:49.301,-0.681115,0.440434,-0.09896
26-Jan-2025 14:20:49.318,-0.629802,0.153938,-0.079412
26-Jan-2025 14:20:49.333,-0.534507,0.240681,-0.125838
26-Jan-2025 14:20:49.350,-0.40928,0.335365,-0.17654
26-Jan-2025 14:20:49.366,-0.326202,0.36041,-0.156382
26-Jan-2025 14:20:49.382,-0.269392,0.295048,-0.139277
26-Jan-2025 14:20:49.398,-0.209527,0.206472,-0.133779
26-Jan-2025 14:20:49.414,-0.152105,0.211359,-0.103236
26-Jan-2025 14:20:49.430,-0.031154,0.287107,-0.066584
26-Jan-2025 14:20:49.446,0.083689,0.302989,-0.09896
26-Jan-2025 14:20:49.462,0.169821,0.273668,-0.130725
26-Jan-2025 14:20:49.478,0.21869,0.253509,-0.130725
26-Jan-2025 14:20:49.494,0.295048,0.251066,-0.118508
26-Jan-2025 14:20:49.510,0.319483,0.2474,-0.103236
26-Jan-2025 14:20:49.526,0.290161,0.243124,-0.039706
26-Jan-2025 14:20:49.542,0.295659,0.231518,-0.013439
26-Jan-2025 14:20:49.558,0.316428,0.241292,-0.03543
26-Jan-2025 14:20:49.574,0.331089,0.250455,-0.11973
26-Jan-2025 14:20:49.590,0.325591,0.170431,-0.173486
26-Jan-2025 14:20:49.606,0.336587,0.101404,-0.202196
26-Jan-2025 14:20:49.622,0.383623,0.080634,-0.216246
26-Jan-2025 14:20:49.637,0.478307,0.067195,-0.234572
26-Jan-2025 14:20:49.654,0.556498,0.093462,-0.243124
26-Jan-2025 14:20:49.670,0.57177,0.195477,-0.198531
26-Jan-2025 14:20:49.686,0.527788,0.217468,-0.142332
26-Jan-2025 14:20:49.702,0.444099,0.099571,-0.073304
26-Jan-2025 14:20:49.719,0.384845,0.163101,-0.068417
26-Jan-2025 14:20:49.735,0.363465,0.298713,-0.087354
26-Jan-2025 14:20:49.751,0.40928,0.379958,-0.093462
26-Jan-2025 14:20:49.767,0.433103,0.375682,-0.103847
26-Jan-2025 14:20:49.783,0.368963,0.329867,-0.131336
26-Jan-2025 14:20:49.799,0.295659,0.24007,-0.175929
26-Jan-2025 14:20:49.815,0.221133,0.108734,-0.21869
26-Jan-2025 14:20:49.831,0.180205,0.032987,-0.219301
26-Jan-2025 14:20:49.847,0.13439,0.054978,-0.196088
26-Jan-2025 14:20:49.863,0.128893,0.14111,-0.179594
26-Jan-2025 14:20:49.879,0.150884,0.273057,-0.194255
26-Jan-2025 14:20:49.895,0.135001,0.362854,-0.136223
26-Jan-2025 14:20:49.911,0.136834,0.229074,-0.032987
26-Jan-2025 14:20:49.927,0.155771,0.135612,-0.122784
26-Jan-2025 14:20:49.943,0.143553,0.165544,-0.188147
26-Jan-2025 14:20:49.959,0.114232,0.170431,-0.213192
26-Jan-2025 14:20:49.975,0.09896,0.161268,-0.223577
26-Jan-2025 14:20:49.991,0.004276,0.252898,-0.191812
26-Jan-2025 14:20:50.007,-0.165544,0.48747,-0.127671
26-Jan-2025 14:20:50.023,-0.178984,0.506407,-0.109956
26-Jan-2025 14:20:50.040,-0.150273,0.397673,-0.111177
26-Jan-2025 14:20:50.055,-0.132558,0.370184,-0.116675
26-Jan-2025 14:20:50.072,-0.097128,0.438601,-0.137445
26-Jan-2025 14:20:50.088,-0.071471,0.491747,-0.150273
26-Jan-2025 14:20:50.104,-0.07025,0.538783,-0.143553
26-Jan-2025 14:20:50.120,-0.069639,0.564439,-0.131336
26-Jan-2025 14:20:50.136,-0.059865,0.607811,-0.126449
26-Jan-2025 14:20:50.152,-0.058643,0.64935,-0.131336
26-Jan-2025 14:20:50.168,-0.060476,0.705549,-0.144164
26-Jan-2025 14:20:50.184,-0.075747,0.724486,-0.155771
26-Jan-2025 14:20:50.200,-0.111177,0.736704,-0.167988
26-Jan-2025 14:20:50.216,-0.172264,0.735482,-0.189979
26-Jan-2025 14:20:50.232,-0.209527,0.731817,-0.200364
26-Jan-2025 14:20:50.248,-0.256563,0.757473,-0.20464
26-Jan-2025 14:20:50.264,-0.307265,0.802677,-0.207694
26-Jan-2025 14:20:50.280,-0.363465,0.886365,-0.208305
26-Jan-2025 14:20:50.296,-0.386067,0.915076,-0.213803
26-Jan-2025 14:20:50.312,-0.361021,0.959669,-0.21869
26-Jan-2025 14:20:50.328,-0.369573,1.005484,-0.236405
26-Jan-2025 14:20:50.344,-0.401949,1.036027,-0.26145
26-Jan-2025 14:20:50.360,-0.439823,1.083064,-0.269392
26-Jan-2025 14:20:50.376,-0.462425,1.130712,-0.276111
26-Jan-2025 14:20:50.392,-0.464258,1.149648,-0.290161
26-Jan-2025 14:20:50.408,-0.439212,1.186911,-0.299935
26-Jan-2025 14:20:50.424,-0.382402,1.268767,-0.297491
26-Jan-2025 14:20:50.441,-0.329256,1.311528,-0.282831
26-Jan-2025 14:20:50.457,-0.208305,1.319469,-0.263894
26-Jan-2025 14:20:50.473,-0.103847,1.295034,-0.251676
26-Jan-2025 14:20:50.489,-0.069639,1.26388,-0.244957
26-Jan-2025 14:20:50.505,-0.103847,1.308473,-0.245568
26-Jan-2025 14:20:50.521,-0.119119,1.398881,-0.226631
26-Jan-2025 14:20:50.537,-0.116064,1.418429,-0.159436
26-Jan-2025 14:20:50.553,-0.124006,1.384832,-0.105069
26-Jan-2025 14:20:50.569,-0.131336,1.389108,-0.041539
26-Jan-2025 14:20:50.585,-0.111177,1.422094,0.003054
26-Jan-2025 14:20:50.601,-0.060476,1.425759,0.075747
26-Jan-2025 14:20:50.617,-0.033598,1.378723,0.130114
26-Jan-2025 14:20:50.633,-0.031765,1.304808,0.175318
26-Jan-2025 14:20:50.649,-0.054367,1.278541,0.19792
26-Jan-2025 14:20:50.665,-0.091019,1.271821,0.213803
26-Jan-2025 14:20:50.681,-0.111788,1.22845,0.222966
26-Jan-2025 14:20:50.697,-0.114232,1.1863,0.219301
26-Jan-2025 14:20:50.713,-0.125227,1.168585,0.18387
26-Jan-2025 14:20:50.729,-0.125838,1.17225,0.163712
26-Jan-2025 14:20:50.745,-0.121562,1.134377,0.16249
26-Jan-2025 14:20:50.761,-0.111177,1.109331,0.163101
26-Jan-2025 14:20:50.777,-0.100793,1.062906,0.145997
26-Jan-2025 14:20:50.793,-0.12034,0.938289,0.116675
26-Jan-2025 14:20:50.809,-0.119119,0.775188,0.075136
26-Jan-2025 14:20:50.826,-0.06353,0.703717,0.039095
26-Jan-2025 14:20:50.842,-0.029932,0.701884,-0.000611
26-Jan-2025 14:20:50.858,-0.089186,0.775799,-0.021991
26-Jan-2025 14:20:50.874,-0.142942,0.796568,-0.034819
26-Jan-2025 14:20:50.890,-0.153938,0.728762,-0.067806
26-Jan-2025 14:20:50.906,-0.15516,0.703717,-0.089186
26-Jan-2025 14:20:50.922,-0.151495,0.747699,-0.120951
26-Jan-2025 14:20:50.938,-0.114232,0.760527,-0.139888
26-Jan-2025 14:20:50.954,-0.039706,0.728151,-0.15516
26-Jan-2025 14:20:50.970,-0.015272,0.703717,-0.166766
26-Jan-2025 14:20:50.986,-0.029932,0.726319,-0.178373
26-Jan-2025 14:20:51.002,-0.050091,0.819781,-0.16249
26-Jan-2025 14:20:51.018,-0.032987,0.849714,-0.129503
26-Jan-2025 14:20:51.034,-0.029932,0.807564,-0.072693
26-Jan-2025 14:20:51.050,-0.081245,0.813672,-0.045204
26-Jan-2025 14:20:51.066,-0.068417,0.930959,-0.00672
26-Jan-2025 14:20:51.082,0.006109,0.965167,0.015882
26-Jan-2025 14:20:51.098,0.029932,0.945619,0.029322
26-Jan-2025 14:20:51.114,0.019548,0.970054,0.025656
26-Jan-2025 14:20:51.130,0.036041,0.971276,0.003054
26-Jan-2025 14:20:51.146,0.051924,0.9108,-0.045815
26-Jan-2025 14:20:51.163,0.038485,0.888198,-0.082467
26-Jan-2025 14:20:51.179,0.021991,0.912633,-0.106901
26-Jan-2025 14:20:51.195,0.029932,0.904081,-0.114232
26-Jan-2025 14:20:51.211,0.005498,0.836885,-0.127671
26-Jan-2025 14:20:51.227,-0.0281,0.828944,-0.136223
26-Jan-2025 14:20:51.243,-0.031765,0.885144,-0.139277
26-Jan-2025 14:20:51.259,0.009774,0.930348,-0.145997
26-Jan-2025 14:20:51.275,0.111177,0.911411,-0.177762
26-Jan-2025 14:20:51.291,0.207083,0.836275,-0.235183
26-Jan-2025 14:20:51.307,0.263283,0.778242,-0.302378
26-Jan-2025 14:20:51.323,0.237627,0.770912,-0.346971
26-Jan-2025 14:20:51.339,0.17654,0.758084,-0.348193
26-Jan-2025 14:20:51.355,0.078191,0.718988,-0.348804
26-Jan-2025 14:20:51.371,-0.008552,0.70616,-0.339641
26-Jan-2025 14:20:51.387,-0.060476,0.737925,-0.283441
26-Jan-2025 14:20:51.403,-0.043982,0.809396,-0.218079
26-Jan-2025 14:20:51.419,-0.064141,0.871094,-0.131336
26-Jan-2025 14:20:51.435,-0.111177,0.853379,-0.087354
26-Jan-2025 14:20:51.451,-0.15516,0.799012,-0.075747
26-Jan-2025 14:20:51.467,-0.211359,0.742812,-0.09896
26-Jan-2025 14:20:51.483,-0.251676,0.722043,-0.116675
26-Jan-2025 14:20:51.499,-0.282831,0.74098,-0.130114
26-Jan-2025 14:20:51.516,-0.284052,0.758084,-0.139888
26-Jan-2025 14:20:51.532,-0.272446,0.73426,-0.133169
26-Jan-2025 14:20:51.548,-0.254731,0.736704,-0.117897
26-Jan-2025 14:20:51.564,-0.250455,0.729984,-0.102014
26-Jan-2025 14:20:51.580,-0.285274,0.694554,-0.091019
26-Jan-2025 14:20:51.596,-0.300546,0.654848,-0.078802
26-Jan-2025 14:20:51.612,-0.248622,0.675006,-0.076358
26-Jan-2025 14:20:51.628,-0.21197,0.724486,-0.080634
26-Jan-2025 14:20:51.644,-0.224188,0.781297,-0.087354
26-Jan-2025 14:20:51.660,-0.231518,0.815505,-0.091019
26-Jan-2025 14:20:51.676,-0.221744,0.818559,-0.092852
26-Jan-2025 14:20:51.692,-0.210749,0.784351,-0.100793
26-Jan-2025 14:20:51.708,-0.196088,0.747088,-0.11973
26-Jan-2025 14:20:51.724,-0.187536,0.746477,-0.144164
26-Jan-2025 14:20:51.740,-0.174097,0.768468,-0.172875
26-Jan-2025 14:20:51.756,-0.203418,0.880257,-0.166155
26-Jan-2025 14:20:51.772,-0.177151,0.872316,-0.178984
26-Jan-2025 14:20:51.788,-0.144775,0.781297,-0.151495
26-Jan-2025 14:20:51.804,-0.188147,0.795347,-0.157603
26-Jan-2025 14:20:51.820,-0.230907,0.771523,-0.18387
26-Jan-2025 14:20:51.836,-0.244957,0.703717,-0.219911
26-Jan-2025 14:20:51.852,-0.223577,0.629191,-0.279776
26-Jan-2025 14:20:51.868,-0.180205,0.590707,-0.333532
26-Jan-2025 14:20:51.885,-0.147219,0.511905,-0.405615
26-Jan-2025 14:20:51.901,-0.161268,0.422108,-0.446543
26-Jan-2025 14:20:51.917,-0.236405,0.193644,-0.497244
26-Jan-2025 14:20:51.933,-0.251066,0.166766,-0.525955
26-Jan-2025 14:20:51.949,-0.178984,0.097128,-0.549168
26-Jan-2025 14:20:51.965,-0.072693,-0.010385,-0.582765
26-Jan-2025 14:20:51.981,0.045204,-0.163101,-0.606589
26-Jan-2025 14:20:51.997,0.224798,-0.217468,-0.574213
26-Jan-2025 14:20:52.013,0.278555,-0.250455,-0.519846
26-Jan-2025 14:20:52.029,0.265726,-0.204029,-0.434325
26-Jan-2025 14:20:52.045,0.237016,-0.144775,-0.371406
26-Jan-2025 14:20:52.061,0.219911,-0.175318,-0.335976
26-Jan-2025 14:20:52.077,0.269392,-0.167988,-0.298102
26-Jan-2025 14:20:52.093,0.317039,-0.050091,-0.227242
26-Jan-2025 14:20:52.109,0.325591,0.080023,-0.111177
26-Jan-2025 14:20:52.125,0.304211,0.105069,-0.021991
26-Jan-2025 14:20:52.141,0.293826,0.102625,0.07758
26-Jan-2025 14:20:52.157,0.298102,0.093462,0.109956
26-Jan-2025 14:20:52.173,0.259007,-0.002443,0.083689
26-Jan-2025 14:20:52.189,0.181427,-0.235794,0.067195
26-Jan-2025 14:20:52.205,0.054367,-0.590096,0.111788
26-Jan-2025 14:20:52.221,0.024435,-0.658513,0.16921
26-Jan-2025 14:20:52.238,0.106291,-0.51557,0.252287
26-Jan-2025 14:20:52.254,0.127671,-0.413556,0.334143
26-Jan-2025 14:20:52.270,0.054367,-0.476475,0.420886
26-Jan-2025 14:20:52.286,-0.03543,-0.680504,0.474642
26-Jan-2025 14:20:52.302,-0.072693,-0.808175,0.474031
26-Jan-2025 14:20:52.318,-0.101404,-0.999986,0.45204
26-Jan-2025 14:20:52.334,-0.018937,-1.139264,0.411723
26-Jan-2025 14:20:52.350,0.180816,-1.238224,0.270002
26-Jan-2025 14:20:52.366,0.233961,-1.307252,0.184481
26-Jan-2025 14:20:52.382,0.216246,-1.265713,0.199753
26-Jan-2025 14:20:52.398,0.188147,-1.207681,0.262061
26-Jan-2025 14:20:52.414,0.129503,-1.139264,0.322537
26-Jan-2025 14:20:52.430,0.013439,-1.049466,0.333532
26-Jan-2025 14:20:52.446,-0.045204,-1.043969,0.301767
26-Jan-2025 14:20:52.462,-0.102625,-1.109942,0.249844
26-Jan-2025 14:20:52.478,-0.142942,-1.14354,0.192423
26-Jan-2025 14:20:52.494,-0.22602,-1.103223,0.128282
26-Jan-2025 14:20:52.510,-0.257174,-1.089784,0.123395
26-Jan-2025 14:20:52.526,-0.265116,-1.077566,0.124006
26-Jan-2025 14:20:52.542,-0.277333,-1.072068,0.126449
26-Jan-2025 14:20:52.558,-0.267559,-1.070847,0.139277
26-Jan-2025 14:20:52.574,-0.258396,-1.027475,0.153327
26-Jan-2025 14:20:52.590,-0.252287,-0.985937,0.141721
26-Jan-2025 14:20:52.607,-0.193033,-0.984715,0.210138
26-Jan-2025 14:20:52.623,-0.147829,-1.019534,0.199142
26-Jan-2025 14:20:52.639,-0.081856,-1.100168,0.222355
26-Jan-2025 14:20:52.655,-0.025045,-1.149037,0.300546
26-Jan-2025 14:20:52.671,0.072082,-1.194852,0.373239
26-Jan-2025 14:20:52.687,0.117897,-1.195463,0.383623
26-Jan-2025 14:20:52.703,0.133779,-1.147205,0.412945
26-Jan-2025 14:20:52.719,0.113621,-1.060462,0.44471
26-Jan-2025 14:20:52.735,0.088575,-1.015869,0.459982
26-Jan-2025 14:20:52.751,0.129503,-1.036027,0.48014
26-Jan-2025 14:20:52.767,0.218079,-1.074512,0.511905
26-Jan-2025 14:20:52.783,0.351248,-1.021367,0.558331
26-Jan-2025 14:20:52.799,0.398895,-0.627359,0.61392
26-Jan-2025 14:20:52.815,0.29627,-1.68721,0.467923
26-Jan-2025 14:20:52.831,0.519235,-1.444696,0.513127
26-Jan-2025 14:20:52.847,0.169821,-1.571756,0.534507
26-Jan-2025 14:20:52.863,-0.133169,-1.447751,0.514959
26-Jan-2025 14:20:52.879,-0.350026,-1.455081,0.441045
26-Jan-2025 14:20:52.895,-0.470366,-1.483792,0.283441
26-Jan-2025 14:20:52.911,-0.392175,-1.41232,0.142942
26-Jan-2025 14:20:52.927,-0.131947,-1.232115,-0.034819
26-Jan-2025 14:20:52.943,0.087965,-1.20035,-0.166155
26-Jan-2025 14:20:52.959,0.433103,-1.250441,-0.299324
26-Jan-2025 14:20:52.975,0.615752,-1.271211,-0.32498
26-Jan-2025 14:20:52.991,0.547946,-1.238224,-0.170431
26-Jan-2025 14:20:53.008,0.304211,-1.145983,-0.0281
26-Jan-2025 14:20:53.024,-0.015272,-1.009149,0.141721
26-Jan-2025 14:20:53.040,-0.312152,-0.814283,0.051313
26-Jan-2025 14:20:53.056,-0.364076,-0.850935,-0.11973
26-Jan-2025 14:20:53.072,-0.306654,-0.855822,-0.312763
26-Jan-2025 14:20:53.088,-0.245568,-0.718988,-0.394008
26-Jan-2025 14:20:53.104,-0.186925,-0.610254,-0.365297
26-Jan-2025 14:20:53.120,-0.216857,-0.232129,-0.244346
26-Jan-2025 14:20:53.136,-0.222355,-0.2755,-0.152105
26-Jan-2025 14:20:53.152,-0.067195,-0.471588,-0.136223
26-Jan-2025 14:20:53.168,0.135612,-0.705549,-0.149662
26-Jan-2025 14:20:53.184,0.157603,-0.733038,-0.210138
26-Jan-2025 14:20:53.200,0.106291,-0.74098,-0.2474
26-Jan-2025 14:20:53.216,0.005498,-0.667676,-0.271224
26-Jan-2025 14:20:53.232,-0.017104,-0.561385,-0.279165
26-Jan-2025 14:20:53.248,0.047037,-0.40256,-0.277944
26-Jan-2025 14:20:53.264,0.158825,-0.323148,-0.300546
26-Jan-2025 14:20:53.280,0.345139,-0.323759,-0.343306
26-Jan-2025 14:20:53.296,0.441656,-0.340863,-0.356134
26-Jan-2025 14:20:53.312,0.452651,-0.306654,-0.333532
26-Jan-2025 14:20:53.328,0.445932,-0.19059,-0.293215
26-Jan-2025 14:20:53.344,0.508851,-0.130725,-0.295659
26-Jan-2025 14:20:53.361,0.694554,-0.215025,-0.300546
26-Jan-2025 14:20:53.377,0.69211,-0.19059,-0.223577
26-Jan-2025 14:20:53.393,0.415999,-0.106901,-0.084299
26-Jan-2025 14:20:53.409,0.350637,-0.014661,-0.034819
26-Jan-2025 14:20:53.425,0.362243,-0.051924,-0.054367
26-Jan-2025 14:20:53.441,0.3598,-0.064141,-0.0562
26-Jan-2025 14:20:53.457,0.357967,0.018326,-0.018326
26-Jan-2025 14:20:53.473,0.354913,0.073304,0.020769
26-Jan-2025 14:20:53.489,0.370184,0.037263,0.12706
26-Jan-2025 14:20:53.505,0.382402,-0.081856,0.224188
26-Jan-2025 14:20:53.521,0.419054,-0.174707,0.3036
26-Jan-2025 14:20:53.537,0.44471,-0.125838,0.317039
26-Jan-2025 14:20:53.553,0.346971,-0.042761,0.301157
26-Jan-2025 14:20:53.569,0.12034,-0.053756,0.357356
26-Jan-2025 14:20:53.585,-0.012828,-0.185092,0.392175
26-Jan-2025 14:20:53.601,-0.053756,-0.399506,0.353691
26-Jan-2025 14:20:53.617,0.006109,-0.484416,0.329256
26-Jan-2025 14:20:53.633,0.124617,-0.502131,0.293215
26-Jan-2025 14:20:53.649,0.180205,-0.547335,0.259007
26-Jan-2025 14:20:53.665,0.186314,-0.648739,0.230907
26-Jan-2025 14:20:53.681,0.147829,-0.782518,0.224188
26-Jan-2025 14:20:53.697,0.081856,-0.865596,0.22602
26-Jan-2025 14:20:53.713,-0.037874,-0.820392,0.24007
26-Jan-2025 14:20:53.730,-0.105069,-0.744034,0.2755
26-Jan-2025 14:20:53.746,-0.142332,-0.664621,0.306654
26-Jan-2025 14:20:53.762,-0.158825,-0.632246,0.315817
26-Jan-2025 14:20:53.778,-0.196699,-0.609644,0.307876
26-Jan-2025 14:20:53.794,-0.230296,-0.61392,0.298102
26-Jan-2025 14:20:53.810,-0.237016,-0.598648,0.279165
26-Jan-2025 14:20:53.826,-0.132558,-0.507018,0.213803
26-Jan-2025 14:20:53.842,-0.019548,-0.417221,0.171042
26-Jan-2025 14:20:53.858,-0.051313,-0.521679,0.135001
26-Jan-2025 14:20:53.874,-0.140499,-0.514959,0.117897
26-Jan-2025 14:20:53.890,-0.193644,-0.395841,0.114843
26-Jan-2025 14:20:53.906,-0.173486,-0.328035,0.151495
26-Jan-2025 14:20:53.922,-0.158825,-0.307265,0.242514
26-Jan-2025 14:20:53.938,-0.135001,-0.271224,0.285885
26-Jan-2025 14:20:53.954,-0.009774,-0.208916,0.293215
26-Jan-2025 14:20:53.970,0.129503,-0.163101,0.243124
26-Jan-2025 14:20:53.986,0.227853,-0.149051,0.18326
26-Jan-2025 14:20:54.002,0.304211,-0.097738,0.140499
26-Jan-2025 14:20:54.018,0.277944,-0.068417,0.14111
26-Jan-2025 14:20:54.034,0.133169,-0.025045,0.171653
26-Jan-2025 14:20:54.050,0.041539,0.080023,0.194255
26-Jan-2025 14:20:54.066,-0.064752,0.100793,0.160658
26-Jan-2025 14:20:54.083,-0.115454,0.04215,0.087965
26-Jan-2025 14:20:54.098,-0.225409,0.058643,-0.041539
26-Jan-2025 14:20:54.115,-0.36713,0.074526,-0.116675
26-Jan-2025 14:20:54.131,-0.457538,-0.051313,-0.141721
26-Jan-2025 14:20:54.147,-0.291994,0.076969,-0.099571
26-Jan-2025 14:20:54.163,-0.092852,0.199142,-0.066584
26-Jan-2025 14:20:54.179,0.139277,0.432493,0.00672
26-Jan-2025 14:20:54.195,0.215635,0.632856,0.074526
26-Jan-2025 14:20:54.211,0.177151,0.857044,0.067195
26-Jan-2025 14:20:54.227,0.115454,0.939511,0.064141
26-Jan-2025 14:20:54.243,0.028711,0.937678,0.113621
26-Jan-2025 14:20:54.259,-0.057421,0.845438,0.111788
26-Jan-2025 14:20:54.275,-0.139277,0.795347,-0.004887
26-Jan-2025 14:20:54.291,-0.199753,0.869261,-0.208305
26-Jan-2025 14:20:54.307,-0.203418,0.958448,-0.285885
26-Jan-2025 14:20:54.323,-0.205862,1.085508,-0.271835
26-Jan-2025 14:20:54.339,-0.21869,1.15759,-0.196699
26-Jan-2025 14:20:54.355,-0.217468,1.251052,-0.094684
26-Jan-2025 14:20:54.371,-0.19059,1.310306,-0.06353
26-Jan-2025 14:20:54.387,-0.158825,1.332297,-0.046426
26-Jan-2025 14:20:54.403,-0.160658,1.319469,-0.040928
26-Jan-2025 14:20:54.419,-0.160658,1.313971,-0.039706
26-Jan-2025 14:20:54.435,-0.142332,1.310306,-0.031765
26-Jan-2025 14:20:54.451,-0.122173,1.333519,-0.039706
26-Jan-2025 14:20:54.467,-0.107512,1.420873,-0.07086
26-Jan-2025 14:20:54.484,-0.093462,1.472185,-0.093462
26-Jan-2025 14:20:54.500,-0.064752,1.523498,-0.123395
26-Jan-2025 14:20:54.516,-0.029932,1.612684,-0.14844
26-Jan-2025 14:20:54.532,0.0562,1.754405,-0.12706
26-Jan-2025 14:20:54.548,0.170431,1.734246,-0.089186
26-Jan-2025 14:20:54.564,0.329256,1.690264,-0.086743
26-Jan-2025 14:20:54.580,0.384234,1.511281,-0.187536
26-Jan-2025 14:20:54.596,0.426995,1.394605,-0.269392
26-Jan-2025 14:20:54.612,0.471588,1.471574,-0.318261
26-Jan-2025 14:20:54.628,0.529009,1.541213,-0.313985
26-Jan-2025 14:20:54.644,0.400728,1.659721,-0.207694
26-Jan-2025 14:20:54.660,0.295048,1.724473,-0.163101
26-Jan-2025 14:20:54.676,0.417221,1.751961,-0.189368
26-Jan-2025 14:20:54.692,0.506407,1.775174,-0.164934
26-Jan-2025 14:20:54.708,0.424551,1.901623,-0.095295
26-Jan-2025 14:20:54.724,0.325591,2.015855,-0.054978
26-Jan-2025 14:20:54.740,0.224798,2.078164,-0.014661
26-Jan-2025 14:20:54.756,0.158825,2.090992,-0.022602
26-Jan-2025 14:20:54.772,0.07086,2.150246,-0.025656
26-Jan-2025 14:20:54.788,-0.088575,2.230269,-0.021991
26-Jan-2025 14:20:54.804,-0.178373,2.235767,-0.033598
26-Jan-2025 14:20:54.820,-0.154549,2.28708,-0.001222
26-Jan-2025 14:20:54.836,-0.128893,2.247984,0.021991
26-Jan-2025 14:20:54.853,-0.158825,2.190563,-0.029932
26-Jan-2025 14:20:54.869,-0.207083,2.198504,-0.147829
26-Jan-2025 14:20:54.885,-0.335365,2.280971,-0.328645
26-Jan-2025 14:20:54.901,-0.439212,2.178345,-0.397673
26-Jan-2025 14:20:54.917,-0.447764,2.013412,-0.350637
26-Jan-2025 14:20:54.933,-0.406225,1.926669,-0.298713
26-Jan-2025 14:20:54.949,-0.520457,1.955991,-0.265726
26-Jan-2025 14:20:54.965,-0.729373,1.949271,-0.191812
26-Jan-2025 14:20:54.981,-0.72021,1.910787,-0.16249
26-Jan-2025 14:20:54.997,-0.565661,1.734246,-0.19059
26-Jan-2025 14:20:55.013,-0.448986,1.554041,-0.174707
26-Jan-2025 14:20:55.029,-0.346971,1.58153,-0.111177
26-Jan-2025 14:20:55.045,-0.287718,1.607186,-0.058032
26-Jan-2025 14:20:55.061,-0.219911,1.585195,0.024435
26-Jan-2025 14:20:55.077,-0.121562,1.464855,0.116675
26-Jan-2025 14:20:55.093,-0.0562,1.295645,0.144164
26-Jan-2025 14:20:55.109,-0.01405,1.127657,0.135612
26-Jan-2025 14:20:55.125,0.024435,0.990213,0.098349
26-Jan-2025 14:20:55.141,0.153938,0.782518,0.122784
26-Jan-2025 14:20:55.157,0.231518,0.726319,0.074526
26-Jan-2025 14:20:55.173,0.172264,0.819781,0.0562
26-Jan-2025 14:20:55.189,0.140499,0.831998,0.110567
26-Jan-2025 14:20:55.205,0.307265,0.781297,0.163712
26-Jan-2025 14:20:55.221,0.406225,0.898583,0.201586
26-Jan-2025 14:20:55.237,0.446543,0.711658,0.210749
26-Jan-2025 14:20:55.253,0.470977,0.712269,0.207694
26-Jan-2025 14:20:55.269,0.475253,0.748921,0.145997
26-Jan-2025 14:20:55.286,0.46609,0.779464,0.041539
26-Jan-2025 14:20:55.302,0.426995,0.686002,-0.047037
26-Jan-2025 14:20:55.318,0.3317,0.509462,-0.172264
26-Jan-2025 14:20:55.334,0.257174,0.455095,-0.26817
26-Jan-2025 14:20:55.350,0.132558,0.452651,-0.400117
26-Jan-2025 14:20:55.366,0.054978,0.436769,-0.430049
26-Jan-2025 14:20:55.382,-0.004887,0.496023,-0.391565
26-Jan-2025 14:20:55.398,-0.023213,0.646906,-0.327424
26-Jan-2025 14:20:55.414,-0.041539,0.746477,-0.292604
26-Jan-2025 14:20:55.430,-0.103847,0.794736,-0.248011
26-Jan-2025 14:20:55.446,-0.141721,0.79779,-0.237016
26-Jan-2025 14:20:55.462,-0.188147,0.814283,-0.240681
26-Jan-2025 14:20:55.478,-0.244957,0.808175,-0.250455
26-Jan-2025 14:20:55.494,-0.262672,0.800844,-0.3036
26-Jan-2025 14:20:55.510,-0.24679,0.898583,-0.40928
26-Jan-2025 14:20:55.526,-0.276111,1.026865,-0.332311
26-Jan-2025 14:20:55.542,-0.222355,0.988991,-0.288939
26-Jan-2025 14:20:55.558,-0.272446,1.07329,-0.208916
26-Jan-2025 14:20:55.574,-0.328645,1.069014,-0.114843
26-Jan-2025 14:20:55.590,-0.33903,1.03786,-0.101404
26-Jan-2025 14:20:55.606,-0.316428,0.995099,-0.146608
26-Jan-2025 14:20:55.622,-0.285885,0.954782,-0.200364
26-Jan-2025 14:20:55.638,-0.270613,0.94623,-0.262061
26-Jan-2025 14:20:55.654,-0.260839,0.951728,-0.296881
26-Jan-2025 14:20:55.670,-0.258396,0.967,-0.3036
26-Jan-2025 14:20:55.687,-0.224798,0.959669,-0.248622
26-Jan-2025 14:20:55.703,-0.171042,0.937678,-0.180205
26-Jan-2025 14:20:55.719,-0.079412,0.91813,-0.102014
26-Jan-2025 14:20:55.735,-0.004887,0.933402,-0.07025
26-Jan-2025 14:20:55.751,0.046426,0.914465,-0.081245
26-Jan-2025 14:20:55.767,0.040317,0.842994,-0.126449
26-Jan-2025 14:20:55.783,0.02138,0.71288,-0.232129
26-Jan-2025 14:20:55.799,0.002443,0.651793,-0.318261
26-Jan-2025 14:20:55.815,-0.044593,0.683558,-0.390343
26-Jan-2025 14:20:55.831,-0.032987,0.75564,-0.389121
26-Jan-2025 14:20:55.847,0.039095,0.788627,-0.335365
26-Jan-2025 14:20:55.863,0.163101,0.775188,-0.217468
26-Jan-2025 14:20:55.879,0.315206,0.777631,-0.16249
26-Jan-2025 14:20:55.895,0.322537,0.575435,-0.133779
26-Jan-2025 14:20:55.911,0.230907,0.514959,-0.155771
26-Jan-2025 14:20:55.927,0.249233,0.623693,-0.235183
26-Jan-2025 14:20:55.943,0.340863,0.695776,-0.298713
26-Jan-2025 14:20:55.959,0.382402,0.760527,-0.271835
26-Jan-2025 14:20:55.975,0.2474,0.824057,-0.192423
26-Jan-2025 14:20:55.991,0.091019,0.87537,-0.110567
26-Jan-2025 14:20:56.007,0.058032,0.83322,0.023213
26-Jan-2025 14:20:56.023,0.079412,0.803288,0.103847
26-Jan-2025 14:20:56.039,0.053756,0.861931,0.177151
26-Jan-2025 14:20:56.055,0.000611,0.954782,0.205862
26-Jan-2025 14:20:56.071,-0.068417,0.924239,0.215635
26-Jan-2025 14:20:56.088,-0.142332,0.808175,0.206472
26-Jan-2025 14:20:56.104,-0.142942,0.676839,0.217468
26-Jan-2025 14:20:56.120,-0.065363,0.701884,0.235794
26-Jan-2025 14:20:56.136,-0.006109,0.766025,0.25412
26-Jan-2025 14:20:56.152,-0.037874,0.828333,0.312152
26-Jan-2025 14:20:56.168,-0.071471,0.818559,0.376293
26-Jan-2025 14:20:56.184,-0.087354,0.769079,0.439212
26-Jan-2025 14:20:56.200,-0.103847,0.806342,0.432493
26-Jan-2025 14:20:56.216,-0.133169,0.803288,0.364076
26-Jan-2025 14:20:56.232,-0.131947,0.627969,0.277944
26-Jan-2025 14:20:56.248,-0.034819,0.419664,0.142332
26-Jan-2025 14:20:56.264,0.019548,0.353691,0.052534
26-Jan-2025 14:20:56.280,0.010385,0.324369,0.018326
26-Jan-2025 14:20:56.296,-0.038485,0.392175,0.067195
26-Jan-2025 14:20:56.312,-0.091019,0.480751,0.122784
26-Jan-2025 14:20:56.328,-0.107512,0.489914,0.180205
26-Jan-2025 14:20:56.344,-0.089797,0.433103,0.222966
26-Jan-2025 14:20:56.360,-0.038485,0.380569,0.169821
26-Jan-2025 14:20:56.376,-0.004887,0.343306,0.09163
26-Jan-2025 14:20:56.392,0.060476,0.314596,-0.029932
26-Jan-2025 14:20:56.408,0.104458,0.273668,-0.095906
26-Jan-2025 14:20:56.424,0.153938,0.101404,-0.076969
26-Jan-2025 14:20:56.440,0.159436,-0.043982,0.006109
26-Jan-2025 14:20:56.457,0.259618,-0.105069,-0.025656
26-Jan-2025 14:20:56.472,0.220522,-0.088575,-0.07025
26-Jan-2025 14:20:56.489,0.237016,-0.076969,-0.036041
26-Jan-2025 14:20:56.505,0.167377,-0.038485,0.005498
26-Jan-2025 14:20:56.521,0.116675,-0.097738,0.052534
26-Jan-2025 14:20:56.537,0.039095,-0.089186,0.039095
26-Jan-2025 14:20:56.553,-0.001222,-0.116064,0.023213
26-Jan-2025 14:20:56.569,0.128282,-0.386067,0.001833
26-Jan-2025 14:20:56.585,0.271835,-0.463647,0.036041
26-Jan-2025 14:20:56.601,0.274889,-0.404393,0.051924
26-Jan-2025 14:20:56.617,0.109345,-0.428827,0.048258
26-Jan-2025 14:20:56.633,-0.018326,-0.49419,0.019548
26-Jan-2025 14:20:56.649,-0.155771,-0.532064,-0.076969
26-Jan-2025 14:20:56.665,-0.267559,-0.587041,-0.16921
26-Jan-2025 14:20:56.681,-0.350026,-0.551,-0.242514
26-Jan-2025 14:20:56.697,-0.17654,-0.572381,-0.276111
26-Jan-2025 14:20:56.713,0.048869,-0.506407,-0.376904
26-Jan-2025 14:20:56.729,0.136834,-0.503964,-0.441045
26-Jan-2025 14:20:56.745,0.22602,-0.50152,-0.411112
26-Jan-2025 14:20:56.761,0.22602,-0.485027,-0.33903
26-Jan-2025 14:20:56.777,0.136834,-0.535729,-0.251066
26-Jan-2025 14:20:56.793,-0.01405,-0.591318,-0.126449
26-Jan-2025 14:20:56.809,-0.146608,-0.569937,-0.092241
26-Jan-2025 14:20:56.825,-0.350026,-0.383013,-0.157603
26-Jan-2025 14:20:56.841,-0.408058,-0.330478,-0.26145
26-Jan-2025 14:20:56.857,-0.34575,-0.351858,-0.400728
26-Jan-2025 14:20:56.873,-0.256563,-0.35308,-0.419664
26-Jan-2025 14:20:56.890,-0.181427,-0.311541,-0.325591
26-Jan-2025 14:20:56.906,-0.306043,-0.023213,-0.259618
26-Jan-2025 14:20:56.922,-0.265726,-0.200975,-0.210749
26-Jan-2025 14:20:56.938,-0.171653,-0.003054,-0.142332
26-Jan-2025 14:20:56.954,-0.069639,-0.041539,-0.167988
26-Jan-2025 14:20:56.970,0.043982,-0.224798,-0.249233
26-Jan-2025 14:20:56.986,0.0562,-0.222355,-0.295659
26-Jan-2025 14:20:57.002,-0.001833,-0.080634,-0.31032
26-Jan-2025 14:20:57.018,0.009774,-0.032987,-0.29627
26-Jan-2025 14:20:57.034,0.119119,-0.065363,-0.270002
26-Jan-2025 14:20:57.050,0.189368,-0.065973,-0.271224
26-Jan-2025 14:20:57.066,0.193033,-0.07758,-0.312763
26-Jan-2025 14:20:57.082,0.104458,-0.135612,-0.405615
26-Jan-2025 14:20:57.098,0.050091,-0.124617,-0.459982
26-Jan-2025 14:20:57.114,0.045204,-0.117897,-0.455705
26-Jan-2025 14:20:57.130,0.081856,-0.132558,-0.420275
26-Jan-2025 14:20:57.146,0.284052,-0.119119,-0.377515
26-Jan-2025 14:20:57.162,0.549168,-0.122173,-0.320093
26-Jan-2025 14:20:57.178,0.664621,-0.18326,-0.147219
26-Jan-2025 14:20:57.194,0.596815,-0.045204,0.005498
26-Jan-2025 14:20:57.210,0.485638,0.125227,0.118508
26-Jan-2025 14:20:57.226,0.379958,0.080634,0.139888
26-Jan-2025 14:20:57.242,0.269392,-0.048258,0.156382
26-Jan-2025 14:20:57.258,0.12034,-0.114843,0.139888
26-Jan-2025 14:20:57.274,0.050702,-0.051924,0.078802
26-Jan-2025 14:20:57.291,0.103236,0.050091,0.083689
26-Jan-2025 14:20:57.307,0.19792,-0.048869,0.187536
26-Jan-2025 14:20:57.323,0.257174,-0.252287,0.347582
26-Jan-2025 14:20:57.339,0.235183,-0.292604,0.438601
26-Jan-2025 14:20:57.355,0.136834,-0.219911,0.490525
26-Jan-2025 14:20:57.371,0.032376,-0.094073,0.510072
26-Jan-2025 14:20:57.387,-0.086132,-0.178373,0.527788
26-Jan-2025 14:20:57.403,-0.189368,-0.426384,0.518625
26-Jan-2025 14:20:57.419,-0.172264,-0.518014,0.497855
26-Jan-2025 14:20:57.435,-0.127671,-0.478307,0.510072
26-Jan-2025 14:20:57.451,-0.136223,-0.450819,0.525344
26-Jan-2025 14:20:57.467,-0.172264,-0.492357,0.48747
26-Jan-2025 14:20:57.483,-0.155771,-0.644463,0.420886
26-Jan-2025 14:20:57.499,-0.110567,-0.775799,0.301157
26-Jan-2025 14:20:57.515,-0.107512,-0.831388,0.237627
26-Jan-2025 14:20:57.531,-0.106901,-0.906524,0.212581
26-Jan-2025 14:20:57.547,-0.125838,-0.968832,0.233351
26-Jan-2025 14:20:57.563,-0.152716,-0.968221,0.2755
26-Jan-2025 14:20:57.579,-0.181427,-0.943787,0.324369
26-Jan-2025 14:20:57.595,-0.166155,-0.971887,0.340863
26-Jan-2025 14:20:57.611,-0.094073,-0.993267,0.316428
26-Jan-2025 14:20:57.627,-0.015272,-0.996932,0.271835
26-Jan-2025 14:20:57.643,0.062919,-1.078177,0.227853
26-Jan-2025 14:20:57.659,0.103847,-1.123381,0.245568
26-Jan-2025 14:20:57.675,0.10568,-1.154535,0.286496
26-Jan-2025 14:20:57.692,0.031765,-1.227839,0.341474
26-Jan-2025 14:20:57.708,-0.00733,-1.297478,0.378126
26-Jan-2025 14:20:57.724,-0.008552,-1.363451,0.433103
26-Jan-2025 14:20:57.740,0.002443,-1.379334,0.45204
26-Jan-2025 14:20:57.756,0.066584,-1.44042,0.418443
26-Jan-2025 14:20:57.772,0.152716,-1.517389,0.387289
26-Jan-2025 14:20:57.788,0.265726,-1.527774,0.357967
26-Jan-2025 14:20:57.804,0.320093,-1.485624,0.365908
26-Jan-2025 14:20:57.820,0.286496,-1.415986,0.420886
26-Jan-2025 14:20:57.836,0.19059,-1.442253,0.481362
26-Jan-2025 14:20:57.852,0.047647,-1.564426,0.533896
26-Jan-2025 14:20:57.868,-0.204029,-1.733025,0.521679
26-Jan-2025 14:20:57.884,-0.375682,-1.749518,0.436769
26-Jan-2025 14:20:57.900,-0.544281,-1.791057,0.266337
26-Jan-2025 14:20:57.916,-0.596204,-1.905289,0.120951
26-Jan-2025 14:20:57.932,-0.411112,-1.94133,-0.075747
26-Jan-2025 14:20:57.948,-0.108123,-1.788003,-0.219911
26-Jan-2025 14:20:57.964,0.200364,-1.586417,-0.334754
26-Jan-2025 14:20:57.980,0.273668,-1.48257,-0.313374
26-Jan-2025 14:20:57.996,0.263894,-1.393384,-0.258396
26-Jan-2025 14:20:58.012,0.116064,-1.402547,-0.184481
26-Jan-2025 14:20:58.028,-0.022602,-1.492344,-0.044593
26-Jan-2025 14:20:58.044,-0.171042,-1.500896,0.152105
26-Jan-2025 14:20:58.061,-0.271224,-1.368949,0.140499
26-Jan-2025 14:20:58.076,-0.350026,-1.192409,-0.050091
26-Jan-2025 14:20:58.093,-0.315206,-1.05191,-0.189979
26-Jan-2025 14:20:58.109,-0.251676,-1.026254,-0.28222
26-Jan-2025 14:20:58.125,-0.186925,-1.039082,-0.277333
26-Jan-2025 14:20:58.141,-0.075747,-0.972497,-0.207083
26-Jan-2025 14:20:58.157,-0.038485,-0.921796,-0.140499
26-Jan-2025 14:20:58.173,-0.039095,-0.910189,-0.102014
26-Jan-2025 14:20:58.189,-0.055589,-0.908967,-0.102625
26-Jan-2025 14:20:58.205,-0.088575,-0.899194,-0.119119
26-Jan-2025 14:20:58.221,-0.135001,-0.857044,-0.131947
26-Jan-2025 14:20:58.237,-0.149662,-0.796568,-0.138056
26-Jan-2025 14:20:58.253,-0.161268,-0.69211,-0.160658
26-Jan-2025 14:20:58.269,-0.137445,-0.64935,-0.202196
26-Jan-2025 14:20:58.285,-0.059254,-0.575435,-0.271835
26-Jan-2025 14:20:58.301,-0.016493,-0.505796,-0.313374
26-Jan-2025 14:20:58.317,0.000611,-0.412945,-0.340863
26-Jan-2025 14:20:58.333,0.001222,-0.237627,-0.376293
26-Jan-2025 14:20:58.349,-0.001222,-0.163712,-0.411112
26-Jan-2025 14:20:58.365,-0.010996,-0.213803,-0.445932
26-Jan-2025 14:20:58.381,0.014661,-0.213192,-0.470977
26-Jan-2025 14:20:58.397,0.103847,-0.203418,-0.496023
26-Jan-2025 14:20:58.413,0.157603,-0.198531,-0.502742
26-Jan-2025 14:20:58.429,0.317039,-0.221133,-0.483805
26-Jan-2025 14:20:58.445,0.561385,-0.244957,-0.432493
26-Jan-2025 14:20:58.462,0.660345,-0.326202,-0.335976
26-Jan-2025 14:20:58.477,0.469145,-0.530842,-0.18326
26-Jan-2025 14:20:58.494,0.392175,-0.570548,-0.102014
26-Jan-2025 14:20:58.510,0.357356,-0.568105,-0.036041
26-Jan-2025 14:20:58.526,0.296881,-0.59315,0.011606
26-Jan-2025 14:20:58.542,0.242514,-0.594372,0.043982
26-Jan-2025 14:20:58.558,0.214414,-0.561996,0.023824
26-Jan-2025 14:20:58.574,0.201586,-0.530231,0.058032
26-Jan-2025 14:20:58.590,0.188147,-0.658513,0.153327
26-Jan-2025 14:20:58.606,0.135001,-0.828333,0.295659
26-Jan-2025 14:20:58.622,0.102014,-0.802066,0.35308
26-Jan-2025 14:20:58.638,0.031154,-0.731206,0.364687
26-Jan-2025 14:20:58.654,-0.102625,-0.761138,0.390343
26-Jan-2025 14:20:58.670,-0.14844,-0.880257,0.411723
26-Jan-2025 14:20:58.686,-0.106901,-1.043969,0.398895
26-Jan-2025 14:20:58.702,-0.043982,-1.100168,0.368963
26-Jan-2025 14:20:58.718,0.028711,-1.081231,0.351248
26-Jan-2025 14:20:58.734,0.089186,-1.087951,0.356134
26-Jan-2025 14:20:58.750,0.147829,-1.156368,0.343917
26-Jan-2025 14:20:58.766,0.133169,-1.23517,0.304822
26-Jan-2025 14:20:58.782,0.072693,-1.305419,0.255342
26-Jan-2025 14:20:58.798,-0.003665,-1.357343,0.194866
26-Jan-2025 14:20:58.814,-0.047647,-1.357343,0.158214
26-Jan-2025 14:20:58.830,-0.120951,-1.367116,0.143553
26-Jan-2025 14:20:58.846,-0.141721,-1.27793,0.161268
26-Jan-2025 14:20:58.863,-0.149662,-1.174083,0.17654
26-Jan-2025 14:20:58.879,-0.178373,-1.213789,0.171653
26-Jan-2025 14:20:58.895,-0.155771,-1.215011,0.147219
26-Jan-2025 14:20:58.911,-0.109956,-1.127046,0.110567
26-Jan-2025 14:20:58.927,-0.07086,-1.065349,0.07758
26-Jan-2025 14:20:58.943,-0.029932,-1.096503,0.078802
26-Jan-2025 14:20:58.959,-0.007941,-1.139264,0.11301
26-Jan-2025 14:20:58.975,-0.00672,-1.165531,0.166766
26-Jan-2025 14:20:58.991,0.003054,-1.151481,0.215635
26-Jan-2025 14:20:59.007,0.012217,-1.10811,0.308487
26-Jan-2025 14:20:59.023,0.032987,-1.061073,0.359189
26-Jan-2025 14:20:59.039,0.104458,-1.110553,0.356745
26-Jan-2025 14:20:59.055,0.175318,-1.204626,0.31093
26-Jan-2025 14:20:59.071,0.228464,-1.321302,0.2474
26-Jan-2025 14:20:59.087,0.222966,-1.300532,0.224188
26-Jan-2025 14:20:59.103,0.226631,-1.196685,0.219911
26-Jan-2025 14:20:59.119,0.271835,-1.028086,0.256563
26-Jan-2025 14:20:59.135,0.262061,-0.985937,0.315206
26-Jan-2025 14:20:59.151,0.233961,-0.934624,0.426384
26-Jan-2025 14:20:59.167,0.14111,-1.017702,0.483194
26-Jan-2025 14:20:59.183,-0.105069,-1.261437,0.469145
26-Jan-2025 14:20:59.199,-0.297491,-1.443475,0.366519
26-Jan-2025 14:20:59.215,-0.452651,-1.55343,0.165544
26-Jan-2025 14:20:59.231,-0.519235,-1.507615,0.00733
26-Jan-2025 14:20:59.247,-0.496023,-1.439198,-0.131336
26-Jan-2025 14:20:59.264,-0.309709,-1.379334,-0.251676
26-Jan-2025 14:20:59.280,-0.154549,-1.382388,-0.2755
26-Jan-2025 14:20:59.296,-0.003054,-1.354288,-0.219911
26-Jan-2025 14:20:59.312,0.079412,-1.23578,-0.164934
26-Jan-2025 14:20:59.328,0.11973,-1.2144,-0.059254
26-Jan-2025 14:20:59.344,0.088575,-1.356121,0.068417
26-Jan-2025 14:20:59.360,-0.046426,-1.480127,0.139277
26-Jan-2025 14:20:59.376,-0.193033,-1.452638,0.054978
26-Jan-2025 14:20:59.392,-0.323148,-1.361008,-0.082467
26-Jan-2025 14:20:59.408,-0.379347,-1.233948,-0.255342
26-Jan-2025 14:20:59.424,-0.348193,-1.181413,-0.312763
26-Jan-2025 14:20:59.440,-0.281609,-1.118494,-0.288939
26-Jan-2025 14:20:59.456,-0.221744,-1.070236,-0.235794
26-Jan-2025 14:20:59.472,-0.133169,-1.01648,-0.175929
26-Jan-2025 14:20:59.488,-0.059865,-1.018312,-0.167377
26-Jan-2025 14:20:59.504,0.032376,-1.024421,-0.191812
26-Jan-2025 14:20:59.520,0.051924,-1.026254,-0.219911
26-Jan-2025 14:20:59.536,0.003054,-1.047023,-0.257785
26-Jan-2025 14:20:59.552,-0.026878,-1.062295,-0.274889
26-Jan-2025 14:20:59.568,-0.003054,-1.057408,-0.290772
26-Jan-2025 14:20:59.584,0.112399,-0.869261,-0.299935
26-Jan-2025 14:20:59.600,0.153938,-0.784962,-0.295048
26-Jan-2025 14:20:59.616,0.18326,-0.822225,-0.312763
26-Jan-2025 14:20:59.632,0.252287,-0.865596,-0.362243
26-Jan-2025 14:20:59.648,0.315206,-0.953561,-0.470366
26-Jan-2025 14:20:59.665,0.323148,-0.986547,-0.555277
26-Jan-2025 14:20:59.681,0.343306,-0.915076,-0.633467
26-Jan-2025 14:20:59.697,0.445932,-0.858266,-0.657291
26-Jan-2025 14:20:59.713,0.616974,-0.806342,-0.576657
26-Jan-2025 14:20:59.729,0.647517,-0.844216,-0.276722
26-Jan-2025 14:20:59.745,0.537561,-0.886365,-0.131336
26-Jan-2025 14:20:59.761,0.485638,-0.867429,-0.103847
26-Jan-2025 14:20:59.777,0.488081,-0.810007,-0.097128
26-Jan-2025 14:20:59.793,0.440434,-0.738536,-0.089186
26-Jan-2025 14:20:59.809,0.3598,-0.707993,-0.100793
26-Jan-2025 14:20:59.825,0.254731,-0.660345,-0.099571
26-Jan-2025 14:20:59.841,0.250455,-0.638354,-0.073304
26-Jan-2025 14:20:59.857,0.295659,-0.694554,-0.032376
26-Jan-2025 14:20:59.873,0.348804,-0.841772,0.072693
26-Jan-2025 14:20:59.889,0.348193,-0.886365,0.200364
26-Jan-2025 14:20:59.905,0.262061,-0.891252,0.352469
26-Jan-2025 14:20:59.921,0.153938,-0.870483,0.390954
26-Jan-2025 14:20:59.937,0.034208,-0.866207,0.342695
26-Jan-2025 14:20:59.953,-0.038485,-0.844216,0.280998
26-Jan-2025 14:20:59.969,-0.136223,-0.743423,0.250455
26-Jan-2025 14:20:59.985,-0.167377,-0.682336,0.259618
26-Jan-2025 14:21:00.001,-0.150884,-0.717767,0.295659
26-Jan-2025 14:21:00.018,-0.126449,-0.788016,0.301157
26-Jan-2025 14:21:00.034,-0.114232,-0.81917,0.295048
26-Jan-2025 14:21:00.050,-0.13439,-0.773355,0.267559
26-Jan-2025 14:21:00.066,-0.157603,-0.728151,0.241903
26-Jan-2025 14:21:00.082,-0.203418,-0.648739,0.263283
26-Jan-2025 14:21:00.098,-0.253509,-0.564439,0.31093
26-Jan-2025 14:21:00.114,-0.315206,-0.47281,0.36713
26-Jan-2025 14:21:00.130,-0.315206,-0.42394,0.372628
26-Jan-2025 14:21:00.146,-0.270002,-0.350637,0.338419
26-Jan-2025 14:21:00.162,-0.222966,-0.28222,0.300546
26-Jan-2025 14:21:00.178,-0.164934,-0.210749,0.272446
26-Jan-2025 14:21:00.194,-0.089186,-0.166155,0.257785
26-Jan-2025 14:21:00.210,-0.043371,-0.138666,0.276111
26-Jan-2025 14:21:00.226,-0.000611,-0.09163,0.312152
26-Jan-2025 14:21:00.242,0.038485,-0.036041,0.327424
26-Jan-2025 14:21:00.258,0.106901,0.004276,0.324369
26-Jan-2025 14:21:00.274,0.114232,-0.01405,0.322537
26-Jan-2025 14:21:00.290,0.091019,0.00733,0.342695
26-Jan-2025 14:21:00.306,0.109956,0.188147,0.354913
26-Jan-2025 14:21:00.322,0.072693,0.210138,0.334143
26-Jan-2025 14:21:00.338,0.11301,0.141721,0.322537
26-Jan-2025 14:21:00.354,0.249233,0.122784,0.31765
26-Jan-2025 14:21:00.371,0.40928,0.256563,0.346361
26-Jan-2025 14:21:00.387,0.430049,0.428217,0.387289
26-Jan-2025 14:21:00.403,0.420886,0.538783,0.435547
26-Jan-2025 14:21:00.419,0.40928,0.446543,0.447764
26-Jan-2025 14:21:00.435,0.267559,0.220522,0.433103
26-Jan-2025 14:21:00.451,0.131947,0.138666,0.403171
26-Jan-2025 14:21:00.467,-0.033598,0.16249,0.317039
26-Jan-2025 14:21:00.483,-0.174097,0.160047,0.216246
26-Jan-2025 14:21:00.499,-0.294437,0.130725,0.116064
26-Jan-2025 14:21:00.515,-0.34575,0.10568,0.00733
26-Jan-2025 14:21:00.531,-0.234572,0.160047,-0.044593
26-Jan-2025 14:21:00.547,0.040317,0.257174,-0.076358
26-Jan-2025 14:21:00.563,0.177762,0.288939,-0.080634
26-Jan-2025 14:21:00.579,0.194255,0.365297,-0.092852
26-Jan-2025 14:21:00.595,0.142332,0.49419,-0.113621
26-Jan-2025 14:21:00.611,0.151495,0.676228,-0.080023
26-Jan-2025 14:21:00.627,0.160658,0.577268,-0.009774
26-Jan-2025 14:21:00.643,0.100182,0.422108,0.029932
26-Jan-2025 14:21:00.659,-0.086132,0.406836,-0.019548
26-Jan-2025 14:21:00.675,-0.207694,0.540005,-0.136223
26-Jan-2025 14:21:00.691,-0.278555,0.709825,-0.305433
26-Jan-2025 14:21:00.708,-0.287107,0.785573,-0.384845
26-Jan-2025 14:21:00.724,-0.301767,0.863153,-0.395841
26-Jan-2025 14:21:00.740,-0.324369,0.920574,-0.345139
26-Jan-2025 14:21:00.756,-0.314596,0.949895,-0.266337
26-Jan-2025 14:21:00.772,-0.264505,0.925461,-0.219301
26-Jan-2025 14:21:00.788,-0.177762,0.874759,-0.209527
26-Jan-2025 14:21:00.804,-0.118508,0.835664,-0.230907
26-Jan-2025 14:21:00.820,-0.07025,0.813672,-0.24679
26-Jan-2025 14:21:00.836,-0.026878,0.777021,-0.24679
26-Jan-2025 14:21:00.852,-0.023213,0.752586,-0.233961
26-Jan-2025 14:21:00.868,-0.031154,0.767858,-0.22602
26-Jan-2025 14:21:00.884,-0.020159,0.834442,-0.221133
26-Jan-2025 14:21:00.900,0.050702,0.895528,-0.233961
26-Jan-2025 14:21:00.916,0.107512,0.842994,-0.243124
26-Jan-2025 14:21:00.932,0.129503,0.792292,-0.235794
26-Jan-2025 14:21:00.948,0.140499,0.806953,-0.257785
26-Jan-2025 14:21:00.964,0.149662,0.78374,-0.298713
26-Jan-2025 14:21:00.980,0.153327,0.700052,-0.341474
26-Jan-2025 14:21:00.996,0.129503,0.667676,-0.3598
26-Jan-2025 14:21:01.012,0.066584,0.690278,-0.370184
26-Jan-2025 14:21:01.028,0.029932,0.714712,-0.369573
26-Jan-2025 14:21:01.044,0.153327,0.794736,-0.379347
26-Jan-2025 14:21:01.060,0.252898,0.708604,-0.288328
26-Jan-2025 14:21:01.076,0.192423,0.540616,-0.095295
26-Jan-2025 14:21:01.092,0.215025,0.591928,-0.050702
26-Jan-2025 14:21:01.109,0.241903,0.481973,-0.106291
26-Jan-2025 14:21:01.125,0.239459,0.394008,-0.106901
26-Jan-2025 14:21:01.141,0.222355,0.447153,-0.069639
26-Jan-2025 14:21:01.157,0.109345,0.587041,-0.008552
26-Jan-2025 14:21:01.173,-0.025045,0.640187,0.027489
26-Jan-2025 14:21:01.189,-0.180816,0.67745,0.085521
26-Jan-2025 14:21:01.205,-0.234572,0.708604,0.156382
26-Jan-2025 14:21:01.221,-0.191812,0.695165,0.241903
26-Jan-2025 14:21:01.237,-0.138056,0.598648,0.222355
26-Jan-2025 14:21:01.253,-0.11301,0.489914,0.124006
26-Jan-2025 14:21:01.269,-0.147829,0.535118,0.084299
26-Jan-2025 14:21:01.285,-0.203418,0.622472,0.105069
26-Jan-2025 14:21:01.301,-0.260229,0.671341,0.218079
26-Jan-2025 14:21:01.317,-0.273668,0.601702,0.313985
26-Jan-2025 14:21:01.333,-0.268781,0.451429,0.397062
26-Jan-2025 14:21:01.349,-0.222966,0.397062,0.414777
26-Jan-2025 14:21:01.365,-0.167377,0.295048,0.389732
26-Jan-2025 14:21:01.381,-0.157603,0.234572,0.340863
26-Jan-2025 14:21:01.397,-0.124617,0.217468,0.268781
26-Jan-2025 14:21:01.413,-0.099571,0.193644,0.233351
26-Jan-2025 14:21:01.429,-0.061697,0.133779,0.219301
26-Jan-2025 14:21:01.445,-0.045204,0.051313,0.213803
26-Jan-2025 14:21:01.462,-0.064141,-0.025656,0.210138
26-Jan-2025 14:21:01.478,-0.108734,-0.110567,0.227853
26-Jan-2025 14:21:01.494,-0.139888,-0.144164,0.241292
26-Jan-2025 14:21:01.510,-0.169821,-0.165544,0.244346
26-Jan-2025 14:21:01.526,-0.160658,-0.208916,0.229074
26-Jan-2025 14:21:01.542,-0.13439,-0.31765,0.211359
26-Jan-2025 14:21:01.558,-0.076969,-0.364687,0.200364
26-Jan-2025 14:21:01.574,0.069639,-0.375071,0.180205
26-Jan-2025 14:21:01.590,0.157603,-0.415388,0.171042
26-Jan-2025 14:21:01.606,0.182038,-0.483194,0.18387
26-Jan-2025 14:21:01.622,0.199142,-0.463647,0.208916
26-Jan-2025 14:21:01.638,0.220522,-0.429438,0.210749
26-Jan-2025 14:21:01.654,0.2755,-0.44471,0.189368
26-Jan-2025 14:21:01.670,0.321315,-0.510072,0.189979
26-Jan-2025 14:21:01.686,0.434936,-0.556498,0.210749
26-Jan-2025 14:21:01.702,0.525344,-0.566883,0.237627
26-Jan-2025 14:21:01.718,0.538172,-0.55039,0.237627
26-Jan-2025 14:21:01.734,0.39523,-0.602924,0.21869
26-Jan-2025 14:21:01.750,0.200364,-0.669508,0.166155
26-Jan-2025 14:21:01.766,0.031154,-0.728762,0.019548
26-Jan-2025 14:21:01.782,-0.045204,-0.802677,-0.108734
26-Jan-2025 14:21:01.798,-0.107512,-0.9108,-0.217468
26-Jan-2025 14:21:01.815,-0.069639,-0.894918,-0.263283
26-Jan-2025 14:21:01.831,0.146608,-0.553444,-0.304822
26-Jan-2025 14:21:01.847,0.270002,-0.430049,-0.3317
26-Jan-2025 14:21:01.863,0.327424,-0.434325,-0.335365
26-Jan-2025 14:21:01.879,0.345139,-0.459371,-0.312152
26-Jan-2025 14:21:01.895,0.223577,-0.526566,-0.237016
26-Jan-2025 14:21:01.911,0.047037,-0.561996,-0.16921
26-Jan-2025 14:21:01.927,-0.069028,-0.475253,-0.152716
26-Jan-2025 14:21:01.943,-0.113621,-0.240681,-0.221133
26-Jan-2025 14:21:01.959,-0.130725,-0.088575,-0.317039
26-Jan-2025 14:21:01.975,-0.119119,0.059254,-0.411112
26-Jan-2025 14:21:01.991,-0.098349,0.172264,-0.420275
26-Jan-2025 14:21:02.007,-0.088575,0.320093,-0.392175
26-Jan-2025 14:21:02.023,-0.105069,0.352469,-0.361021
26-Jan-2025 14:21:02.039,-0.116064,0.343917,-0.308487
26-Jan-2025 14:21:02.055,-0.094073,0.364687,-0.283441
26-Jan-2025 14:21:02.071,-0.051924,0.386678,-0.291383
26-Jan-2025 14:21:02.087,-0.044593,0.426384,-0.351248
26-Jan-2025 14:21:02.103,-0.072082,0.478307,-0.39523
26-Jan-2025 14:21:02.119,-0.130725,0.561996,-0.378126
26-Jan-2025 14:21:02.135,-0.120951,0.631024,-0.299324
26-Jan-2025 14:21:02.152,-0.081245,0.683558,-0.236405
26-Jan-2025 14:21:02.168,-0.03543,0.681726,-0.230907
26-Jan-2025 14:21:02.184,0.01405,0.666454,-0.204029
26-Jan-2025 14:21:02.200,0.033598,0.654237,-0.178984
26-Jan-2025 14:21:02.216,0.020159,0.621861,-0.191201
26-Jan-2025 14:21:02.232,-0.026878,0.59315,-0.21197
26-Jan-2025 14:21:02.248,-0.092852,0.611476,-0.210749
26-Jan-2025 14:21:02.264,-0.163101,0.711047,-0.193644
26-Jan-2025 14:21:02.280,-0.161879,0.75564,-0.201586
26-Jan-2025 14:21:02.296,-0.069028,0.799012,-0.197309
26-Jan-2025 14:21:02.312,0.149051,0.848492,-0.174707
26-Jan-2025 14:21:02.328,0.539394,0.922406,-0.094073
26-Jan-2025 14:21:02.344,0.461814,0.805731,0.009774
26-Jan-2025 14:21:02.360,0.184481,0.721432,0.067195
26-Jan-2025 14:21:02.376,0.165544,0.722654,0.031154
26-Jan-2025 14:21:02.392,0.213803,0.712269,-0.01405
26-Jan-2025 14:21:02.408,0.242514,0.775188,-0.039095
26-Jan-2025 14:21:02.424,0.161879,0.871094,-0.054367
26-Jan-2025 14:21:02.440,-0.088575,1.034806,-0.067195
26-Jan-2025 14:21:02.456,-0.258396,1.124603,-0.051924
26-Jan-2025 14:21:02.473,-0.326202,1.230283,0.024435
26-Jan-2025 14:21:02.488,-0.264505,1.237613,0.110567
26-Jan-2025 14:21:02.505,-0.158825,1.167974,0.208916
26-Jan-2025 14:21:02.521,-0.118508,1.147205,0.254731
26-Jan-2025 14:21:02.537,-0.136834,1.220509,0.270002
26-Jan-2025 14:21:02.553,-0.22602,1.259604,0.259007
26-Jan-2025 14:21:02.569,-0.33903,1.289536,0.252898
26-Jan-2025 14:21:02.585,-0.450208,1.321302,0.239459
26-Jan-2025 14:21:02.601,-0.441656,1.296867,0.213192
26-Jan-2025 14:21:02.617,-0.326813,1.335962,0.171042
26-Jan-2025 14:21:02.633,-0.296881,1.240667,0.147219
26-Jan-2025 14:21:02.649,-0.257174,1.107499,0.128893
26-Jan-2025 14:21:02.665,-0.160047,1.091616,0.11301
26-Jan-2025 14:21:02.681,-0.076358,1.11544,0.075136
26-Jan-2025 14:21:02.697,-0.090408,1.119716,0.055589
26-Jan-2025 14:21:02.713,-0.097738,1.117272,0.055589
26-Jan-2025 14:21:02.729,-0.066584,1.062295,0.078802
26-Jan-2025 14:21:02.745,-0.047647,1.012815,0.08491
26-Jan-2025 14:21:02.761,-0.012217,1.026865,0.059865
26-Jan-2025 14:21:02.777,0.012217,1.081842,0.028711
26-Jan-2025 14:21:02.793,0.047647,1.075123,-0.00672
26-Jan-2025 14:21:02.809,0.097128,1.026865,-0.02138
26-Jan-2025 14:21:02.825,0.207083,0.976774,-0.032987
26-Jan-2025 14:21:02.841,0.282831,0.945619,-0.039706
26-Jan-2025 14:21:02.858,0.312152,0.918741,-0.053756
26-Jan-2025 14:21:02.874,0.296881,0.866207,-0.067195
26-Jan-2025 14:21:02.890,0.280998,0.79046,-0.042761
26-Jan-2025 14:21:02.906,0.325591,0.792292,0
26-Jan-2025 14:21:02.922,0.449597,0.990823,0.032376
26-Jan-2025 14:21:02.938,0.33903,1.089173,0.0562
26-Jan-2025 14:21:02.954,0.025656,0.960891,0.001222
26-Jan-2025 14:21:02.970,-0.167377,0.865596,-0.24007
26-Jan-2025 14:21:02.986,-0.00672,0.743423,-0.442877
26-Jan-2025 14:21:03.002,0.257785,0.626137,-0.542448
26-Jan-2025 14:21:03.018,0.265726,0.724486,-0.483194
26-Jan-2025 14:21:03.034,0.158214,0.949895,-0.38851
26-Jan-2025 14:21:03.050,0.073304,1.118494,-0.314596
26-Jan-2025 14:21:03.066,0.096517,1.272432,-0.314596
26-Jan-2025 14:21:03.082,0.092241,1.436144,-0.31765
26-Jan-2025 14:21:03.098,-0.02138,1.469742,-0.265116
26-Jan-2025 14:21:03.114,-0.189368,1.630399,-0.182649
26-Jan-2025 14:21:03.130,-0.236405,1.77884,-0.163712
26-Jan-2025 14:21:03.146,-0.182038,1.893682,-0.23274
26-Jan-2025 14:21:03.162,-0.106291,1.976149,-0.306654
26-Jan-2025 14:21:03.178,-0.038485,2.070222,-0.359189
26-Jan-2025 14:21:03.195,-0.007941,2.249817,-0.342085
26-Jan-2025 14:21:03.210,-0.013439,2.368935,-0.265116
26-Jan-2025 14:21:03.227,0.003054,2.431244,-0.109956
26-Jan-2025 14:21:03.243,0.048258,2.401922,-0.026878
26-Jan-2025 14:21:03.259,0.156382,2.284636,-0.010385
26-Jan-2025 14:21:03.275,0.236405,2.312125,-0.066584
26-Jan-2025 14:21:03.291,0.252898,2.524706,-0.210749
26-Jan-2025 14:21:03.307,0.169821,2.673757,-0.295048
26-Jan-2025 14:21:03.323,0.017715,2.685364,-0.328035
26-Jan-2025 14:21:03.339,-0.010996,2.610838,-0.319483
26-Jan-2025 14:21:03.355,0.062919,2.549141,-0.293215
26-Jan-2025 14:21:03.371,0.130114,2.613892,-0.270002
26-Jan-2025 14:21:03.387,0.091019,2.64016,-0.287718
26-Jan-2025 14:21:03.403,0.030543,2.609616,-0.354913
26-Jan-2025 14:21:03.419,0.018326,2.486222,-0.419664
26-Jan-2025 14:21:03.435,0.025656,2.353053,-0.489914
26-Jan-2025 14:21:03.451,0.040928,2.412918,-0.509462
26-Jan-2025 14:21:03.467,-0.053145,2.450791,-0.524122
26-Jan-2025 14:21:03.483,-0.153938,2.485611,-0.519846
26-Jan-2025 14:21:03.499,-0.274278,2.474004,-0.498466
26-Jan-2025 14:21:03.515,-0.45204,2.4007,-0.50091
26-Jan-2025 14:21:03.531,-0.57177,2.345112,-0.491136
26-Jan-2025 14:21:03.548,-0.697608,2.35794,-0.461203
26-Jan-2025 14:21:03.564,-0.783129,2.373211,-0.441656
26-Jan-2025 14:21:03.580,-0.839329,2.320677,-0.408058
26-Jan-2025 14:21:03.596,-0.821003,2.282804,-0.392175
26-Jan-2025 14:21:03.612,-0.753197,2.247984,-0.394008
26-Jan-2025 14:21:03.628,-0.690278,2.174069,-0.378736
26-Jan-2025 14:21:03.644,-0.615141,2.053729,-0.286496
26-Jan-2025 14:21:03.660,-0.564439,2.010968,-0.16249
26-Jan-2025 14:21:03.676,-0.525955,2.008525,-0.032987
26-Jan-2025 14:21:03.692,-0.478307,2.021964,0.07758
26-Jan-2025 14:21:03.708,-0.419054,2.047009,0.116675
26-Jan-2025 14:21:03.724,-0.328035,1.966375,0.147219
26-Jan-2025 14:21:03.740,-0.215635,1.850311,0.159436
26-Jan-2025 14:21:03.756,-0.082467,1.775174,0.177762
26-Jan-2025 14:21:03.772,-0.034208,1.765401,0.199753
26-Jan-2025 14:21:03.788,-0.040317,1.876578,0.233351
26-Jan-2025 14:21:03.804,-0.075136,1.924836,0.256563
26-Jan-2025 14:21:03.820,-0.094684,1.921782,0.28222
26-Jan-2025 14:21:03.836,-0.089186,1.860695,0.314596
26-Jan-2025 14:21:03.852,-0.072082,1.817935,0.332311
26-Jan-2025 14:21:03.868,-0.075136,1.841759,0.346971
26-Jan-2025 14:21:03.884,-0.105069,1.878411,0.351858
26-Jan-2025 14:21:03.900,-0.129503,1.898569,0.322537
26-Jan-2025 14:21:03.917,-0.086743,1.865582,0.276722
26-Jan-2025 14:21:03.933,0.026267,1.734857,0.206472
26-Jan-2025 14:21:03.949,0.099571,1.619404,0.165544
26-Jan-2025 14:21:03.965,0.118508,1.576032,0.135001
26-Jan-2025 14:21:03.981,0.086743,1.588861,0.133169
26-Jan-2025 14:21:03.997,0.06353,1.6023,0.142942
26-Jan-2025 14:21:04.013,0.020769,1.5742,0.126449
26-Jan-2025 14:21:04.029,-0.00672,1.488068,0.105069
26-Jan-2025 14:21:04.045,-0.014661,1.337184,0.093462
26-Jan-2025 14:21:04.061,-0.002443,1.258993,0.090408
26-Jan-2025 14:21:04.077,0.11301,1.210735,0.078802
26-Jan-2025 14:21:04.093,0.266948,1.168585,0.054367
26-Jan-2025 14:21:04.109,0.403782,1.123381,0.00672
26-Jan-2025 14:21:04.125,0.432493,1.14354,-0.034208
26-Jan-2025 14:21:04.141,0.453873,1.176526,-0.07086
26-Jan-2025 14:21:04.157,0.439823,1.117883,-0.078191
26-Jan-2025 14:21:04.173,0.354302,1.014647,-0.093462
26-Jan-2025 14:21:04.189,0.161879,0.908967,-0.11301
26-Jan-2025 14:21:04.205,0.015272,0.848492,-0.139888
26-Jan-2025 14:21:04.221,-0.071471,0.855211,-0.186314
26-Jan-2025 14:21:04.237,-0.138056,0.696997,-0.224188
26-Jan-2025 14:21:04.253,-0.153938,0.569937,-0.283441
26-Jan-2025 14:21:04.270,-0.204029,0.58582,-0.313374
26-Jan-2025 14:21:04.285,-0.309098,0.58582,-0.306654
26-Jan-2025 14:21:04.302,-0.422108,0.54367,-0.25412
26-Jan-2025 14:21:04.318,-0.406225,0.483194,-0.215025
26-Jan-2025 14:21:04.334,-0.317039,0.420886,-0.193644
26-Jan-2025 14:21:04.350,-0.264505,0.378736,-0.19059
26-Jan-2025 14:21:04.366,-0.255953,0.355524,-0.171042
26-Jan-2025 14:21:04.382,-0.290161,0.328035,-0.147829
26-Jan-2025 14:21:04.398,-0.346361,0.15516,-0.100182
26-Jan-2025 14:21:04.414,-0.37446,0.002443,-0.076969
26-Jan-2025 14:21:04.430,-0.427606,-0.032987,-0.092241
26-Jan-2025 14:21:04.446,-0.472199,0.004887,-0.112399
26-Jan-2025 14:21:04.462,-0.485027,-0.017715,-0.119119
26-Jan-2025 14:21:04.478,-0.419054,-0.090408,-0.110567
26-Jan-2025 14:21:04.494,-0.352469,-0.153327,-0.100182
26-Jan-2025 14:21:04.510,-0.243735,-0.186925,-0.080023
26-Jan-2025 14:21:04.526,-0.141721,-0.174707,-0.060476
26-Jan-2025 14:21:04.542,-0.07025,-0.210138,-0.074526
26-Jan-2025 14:21:04.558,-0.058643,-0.241292,-0.09896
26-Jan-2025 14:21:04.574,-0.025045,-0.296881,-0.131947
26-Jan-2025 14:21:04.590,-0.003054,-0.302989,-0.155771
26-Jan-2025 14:21:04.606,-0.003054,-0.295048,-0.181427
26-Jan-2025 14:21:04.622,-0.020769,-0.274278,-0.191812
26-Jan-2025 14:21:04.639,-0.023213,-0.221744,-0.185703
26-Jan-2025 14:21:04.654,-0.002443,-0.116675,-0.185703
26-Jan-2025 14:21:04.671,0.026267,-0.073304,-0.194866
26-Jan-2025 14:21:04.687,0.059865,-0.069028,-0.222355
26-Jan-2025 14:21:04.703,0.068417,-0.068417,-0.252898
26-Jan-2025 14:21:04.719,0.04215,-0.064141,-0.302378
26-Jan-2025 14:21:04.735,0.068417,-0.091019,-0.329256
26-Jan-2025 14:21:04.751,0.150273,-0.108734,-0.338419
26-Jan-2025 14:21:04.767,0.295659,-0.128282,-0.335365
26-Jan-2025 14:21:04.783,0.395841,-0.150273,-0.282831
26-Jan-2025 14:21:04.799,0.441045,-0.099571,-0.140499
26-Jan-2025 14:21:04.815,0.456316,-0.072082,-0.068417
26-Jan-2025 14:21:04.831,0.467312,-0.158825,-0.067806
26-Jan-2025 14:21:04.847,0.483805,-0.172264,-0.071471
26-Jan-2025 14:21:04.863,0.539394,-0.012828,-0.047037
26-Jan-2025 14:21:04.879,0.530231,0.121562,0.00672
26-Jan-2025 14:21:04.895,0.413556,0.186925,0.078802
26-Jan-2025 14:21:04.911,0.285885,0.191812,0.102014
26-Jan-2025 14:21:04.927,0.168599,0.177762,0.073915
26-Jan-2025 14:21:04.943,0.045204,0.191201,0.014661
26-Jan-2025 14:21:04.959,-0.021991,0.202196,0.001833
26-Jan-2025 14:21:04.975,-0.062308,0.309709,0.015882
26-Jan-2025 14:21:04.991,-0.040928,0.294437,0.046426
26-Jan-2025 14:21:05.007,-0.006109,0.161879,0.108734
26-Jan-2025 14:21:05.023,-0.032987,0.078802,0.153938
26-Jan-2025 14:21:05.040,-0.037874,0.024435,0.192423
26-Jan-2025 14:21:05.056,-0.02138,0.036652,0.20464
26-Jan-2025 14:21:05.072,-0.051313,0.04948,0.226631
26-Jan-2025 14:21:05.088,-0.164323,-0.027489,0.268781
26-Jan-2025 14:21:05.104,-0.202807,-0.152716,0.291994
26-Jan-2025 14:21:05.120,-0.147219,-0.24679,0.234572
26-Jan-2025 14:21:05.136,-0.105069,-0.244346,0.131336
26-Jan-2025 14:21:05.152,-0.083689,-0.263283,-0.002443
26-Jan-2025 14:21:05.168,-0.081245,-0.277944,-0.041539
26-Jan-2025 14:21:05.184,-0.100182,-0.268781,0.015272
26-Jan-2025 14:21:05.200,-0.112399,-0.255342,0.071471
26-Jan-2025 14:21:05.216,-0.130114,-0.246179,0.109956
26-Jan-2025 14:21:05.232,-0.151495,-0.270002,0.138056
26-Jan-2025 14:21:05.248,-0.160047,-0.244346,0.147219
26-Jan-2025 14:21:05.264,-0.173486,-0.225409,0.127671
26-Jan-2025 14:21:05.280,-0.152716,-0.244957,0.104458
26-Jan-2025 14:21:05.296,-0.082467,-0.290772,0.094073
26-Jan-2025 14:21:05.312,-0.026878,-0.357356,0.081856
26-Jan-2025 14:21:05.328,0.043371,-0.379347,0.072082
26-Jan-2025 14:21:05.344,0.051924,-0.376904,0.074526
26-Jan-2025 14:21:05.360,0.002443,-0.375071,0.103847
26-Jan-2025 14:21:05.376,-0.026267,-0.312763,0.137445
26-Jan-2025 14:21:05.393,-0.034819,-0.243735,0.182038
26-Jan-2025 14:21:05.409,0.028711,-0.221744,0.239459
26-Jan-2025 14:21:05.425,0.13439,-0.262672,0.250455
26-Jan-2025 14:21:05.441,0.305433,-0.286496,0.227242
26-Jan-2025 14:21:05.457,0.414167,-0.235183,0.193644
26-Jan-2025 14:21:05.473,0.540005,-0.093462,0.196699
26-Jan-2025 14:21:05.489,0.610865,0.000611,0.224798
26-Jan-2025 14:21:05.505,0.580322,-0.017104,0.260229
26-Jan-2025 14:21:05.521,0.432493,-0.04215,0.262672
26-Jan-2025 14:21:05.537,0.245568,-0.060476,0.225409
26-Jan-2025 14:21:05.553,0.009163,-0.149662,0.12034
26-Jan-2025 14:21:05.569,-0.150884,-0.280998,0.013439
26-Jan-2025 14:21:05.585,-0.283441,-0.384845,-0.105069
26-Jan-2025 14:21:05.601,-0.264505,-0.362243,-0.163712
26-Jan-2025 14:21:05.617,-0.122784,-0.216246,-0.221133
26-Jan-2025 14:21:05.633,-0.026878,-0.088575,-0.242514
26-Jan-2025 14:21:05.649,0.051313,0.031765,-0.229074
26-Jan-2025 14:21:05.665,0.097738,0.0281,-0.18387
26-Jan-2025 14:21:05.681,0.121562,-0.071471,-0.043371
26-Jan-2025 14:21:05.697,0.086132,-0.147829,0.089186
26-Jan-2025 14:21:05.714,0.018326,-0.161879,0.136223
26-Jan-2025 14:21:05.730,-0.100182,-0.081856,0.0281
26-Jan-2025 14:21:05.746,-0.171653,-0.021991,-0.122784
26-Jan-2025 14:21:05.762,-0.230296,0.036652,-0.29627
26-Jan-2025 14:21:05.778,-0.236405,0.080023,-0.358578
26-Jan-2025 14:21:05.794,-0.185092,0.29627,-0.350026
26-Jan-2025 14:21:05.810,-0.201586,0.302378,-0.308487
26-Jan-2025 14:21:05.826,-0.219301,0.245568,-0.224798
26-Jan-2025 14:21:05.842,-0.159436,0.241903,-0.167377
26-Jan-2025 14:21:05.858,-0.104458,0.265116,-0.144775
26-Jan-2025 14:21:05.874,-0.067195,0.315206,-0.155771
26-Jan-2025 14:21:05.890,-0.032987,0.357967,-0.165544
26-Jan-2025 14:21:05.906,0.003665,0.381791,-0.200975
26-Jan-2025 14:21:05.922,0.047037,0.350026,-0.213803
26-Jan-2025 14:21:05.938,0.088575,0.338419,-0.214414
26-Jan-2025 14:21:05.954,0.115454,0.288939,-0.212581
26-Jan-2025 14:21:05.970,0.170431,0.192423,-0.211359
26-Jan-2025 14:21:05.986,0.219301,0.145386,-0.230296
26-Jan-2025 14:21:06.002,0.2755,0.121562,-0.271835
26-Jan-2025 14:21:06.018,0.290161,0.153327,-0.259007
26-Jan-2025 14:21:06.034,0.321315,0.207083,-0.19059
26-Jan-2025 14:21:06.050,0.477086,0.244957,-0.108734
26-Jan-2025 14:21:06.066,0.574824,0.163101,-0.08491
26-Jan-2025 14:21:06.083,0.534507,0.017104,0.012828
26-Jan-2025 14:21:06.098,0.553444,0.090408,0.088575
26-Jan-2025 14:21:06.115,0.568105,0.095295,0.085521
26-Jan-2025 14:21:06.131,0.540005,0.060476,0.064141
26-Jan-2025 14:21:06.147,0.405004,0.028711,0.0562
26-Jan-2025 14:21:06.163,0.302378,0.029322,0.066584
26-Jan-2025 14:21:06.179,0.243735,0.065973,0.06353
26-Jan-2025 14:21:06.195,0.167377,0.111177,0.081245
26-Jan-2025 14:21:06.211,0.082467,0.047037,0.127671
26-Jan-2025 14:21:06.227,-0.030543,-0.090408,0.201586
26-Jan-2025 14:21:06.243,-0.083689,-0.156382,0.220522
26-Jan-2025 14:21:06.259,-0.117897,-0.170431,0.202196
26-Jan-2025 14:21:06.275,-0.174707,-0.175929,0.219911
26-Jan-2025 14:21:06.291,-0.315206,-0.14111,0.355524
26-Jan-2025 14:21:06.307,-0.404393,-0.171042,0.451429
26-Jan-2025 14:21:06.323,-0.408058,-0.311541,0.459982
26-Jan-2025 14:21:06.339,-0.36041,-0.413556,0.389732
26-Jan-2025 14:21:06.355,-0.323148,-0.448375,0.321315
26-Jan-2025 14:21:06.371,-0.252898,-0.478918,0.227242
26-Jan-2025 14:21:06.387,-0.174707,-0.525344,0.161879
26-Jan-2025 14:21:06.403,-0.088575,-0.588263,0.081856
26-Jan-2025 14:21:06.419,-0.045204,-0.62125,0.036652
26-Jan-2025 14:21:06.435,-0.071471,-0.592539,-0.015882
26-Jan-2025 14:21:06.451,-0.14111,-0.534507,-0.051924
26-Jan-2025 14:21:06.467,-0.246179,-0.50091,-0.074526
26-Jan-2025 14:21:06.484,-0.299935,-0.540616,-0.075747
26-Jan-2025 14:21:06.500,-0.307876,-0.61453,-0.091019
26-Jan-2025 14:21:06.516,-0.259618,-0.745866,-0.13439
26-Jan-2025 14:21:06.532,-0.194866,-0.762971,-0.177151
26-Jan-2025 14:21:06.548,-0.112399,-0.748921,-0.235794
26-Jan-2025 14:21:06.564,-0.132558,-0.841161,-0.260229
26-Jan-2025 14:21:06.580,-0.059254,-0.885144,-0.208916
26-Jan-2025 14:21:06.596,0.036041,-0.883922,-0.127671
26-Jan-2025 14:21:06.612,0.103847,-0.704328,0.018937
26-Jan-2025 14:21:06.628,0.128282,-0.609644,0.139888
26-Jan-2025 14:21:06.644,0.179594,-0.570548,0.241903
26-Jan-2025 14:21:06.660,0.276722,-0.567494,0.31093
26-Jan-2025 14:21:06.676,0.320704,-0.651793,0.342695
26-Jan-2025 14:21:06.692,0.262061,-0.665843,0.342085
26-Jan-2025 14:21:06.708,0.126449,-0.625526,0.276722
26-Jan-2025 14:21:06.724,-0.166155,-0.696997,0.129503
26-Jan-2025 14:21:06.740,-0.339641,-0.788016,0.037874
26-Jan-2025 14:21:06.756,-0.384234,-0.904691,-0.0562
26-Jan-2025 14:21:06.772,-0.260229,-0.876592,-0.11301
26-Jan-2025 14:21:06.788,-0.085521,-0.777021,-0.196699
26-Jan-2025 14:21:06.805,-0.065973,-0.759305,-0.25412
26-Jan-2025 14:21:06.821,-0.080634,-0.849714,-0.29627
26-Jan-2025 14:21:06.837,-0.064141,-0.89675,-0.286496
26-Jan-2025 14:21:06.853,-0.009163,-0.904081,-0.2755
26-Jan-2025 14:21:06.869,0.029932,-1.061073,-0.31765
26-Jan-2025 14:21:06.885,0.026878,-1.189965,-0.38851
26-Jan-2025 14:21:06.901,-0.032987,-1.323745,-0.470977
26-Jan-2025 14:21:06.917,-0.123395,-1.323745,-0.540616
26-Jan-2025 14:21:06.933,-0.172875,-1.243111,-0.610254
26-Jan-2025 14:21:06.949,-0.009163,-1.076345,-0.631635
26-Jan-2025 14:21:06.965,0.248011,-0.871705,-0.612698
26-Jan-2025 14:21:06.981,0.381791,-0.664011,-0.556498
26-Jan-2025 14:21:06.997,0.376293,-0.519235,-0.428827
26-Jan-2025 14:21:07.013,0.298102,-0.424551,-0.147829
26-Jan-2025 14:21:07.029,0.215025,-0.518014,0.014661
26-Jan-2025 14:21:07.045,0.107512,-0.590096,0.053145
26-Jan-2025 14:21:07.061,0.052534,-0.445321,-0.004276
26-Jan-2025 14:21:07.077,0.032987,-0.210138,-0.109345
26-Jan-2025 14:21:07.093,0.079412,-0.142942,-0.122784
26-Jan-2025 14:21:07.109,0.147829,-0.150273,-0.104458
26-Jan-2025 14:21:07.125,0.193033,-0.128893,-0.076969
26-Jan-2025 14:21:07.141,0.238237,-0.081245,-0.039095
26-Jan-2025 14:21:07.158,0.315206,-0.043982,0.002443
26-Jan-2025 14:21:07.174,0.296881,-0.015882,0.020159
26-Jan-2025 14:21:07.190,0.178373,0.115454,0.065363
26-Jan-2025 14:21:07.206,0.090408,0.2755,0.106291
26-Jan-2025 14:21:07.222,0.041539,0.520457,0.133169
26-Jan-2025 14:21:07.238,0.135001,0.661567,0.143553
26-Jan-2025 14:21:07.254,0.177151,0.667065,0.130725
26-Jan-2025 14:21:07.270,0.23274,0.736704,0.115454
26-Jan-2025 14:21:07.286,0.304211,0.704938,0.091019
26-Jan-2025 14:21:07.302,0.272446,0.761749,0.09896
26-Jan-2025 14:21:07.318,0.146608,0.925461,0.133779
26-Jan-2025 14:21:07.334,-0.046426,1.196074,0.196699
26-Jan-2025 14:21:07.350,-0.092241,1.354288,0.241903
26-Jan-2025 14:21:07.366,-0.123395,1.457524,0.274278
26-Jan-2025 14:21:07.382,-0.149662,1.525331,0.321926
26-Jan-2025 14:21:07.398,-0.116064,1.527163,0.430049
26-Jan-2025 14:21:07.414,-0.082467,1.452638,0.475253
26-Jan-2025 14:21:07.430,-0.090408,1.417818,0.449597
26-Jan-2025 14:21:07.446,-0.135001,1.455692,0.326813
26-Jan-2025 14:21:07.462,-0.202196,1.53877,0.270002
26-Jan-2025 14:21:07.478,-0.287718,1.706147,0.305433
26-Jan-2025 14:21:07.494,-0.348804,1.809383,0.373239
26-Jan-2025 14:21:07.511,-0.422108,1.805107,0.446543
26-Jan-2025 14:21:07.527,-0.43066,1.743409,0.456316
26-Jan-2025 14:21:07.543,-0.393397,1.665219,0.440434
26-Jan-2025 14:21:07.559,-0.37385,1.617571,0.392175
26-Jan-2025 14:21:07.575,-0.343917,1.615128,0.340252
26-Jan-2025 14:21:07.591,-0.312152,1.618793,0.318872
26-Jan-2025 14:21:07.607,-0.257174,1.610852,0.290161
26-Jan-2025 14:21:07.623,-0.156992,1.590082,0.265726
26-Jan-2025 14:21:07.639,-0.073304,1.565648,0.270613
26-Jan-2025 14:21:07.655,0.016493,1.531439,0.276111
26-Jan-2025 14:21:07.671,0.037874,1.533272,0.28222
26-Jan-2025 14:21:07.687,0.029932,1.521055,0.293215
26-Jan-2025 14:21:07.703,0.039095,1.45447,0.276111
26-Jan-2025 14:21:07.719,0.085521,1.34146,0.219911
26-Jan-2025 14:21:07.735,0.136223,1.241278,0.154549
26-Jan-2025 14:21:07.751,0.197309,1.109942,0.052534
26-Jan-2025 14:21:07.767,0.210138,1.017091,-0.020769
26-Jan-2025 14:21:07.783,0.188147,0.958448,-0.059865
26-Jan-2025 14:21:07.799,0.156992,0.979217,-0.041539
26-Jan-2025 14:21:07.815,0.196699,1.029919,-0.00672
26-Jan-2025 14:21:07.832,0.309709,1.086118,0.019548
26-Jan-2025 14:21:07.848,0.343917,1.046412,0.038485
26-Jan-2025 14:21:07.864,0.323148,1.053743,0.098349
26-Jan-2025 14:21:07.880,0.354913,1.092227,0.122784
26-Jan-2025 14:21:07.896,0.337808,0.948674,0.067806
26-Jan-2025 14:21:07.912,0.241292,0.814283,-0.020159
26-Jan-2025 14:21:07.928,0.137445,0.732427,-0.126449
26-Jan-2025 14:21:07.944,0.020769,0.687834,-0.290161
26-Jan-2025 14:21:07.960,-0.040928,0.651182,-0.386678
26-Jan-2025 14:21:07.976,-0.081856,0.552833,-0.392175
26-Jan-2025 14:21:07.992,0.017104,0.610254,-0.320093
26-Jan-2025 14:21:08.008,0.202196,0.746477,-0.249233
26-Jan-2025 14:21:08.024,0.296881,0.883311,-0.235794
26-Jan-2025 14:21:08.040,0.397673,1.054964,-0.26145
26-Jan-2025 14:21:08.056,0.378736,1.125214,-0.318261
26-Jan-2025 14:21:08.072,0.12034,0.986547,-0.378736
26-Jan-2025 14:21:08.088,-0.111177,0.855211,-0.37385
26-Jan-2025 14:21:08.104,-0.241903,0.835053,-0.358578
26-Jan-2025 14:21:08.120,-0.297491,0.923017,-0.414777
26-Jan-2025 14:21:08.136,-0.307265,1.057408,-0.481973
26-Jan-2025 14:21:08.153,-0.329256,1.197907,-0.499688
26-Jan-2025 14:21:08.168,-0.362243,1.249219,-0.460592
26-Jan-2025 14:21:08.185,-0.398284,1.251052,-0.368352
26-Jan-2025 14:21:08.201,-0.359189,1.208291,-0.296881
26-Jan-2025 14:21:08.217,-0.21869,1.084897,-0.234572
26-Jan-2025 14:21:08.233,-0.106901,0.94623,-0.249844
26-Jan-2025 14:21:08.249,-0.054978,0.849103,-0.326813
26-Jan-2025 14:21:08.265,-0.058643,0.868039,-0.419664
26-Jan-2025 14:21:08.281,-0.079412,0.930959,-0.399506
26-Jan-2025 14:21:08.297,-0.050091,1.004262,-0.293826
26-Jan-2025 14:21:08.313,-0.010996,0.996321,-0.209527
26-Jan-2025 14:21:08.329,0.025045,0.983493,-0.145386
26-Jan-2025 14:21:08.345,0.059254,0.964556,-0.135612
26-Jan-2025 14:21:08.361,0.080634,0.941954,-0.198531
26-Jan-2025 14:21:08.377,0.072082,0.904691,-0.273668
26-Jan-2025 14:21:08.393,0.003054,0.897972,-0.361632
26-Jan-2025 14:21:08.409,-0.058643,0.915687,-0.389732
26-Jan-2025 14:21:08.425,-0.123395,0.918741,-0.383623
26-Jan-2025 14:21:08.441,-0.133169,0.885144,-0.343306
26-Jan-2025 14:21:08.457,0.009163,0.957226,-0.317039
26-Jan-2025 14:21:08.473,0.050702,1.008538,-0.267559
26-Jan-2025 14:21:08.489,-0.113621,0.964556,-0.189979
26-Jan-2025 14:21:08.506,-0.153938,0.934013,-0.11301
26-Jan-2025 14:21:08.522,-0.061087,0.935235,-0.087354
26-Jan-2025 14:21:08.538,-0.027489,1.041525,-0.045204
26-Jan-2025 14:21:08.554,-0.088575,1.178359,-0.025656
26-Jan-2025 14:21:08.570,-0.199753,1.297478,0.004887
26-Jan-2025 14:21:08.586,-0.295048,1.362229,0.074526
26-Jan-2025 14:21:08.602,-0.266337,1.350623,0.133169
26-Jan-2025 14:21:08.618,-0.182038,1.226617,0.222355
26-Jan-2025 14:21:08.634,-0.165544,1.106277,0.274889
26-Jan-2025 14:21:08.650,-0.198531,1.004262,0.328035
26-Jan-2025 14:21:08.665,-0.212581,1.009149,0.324369
26-Jan-2025 14:21:08.682,-0.214414,1.056797,0.26145
26-Jan-2025 14:21:08.698,-0.252898,1.075123,0.231518
26-Jan-2025 14:21:08.714,-0.370184,1.113607,0.225409
26-Jan-2025 14:21:08.730,-0.452651,1.231504,0.24007
26-Jan-2025 14:21:08.746,-0.468534,1.315804,0.266948
26-Jan-2025 14:21:08.762,-0.375682,1.326188,0.311541
26-Jan-2025 14:21:08.778,-0.248011,1.293813,0.343306
26-Jan-2025 14:21:08.794,-0.07086,1.24983,0.364687
26-Jan-2025 14:21:08.810,0.005498,1.186911,0.344528
26-Jan-2025 14:21:08.827,0.039095,1.229672,0.295048
26-Jan-2025 14:21:08.843,0.008552,1.204626,0.285885
26-Jan-2025 14:21:08.859,-0.060476,1.054964,0.287107
26-Jan-2025 14:21:08.875,-0.059254,1.001208,0.266948
26-Jan-2025 14:21:08.891,-0.059254,1.023199,0.234572
26-Jan-2025 14:21:08.907,-0.125838,1.086118,0.212581
26-Jan-2025 14:21:08.923,-0.174097,1.089784,0.213192
26-Jan-2025 14:21:08.939,-0.194255,1.007928,0.237016
26-Jan-2025 14:21:08.955,-0.163712,0.934013,0.251066
26-Jan-2025 14:21:08.971,-0.037874,0.885755,0.233961
26-Jan-2025 14:21:08.987,0.061087,0.847881,0.202196
26-Jan-2025 14:21:09.003,0.125838,0.721432,0.20464
26-Jan-2025 14:21:09.019,0.152105,0.632856,0.239459
26-Jan-2025 14:21:09.035,0.175929,0.604146,0.224798
26-Jan-2025 14:21:09.051,0.169821,0.590096,0.20464
26-Jan-2025 14:21:09.067,0.156992,0.568716,0.224188
26-Jan-2025 14:21:09.083,0.210138,0.489303,0.248622
26-Jan-2025 14:21:09.099,0.31032,0.459982,0.216857
26-Jan-2025 14:21:09.115,0.364076,0.530842,0.174097
26-Jan-2025 14:21:09.132,0.427606,0.64263,0.165544
26-Jan-2025 14:21:09.148,0.470366,0.589485,0.188757
26-Jan-2025 14:21:09.164,0.394008,0.448375,0.184481
26-Jan-2025 14:21:09.180,0.222355,0.359189,0.133779
26-Jan-2025 14:21:09.196,0.068417,0.332922,0.051313
26-Jan-2025 14:21:09.212,-0.0562,0.304211,-0.052534
26-Jan-2025 14:21:09.228,-0.138056,0.270002,-0.170431
26-Jan-2025 14:21:09.244,-0.117897,0.335976,-0.225409
26-Jan-2025 14:21:09.260,0.031765,0.491136,-0.248622
26-Jan-2025 14:21:09.276,0.135612,0.613309,-0.232129
26-Jan-2025 14:21:09.292,0.233961,0.720821,-0.213803
26-Jan-2025 14:21:09.308,0.251066,0.700662,-0.208916
26-Jan-2025 14:21:09.324,0.18387,0.528398,-0.161268
26-Jan-2025 14:21:09.340,0.094073,0.445932,-0.140499
26-Jan-2025 14:21:09.356,-0.051924,0.511294,-0.193644
26-Jan-2025 14:21:09.372,-0.154549,0.638354,-0.273057
26-Jan-2025 14:21:09.388,-0.216246,0.749532,-0.341474
26-Jan-2025 14:21:09.404,-0.240681,0.858877,-0.36041
26-Jan-2025 14:21:09.420,-0.239459,0.902248,-0.341474
26-Jan-2025 14:21:09.436,-0.217468,0.91813,-0.304822
26-Jan-2025 14:21:09.453,-0.199142,0.935846,-0.263283
26-Jan-2025 14:21:09.468,-0.130114,0.912022,-0.214414
26-Jan-2025 14:21:09.485,-0.05681,0.882089,-0.194255
26-Jan-2025 14:21:09.501,0.010385,0.803899,-0.185092
26-Jan-2025 14:21:09.517,0.012828,0.68478,-0.178373
26-Jan-2025 14:21:09.533,-0.013439,0.593761,-0.174707
26-Jan-2025 14:21:09.549,-0.031154,0.627359,-0.185703
26-Jan-2025 14:21:09.565,-0.010385,0.72754,-0.189368
26-Jan-2025 14:21:09.581,0.040317,0.765414,-0.188757
26-Jan-2025 14:21:09.597,0.081856,0.684169,-0.167988
26-Jan-2025 14:21:09.613,0.140499,0.564439,-0.157603
26-Jan-2025 14:21:09.628,0.15516,0.485027,-0.191201
26-Jan-2025 14:21:09.645,0.119119,0.441656,-0.286496
26-Jan-2025 14:21:09.661,0.102625,0.525344,-0.333532
26-Jan-2025 14:21:09.677,0.031154,0.523512,-0.348804
26-Jan-2025 14:21:09.693,-0.016493,0.488692,-0.336587
26-Jan-2025 14:21:09.709,0.036652,0.524122,-0.320704
26-Jan-2025 14:21:09.725,0.224798,0.576657,-0.325591
26-Jan-2025 14:21:09.741,0.36041,0.596204,-0.313374
26-Jan-2025 14:21:09.757,0.325591,0.616363,-0.270002
26-Jan-2025 14:21:09.773,0.255342,0.574213,-0.264505
26-Jan-2025 14:21:09.789,0.182038,0.469145,-0.287718
26-Jan-2025 14:21:09.806,0.123395,0.486249,-0.287718
26-Jan-2025 14:21:09.822,0.006109,0.75564,-0.265116
26-Jan-2025 14:21:09.838,-0.125227,0.991434,-0.240681
26-Jan-2025 14:21:09.854,-0.251676,1.124603,-0.215635
26-Jan-2025 14:21:09.870,-0.406225,1.22173,-0.219301
26-Jan-2025 14:21:09.886,-0.454484,1.23517,-0.180205
26-Jan-2025 14:21:09.902,-0.408058,1.133766,-0.043371
26-Jan-2025 14:21:09.918,-0.320093,1.064738,0.051924
26-Jan-2025 14:21:09.934,-0.200975,1.106277,0.124006
26-Jan-2025 14:21:09.950,-0.170431,1.179581,0.137445
26-Jan-2025 14:21:09.966,-0.216857,1.269989,0.152105
26-Jan-2025 14:21:09.982,-0.290772,1.290758,0.195477
26-Jan-2025 14:21:09.998,-0.343306,1.269378,0.273057
26-Jan-2025 14:21:10.014,-0.372017,1.262658,0.356134
26-Jan-2025 14:21:10.030,-0.362854,1.281595,0.382402
26-Jan-2025 14:21:10.046,-0.304211,1.255939,0.366519
26-Jan-2025 14:21:10.062,-0.250455,1.204015,0.306043
26-Jan-2025 14:21:10.078,-0.212581,1.177137,0.189368
26-Jan-2025 14:21:10.094,-0.198531,1.155146,0.130725
26-Jan-2025 14:21:10.110,-0.20464,1.11544,0.106291
26-Jan-2025 14:21:10.127,-0.206472,1.086118,0.106291
26-Jan-2025 14:21:10.143,-0.213192,1.063516,0.136834
26-Jan-2025 14:21:10.159,-0.215025,1.023199,0.167377
26-Jan-2025 14:21:10.175,-0.21197,0.975552,0.199753
26-Jan-2025 14:21:10.191,-0.205251,0.950506,0.229074
26-Jan-2025 14:21:10.207,-0.182038,0.965778,0.223577
26-Jan-2025 14:21:10.223,-0.130114,0.945619,0.191201
26-Jan-2025 14:21:10.239,-0.07758,0.858877,0.156382
26-Jan-2025 14:21:10.255,0.009774,0.721432,0.102625
26-Jan-2025 14:21:10.271,0.09896,0.587652,0.066584
26-Jan-2025 14:21:10.287,0.267559,0.459371,0.015882
26-Jan-2025 14:21:10.303,0.346971,0.445932,-0.015272
26-Jan-2025 14:21:10.319,0.271224,0.44471,0.110567
26-Jan-2025 14:21:10.335,0.217468,0.383623,0.160047
26-Jan-2025 14:21:10.351,0.271224,0.182038,0.196699
26-Jan-2025 14:21:10.367,0.362243,-0.001222,0.255342
26-Jan-2025 14:21:10.383,0.370184,-0.008552,0.270002
26-Jan-2025 14:21:10.399,0.424551,0.11973,0.273668
26-Jan-2025 14:21:10.415,0.530231,0.216246,0.273057
26-Jan-2025 14:21:10.431,0.458149,0.021991,0.231518
26-Jan-2025 14:21:10.448,0.270613,-0.071471,0.187536
26-Jan-2025 14:21:10.464,0.069639,-0.22602,0.116675
26-Jan-2025 14:21:10.480,-0.037874,-0.315206,0.026878
26-Jan-2025 14:21:10.496,-0.125227,-0.376293,-0.047647
26-Jan-2025 14:21:10.512,-0.122173,-0.400728,-0.104458
26-Jan-2025 14:21:10.528,-0.046426,-0.323759,-0.168599
26-Jan-2025 14:21:10.544,0.025045,-0.202807,-0.244957
26-Jan-2025 14:21:10.560,0.050091,-0.135612,-0.260229
26-Jan-2025 14:21:10.576,0.12706,-0.086743,-0.240681
26-Jan-2025 14:21:10.592,0.116675,-0.110567,-0.225409
26-Jan-2025 14:21:10.608,-0.027489,-0.202196,-0.19792
26-Jan-2025 14:21:10.624,-0.142332,-0.235183,-0.196699
26-Jan-2025 14:21:10.640,-0.253509,-0.178373,-0.282831
26-Jan-2025 14:21:10.656,-0.285885,-0.07758,-0.371406
26-Jan-2025 14:21:10.672,-0.284052,0.033598,-0.426995
26-Jan-2025 14:21:10.688,-0.26817,0.159436,-0.447153
26-Jan-2025 14:21:10.704,-0.433103,0.540616,-0.387289
26-Jan-2025 14:21:10.720,-0.295659,0.258396,-0.304211
26-Jan-2025 14:21:10.737,-0.243124,0.316428,-0.276111
26-Jan-2025 14:21:10.752,-0.153938,0.29627,-0.245568
26-Jan-2025 14:21:10.769,-0.078802,0.263894,-0.249844
26-Jan-2025 14:21:10.785,-0.000611,0.230907,-0.249233
26-Jan-2025 14:21:10.801,0.020159,0.239459,-0.229685
26-Jan-2025 14:21:10.817,0.008552,0.259007,-0.20464
26-Jan-2025 14:21:10.833,-0.018937,0.284663,-0.180816
26-Jan-2025 14:21:10.849,-0.012217,0.337198,-0.164323
26-Jan-2025 14:21:10.865,0.018326,0.392786,-0.13439
26-Jan-2025 14:21:10.881,0.045204,0.378126,-0.106291
26-Jan-2025 14:21:10.897,0.09896,0.274889,-0.151495
26-Jan-2025 14:21:10.913,0.103236,0.213192,-0.237016
26-Jan-2025 14:21:10.929,0.053756,0.220522,-0.304822
26-Jan-2025 14:21:10.945,0.120951,0.238848,-0.312152
26-Jan-2025 14:21:10.961,0.496633,0.323148,-0.326202
26-Jan-2025 14:21:10.977,0.464258,0.448986,-0.251066
26-Jan-2025 14:21:10.993,0.283441,0.210749,-0.105069
26-Jan-2025 14:21:11.009,0.039706,0.053756,0.07086
26-Jan-2025 14:21:11.025,-0.045204,0.060476,0.075747
26-Jan-2025 14:21:11.041,0.080634,0.0281,0.003054
26-Jan-2025 14:21:11.058,0.193033,0.043982,-0.040928
26-Jan-2025 14:21:11.074,0.184481,0.12706,-0.033598
26-Jan-2025 14:21:11.090,0.130114,0.238237,0.008552
26-Jan-2025 14:21:11.106,0.147219,0.103847,0.117286
26-Jan-2025 14:21:11.122,0.213192,-0.267559,0.210749
26-Jan-2025 14:21:11.138,0.271224,-0.616974,0.262061
26-Jan-2025 14:21:11.154,0.304211,-0.72754,0.265726
26-Jan-2025 14:21:11.170,0.236405,-0.610865,0.249844
26-Jan-2025 14:21:11.186,-0.032987,-0.397062,0.158825
26-Jan-2025 14:21:11.202,-0.233961,-0.339641,0.205862
26-Jan-2025 14:21:11.218,-0.324369,-0.31093,0.229074
26-Jan-2025 14:21:11.234,-0.354302,-0.369573,0.230296
26-Jan-2025 14:21:11.250,-0.389732,-0.578489,0.221744
26-Jan-2025 14:21:11.266,-0.358578,-0.728762,0.225409
26-Jan-2025 14:21:11.282,-0.244346,-0.812451,0.167377
26-Jan-2025 14:21:11.298,-0.178984,-0.852768,0.091019
26-Jan-2025 14:21:11.314,-0.141721,-0.883311,0.029322
26-Jan-2025 14:21:11.330,-0.133779,-0.887587,0.028711
26-Jan-2025 14:21:11.346,-0.16249,-0.9108,0.066584
26-Jan-2025 14:21:11.362,-0.209527,-0.947452,0.136834
26-Jan-2025 14:21:11.379,-0.223577,-0.980439,0.215635
26-Jan-2025 14:21:11.394,-0.237016,-1.052521,0.321315
26-Jan-2025 14:21:11.411,-0.223577,-1.142318,0.368352
26-Jan-2025 14:21:11.427,-0.099571,-1.329243,0.373239
26-Jan-2025 14:21:11.443,0.047647,-1.479516,0.316428
26-Jan-2025 14:21:11.459,0.167988,-1.543656,0.212581
26-Jan-2025 14:21:11.475,0.235794,-1.544878,0.109345
26-Jan-2025 14:21:11.491,0.25412,-1.493566,0.108123
26-Jan-2025 14:21:11.507,0.184481,-1.453859,0.193033
26-Jan-2025 14:21:11.523,0.145386,-1.384221,0.266948
26-Jan-2025 14:21:11.539,0.09896,-1.329854,0.340863
26-Jan-2025 14:21:11.555,0.114232,-1.335962,0.386678
26-Jan-2025 14:21:11.571,0.178984,-1.330464,0.51557
26-Jan-2025 14:21:11.587,0.060476,-1.431868,0.577879
26-Jan-2025 14:21:11.603,-0.039095,-1.564426,0.415999
26-Jan-2025 14:21:11.619,-0.140499,-1.584584,0.193644
26-Jan-2025 14:21:11.635,-0.376904,-1.594358,0.026267
26-Jan-2025 14:21:11.651,-0.604757,-1.671327,-0.059254
26-Jan-2025 14:21:11.667,-0.548557,-1.719586,-0.103847
26-Jan-2025 14:21:11.683,-0.224798,-1.65911,-0.187536
26-Jan-2025 14:21:11.700,0.072693,-1.585195,-0.238848
26-Jan-2025 14:21:11.716,0.328645,-1.571145,-0.273057
26-Jan-2025 14:21:11.732,0.376904,-1.613906,-0.276722
26-Jan-2025 14:21:11.748,0.320704,-1.637119,-0.273057
26-Jan-2025 14:21:11.764,0.222966,-1.63101,-0.26817
26-Jan-2025 14:21:11.780,0.024435,-1.629178,-0.218079
26-Jan-2025 14:21:11.796,-0.145386,-1.562593,-0.220522
26-Jan-2025 14:21:11.812,-0.283441,-1.436144,-0.309098
26-Jan-2025 14:21:11.828,-0.31093,-1.287704,-0.472199
26-Jan-2025 14:21:11.844,-0.191812,-1.248609,-0.523512
26-Jan-2025 14:21:11.860,0.026878,-1.25655,-0.452651
26-Jan-2025 14:21:11.876,0.166766,-1.343904,-0.327424
26-Jan-2025 14:21:11.892,0.342695,-1.401325,-0.139888
26-Jan-2025 14:21:11.908,0.405615,-1.345736,-0.086132
26-Jan-2025 14:21:11.924,0.332311,-1.277319,-0.156992
26-Jan-2025 14:21:11.940,0.244957,-1.283428,-0.244346
26-Jan-2025 14:21:11.956,0.202807,-1.254106,-0.318261
26-Jan-2025 14:21:11.972,0.19792,-1.160033,-0.357356
26-Jan-2025 14:21:11.988,0.189979,-1.078177,-0.341474
26-Jan-2025 14:21:12.004,0.222355,-1.031141,-0.298713
26-Jan-2025 14:21:12.021,0.325591,-0.979217,-0.271224
26-Jan-2025 14:21:12.037,0.463647,-0.946841,-0.243735
26-Jan-2025 14:21:12.053,0.467312,-1.033584,-0.246179
26-Jan-2025 14:21:12.069,0.531453,-1.024421,-0.276111
26-Jan-2025 14:21:12.085,0.587652,-0.951728,-0.315817
26-Jan-2025 14:21:12.101,0.697608,-0.912633,-0.332922
26-Jan-2025 14:21:12.117,0.657902,-0.966389,-0.274889
26-Jan-2025 14:21:12.133,0.379347,-1.033584,-0.166766
26-Jan-2025 14:21:12.149,-0.013439,-1.051299,-0.152105
26-Jan-2025 14:21:12.165,-0.094684,-1.018312,-0.31093
26-Jan-2025 14:21:12.181,0.011606,-1.066571,-0.432493
26-Jan-2025 14:21:12.197,0.147829,-1.160033,-0.302378
26-Jan-2025 14:21:12.213,0.277333,-1.227228,-0.04215
26-Jan-2025 14:21:12.229,0.287107,-1.307863,0.132558
26-Jan-2025 14:21:12.245,0.259618,-1.513724,0.282831
26-Jan-2025 14:21:12.261,0.240681,-1.73669,0.307876
26-Jan-2025 14:21:12.277,0.215025,-1.927891,0.262672
26-Jan-2025 14:21:12.293,0.149051,-1.935832,0.182038
26-Jan-2025 14:21:12.309,0.059254,-1.853365,0.144164
26-Jan-2025 14:21:12.326,-0.051924,-1.822822,0.135001
26-Jan-2025 14:21:12.342,-0.064752,-1.921782,0.145386
26-Jan-2025 14:21:12.358,0.02138,-2.230269,0.18387
26-Jan-2025 14:21:12.374,0.129503,-2.464841,0.229074
26-Jan-2025 14:21:12.390,0.272446,-2.678033,0.286496
26-Jan-2025 14:21:12.406,0.343917,-2.756835,0.301157
26-Jan-2025 14:21:12.422,0.343917,-2.78127,0.277944
26-Jan-2025 14:21:12.438,0.255342,-2.808758,0.250455
26-Jan-2025 14:21:12.454,0.130114,-2.808147,0.238237
26-Jan-2025 14:21:12.470,-0.00672,-2.682309,0.235183
26-Jan-2025 14:21:12.486,-0.067195,-2.556471,0.224188
26-Jan-2025 14:21:12.502,-0.106291,-2.495384,0.21197
26-Jan-2025 14:21:12.518,-0.105069,-2.472172,0.212581
26-Jan-2025 14:21:12.534,-0.078802,-2.393981,0.227853
26-Jan-2025 14:21:12.550,-0.062919,-2.35061,0.258396
26-Jan-2025 14:21:12.566,-0.009163,-2.326786,0.309709
26-Jan-2025 14:21:12.582,0.068417,-2.310292,0.324369
26-Jan-2025 14:21:12.598,0.145386,-2.260201,0.304822
26-Jan-2025 14:21:12.615,0.182649,-2.148413,0.250455
26-Jan-2025 14:21:12.631,0.161879,-2.047009,0.229685
26-Jan-2025 14:21:12.647,0.106291,-1.859474,0.22602
26-Jan-2025 14:21:12.663,0.065973,-1.709812,0.21869
26-Jan-2025 14:21:12.679,-0.014661,-1.521665,0.175929
26-Jan-2025 14:21:12.695,-0.099571,-1.36956,0.125227
26-Jan-2025 14:21:12.711,-0.166766,-1.152092,0.052534
26-Jan-2025 14:21:12.727,-0.159436,-1.032362,0.004887
26-Jan-2025 14:21:12.743,-0.109956,-0.948674,-0.015882
26-Jan-2025 14:21:12.759,-0.059865,-0.893696,0
26-Jan-2025 14:21:12.775,0.015272,-0.758695,0.040317
26-Jan-2025 14:21:12.791,0.109956,-0.601091,0.094073
26-Jan-2025 14:21:12.807,0.159436,-0.563829,0.138056
26-Jan-2025 14:21:12.823,0.331089,-0.475864,0.186925
26-Jan-2025 14:21:12.839,0.448986,-0.38118,0.221744
26-Jan-2025 14:21:12.855,0.562607,-0.332311,0.271224
26-Jan-2025 14:21:12.871,0.605367,-0.366519,0.284663
26-Jan-2025 14:21:12.887,0.679282,-0.251066,0.299324
26-Jan-2025 14:21:12.903,0.712269,-0.135001,0.301767
26-Jan-2025 14:21:12.919,0.625526,-0.069028,0.318872
26-Jan-2025 14:21:12.936,0.359189,-0.115454,0.331089
26-Jan-2025 14:21:12.952,0.067195,-0.305433,0.243735
26-Jan-2025 14:21:12.968,-0.299935,-0.47281,0.020769
26-Jan-2025 14:21:12.984,-0.379347,-0.436158,-0.128893
26-Jan-2025 14:21:13.000,-0.135612,-0.136223,-0.28222
26-Jan-2025 14:21:13.016,0.133169,0.117286,-0.371406
26-Jan-2025 14:21:13.032,0.335365,0.264505,-0.417221
26-Jan-2025 14:21:13.048,0.379347,0.294437,-0.376904
26-Jan-2025 14:21:13.064,0.368352,0.287107,-0.206472
26-Jan-2025 14:21:13.080,0.337808,0.21869,-0.010996
26-Jan-2025 14:21:13.096,0.288939,0.081856,0.152716
26-Jan-2025 14:21:13.112,0.114232,0.069028,0.108123
26-Jan-2025 14:21:13.128,-0.047647,0.273668,-0.026267
26-Jan-2025 14:21:13.144,-0.186314,0.623693,-0.216857
26-Jan-2025 14:21:13.160,-0.222966,0.847881,-0.342695
26-Jan-2025 14:21:13.176,-0.227853,1.009149,-0.434325
26-Jan-2025 14:21:13.192,-0.22602,1.042747,-0.398895
26-Jan-2025 14:21:13.208,-0.208305,1.109331,-0.304211
26-Jan-2025 14:21:13.225,-0.185092,1.152092,-0.270613
26-Jan-2025 14:21:13.240,-0.170431,1.174694,-0.243124
26-Jan-2025 14:21:13.257,-0.175318,1.192409,-0.238848
26-Jan-2025 14:21:13.273,-0.196088,1.211957,-0.244957
26-Jan-2025 14:21:13.289,-0.234572,1.224174,-0.21197
26-Jan-2025 14:21:13.305,-0.233961,1.211957,-0.145997
26-Jan-2025 14:21:13.321,-0.21869,1.255939,-0.07758
26-Jan-2025 14:21:13.337,-0.207694,1.272432,-0.058643
26-Jan-2025 14:21:13.353,-0.189368,1.273654,-0.053145
26-Jan-2025 14:21:13.369,-0.147829,1.232726,-0.051313
26-Jan-2025 14:21:13.385,-0.089186,1.134377,-0.058032
26-Jan-2025 14:21:13.401,-0.091019,1.103223,-0.067195
26-Jan-2025 14:21:13.417,-0.114232,1.076345,-0.078802
26-Jan-2025 14:21:13.433,-0.120951,0.938289,-0.124617
26-Jan-2025 14:21:13.449,-0.135001,0.876592,-0.173486
26-Jan-2025 14:21:13.465,-0.194255,0.91813,-0.21869
26-Jan-2025 14:21:13.481,-0.228464,0.964556,-0.217468
26-Jan-2025 14:21:13.497,-0.196699,1.008538,-0.194255
26-Jan-2025 14:21:13.513,-0.059865,1.042136,-0.171042
26-Jan-2025 14:21:13.529,0.205251,1.042136,-0.155771
26-Jan-2025 14:21:13.545,0.185092,0.909578,-0.166766
26-Jan-2025 14:21:13.561,-0.02138,0.798401,-0.229074
26-Jan-2025 14:21:13.578,-0.053145,0.761749,-0.26817
26-Jan-2025 14:21:13.594,0.09163,0.769079,-0.277333
26-Jan-2025 14:21:13.610,0.306654,0.96028,-0.238237
26-Jan-2025 14:21:13.626,0.269392,1.153924,-0.166766
26-Jan-2025 14:21:13.642,0.03543,1.331686,-0.018937
26-Jan-2025 14:21:13.658,-0.149662,1.359175,0.105069
26-Jan-2025 14:21:13.674,-0.251676,1.366506,0.222966
26-Jan-2025 14:21:13.690,-0.171042,1.431257,0.256563
26-Jan-2025 14:21:13.706,-0.011606,1.399492,0.214414
26-Jan-2025 14:21:13.722,-0.006109,1.227228,0.132558
26-Jan-2025 14:21:13.738,-0.086132,1.082453,0.080023
26-Jan-2025 14:21:13.754,-0.174097,1.146594,0.114232
26-Jan-2025 14:21:13.770,-0.199142,1.29931,0.19059
26-Jan-2025 14:21:13.786,-0.242514,1.307863,0.28955
26-Jan-2025 14:21:13.802,-0.304211,1.23578,0.329867
26-Jan-2025 14:21:13.818,-0.358578,1.268767,0.369573
26-Jan-2025 14:21:13.834,-0.353691,1.320691,0.391565
26-Jan-2025 14:21:13.850,-0.32498,1.359175,0.403782
26-Jan-2025 14:21:13.866,-0.263894,1.34879,0.392786
26-Jan-2025 14:21:13.882,-0.189368,1.181413,0.305433
26-Jan-2025 14:21:13.899,-0.139888,1.068403,0.222966
26-Jan-2025 14:21:13.915,-0.132558,0.988991,0.173486
26-Jan-2025 14:21:13.931,-0.186925,0.938289,0.131947
26-Jan-2025 14:21:13.947,-0.231518,0.9108,0.09896
26-Jan-2025 14:21:13.963,-0.263283,0.87537,0.068417
26-Jan-2025 14:21:13.979,-0.257174,0.912022,0.083689
26-Jan-2025 14:21:13.995,-0.210138,0.941343,0.121562
26-Jan-2025 14:21:14.011,-0.145997,0.879646,0.135001
26-Jan-2025 14:21:14.027,-0.037263,0.715934,0.129503
26-Jan-2025 14:21:14.043,0.064141,0.595594,0.11301
26-Jan-2025 14:21:14.059,0.174097,0.497244,0.086743
26-Jan-2025 14:21:14.075,0.287718,0.405615,0.051313
26-Jan-2025 14:21:14.091,0.335365,0.327424,0.04215
26-Jan-2025 14:21:14.107,0.343917,0.182038,0.061697
26-Jan-2025 14:21:14.123,0.320704,0.113621,0.098349
26-Jan-2025 14:21:14.139,0.28222,0.130725,0.182038
26-Jan-2025 14:21:14.155,0.314596,0.250455,0.259007
26-Jan-2025 14:21:14.171,0.385456,0.276722,0.319483
26-Jan-2025 14:21:14.187,0.411112,0.152716,0.291994
26-Jan-2025 14:21:14.203,0.495412,0.150884,0.212581
26-Jan-2025 14:21:14.220,0.563218,0.193644,0.141721
26-Jan-2025 14:21:14.236,0.537561,0.172875,0.086132
26-Jan-2025 14:21:14.252,0.369573,0.177151,0.034819
26-Jan-2025 14:21:14.268,0.207083,0.260229,-0.039095
26-Jan-2025 14:21:14.284,0.003054,0.368352,-0.171042
26-Jan-2025 14:21:14.300,-0.109956,0.333532,-0.226631
26-Jan-2025 14:21:14.316,-0.102625,0.193033,-0.266337
26-Jan-2025 14:21:14.332,0.019548,0.189979,-0.328035
26-Jan-2025 14:21:14.348,0.186925,0.379347,-0.392175
26-Jan-2025 14:21:14.364,0.269392,0.591928,-0.390954
26-Jan-2025 14:21:14.380,0.262061,0.595594,-0.371406
26-Jan-2025 14:21:14.396,0.210138,0.38851,-0.340252
26-Jan-2025 14:21:14.412,0.165544,0.229074,-0.29627
26-Jan-2025 14:21:14.428,0.065363,0.259618,-0.227853
26-Jan-2025 14:21:14.444,-0.04948,0.47281,-0.233961
26-Jan-2025 14:21:14.460,-0.177151,0.79046,-0.311541
26-Jan-2025 14:21:14.476,-0.244957,0.943176,-0.354913
26-Jan-2025 14:21:14.492,-0.291994,1.086729,-0.365908
26-Jan-2025 14:21:14.508,-0.277944,1.146594,-0.361632
26-Jan-2025 14:21:14.524,-0.25412,1.208902,-0.367741
26-Jan-2025 14:21:14.541,-0.254731,1.261437,-0.361632
26-Jan-2025 14:21:14.557,-0.235183,1.300532,-0.323148
26-Jan-2025 14:21:14.573,-0.194866,1.329854,-0.260839
26-Jan-2025 14:21:14.589,-0.186314,1.389108,-0.24679
26-Jan-2025 14:21:14.605,-0.212581,1.519833,-0.212581
26-Jan-2025 14:21:14.621,-0.21197,1.586417,-0.168599
26-Jan-2025 14:21:14.637,-0.218079,1.607797,-0.13439
26-Jan-2025 14:21:14.653,-0.228464,1.62368,-0.139277
26-Jan-2025 14:21:14.669,-0.211359,1.689042,-0.188147
26-Jan-2025 14:21:14.685,-0.208305,1.714088,-0.257174
26-Jan-2025 14:21:14.701,-0.195477,1.727527,-0.341474
26-Jan-2025 14:21:14.717,-0.18387,1.754405,-0.359189
26-Jan-2025 14:21:14.733,-0.188757,1.776396,-0.363465
26-Jan-2025 14:21:14.749,-0.175929,1.847867,-0.335365
26-Jan-2025 14:21:14.765,-0.131947,1.954769,-0.277333
26-Jan-2025 14:21:14.781,-0.07086,2.115426,-0.205862
26-Jan-2025 14:21:14.797,-0.014661,2.212554,-0.182649
26-Jan-2025 14:21:14.813,0.196699,2.310292,-0.188757
26-Jan-2025 14:21:14.830,0.38118,2.360994,-0.239459
26-Jan-2025 14:21:14.846,0.181427,2.217441,-0.306043
26-Jan-2025 14:21:14.862,-0.240681,2.092213,-0.321315
26-Jan-2025 14:21:14.878,-0.524122,2.190563,-0.338419
26-Jan-2025 14:21:14.894,-0.530231,2.497217,-0.383623
26-Jan-2025 14:21:14.910,-0.439823,2.632829,-0.377515
26-Jan-2025 14:21:14.926,-0.381791,2.722626,-0.300546
26-Jan-2025 14:21:14.942,-0.387289,2.863736,-0.218079
26-Jan-2025 14:21:14.958,-0.461203,3.094033,-0.110567
26-Jan-2025 14:21:14.974,-0.549168,3.211318,-0.031154
26-Jan-2025 14:21:14.990,-0.657291,3.196047,0.058032
26-Jan-2025 14:21:15.006,-0.709215,3.067154,0.07086
26-Jan-2025 14:21:15.022,-0.686613,2.829528,-0.012828
26-Jan-2025 14:21:15.038,-0.615141,2.660929,-0.115454
26-Jan-2025 14:21:15.054,-0.554055,2.56258,-0.198531
26-Jan-2025 14:21:15.070,-0.535118,2.574797,-0.192423
26-Jan-2025 14:21:15.086,-0.55772,2.663983,-0.11301
26-Jan-2025 14:21:15.102,-0.534507,2.750115,0.018326
26-Jan-2025 14:21:15.118,-0.43799,2.786156,0.107512
26-Jan-2025 14:21:15.134,-0.325591,2.650544,0.180816
26-Jan-2025 14:21:15.151,-0.240681,2.480113,0.199142
26-Jan-2025 14:21:15.167,-0.073304,2.317012,0.197309
26-Jan-2025 14:21:15.183,0.015882,2.284025,0.189979
26-Jan-2025 14:21:15.199,0.04215,2.323731,0.191812
26-Jan-2025 14:21:15.215,0.042761,2.401922,0.206472
26-Jan-2025 14:21:15.231,0.050702,2.419026,0.229685
26-Jan-2025 14:21:15.247,0.09163,2.356718,0.273668
26-Jan-2025 14:21:15.263,0.13439,2.307849,0.299935
26-Jan-2025 14:21:15.279,0.17654,2.251649,0.277333
26-Jan-2025 14:21:15.295,0.191812,2.22416,0.241903
26-Jan-2025 14:21:15.311,0.187536,2.282804,0.219911
26-Jan-2025 14:21:15.327,0.180205,2.348777,0.208305
26-Jan-2025 14:21:15.343,0.135001,2.359162,0.14844
26-Jan-2025 14:21:15.359,0.095906,2.281582,0.095906
26-Jan-2025 14:21:15.375,0.083078,2.196671,0.076358
26-Jan-2025 14:21:15.391,0.103236,2.179567,0.067806
26-Jan-2025 14:21:15.407,0.108734,2.151467,0.045204
26-Jan-2025 14:21:15.423,0.109956,2.065946,0.028711
26-Jan-2025 14:21:15.439,0.129503,2.021353,0.046426
26-Jan-2025 14:21:15.455,0.192423,1.988366,0.064141
26-Jan-2025 14:21:15.472,0.236405,1.944384,0.068417
26-Jan-2025 14:21:15.488,0.215025,1.825265,-0.000611
26-Jan-2025 14:21:15.504,0.252898,1.84237,-0.048869
26-Jan-2025 14:21:15.520,0.36713,1.868637,-0.064141
26-Jan-2025 14:21:15.536,0.473421,1.759292,-0.072693
26-Jan-2025 14:21:15.552,0.459982,1.711644,-0.080634
26-Jan-2025 14:21:15.568,0.299324,1.721418,-0.124617
26-Jan-2025 14:21:15.584,0.111788,1.75074,-0.17654
26-Jan-2025 14:21:15.600,-0.082467,1.799609,-0.280998
26-Jan-2025 14:21:15.616,-0.144775,1.785559,-0.35308
26-Jan-2025 14:21:15.632,-0.179594,1.670716,-0.383013
26-Jan-2025 14:21:15.648,-0.193033,1.619404,-0.353691
26-Jan-2025 14:21:15.664,-0.169821,1.678658,-0.312152
26-Jan-2025 14:21:15.680,-0.101404,1.789835,-0.302989
26-Jan-2025 14:21:15.696,-0.008552,1.874135,-0.305433
26-Jan-2025 14:21:15.712,0.0281,1.830763,-0.265116
26-Jan-2025 14:21:15.728,-0.046426,1.711644,-0.189979
26-Jan-2025 14:21:15.744,-0.172875,1.580919,-0.069028
26-Jan-2025 14:21:15.760,-0.208305,1.530828,-0.012217
26-Jan-2025 14:21:15.776,-0.197309,1.533883,-0.014661
26-Jan-2025 14:21:15.793,-0.213803,1.537548,-0.051924
26-Jan-2025 14:21:15.809,-0.304822,1.538159,-0.097128
26-Jan-2025 14:21:15.825,-0.384234,1.511281,-0.12034
26-Jan-2025 14:21:15.841,-0.450208,1.46852,-0.142332
26-Jan-2025 14:21:15.857,-0.497855,1.455692,-0.140499
26-Jan-2025 14:21:15.873,-0.490525,1.466687,-0.118508
26-Jan-2025 14:21:15.889,-0.468534,1.462411,-0.089186
26-Jan-2025 14:21:15.905,-0.455095,1.445307,-0.076969
26-Jan-2025 14:21:15.921,-0.446543,1.425759,-0.07025
26-Jan-2025 14:21:15.937,-0.427606,1.406212,-0.057421
26-Jan-2025 14:21:15.953,-0.384234,1.365895,-0.036652
26-Jan-2025 14:21:15.969,-0.343917,1.419651,-0.020159
26-Jan-2025 14:21:15.985,-0.335365,1.290147,-0.020769
26-Jan-2025 14:21:16.001,-0.318872,1.075734,-0.041539
26-Jan-2025 14:21:16.017,-0.258396,0.930959,-0.067195
26-Jan-2025 14:21:16.033,-0.204029,0.901637,-0.10568
26-Jan-2025 14:21:16.049,-0.202196,0.92485,-0.126449
26-Jan-2025 14:21:16.065,-0.233961,0.879646,-0.140499
26-Jan-2025 14:21:16.081,-0.278555,0.786794,-0.144164
26-Jan-2025 14:21:16.097,-0.295659,0.714712,-0.147219
26-Jan-2025 14:21:16.114,-0.244957,0.673784,-0.184481
26-Jan-2025 14:21:16.130,-0.151495,0.588874,-0.264505
26-Jan-2025 14:21:16.146,-0.078802,0.492968,-0.311541
26-Jan-2025 14:21:16.162,-0.00672,0.386678,-0.328645
26-Jan-2025 14:21:16.178,0.122784,0.266948,-0.332922
26-Jan-2025 14:21:16.194,0.271835,0.198531,-0.339641
26-Jan-2025 14:21:16.210,0.579711,0.144164,-0.332922
26-Jan-2025 14:21:16.226,0.759305,0.095295,-0.256563
26-Jan-2025 14:21:16.242,0.62858,-0.03543,-0.115454
26-Jan-2025 14:21:16.258,0.383013,0.033598,-0.105069
26-Jan-2025 14:21:16.274,0.177762,0.32498,-0.167377
26-Jan-2025 14:21:16.290,0.114843,0.464258,-0.186925
26-Jan-2025 14:21:16.306,0.110567,0.31032,-0.059865
26-Jan-2025 14:21:16.322,0.208305,0.146608,0.078802
26-Jan-2025 14:21:16.338,0.345139,0.089186,0.192423
26-Jan-2025 14:21:16.354,0.397062,0.032376,0.335365
26-Jan-2025 14:21:16.370,0.335365,-0.108734,0.448986
26-Jan-2025 14:21:16.386,0.295659,-0.150273,0.589485
26-Jan-2025 14:21:16.402,0.229685,-0.027489,0.664011
26-Jan-2025 14:21:16.419,-0.009774,0.116064,0.700052
26-Jan-2025 14:21:16.435,-0.185703,0.078802,0.658513
26-Jan-2025 14:21:16.451,-0.241292,-0.104458,0.551611
26-Jan-2025 14:21:16.467,-0.215635,-0.259618,0.491747
26-Jan-2025 14:21:16.483,-0.156992,-0.399506,0.433103
26-Jan-2025 14:21:16.499,-0.116675,-0.526566,0.32498
26-Jan-2025 14:21:16.515,-0.096517,-0.607811,0.230296
26-Jan-2025 14:21:16.531,-0.102014,-0.696997,0.101404
26-Jan-2025 14:21:16.547,-0.092241,-0.773966,-0.001833
26-Jan-2025 14:21:16.563,-0.044593,-0.842994,-0.078191
26-Jan-2025 14:21:16.579,-0.032376,-0.846048,-0.081856
26-Jan-2025 14:21:16.595,-0.066584,-0.837496,-0.038485
26-Jan-2025 14:21:16.611,-0.089797,-0.806953,0.03543
26-Jan-2025 14:21:16.627,-0.064752,-0.809396,0.131947
26-Jan-2025 14:21:16.643,-0.029322,-0.87537,0.145386
26-Jan-2025 14:21:16.659,0.004276,-0.963945,0.133779
26-Jan-2025 14:21:16.675,0.068417,-1.039082,0.071471
26-Jan-2025 14:21:16.691,0.130114,-1.079399,0.003665
26-Jan-2025 14:21:16.707,0.207694,-1.164309,-0.052534
26-Jan-2025 14:21:16.724,0.2474,-1.268767,-0.062308
26-Jan-2025 14:21:16.740,0.294437,-1.385442,-0.025045
26-Jan-2025 14:21:16.756,0.325591,-1.397049,0.018326
26-Jan-2025 14:21:16.772,0.367741,-1.386664,0.058643
26-Jan-2025 14:21:16.788,0.304211,-1.437366,0.128893
26-Jan-2025 14:21:16.804,0.022602,-1.459968,0.25412
26-Jan-2025 14:21:16.820,-0.156382,-1.321912,0.273057
26-Jan-2025 14:21:16.836,-0.188147,-1.22112,0.221744
26-Jan-2025 14:21:16.852,-0.101404,-1.401325,0.07758
26-Jan-2025 14:21:16.868,0.021991,-1.596802,-0.001833
26-Jan-2025 14:21:16.884,0.030543,-1.691486,-0.001222
26-Jan-2025 14:21:16.900,-0.124617,-1.698816,0.024435
26-Jan-2025 14:21:16.916,-0.329256,-1.692708,-0.037263
26-Jan-2025 14:21:16.932,-0.366519,-1.744631,-0.145386
26-Jan-2025 14:21:16.948,-0.199142,-1.785559,-0.245568
26-Jan-2025 14:21:16.964,-0.034208,-1.726916,-0.268781
26-Jan-2025 14:21:16.980,0.052534,-1.599856,-0.230907
26-Jan-2025 14:21:16.996,0.043371,-1.444696,-0.131336
26-Jan-2025 14:21:17.012,-0.023213,-1.414764,-0.071471
26-Jan-2025 14:21:17.029,-0.094684,-1.571145,-0.069639
26-Jan-2025 14:21:17.045,-0.127671,-1.674382,-0.11301
26-Jan-2025 14:21:17.061,-0.177762,-1.624902,-0.192423
26-Jan-2025 14:21:17.077,-0.209527,-1.4899,-0.24007
26-Jan-2025 14:21:17.093,-0.214414,-1.243722,-0.280998
26-Jan-2025 14:21:17.109,-0.201586,-1.131933,-0.287107
26-Jan-2025 14:21:17.125,-0.167988,-1.092227,-0.256563
26-Jan-2025 14:21:17.141,-0.098349,-1.034806,-0.213192
26-Jan-2025 14:21:17.157,-0.050702,-0.855822,-0.193644
26-Jan-2025 14:21:17.173,-0.053145,-0.535118,-0.231518
26-Jan-2025 14:21:17.189,-0.107512,-0.309098,-0.268781
26-Jan-2025 14:21:17.204,-0.203418,-0.108123,-0.298713
26-Jan-2025 14:21:17.221,-0.219911,-0.329256,-0.323148
26-Jan-2025 14:21:17.237,0.004276,-0.429438,-0.280998
26-Jan-2025 14:21:17.253,0.15516,-0.344528,-0.271224
26-Jan-2025 14:21:17.269,0.238848,-0.257174,-0.235183
26-Jan-2025 14:21:17.285,0.25412,-0.186314,-0.18387
26-Jan-2025 14:21:17.301,0.245568,-0.102625,-0.161879
26-Jan-2025 14:21:17.317,0.202807,0.025656,-0.142942
26-Jan-2025 14:21:17.333,0.174707,0.09896,-0.149051
26-Jan-2025 14:21:17.350,0.297491,0.164934,-0.168599
26-Jan-2025 14:21:17.366,0.491136,0.202807,-0.149662
26-Jan-2025 14:21:17.382,0.531453,0.220522,-0.105069
26-Jan-2025 14:21:17.398,0.46609,0.249233,-0.109345
26-Jan-2025 14:21:17.414,0.411112,0.31093,-0.163101
26-Jan-2025 14:21:17.430,0.362243,0.341474,-0.216246
26-Jan-2025 14:21:17.446,0.280998,0.448986,-0.234572
26-Jan-2025 14:21:17.462,0.21869,0.633467,-0.206472
26-Jan-2025 14:21:17.478,0.106901,0.829555,-0.133779
26-Jan-2025 14:21:17.494,-0.08491,1.008538,-0.013439
26-Jan-2025 14:21:17.510,-0.193644,1.103223,0.074526
26-Jan-2025 14:21:17.525,-0.265116,1.20035,0.194255
26-Jan-2025 14:21:17.542,-0.296881,1.264491,0.263894
26-Jan-2025 14:21:17.558,-0.320704,1.2706,0.321315
26-Jan-2025 14:21:17.574,-0.343306,1.202183,0.3598
26-Jan-2025 14:21:17.590,-0.386678,1.205848,0.408669
26-Jan-2025 14:21:17.606,-0.433714,1.283428,0.406836
26-Jan-2025 14:21:17.622,-0.45876,1.426981,0.420886
26-Jan-2025 14:21:17.638,-0.465479,1.345736,0.452651
26-Jan-2025 14:21:17.654,-0.422108,1.123381,0.492357
26-Jan-2025 14:21:17.671,-0.24007,0.949285,0.530231
26-Jan-2025 14:21:17.687,-0.124006,0.9389,0.521679
26-Jan-2025 14:21:17.703,-0.091019,0.998765,0.45204
26-Jan-2025 14:21:17.719,-0.127671,1.050077,0.356134
26-Jan-2025 14:21:17.735,-0.213803,1.062295,0.202196
26-Jan-2025 14:21:17.751,-0.251676,0.999376,0.178984
26-Jan-2025 14:21:17.767,-0.26817,0.980439,0.153938
26-Jan-2025 14:21:17.783,-0.307876,1.01648,0.181427
26-Jan-2025 14:21:17.799,-0.3317,0.956004,0.236405
26-Jan-2025 14:21:17.815,-0.244957,0.81917,0.295659
26-Jan-2025 14:21:17.831,-0.174707,0.817338,0.281609
26-Jan-2025 14:21:17.847,-0.144775,0.869261,0.227853
26-Jan-2025 14:21:17.863,-0.108123,0.83322,0.210138
26-Jan-2025 14:21:17.879,0.019548,0.764803,0.219301
26-Jan-2025 14:21:17.895,0.135001,0.79046,0.211359
26-Jan-2025 14:21:17.911,0.213192,0.737925,0.169821
26-Jan-2025 14:21:17.927,0.227853,0.708604,0.142942
26-Jan-2025 14:21:17.943,0.216857,0.71288,0.158214
26-Jan-2025 14:21:17.960,0.205251,0.701273,0.182038
26-Jan-2025 14:21:17.976,0.263894,0.689056,0.200364
26-Jan-2025 14:21:17.992,0.434936,0.710436,0.195477
26-Jan-2025 14:21:18.008,0.529009,0.712269,0.178984
26-Jan-2025 14:21:18.024,0.56505,0.73426,0.11301
26-Jan-2025 14:21:18.040,0.505796,0.803899,0.276722
26-Jan-2025 14:21:18.056,0.349415,0.938289,0.217468
26-Jan-2025 14:21:18.072,0.180816,0.935235,0.076969
26-Jan-2025 14:21:18.088,0.048869,0.83994,-0.067195
26-Jan-2025 14:21:18.104,0.004887,0.729373,-0.200364
26-Jan-2025 14:21:18.120,-0.008552,0.595594,-0.346361
26-Jan-2025 14:21:18.136,-0.01405,0.596815,-0.382402
26-Jan-2025 14:21:18.152,0.010385,0.676839,-0.371406
26-Jan-2025 14:21:18.168,0.095906,0.907746,-0.345139
26-Jan-2025 14:21:18.184,0.147219,1.102612,-0.365297
26-Jan-2025 14:21:18.200,0.18326,1.287704,-0.407447
26-Jan-2025 14:21:18.216,0.193644,1.36956,-0.439823
26-Jan-2025 14:21:18.233,0.087354,1.446529,-0.50824
26-Jan-2025 14:21:18.249,-0.100793,1.456914,-0.503353
26-Jan-2025 14:21:18.265,-0.3036,1.41904,-0.422719
26-Jan-2025 14:21:18.281,-0.370795,1.500285,-0.42333
26-Jan-2025 14:21:18.297,-0.378126,1.649947,-0.490525
26-Jan-2025 14:21:18.313,-0.354302,1.822211,-0.555887
26-Jan-2025 14:21:18.329,-0.353691,1.905289,-0.528398
26-Jan-2025 14:21:18.345,-0.390343,1.999362,-0.405004
26-Jan-2025 14:21:18.361,-0.417221,2.042123,-0.302378
26-Jan-2025 14:21:18.377,-0.401949,2.050064,-0.214414
26-Jan-2025 14:21:18.393,-0.368963,1.987145,-0.203418
26-Jan-2025 14:21:18.409,-0.315817,1.846035,-0.259007
26-Jan-2025 14:21:18.425,-0.352469,1.930945,-0.312763
26-Jan-2025 14:21:18.441,-0.265116,1.763568,-0.323148
26-Jan-2025 14:21:18.457,-0.21197,1.611462,-0.293826
26-Jan-2025 14:21:18.473,-0.271224,1.561982,-0.220522
26-Jan-2025 14:21:18.489,-0.328645,1.536937,-0.079412
26-Jan-2025 14:21:18.505,-0.279165,1.502118,0.018326
26-Jan-2025 14:21:18.522,-0.174097,1.406823,0.061087
26-Jan-2025 14:21:18.538,-0.137445,1.361619,0.028711
26-Jan-2025 14:21:18.554,-0.153938,1.231504,-0.031154
26-Jan-2025 14:21:18.570,-0.18326,1.119105,-0.09896
26-Jan-2025 14:21:18.586,-0.215635,1.076345,-0.222966
26-Jan-2025 14:21:18.602,-0.26817,1.13682,-0.273668
26-Jan-2025 14:21:18.618,-0.306043,1.165531,-0.262672
26-Jan-2025 14:21:18.634,-0.221133,1.096503,-0.231518
26-Jan-2025 14:21:18.650,-0.054978,1.069625,-0.219301
26-Jan-2025 14:21:18.666,0.304211,1.215622,-0.19059
26-Jan-2025 14:21:18.682,0.450208,1.215011,-0.205251
26-Jan-2025 14:21:18.698,0.469755,1.072068,-0.279165
26-Jan-2025 14:21:18.714,0.383013,1.134377,-0.314596
26-Jan-2025 14:21:18.730,0.100182,1.253495,-0.281609
26-Jan-2025 14:21:18.746,-0.053756,1.357343,-0.222966
26-Jan-2025 14:21:18.762,-0.130114,1.476461,-0.164323
26-Jan-2025 14:21:18.778,-0.251676,1.499674,-0.142332
26-Jan-2025 14:21:18.794,-0.362854,1.511891,-0.100182
26-Jan-2025 14:21:18.810,-0.309098,1.569924,0.029932
26-Jan-2025 14:21:18.826,-0.177762,1.519833,0.174707
26-Jan-2025 14:21:18.843,-0.0562,1.170418,0.383623
26-Jan-2025 14:21:18.859,0.048869,0.906524,0.50091
26-Jan-2025 14:21:18.875,0.157603,0.845438,0.542448
26-Jan-2025 14:21:18.891,0.086743,1.022588,0.425773
26-Jan-2025 14:21:18.907,-0.163712,1.360397,0.173486
26-Jan-2025 14:21:18.923,-0.31765,1.414764,0.168599
26-Jan-2025 14:21:18.939,-0.401338,1.330464,0.298713
26-Jan-2025 14:21:18.955,-0.410501,1.243722,0.483805
26-Jan-2025 14:21:18.971,-0.348804,1.232726,0.564439
26-Jan-2025 14:21:18.987,-0.278555,1.273043,0.584598
26-Jan-2025 14:21:19.003,-0.244957,1.302365,0.494801
26-Jan-2025 14:21:19.019,-0.182649,1.31336,0.251676
26-Jan-2025 14:21:19.035,-0.147829,1.338406,0.127671
26-Jan-2025 14:21:19.051,-0.081856,1.393384,0.002443
26-Jan-2025 14:21:19.067,-0.075747,1.335962,-0.017715
26-Jan-2025 14:21:19.083,-0.102014,1.269378,-0.021991
26-Jan-2025 14:21:19.099,-0.124617,1.22173,-0.005498
26-Jan-2025 14:21:19.115,-0.153327,1.152703,0.00672
26-Jan-2025 14:21:19.131,-0.206472,0.951117,0.045204
26-Jan-2025 14:21:19.148,-0.251676,0.827112,0.081245
26-Jan-2025 14:21:19.164,-0.245568,0.731817,0.080023
26-Jan-2025 14:21:19.180,-0.180205,0.653015,0.040317
26-Jan-2025 14:21:19.196,-0.04948,0.583376,0.025045
26-Jan-2025 14:21:19.212,0.039095,0.535118,0.071471
26-Jan-2025 14:21:19.228,0.178984,0.460592,0.14844
26-Jan-2025 14:21:19.244,0.301157,0.48686,0.172875
26-Jan-2025 14:21:19.260,0.405004,0.488081,0.192423
26-Jan-2025 14:21:19.276,0.383013,0.31765,0.229074
26-Jan-2025 14:21:19.292,0.361021,0.142332,0.299935
26-Jan-2025 14:21:19.308,0.376904,0.149662,0.328645
26-Jan-2025 14:21:19.324,0.409891,0.257174,0.274278
26-Jan-2025 14:21:19.340,0.304822,0.311541,0.192423
26-Jan-2025 14:21:19.356,0.172875,0.301157,0.139888
26-Jan-2025 14:21:19.372,0.008552,0.200364,0.059865
26-Jan-2025 14:21:19.388,-0.094073,0.053756,-0.007941
26-Jan-2025 14:21:19.404,-0.156992,-0.140499,-0.058643
26-Jan-2025 14:21:19.420,-0.054367,-0.211359,-0.07758
26-Jan-2025 14:21:19.437,0.131947,-0.19059,-0.111788
26-Jan-2025 14:21:19.453,0.364076,-0.094684,-0.161879
26-Jan-2025 14:21:19.469,0.389121,0.043371,-0.228464
26-Jan-2025 14:21:19.485,0.463036,0.043982,-0.331089
26-Jan-2025 14:21:19.501,0.405615,-0.100793,-0.341474
26-Jan-2025 14:21:19.517,0.212581,-0.240681,-0.312763
26-Jan-2025 14:21:19.533,0.058032,-0.252287,-0.300546
26-Jan-2025 14:21:19.549,-0.151495,-0.182038,-0.340252
26-Jan-2025 14:21:19.565,-0.286496,-0.039095,-0.371406
26-Jan-2025 14:21:19.581,-0.381791,0.128282,-0.350637
26-Jan-2025 14:21:19.597,-0.40928,0.301157,-0.317039
26-Jan-2025 14:21:19.613,-0.401949,0.447153,-0.269392
26-Jan-2025 14:21:19.629,-0.309098,0.40256,-0.157603
26-Jan-2025 14:21:19.645,-0.202807,0.332922,-0.078191
26-Jan-2025 14:21:19.661,-0.083689,0.323759,-0.044593
26-Jan-2025 14:21:19.677,-0.02138,0.274278,-0.084299
26-Jan-2025 14:21:19.693,0.028711,0.136223,-0.171042
26-Jan-2025 14:21:19.709,0.029932,0.03543,-0.208305
26-Jan-2025 14:21:19.726,-0.003665,-0.01405,-0.191201
26-Jan-2025 14:21:19.742,-0.025045,0.003665,-0.138666
26-Jan-2025 14:21:19.758,-0.017104,0.03543,-0.064752
26-Jan-2025 14:21:19.774,0.00733,0.071471,-0.02138
26-Jan-2025 14:21:19.790,0.045204,0.086132,0.010996
26-Jan-2025 14:21:19.806,0.10568,0.045204,0.018326
26-Jan-2025 14:21:19.822,0.164934,-0.018937,0
26-Jan-2025 14:21:19.838,0.179594,-0.031154,-0.048869
26-Jan-2025 14:21:19.854,0.125227,-0.110567,-0.108734
26-Jan-2025 14:21:19.870,0.034208,-0.182649,-0.196088
26-Jan-2025 14:21:19.886,-0.012217,-0.088575,-0.273668
26-Jan-2025 14:21:19.902,0.192423,-0.078191,-0.386678
26-Jan-2025 14:21:19.918,0.425773,-0.185092,-0.413556
26-Jan-2025 14:21:19.934,0.40928,-0.210749,-0.346971
26-Jan-2025 14:21:19.950,0.18326,-0.010996,-0.156382
26-Jan-2025 14:21:19.966,0.083689,0.074526,-0.037874
26-Jan-2025 14:21:19.982,0.124006,-0.041539,0.04215
26-Jan-2025 14:21:19.998,0.165544,-0.090408,0.051313
26-Jan-2025 14:21:20.014,0.087965,-0.034208,0.075136
26-Jan-2025 14:21:20.031,-0.004276,0.118508,0.13439
26-Jan-2025 14:21:20.047,-0.003665,0.453262,0.218079
26-Jan-2025 14:21:20.063,0.092852,0.406836,0.269392
26-Jan-2025 14:21:20.079,0.14844,-0.015882,0.313985
26-Jan-2025 14:21:20.095,0.202196,-0.223577,0.36041
26-Jan-2025 14:21:20.111,0.221744,-0.16249,0.420275
26-Jan-2025 14:21:20.127,0.108734,0.086132,0.45204
26-Jan-2025 14:21:20.143,-0.010385,0.186314,0.441656
26-Jan-2025 14:21:20.159,-0.126449,0.137445,0.445932
26-Jan-2025 14:21:20.175,-0.163712,0.013439,0.494801
26-Jan-2025 14:21:20.191,-0.223577,-0.07086,0.507629
26-Jan-2025 14:21:20.207,-0.24679,-0.131947,0.518625
26-Jan-2025 14:21:20.223,-0.24007,-0.135001,0.48014
26-Jan-2025 14:21:20.239,-0.215025,-0.153327,0.37385
26-Jan-2025 14:21:20.255,-0.175318,-0.219301,0.223577
26-Jan-2025 14:21:20.271,-0.114232,-0.36713,0.036652
26-Jan-2025 14:21:20.287,-0.081245,-0.467312,-0.027489
26-Jan-2025 14:21:20.303,-0.074526,-0.447153,0.02138
26-Jan-2025 14:21:20.320,-0.080023,-0.355524,0.126449
26-Jan-2025 14:21:20.336,-0.087965,-0.288328,0.224188
26-Jan-2025 14:21:20.352,-0.048258,-0.346971,0.252287
26-Jan-2025 14:21:20.368,0.07025,-0.441045,0.252287
26-Jan-2025 14:21:20.384,0.128893,-0.50152,0.208916
26-Jan-2025 14:21:20.400,0.122173,-0.378126,0.092241
26-Jan-2025 14:21:20.416,0.094073,-0.257785,-0.002443
26-Jan-2025 14:21:20.432,0.090408,-0.312763,-0.047037
26-Jan-2025 14:21:20.448,0.156992,-0.518625,0.01405
26-Jan-2025 14:21:20.464,0.218079,-0.558942,0.100793
26-Jan-2025 14:21:20.480,0.19792,-0.57177,0.174707
26-Jan-2025 14:21:20.496,0.090408,-0.674395,0.238237
26-Jan-2025 14:21:20.512,0.076969,-0.751364,0.326813
26-Jan-2025 14:21:20.528,0.213803,-0.831998,0.291383
26-Jan-2025 14:21:20.544,0.449597,-0.965778,0.143553
26-Jan-2025 14:21:20.560,0.534507,-1.025643,0.042761
26-Jan-2025 14:21:20.576,0.273668,-1.047634,-0.018326
26-Jan-2025 14:21:20.592,-0.169821,-1.037249,0.022602
26-Jan-2025 14:21:20.608,-0.556498,-1.091616,0.147219
26-Jan-2025 14:21:20.624,-0.80451,-1.310306,0.184481
26-Jan-2025 14:21:20.641,-0.840551,-1.523498,0.037263
26-Jan-2025 14:21:20.657,-0.5791,-1.737912,-0.194866
26-Jan-2025 14:21:20.673,-0.260229,-1.696984,-0.313374
26-Jan-2025 14:21:20.689,0.089797,-1.364062,-0.381791
26-Jan-2025 14:21:20.705,0.189368,-1.175305,-0.32498
26-Jan-2025 14:21:20.721,0.114232,-1.290147,-0.11973
26-Jan-2025 14:21:20.737,-0.009774,-1.517389,0.034819
26-Jan-2025 14:21:20.753,-0.09163,-1.707368,0.135001
26-Jan-2025 14:21:20.769,-0.120951,-1.697595,0.14844
26-Jan-2025 14:21:20.785,-0.153327,-1.514946,0.072693
26-Jan-2025 14:21:20.801,-0.193033,-1.277319,-0.074526
26-Jan-2025 14:21:20.817,-0.160658,-1.10872,-0.172264
26-Jan-2025 14:21:20.833,-0.108123,-0.993878,-0.230296
26-Jan-2025 14:21:20.849,-0.092852,-0.993267,-0.223577
26-Jan-2025 14:21:20.865,-0.036652,-0.973108,-0.211359
26-Jan-2025 14:21:20.881,0.009774,-0.951728,-0.201586
26-Jan-2025 14:21:20.897,0.066584,-0.98166,-0.182649
26-Jan-2025 14:21:20.913,0.073915,-1.003652,-0.171042
26-Jan-2025 14:21:20.930,0.037263,-1.019534,-0.178984
26-Jan-2025 14:21:20.945,-0.020769,-0.976163,-0.198531
26-Jan-2025 14:21:20.962,-0.034819,-0.871705,-0.209527
26-Jan-2025 14:21:20.978,0.018937,-0.834442,-0.252287
26-Jan-2025 14:21:20.994,0.097128,-0.899805,-0.284052
26-Jan-2025 14:21:21.010,0.146608,-0.912022,-0.293826
26-Jan-2025 14:21:21.026,0.111177,-0.834442,-0.26817
26-Jan-2025 14:21:21.042,0.074526,-0.815505,-0.273668
26-Jan-2025 14:21:21.058,0.098349,-0.875981,-0.312152
26-Jan-2025 14:21:21.074,0.084299,-0.857044,-0.365908
26-Jan-2025 14:21:21.090,-0.027489,-0.72021,-0.436769
26-Jan-2025 14:21:21.106,-0.084299,-0.750753,-0.462425
26-Jan-2025 14:21:21.122,0.037874,-0.783129,-0.443488
26-Jan-2025 14:21:21.138,0.323148,-0.631635,-0.428827
26-Jan-2025 14:21:21.154,0.475864,-0.616974,-0.325591
26-Jan-2025 14:21:21.170,0.233351,-0.795957,-0.150884
26-Jan-2025 14:21:21.186,0.030543,-0.789849,0.004887
26-Jan-2025 14:21:21.202,0.033598,-0.671341,0.039095
26-Jan-2025 14:21:21.218,0.048258,-0.651182,0.039706
26-Jan-2025 14:21:21.234,0.017715,-0.61453,0.058032
26-Jan-2025 14:21:21.250,-0.040317,-0.46609,0.092241
26-Jan-2025 14:21:21.266,-0.032987,-0.271224,0.146608
26-Jan-2025 14:21:21.283,0.050702,-0.327424,0.188757
26-Jan-2025 14:21:21.299,0.131336,-0.715323,0.258396
26-Jan-2025 14:21:21.315,0.187536,-1.001208,0.309098
26-Jan-2025 14:21:21.331,0.230907,-1.117272,0.37446
26-Jan-2025 14:21:21.347,0.181427,-1.039693,0.408058
26-Jan-2025 14:21:21.363,0.053756,-0.873537,0.378736
26-Jan-2025 14:21:21.379,-0.005498,-0.844827,0.316428
26-Jan-2025 14:21:21.395,-0.041539,-0.914465,0.266948
26-Jan-2025 14:21:21.411,-0.060476,-1.027475,0.233351
26-Jan-2025 14:21:21.427,-0.061697,-1.085508,0.225409
26-Jan-2025 14:21:21.443,-0.042761,-1.124603,0.206472
26-Jan-2025 14:21:21.459,-0.014661,-1.130101,0.14111
26-Jan-2025 14:21:21.475,0.00733,-1.111775,-0.023824
26-Jan-2025 14:21:21.491,0.030543,-1.130712,-0.128893
26-Jan-2025 14:21:21.507,0.060476,-1.12277,-0.140499
26-Jan-2025 14:21:21.523,0.054367,-1.08001,-0.058032
26-Jan-2025 14:21:21.539,0.023213,-1.08734,0.086743
26-Jan-2025 14:21:21.555,0.015272,-1.123992,0.169821
26-Jan-2025 14:21:21.571,0.065363,-1.139264,0.197309
26-Jan-2025 14:21:21.587,0.231518,-1.15087,0.161268
26-Jan-2025 14:21:21.603,0.248011,-1.293813,0.125838
26-Jan-2025 14:21:21.619,0.219301,-1.422094,0.109345
26-Jan-2025 14:21:21.636,0.211359,-1.409266,0.113621
26-Jan-2025 14:21:21.652,0.145997,-1.409877,0.132558
26-Jan-2025 14:21:21.668,0.074526,-1.444085,0.160658
26-Jan-2025 14:21:21.684,0.041539,-1.46119,0.199753
26-Jan-2025 14:21:21.700,0.07758,-1.465466,0.218079
26-Jan-2025 14:21:21.716,0.146608,-1.431257,0.231518
26-Jan-2025 14:21:21.732,0.279165,-1.358564,0.240681
26-Jan-2025 14:21:21.748,0.39523,-1.344514,0.226631
26-Jan-2025 14:21:21.764,0.470977,-1.392162,0.167988
26-Jan-2025 14:21:21.780,0.448375,-1.39766,0.124617
26-Jan-2025 14:21:21.796,0.370795,-1.304197,0.110567
26-Jan-2025 14:21:21.812,0.279776,-1.128879,0.152716
26-Jan-2025 14:21:21.828,0.114843,-0.924239,0.293826
26-Jan-2025 14:21:21.844,-0.044593,-0.905302,0.379347
26-Jan-2025 14:21:21.860,-0.259618,-0.939511,0.37385
26-Jan-2025 14:21:21.876,-0.332922,-0.930348,0.321926
26-Jan-2025 14:21:21.892,-0.307265,-0.890031,0.278555
26-Jan-2025 14:21:21.908,-0.296881,-1.006095,0.233351
26-Jan-2025 14:21:21.924,-0.376904,-1.201572,0.202807
26-Jan-2025 14:21:21.940,-0.458149,-1.353067,0.150884
26-Jan-2025 14:21:21.957,-0.358578,-1.280374,0.111177
26-Jan-2025 14:21:21.973,-0.128893,-1.161866,0.066584
26-Jan-2025 14:21:21.989,-0.03543,-1.246776,0.058032
26-Jan-2025 14:21:22.005,-0.03543,-1.39094,0.08491
26-Jan-2025 14:21:22.021,-0.130114,-1.48929,0.11301
26-Jan-2025 14:21:22.037,-0.244346,-1.6023,0.127671
26-Jan-2025 14:21:22.053,-0.288328,-1.65911,0.114843
26-Jan-2025 14:21:22.069,-0.271224,-1.63773,0.064752
26-Jan-2025 14:21:22.085,-0.318261,-1.449583,-0.109956
26-Jan-2025 14:21:22.101,-0.438601,-1.353677,-0.215025
26-Jan-2025 14:21:22.117,-0.552222,-1.387886,-0.206472
26-Jan-2025 14:21:22.133,-0.544892,-1.408044,-0.150273
26-Jan-2025 14:21:22.149,-0.485027,-1.332297,-0.087965
26-Jan-2025 14:21:22.165,-0.430049,-1.259604,-0.07025
26-Jan-2025 14:21:22.181,-0.3317,-1.230893,-0.061697
26-Jan-2025 14:21:22.197,-0.299324,-1.187522,-0.043982
26-Jan-2025 14:21:22.213,-0.324369,-1.152092,-0.0281
26-Jan-2025 14:21:22.229,-0.372017,-1.097725,-0.019548
26-Jan-2025 14:21:22.245,-0.294437,-1.148427,-0.040317
26-Jan-2025 14:21:22.261,-0.099571,-1.185079,-0.106901
26-Jan-2025 14:21:22.278,0.031154,-1.152092,-0.177151
26-Jan-2025 14:21:22.294,0.136834,-1.109331,-0.251066
26-Jan-2025 14:21:22.310,0.188147,-1.079399,-0.297491
26-Jan-2025 14:21:22.326,0.296881,-0.924239,-0.326202
26-Jan-2025 14:21:22.342,0.332922,-0.897972,-0.309098
26-Jan-2025 14:21:22.358,0.309098,-0.961502,-0.301767
26-Jan-2025 14:21:22.374,0.307265,-0.934624,-0.32498
26-Jan-2025 14:21:22.390,0.280998,-0.786794,-0.379347
26-Jan-2025 14:21:22.406,0.287107,-0.569326,-0.485027
26-Jan-2025 14:21:22.422,0.353691,-0.481973,-0.551
26-Jan-2025 14:21:22.438,0.557109,-0.516792,-0.585209
26-Jan-2025 14:21:22.454,0.771523,-0.539394,-0.544892
26-Jan-2025 14:21:22.470,0.871705,-0.43066,-0.347582
26-Jan-2025 14:21:22.486,0.669508,-0.420886,-0.100182
26-Jan-2025 14:21:22.502,0.399506,-0.546724,0.097128
26-Jan-2025 14:21:22.518,0.242514,-0.632856,0.061087
26-Jan-2025 14:21:22.534,0.131947,-0.609033,-0.047037
26-Jan-2025 14:21:22.550,0.089797,-0.355524,-0.191812
26-Jan-2025 14:21:22.566,0.087965,-0.164934,-0.252287
26-Jan-2025 14:21:22.582,0.060476,-0.131947,-0.208305
26-Jan-2025 14:21:22.599,0.003665,-0.251066,-0.09896
26-Jan-2025 14:21:22.615,-0.053756,-0.449597,0.019548
26-Jan-2025 14:21:22.631,-0.017104,-0.476475,0.092852
26-Jan-2025 14:21:22.647,0.003054,-0.447153,0.181427
26-Jan-2025 14:21:22.663,-0.04215,-0.435547,0.244957
26-Jan-2025 14:21:22.679,-0.102625,-0.435547,0.309709
26-Jan-2025 14:21:22.695,-0.157603,-0.439212,0.334143
26-Jan-2025 14:21:22.711,-0.188147,-0.488692,0.302989
26-Jan-2025 14:21:22.727,-0.20464,-0.594372,0.241903
26-Jan-2025 14:21:22.743,-0.212581,-0.659734,0.216246
26-Jan-2025 14:21:22.759,-0.214414,-0.753197,0.193644
26-Jan-2025 14:21:22.775,-0.18387,-0.810618,0.168599
26-Jan-2025 14:21:22.791,-0.141721,-0.814283,0.112399
26-Jan-2025 14:21:22.807,-0.144164,-0.782518,0.078802
26-Jan-2025 14:21:22.823,-0.189368,-0.768468,0.061087
26-Jan-2025 14:21:22.839,-0.237016,-0.788627,0.059865
26-Jan-2025 14:21:22.855,-0.281609,-0.828944,0.060476
26-Jan-2025 14:21:22.871,-0.331089,-0.852768,0.087354
26-Jan-2025 14:21:22.887,-0.376904,-0.773355,0.11301
26-Jan-2025 14:21:22.903,-0.370184,-0.689056,0.132558
26-Jan-2025 14:21:22.920,-0.305433,-0.690889,0.131336
26-Jan-2025 14:21:22.936,-0.180205,-0.729984,0.120951
26-Jan-2025 14:21:22.952,-0.0562,-0.74159,0.102625
26-Jan-2025 14:21:22.968,0.125227,-0.784962,0.089797
26-Jan-2025 14:21:22.984,0.197309,-0.874148,0.125838
26-Jan-2025 14:21:23.000,0.18326,-0.961502,0.18387
26-Jan-2025 14:21:23.016,0.182038,-0.901637,0.233961
26-Jan-2025 14:21:23.032,0.194866,-0.990823,0.248622
26-Jan-2025 14:21:23.048,0.159436,-1.247387,0.274278
26-Jan-2025 14:21:23.064,0.083078,-1.340849,0.252898
26-Jan-2025 14:21:23.080,0.029322,-1.34818,0.147829
26-Jan-2025 14:21:23.096,-0.008552,-1.344514,0.034208
26-Jan-2025 14:21:23.112,-0.097128,-1.459968,-0.069639
26-Jan-2025 14:21:23.128,-0.177151,-1.596802,-0.110567
26-Jan-2025 14:21:23.144,-0.177151,-1.674993,-0.174707
26-Jan-2025 14:21:23.160,-0.00733,-1.544878,-0.236405
26-Jan-2025 14:21:23.176,0.194255,-1.319469,-0.259007
26-Jan-2025 14:21:23.192,0.314596,-1.176526,-0.189368
26-Jan-2025 14:21:23.208,0.316428,-1.17164,-0.103847
26-Jan-2025 14:21:23.224,0.216857,-1.283428,-0.022602
26-Jan-2025 14:21:23.241,0.07086,-1.405601,-0.013439
26-Jan-2025 14:21:23.257,-0.105069,-1.477683,-0.058643
26-Jan-2025 14:21:23.273,-0.181427,-1.434922,-0.146608
26-Jan-2025 14:21:23.289,-0.202807,-1.347569,-0.263894
26-Jan-2025 14:21:23.305,-0.182649,-1.238835,-0.325591
26-Jan-2025 14:21:23.321,-0.124617,-1.087951,-0.348804
26-Jan-2025 14:21:23.337,-0.026878,-0.967,-0.288939
26-Jan-2025 14:21:23.353,0.002443,-0.934624,-0.207694
26-Jan-2025 14:21:23.369,0.008552,-0.828333,-0.125227
26-Jan-2025 14:21:23.385,0.007941,-0.742201,-0.124617
26-Jan-2025 14:21:23.401,-0.00672,-0.671341,-0.161879
26-Jan-2025 14:21:23.417,-0.026878,-0.615752,-0.177151
26-Jan-2025 14:21:23.433,-0.076358,-0.495412,-0.182649
26-Jan-2025 14:21:23.449,-0.108123,-0.371406,-0.196088
26-Jan-2025 14:21:23.465,-0.086743,-0.175318,-0.231518
26-Jan-2025 14:21:23.481,-0.043371,-0.093462,-0.241903
26-Jan-2025 14:21:23.497,0.001222,-0.07758,-0.215635
26-Jan-2025 14:21:23.513,0.031154,-0.076358,-0.149051
26-Jan-2025 14:21:23.529,0.017715,-0.066584,-0.113621
26-Jan-2025 14:21:23.545,-0.037263,-0.042761,-0.093462
26-Jan-2025 14:21:23.561,-0.095295,-0.000611,-0.081245
26-Jan-2025 14:21:23.578,-0.140499,0.089797,-0.098349
26-Jan-2025 14:21:23.594,-0.121562,0.185703,-0.150273
26-Jan-2025 14:21:23.610,0.095906,0.343306,-0.186314
26-Jan-2025 14:21:23.626,0.364687,0.386678,-0.137445
26-Jan-2025 14:21:23.642,0.412945,0.259007,-0.054978
26-Jan-2025 14:21:23.658,0.260229,0.221133,-0.012217
26-Jan-2025 14:21:23.674,0.316428,0.385456,-0.026878
26-Jan-2025 14:21:23.690,0.489914,0.560774,-0.068417
26-Jan-2025 14:21:23.706,0.465479,0.634078,-0.087965
26-Jan-2025 14:21:23.722,0.230296,0.878424,-0.075747
26-Jan-2025 14:21:23.738,-0.003054,1.013425,-0.010385
26-Jan-2025 14:21:23.754,-0.100182,1.032362,0.071471
26-Jan-2025 14:21:23.770,0.018937,0.979217,0.091019
26-Jan-2025 14:21:23.786,0.17654,0.918741,0.086743
26-Jan-2025 14:21:23.802,0.191201,0.921796,0.083689
26-Jan-2025 14:21:23.818,0.147829,0.968832,0.091019
26-Jan-2025 14:21:23.834,0.044593,1.032362,0.142942
26-Jan-2025 14:21:23.850,-0.030543,1.014647,0.184481
26-Jan-2025 14:21:23.866,-0.103847,0.959058,0.230296
26-Jan-2025 14:21:23.882,-0.118508,0.894918,0.252287
26-Jan-2025 14:21:23.899,-0.116675,0.795957,0.267559
26-Jan-2025 14:21:23.915,-0.12706,0.799623,0.265726
26-Jan-2025 14:21:23.931,-0.117286,0.806342,0.224188
26-Jan-2025 14:21:23.947,-0.08491,0.779464,0.175929
26-Jan-2025 14:21:23.963,-0.034819,0.773355,0.13439
26-Jan-2025 14:21:23.979,0.009774,0.811229,0.091019
26-Jan-2025 14:21:23.995,0.017715,0.832609,0.064752
26-Jan-2025 14:21:24.011,-0.050702,0.842994,0.05681
26-Jan-2025 14:21:24.027,-0.117286,0.860709,0.072693
26-Jan-2025 14:21:24.043,-0.196088,0.829555,0.116675
26-Jan-2025 14:21:24.059,-0.229685,0.798401,0.158825
26-Jan-2025 14:21:24.075,-0.215025,0.782518,0.185092
26-Jan-2025 14:21:24.091,-0.17654,0.732427,0.171042
26-Jan-2025 14:21:24.107,-0.107512,0.643852,0.121562
26-Jan-2025 14:21:24.123,-0.047647,0.587041,0.07025
26-Jan-2025 14:21:24.139,0.020159,0.505186,0.040317
26-Jan-2025 14:21:24.155,0.088575,0.357967,0.044593
26-Jan-2025 14:21:24.171,0.147219,0.299935,0.064752
26-Jan-2025 14:21:24.187,0.22602,0.276722,0.100793
26-Jan-2025 14:21:24.203,0.253509,0.255342,0.095906
26-Jan-2025 14:21:24.220,0.233961,0.163101,0.09163
26-Jan-2025 14:21:24.236,0.21869,0.03543,0.171042
26-Jan-2025 14:21:24.252,0.245568,-0.112399,0.288939
26-Jan-2025 14:21:24.268,0.257785,-0.140499,0.321926
26-Jan-2025 14:21:24.283,0.26145,-0.100182,0.304211
26-Jan-2025 14:21:24.300,0.318872,0.020159,0.246179
26-Jan-2025 14:21:24.316,0.367741,0.00733,0.208916
26-Jan-2025 14:21:24.332,0.302989,-0.092852,0.234572
26-Jan-2025 14:21:24.348,0.158214,-0.128282,0.265116
26-Jan-2025 14:21:24.364,-0.073915,-0.197309,0.248011
26-Jan-2025 14:21:24.380,-0.209527,-0.265726,0.196088
26-Jan-2025 14:21:24.396,-0.246179,-0.294437,0.084299
26-Jan-2025 14:21:24.412,-0.152716,-0.243735,-0.034819
26-Jan-2025 14:21:24.428,0.010385,-0.151495,-0.207694
26-Jan-2025 14:21:24.444,0.051924,-0.051924,-0.285885
26-Jan-2025 14:21:24.460,0.104458,0.161879,-0.297491
26-Jan-2025 14:21:24.476,0.216857,0.172264,-0.200975
26-Jan-2025 14:21:24.492,0.207694,-0.102625,-0.078802
26-Jan-2025 14:21:24.508,0.10568,-0.258396,-0.053145
26-Jan-2025 14:21:24.524,-0.015882,-0.161879,-0.144775
26-Jan-2025 14:21:24.541,-0.175318,0.059254,-0.291383
26-Jan-2025 14:21:24.557,-0.244346,0.200364,-0.373239
26-Jan-2025 14:21:24.573,-0.306654,0.309098,-0.401338
26-Jan-2025 14:21:24.589,-0.353691,0.354302,-0.370184
26-Jan-2025 14:21:24.604,-0.348804,0.426384,-0.304211
26-Jan-2025 14:21:24.621,-0.296881,0.478918,-0.253509
26-Jan-2025 14:21:24.637,-0.210749,0.469755,-0.209527
26-Jan-2025 14:21:24.653,-0.089186,0.447764,-0.200975
26-Jan-2025 14:21:24.669,-0.010996,0.419664,-0.221744
26-Jan-2025 14:21:24.685,0.065973,0.38118,-0.238848
26-Jan-2025 14:21:24.701,0.094073,0.365297,-0.235794
26-Jan-2025 14:21:24.717,0.089186,0.377515,-0.209527
26-Jan-2025 14:21:24.733,0.098349,0.40928,-0.17654
26-Jan-2025 14:21:24.749,0.122173,0.412334,-0.143553
26-Jan-2025 14:21:24.765,0.157603,0.415388,-0.136223
26-Jan-2025 14:21:24.780,0.168599,0.413556,-0.125838
26-Jan-2025 14:21:24.797,0.117897,0.432493,-0.12706
26-Jan-2025 14:21:24.813,0.060476,0.406225,-0.158214
26-Jan-2025 14:21:24.829,0.015882,0.262061,-0.238237
26-Jan-2025 14:21:24.845,0.019548,0.19059,-0.277333
26-Jan-2025 14:21:24.862,0.032376,0.250455,-0.266948
26-Jan-2025 14:21:24.878,0.07086,0.338419,-0.24679
26-Jan-2025 14:21:24.894,0.351248,0.282831,-0.208305
26-Jan-2025 14:21:24.910,0.522901,0.080634,-0.18326
26-Jan-2025 14:21:24.926,0.312763,0.159436,-0.144775
26-Jan-2025 14:21:24.942,0.147829,0.291383,-0.128282
26-Jan-2025 14:21:24.958,0.066584,0.285274,-0.142332
26-Jan-2025 14:21:24.974,0.103236,0.375682,-0.164323
26-Jan-2025 14:21:24.990,0.164934,0.608422,-0.163101
26-Jan-2025 14:21:25.006,0.116675,0.795347,-0.12034
26-Jan-2025 14:21:25.022,0.0281,0.852768,-0.064752
26-Jan-2025 14:21:25.038,-0.043371,0.841161,0.040928
26-Jan-2025 14:21:25.054,-0.031154,0.800233,0.133169
26-Jan-2025 14:21:25.070,-0.022602,0.83322,0.249844
26-Jan-2025 14:21:25.086,-0.020159,0.888809,0.278555
26-Jan-2025 14:21:25.101,0.032376,0.934013,0.237627
26-Jan-2025 14:21:25.118,0.078802,0.98166,0.191201
26-Jan-2025 14:21:25.134,0.001833,1.012204,0.244346
26-Jan-2025 14:21:25.150,-0.221133,1.068403,0.394008
26-Jan-2025 14:21:25.166,-0.323759,1.102001,0.453873
26-Jan-2025 14:21:25.183,-0.371406,0.856433,0.439212
26-Jan-2025 14:21:25.199,-0.312152,0.681115,0.394008
26-Jan-2025 14:21:25.215,-0.168599,0.601091,0.298102
26-Jan-2025 14:21:25.231,-0.094684,0.622472,0.210138
26-Jan-2025 14:21:25.247,-0.065973,0.671952,0.09163
26-Jan-2025 14:21:25.263,-0.043982,0.648128,0.050702
26-Jan-2025 14:21:25.279,-0.026267,0.582155,0.044593
26-Jan-2025 14:21:25.295,-0.041539,0.52229,0.075747
26-Jan-2025 14:21:25.311,-0.089797,0.52962,0.116064
26-Jan-2025 14:21:25.327,-0.171042,0.543059,0.149051
26-Jan-2025 14:21:25.343,-0.20464,0.518625,0.141721
26-Jan-2025 14:21:25.359,-0.217468,0.463647,0.092241
26-Jan-2025 14:21:25.375,-0.208305,0.434325,0.036041
26-Jan-2025 14:21:25.391,-0.173486,0.350637,-0.007941
26-Jan-2025 14:21:25.407,-0.140499,0.293826,-0.005498
26-Jan-2025 14:21:25.422,-0.103236,0.257785,0.023824
26-Jan-2025 14:21:25.439,-0.011606,0.194866,0.062308
26-Jan-2025 14:21:25.455,0.047037,0.138666,0.078191
26-Jan-2025 14:21:25.471,0.11973,0.107512,0.094684
26-Jan-2025 14:21:25.487,0.114232,0.004887,0.139888
26-Jan-2025 14:21:25.504,0.124617,-0.117286,0.265726
26-Jan-2025 14:21:25.520,0.232129,-0.12706,0.313374
26-Jan-2025 14:21:25.536,0.426384,-0.139277,0.334143
26-Jan-2025 14:21:25.552,0.489303,-0.084299,0.370795
26-Jan-2025 14:21:25.568,0.557109,0.037874,0.363465
26-Jan-2025 14:21:25.584,0.535118,-0.05681,0.315206
26-Jan-2025 14:21:25.600,0.399506,-0.270002,0.233351
26-Jan-2025 14:21:25.616,0.15516,-0.450819,0.106291
26-Jan-2025 14:21:25.632,0.015882,-0.474642,-0.038485
26-Jan-2025 14:21:25.648,-0.069028,-0.45204,-0.266948
26-Jan-2025 14:21:25.664,-0.073915,-0.436158,-0.38851
26-Jan-2025 14:21:25.680,-0.010385,-0.294437,-0.452651
26-Jan-2025 14:21:25.696,0.095906,-0.131336,-0.456927
26-Jan-2025 14:21:25.712,0.222355,0.081856,-0.418443
26-Jan-2025 14:21:25.728,0.265726,0.238848,-0.382402
26-Jan-2025 14:21:25.744,0.286496,0.29627,-0.351248
26-Jan-2025 14:21:25.760,0.224798,0.223577,-0.327424
26-Jan-2025 14:21:25.776,0.094684,0.222355,-0.300546
26-Jan-2025 14:21:25.792,-0.075747,0.464258,-0.287107
26-Jan-2025 14:21:25.808,-0.127671,0.696997,-0.338419
26-Jan-2025 14:21:25.825,-0.152105,0.932791,-0.419054
26-Jan-2025 14:21:25.841,-0.184481,1.084286,-0.428827
26-Jan-2025 14:21:25.857,-0.245568,1.296867,-0.382402
26-Jan-2025 14:21:25.873,-0.288328,1.435533,-0.321926
26-Jan-2025 14:21:25.889,-0.322537,1.634675,-0.270613
26-Jan-2025 14:21:25.905,-0.352469,1.771509,-0.257174
26-Jan-2025 14:21:25.921,-0.417221,1.823433,-0.256563
26-Jan-2025 14:21:25.937,-0.445321,1.789224,-0.2755
26-Jan-2025 14:21:25.953,-0.405004,1.824044,-0.301157
26-Jan-2025 14:21:25.969,-0.353691,1.975538,-0.317039
26-Jan-2025 14:21:25.985,-0.364687,2.119702,-0.299324
26-Jan-2025 14:21:26.001,-0.368352,2.193617,-0.243124
26-Jan-2025 14:21:26.017,-0.364076,2.205834,-0.219301
26-Jan-2025 14:21:26.033,-0.348193,2.225993,-0.224188
26-Jan-2025 14:21:26.049,-0.312152,2.240043,-0.246179
26-Jan-2025 14:21:26.065,-0.26817,2.290134,-0.287107
26-Jan-2025 14:21:26.081,-0.177762,2.290134,-0.335365
26-Jan-2025 14:21:26.097,-0.130114,2.279138,-0.355524
26-Jan-2025 14:21:26.113,-0.120951,2.364048,-0.337198
26-Jan-2025 14:21:26.129,-0.069028,2.453846,-0.308487
26-Jan-2025 14:21:26.146,0.023213,2.521652,-0.265726
26-Jan-2025 14:21:26.162,0.062308,2.517987,-0.242514
26-Jan-2025 14:21:26.178,0.121562,2.467896,-0.222966
26-Jan-2025 14:21:26.194,0.061697,2.342668,-0.186925
26-Jan-2025 14:21:26.210,-0.19792,2.162463,-0.111788
26-Jan-2025 14:21:26.226,-0.306654,2.235767,-0.103236
26-Jan-2025 14:21:26.242,-0.323759,2.451402,-0.141721
26-Jan-2025 14:21:26.258,-0.405615,2.655431,-0.215025
26-Jan-2025 14:21:26.274,-0.506407,2.68292,-0.241292
26-Jan-2025 14:21:26.290,-0.668897,2.644436,-0.235183
26-Jan-2025 14:21:26.306,-0.78374,2.579684,-0.186925
26-Jan-2025 14:21:26.322,-0.848492,2.557082,-0.105069
26-Jan-2025 14:21:26.338,-0.784962,2.587014,-0.078191
26-Jan-2025 14:21:26.354,-0.651182,2.616336,-0.087965
26-Jan-2025 14:21:26.370,-0.612087,2.604119,-0.086743
26-Jan-2025 14:21:26.386,-0.662178,2.662151,-0.050702
26-Jan-2025 14:21:26.402,-0.690889,2.7324,-0.025656
26-Jan-2025 14:21:26.418,-0.630413,2.742785,-0.00733
26-Jan-2025 14:21:26.434,-0.507629,2.71835,0.024435
26-Jan-2025 14:21:26.451,-0.456316,2.707966,0.034819
26-Jan-2025 14:21:26.467,-0.455705,2.789211,0.01405
26-Jan-2025 14:21:26.483,-0.455095,2.857628,-0.002443
26-Jan-2025 14:21:26.499,-0.398284,2.856406,0.002443
26-Jan-2025 14:21:26.515,-0.334754,2.811202,0.029932
26-Jan-2025 14:21:26.531,-0.284052,2.801428,0.07758
26-Jan-2025 14:21:26.547,-0.262672,2.828917,0.116675
26-Jan-2025 14:21:26.563,-0.238237,2.846632,0.157603
26-Jan-2025 14:21:26.579,-0.19792,2.804482,0.207083
26-Jan-2025 14:21:26.595,-0.156382,2.75317,0.216857
26-Jan-2025 14:21:26.611,-0.124617,2.665816,0.195477
26-Jan-2025 14:21:26.627,-0.129503,2.61939,0.187536
26-Jan-2025 14:21:26.643,-0.151495,2.566245,0.201586
26-Jan-2025 14:21:26.659,-0.156382,2.497828,0.200975
26-Jan-2025 14:21:26.675,-0.086743,2.444072,0.191201
26-Jan-2025 14:21:26.691,-0.04215,2.389705,0.175929
26-Jan-2025 14:21:26.707,-0.064752,2.251649,0.154549
26-Jan-2025 14:21:26.723,-0.0281,2.14597,0.125838
26-Jan-2025 14:21:26.740,0.013439,2.081829,0.092241
26-Jan-2025 14:21:26.755,0.0281,1.956601,0.090408
26-Jan-2025 14:21:26.772,0.065363,1.785559,0.130114
26-Jan-2025 14:21:26.788,0.123395,1.59558,0.180816
26-Jan-2025 14:21:26.804,0.150273,1.505172,0.182038
26-Jan-2025 14:21:26.820,0.197309,1.420873,0.273057
26-Jan-2025 14:21:26.836,0.255953,1.395216,0.273668
26-Jan-2025 14:21:26.852,0.354913,1.234559,0.170431
26-Jan-2025 14:21:26.868,0.410501,1.205848,0.115454
26-Jan-2025 14:21:26.884,0.434325,1.223563,0.0562
26-Jan-2025 14:21:26.900,0.421497,1.166142,-0.009163
26-Jan-2025 14:21:26.916,0.38118,1.189355,-0.040928
26-Jan-2025 14:21:26.932,0.232129,1.453248,-0.04215
26-Jan-2025 14:21:26.948,0.126449,1.478294,-0.054367
26-Jan-2025 14:21:26.964,0.094684,1.329243,-0.092241
26-Jan-2025 14:21:26.980,0.149662,1.253495,-0.125227
26-Jan-2025 14:21:26.996,0.227853,1.125825,-0.171042
26-Jan-2025 14:21:27.012,0.229685,1.079399,-0.191812
26-Jan-2025 14:21:27.028,0.165544,1.048856,-0.202196
26-Jan-2025 14:21:27.044,0.068417,1.007928,-0.197309
26-Jan-2025 14:21:27.061,-0.036041,0.936456,-0.175318
26-Jan-2025 14:21:27.077,-0.089797,0.834442,-0.146608
26-Jan-2025 14:21:27.093,-0.067195,0.764803,-0.128893
26-Jan-2025 14:21:27.109,-0.029322,0.640187,-0.079412
26-Jan-2025 14:21:27.125,-0.042761,0.551,0.004887
26-Jan-2025 14:21:27.141,-0.094684,0.481362,0.111788
26-Jan-2025 14:21:27.157,-0.135612,0.397673,0.131336
26-Jan-2025 14:21:27.173,-0.195477,0.266337,0.121562
26-Jan-2025 14:21:27.189,-0.249233,0.210749,0.115454
26-Jan-2025 14:21:27.205,-0.304822,0.179594,0.113621
26-Jan-2025 14:21:27.221,-0.356134,0.14844,0.128893
26-Jan-2025 14:21:27.237,-0.358578,0.158825,0.157603
26-Jan-2025 14:21:27.253,-0.337808,0.208916,0.223577
26-Jan-2025 14:21:27.269,-0.313985,0.22602,0.291383
26-Jan-2025 14:21:27.285,-0.266337,0.213803,0.336587
26-Jan-2025 14:21:27.301,-0.236405,0.180205,0.320093
26-Jan-2025 14:21:27.317,-0.207083,0.189979,0.259007
26-Jan-2025 14:21:27.333,-0.189368,0.235183,0.197309
26-Jan-2025 14:21:27.349,-0.173486,0.279165,0.111177
26-Jan-2025 14:21:27.365,-0.17654,0.281609,0.095906
26-Jan-2025 14:21:27.382,-0.168599,0.284663,0.137445
26-Jan-2025 14:21:27.398,-0.103236,0.354302,0.09163
26-Jan-2025 14:21:27.414,-0.02138,0.415388,0.058032
26-Jan-2025 14:21:27.430,0.025045,0.386067,0.003054
26-Jan-2025 14:21:27.446,-0.032376,0.255953,-0.052534
26-Jan-2025 14:21:27.462,0.001222,0.160047,-0.178984
26-Jan-2025 14:21:27.478,-0.00733,0.21869,-0.284663
26-Jan-2025 14:21:27.494,-0.065363,0.319483,-0.370795
26-Jan-2025 14:21:27.510,-0.050702,0.352469,-0.411112
26-Jan-2025 14:21:27.526,0.076969,0.259618,-0.440434
26-Jan-2025 14:21:27.542,0.445932,0.071471,-0.469145
26-Jan-2025 14:21:27.558,0.595594,0.033598,-0.424551
26-Jan-2025 14:21:27.574,0.399506,-0.003054,-0.230907
26-Jan-2025 14:21:27.590,0.166155,-0.052534,-0.147219
26-Jan-2025 14:21:27.606,-0.09896,-0.158214,-0.137445
26-Jan-2025 14:21:27.622,-0.168599,-0.014661,-0.083078
26-Jan-2025 14:21:27.638,-0.023213,0.394008,-0.032376
26-Jan-2025 14:21:27.654,0.025656,0.612698,-0.005498
26-Jan-2025 14:21:27.670,-0.061087,0.762971,0.061697
26-Jan-2025 14:21:27.686,-0.062919,0.788016,0.145386
26-Jan-2025 14:21:27.703,-0.007941,0.767247,0.216246
26-Jan-2025 14:21:27.719,0.072082,0.679282,0.262061
26-Jan-2025 14:21:27.735,0.108734,0.623693,0.237016
26-Jan-2025 14:21:27.751,0.050091,0.621861,0.150884
26-Jan-2025 14:21:27.767,-0.067195,0.657291,0.104458
26-Jan-2025 14:21:27.783,-0.270002,0.712269,0.13439
26-Jan-2025 14:21:27.799,-0.397062,0.815505,0.197309
26-Jan-2025 14:21:27.815,-0.467923,0.902248,0.237016
26-Jan-2025 14:21:27.831,-0.43799,0.815505,0.218079
26-Jan-2025 14:21:27.847,-0.361021,0.638354,0.200364
26-Jan-2025 14:21:27.863,-0.222966,0.440434,0.21869
26-Jan-2025 14:21:27.879,-0.130725,0.375682,0.220522
26-Jan-2025 14:21:27.895,-0.057421,0.338419,0.132558
26-Jan-2025 14:21:27.911,-0.007941,0.298102,0.072082
26-Jan-2025 14:21:27.927,0.034208,0.232129,0.075136
26-Jan-2025 14:21:27.943,0.025045,0.174097,0.130114
26-Jan-2025 14:21:27.959,-0.062308,0.14844,0.225409
26-Jan-2025 14:21:27.975,-0.144775,0.11301,0.266337
26-Jan-2025 14:21:27.991,-0.21869,0.002443,0.243124
26-Jan-2025 14:21:28.007,-0.250455,-0.079412,0.186925
26-Jan-2025 14:21:28.024,-0.243735,-0.154549,0.11973
26-Jan-2025 14:21:28.040,-0.158825,-0.231518,0.057421
26-Jan-2025 14:21:28.056,-0.066584,-0.264505,0.04215
26-Jan-2025 14:21:28.072,0.031154,-0.25412,0.057421
26-Jan-2025 14:21:28.088,0.113621,-0.299935,0.079412
26-Jan-2025 14:21:28.104,0.228464,-0.422719,0.117897
26-Jan-2025 14:21:28.120,0.237627,-0.557109,0.153938
26-Jan-2025 14:21:28.136,0.177151,-0.731206,0.191201
26-Jan-2025 14:21:28.152,0.202807,-0.761749,0.185092
26-Jan-2025 14:21:28.168,0.318261,-0.671952,0.170431
26-Jan-2025 14:21:28.184,0.419054,-0.652404,0.188757
26-Jan-2025 14:21:28.200,0.378736,-0.793514,0.246179
26-Jan-2025 14:21:28.216,0.389732,-0.890642,0.263283
26-Jan-2025 14:21:28.232,0.349415,-0.894307,0.255342
26-Jan-2025 14:21:28.248,0.066584,-0.891252,0.285885
26-Jan-2025 14:21:28.264,-0.164934,-0.891252,0.273057
26-Jan-2025 14:21:28.280,-0.343917,-0.937067,0.127671
26-Jan-2025 14:21:28.296,-0.369573,-1.010371,-0.028711
26-Jan-2025 14:21:28.312,-0.354302,-1.112386,-0.177151
26-Jan-2025 14:21:28.328,-0.314596,-1.116662,-0.236405
26-Jan-2025 14:21:28.345,-0.181427,-1.006706,-0.28222
26-Jan-2025 14:21:28.361,0.060476,-0.803288,-0.288939
26-Jan-2025 14:21:28.377,0.211359,-0.710436,-0.255953
26-Jan-2025 14:21:28.393,0.317039,-0.656069,-0.163712
26-Jan-2025 14:21:28.409,0.270613,-0.744645,-0.079412
26-Jan-2025 14:21:28.425,-0.012828,-0.968221,0.042761
26-Jan-2025 14:21:28.441,-0.21197,-0.997543,0.107512
26-Jan-2025 14:21:28.457,-0.316428,-0.795347,0.06353
26-Jan-2025 14:21:28.473,-0.31032,-0.604757,-0.045204
26-Jan-2025 14:21:28.489,-0.291383,-0.460592,-0.211359
26-Jan-2025 14:21:28.505,-0.307876,-0.387289,-0.285274
26-Jan-2025 14:21:28.521,-0.31032,-0.315206,-0.318872
26-Jan-2025 14:21:28.537,-0.259007,-0.270613,-0.331089
26-Jan-2025 14:21:28.553,-0.207083,-0.270002,-0.312763
26-Jan-2025 14:21:28.569,-0.108734,-0.33903,-0.266337
26-Jan-2025 14:21:28.585,-0.043371,-0.405615,-0.221744
26-Jan-2025 14:21:28.601,-0.020159,-0.433714,-0.165544
26-Jan-2025 14:21:28.617,-0.0281,-0.41661,-0.115454
26-Jan-2025 14:21:28.634,-0.039095,-0.361021,-0.07086
26-Jan-2025 14:21:28.650,-0.017104,-0.291383,-0.098349
26-Jan-2025 14:21:28.666,0.012217,-0.182649,-0.142332
26-Jan-2025 14:21:28.682,0.04948,-0.046426,-0.175318
26-Jan-2025 14:21:28.698,0.11301,0.003665,-0.215025
26-Jan-2025 14:21:28.714,0.202196,0.024435,-0.309098
26-Jan-2025 14:21:28.730,0.200975,0.021991,-0.378736
26-Jan-2025 14:21:28.746,0.130725,0.097128,-0.441045
26-Jan-2025 14:21:28.762,0.138666,0.167988,-0.450819
26-Jan-2025 14:21:28.778,0.378126,0.271835,-0.411723
26-Jan-2025 14:21:28.794,0.526566,0.297491,-0.298102
26-Jan-2025 14:21:28.810,0.346971,0.211359,-0.153327
26-Jan-2025 14:21:28.826,0.222966,0.259007,-0.155771
26-Jan-2025 14:21:28.842,0.241292,0.346361,-0.198531
26-Jan-2025 14:21:28.858,0.326202,0.476475,-0.207694
26-Jan-2025 14:21:28.874,0.367741,0.638965,-0.175318
26-Jan-2025 14:21:28.890,0.347582,0.883311,-0.149051
26-Jan-2025 14:21:28.906,0.277944,1.007928,-0.158214
26-Jan-2025 14:21:28.922,0.201586,1.026865,-0.16921
26-Jan-2025 14:21:28.938,0.215025,0.949285,-0.11973
26-Jan-2025 14:21:28.955,0.233961,0.676839,-0.001222
26-Jan-2025 14:21:28.971,0.227853,0.502131,0.060476
26-Jan-2025 14:21:28.987,0.188757,0.477697,0.072693
26-Jan-2025 14:21:29.003,0.092852,0.476475,0.029932
26-Jan-2025 14:21:29.019,-0.027489,0.417221,-0.015882
26-Jan-2025 14:21:29.035,-0.171653,0.431271,-0.059254
26-Jan-2025 14:21:29.051,-0.276111,0.522901,-0.053145
26-Jan-2025 14:21:29.067,-0.339641,0.588874,-0.041539
26-Jan-2025 14:21:29.083,-0.324369,0.504575,-0.058643
26-Jan-2025 14:21:29.099,-0.292604,0.304822,-0.101404
26-Jan-2025 14:21:29.115,-0.272446,0.202807,-0.138666
26-Jan-2025 14:21:29.131,-0.221133,0.08491,-0.186925
26-Jan-2025 14:21:29.147,-0.18326,-0.04215,-0.220522
26-Jan-2025 14:21:29.163,-0.172875,-0.159436,-0.235794
26-Jan-2025 14:21:29.179,-0.200975,-0.258396,-0.213192
26-Jan-2025 14:21:29.195,-0.222966,-0.317039,-0.211359
26-Jan-2025 14:21:29.211,-0.204029,-0.394619,-0.22602
26-Jan-2025 14:21:29.227,-0.12706,-0.477086,-0.234572
26-Jan-2025 14:21:29.243,0.068417,-0.620028,-0.250455
26-Jan-2025 14:21:29.259,0.221133,-0.757473,-0.264505
26-Jan-2025 14:21:29.276,0.436158,-0.884533,-0.243735
26-Jan-2025 14:21:29.292,0.583376,-0.927904,-0.18387
26-Jan-2025 14:21:29.308,0.673173,-0.982271,-0.078802
26-Jan-2025 14:21:29.324,0.675617,-1.065349,-0.023824
26-Jan-2025 14:21:29.340,0.654848,-1.225396,-0.008552
26-Jan-2025 14:21:29.356,0.623083,-1.405601,0.025045
26-Jan-2025 14:21:29.372,0.507018,-1.260826,0.128282
26-Jan-2025 14:21:29.388,0.216246,-0.851546,0.185703
26-Jan-2025 14:21:29.404,-0.020769,-0.675006,0.080634
26-Jan-2025 14:21:29.420,-0.177762,-0.638354,-0.125227
26-Jan-2025 14:21:29.436,-0.184481,-0.850935,-0.208916
26-Jan-2025 14:21:29.452,-0.199142,-1.335962,-0.243735
26-Jan-2025 14:21:29.468,-0.12706,-1.50395,-0.218079
26-Jan-2025 14:21:29.484,0.043982,-1.418429,-0.168599
26-Jan-2025 14:21:29.500,0.294437,-1.307252,-0.110567
26-Jan-2025 14:21:29.516,0.474031,-1.333519,-0.061697
26-Jan-2025 14:21:29.532,0.645685,-1.544878,0.018937
26-Jan-2025 14:21:29.548,0.609644,-1.848478,0.078191
26-Jan-2025 14:21:29.564,0.304822,-2.184454,0.15516
26-Jan-2025 14:21:29.580,0.020159,-1.99814,0.185703
26-Jan-2025 14:21:29.597,-0.255953,-1.393384,0.130114
26-Jan-2025 14:21:29.613,-0.367741,-1.119105,0.012828
26-Jan-2025 14:21:29.629,-0.348804,-1.03786,-0.139888
26-Jan-2025 14:21:29.645,-0.248622,-1.027475,-0.185092
26-Jan-2025 14:21:29.661,-0.138666,-0.979217,-0.166766
26-Jan-2025 14:21:29.677,-0.061087,-0.816116,-0.061697
26-Jan-2025 14:21:29.693,-0.040928,-0.666454,0.089797
26-Jan-2025 14:21:29.709,0.004276,-0.55039,0.336587
26-Jan-2025 14:21:29.725,0.064752,-0.518625,0.488081
26-Jan-2025 14:21:29.741,0.152716,-0.389732,0.575435
26-Jan-2025 14:21:29.757,0.145997,-0.323759,0.563829
26-Jan-2025 14:21:29.773,0.116675,-0.279165,0.50152
26-Jan-2025 14:21:29.789,0.186925,-0.192423,0.435547
26-Jan-2025 14:21:29.805,0.266337,-0.065973,0.359189
26-Jan-2025 14:21:29.821,0.265116,0.143553,0.250455
26-Jan-2025 14:21:29.837,0.226631,0.274889,0.177151
26-Jan-2025 14:21:29.853,0.19792,0.354302,0.095906
26-Jan-2025 14:21:29.870,0.171042,0.429438,0.034819
26-Jan-2025 14:21:29.886,0.177762,0.569937,-0.078191
26-Jan-2025 14:21:29.902,0.251676,0.686613,-0.171653
26-Jan-2025 14:21:29.918,0.222355,0.758084,-0.229685
26-Jan-2025 14:21:29.934,0.042761,0.789238,-0.2474
26-Jan-2025 14:21:29.950,-0.278555,0.813672,-0.259618
26-Jan-2025 14:21:29.966,-0.469755,0.913244,-0.257174
26-Jan-2025 14:21:29.982,-0.564439,1.08734,-0.267559
26-Jan-2025 14:21:29.998,-0.578489,1.429425,-0.282831
26-Jan-2025 14:21:30.014,-0.514349,1.700038,-0.223577
26-Jan-2025 14:21:30.030,-0.344528,1.809383,-0.053756
26-Jan-2025 14:21:30.046,-0.204029,1.663386,0.115454
26-Jan-2025 14:21:30.062,-0.076969,1.363451,0.321315
26-Jan-2025 14:21:30.078,-0.040317,1.277319,0.433103
26-Jan-2025 14:21:30.094,-0.087354,1.430036,0.529009
26-Jan-2025 14:21:30.110,-0.158214,1.614517,0.552833
26-Jan-2025 14:21:30.126,-0.243124,1.785559,0.539394
26-Jan-2025 14:21:30.142,-0.345139,1.838704,0.464258
26-Jan-2025 14:21:30.158,-0.401338,1.712866,0.400728
26-Jan-2025 14:21:30.174,-0.406836,1.558928,0.375071
26-Jan-2025 14:21:30.190,-0.35308,1.582141,0.395841
26-Jan-2025 14:21:30.206,-0.283441,1.698816,0.406836
26-Jan-2025 14:21:30.222,-0.255953,1.701871,0.380569
26-Jan-2025 14:21:30.239,-0.213803,1.600467,0.33903
26-Jan-2025 14:21:30.255,-0.145386,1.533883,0.330478
26-Jan-2025 14:21:30.271,-0.065973,1.508226,0.331089
26-Jan-2025 14:21:30.287,-0.068417,1.48929,0.31032
26-Jan-2025 14:21:30.303,-0.112399,1.477683,0.274889
26-Jan-2025 14:21:30.319,-0.130114,1.488679,0.254731
26-Jan-2025 14:21:30.335,-0.053756,1.522276,0.257785
26-Jan-2025 14:21:30.351,0.104458,1.437977,0.223577
26-Jan-2025 14:21:30.367,0.184481,1.283428,0.171042
26-Jan-2025 14:21:30.383,0.209527,1.134377,0.147219
26-Jan-2025 14:21:30.399,0.197309,1.137431,0.168599
26-Jan-2025 14:21:30.415,0.187536,1.188744,0.222966
26-Jan-2025 14:21:30.431,0.225409,1.153314,0.264505
26-Jan-2025 14:21:30.447,0.313374,1.166142,0.306043
26-Jan-2025 14:21:30.463,0.322537,1.130712,0.340863
26-Jan-2025 14:21:30.479,0.252898,1.086118,0.315817
26-Jan-2025 14:21:30.495,0.295659,1.005484,0.223577
26-Jan-2025 14:21:30.511,0.317039,0.868039,0.12706
26-Jan-2025 14:21:30.527,0.195477,0.714712,0.020769
26-Jan-2025 14:21:30.543,0.061087,0.667676,-0.059254
26-Jan-2025 14:21:30.560,-0.073915,0.665843,-0.197309
26-Jan-2025 14:21:30.576,-0.109956,0.646906,-0.271835
26-Jan-2025 14:21:30.592,-0.015882,0.702495,-0.293826
26-Jan-2025 14:21:30.608,0.157603,0.843605,-0.279165
26-Jan-2025 14:21:30.624,0.333532,0.933402,-0.268781
26-Jan-2025 14:21:30.640,0.479529,0.959058,-0.270613
26-Jan-2025 14:21:30.656,0.552222,0.996321,-0.26817
26-Jan-2025 14:21:30.672,0.581544,0.998154,-0.270613
26-Jan-2025 14:21:30.688,0.426995,0.862542,-0.270613
26-Jan-2025 14:21:30.704,0.103847,0.893696,-0.237016
26-Jan-2025 14:21:30.720,-0.03543,1.141096,-0.209527
26-Jan-2025 14:21:30.736,-0.116675,1.445307,-0.252287
26-Jan-2025 14:21:30.752,-0.150273,1.58825,-0.322537
26-Jan-2025 14:21:30.768,-0.188147,1.668884,-0.369573
26-Jan-2025 14:21:30.784,-0.240681,1.745853,-0.377515
26-Jan-2025 14:21:30.800,-0.264505,1.784948,-0.353691
26-Jan-2025 14:21:30.816,-0.25412,1.734857,-0.276111
26-Jan-2025 14:21:30.832,-0.224798,1.71592,-0.238848
26-Jan-2025 14:21:30.848,-0.186314,1.726305,-0.244346
26-Jan-2025 14:21:30.864,-0.17654,1.704925,-0.2474
26-Jan-2025 14:21:30.880,-0.172264,1.630399,-0.186314
26-Jan-2025 14:21:30.896,-0.179594,1.65911,-0.130725
26-Jan-2025 14:21:30.913,-0.213803,1.714699,-0.062308
26-Jan-2025 14:21:30.929,-0.238848,1.716531,-0.013439
26-Jan-2025 14:21:30.945,-0.230907,1.676214,0.002443
26-Jan-2025 14:21:30.961,-0.180816,1.587028,-0.017715
26-Jan-2025 14:21:30.977,-0.153327,1.549154,-0.037874
26-Jan-2025 14:21:30.993,-0.128282,1.516168,-0.075747
26-Jan-2025 14:21:31.009,-0.084299,1.442253,-0.112399
26-Jan-2025 14:21:31.025,-0.010385,1.290758,-0.198531
26-Jan-2025 14:21:31.041,0.036041,1.220509,-0.264505
26-Jan-2025 14:21:31.057,0.06353,1.268767,-0.288939
26-Jan-2025 14:21:31.073,0.088575,1.346958,-0.260229
26-Jan-2025 14:21:31.089,0.188147,1.390329,-0.229074
26-Jan-2025 14:21:31.105,0.464868,1.427592,-0.226631
26-Jan-2025 14:21:31.121,0.666454,1.458746,-0.2474
26-Jan-2025 14:21:31.137,0.686613,1.326799,-0.259618
26-Jan-2025 14:21:31.153,0.56505,1.229061,-0.271835
26-Jan-2025 14:21:31.169,0.210749,1.190576,-0.24007
26-Jan-2025 14:21:31.185,-0.091019,1.338406,-0.177762
26-Jan-2025 14:21:31.201,-0.379958,1.635286,-0.177762
26-Jan-2025 14:21:31.217,-0.398895,1.879022,-0.198531
26-Jan-2025 14:21:31.233,-0.205862,1.943773,-0.139888
26-Jan-2025 14:21:31.249,-0.073304,1.758681,-0.039095
26-Jan-2025 14:21:31.266,-0.037874,1.572367,0.08491
26-Jan-2025 14:21:31.282,-0.07086,1.544878,0.242514
26-Jan-2025 14:21:31.298,-0.151495,1.63101,0.291383
26-Jan-2025 14:21:31.314,-0.291994,1.626734,0.267559
26-Jan-2025 14:21:31.330,-0.386067,1.491122,0.216246
26-Jan-2025 14:21:31.346,-0.471588,1.310306,0.166766
26-Jan-2025 14:21:31.362,-0.470977,1.274265,0.189979
26-Jan-2025 14:21:31.378,-0.412945,1.307863,0.276111
26-Jan-2025 14:21:31.394,-0.3598,1.281595,0.338419
26-Jan-2025 14:21:31.410,-0.312763,1.197907,0.385456
26-Jan-2025 14:21:31.426,-0.251676,1.091616,0.394619
26-Jan-2025 14:21:31.442,-0.175318,1.024421,0.336587
26-Jan-2025 14:21:31.458,-0.081856,0.862542,0.173486
26-Jan-2025 14:21:31.474,-0.064141,0.770912,0.043371
26-Jan-2025 14:21:31.490,-0.097128,0.793514,-0.016493
26-Jan-2025 14:21:31.506,-0.156992,0.805731,0.036652
26-Jan-2025 14:21:31.522,-0.216857,0.750753,0.152105
26-Jan-2025 14:21:31.538,-0.221744,0.736093,0.170431
26-Jan-2025 14:21:31.554,-0.164323,0.681726,0.152105
26-Jan-2025 14:21:31.570,-0.094073,0.620639,0.151495
26-Jan-2025 14:21:31.587,-0.016493,0.577879,0.165544
26-Jan-2025 14:21:31.603,0.069639,0.522901,0.175929
26-Jan-2025 14:21:31.619,0.123395,0.455095,0.165544
26-Jan-2025 14:21:31.635,0.180816,0.321926,0.124617
26-Jan-2025 14:21:31.651,0.193644,0.258396,0.102625
26-Jan-2025 14:21:31.667,0.175929,0.235183,0.128893
26-Jan-2025 14:21:31.683,0.173486,0.250455,0.241903
26-Jan-2025 14:21:31.699,0.252898,0.277333,0.390343
26-Jan-2025 14:21:31.715,0.3317,0.277944,0.406836
26-Jan-2025 14:21:31.731,0.389121,0.259618,0.31093
26-Jan-2025 14:21:31.747,0.397673,0.260839,0.114232
26-Jan-2025 14:21:31.763,0.294437,0.242514,0.012217
26-Jan-2025 14:21:31.779,0.08491,0.167988,-0.060476
26-Jan-2025 14:21:31.795,-0.079412,0.065973,-0.131336
26-Jan-2025 14:21:31.811,-0.206472,-0.073304,-0.248622
26-Jan-2025 14:21:31.827,-0.205251,-0.138666,-0.336587
26-Jan-2025 14:21:31.843,-0.090408,-0.158825,-0.356134
26-Jan-2025 14:21:31.859,0.017104,-0.086132,-0.328645
26-Jan-2025 14:21:31.875,0.105069,0.083689,-0.306043
26-Jan-2025 14:21:31.891,0.138056,0.200364,-0.28222
26-Jan-2025 14:21:31.908,0.19059,0.25412,-0.265116
26-Jan-2025 14:21:31.924,0.239459,0.266337,-0.323759
26-Jan-2025 14:21:31.940,0.159436,0.128893,-0.406836
26-Jan-2025 14:21:31.956,-0.097128,-0.057421,-0.453262
26-Jan-2025 14:21:31.972,-0.226631,0.055589,-0.448375
26-Jan-2025 14:21:31.988,-0.340863,0.376293,-0.485638
26-Jan-2025 14:21:32.004,-0.428827,0.642019,-0.531453
26-Jan-2025 14:21:32.020,-0.362854,0.64935,-0.450208
26-Jan-2025 14:21:32.036,-0.314596,0.659734,-0.358578
26-Jan-2025 14:21:32.052,-0.320093,0.707382,-0.2755
26-Jan-2025 14:21:32.068,-0.293215,0.759916,-0.219301
26-Jan-2025 14:21:32.084,-0.222355,0.742812,-0.23274
26-Jan-2025 14:21:32.100,-0.158825,0.715323,-0.307265
26-Jan-2025 14:21:32.116,-0.12706,0.6634,-0.351858
26-Jan-2025 14:21:32.132,-0.10568,0.651793,-0.365908
26-Jan-2025 14:21:32.148,-0.109345,0.695165,-0.343306
26-Jan-2025 14:21:32.164,-0.111177,0.778242,-0.299324
26-Jan-2025 14:21:32.180,-0.104458,0.838718,-0.265116
26-Jan-2025 14:21:32.197,-0.009774,0.827722,-0.223577
26-Jan-2025 14:21:32.213,0.041539,0.858266,-0.164934
26-Jan-2025 14:21:32.229,0.125227,0.82589,-0.135001
26-Jan-2025 14:21:32.245,0.179594,0.782518,-0.116675
26-Jan-2025 14:21:32.261,0.175929,0.707993,-0.161879
26-Jan-2025 14:21:32.277,0.105069,0.659124,-0.212581
26-Jan-2025 14:21:32.293,0.051313,0.688445,-0.213192
26-Jan-2025 14:21:32.309,0.130725,0.816116,-0.219301
26-Jan-2025 14:21:32.325,0.193033,0.904691,-0.248622
26-Jan-2025 14:21:32.341,0.078802,0.806953,-0.28222
26-Jan-2025 14:21:32.357,0.03543,0.751975,-0.287718
26-Jan-2025 14:21:32.373,0.052534,0.74831,-0.299324
26-Jan-2025 14:21:32.389,0.087965,0.781297,-0.274889
26-Jan-2025 14:21:32.405,0.145386,0.883311,-0.234572
26-Jan-2025 14:21:32.421,0.139888,1.05924,-0.177151
26-Jan-2025 14:21:32.437,0.052534,1.181413,-0.106901
26-Jan-2025 14:21:32.453,-0.061697,1.328632,0.023213
26-Jan-2025 14:21:32.469,-0.061697,1.366506,0.139888
26-Jan-2025 14:21:32.486,-0.01405,1.165531,0.295048
26-Jan-2025 14:21:32.501,0.009774,1.003041,0.361021
26-Jan-2025 14:21:32.518,0.039706,1.116051,0.36041
26-Jan-2025 14:21:32.534,0.041539,1.315804,0.270613
26-Jan-2025 14:21:32.550,0.007941,1.403157,0.170431
26-Jan-2025 14:21:32.566,-0.136834,1.494176,0.14111
26-Jan-2025 14:21:32.582,-0.301157,1.631621,0.161268
26-Jan-2025 14:21:32.598,-0.443488,1.677436,0.28222
26-Jan-2025 14:21:32.614,-0.461814,1.610852,0.394008
26-Jan-2025 14:21:32.630,-0.436158,1.587028,0.477697
26-Jan-2025 14:21:32.646,-0.364076,1.646893,0.452651
26-Jan-2025 14:21:32.662,-0.300546,1.498452,0.335976
26-Jan-2025 14:21:32.677,-0.235794,1.318247,0.22602
26-Jan-2025 14:21:32.694,-0.142332,1.164309,0.095906
26-Jan-2025 14:21:32.710,-0.152716,1.165531,0.045815
26-Jan-2025 14:21:32.726,-0.224798,1.181413,0.052534
26-Jan-2025 14:21:32.742,-0.26817,1.080621,0.114843
26-Jan-2025 14:21:32.758,-0.293826,0.98166,0.147219
26-Jan-2025 14:21:32.774,-0.337808,0.876592,0.150884
26-Jan-2025 14:21:32.790,-0.337808,0.831998,0.128282
26-Jan-2025 14:21:32.807,-0.273668,0.747088,0.096517
26-Jan-2025 14:21:32.823,-0.188757,0.629191,0.075136
26-Jan-2025 14:21:32.839,-0.058643,0.47281,0.036041
26-Jan-2025 14:21:32.855,0.038485,0.376904,-0.003054
26-Jan-2025 14:21:32.871,0.106901,0.298713,-0.040928
26-Jan-2025 14:21:32.887,0.142332,0.199142,-0.006109
26-Jan-2025 14:21:32.903,0.156992,0.142942,0.092852
26-Jan-2025 14:21:32.919,0.205862,0.030543,0.21869
26-Jan-2025 14:21:32.935,0.248011,-0.008552,0.257174
26-Jan-2025 14:21:32.951,0.369573,0.064141,0.241292
26-Jan-2025 14:21:32.967,0.499077,0.023824,0.210138
26-Jan-2025 14:21:32.983,0.494801,-0.131336,0.182649
26-Jan-2025 14:21:32.998,0.321315,-0.250455,0.136834
26-Jan-2025 14:21:33.015,0.047647,-0.40256,0.032987
26-Jan-2025 14:21:33.031,-0.091019,-0.514349,-0.073304
26-Jan-2025 14:21:33.047,-0.147219,-0.605978,-0.201586
26-Jan-2025 14:21:33.063,-0.135612,-0.62125,-0.312152
26-Jan-2025 14:21:33.079,-0.061087,-0.496633,-0.336587
26-Jan-2025 14:21:33.095,0.097738,-0.279165,-0.341474
26-Jan-2025 14:21:33.111,0.21197,-0.174097,-0.340252
26-Jan-2025 14:21:33.128,0.320093,-0.09896,-0.363465
26-Jan-2025 14:21:33.144,0.319483,-0.111788,-0.389121
26-Jan-2025 14:21:33.160,0.133779,-0.243735,-0.336587
26-Jan-2025 14:21:33.176,-0.075136,-0.306654,-0.227242
26-Jan-2025 14:21:33.192,-0.235183,-0.252898,-0.172264
26-Jan-2025 14:21:33.208,-0.332922,-0.05681,-0.262672
26-Jan-2025 14:21:33.224,-0.334754,0.092241,-0.3598
26-Jan-2025 14:21:33.240,-0.299324,0.233351,-0.407447
26-Jan-2025 14:21:33.256,-0.276111,0.279165,-0.389732
26-Jan-2025 14:21:33.272,-0.262061,0.326813,-0.339641
26-Jan-2025 14:21:33.288,-0.271835,0.376293,-0.306654
26-Jan-2025 14:21:33.304,-0.295048,0.422108,-0.254731
26-Jan-2025 14:21:33.319,-0.298102,0.42333,-0.233351
26-Jan-2025 14:21:33.336,-0.285885,0.397673,-0.226631
26-Jan-2025 14:21:33.352,-0.26145,0.385456,-0.210749
26-Jan-2025 14:21:33.368,-0.23274,0.455705,-0.18387
26-Jan-2025 14:21:33.384,-0.184481,0.664011,-0.116064
26-Jan-2025 14:21:33.400,-0.209527,0.685391,-0.089186
26-Jan-2025 14:21:33.416,-0.18326,0.577268,-0.093462
26-Jan-2025 14:21:33.432,-0.086132,0.527177,-0.108734
26-Jan-2025 14:21:33.449,-0.009774,0.53634,-0.115454
26-Jan-2025 14:21:33.465,0.013439,0.540005,-0.122173
26-Jan-2025 14:21:33.481,0.058643,0.46609,-0.213192
26-Jan-2025 14:21:33.497,0.04948,0.365908,-0.297491
26-Jan-2025 14:21:33.513,0.040928,0.286496,-0.357356
26-Jan-2025 14:21:33.529,0.125838,0.230296,-0.383623
26-Jan-2025 14:21:33.545,0.284052,0.207083,-0.364687
26-Jan-2025 14:21:33.561,0.667676,0.245568,-0.325591
26-Jan-2025 14:21:33.577,0.781297,0.2755,-0.24007
26-Jan-2025 14:21:33.593,0.503964,0.32498,-0.140499
26-Jan-2025 14:21:33.609,0.331089,0.348804,-0.107512
26-Jan-2025 14:21:33.625,0.230296,0.285885,-0.045815
26-Jan-2025 14:21:33.641,0.187536,0.240681,-0.025656
26-Jan-2025 14:21:33.657,0.158214,0.317039,-0.06353
26-Jan-2025 14:21:33.673,0.155771,0.440434,-0.092852
26-Jan-2025 14:21:33.689,0.210749,0.463036,-0.023824
26-Jan-2025 14:21:33.705,0.252287,0.244346,0.151495
26-Jan-2025 14:21:33.721,0.210749,0.073915,0.290161
26-Jan-2025 14:21:33.737,0.128893,0.060476,0.471588
26-Jan-2025 14:21:33.754,0.050702,0.059254,0.569937
26-Jan-2025 14:21:33.770,-0.067195,-0.039095,0.605978
26-Jan-2025 14:21:33.786,-0.132558,-0.103236,0.594983
26-Jan-2025 14:21:33.802,-0.163101,-0.200975,0.577879
26-Jan-2025 14:21:33.818,-0.172264,-0.231518,0.551
26-Jan-2025 14:21:33.834,-0.188147,-0.215025,0.518014
26-Jan-2025 14:21:33.850,-0.186925,-0.293215,0.496023
26-Jan-2025 14:21:33.866,-0.158214,-0.460592,0.451429
26-Jan-2025 14:21:33.882,-0.120951,-0.645685,0.346361
26-Jan-2025 14:21:33.898,-0.114232,-0.689056,0.249844
26-Jan-2025 14:21:33.914,-0.122173,-0.712269,0.16249
26-Jan-2025 14:21:33.930,-0.100793,-0.734871,0.123395
26-Jan-2025 14:21:33.946,-0.147829,-0.76969,0.130114
26-Jan-2025 14:21:33.962,-0.053145,-0.844216,0.073915
26-Jan-2025 14:21:33.978,-0.144164,-0.835053,0.104458
26-Jan-2025 14:21:33.994,-0.249233,-0.83994,0.167988
26-Jan-2025 14:21:34.010,-0.304822,-0.895528,0.189368
26-Jan-2025 14:21:34.026,-0.271835,-1.018312,0.151495
26-Jan-2025 14:21:34.042,-0.182649,-1.14354,0.098349
26-Jan-2025 14:21:34.058,-0.053756,-1.219287,0.08491
26-Jan-2025 14:21:34.075,0.038485,-1.180192,0.106291
26-Jan-2025 14:21:34.091,0.061087,-1.075734,0.151495
26-Jan-2025 14:21:34.107,-0.003054,-1.10139,0.188147
26-Jan-2025 14:21:34.123,-0.017715,-1.173472,0.259007
26-Jan-2025 14:21:34.139,-0.004276,-1.282817,0.318872
26-Jan-2025 14:21:34.155,0.001222,-1.504561,0.362243
26-Jan-2025 14:21:34.171,0.094684,-1.535715,0.351858
26-Jan-2025 14:21:34.187,0.199753,-1.47524,0.317039
26-Jan-2025 14:21:34.203,0.263283,-1.387275,0.28955
26-Jan-2025 14:21:34.219,0.257785,-1.384221,0.296881
26-Jan-2025 14:21:34.235,0.218079,-1.458135,0.326813
26-Jan-2025 14:21:34.251,0.169821,-1.539991,0.321926
26-Jan-2025 14:21:34.267,0.07758,-1.616349,0.287107
26-Jan-2025 14:21:34.283,-0.145997,-1.667662,0.237016
26-Jan-2025 14:21:34.299,-0.509462,-1.805107,0.117286
26-Jan-2025 14:21:34.315,-0.615141,-1.866193,0.015882
26-Jan-2025 14:21:34.331,-0.511905,-1.875967,-0.07025
26-Jan-2025 14:21:34.347,-0.230907,-1.810605,-0.19059
26-Jan-2025 14:21:34.364,-0.098349,-1.72264,-0.239459
26-Jan-2025 14:21:34.380,0.020769,-1.621236,-0.266337
26-Jan-2025 14:21:34.396,0.062919,-1.618182,-0.229685
26-Jan-2025 14:21:34.412,-0.029322,-1.778229,-0.079412
26-Jan-2025 14:21:34.428,-0.122173,-1.863139,0.041539
26-Jan-2025 14:21:34.444,-0.158214,-1.81427,0.106901
26-Jan-2025 14:21:34.460,-0.174097,-1.744631,0.072693
26-Jan-2025 14:21:34.476,-0.118508,-1.571756,-0.012217
26-Jan-2025 14:21:34.492,-0.074526,-1.470963,-0.057421
26-Jan-2025 14:21:34.508,-0.051924,-1.391551,-0.098349
26-Jan-2025 14:21:34.524,-0.025656,-1.378112,-0.150273
26-Jan-2025 14:21:34.540,-0.029322,-1.389108,-0.182038
26-Jan-2025 14:21:34.556,-0.045815,-1.448362,-0.217468
26-Jan-2025 14:21:34.572,-0.047037,-1.527163,-0.259007
26-Jan-2025 14:21:34.588,-0.043371,-1.621847,-0.330478
26-Jan-2025 14:21:34.604,-0.059254,-1.689042,-0.39523
26-Jan-2025 14:21:34.620,-0.101404,-1.781283,-0.454484
26-Jan-2025 14:21:34.636,-0.130725,-1.794722,-0.458149
26-Jan-2025 14:21:34.652,-0.131336,-1.741577,-0.445932
26-Jan-2025 14:21:34.668,-0.07025,-1.659721,-0.430049
26-Jan-2025 14:21:34.685,0.025656,-1.662164,-0.456316
26-Jan-2025 14:21:34.701,0.159436,-1.707979,-0.496633
26-Jan-2025 14:21:34.717,0.233961,-1.670716,-0.535118
26-Jan-2025 14:21:34.733,0.266337,-1.58153,-0.540005
26-Jan-2025 14:21:34.749,0.262672,-1.500896,-0.565661
26-Jan-2025 14:21:34.765,0.270002,-1.415375,-0.541837
26-Jan-2025 14:21:34.781,0.315206,-1.322523,-0.533896
26-Jan-2025 14:21:34.797,0.494801,-1.318247,-0.522901
26-Jan-2025 14:21:34.813,0.560163,-1.332908,-0.440434
26-Jan-2025 14:21:34.829,0.42394,-1.386664,-0.273057
26-Jan-2025 14:21:34.845,0.216857,-1.427592,-0.025656
26-Jan-2025 14:21:34.861,0.252898,-1.367116,0.093462
26-Jan-2025 14:21:34.877,0.369573,-1.364062,0.145997
26-Jan-2025 14:21:34.893,0.467923,-1.287093,0.189368
26-Jan-2025 14:21:34.909,0.436158,-1.163087,0.255342
26-Jan-2025 14:21:34.925,0.323759,-1.166142,0.260229
26-Jan-2025 14:21:34.941,0.182038,-1.36956,0.20464
26-Jan-2025 14:21:34.957,0.23274,-1.66583,0.21197
26-Jan-2025 14:21:34.973,0.267559,-1.897958,0.257785
26-Jan-2025 14:21:34.989,0.231518,-1.916284,0.262672
26-Jan-2025 14:21:35.005,0.221133,-1.902845,0.245568
26-Jan-2025 14:21:35.021,0.147829,-1.895515,0.222355
26-Jan-2025 14:21:35.038,0.045815,-1.926058,0.260229
26-Jan-2025 14:21:35.054,-0.050091,-1.956601,0.368352
26-Jan-2025 14:21:35.070,-0.032376,-1.977371,0.425773
26-Jan-2025 14:21:35.086,0.098349,-2.012801,0.461203
26-Jan-2025 14:21:35.102,0.213803,-2.055562,0.478918
26-Jan-2025 14:21:35.118,0.297491,-2.127644,0.451429
26-Jan-2025 14:21:35.134,0.262061,-2.177735,0.379958
26-Jan-2025 14:21:35.150,0.189368,-2.147191,0.29627
26-Jan-2025 14:21:35.166,0.109956,-2.020742,0.227242
26-Jan-2025 14:21:35.182,0.043371,-1.977371,0.209527
26-Jan-2025 14:21:35.198,-0.057421,-1.862528,0.192423
26-Jan-2025 14:21:35.214,-0.167377,-1.722029,0.188757
26-Jan-2025 14:21:35.230,-0.279776,-1.586417,0.209527
26-Jan-2025 14:21:35.246,-0.276722,-1.560761,0.199753
26-Jan-2025 14:21:35.262,-0.199753,-1.591304,0.159436
26-Jan-2025 14:21:35.278,-0.043371,-1.695762,0.15516
26-Jan-2025 14:21:35.294,0.083078,-1.59558,0.139277
26-Jan-2025 14:21:35.310,0.106291,-1.511281,0.149662
26-Jan-2025 14:21:35.327,0.086132,-1.444696,0.189368
26-Jan-2025 14:21:35.343,0.085521,-1.356732,0.230907
26-Jan-2025 14:21:35.359,0.131947,-1.268156,0.225409
26-Jan-2025 14:21:35.375,0.172264,-1.171029,0.178373
26-Jan-2025 14:21:35.391,0.175929,-1.102001,0.125227
26-Jan-2025 14:21:35.407,0.182649,-1.029308,0.149051
26-Jan-2025 14:21:35.423,0.244957,-0.994489,0.202807
26-Jan-2025 14:21:35.439,0.3598,-0.886365,0.21197
26-Jan-2025 14:21:35.455,0.456316,-0.778853,0.182649
26-Jan-2025 14:21:35.471,0.559553,-0.700052,0.160047
26-Jan-2025 14:21:35.487,0.67073,-0.631635,0.146608
26-Jan-2025 14:21:35.503,0.734871,-0.610254,0.150884
26-Jan-2025 14:21:35.519,0.648128,-0.629802,0.212581
26-Jan-2025 14:21:35.535,0.398284,-0.603535,0.272446
26-Jan-2025 14:21:35.551,0.128893,-0.562607,0.290161
26-Jan-2025 14:21:35.567,-0.001833,-0.659734,0.218079
26-Jan-2025 14:21:35.583,-0.13439,-0.652404,0.026878
26-Jan-2025 14:21:35.599,-0.237016,-0.573602,-0.116064
26-Jan-2025 14:21:35.615,-0.26145,-0.485027,-0.282831
26-Jan-2025 14:21:35.631,-0.160047,-0.343306,-0.379958
26-Jan-2025 14:21:35.648,-0.062919,-0.140499,-0.40256
26-Jan-2025 14:21:35.664,-0.03543,0.111177,-0.276111
26-Jan-2025 14:21:35.680,0.014661,0.175929,-0.089797
26-Jan-2025 14:21:35.696,0.133779,0.168599,0.131947
26-Jan-2025 14:21:35.712,0.160047,0.106291,0.18387
26-Jan-2025 14:21:35.728,0.05681,0.053756,0.19059
26-Jan-2025 14:21:35.744,-0.082467,0.188757,0.227242
26-Jan-2025 14:21:35.760,-0.220522,0.418443,0.20464
26-Jan-2025 14:21:35.776,-0.251066,0.456316,0.064141
26-Jan-2025 14:21:35.792,-0.206472,0.475864,-0.144775
26-Jan-2025 14:21:35.808,-0.11301,0.582765,-0.323759
26-Jan-2025 14:21:35.824,-0.051313,0.692721,-0.342085
26-Jan-2025 14:21:35.840,-0.009774,0.801455,-0.276111
26-Jan-2025 14:21:35.856,-0.038485,0.866818,-0.198531
26-Jan-2025 14:21:35.872,-0.152716,0.90347,-0.125227
26-Jan-2025 14:21:35.888,-0.186314,0.961502,-0.10568
26-Jan-2025 14:21:35.904,-0.171042,1.018923,-0.113621
26-Jan-2025 14:21:35.920,-0.188757,1.046412,-0.116675
26-Jan-2025 14:21:35.936,-0.199142,1.138653,-0.097128
26-Jan-2025 14:21:35.952,-0.17654,1.2144,-0.083689
26-Jan-2025 14:21:35.969,-0.142332,1.273043,-0.09896
26-Jan-2025 14:21:35.985,-0.076358,1.290758,-0.152105
26-Jan-2025 14:21:36.001,-0.069639,1.261437,-0.186314
26-Jan-2025 14:21:36.017,-0.11973,1.215011,-0.217468
26-Jan-2025 14:21:36.033,-0.142942,1.200961,-0.249844
26-Jan-2025 14:21:36.049,-0.138666,1.207681,-0.278555
26-Jan-2025 14:21:36.065,-0.140499,1.207681,-0.294437
26-Jan-2025 14:21:36.081,-0.193644,1.243722,-0.313985
26-Jan-2025 14:21:36.097,-0.193033,1.292591,-0.314596
26-Jan-2025 14:21:36.113,-0.131336,1.356732,-0.298713
26-Jan-2025 14:21:36.129,0.045204,1.437366,-0.262061
26-Jan-2025 14:21:36.145,0.22602,1.438588,-0.26145
26-Jan-2025 14:21:36.161,0.185092,1.312749,-0.263894
26-Jan-2025 14:21:36.177,0.072082,1.267545,-0.257785
26-Jan-2025 14:21:36.193,0.136834,1.257771,-0.327424
26-Jan-2025 14:21:36.209,0.167988,1.230283,-0.387289
26-Jan-2025 14:21:36.225,0.04948,1.293813,-0.364076
26-Jan-2025 14:21:36.241,-0.075747,1.50395,-0.288939
26-Jan-2025 14:21:36.258,-0.317039,1.876578,-0.175929
26-Jan-2025 14:21:36.273,-0.507629,2.114815,-0.124617
26-Jan-2025 14:21:36.290,-0.626748,2.213776,-0.11301
26-Jan-2025 14:21:36.306,-0.503353,2.183843,-0.064752
26-Jan-2025 14:21:36.322,-0.3598,1.987756,0.037263
26-Jan-2025 14:21:36.338,-0.266337,1.693929,0.192423
26-Jan-2025 14:21:36.354,-0.191812,1.648725,0.279165
26-Jan-2025 14:21:36.370,-0.12034,1.76479,0.297491
26-Jan-2025 14:21:36.386,-0.102625,1.743409,0.269392
26-Jan-2025 14:21:36.402,-0.209527,1.678047,0.244957
26-Jan-2025 14:21:36.418,-0.371406,1.685377,0.290772
26-Jan-2025 14:21:36.434,-0.492968,1.697595,0.379958
26-Jan-2025 14:21:36.450,-0.45876,1.656056,0.443488
26-Jan-2025 14:21:36.466,-0.348193,1.550376,0.43066
26-Jan-2025 14:21:36.482,-0.216857,1.416597,0.370795
26-Jan-2025 14:21:36.498,-0.178984,1.368949,0.253509
26-Jan-2025 14:21:36.514,-0.205862,1.346347,0.108123
26-Jan-2025 14:21:36.530,-0.230296,1.339628,0.055589
26-Jan-2025 14:21:36.546,-0.233961,1.310306,0.054978
26-Jan-2025 14:21:36.562,-0.223577,1.28526,0.088575
26-Jan-2025 14:21:36.579,-0.192423,1.236391,0.149662
26-Jan-2025 14:21:36.595,-0.165544,1.175305,0.179594
26-Jan-2025 14:21:36.611,-0.106291,1.178359,0.194866
26-Jan-2025 14:21:36.627,-0.015882,1.097725,0.16249
26-Jan-2025 14:21:36.643,0.093462,0.992045,0.133169
26-Jan-2025 14:21:36.659,0.294437,0.844827,0.109345
26-Jan-2025 14:21:36.675,0.429438,0.679282,0.091019
26-Jan-2025 14:21:36.691,0.524122,0.489914,0.083689
26-Jan-2025 14:21:36.707,0.518625,0.426384,0.088575
26-Jan-2025 14:21:36.723,0.448986,0.368963,0.116675
26-Jan-2025 14:21:36.739,0.376293,0.405615,0.171653
26-Jan-2025 14:21:36.755,0.336587,0.375071,0.232129
26-Jan-2025 14:21:36.771,0.368352,0.295048,0.24007
26-Jan-2025 14:21:36.787,0.426995,0.305433,0.21197
26-Jan-2025 14:21:36.803,0.452651,0.312763,0.145997
26-Jan-2025 14:21:36.819,0.355524,0.215025,0.090408
26-Jan-2025 14:21:36.835,0.167377,0.164934,0.020159
26-Jan-2025 14:21:36.851,0.050091,0.158825,-0.043982
26-Jan-2025 14:21:36.867,-0.062919,0.045204,-0.185092
26-Jan-2025 14:21:36.883,-0.112399,-0.095295,-0.251066
26-Jan-2025 14:21:36.900,-0.107512,-0.122784,-0.252898
26-Jan-2025 14:21:36.916,-0.048869,-0.064141,-0.255953
26-Jan-2025 14:21:36.932,0.002443,0.020769,-0.259007
26-Jan-2025 14:21:36.948,0.075747,0.131336,-0.186314
26-Jan-2025 14:21:36.964,0.174707,0.188757,-0.116675
26-Jan-2025 14:21:36.980,0.252898,0.122173,-0.074526
26-Jan-2025 14:21:36.996,0.220522,0.042761,-0.090408
26-Jan-2025 14:21:37.012,0.14111,0.107512,-0.135001
26-Jan-2025 14:21:37.028,0.023824,0.154549,-0.17654
26-Jan-2025 14:21:37.044,-0.243735,0.210749,-0.234572
26-Jan-2025 14:21:37.060,-0.341474,0.318872,-0.255342
26-Jan-2025 14:21:37.076,-0.398284,0.521068,-0.234572
26-Jan-2025 14:21:37.092,-0.421497,0.67806,-0.198531
26-Jan-2025 14:21:37.108,-0.398284,0.798401,-0.171653
26-Jan-2025 14:21:37.124,-0.262672,0.812451,-0.149051
26-Jan-2025 14:21:37.140,-0.14111,0.781907,-0.147219
26-Jan-2025 14:21:37.156,-0.012217,0.777631,-0.186925
26-Jan-2025 14:21:37.172,0.039706,0.794125,-0.218079
26-Jan-2025 14:21:37.188,0.061697,0.802677,-0.212581
26-Jan-2025 14:21:37.205,0.06353,0.809396,-0.196699
26-Jan-2025 14:21:37.221,0.039706,0.846048,-0.178984
26-Jan-2025 14:21:37.237,0.062308,0.897361,-0.161879
26-Jan-2025 14:21:37.253,0.127671,0.954172,-0.158825
26-Jan-2025 14:21:37.269,0.180816,0.959058,-0.178984
26-Jan-2025 14:21:37.285,0.220522,0.965778,-0.204029
26-Jan-2025 14:21:37.301,0.270613,1.028697,-0.227853
26-Jan-2025 14:21:37.317,0.306654,1.133155,-0.21869
26-Jan-2025 14:21:37.333,0.338419,1.190576,-0.166155
26-Jan-2025 14:21:37.349,0.376904,1.163087,-0.122173
26-Jan-2025 14:21:37.365,0.403171,1.132544,-0.094684
26-Jan-2025 14:21:37.381,0.321315,1.083675,-0.107512
26-Jan-2025 14:21:37.397,0.152105,1.008538,-0.156382
26-Jan-2025 14:21:37.413,0.087354,0.98166,-0.188757
26-Jan-2025 14:21:37.429,0.125838,0.951117,-0.222966
26-Jan-2025 14:21:37.445,0.198531,0.839329,-0.255342
26-Jan-2025 14:21:37.461,0.16249,0.749532,-0.259007
26-Jan-2025 14:21:37.477,-0.000611,0.771523,-0.238848
26-Jan-2025 14:21:37.494,-0.142942,0.872316,-0.178373
26-Jan-2025 14:21:37.510,-0.25412,1.05863,-0.059254
26-Jan-2025 14:21:37.526,-0.254731,1.167364,0.00733
26-Jan-2025 14:21:37.542,-0.229074,1.199739,0.025045
26-Jan-2025 14:21:37.558,-0.231518,1.199739,0.017104
26-Jan-2025 14:21:37.574,-0.242514,1.264491,-0.017104
26-Jan-2025 14:21:37.590,-0.241292,1.324356,-0.044593
26-Jan-2025 14:21:37.606,-0.252287,1.359175,-0.048869
26-Jan-2025 14:21:37.622,-0.301767,1.378723,-0.040928
26-Jan-2025 14:21:37.638,-0.352469,1.387275,-0.018326
26-Jan-2025 14:21:37.654,-0.409891,1.463633,-0.029322
26-Jan-2025 14:21:37.670,-0.431271,1.571145,-0.075747
26-Jan-2025 14:21:37.686,-0.510683,1.662775,-0.138056
26-Jan-2025 14:21:37.702,-0.570548,1.72264,-0.167377
26-Jan-2025 14:21:37.718,-0.509462,1.788003,-0.192423
26-Jan-2025 14:21:37.734,-0.467312,1.759292,-0.20464
26-Jan-2025 14:21:37.750,-0.43738,1.741577,-0.17654
26-Jan-2025 14:21:37.766,-0.368352,1.782505,-0.092852
26-Jan-2025 14:21:37.782,-0.318872,1.803274,-0.026267
26-Jan-2025 14:21:37.798,-0.301767,1.80755,0.052534
26-Jan-2025 14:21:37.815,-0.28955,1.817324,0.113621
26-Jan-2025 14:21:37.831,-0.28955,1.869859,0.145997
26-Jan-2025 14:21:37.847,-0.34575,1.884519,0.122173
26-Jan-2025 14:21:37.863,-0.420275,1.893071,0.084299
26-Jan-2025 14:21:37.879,-0.436769,1.914452,0.071471
26-Jan-2025 14:21:37.895,-0.405615,1.944995,0.072082
26-Jan-2025 14:21:37.911,-0.361632,1.999362,0.081856
26-Jan-2025 14:21:37.927,-0.32498,2.059838,0.11301
26-Jan-2025 14:21:37.943,-0.288328,2.19545,0.167377
26-Jan-2025 14:21:37.959,-0.235794,2.190563,0.17654
26-Jan-2025 14:21:37.975,-0.168599,2.187508,0.177762
26-Jan-2025 14:21:37.991,-0.145386,2.172237,0.180816
26-Jan-2025 14:21:38.007,-0.096517,2.144137,0.160658
26-Jan-2025 14:21:38.023,-0.095295,2.116648,0.133169
26-Jan-2025 14:21:38.039,-0.109956,2.048231,0.092241
26-Jan-2025 14:21:38.055,-0.093462,1.983479,0.059254
26-Jan-2025 14:21:38.071,-0.054367,1.92056,0.036041
26-Jan-2025 14:21:38.087,0.003665,1.820989,0.034819
26-Jan-2025 14:21:38.103,0.039706,1.778229,0.059865
26-Jan-2025 14:21:38.119,0.114232,1.769677,0.10568
26-Jan-2025 14:21:38.136,0.186925,1.756238,0.145386
26-Jan-2025 14:21:38.152,0.309098,1.657277,0.232129
26-Jan-2025 14:21:38.168,0.400728,1.527163,0.286496
26-Jan-2025 14:21:38.184,0.447153,1.47585,0.290161
26-Jan-2025 14:21:38.200,0.474642,1.640173,0.265726
26-Jan-2025 14:21:38.216,0.481362,1.773342,0.219911
26-Jan-2025 14:21:38.232,0.461203,1.685988,0.18387
26-Jan-2025 14:21:38.248,0.45204,1.617571,0.138666
26-Jan-2025 14:21:38.264,0.390954,1.66644,0.059254
26-Jan-2025 14:21:38.280,0.331089,1.702481,0.017104
26-Jan-2025 14:21:38.296,0.258396,1.813048,0.00733
26-Jan-2025 14:21:38.312,0.194866,1.913841,0.018937
26-Jan-2025 14:21:38.328,0.07758,1.902845,0.013439
26-Jan-2025 14:21:38.344,0.072693,1.848478,0.009163
26-Jan-2025 14:21:38.360,0.065973,1.918728,-0.007941
26-Jan-2025 14:21:38.376,0.061697,2.015855,-0.044593
26-Jan-2025 14:21:38.392,0.108123,2.113594,-0.053145
26-Jan-2025 14:21:38.408,0.199142,2.211332,-0.021991
26-Jan-2025 14:21:38.425,0.202196,2.24493,-0.018937
26-Jan-2025 14:21:38.441,0.147219,2.28769,-0.062919
26-Jan-2025 14:21:38.457,0.096517,2.274862,-0.098349
26-Jan-2025 14:21:38.473,0.009774,2.182011,-0.135001
26-Jan-2025 14:21:38.489,-0.065973,2.167961,-0.147219
26-Jan-2025 14:21:38.505,-0.157603,2.28708,-0.149662
26-Jan-2025 14:21:38.521,-0.221744,2.391537,-0.133169
26-Jan-2025 14:21:38.537,-0.28955,2.494774,-0.124617
26-Jan-2025 14:21:38.553,-0.285885,2.490498,-0.121562
26-Jan-2025 14:21:38.569,-0.243124,2.436741,-0.109345
26-Jan-2025 14:21:38.585,-0.221744,2.355496,-0.097738
26-Jan-2025 14:21:38.601,-0.189979,2.340225,-0.083078
26-Jan-2025 14:21:38.617,-0.160047,2.255315,-0.078191
26-Jan-2025 14:21:38.633,-0.138666,2.185065,-0.078802
26-Jan-2025 14:21:38.649,-0.154549,2.105042,-0.081245
26-Jan-2025 14:21:38.665,-0.20464,2.056783,-0.088575
26-Jan-2025 14:21:38.681,-0.249844,1.959656,-0.116064
26-Jan-2025 14:21:38.698,-0.266337,1.883908,-0.147829
26-Jan-2025 14:21:38.713,-0.285274,1.805107,-0.178984
26-Jan-2025 14:21:38.730,-0.276111,1.743409,-0.178373
26-Jan-2025 14:21:38.746,-0.256563,1.67316,-0.172264
26-Jan-2025 14:21:38.762,-0.238848,1.547933,-0.171042
26-Jan-2025 14:21:38.778,-0.174707,1.469131,-0.180205
26-Jan-2025 14:21:38.794,-0.08491,1.425759,-0.200364
26-Jan-2025 14:21:38.810,-0.038485,1.366506,-0.191201
26-Jan-2025 14:21:38.826,0.0281,1.222952,-0.13439
26-Jan-2025 14:21:38.842,0.093462,1.126436,-0.113621
26-Jan-2025 14:21:38.858,0.224798,1.065349,-0.149662
26-Jan-2025 14:21:38.874,0.343306,1.049466,-0.169821
26-Jan-2025 14:21:38.890,0.455705,1.032362,-0.159436
26-Jan-2025 14:21:38.906,0.638354,0.929737,-0.136223
26-Jan-2025 14:21:38.922,0.761749,0.865596,-0.130725
26-Jan-2025 14:21:38.938,0.769079,0.872316,-0.108734
26-Jan-2025 14:21:38.954,0.645685,0.75564,-0.109956
26-Jan-2025 14:21:38.970,0.641409,0.762971,-0.139277
26-Jan-2025 14:21:38.986,0.509462,0.788016,-0.19059
26-Jan-2025 14:21:39.002,0.189979,0.792292,-0.259007
26-Jan-2025 14:21:39.019,-0.033598,0.847881,-0.283441
26-Jan-2025 14:21:39.035,-0.195477,0.904081,-0.263894
26-Jan-2025 14:21:39.051,-0.206472,0.926072,-0.23274
26-Jan-2025 14:21:39.067,-0.154549,0.971276,-0.205862
26-Jan-2025 14:21:39.083,-0.038485,0.946841,-0.186925
26-Jan-2025 14:21:39.099,0.026878,0.908967,-0.145386
26-Jan-2025 14:21:39.115,0.020769,0.941954,-0.044593
26-Jan-2025 14:21:39.131,-0.107512,0.952339,0.040928
26-Jan-2025 14:21:39.147,-0.353691,0.911411,0.116675
26-Jan-2025 14:21:39.163,-0.495412,0.870483,0.139888
26-Jan-2025 14:21:39.179,-0.551611,0.813062,0.136223
26-Jan-2025 14:21:39.195,-0.527788,0.72021,0.089797
26-Jan-2025 14:21:39.211,-0.46609,0.618196,0.045815
26-Jan-2025 14:21:39.227,-0.419054,0.526566,-0.02138
26-Jan-2025 14:21:39.243,-0.40256,0.431882,-0.046426
26-Jan-2025 14:21:39.259,-0.296881,0.361632,-0.053145
26-Jan-2025 14:21:39.275,-0.188147,0.298102,-0.048869
26-Jan-2025 14:21:39.291,-0.093462,0.073915,-0.0281
26-Jan-2025 14:21:39.308,-0.036041,-0.075136,-0.021991
26-Jan-2025 14:21:39.324,-0.000611,-0.174097,-0.034208
26-Jan-2025 14:21:39.340,-0.037263,-0.194866,-0.031154
26-Jan-2025 14:21:39.356,-0.114232,-0.198531,0.001833
26-Jan-2025 14:21:39.372,-0.131336,-0.241903,0.030543
26-Jan-2025 14:21:39.388,-0.091019,-0.361021,0.023213
26-Jan-2025 14:21:39.404,0.024435,-0.540616,-0.004276
26-Jan-2025 14:21:39.420,0.09896,-0.647517,-0.023824
26-Jan-2025 14:21:39.436,0.122173,-0.710436,-0.017715
26-Jan-2025 14:21:39.452,0.062308,-0.747088,0.013439
26-Jan-2025 14:21:39.468,-0.055589,-0.799623,0.072693
26-Jan-2025 14:21:39.484,-0.109345,-0.80512,0.103847
26-Jan-2025 14:21:39.500,0.023213,-0.773355,0.117897
26-Jan-2025 14:21:39.516,0.216857,-0.831388,0.132558
26-Jan-2025 14:21:39.532,0.281609,-0.949285,0.188147
26-Jan-2025 14:21:39.548,0.199753,-0.967611,0.237627
26-Jan-2025 14:21:39.564,0.041539,-1.003652,0.25412
26-Jan-2025 14:21:39.580,-0.208916,-1.153924,0.192423
26-Jan-2025 14:21:39.596,-0.321926,-1.279152,0.18326
26-Jan-2025 14:21:39.612,-0.413556,-1.442253,0.195477
26-Jan-2025 14:21:39.629,-0.475864,-1.53205,0.150273
26-Jan-2025 14:21:39.645,-0.411723,-1.515557,0.026878
26-Jan-2025 14:21:39.661,-0.252898,-1.442864,-0.05681
26-Jan-2025 14:21:39.677,-0.03543,-1.392162,-0.128893
26-Jan-2025 14:21:39.693,0.073915,-1.373225,-0.136834
26-Jan-2025 14:21:39.709,0.115454,-1.415375,-0.109956
26-Jan-2025 14:21:39.725,0.041539,-1.494176,0.003665
26-Jan-2025 14:21:39.741,-0.109345,-1.637119,0.145386
26-Jan-2025 14:21:39.756,-0.269392,-1.700038,0.272446
26-Jan-2025 14:21:39.773,-0.228464,-1.618793,0.228464
26-Jan-2025 14:21:39.789,-0.154549,-1.455081,0.041539
26-Jan-2025 14:21:39.805,-0.198531,-1.393994,-0.092241
26-Jan-2025 14:21:39.821,-0.232129,-1.34146,-0.191812
26-Jan-2025 14:21:39.837,-0.20464,-1.278541,-0.216857
26-Jan-2025 14:21:39.853,-0.124617,-1.2144,-0.237627
26-Jan-2025 14:21:39.869,-0.064752,-1.204626,-0.255953
26-Jan-2025 14:21:39.885,-0.048258,-1.199739,-0.269392
26-Jan-2025 14:21:39.901,-0.069639,-1.200961,-0.262061
26-Jan-2025 14:21:39.917,-0.083689,-1.160033,-0.262672
26-Jan-2025 14:21:39.934,-0.080023,-1.114218,-0.28955
26-Jan-2025 14:21:39.950,-0.057421,-1.119716,-0.319483
26-Jan-2025 14:21:39.966,0.012828,-1.153314,-0.367741
26-Jan-2025 14:21:39.982,0.075136,-1.158201,-0.393397
26-Jan-2025 14:21:39.998,0.188147,-1.131322,-0.386678
26-Jan-2025 14:21:40.014,0.294437,-1.11544,-0.368352
26-Jan-2025 14:21:40.030,0.394619,-1.084897,-0.335365
26-Jan-2025 14:21:40.046,0.419664,-1.09406,-0.309709
26-Jan-2025 14:21:40.062,0.429438,-1.085508,-0.3036
26-Jan-2025 14:21:40.077,0.439212,-1.127657,-0.309709
26-Jan-2025 14:21:40.094,0.407447,-1.155146,-0.307876
26-Jan-2025 14:21:40.110,0.350026,-1.084286,-0.334143
26-Jan-2025 14:21:40.126,0.344528,-1.006706,-0.376293
26-Jan-2025 14:21:40.142,0.390954,-0.895528,-0.414777
26-Jan-2025 14:21:40.158,0.496023,-0.730595,-0.439823
26-Jan-2025 14:21:40.174,0.566883,-0.569326,-0.397062
26-Jan-2025 14:21:40.190,0.468534,-0.53634,-0.321926
26-Jan-2025 14:21:40.206,0.383013,-0.505186,-0.265116
26-Jan-2025 14:21:40.222,0.29627,-0.513127,-0.235794
26-Jan-2025 14:21:40.238,0.241292,-0.453873,-0.215025
26-Jan-2025 14:21:40.255,0.21869,-0.237016,-0.155771
26-Jan-2025 14:21:40.271,0.219301,-0.087354,-0.086132
26-Jan-2025 14:21:40.287,0.197309,0.040928,0.0281
26-Jan-2025 14:21:40.303,0.147829,0.151495,0.102014
26-Jan-2025 14:21:40.319,0.038485,0.347582,0.108734
26-Jan-2025 14:21:40.335,0.094073,0.302989,0.146608
26-Jan-2025 14:21:40.351,0.235794,0.171653,0.256563
26-Jan-2025 14:21:40.367,0.212581,0.160658,0.356134
26-Jan-2025 14:21:40.383,0.100182,0.235794,0.401949
26-Jan-2025 14:21:40.399,-0.092852,0.441656,0.376904
26-Jan-2025 14:21:40.415,-0.203418,0.572381,0.366519
26-Jan-2025 14:21:40.431,-0.278555,0.574824,0.375682
26-Jan-2025 14:21:40.447,-0.317039,0.49419,0.394619
26-Jan-2025 14:21:40.463,-0.321315,0.364687,0.456316
26-Jan-2025 14:21:40.479,-0.276722,0.299324,0.482584
26-Jan-2025 14:21:40.495,-0.210138,0.216246,0.434325
26-Jan-2025 14:21:40.511,-0.168599,0.151495,0.377515
26-Jan-2025 14:21:40.527,-0.129503,0.107512,0.319483
26-Jan-2025 14:21:40.543,-0.106291,0.036041,0.282831
26-Jan-2025 14:21:40.559,-0.100793,-0.015272,0.297491
26-Jan-2025 14:21:40.576,-0.059865,0.001833,0.348193
26-Jan-2025 14:21:40.592,0.010385,0.076969,0.387289
26-Jan-2025 14:21:40.608,0.042761,-0.005498,0.417832
26-Jan-2025 14:21:40.624,0.045815,-0.072082,0.405004
26-Jan-2025 14:21:40.640,0.072693,-0.025045,0.363465
26-Jan-2025 14:21:40.656,0.071471,0.027489,0.322537
26-Jan-2025 14:21:40.672,0.060476,0.057421,0.258396
26-Jan-2025 14:21:40.688,0.075747,0.060476,0.215635
26-Jan-2025 14:21:40.704,0.09163,0.065973,0.178373
26-Jan-2025 14:21:40.720,0.121562,0.103236,0.139888
26-Jan-2025 14:21:40.736,0.14844,0.136223,0.133169
26-Jan-2025 14:21:40.752,0.145997,0.159436,0.154549
26-Jan-2025 14:21:40.768,0.122784,0.163712,0.189979
26-Jan-2025 14:21:40.784,0.128282,0.172264,0.239459
26-Jan-2025 14:21:40.800,0.187536,0.174707,0.266337
26-Jan-2025 14:21:40.816,0.31765,0.242514,0.297491
26-Jan-2025 14:21:40.832,0.403782,0.299324,0.319483
26-Jan-2025 14:21:40.848,0.442266,0.343306,0.332922
26-Jan-2025 14:21:40.865,0.422108,0.434936,0.299324
26-Jan-2025 14:21:40.881,0.36713,0.441045,0.255953
26-Jan-2025 14:21:40.897,0.2474,0.419664,0.239459
26-Jan-2025 14:21:40.913,0.111788,0.407447,0.249844
26-Jan-2025 14:21:40.929,-0.069639,0.450819,0.19059
26-Jan-2025 14:21:40.945,-0.21869,0.535118,0.091019
26-Jan-2025 14:21:40.961,-0.40928,0.647517,-0.058643
26-Jan-2025 14:21:40.977,-0.426995,0.658513,-0.186314
26-Jan-2025 14:21:40.993,-0.212581,0.675006,-0.376904
26-Jan-2025 14:21:41.009,-0.017715,0.744645,-0.510072
26-Jan-2025 14:21:41.025,0.092241,0.829555,-0.591318
26-Jan-2025 14:21:41.041,0.161879,1.061073,-0.592539
26-Jan-2025 14:21:41.057,0.221133,1.251663,-0.530842
26-Jan-2025 14:21:41.073,0.150884,1.251663,-0.44471
26-Jan-2025 14:21:41.089,-0.004887,1.048245,-0.340863
26-Jan-2025 14:21:41.105,-0.145997,1.020145,-0.22602
26-Jan-2025 14:21:41.121,-0.204029,1.2706,-0.272446
26-Jan-2025 14:21:41.137,-0.240681,1.660332,-0.431271
26-Jan-2025 14:21:41.154,-0.2474,1.856419,-0.507018
26-Jan-2025 14:21:41.169,-0.243735,1.929723,-0.496633
26-Jan-2025 14:21:41.186,-0.242514,1.979814,-0.377515
26-Jan-2025 14:21:41.202,-0.216246,2.008525,-0.271835
26-Jan-2025 14:21:41.218,-0.121562,1.943773,-0.164934
26-Jan-2025 14:21:41.234,-0.027489,1.876578,-0.115454
26-Jan-2025 14:21:41.250,0.039095,1.788003,-0.09896
26-Jan-2025 14:21:41.266,0.037263,1.686599,-0.131336
26-Jan-2025 14:21:41.282,-0.0281,1.627345,-0.180816
26-Jan-2025 14:21:41.298,-0.078802,1.66644,-0.188757
26-Jan-2025 14:21:41.314,-0.128282,1.724473,-0.147219
26-Jan-2025 14:21:41.330,-0.156382,1.761735,-0.112399
26-Jan-2025 14:21:41.346,-0.182649,1.76479,-0.098349
26-Jan-2025 14:21:41.362,-0.197309,1.685377,-0.096517
26-Jan-2025 14:21:41.378,-0.201586,1.563815,-0.11973
26-Jan-2025 14:21:41.394,-0.212581,1.408655,-0.141721
26-Jan-2025 14:21:41.410,-0.245568,1.360397,-0.136223
26-Jan-2025 14:21:41.426,-0.242514,1.400714,-0.14111
26-Jan-2025 14:21:41.442,-0.264505,1.39094,-0.164934
26-Jan-2025 14:21:41.458,-0.376904,1.233337,-0.117286
26-Jan-2025 14:21:41.475,-0.290772,1.09406,-0.145386
26-Jan-2025 14:21:41.490,-0.133779,1.203405,-0.237627
26-Jan-2025 14:21:41.507,-0.04948,1.345125,-0.328035
26-Jan-2025 14:21:41.523,0.094073,1.397049,-0.434325
26-Jan-2025 14:21:41.539,0.237016,1.272432,-0.527788
26-Jan-2025 14:21:41.555,0.224798,1.103834,-0.565661
26-Jan-2025 14:21:41.571,0.163712,1.137431,-0.585209
26-Jan-2025 14:21:41.587,0.074526,1.345736,-0.531453
26-Jan-2025 14:21:41.603,-0.039095,1.638951,-0.381791
26-Jan-2025 14:21:41.619,-0.059865,1.785559,-0.26145
26-Jan-2025 14:21:41.635,-0.115454,1.888795,-0.139277
26-Jan-2025 14:21:41.651,-0.114232,2.028073,-0.034208
26-Jan-2025 14:21:41.667,0.020769,2.143526,0.093462
26-Jan-2025 14:21:41.683,0.175929,2.015244,0.287718
26-Jan-2025 14:21:41.699,0.15516,1.827098,0.439212
26-Jan-2025 14:21:41.715,0.011606,1.757459,0.608422
26-Jan-2025 14:21:41.731,-0.140499,1.868026,0.667676
26-Jan-2025 14:21:41.747,-0.3036,1.988977,0.599259
26-Jan-2025 14:21:41.763,-0.406225,2.051896,0.507018
26-Jan-2025 14:21:41.779,-0.412945,1.932778,0.387899
26-Jan-2025 14:21:41.796,-0.354302,1.874135,0.334754
26-Jan-2025 14:21:41.812,-0.285885,1.911397,0.343306
26-Jan-2025 14:21:41.828,-0.240681,1.862528,0.3598
26-Jan-2025 14:21:41.844,-0.184481,1.747075,0.364076
26-Jan-2025 14:21:41.860,-0.106901,1.654223,0.311541
26-Jan-2025 14:21:41.876,-0.048258,1.604743,0.242514
26-Jan-2025 14:21:41.892,0.015882,1.506394,0.130725
26-Jan-2025 14:21:41.908,0.005498,1.463633,0.078191
26-Jan-2025 14:21:41.924,-0.089186,1.460579,0.106901
26-Jan-2025 14:21:41.940,-0.189979,1.455692,0.181427
26-Jan-2025 14:21:41.956,-0.291383,1.420262,0.276722
26-Jan-2025 14:21:41.972,-0.320704,1.392162,0.282831
26-Jan-2025 14:21:41.988,-0.308487,1.364062,0.225409
26-Jan-2025 14:21:42.004,-0.188757,1.272432,0.12034
26-Jan-2025 14:21:42.020,-0.0562,1.151481,0.054367
26-Jan-2025 14:21:42.036,0.07086,0.945619,0.029932
26-Jan-2025 14:21:42.052,0.094684,0.8546,0.059254
26-Jan-2025 14:21:42.068,0.047647,0.808786,0.123395
26-Jan-2025 14:21:42.084,-0.010996,0.756251,0.173486
26-Jan-2025 14:21:42.100,0.021991,0.684169,0.186925
26-Jan-2025 14:21:42.117,0.142332,0.561996,0.158214
26-Jan-2025 14:21:42.133,0.244346,0.359189,0.153938
26-Jan-2025 14:21:42.149,0.215025,0.270613,0.189979
26-Jan-2025 14:21:42.165,0.17654,0.233351,0.225409
26-Jan-2025 14:21:42.181,0.229685,0.243735,0.204029
26-Jan-2025 14:21:42.197,0.279165,0.270002,0.130725
26-Jan-2025 14:21:42.213,0.189979,0.177762,0.027489
26-Jan-2025 14:21:42.229,0.036041,0.005498,-0.022602
26-Jan-2025 14:21:42.245,-0.095906,-0.152105,-0.093462
26-Jan-2025 14:21:42.261,-0.14111,-0.188147,-0.15516
26-Jan-2025 14:21:42.277,-0.175929,-0.139277,-0.201586
26-Jan-2025 14:21:42.293,-0.119119,-0.028711,-0.216246
26-Jan-2025 14:21:42.309,0.07025,0.094684,-0.262061
26-Jan-2025 14:21:42.325,0.21197,0.080634,-0.315817
26-Jan-2025 14:21:42.341,0.340252,0.008552,-0.349415
26-Jan-2025 14:21:42.357,0.476475,-0.030543,-0.354913
26-Jan-2025 14:21:42.373,0.450819,-0.004276,-0.345139
26-Jan-2025 14:21:42.389,0.144164,0.033598,-0.332922
26-Jan-2025 14:21:42.405,-0.105069,0.054978,-0.290772
26-Jan-2025 14:21:42.422,-0.263894,0.125838,-0.258396
26-Jan-2025 14:21:42.438,-0.293826,0.220522,-0.28222
26-Jan-2025 14:21:42.454,-0.276722,0.386067,-0.365908
26-Jan-2025 14:21:42.470,-0.269392,0.498466,-0.425162
26-Jan-2025 14:21:42.486,-0.280387,0.520457,-0.448986
26-Jan-2025 14:21:42.502,-0.236405,0.479529,-0.418443
26-Jan-2025 14:21:42.518,-0.167377,0.456316,-0.373239
26-Jan-2025 14:21:42.534,-0.092852,0.398284,-0.324369
26-Jan-2025 14:21:42.550,-0.061087,0.378736,-0.301157
26-Jan-2025 14:21:42.566,-0.07025,0.426384,-0.269392
26-Jan-2025 14:21:42.582,-0.081245,0.421497,-0.237016
26-Jan-2025 14:21:42.598,-0.094073,0.391565,-0.177762
26-Jan-2025 14:21:42.614,-0.100793,0.400117,-0.145997
26-Jan-2025 14:21:42.630,-0.092852,0.456927,-0.130725
26-Jan-2025 14:21:42.646,-0.073915,0.538783,-0.124617
26-Jan-2025 14:21:42.662,-0.034819,0.577268,-0.122173
26-Jan-2025 14:21:42.678,0.05681,0.453262,-0.143553
26-Jan-2025 14:21:42.694,0.114232,0.304822,-0.188147
26-Jan-2025 14:21:42.711,0.103236,0.128893,-0.273057
26-Jan-2025 14:21:42.727,0.075747,0.089186,-0.320093
26-Jan-2025 14:21:42.743,0.080023,0.138666,-0.332311
26-Jan-2025 14:21:42.759,0.160658,0.109956,-0.324369
26-Jan-2025 14:21:42.775,0.478918,0.156992,-0.321315
26-Jan-2025 14:21:42.791,0.694554,0.279165,-0.274889
26-Jan-2025 14:21:42.807,0.626748,0.18326,-0.168599
26-Jan-2025 14:21:42.823,0.419664,0.080023,-0.06353
26-Jan-2025 14:21:42.839,0.358578,0.082467,-0.042761
26-Jan-2025 14:21:42.855,0.2755,0.128282,-0.061697
26-Jan-2025 14:21:42.871,0.180816,0.237627,-0.100793
26-Jan-2025 14:21:42.887,0.013439,0.418443,-0.153938
26-Jan-2025 14:21:42.903,-0.095295,0.522901,-0.146608
26-Jan-2025 14:21:42.919,-0.058643,0.546724,-0.011606
26-Jan-2025 14:21:42.935,0.055589,0.436158,0.149051
26-Jan-2025 14:21:42.951,0.153938,0.372628,0.309098
26-Jan-2025 14:21:42.967,0.131947,0.412945,0.365908
26-Jan-2025 14:21:42.983,0.009163,0.441656,0.38118
26-Jan-2025 14:21:43.000,-0.170431,0.439212,0.375071
26-Jan-2025 14:21:43.016,-0.234572,0.434936,0.372017
26-Jan-2025 14:21:43.032,-0.237016,0.401338,0.390954
26-Jan-2025 14:21:43.048,-0.211359,0.378126,0.417832
26-Jan-2025 14:21:43.064,-0.12034,0.304822,0.45876
26-Jan-2025 14:21:43.080,-0.060476,0.163712,0.467923
26-Jan-2025 14:21:43.096,-0.032987,-0.006109,0.425773
26-Jan-2025 14:21:43.112,-0.006109,-0.083689,0.364076
26-Jan-2025 14:21:43.128,0.00733,-0.19792,0.254731
26-Jan-2025 14:21:43.144,-0.016493,-0.290772,0.171042
26-Jan-2025 14:21:43.160,-0.044593,-0.338419,0.114843
26-Jan-2025 14:21:43.176,-0.100182,-0.299935,0.097128
26-Jan-2025 14:21:43.192,-0.138666,-0.28955,0.133779
26-Jan-2025 14:21:43.208,-0.172875,-0.323148,0.201586
26-Jan-2025 14:21:43.224,-0.180205,-0.381791,0.242514
26-Jan-2025 14:21:43.240,-0.160047,-0.541837,0.243735
26-Jan-2025 14:21:43.256,-0.081856,-0.632856,0.210138
26-Jan-2025 14:21:43.273,0.059865,-0.778242,0.131336
26-Jan-2025 14:21:43.288,0.157603,-0.858877,0.093462
26-Jan-2025 14:21:43.305,0.237016,-0.835664,0.094073
26-Jan-2025 14:21:43.321,0.250455,-0.786794,0.13439
26-Jan-2025 14:21:43.337,0.227853,-0.880868,0.196699
26-Jan-2025 14:21:43.353,0.227242,-1.059851,0.2755
26-Jan-2025 14:21:43.369,0.225409,-1.160644,0.272446
26-Jan-2025 14:21:43.385,0.235794,-1.211346,0.205251
26-Jan-2025 14:21:43.401,0.28955,-1.208902,0.166766
26-Jan-2025 14:21:43.417,0.328035,-1.237002,0.181427
26-Jan-2025 14:21:43.433,0.304822,-1.265713,0.215025
26-Jan-2025 14:21:43.449,0.311541,-1.237613,0.196699
26-Jan-2025 14:21:43.465,0.235794,-1.192409,0.168599
26-Jan-2025 14:21:43.481,-0.033598,-1.229061,0.188147
26-Jan-2025 14:21:43.497,-0.432493,-1.366506,0.202807
26-Jan-2025 14:21:43.513,-0.632856,-1.462411,0.128893
26-Jan-2025 14:21:43.529,-0.780075,-1.484403,-0.039095
26-Jan-2025 14:21:43.545,-0.77641,-1.511281,-0.170431
26-Jan-2025 14:21:43.562,-0.467923,-1.436144,-0.280387
26-Jan-2025 14:21:43.577,-0.108123,-1.258993,-0.329867
26-Jan-2025 14:21:43.594,0.210138,-1.088562,-0.3317
26-Jan-2025 14:21:43.610,0.288328,-1.031751,-0.28222
26-Jan-2025 14:21:43.626,0.240681,-1.119105,-0.168599
26-Jan-2025 14:21:43.642,0.118508,-1.311528,-0.052534
26-Jan-2025 14:21:43.658,-0.026267,-1.505172,0.055589
26-Jan-2025 14:21:43.674,-0.200364,-1.528385,0.095295
26-Jan-2025 14:21:43.690,-0.288939,-1.303586,0.009163
26-Jan-2025 14:21:43.706,-0.368352,-1.064127,-0.205862
26-Jan-2025 14:21:43.722,-0.405004,-1.028086,-0.348804
26-Jan-2025 14:21:43.738,-0.335976,-0.951117,-0.415388
26-Jan-2025 14:21:43.754,-0.233351,-0.871705,-0.384234
26-Jan-2025 14:21:43.770,-0.123395,-0.829555,-0.276722
26-Jan-2025 14:21:43.786,-0.074526,-0.844216,-0.199142
26-Jan-2025 14:21:43.802,-0.053756,-0.877813,-0.188757
26-Jan-2025 14:21:43.818,-0.043371,-0.914465,-0.269392
26-Jan-2025 14:21:43.834,-0.034819,-0.919963,-0.333532
26-Jan-2025 14:21:43.850,-0.020159,-0.934624,-0.347582
26-Jan-2025 14:21:43.866,-0.030543,-0.871094,-0.318872
26-Jan-2025 14:21:43.883,-0.046426,-0.773966,-0.313985
26-Jan-2025 14:21:43.899,-0.054978,-0.709215,-0.317039
26-Jan-2025 14:21:43.915,-0.076358,-0.620028,-0.313374
26-Jan-2025 14:21:43.931,-0.111788,-0.599259,-0.321926
26-Jan-2025 14:21:43.947,-0.138666,-0.584598,-0.367741
26-Jan-2025 14:21:43.963,-0.111177,-0.574213,-0.409891
26-Jan-2025 14:21:43.979,-0.067806,-0.567494,-0.434325
26-Jan-2025 14:21:43.995,0.075136,-0.483805,-0.445932
26-Jan-2025 14:21:44.011,0.279165,-0.356134,-0.451429
26-Jan-2025 14:21:44.027,0.371406,-0.28222,-0.364076
26-Jan-2025 14:21:44.043,0.253509,-0.44471,-0.228464
26-Jan-2025 14:21:44.059,0.248011,-0.64263,-0.087965
26-Jan-2025 14:21:44.075,0.356745,-0.601091,-0.002443
26-Jan-2025 14:21:44.091,0.436158,-0.435547,0.081245
26-Jan-2025 14:21:44.107,0.383013,-0.390954,0.117897
26-Jan-2025 14:21:44.123,0.24007,-0.390343,0.132558
26-Jan-2025 14:21:44.139,0.169821,-0.412945,0.101404
26-Jan-2025 14:21:44.156,0.180205,-0.485027,0.096517
26-Jan-2025 14:21:44.172,0.341474,-0.61392,0.196088
26-Jan-2025 14:21:44.188,0.445932,-0.739758,0.279165
26-Jan-2025 14:21:44.204,0.417832,-0.871094,0.357356
26-Jan-2025 14:21:44.220,0.354913,-0.844216,0.410501
26-Jan-2025 14:21:44.236,0.26145,-0.783129,0.439823
26-Jan-2025 14:21:44.252,0.164934,-0.800844,0.442266
26-Jan-2025 14:21:44.268,0.076358,-0.84727,0.483194
26-Jan-2025 14:21:44.284,0.031154,-0.876592,0.527788
26-Jan-2025 14:21:44.300,-0.018937,-0.930959,0.561996
26-Jan-2025 14:21:44.316,-0.047037,-1.060462,0.601702
26-Jan-2025 14:21:44.332,-0.054978,-1.139264,0.588874
26-Jan-2025 14:21:44.348,-0.062919,-1.158811,0.450819
26-Jan-2025 14:21:44.364,-0.075747,-1.15759,0.305433
26-Jan-2025 14:21:44.380,-0.081856,-1.20707,0.149051
26-Jan-2025 14:21:44.396,-0.10568,-1.247998,0.118508
26-Jan-2025 14:21:44.412,-0.122784,-1.113607,0.150884
26-Jan-2025 14:21:44.428,-0.155771,-1.094671,0.196699
26-Jan-2025 14:21:44.445,-0.168599,-1.191187,0.255342
26-Jan-2025 14:21:44.461,-0.108734,-1.192409,0.244957
26-Jan-2025 14:21:44.477,-0.040928,-1.119716,0.20464
26-Jan-2025 14:21:44.493,-0.0281,-1.028697,0.193644
26-Jan-2025 14:21:44.509,-0.062308,-0.972497,0.215025
26-Jan-2025 14:21:44.525,-0.11973,-1.01648,0.245568
26-Jan-2025 14:21:44.541,-0.146608,-1.078788,0.248011
26-Jan-2025 14:21:44.557,-0.125227,-1.08734,0.241903
26-Jan-2025 14:21:44.573,-0.09163,-1.043969,0.239459
26-Jan-2025 14:21:44.589,-0.075136,-0.985937,0.233961
26-Jan-2025 14:21:44.605,-0.040928,-1.034195,0.237016
26-Jan-2025 14:21:44.621,0.043982,-1.133766,0.220522
26-Jan-2025 14:21:44.637,0.131947,-1.161255,0.196088
26-Jan-2025 14:21:44.653,0.245568,-1.098947,0.158825
26-Jan-2025 14:21:44.669,0.133169,-1.114218,0.186314
26-Jan-2025 14:21:44.685,-0.072082,-1.232726,0.229074
26-Jan-2025 14:21:44.701,-0.210749,-1.309084,0.167377
26-Jan-2025 14:21:44.717,-0.255342,-1.281595,0.108734
26-Jan-2025 14:21:44.733,-0.357356,-1.357343,0.109345
26-Jan-2025 14:21:44.750,-0.417221,-1.450194,0.147219
26-Jan-2025 14:21:44.766,-0.532064,-1.592526,0.145997
26-Jan-2025 14:21:44.782,-0.583376,-1.741577,0.085521
26-Jan-2025 14:21:44.798,-0.521068,-1.817935,0.009774
26-Jan-2025 14:21:44.814,-0.285885,-1.740966,-0.081245
26-Jan-2025 14:21:44.830,-0.133169,-1.648725,-0.13439
26-Jan-2025 14:21:44.846,-0.076358,-1.55343,-0.171653
26-Jan-2025 14:21:44.862,-0.066584,-1.510059,-0.142942
26-Jan-2025 14:21:44.878,-0.067195,-1.507005,-0.04948
26-Jan-2025 14:21:44.894,-0.111177,-1.492344,0.013439
26-Jan-2025 14:21:44.910,-0.194255,-1.477683,0.069639
26-Jan-2025 14:21:44.926,-0.26817,-1.467298,0.039706
26-Jan-2025 14:21:44.942,-0.356134,-1.456914,-0.074526
26-Jan-2025 14:21:44.958,-0.377515,-1.415986,-0.178373
26-Jan-2025 14:21:44.974,-0.335365,-1.366506,-0.270002
26-Jan-2025 14:21:44.990,-0.252898,-1.318858,-0.326813
26-Jan-2025 14:21:45.007,-0.230907,-1.279152,-0.311541
26-Jan-2025 14:21:45.022,-0.211359,-1.26388,-0.287718
26-Jan-2025 14:21:45.039,-0.180205,-1.266935,-0.287107
26-Jan-2025 14:21:45.055,-0.167988,-1.265713,-0.298713
26-Jan-2025 14:21:45.071,-0.167377,-1.260826,-0.301157
26-Jan-2025 14:21:45.087,-0.124006,-1.196685,-0.28955
26-Jan-2025 14:21:45.103,-0.043982,-1.042136,-0.29627
26-Jan-2025 14:21:45.119,-0.004276,-1.043969,-0.364687
26-Jan-2025 14:21:45.135,0.033598,-1.078788,-0.434936
26-Jan-2025 14:21:45.151,0.108734,-1.026254,-0.486249
26-Jan-2025 14:21:45.167,0.194866,-0.860709,-0.498466
26-Jan-2025 14:21:45.183,0.223577,-0.731206,-0.485027
26-Jan-2025 14:21:45.199,0.295659,-0.687223,-0.49419
26-Jan-2025 14:21:45.215,0.363465,-0.712269,-0.538783
26-Jan-2025 14:21:45.231,0.466701,-0.751364,-0.615752
26-Jan-2025 14:21:45.247,0.659124,-0.818559,-0.600481
26-Jan-2025 14:21:45.263,0.869872,-0.697608,-0.458149
26-Jan-2025 14:21:45.279,0.695776,-0.701273,-0.331089
26-Jan-2025 14:21:45.295,0.447764,-0.781297,-0.220522
26-Jan-2025 14:21:45.311,0.371406,-0.744034,-0.171653
26-Jan-2025 14:21:45.327,0.424551,-0.652404,-0.19792
26-Jan-2025 14:21:45.343,0.48747,-0.520457,-0.213192
26-Jan-2025 14:21:45.360,0.530231,-0.426384,-0.180205
26-Jan-2025 14:21:45.375,0.512516,-0.441045,-0.08491
26-Jan-2025 14:21:45.392,0.404393,-0.602313,-0.013439
26-Jan-2025 14:21:45.408,0.31032,-0.769079,0.061087
26-Jan-2025 14:21:45.424,0.294437,-0.802677,0.099571
26-Jan-2025 14:21:45.440,0.214414,-0.807564,0.129503
26-Jan-2025 14:21:45.456,0.111788,-0.802677,0.147829
26-Jan-2025 14:21:45.472,-0.014661,-0.792903,0.174707
26-Jan-2025 14:21:45.488,-0.116675,-0.842383,0.213192
26-Jan-2025 14:21:45.504,-0.119119,-0.885755,0.220522
26-Jan-2025 14:21:45.520,-0.072693,-0.942565,0.194866
26-Jan-2025 14:21:45.536,-0.009163,-1.063516,0.177151
26-Jan-2025 14:21:45.552,0.083689,-1.248609,0.144164
26-Jan-2025 14:21:45.568,0.118508,-1.339017,0.095906
26-Jan-2025 14:21:45.584,0.126449,-1.379945,0.048869
26-Jan-2025 14:21:45.600,0.109956,-1.316415,0.031154
26-Jan-2025 14:21:45.616,0.072082,-1.257161,0.037263
26-Jan-2025 14:21:45.632,-0.016493,-1.206459,0.092852
26-Jan-2025 14:21:45.648,-0.091019,-1.16492,0.150273
26-Jan-2025 14:21:45.664,-0.13439,-1.147816,0.206472
26-Jan-2025 14:21:45.681,-0.131947,-1.134377,0.215635
26-Jan-2025 14:21:45.697,-0.099571,-1.128879,0.172875
26-Jan-2025 14:21:45.713,-0.067195,-1.133766,0.102625
26-Jan-2025 14:21:45.729,-0.020159,-1.117883,0.009163
26-Jan-2025 14:21:45.745,0.040317,-1.095892,-0.019548
26-Jan-2025 14:21:45.761,0.122784,-1.089784,0.029932
26-Jan-2025 14:21:45.777,0.152105,-1.100168,0.108734
26-Jan-2025 14:21:45.793,0.168599,-1.010371,0.200364
26-Jan-2025 14:21:45.809,0.142942,-0.935846,0.302378
26-Jan-2025 14:21:45.825,0.098349,-1.042747,0.332922
26-Jan-2025 14:21:45.841,0.155771,-1.194242,0.323148
26-Jan-2025 14:21:45.857,0.226631,-1.204626,0.290772
26-Jan-2025 14:21:45.873,0.269392,-1.130712,0.237016
26-Jan-2025 14:21:45.889,0.287107,-1.102612,0.220522
26-Jan-2025 14:21:45.905,0.37385,-1.091616,0.229074
26-Jan-2025 14:21:45.921,0.464258,-1.088562,0.255953
26-Jan-2025 14:21:45.937,0.477086,-1.090394,0.328645
26-Jan-2025 14:21:45.953,0.240681,-1.133155,0.462425
26-Jan-2025 14:21:45.970,-0.021991,-1.138653,0.521679
26-Jan-2025 14:21:45.985,-0.327424,-1.208902,0.481362
26-Jan-2025 14:21:46.002,-0.507018,-1.337795,0.361021
26-Jan-2025 14:21:46.017,-0.575435,-1.367727,0.144775
26-Jan-2025 14:21:46.034,-0.391565,-1.318247,-0.009774
26-Jan-2025 14:21:46.050,-0.034819,-1.160033,-0.202807
26-Jan-2025 14:21:46.066,0.147829,-1.083064,-0.284663
26-Jan-2025 14:21:46.082,0.257785,-1.042747,-0.245568
26-Jan-2025 14:21:46.098,0.286496,-0.999376,-0.158214
26-Jan-2025 14:21:46.114,0.213192,-1.040303,-0.08491
26-Jan-2025 14:21:46.130,-0.011606,-1.300532,0.010385
26-Jan-2025 14:21:46.146,-0.186314,-1.27793,0.0562
26-Jan-2025 14:21:46.162,-0.307265,-1.091616,-0.005498
26-Jan-2025 14:21:46.178,-0.319483,-0.988991,-0.135001
26-Jan-2025 14:21:46.194,-0.266948,-0.858266,-0.314596
26-Jan-2025 14:21:46.210,-0.184481,-0.748921,-0.386678
26-Jan-2025 14:21:46.226,-0.092852,-0.660956,-0.343306
26-Jan-2025 14:21:46.242,-0.045815,-0.625526,-0.259007
26-Jan-2025 14:21:46.258,-0.023824,-0.576046,-0.211359
26-Jan-2025 14:21:46.274,0.001833,-0.545503,-0.238237
26-Jan-2025 14:21:46.291,0.00733,-0.523512,-0.288328
26-Jan-2025 14:21:46.307,0.004276,-0.455705,-0.315817
26-Jan-2025 14:21:46.323,0.029932,-0.376293,-0.298713
26-Jan-2025 14:21:46.338,0.036652,-0.259007,-0.207694
26-Jan-2025 14:21:46.355,0.002443,-0.169821,-0.138056
26-Jan-2025 14:21:46.371,-0.012828,-0.040317,-0.122173
26-Jan-2025 14:21:46.387,0.022602,0.094073,-0.158214
26-Jan-2025 14:21:46.403,0.117286,0.211359,-0.211359
26-Jan-2025 14:21:46.419,0.153938,0.208916,-0.254731
26-Jan-2025 14:21:46.435,0.106901,0.222355,-0.304822
26-Jan-2025 14:21:46.451,0.024435,0.306654,-0.379347
26-Jan-2025 14:21:46.467,0.005498,0.371406,-0.394619
26-Jan-2025 14:21:46.483,0.132558,0.418443,-0.353691
26-Jan-2025 14:21:46.499,0.315206,0.52962,-0.286496
26-Jan-2025 14:21:46.515,0.217468,0.615752,-0.160658
26-Jan-2025 14:21:46.531,-0.009774,0.486249,-0.101404
26-Jan-2025 14:21:46.547,0.008552,0.45876,-0.102625
26-Jan-2025 14:21:46.564,0.167988,0.610865,-0.117286
26-Jan-2025 14:21:46.579,0.260839,0.895528,-0.085521
26-Jan-2025 14:21:46.596,0.173486,1.056797,-0.058032
26-Jan-2025 14:21:46.612,0.03543,1.144761,-0.03543
26-Jan-2025 14:21:46.628,-0.099571,1.127046,0.009774
26-Jan-2025 14:21:46.644,-0.087965,1.018923,0.083078
26-Jan-2025 14:21:46.660,0.034819,0.869872,0.214414
26-Jan-2025 14:21:46.676,0.107512,0.934013,0.316428
26-Jan-2025 14:21:46.692,0.072693,1.187522,0.391565
26-Jan-2025 14:21:46.708,-0.037874,1.25655,0.365297
26-Jan-2025 14:21:46.724,-0.222966,1.152703,0.306043
26-Jan-2025 14:21:46.740,-0.312152,1.083064,0.287107
26-Jan-2025 14:21:46.756,-0.321315,1.056186,0.296881
26-Jan-2025 14:21:46.772,-0.257785,1.04458,0.306654
26-Jan-2025 14:21:46.788,-0.188147,0.99571,0.314596
26-Jan-2025 14:21:46.804,-0.11301,0.950506,0.312763
26-Jan-2025 14:21:46.820,-0.065363,0.877203,0.297491
26-Jan-2025 14:21:46.835,-0.04215,0.681115,0.242514
26-Jan-2025 14:21:46.852,-0.040317,0.588874,0.205251
26-Jan-2025 14:21:46.868,-0.039706,0.588874,0.195477
26-Jan-2025 14:21:46.885,-0.036652,0.598648,0.210749
26-Jan-2025 14:21:46.901,-0.050091,0.584598,0.248622
26-Jan-2025 14:21:46.917,-0.065973,0.566883,0.273057
26-Jan-2025 14:21:46.933,-0.081245,0.539394,0.278555
26-Jan-2025 14:21:46.949,-0.089797,0.554055,0.266948
26-Jan-2025 14:21:46.965,-0.073304,0.6072,0.242514
26-Jan-2025 14:21:46.981,-0.02138,0.540005,0.21869
26-Jan-2025 14:21:46.997,0.01405,0.446543,0.21197
26-Jan-2025 14:21:47.013,0.028711,0.373239,0.209527
26-Jan-2025 14:21:47.029,0.037263,0.333532,0.19059
26-Jan-2025 14:21:47.045,0.055589,0.265116,0.17654
26-Jan-2025 14:21:47.061,0.073915,0.251676,0.171653
26-Jan-2025 14:21:47.077,0.111177,0.252898,0.172264
26-Jan-2025 14:21:47.093,0.17654,0.153938,0.210749
26-Jan-2025 14:21:47.109,0.241292,0.052534,0.235183
26-Jan-2025 14:21:47.125,0.33903,0.003054,0.215025
26-Jan-2025 14:21:47.141,0.347582,-0.045815,0.202807
26-Jan-2025 14:21:47.156,0.35308,-0.031154,0.200364
26-Jan-2025 14:21:47.174,0.417221,0.072082,0.158214
26-Jan-2025 14:21:47.189,0.349415,0.039706,0.106901
26-Jan-2025 14:21:47.206,0.228464,-0.113621,0.116675
26-Jan-2025 14:21:47.222,0.10568,-0.167988,0.089797
26-Jan-2025 14:21:47.238,-0.001222,-0.145997,0.029932
26-Jan-2025 14:21:47.254,-0.161268,-0.221133,-0.04215
26-Jan-2025 14:21:47.270,-0.305433,-0.33903,-0.138666
26-Jan-2025 14:21:47.286,-0.255342,-0.277944,-0.225409
26-Jan-2025 14:21:47.302,-0.067806,-0.069028,-0.338419
26-Jan-2025 14:21:47.318,0.031765,0.050091,-0.377515
26-Jan-2025 14:21:47.334,0.073915,0.127671,-0.347582
26-Jan-2025 14:21:47.350,0.071471,0.119119,-0.271835
26-Jan-2025 14:21:47.366,-0.033598,0.084299,-0.158214
26-Jan-2025 14:21:47.382,-0.141721,0.039095,-0.125227
26-Jan-2025 14:21:47.398,-0.229074,0.073915,-0.189979
26-Jan-2025 14:21:47.414,-0.239459,0.149662,-0.28955
26-Jan-2025 14:21:47.430,-0.21197,0.218079,-0.372017
26-Jan-2025 14:21:47.446,-0.193033,0.350026,-0.392175
26-Jan-2025 14:21:47.462,-0.200975,0.43799,-0.339641
26-Jan-2025 14:21:47.478,-0.243124,0.520457,-0.240681
26-Jan-2025 14:21:47.495,-0.283441,0.58582,-0.191201
26-Jan-2025 14:21:47.510,-0.307265,0.584598,-0.180205
26-Jan-2025 14:21:47.527,-0.281609,0.56505,-0.209527
26-Jan-2025 14:21:47.543,-0.221133,0.570548,-0.257785
26-Jan-2025 14:21:47.559,-0.204029,0.556498,-0.281609
26-Jan-2025 14:21:47.575,-0.19792,0.569326,-0.2755
26-Jan-2025 14:21:47.591,-0.193644,0.626137,-0.222355
26-Jan-2025 14:21:47.607,-0.20464,0.654237,-0.167377
26-Jan-2025 14:21:47.623,-0.186314,0.642019,-0.08491
26-Jan-2025 14:21:47.639,-0.11301,0.6353,-0.015272
26-Jan-2025 14:21:47.655,-0.030543,0.618806,0.045815
26-Jan-2025 14:21:47.671,-0.023213,0.613309,0.020159
26-Jan-2025 14:21:47.687,-0.034819,0.567494,-0.109956
26-Jan-2025 14:21:47.703,-0.053145,0.481973,-0.188757
26-Jan-2025 14:21:47.719,-0.10568,0.397062,-0.180816
26-Jan-2025 14:21:47.735,-0.150273,0.412945,-0.125227
26-Jan-2025 14:21:47.751,-0.142942,0.463036,-0.094073
26-Jan-2025 14:21:47.767,-0.019548,0.516792,-0.122173
26-Jan-2025 14:21:47.783,0.213803,0.526566,-0.152716
26-Jan-2025 14:21:47.799,0.602313,0.632856,-0.128282
26-Jan-2025 14:21:47.816,0.526566,0.458149,-0.032987
26-Jan-2025 14:21:47.832,0.166155,0.166155,-0.014661
26-Jan-2025 14:21:47.848,0.103236,0.17654,-0.081856
26-Jan-2025 14:21:47.864,0.141721,0.350026,-0.133169
26-Jan-2025 14:21:47.880,0.138056,0.510072,-0.139277
26-Jan-2025 14:21:47.896,0.052534,0.676228,-0.116675
26-Jan-2025 14:21:47.912,-0.129503,0.915687,-0.037874
26-Jan-2025 14:21:47.928,-0.172264,1.00243,0.060476
26-Jan-2025 14:21:47.944,-0.025656,0.957837,0.219301
26-Jan-2025 14:21:47.960,0.122173,0.828944,0.33903
26-Jan-2025 14:21:47.976,0.202196,0.80512,0.433103
26-Jan-2025 14:21:47.992,0.116064,0.877203,0.445932
26-Jan-2025 14:21:48.008,-0.073304,0.9389,0.443488
26-Jan-2025 14:21:48.024,-0.146608,0.920574,0.444099
26-Jan-2025 14:21:48.040,-0.15516,0.883311,0.43799
26-Jan-2025 14:21:48.056,-0.15516,0.890031,0.41661
26-Jan-2025 14:21:48.072,-0.147219,0.886976,0.393397
26-Jan-2025 14:21:48.088,-0.122784,0.814283,0.368963
26-Jan-2025 14:21:48.104,-0.115454,0.722043,0.346971
26-Jan-2025 14:21:48.121,-0.095295,0.635911,0.279165
26-Jan-2025 14:21:48.137,-0.069028,0.577879,0.212581
26-Jan-2025 14:21:48.153,0.005498,0.500299,0.114232
26-Jan-2025 14:21:48.169,0.058643,0.48747,0.051924
26-Jan-2025 14:21:48.185,0.038485,0.519235,0.045815
26-Jan-2025 14:21:48.201,-0.024435,0.546724,0.097128
26-Jan-2025 14:21:48.217,-0.069028,0.561385,0.140499
26-Jan-2025 14:21:48.233,-0.064752,0.532674,0.138666
26-Jan-2025 14:21:48.249,-0.061087,0.452651,0.109345
26-Jan-2025 14:21:48.265,-0.031154,0.348193,0.06353
26-Jan-2025 14:21:48.281,0.02138,0.292604,0.025045
26-Jan-2025 14:21:48.297,0.068417,0.194255,-0.026878
26-Jan-2025 14:21:48.313,0.104458,0.139888,-0.031765
26-Jan-2025 14:21:48.329,0.17654,0.102014,-0.003665
26-Jan-2025 14:21:48.345,0.232129,0.087965,0.025045
26-Jan-2025 14:21:48.361,0.270002,0.029932,0.068417
26-Jan-2025 14:21:48.377,0.266948,-0.064141,0.115454
26-Jan-2025 14:21:48.393,0.268781,-0.143553,0.169821
26-Jan-2025 14:21:48.410,0.314596,-0.157603,0.197309
26-Jan-2025 14:21:48.426,0.425162,-0.078191,0.181427
26-Jan-2025 14:21:48.442,0.53634,-0.097738,0.218079
26-Jan-2025 14:21:48.458,0.531453,-0.153938,0.281609
26-Jan-2025 14:21:48.474,0.629802,-0.102625,0.244346
26-Jan-2025 14:21:48.490,0.62125,-0.259007,0.177151
26-Jan-2025 14:21:48.506,0.441656,-0.410501,0.089186
26-Jan-2025 14:21:48.522,0.276111,-0.343917,0.001833
26-Jan-2025 14:21:48.538,0.098349,-0.291994,-0.171042
26-Jan-2025 14:21:48.554,0.015882,-0.330478,-0.298102
26-Jan-2025 14:21:48.570,0.002443,-0.331089,-0.387289
26-Jan-2025 14:21:48.586,0.047037,-0.17654,-0.434325
26-Jan-2025 14:21:48.602,0.053756,0.06353,-0.454484
26-Jan-2025 14:21:48.618,0.058643,0.395841,-0.499077
26-Jan-2025 14:21:48.634,0.041539,0.470977,-0.493579
26-Jan-2025 14:21:48.650,-0.066584,0.401949,-0.429438
26-Jan-2025 14:21:48.666,-0.172264,0.433714,-0.38851
26-Jan-2025 14:21:48.682,-0.219301,0.665232,-0.420275
26-Jan-2025 14:21:48.699,-0.143553,0.900415,-0.469145
26-Jan-2025 14:21:48.715,-0.127671,1.018312,-0.485638
26-Jan-2025 14:21:48.731,-0.135001,1.097114,-0.451429
26-Jan-2025 14:21:48.747,-0.156382,1.196074,-0.396452
26-Jan-2025 14:21:48.763,-0.221133,1.345736,-0.309098
26-Jan-2025 14:21:48.779,-0.223577,1.398881,-0.248622
26-Jan-2025 14:21:48.795,-0.122173,1.47585,-0.224188
26-Jan-2025 14:21:48.811,-0.054367,1.549765,-0.235183
26-Jan-2025 14:21:48.827,-0.008552,1.6023,-0.257785
26-Jan-2025 14:21:48.843,0.000611,1.657888,-0.270613
26-Jan-2025 14:21:48.859,0.005498,1.754405,-0.274278
26-Jan-2025 14:21:48.875,-0.005498,1.840537,-0.243735
26-Jan-2025 14:21:48.891,-0.022602,1.960877,-0.207694
26-Jan-2025 14:21:48.907,-0.039706,2.144748,-0.182038
26-Jan-2025 14:21:48.923,-0.039095,2.28036,-0.206472
26-Jan-2025 14:21:48.939,-0.015882,2.448348,-0.279165
26-Jan-2025 14:21:48.955,0.023824,2.572964,-0.294437
26-Jan-2025 14:21:48.971,0.089186,2.608395,-0.293826
26-Jan-2025 14:21:48.987,0.131947,2.575408,-0.31093
26-Jan-2025 14:21:49.004,0.103847,2.530815,-0.320704
26-Jan-2025 14:21:49.020,0.057421,2.528371,-0.31765
26-Jan-2025 14:21:49.036,-0.008552,2.595567,-0.326813
26-Jan-2025 14:21:49.052,-0.069028,2.59129,-0.329256
26-Jan-2025 14:21:49.068,-0.178373,2.526539,-0.281609
26-Jan-2025 14:21:49.084,-0.394619,2.458733,-0.218079
26-Jan-2025 14:21:49.100,-0.474031,2.501493,-0.191201
26-Jan-2025 14:21:49.116,-0.497244,2.654209,-0.163101
26-Jan-2025 14:21:49.132,-0.499077,2.681698,-0.123395
26-Jan-2025 14:21:49.148,-0.521679,2.580906,-0.054978
26-Jan-2025 14:21:49.164,-0.537561,2.529593,-0.00672
26-Jan-2025 14:21:49.180,-0.551,2.528982,0.028711
26-Jan-2025 14:21:49.196,-0.575435,2.54181,0.0562
26-Jan-2025 14:21:49.212,-0.591318,2.56258,0.085521
26-Jan-2025 14:21:49.228,-0.573602,2.578462,0.072082
26-Jan-2025 14:21:49.244,-0.521068,2.587625,0.037874
26-Jan-2025 14:21:49.260,-0.40928,2.631608,-0.012828
26-Jan-2025 14:21:49.276,-0.338419,2.691472,-0.031765
26-Jan-2025 14:21:49.293,-0.193033,2.780048,-0.022602
26-Jan-2025 14:21:49.309,-0.061087,2.80265,-0.020769
26-Jan-2025 14:21:49.325,-0.054978,2.736065,-0.034208
26-Jan-2025 14:21:49.341,-0.180205,2.76783,-0.036652
26-Jan-2025 14:21:49.357,-0.333532,2.952923,-0.018937
26-Jan-2025 14:21:49.373,-0.378736,3.037833,-0.006109
26-Jan-2025 14:21:49.389,-0.375682,2.861293,-0.005498
26-Jan-2025 14:21:49.405,-0.266948,2.540589,-0.019548
26-Jan-2025 14:21:49.421,-0.172264,2.427578,-0.024435
26-Jan-2025 14:21:49.437,-0.125227,2.465452,-0.003054
26-Jan-2025 14:21:49.453,-0.105069,2.488054,0.062308
26-Jan-2025 14:21:49.469,-0.023213,2.423913,0.16921
26-Jan-2025 14:21:49.485,0.048869,2.326786,0.219301
26-Jan-2025 14:21:49.501,0.102625,2.165517,0.233351
26-Jan-2025 14:21:49.517,0.128282,2.065946,0.22602
26-Jan-2025 14:21:49.533,0.172875,1.966986,0.191201
26-Jan-2025 14:21:49.549,0.201586,1.893682,0.14844
26-Jan-2025 14:21:49.565,0.201586,1.82832,0.108123
26-Jan-2025 14:21:49.582,0.171042,1.740966,0.030543
26-Jan-2025 14:21:49.597,0.138666,1.674993,-0.0281
26-Jan-2025 14:21:49.614,0.095295,1.605354,-0.075136
26-Jan-2025 14:21:49.630,0.083689,1.566258,-0.079412
26-Jan-2025 14:21:49.646,0.067195,1.513113,-0.078802
26-Jan-2025 14:21:49.662,0.065363,1.473407,-0.076969
26-Jan-2025 14:21:49.678,0.078802,1.438588,-0.062308
26-Jan-2025 14:21:49.694,0.094684,1.386664,-0.052534
26-Jan-2025 14:21:49.710,0.160658,1.324356,-0.057421
26-Jan-2025 14:21:49.726,0.185703,1.271211,-0.104458
26-Jan-2025 14:21:49.742,0.16921,1.321912,-0.152716
26-Jan-2025 14:21:49.758,0.222355,1.375669,-0.189979
26-Jan-2025 14:21:49.774,0.290161,1.326188,-0.200364
26-Jan-2025 14:21:49.790,0.31093,1.267545,-0.180816
26-Jan-2025 14:21:49.806,0.252287,1.312139,-0.161879
26-Jan-2025 14:21:49.822,0.114843,1.374447,-0.179594
26-Jan-2025 14:21:49.838,0.051924,1.364062,-0.225409
26-Jan-2025 14:21:49.854,0.05681,1.269378,-0.290772
26-Jan-2025 14:21:49.870,0.059865,1.226617,-0.337198
26-Jan-2025 14:21:49.886,0.001833,1.219898,-0.361632
26-Jan-2025 14:21:49.903,-0.092241,1.163698,-0.320704
26-Jan-2025 14:21:49.919,-0.107512,1.135599,-0.274889
26-Jan-2025 14:21:49.935,-0.051313,1.167364,-0.242514
26-Jan-2025 14:21:49.951,0.041539,1.199739,-0.238237
26-Jan-2025 14:21:49.967,0.125227,1.188744,-0.215635
26-Jan-2025 14:21:49.983,0.076358,1.155146,-0.141721
26-Jan-2025 14:21:49.999,-0.072693,1.102001,-0.006109
26-Jan-2025 14:21:50.015,-0.178373,1.067182,0.04948
26-Jan-2025 14:21:50.031,-0.260839,1.060462,0.043371
26-Jan-2025 14:21:50.047,-0.3317,1.033584,-0.010385
26-Jan-2025 14:21:50.063,-0.368963,1.006706,-0.037874
26-Jan-2025 14:21:50.079,-0.373239,1.076345,-0.033598
26-Jan-2025 14:21:50.095,-0.411112,1.082453,-0.010996
26-Jan-2025 14:21:50.111,-0.45204,0.975552,0.036652
26-Jan-2025 14:21:50.127,-0.429438,0.888198,0.069639
26-Jan-2025 14:21:50.143,-0.375682,0.858877,0.102625
26-Jan-2025 14:21:50.159,-0.353691,0.836885,0.101404
26-Jan-2025 14:21:50.175,-0.333532,0.751975,0.073304
26-Jan-2025 14:21:50.191,-0.321315,0.676228,0.066584
26-Jan-2025 14:21:50.207,-0.2755,0.598648,0.078802
26-Jan-2025 14:21:50.224,-0.19059,0.560163,0.099571
26-Jan-2025 14:21:50.240,-0.130114,0.535118,0.109345
26-Jan-2025 14:21:50.256,-0.055589,0.441656,0.081856
26-Jan-2025 14:21:50.272,-0.029322,0.42394,0.042761
26-Jan-2025 14:21:50.288,-0.039706,0.442877,-0.004887
26-Jan-2025 14:21:50.304,-0.00733,0.390954,-0.044593
26-Jan-2025 14:21:50.320,0.062308,0.3317,-0.087354
26-Jan-2025 14:21:50.336,0.078802,0.321315,-0.106291
26-Jan-2025 14:21:50.352,0.081245,0.299324,-0.124617
26-Jan-2025 14:21:50.368,0.102625,0.208305,-0.186925
26-Jan-2025 14:21:50.384,0.114843,0.213192,-0.238848
26-Jan-2025 14:21:50.400,0.083078,0.238848,-0.294437
26-Jan-2025 14:21:50.416,0.080023,0.246179,-0.309709
26-Jan-2025 14:21:50.432,0.189979,0.199142,-0.309098
26-Jan-2025 14:21:50.448,0.343306,0.180205,-0.329256
26-Jan-2025 14:21:50.464,0.497244,0.197309,-0.350637
26-Jan-2025 14:21:50.480,0.408058,0.136834,-0.250455
26-Jan-2025 14:21:50.496,0.376293,0.01405,-0.151495
26-Jan-2025 14:21:50.512,0.442877,-0.059865,-0.178984
26-Jan-2025 14:21:50.528,0.467312,-0.025656,-0.195477
26-Jan-2025 14:21:50.545,0.397062,0.156382,-0.127671
26-Jan-2025 14:21:50.561,0.301157,0.307265,-0.084299
26-Jan-2025 14:21:50.577,0.173486,0.389732,-0.074526
26-Jan-2025 14:21:50.593,0.111788,0.371406,-0.04948
26-Jan-2025 14:21:50.609,0.116064,0.415388,0.028711
26-Jan-2025 14:21:50.625,0.153327,0.503353,0.108734
26-Jan-2025 14:21:50.641,0.167988,0.538172,0.189979
26-Jan-2025 14:21:50.657,0.117897,0.483805,0.202807
26-Jan-2025 14:21:50.673,0.021991,0.420275,0.179594
26-Jan-2025 14:21:50.689,-0.026878,0.408058,0.167377
26-Jan-2025 14:21:50.705,-0.046426,0.418443,0.172875
26-Jan-2025 14:21:50.721,-0.090408,0.413556,0.212581
26-Jan-2025 14:21:50.737,-0.14844,0.398895,0.257174
26-Jan-2025 14:21:50.753,-0.222966,0.368963,0.299324
26-Jan-2025 14:21:50.769,-0.2474,0.271835,0.304211
26-Jan-2025 14:21:50.785,-0.204029,0.211359,0.263894
26-Jan-2025 14:21:50.801,-0.114843,0.122173,0.187536
26-Jan-2025 14:21:50.818,0.036652,-0.127671,0.152105
26-Jan-2025 14:21:50.834,0.019548,-0.04948,0.150273
26-Jan-2025 14:21:50.850,-0.093462,0.058032,0.116064
26-Jan-2025 14:21:50.866,-0.271224,0.100793,0.022602
26-Jan-2025 14:21:50.882,-0.356134,-0.001222,0.000611
26-Jan-2025 14:21:50.898,-0.315817,-0.193033,0.039095
26-Jan-2025 14:21:50.914,-0.256563,-0.192423,0.084299
26-Jan-2025 14:21:50.930,-0.12706,-0.114843,0.109345
26-Jan-2025 14:21:50.946,-0.046426,-0.11301,0.105069
26-Jan-2025 14:21:50.962,-0.051924,-0.185092,0.076358
26-Jan-2025 14:21:50.978,-0.088575,-0.290161,0.04948
26-Jan-2025 14:21:50.994,-0.118508,-0.370184,0.043371
26-Jan-2025 14:21:51.010,-0.100182,-0.401338,0.067195
26-Jan-2025 14:21:51.026,-0.043982,-0.431882,0.104458
26-Jan-2025 14:21:51.042,0.05681,-0.445321,0.160047
26-Jan-2025 14:21:51.058,0.103236,-0.472199,0.191201
26-Jan-2025 14:21:51.074,0.086132,-0.569937,0.196699
26-Jan-2025 14:21:51.090,0.082467,-0.580933,0.210138
26-Jan-2025 14:21:51.107,0.088575,-0.646295,0.232129
26-Jan-2025 14:21:51.123,0.138056,-0.699441,0.237627
26-Jan-2025 14:21:51.139,0.2755,-0.723264,0.229074
26-Jan-2025 14:21:51.155,0.400728,-0.675006,0.224188
26-Jan-2025 14:21:51.171,0.552222,-0.574213,0.232129
26-Jan-2025 14:21:51.187,0.571159,-0.526566,0.257785
26-Jan-2025 14:21:51.203,0.444099,-0.500299,0.299935
26-Jan-2025 14:21:51.219,0.159436,-0.559553,0.312152
26-Jan-2025 14:21:51.235,-0.052534,-0.669508,0.255953
26-Jan-2025 14:21:51.251,-0.202196,-0.847881,0.105069
26-Jan-2025 14:21:51.267,-0.2474,-0.98166,-0.001222
26-Jan-2025 14:21:51.283,-0.260229,-1.051299,-0.10568
26-Jan-2025 14:21:51.299,-0.181427,-0.999376,-0.155771
26-Jan-2025 14:21:51.315,-0.02138,-0.836275,-0.19792
26-Jan-2025 14:21:51.331,0.031765,-0.743423,-0.18326
26-Jan-2025 14:21:51.347,0.062919,-0.658513,-0.128893
26-Jan-2025 14:21:51.363,0.116064,-0.547335,-0.054367
26-Jan-2025 14:21:51.379,0.11301,-0.565661,0.073915
26-Jan-2025 14:21:51.395,0.046426,-0.687834,0.200364
26-Jan-2025 14:21:51.411,-0.069028,-0.702495,0.149051
26-Jan-2025 14:21:51.428,-0.235794,-0.657291,-0.053756
26-Jan-2025 14:21:51.444,-0.304211,-0.643852,-0.196699
26-Jan-2025 14:21:51.460,-0.3036,-0.507629,-0.309098
26-Jan-2025 14:21:51.476,-0.26817,-0.33903,-0.328035
26-Jan-2025 14:21:51.492,-0.272446,-0.332311,-0.295048
26-Jan-2025 14:21:51.508,-0.219301,-0.369573,-0.251066
26-Jan-2025 14:21:51.524,-0.128282,-0.340252,-0.202196
26-Jan-2025 14:21:51.540,-0.052534,-0.243124,-0.155771
26-Jan-2025 14:21:51.556,-0.034819,-0.195477,-0.150884
26-Jan-2025 14:21:51.572,-0.025045,-0.172264,-0.153938
26-Jan-2025 14:21:51.588,-0.04948,-0.161879,-0.145386
26-Jan-2025 14:21:51.604,-0.057421,-0.105069,-0.150884
26-Jan-2025 14:21:51.620,-0.008552,-0.07025,-0.172875
26-Jan-2025 14:21:51.636,0.078802,-0.011606,-0.210749
26-Jan-2025 14:21:51.652,0.129503,0.074526,-0.258396
26-Jan-2025 14:21:51.668,0.160658,0.188757,-0.35308
26-Jan-2025 14:21:51.684,0.150884,0.200364,-0.422108
26-Jan-2025 14:21:51.700,0.111177,0.201586,-0.465479
26-Jan-2025 14:21:51.716,0.076969,0.241903,-0.469145
26-Jan-2025 14:21:51.733,0.102625,0.349415,-0.459982
26-Jan-2025 14:21:51.749,0.317039,0.50091,-0.500299
26-Jan-2025 14:21:51.765,0.532674,0.54367,-0.469755
26-Jan-2025 14:21:51.781,0.478918,0.296881,-0.260839
26-Jan-2025 14:21:51.797,0.422108,0.155771,-0.136223
26-Jan-2025 14:21:51.813,0.439212,0.240681,-0.108123
26-Jan-2025 14:21:51.829,0.350637,0.510072,-0.145997
26-Jan-2025 14:21:51.845,0.120951,0.745256,-0.196699
26-Jan-2025 14:21:51.861,-0.235794,0.833831,-0.241903
26-Jan-2025 14:21:51.877,-0.340863,0.825279,-0.199753
26-Jan-2025 14:21:51.893,-0.18326,0.798401,-0.073304
26-Jan-2025 14:21:51.909,-0.015882,0.700052,0.031154
26-Jan-2025 14:21:51.925,0.033598,0.538172,0.163101
26-Jan-2025 14:21:51.941,-0.015882,0.496633,0.226631
26-Jan-2025 14:21:51.957,-0.099571,0.471588,0.253509
26-Jan-2025 14:21:51.973,-0.179594,0.389732,0.222966
26-Jan-2025 14:21:51.989,-0.294437,0.298102,0.152105
26-Jan-2025 14:21:52.005,-0.343306,0.241292,0.127671
26-Jan-2025 14:21:52.022,-0.354302,0.185703,0.114843
26-Jan-2025 14:21:52.038,-0.3036,0.108123,0.103236
26-Jan-2025 14:21:52.054,-0.265726,0.039706,0.097738
26-Jan-2025 14:21:52.070,-0.268781,-0.078191,0.072082
26-Jan-2025 14:21:52.086,-0.272446,-0.180816,0.003665
26-Jan-2025 14:21:52.102,-0.230296,-0.276111,-0.125227
26-Jan-2025 14:21:52.118,-0.182649,-0.3036,-0.215025
26-Jan-2025 14:21:52.134,-0.16249,-0.357967,-0.309098
26-Jan-2025 14:21:52.150,-0.19059,-0.434936,-0.357356
26-Jan-2025 14:21:52.166,-0.229685,-0.477086,-0.393397
26-Jan-2025 14:21:52.182,-0.270002,-0.50091,-0.409891
26-Jan-2025 14:21:52.198,-0.315817,-0.612087,-0.405615
26-Jan-2025 14:21:52.214,-0.241903,-0.747088,-0.411112
26-Jan-2025 14:21:52.230,-0.091019,-0.722043,-0.428217
26-Jan-2025 14:21:52.246,0.068417,-0.557109,-0.412945
26-Jan-2025 14:21:52.262,0.127671,-0.527177,-0.351858
26-Jan-2025 14:21:52.278,0.132558,-0.675006,-0.212581
26-Jan-2025 14:21:52.294,0.104458,-0.774577,-0.108734
26-Jan-2025 14:21:52.311,0.07758,-0.794125,-0.01405
26-Jan-2025 14:21:52.327,0.13439,-0.733038,0.036041
26-Jan-2025 14:21:52.343,0.2755,-0.714101,0.089797
26-Jan-2025 14:21:52.359,0.503353,-0.821614,0.131947
26-Jan-2025 14:21:52.375,0.578489,-0.894918,0.125227
26-Jan-2025 14:21:52.391,0.465479,-0.995099,0.098349
26-Jan-2025 14:21:52.407,0.220522,-1.045801,0.069028
26-Jan-2025 14:21:52.423,-0.106291,-0.89675,0.068417
26-Jan-2025 14:21:52.439,-0.221133,-0.883922,0.075747
26-Jan-2025 14:21:52.454,-0.171653,-1.041525,0.046426
26-Jan-2025 14:21:52.471,-0.010996,-1.031141,0.02138
26-Jan-2025 14:21:52.487,0.170431,-0.987158,0.026878
26-Jan-2025 14:21:52.503,0.312763,-0.905302,0.069639
26-Jan-2025 14:21:52.519,0.401338,-0.850324,0.087354
26-Jan-2025 14:21:52.535,0.469145,-0.986547,-0.003665
26-Jan-2025 14:21:52.551,0.397062,-1.216233,-0.081856
26-Jan-2025 14:21:52.567,0.257174,-1.304197,-0.020159
26-Jan-2025 14:21:52.583,0.152716,-1.212568,0.044593
26-Jan-2025 14:21:52.599,0.017715,-1.090394,-0.00672
26-Jan-2025 14:21:52.615,-0.043982,-0.975552,-0.093462
26-Jan-2025 14:21:52.632,-0.064141,-0.824668,-0.171653
26-Jan-2025 14:21:52.648,-0.059865,-0.739758,-0.18387
26-Jan-2025 14:21:52.664,-0.064752,-0.673173,-0.158214
26-Jan-2025 14:21:52.680,-0.081856,-0.596815,-0.080023
26-Jan-2025 14:21:52.696,-0.080023,-0.50091,-0.009774
26-Jan-2025 14:21:52.712,-0.048258,-0.357967,0.039706
26-Jan-2025 14:21:52.728,-0.010385,-0.336587,0.045815
26-Jan-2025 14:21:52.744,0.025656,-0.290161,0.076358
26-Jan-2025 14:21:52.760,0.030543,-0.16921,0.114232
26-Jan-2025 14:21:52.775,0.053145,0.039095,0.152105
26-Jan-2025 14:21:52.792,0.103847,0.11973,0.166155
26-Jan-2025 14:21:52.808,0.180816,0.13439,0.17654
26-Jan-2025 14:21:52.824,0.217468,0.15516,0.173486
26-Jan-2025 14:21:52.840,0.224188,0.235794,0.156992
26-Jan-2025 14:21:52.856,0.207694,0.367741,0.13439
26-Jan-2025 14:21:52.872,0.200975,0.485638,0.141721
26-Jan-2025 14:21:52.888,0.205251,0.662178,0.194255
26-Jan-2025 14:21:52.904,0.186925,0.847881,0.179594
26-Jan-2025 14:21:52.920,0.266948,1.085508,0.027489
26-Jan-2025 14:21:52.937,0.357356,1.000597,-0.091019
26-Jan-2025 14:21:52.953,0.285274,0.750143,-0.145386
26-Jan-2025 14:21:52.969,0.203418,0.836885,-0.143553
26-Jan-2025 14:21:52.985,0.07758,1.042136,-0.130114
26-Jan-2025 14:21:53.001,-0.026878,1.210124,-0.094073
26-Jan-2025 14:21:53.017,-0.095295,1.388497,-0.054978
26-Jan-2025 14:21:53.033,-0.132558,1.696373,-0.008552
26-Jan-2025 14:21:53.049,-0.198531,1.923615,0.01405
26-Jan-2025 14:21:53.065,-0.349415,1.941941,0.072693
26-Jan-2025 14:21:53.081,-0.400728,1.8497,0.166766
26-Jan-2025 14:21:53.096,-0.387899,1.883298,0.312763
26-Jan-2025 14:21:53.113,-0.314596,1.892461,0.40256
26-Jan-2025 14:21:53.129,-0.155771,1.799609,0.441656
26-Jan-2025 14:21:53.145,-0.084299,1.747685,0.41661
26-Jan-2025 14:21:53.161,-0.098349,1.794722,0.365908
26-Jan-2025 14:21:53.177,-0.2474,1.997529,0.350026
26-Jan-2025 14:21:53.193,-0.412945,2.023186,0.399506
26-Jan-2025 14:21:53.209,-0.494801,1.894904,0.464258
26-Jan-2025 14:21:53.226,-0.453873,1.773342,0.457538
26-Jan-2025 14:21:53.242,-0.353691,1.65911,0.391565
26-Jan-2025 14:21:53.258,-0.266948,1.608408,0.334143
26-Jan-2025 14:21:53.274,-0.155771,1.565037,0.260839
26-Jan-2025 14:21:53.290,-0.076358,1.503339,0.210138
26-Jan-2025 14:21:53.306,0.004276,1.42637,0.16249
26-Jan-2025 14:21:53.322,0.023824,1.421483,0.160658
26-Jan-2025 14:21:53.338,-0.002443,1.436144,0.178984
26-Jan-2025 14:21:53.354,-0.047037,1.418429,0.200364
26-Jan-2025 14:21:53.370,-0.081245,1.344514,0.19059
26-Jan-2025 14:21:53.386,-0.125227,1.229061,0.161879
26-Jan-2025 14:21:53.402,-0.13439,1.144151,0.122173
26-Jan-2025 14:21:53.418,-0.11973,1.04458,0.072693
26-Jan-2025 14:21:53.434,-0.088575,0.958448,0.045204
26-Jan-2025 14:21:53.450,0.007941,0.822836,0.012217
26-Jan-2025 14:21:53.466,0.096517,0.728762,0.022602
26-Jan-2025 14:21:53.482,0.171653,0.657291,0.062919
26-Jan-2025 14:21:53.498,0.241903,0.582155,0.109345
26-Jan-2025 14:21:53.514,0.278555,0.565661,0.145386
26-Jan-2025 14:21:53.530,0.349415,0.583376,0.189368
26-Jan-2025 14:21:53.547,0.399506,0.609644,0.218079
26-Jan-2025 14:21:53.563,0.465479,0.724486,0.2474
26-Jan-2025 14:21:53.579,0.507018,0.745866,0.224798
26-Jan-2025 14:21:53.595,0.445932,0.767858,0.161268
26-Jan-2025 14:21:53.611,0.267559,0.673784,0.115454
26-Jan-2025 14:21:53.627,0.008552,0.483805,-0.023213
26-Jan-2025 14:21:53.643,-0.067806,0.357356,-0.185092
26-Jan-2025 14:21:53.659,-0.079412,0.287718,-0.319483
26-Jan-2025 14:21:53.675,-0.034208,0.335976,-0.396452
26-Jan-2025 14:21:53.691,0.045204,0.452651,-0.40256
26-Jan-2025 14:21:53.707,0.179594,0.621861,-0.405615
26-Jan-2025 14:21:53.723,0.2474,0.760527,-0.400117
26-Jan-2025 14:21:53.739,0.274278,0.950506,-0.375682
26-Jan-2025 14:21:53.755,0.228464,0.970665,-0.335976
26-Jan-2025 14:21:53.771,0.065363,0.850935,-0.255342
26-Jan-2025 14:21:53.787,-0.074526,0.826501,-0.233351
26-Jan-2025 14:21:53.803,-0.177762,0.961502,-0.332922
26-Jan-2025 14:21:53.819,-0.199753,1.083064,-0.421497
26-Jan-2025 14:21:53.836,-0.216857,1.199129,-0.454484
26-Jan-2025 14:21:53.852,-0.259007,1.33413,-0.399506
26-Jan-2025 14:21:53.868,-0.316428,1.406212,-0.337198
26-Jan-2025 14:21:53.884,-0.382402,1.44714,-0.284663
26-Jan-2025 14:21:53.900,-0.352469,1.437977,-0.248622
26-Jan-2025 14:21:53.916,-0.285885,1.370782,-0.222966
26-Jan-2025 14:21:53.932,-0.24679,1.309695,-0.231518
26-Jan-2025 14:21:53.948,-0.235183,1.241889,-0.248622
26-Jan-2025 14:21:53.964,-0.2474,1.192409,-0.23274
26-Jan-2025 14:21:53.980,-0.253509,1.139875,-0.185703
26-Jan-2025 14:21:53.996,-0.250455,1.123992,-0.122784
26-Jan-2025 14:21:54.012,-0.23274,1.166142,-0.102014
26-Jan-2025 14:21:54.028,-0.178373,1.233337,-0.076358
26-Jan-2025 14:21:54.044,-0.140499,1.265102,-0.050091
26-Jan-2025 14:21:54.060,-0.107512,1.174694,-0.048258
26-Jan-2025 14:21:54.076,-0.058643,1.078788,-0.087354
26-Jan-2025 14:21:54.092,-0.041539,1.009149,-0.175318
26-Jan-2025 14:21:54.109,-0.083689,0.990213,-0.237016
26-Jan-2025 14:21:54.125,-0.142332,1.004262,-0.274889
26-Jan-2025 14:21:54.141,-0.166766,1.000597,-0.272446
26-Jan-2025 14:21:54.157,-0.149662,0.98105,-0.245568
26-Jan-2025 14:21:54.173,0.054978,0.987769,-0.199142
26-Jan-2025 14:21:54.189,0.304211,1.034806,-0.189368
26-Jan-2025 14:21:54.205,0.344528,0.948063,-0.177151
26-Jan-2025 14:21:54.221,0.219301,0.896139,-0.152105
26-Jan-2025 14:21:54.237,0.028711,0.913854,-0.172264
26-Jan-2025 14:21:54.253,-0.096517,0.870483,-0.205251
26-Jan-2025 14:21:54.269,-0.171653,0.955393,-0.21197
26-Jan-2025 14:21:54.285,-0.194866,1.097114,-0.206472
26-Jan-2025 14:21:54.301,-0.260229,1.27793,-0.182038
26-Jan-2025 14:21:54.317,-0.348804,1.319469,-0.149662
26-Jan-2025 14:21:54.333,-0.368352,1.290147,-0.079412
26-Jan-2025 14:21:54.349,-0.241292,1.15759,0.085521
26-Jan-2025 14:21:54.365,-0.14844,1.053743,0.200364
26-Jan-2025 14:21:54.381,-0.116675,0.997543,0.278555
26-Jan-2025 14:21:54.398,-0.14111,1.047023,0.295048
26-Jan-2025 14:21:54.414,-0.223577,1.182635,0.243124
26-Jan-2025 14:21:54.430,-0.3036,1.274265,0.200975
26-Jan-2025 14:21:54.446,-0.369573,1.332908,0.196088
26-Jan-2025 14:21:54.462,-0.365908,1.324967,0.227853
26-Jan-2025 14:21:54.478,-0.323759,1.312139,0.282831
26-Jan-2025 14:21:54.494,-0.240681,1.288926,0.356134
26-Jan-2025 14:21:54.510,-0.177151,1.26388,0.375682
26-Jan-2025 14:21:54.526,-0.083078,1.19302,0.336587
26-Jan-2025 14:21:54.542,-0.018326,1.133155,0.250455
26-Jan-2025 14:21:54.558,0.020159,1.071458,0.107512
26-Jan-2025 14:21:54.574,0.009163,1.010371,0.026267
26-Jan-2025 14:21:54.590,-0.058643,0.966389,-0.00672
26-Jan-2025 14:21:54.606,-0.113621,0.988991,0.028711
26-Jan-2025 14:21:54.622,-0.196088,1.008538,0.114232
26-Jan-2025 14:21:54.638,-0.238237,1.001819,0.15516
26-Jan-2025 14:21:54.654,-0.255953,0.964556,0.151495
26-Jan-2025 14:21:54.670,-0.229074,0.911411,0.114232
26-Jan-2025 14:21:54.686,-0.154549,0.848492,0.091019
26-Jan-2025 14:21:54.703,-0.046426,0.78374,0.082467
26-Jan-2025 14:21:54.719,0.040928,0.673784,0.093462
26-Jan-2025 14:21:54.735,0.157603,0.551611,0.124006
26-Jan-2025 14:21:54.751,0.193033,0.529009,0.14844
26-Jan-2025 14:21:54.767,0.213803,0.491136,0.180816
26-Jan-2025 14:21:54.783,0.241292,0.439212,0.231518
26-Jan-2025 14:21:54.799,0.318261,0.350026,0.322537
26-Jan-2025 14:21:54.815,0.394008,0.279776,0.364687
26-Jan-2025 14:21:54.831,0.477697,0.266337,0.370184
26-Jan-2025 14:21:54.847,0.50824,0.354913,0.338419
26-Jan-2025 14:21:54.863,0.474642,0.405004,0.298713
26-Jan-2025 14:21:54.879,0.371406,0.319483,0.234572
26-Jan-2025 14:21:54.895,0.267559,0.2474,0.17654
26-Jan-2025 14:21:54.911,0.116675,0.205251,0.052534
26-Jan-2025 14:21:54.927,0.02138,0.188147,-0.04948
26-Jan-2025 14:21:54.943,-0.043371,0.131336,-0.131336
26-Jan-2025 14:21:54.959,-0.014661,0.09163,-0.144164
26-Jan-2025 14:21:54.975,0.061697,0.128282,-0.145386
26-Jan-2025 14:21:54.992,0.144775,0.274278,-0.153938
26-Jan-2025 14:21:55.008,0.172875,0.432493,-0.161268
26-Jan-2025 14:21:55.024,0.221133,0.56505,-0.139277
26-Jan-2025 14:21:55.040,0.267559,0.510072,-0.110567
26-Jan-2025 14:21:55.056,0.227242,0.328035,-0.04215
26-Jan-2025 14:21:55.072,0.108123,0.376293,-0.01405
26-Jan-2025 14:21:55.088,-0.124617,0.426384,-0.094684
26-Jan-2025 14:21:55.104,-0.229074,0.411723,-0.196088
26-Jan-2025 14:21:55.120,-0.21869,0.496633,-0.315817
26-Jan-2025 14:21:55.136,-0.191812,0.607811,-0.347582
26-Jan-2025 14:21:55.152,-0.199753,0.678671,-0.31032
26-Jan-2025 14:21:55.168,-0.21197,0.699441,-0.207694
26-Jan-2025 14:21:55.184,-0.206472,0.699441,-0.156382
26-Jan-2025 14:21:55.200,-0.177151,0.661567,-0.147829
26-Jan-2025 14:21:55.216,-0.114843,0.615141,-0.169821
26-Jan-2025 14:21:55.232,-0.018937,0.570548,-0.213192
26-Jan-2025 14:21:55.248,0.00672,0.558331,-0.255953
26-Jan-2025 14:21:55.264,-0.006109,0.552833,-0.279165
26-Jan-2025 14:21:55.281,-0.014661,0.591928,-0.272446
26-Jan-2025 14:21:55.297,-0.007941,0.642019,-0.250455
26-Jan-2025 14:21:55.313,0.025656,0.670119,-0.200364
26-Jan-2025 14:21:55.329,0.062919,0.674395,-0.171042
26-Jan-2025 14:21:55.345,0.079412,0.645074,-0.198531
26-Jan-2025 14:21:55.361,0.043371,0.618806,-0.271224
26-Jan-2025 14:21:55.377,0.014661,0.588263,-0.380569
26-Jan-2025 14:21:55.393,0.001222,0.560774,-0.363465
26-Jan-2025 14:21:55.409,0.010996,0.670119,-0.337198
26-Jan-2025 14:21:55.425,0.114232,0.697608,-0.308487
26-Jan-2025 14:21:55.441,0.149051,0.626137,-0.277333
26-Jan-2025 14:21:55.457,0.068417,0.630413,-0.228464
26-Jan-2025 14:21:55.473,0.033598,0.69883,-0.180205
26-Jan-2025 14:21:55.489,0.068417,0.731206,-0.166766
26-Jan-2025 14:21:55.505,0.113621,0.789849,-0.152716
26-Jan-2025 14:21:55.521,0.11973,0.912022,-0.095906
26-Jan-2025 14:21:55.537,0.04948,0.970665,-0.052534
26-Jan-2025 14:21:55.553,-0.101404,1.062906,0.010385
26-Jan-2025 14:21:55.569,-0.186314,1.123992,0.05681
26-Jan-2025 14:21:55.585,-0.165544,1.177137,0.111177
26-Jan-2025 14:21:55.602,-0.099571,1.156368,0.145386
26-Jan-2025 14:21:55.618,-0.086132,1.086118,0.145997
26-Jan-2025 14:21:55.634,-0.094684,1.01648,0.164934
26-Jan-2025 14:21:55.650,-0.123395,1.075734,0.157603
26-Jan-2025 14:21:55.666,-0.182649,1.099557,0.135612
26-Jan-2025 14:21:55.682,-0.229074,1.090394,0.132558
26-Jan-2025 14:21:55.698,-0.284663,1.106888,0.14844
26-Jan-2025 14:21:55.714,-0.334754,1.112996,0.169821
26-Jan-2025 14:21:55.730,-0.381791,1.125214,0.218079
26-Jan-2025 14:21:55.746,-0.375071,1.113607,0.238237
26-Jan-2025 14:21:55.762,-0.302378,1.067792,0.219911
26-Jan-2025 14:21:55.778,-0.229074,1.021978,0.172875
26-Jan-2025 14:21:55.794,-0.156382,1.014036,0.116675
26-Jan-2025 14:21:55.810,-0.061697,1.081231,0.083078
26-Jan-2025 14:21:55.826,-0.064141,0.994489,0.089797
26-Jan-2025 14:21:55.842,-0.066584,0.919352,0.111177
26-Jan-2025 14:21:55.858,-0.092241,0.926683,0.133779
26-Jan-2025 14:21:55.874,-0.166766,0.989602,0.170431
26-Jan-2025 14:21:55.890,-0.219301,1.001819,0.180816
26-Jan-2025 14:21:55.907,-0.210138,0.935235,0.147219
26-Jan-2025 14:21:55.923,-0.164323,0.870483,0.114843
26-Jan-2025 14:21:55.939,-0.107512,0.777631,0.086743
26-Jan-2025 14:21:55.955,-0.045815,0.700662,0.073304
26-Jan-2025 14:21:55.971,0.026267,0.626137,0.062308
26-Jan-2025 14:21:55.987,0.103847,0.520457,0.061697
26-Jan-2025 14:21:56.003,0.140499,0.471588,0.069028
26-Jan-2025 14:21:56.019,0.165544,0.411723,0.108734
26-Jan-2025 14:21:56.035,0.169821,0.36713,0.166766
26-Jan-2025 14:21:56.051,0.21869,0.274278,0.232129
26-Jan-2025 14:21:56.067,0.300546,0.227242,0.248622
26-Jan-2025 14:21:56.083,0.331089,0.182649,0.249233
26-Jan-2025 14:21:56.099,0.346971,0.266337,0.26817
26-Jan-2025 14:21:56.115,0.463647,0.292604,0.268781
26-Jan-2025 14:21:56.131,0.547335,0.189979,0.233351
26-Jan-2025 14:21:56.147,0.47281,0.03543,0.189368
26-Jan-2025 14:21:56.163,0.201586,-0.122173,0.097738
26-Jan-2025 14:21:56.179,-0.058032,-0.195477,-0.016493
26-Jan-2025 14:21:56.196,-0.292604,-0.34575,-0.174097
26-Jan-2025 14:21:56.212,-0.376904,-0.40928,-0.2474
26-Jan-2025 14:21:56.228,-0.335976,-0.328645,-0.28955
26-Jan-2025 14:21:56.244,-0.188147,-0.167988,-0.334143
26-Jan-2025 14:21:56.260,0.026878,0.037874,-0.399506
26-Jan-2025 14:21:56.276,0.145386,0.109956,-0.415999
26-Jan-2025 14:21:56.292,0.219911,0.137445,-0.422719
26-Jan-2025 14:21:56.308,0.180205,-0.009163,-0.412945
26-Jan-2025 14:21:56.324,0.031154,-0.171653,-0.343306
26-Jan-2025 14:21:56.340,-0.188147,-0.160047,-0.240681
26-Jan-2025 14:21:56.356,-0.312152,-0.048258,-0.223577
26-Jan-2025 14:21:56.372,-0.403171,0.138666,-0.273668
26-Jan-2025 14:21:56.388,-0.409891,0.277333,-0.323759
26-Jan-2025 14:21:56.404,-0.380569,0.389121,-0.351248
26-Jan-2025 14:21:56.420,-0.372628,0.419664,-0.345139
26-Jan-2025 14:21:56.436,-0.38851,0.455705,-0.332311
26-Jan-2025 14:21:56.452,-0.3598,0.436158,-0.328035
26-Jan-2025 14:21:56.468,-0.284052,0.376904,-0.31765
26-Jan-2025 14:21:56.484,-0.225409,0.392175,-0.334754
26-Jan-2025 14:21:56.500,-0.207694,0.40256,-0.351248
26-Jan-2025 14:21:56.517,-0.188147,0.396452,-0.325591
26-Jan-2025 14:21:56.533,-0.142332,0.469755,-0.265116
26-Jan-2025 14:21:56.549,-0.121562,0.496023,-0.187536
26-Jan-2025 14:21:56.565,-0.09163,0.448375,-0.158825
26-Jan-2025 14:21:56.581,0.029932,0.413556,-0.178373
26-Jan-2025 14:21:56.597,0.117286,0.392175,-0.220522
26-Jan-2025 14:21:56.613,0.160658,0.334754,-0.260839
26-Jan-2025 14:21:56.629,0.146608,0.26817,-0.315817
26-Jan-2025 14:21:56.645,0.084299,0.253509,-0.355524
26-Jan-2025 14:21:56.661,-0.032376,0.266948,-0.377515
26-Jan-2025 14:21:56.677,-0.078191,0.287107,-0.36713
26-Jan-2025 14:21:56.693,-0.032376,0.245568,-0.376293
26-Jan-2025 14:21:56.709,0.101404,0.165544,-0.401338
26-Jan-2025 14:21:56.725,0.48014,0.202807,-0.398284
26-Jan-2025 14:21:56.741,0.647517,0.2474,-0.314596
26-Jan-2025 14:21:56.757,0.493579,0.110567,-0.130114
26-Jan-2025 14:21:56.773,0.36713,-0.030543,-0.025045
26-Jan-2025 14:21:56.789,0.325591,-0.147829,0.010996
26-Jan-2025 14:21:56.806,0.343917,-0.177151,-0.020159
26-Jan-2025 14:21:56.822,0.3317,-0.149051,-0.023824
26-Jan-2025 14:21:56.838,0.255342,-0.073304,0.039095
26-Jan-2025 14:21:56.854,0.210138,-0.061087,0.098349
26-Jan-2025 14:21:56.870,0.276722,-0.168599,0.179594
26-Jan-2025 14:21:56.886,0.335976,-0.367741,0.263894
26-Jan-2025 14:21:56.902,0.339641,-0.625526,0.354302
26-Jan-2025 14:21:56.918,0.315817,-0.696997,0.378126
26-Jan-2025 14:21:56.934,0.253509,-0.664011,0.386067
26-Jan-2025 14:21:56.950,0.060476,-0.574824,0.414167
26-Jan-2025 14:21:56.966,-0.086743,-0.641409,0.425773
26-Jan-2025 14:21:56.982,-0.164323,-0.868039,0.414777
26-Jan-2025 14:21:56.998,-0.152105,-1.031751,0.401338
26-Jan-2025 14:21:57.014,-0.103236,-1.198518,0.387899
26-Jan-2025 14:21:57.030,-0.069639,-1.29198,0.377515
26-Jan-2025 14:21:57.046,-0.045815,-1.448362,0.307265
26-Jan-2025 14:21:57.062,-0.016493,-1.590082,0.19059
26-Jan-2025 14:21:57.078,0.026267,-1.692097,0.018326
26-Jan-2025 14:21:57.094,0.025045,-1.718975,-0.04948
26-Jan-2025 14:21:57.111,-0.029322,-1.731192,-0.047647
26-Jan-2025 14:21:57.127,-0.128893,-1.745242,0.021991
26-Jan-2025 14:21:57.143,-0.187536,-1.751961,0.081856
26-Jan-2025 14:21:57.159,-0.222966,-1.783116,0.11301
26-Jan-2025 14:21:57.175,-0.201586,-1.841148,0.083078
26-Jan-2025 14:21:57.191,-0.15516,-1.952325,0.026878
26-Jan-2025 14:21:57.207,-0.10568,-1.985312,-0.024435
26-Jan-2025 14:21:57.223,-0.005498,-1.967597,-0.097128
26-Jan-2025 14:21:57.239,0.046426,-1.897958,-0.103236
26-Jan-2025 14:21:57.255,0.062919,-1.764179,-0.026267
26-Jan-2025 14:21:57.271,0.04948,-1.66583,0.059865
26-Jan-2025 14:21:57.287,0.032987,-1.648725,0.121562
26-Jan-2025 14:21:57.303,0.078802,-1.558928,0.167377
26-Jan-2025 14:21:57.319,0.047037,-1.592526,0.212581
26-Jan-2025 14:21:57.335,-0.058032,-1.604743,0.250455
26-Jan-2025 14:21:57.351,-0.0562,-1.577865,0.271835
26-Jan-2025 14:21:57.367,0.03543,-1.521665,0.255953
26-Jan-2025 14:21:57.383,0.095906,-1.50395,0.24007
26-Jan-2025 14:21:57.400,0.15516,-1.420873,0.252287
26-Jan-2025 14:21:57.416,0.182649,-1.346347,0.278555
26-Jan-2025 14:21:57.432,0.244346,-1.322523,0.338419
26-Jan-2025 14:21:57.448,0.323759,-1.307863,0.453262
26-Jan-2025 14:21:57.464,0.312152,-1.321912,0.534507
26-Jan-2025 14:21:57.480,0.158214,-1.346347,0.610865
26-Jan-2025 14:21:57.496,0.058643,-1.414764,0.6072
26-Jan-2025 14:21:57.512,-0.152105,-1.726916,0.492357
26-Jan-2025 14:21:57.528,-0.393397,-1.981647,0.376293
26-Jan-2025 14:21:57.544,-0.521679,-2.020742,0.267559
26-Jan-2025 14:21:57.560,-0.328645,-1.882687,0.143553
26-Jan-2025 14:21:57.576,-0.009774,-1.714088,-0.009163
26-Jan-2025 14:21:57.592,0.11973,-1.689042,-0.048869
26-Jan-2025 14:21:57.608,0.248622,-1.689042,-0.026267
26-Jan-2025 14:21:57.624,0.255342,-1.798998,0.058032
26-Jan-2025 14:21:57.640,0.089186,-1.972484,0.149662
26-Jan-2025 14:21:57.656,-0.116675,-1.988366,0.209527
26-Jan-2025 14:21:57.672,-0.171653,-1.853976,0.180816
26-Jan-2025 14:21:57.689,-0.203418,-1.653612,0.04215
26-Jan-2025 14:21:57.705,-0.221133,-1.554652,-0.11973
26-Jan-2025 14:21:57.721,-0.217468,-1.472796,-0.293215
26-Jan-2025 14:21:57.737,-0.18326,-1.399492,-0.340863
26-Jan-2025 14:21:57.753,-0.132558,-1.335962,-0.326813
26-Jan-2025 14:21:57.769,-0.110567,-1.343904,-0.312763
26-Jan-2025 14:21:57.785,-0.067195,-1.399492,-0.328035
26-Jan-2025 14:21:57.801,-0.001222,-1.499674,-0.350637
26-Jan-2025 14:21:57.817,0.017715,-1.538159,-0.357967
26-Jan-2025 14:21:57.833,0.032376,-1.550376,-0.392786
26-Jan-2025 14:21:57.849,0.04948,-1.558317,-0.39523
26-Jan-2025 14:21:57.865,0.092852,-1.527774,-0.362854
26-Jan-2025 14:21:57.881,0.125838,-1.497231,-0.332922
26-Jan-2025 14:21:57.897,0.156992,-1.480127,-0.319483
26-Jan-2025 14:21:57.913,0.169821,-1.525331,-0.341474
26-Jan-2025 14:21:57.929,0.180816,-1.582141,-0.403171
26-Jan-2025 14:21:57.945,0.21197,-1.573589,-0.453873
26-Jan-2025 14:21:57.962,0.241903,-1.56015,-0.475253
26-Jan-2025 14:21:57.978,0.266948,-1.548543,-0.431882
26-Jan-2025 14:21:57.994,0.312152,-1.565037,-0.372017
26-Jan-2025 14:21:58.010,0.40256,-1.591304,-0.296881
26-Jan-2025 14:21:58.026,0.461203,-1.572367,-0.238848
26-Jan-2025 14:21:58.042,0.506407,-1.466077,-0.142942
26-Jan-2025 14:21:58.058,0.451429,-1.541213,-0.066584
26-Jan-2025 14:21:58.074,0.40928,-1.77884,-0.017104
26-Jan-2025 14:21:58.090,0.428827,-1.768455,-0.029322
26-Jan-2025 14:21:58.106,0.439823,-1.576643,-0.044593
26-Jan-2025 14:21:58.122,0.421497,-1.260826,-0.012828
26-Jan-2025 14:21:58.138,0.392175,-1.151481,0.039095
26-Jan-2025 14:21:58.154,0.297491,-1.178359,0.108123
26-Jan-2025 14:21:58.170,0.238848,-1.243722,0.144775
26-Jan-2025 14:21:58.186,0.24679,-1.300532,0.178984
26-Jan-2025 14:21:58.202,0.237016,-1.282206,0.186314
26-Jan-2025 14:21:58.218,0.160047,-1.196685,0.178984
26-Jan-2025 14:21:58.234,0.07086,-1.125214,0.158214
26-Jan-2025 14:21:58.251,-0.02138,-1.122159,0.132558
26-Jan-2025 14:21:58.267,-0.040928,-1.185689,0.141721
26-Jan-2025 14:21:58.283,-0.036652,-1.247998,0.17654
26-Jan-2025 14:21:58.299,-0.044593,-1.255328,0.222355
26-Jan-2025 14:21:58.315,-0.059254,-1.259604,0.227242
26-Jan-2025 14:21:58.331,-0.065973,-1.266324,0.198531
26-Jan-2025 14:21:58.347,-0.03543,-1.308473,0.147829
26-Jan-2025 14:21:58.363,-0.003054,-1.424538,0.069028
26-Jan-2025 14:21:58.379,-0.013439,-1.44042,0.050091
26-Jan-2025 14:21:58.395,-0.064752,-1.367727,0.081245
26-Jan-2025 14:21:58.411,-0.127671,-1.274265,0.116675
26-Jan-2025 14:21:58.427,-0.171653,-1.229061,0.150884
26-Jan-2025 14:21:58.443,-0.15516,-1.250441,0.189368
26-Jan-2025 14:21:58.459,-0.142332,-1.241889,0.19792
26-Jan-2025 14:21:58.475,-0.161879,-1.148427,0.150273
26-Jan-2025 14:21:58.491,-0.188147,-1.070847,0.08491
26-Jan-2025 14:21:58.507,-0.186925,-1.034806,-0.004276
26-Jan-2025 14:21:58.523,-0.128893,-1.017702,-0.04215
26-Jan-2025 14:21:58.539,-0.009774,-0.935235,-0.028711
26-Jan-2025 14:21:58.556,0.069028,-0.828333,0.003665
26-Jan-2025 14:21:58.572,0.135001,-0.67745,0.039095
26-Jan-2025 14:21:58.588,0.138056,-0.583376,0.055589
26-Jan-2025 14:21:58.604,0.102625,-0.526566,0.059254
26-Jan-2025 14:21:58.620,0.047037,-0.419664,0.072082
26-Jan-2025 14:21:58.636,0.065973,-0.246179,0.102625
26-Jan-2025 14:21:58.652,0.208305,-0.028711,0.139277
26-Jan-2025 14:21:58.668,0.326202,0.018326,0.147829
26-Jan-2025 14:21:58.684,0.390343,0.015272,0.135001
26-Jan-2025 14:21:58.700,0.415999,0.046426,0.12706
26-Jan-2025 14:21:58.716,0.375682,0.001833,0.152105
26-Jan-2025 14:21:58.732,0.24007,-0.078191,0.193644
26-Jan-2025 14:21:58.748,0.055589,-0.124617,0.226631
26-Jan-2025 14:21:58.764,-0.01405,-0.094684,0.175318
26-Jan-2025 14:21:58.780,-0.075136,-0.109956,0.065973
26-Jan-2025 14:21:58.796,-0.167988,-0.204029,-0.081245
26-Jan-2025 14:21:58.813,-0.122173,-0.235183,-0.142942
26-Jan-2025 14:21:58.828,0.080634,-0.095295,-0.196699
26-Jan-2025 14:21:58.845,0.178984,0.118508,-0.22602
26-Jan-2025 14:21:58.861,0.178373,0.255953,-0.202807
26-Jan-2025 14:21:58.877,0.204029,0.199753,-0.142332
26-Jan-2025 14:21:58.893,0.254731,0.199142,-0.119119
26-Jan-2025 14:21:58.909,0.182038,0.132558,-0.16249
26-Jan-2025 14:21:58.925,-0.041539,0.013439,-0.111177
26-Jan-2025 14:21:58.941,-0.189368,0.175929,-0.051313
26-Jan-2025 14:21:58.957,-0.269392,0.421497,-0.067195
26-Jan-2025 14:21:58.973,-0.297491,0.718988,-0.199142
26-Jan-2025 14:21:58.989,-0.285274,0.902859,-0.290772
26-Jan-2025 14:21:59.005,-0.256563,1.015258,-0.293215
26-Jan-2025 14:21:59.021,-0.257174,1.081231,-0.199753
26-Jan-2025 14:21:59.036,-0.300546,1.273043,-0.038485
26-Jan-2025 14:21:59.053,-0.334143,1.365895,0.037263
26-Jan-2025 14:21:59.069,-0.340863,1.412931,0.044593
26-Jan-2025 14:21:59.085,-0.334143,1.423316,0.018326
26-Jan-2025 14:21:59.101,-0.332311,1.366506,0.000611
26-Jan-2025 14:21:59.117,-0.343917,1.365284,0.028711
26-Jan-2025 14:21:59.134,-0.342085,1.418429,0.072693
26-Jan-2025 14:21:59.150,-0.291383,1.520444,0.122784
26-Jan-2025 14:21:59.166,-0.222355,1.578476,0.137445
26-Jan-2025 14:21:59.182,-0.137445,1.620625,0.112399
26-Jan-2025 14:21:59.198,-0.094073,1.580919,0.069639
26-Jan-2025 14:21:59.214,-0.069639,1.502728,-0.00672
26-Jan-2025 14:21:59.230,-0.048869,1.450805,-0.068417
26-Jan-2025 14:21:59.246,-0.032376,1.380556,-0.153938
26-Jan-2025 14:21:59.262,-0.058643,1.395827,-0.181427
26-Jan-2025 14:21:59.278,-0.062919,1.428203,-0.166766
26-Jan-2025 14:21:59.294,-0.007941,1.421483,-0.139888
26-Jan-2025 14:21:59.310,0.051924,1.419651,-0.128893
26-Jan-2025 14:21:59.326,0.186314,1.477683,-0.123395
26-Jan-2025 14:21:59.342,0.256563,1.379945,-0.149051
26-Jan-2025 14:21:59.357,0.186925,1.154535,-0.149051
26-Jan-2025 14:21:59.374,0.141721,1.08734,-0.173486
26-Jan-2025 14:21:59.390,0.054367,1.15759,-0.274889
26-Jan-2025 14:21:59.406,0.02138,1.22845,-0.314596
26-Jan-2025 14:21:59.422,0.025656,1.328632,-0.291994
26-Jan-2025 14:21:59.439,-0.014661,1.498452,-0.193033
26-Jan-2025 14:21:59.455,-0.106901,1.59558,-0.098349
26-Jan-2025 14:21:59.471,-0.255342,1.737912,0.059865
26-Jan-2025 14:21:59.487,-0.280387,1.839926,0.184481
26-Jan-2025 14:21:59.503,-0.194255,1.899791,0.294437
26-Jan-2025 14:21:59.519,-0.149662,1.812437,0.323759
26-Jan-2025 14:21:59.535,-0.061087,1.663997,0.291994
26-Jan-2025 14:21:59.551,-0.018937,1.575421,0.210138
26-Jan-2025 14:21:59.567,-0.097738,1.560761,0.130725
26-Jan-2025 14:21:59.583,-0.189368,1.65178,0.141721
26-Jan-2025 14:21:59.599,-0.276722,1.801442,0.185703
26-Jan-2025 14:21:59.615,-0.375071,1.8778,0.270613
26-Jan-2025 14:21:59.631,-0.398284,1.85703,0.345139
26-Jan-2025 14:21:59.647,-0.383013,1.74402,0.400728
26-Jan-2025 14:21:59.663,-0.346971,1.65239,0.392175
26-Jan-2025 14:21:59.679,-0.257174,1.668273,0.307265
26-Jan-2025 14:21:59.696,-0.195477,1.690264,0.207694
26-Jan-2025 14:21:59.711,-0.143553,1.580919,0.118508
26-Jan-2025 14:21:59.728,-0.141721,1.496009,0.103847
26-Jan-2025 14:21:59.744,-0.203418,1.480127,0.14844
26-Jan-2025 14:21:59.760,-0.255342,1.51067,0.200975
26-Jan-2025 14:21:59.776,-0.268781,1.521665,0.235183
26-Jan-2025 14:21:59.792,-0.23274,1.443475,0.252898
26-Jan-2025 14:21:59.808,-0.158214,1.335962,0.244346
26-Jan-2025 14:21:59.824,-0.042761,1.172861,0.205251
26-Jan-2025 14:21:59.840,0.055589,1.119105,0.174097
26-Jan-2025 14:21:59.856,0.155771,1.015869,0.136223
26-Jan-2025 14:21:59.872,0.210138,0.934013,0.143553
26-Jan-2025 14:21:59.888,0.244957,0.796568,0.166155
26-Jan-2025 14:21:59.904,0.249233,0.686613,0.196088
26-Jan-2025 14:21:59.920,0.280387,0.58582,0.244957
26-Jan-2025 14:21:59.936,0.33903,0.527177,0.298713
26-Jan-2025 14:21:59.952,0.39523,0.564439,0.326202
26-Jan-2025 14:21:59.968,0.453262,0.543059,0.324369
26-Jan-2025 14:21:59.984,0.432493,0.489914,0.308487
26-Jan-2025 14:22:00.001,0.496633,0.600481,0.309709
26-Jan-2025 14:22:00.017,0.538783,0.599259,0.284663
26-Jan-2025 14:22:00.033,0.456316,0.445321,0.203418
26-Jan-2025 14:22:00.049,0.363465,0.39523,0.117286
26-Jan-2025 14:22:00.065,0.205251,0.415388,-0.038485
26-Jan-2025 14:22:00.081,0.087965,0.375071,-0.080634
26-Jan-2025 14:22:00.097,0.052534,0.392786,-0.116064
26-Jan-2025 14:22:00.113,0.215635,0.497244,-0.143553
26-Jan-2025 14:22:00.129,0.386067,0.555887,-0.172875
26-Jan-2025 14:22:00.145,0.55772,0.527788,-0.255342
26-Jan-2025 14:22:00.161,0.632856,0.596815,-0.341474
26-Jan-2025 14:22:00.177,0.55039,0.756251,-0.48014
26-Jan-2025 14:22:00.193,0.297491,0.698219,-0.523512
26-Jan-2025 14:22:00.209,-0.072693,0.650571,-0.453873
26-Jan-2025 14:22:00.225,-0.207083,0.764803,-0.39523
26-Jan-2025 14:22:00.241,-0.267559,0.959058,-0.397673
26-Jan-2025 14:22:00.257,-0.285885,1.100168,-0.41661
26-Jan-2025 14:22:00.273,-0.291383,1.290147,-0.39523
26-Jan-2025 14:22:00.290,-0.285885,1.580308,-0.295659
26-Jan-2025 14:22:00.306,-0.334143,1.591304,-0.252287
26-Jan-2025 14:22:00.322,-0.361632,1.4899,-0.244346
26-Jan-2025 14:22:00.338,-0.328035,1.438588,-0.237016
26-Jan-2025 14:22:00.354,-0.264505,1.452638,-0.215025
26-Jan-2025 14:22:00.370,-0.223577,1.491122,-0.19792
26-Jan-2025 14:22:00.386,-0.180816,1.519833,-0.170431
26-Jan-2025 14:22:00.402,-0.185703,1.506394,-0.145997
26-Jan-2025 14:22:00.418,-0.218079,1.486235,-0.112399
26-Jan-2025 14:22:00.434,-0.239459,1.488679,-0.066584
26-Jan-2025 14:22:00.450,-0.215635,1.520444,-0.054367
26-Jan-2025 14:22:00.466,-0.145997,1.5742,-0.065973
26-Jan-2025 14:22:00.482,-0.072082,1.558317,-0.078191
26-Jan-2025 14:22:00.498,0.024435,1.480127,-0.080634
26-Jan-2025 14:22:00.514,0.058643,1.424538,-0.081856
26-Jan-2025 14:22:00.530,0.075747,1.384832,-0.096517
26-Jan-2025 14:22:00.546,0.081245,1.415986,-0.103236
26-Jan-2025 14:22:00.562,0.082467,1.485624,-0.114843
26-Jan-2025 14:22:00.579,0.124006,1.586417,-0.142332
26-Jan-2025 14:22:00.595,0.174097,1.66644,-0.169821
26-Jan-2025 14:22:00.611,0.069639,1.569924,-0.194255
26-Jan-2025 14:22:00.627,-0.081856,1.513113,-0.230907
26-Jan-2025 14:22:00.643,-0.213192,1.549154,-0.291383
26-Jan-2025 14:22:00.659,-0.207083,1.615128,-0.279776
26-Jan-2025 14:22:00.675,-0.156382,1.795333,-0.192423
26-Jan-2025 14:22:00.691,-0.154549,1.968208,-0.105069
26-Jan-2025 14:22:00.707,-0.266948,2.107485,-0.038485
26-Jan-2025 14:22:00.723,-0.371406,2.190563,-0.017104
26-Jan-2025 14:22:00.739,-0.430049,2.219273,0.041539
26-Jan-2025 14:22:00.755,-0.41661,2.200948,0.09163
26-Jan-2025 14:22:00.771,-0.386678,2.171626,0.116064
26-Jan-2025 14:22:00.787,-0.373239,2.168572,0.09896
26-Jan-2025 14:22:00.803,-0.378126,2.207056,0.060476
26-Jan-2025 14:22:00.819,-0.389732,2.262645,0.001222
26-Jan-2025 14:22:00.835,-0.387289,2.272419,-0.014661
26-Jan-2025 14:22:00.851,-0.325591,2.272419,0.020159
26-Jan-2025 14:22:00.867,-0.270613,2.343279,0.054978
26-Jan-2025 14:22:00.883,-0.265116,2.470339,0.075136
26-Jan-2025 14:22:00.900,-0.288939,2.508213,0.078191
26-Jan-2025 14:22:00.916,-0.304211,2.502715,0.053145
26-Jan-2025 14:22:00.932,-0.296881,2.41414,0.00672
26-Jan-2025 14:22:00.948,-0.229685,2.382985,-0.051313
26-Jan-2025 14:22:00.964,-0.154549,2.380542,-0.106291
26-Jan-2025 14:22:00.980,-0.167377,2.37932,-0.08491
26-Jan-2025 14:22:00.996,-0.21869,2.371379,-0.029322
26-Jan-2025 14:22:01.012,-0.240681,2.348777,-0.019548
26-Jan-2025 14:22:01.028,-0.233351,2.269975,-0.039706
26-Jan-2025 14:22:01.044,-0.207694,2.249206,-0.076358
26-Jan-2025 14:22:01.060,-0.14111,2.390927,-0.110567
26-Jan-2025 14:22:01.076,-0.128282,2.450181,-0.111177
26-Jan-2025 14:22:01.092,-0.133779,2.40742,-0.086743
26-Jan-2025 14:22:01.108,-0.111788,2.316401,-0.033598
26-Jan-2025 14:22:01.124,-0.071471,2.332283,0.003054
26-Jan-2025 14:22:01.140,-0.04215,2.409253,0.024435
26-Jan-2025 14:22:01.156,-0.033598,2.37199,0.047647
26-Jan-2025 14:22:01.173,-0.025045,2.213776,0.112399
26-Jan-2025 14:22:01.189,-0.006109,2.116037,0.167377
26-Jan-2025 14:22:01.205,0.06353,2.053729,0.245568
26-Jan-2025 14:22:01.221,0.12706,2.014023,0.287718
26-Jan-2025 14:22:01.237,0.181427,1.903456,0.317039
26-Jan-2025 14:22:01.253,0.254731,1.720807,0.354913
26-Jan-2025 14:22:01.269,0.281609,1.566258,0.38118
26-Jan-2025 14:22:01.285,0.199753,1.397049,0.39523
26-Jan-2025 14:22:01.301,0.100182,1.403157,0.37385
26-Jan-2025 14:22:01.317,0.058643,1.44042,0.306654
26-Jan-2025 14:22:01.333,0.111788,1.393994,0.255342
26-Jan-2025 14:22:01.349,0.243124,1.211957,0.203418
26-Jan-2025 14:22:01.365,0.357356,1.149648,0.15516
26-Jan-2025 14:22:01.381,0.446543,1.144761,0.061087
26-Jan-2025 14:22:01.397,0.441045,1.095281,0.010996
26-Jan-2025 14:22:01.413,0.381791,1.145983,-0.022602
26-Jan-2025 14:22:01.429,0.24007,1.282206,-0.052534
26-Jan-2025 14:22:01.445,0.122784,1.288926,-0.053145
26-Jan-2025 14:22:01.462,0.032376,1.222952,-0.053756
26-Jan-2025 14:22:01.477,0.029322,1.238224,-0.083078
26-Jan-2025 14:22:01.494,0.09896,1.373836,-0.175929
26-Jan-2025 14:22:01.510,0.141721,1.485013,-0.254731
26-Jan-2025 14:22:01.526,0.155771,1.500896,-0.280998
26-Jan-2025 14:22:01.542,0.128282,1.458135,-0.216246
26-Jan-2025 14:22:01.558,0.088575,1.410488,-0.042761
26-Jan-2025 14:22:01.574,0.072082,1.406212,0.058643
26-Jan-2025 14:22:01.590,0.043982,1.415375,0.074526
26-Jan-2025 14:22:01.606,-0.025656,1.424538,0.013439
26-Jan-2025 14:22:01.622,-0.103236,1.425759,-0.051313
26-Jan-2025 14:22:01.638,-0.227853,1.41171,-0.115454
26-Jan-2025 14:22:01.654,-0.315817,1.397049,-0.130725
26-Jan-2025 14:22:01.670,-0.390343,1.340238,-0.116064
26-Jan-2025 14:22:01.686,-0.419054,1.310917,-0.09896
26-Jan-2025 14:22:01.702,-0.422719,1.351234,-0.104458
26-Jan-2025 14:22:01.718,-0.38851,1.395827,-0.116064
26-Jan-2025 14:22:01.734,-0.320093,1.362229,-0.12034
26-Jan-2025 14:22:01.750,-0.211359,1.234559,-0.12034
26-Jan-2025 14:22:01.767,-0.145386,1.141096,-0.124617
26-Jan-2025 14:22:01.783,-0.103847,1.097114,-0.133779
26-Jan-2025 14:22:01.799,-0.105069,1.117883,-0.122173
26-Jan-2025 14:22:01.815,-0.113621,1.10811,-0.104458
26-Jan-2025 14:22:01.831,-0.106291,1.05191,-0.103236
26-Jan-2025 14:22:01.847,-0.0281,1.000597,-0.117897
26-Jan-2025 14:22:01.863,0.002443,0.867429,-0.139277
26-Jan-2025 14:22:01.879,0.04215,0.714101,-0.166766
26-Jan-2025 14:22:01.895,0.083689,0.656069,-0.189979
26-Jan-2025 14:22:01.911,0.088575,0.662178,-0.207083
26-Jan-2025 14:22:01.927,0.044593,0.689056,-0.201586
26-Jan-2025 14:22:01.943,0.053756,0.653015,-0.214414
26-Jan-2025 14:22:01.959,0.087354,0.570548,-0.257785
26-Jan-2025 14:22:01.975,0.094073,0.518014,-0.279165
26-Jan-2025 14:22:01.991,0.122173,0.500299,-0.298713
26-Jan-2025 14:22:02.007,0.128893,0.514959,-0.306043
26-Jan-2025 14:22:02.023,0.157603,0.483805,-0.281609
26-Jan-2025 14:22:02.039,0.238237,0.448986,-0.270613
26-Jan-2025 14:22:02.056,0.490525,0.337808,-0.257785
26-Jan-2025 14:22:02.072,0.659124,0.172264,-0.235183
26-Jan-2025 14:22:02.088,0.609033,0.158214,-0.138056
26-Jan-2025 14:22:02.104,0.418443,0.298713,-0.008552
26-Jan-2025 14:22:02.120,0.376293,0.260229,-0.017715
26-Jan-2025 14:22:02.136,0.334143,0.161268,-0.11973
26-Jan-2025 14:22:02.152,0.280998,0.271835,-0.153938
26-Jan-2025 14:22:02.168,0.120951,0.459371,-0.116064
26-Jan-2025 14:22:02.184,0.029932,0.488081,-0.042761
26-Jan-2025 14:22:02.200,0.030543,0.40928,0.076969
26-Jan-2025 14:22:02.216,0.059254,0.299324,0.160047
26-Jan-2025 14:22:02.232,0.07086,0.19059,0.216857
26-Jan-2025 14:22:02.248,0.083078,0.130114,0.230296
26-Jan-2025 14:22:02.264,0.064141,0.086132,0.214414
26-Jan-2025 14:22:02.280,-0.010385,0.036652,0.213192
26-Jan-2025 14:22:02.296,-0.104458,0.012828,0.255342
26-Jan-2025 14:22:02.312,-0.224798,-0.094073,0.276722
26-Jan-2025 14:22:02.328,-0.256563,-0.21869,0.242514
26-Jan-2025 14:22:02.345,-0.224798,-0.376904,0.19792
26-Jan-2025 14:22:02.361,-0.166155,-0.483194,0.197309
26-Jan-2025 14:22:02.377,-0.072082,-0.635911,0.189979
26-Jan-2025 14:22:02.393,-0.004276,-0.710436,0.168599
26-Jan-2025 14:22:02.409,0.037263,-0.775188,0.12706
26-Jan-2025 14:22:02.425,0.017715,-0.861931,0.086743
26-Jan-2025 14:22:02.441,-0.061087,-0.910189,0.083689
26-Jan-2025 14:22:02.457,-0.194255,-0.956004,0.106291
26-Jan-2025 14:22:02.473,-0.284663,-0.998154,0.10568
26-Jan-2025 14:22:02.489,-0.357967,-1.03053,0.095295
26-Jan-2025 14:22:02.505,-0.384234,-1.036638,0.090408
26-Jan-2025 14:22:02.521,-0.400728,-1.05924,0.100793
26-Jan-2025 14:22:02.537,-0.386678,-1.099557,0.106901
26-Jan-2025 14:22:02.553,-0.299324,-1.175916,0.105069
26-Jan-2025 14:22:02.569,-0.177762,-1.166753,0.122784
26-Jan-2025 14:22:02.585,-0.057421,-1.036027,0.114843
26-Jan-2025 14:22:02.601,-0.020769,-1.067792,0.107512
26-Jan-2025 14:22:02.618,0.021991,-1.153924,0.124617
26-Jan-2025 14:22:02.634,0.012217,-1.167364,0.174707
26-Jan-2025 14:22:02.650,-0.053756,-1.131933,0.219911
26-Jan-2025 14:22:02.666,-0.106901,-1.188744,0.24007
26-Jan-2025 14:22:02.682,-0.059254,-1.184468,0.215025
26-Jan-2025 14:22:02.698,0.017715,-1.197907,0.195477
26-Jan-2025 14:22:02.714,-0.039095,-1.225396,0.184481
26-Jan-2025 14:22:02.730,-0.128893,-1.191798,0.149662
26-Jan-2025 14:22:02.746,-0.243124,-1.138653,0.075747
26-Jan-2025 14:22:02.762,-0.334754,-1.203405,0.050091
26-Jan-2025 14:22:02.778,-0.386678,-1.405601,0.099571
26-Jan-2025 14:22:02.794,-0.37446,-1.576032,0.147219
26-Jan-2025 14:22:02.810,-0.391565,-1.709201,0.130725
26-Jan-2025 14:22:02.826,-0.42333,-1.741577,0.094684
26-Jan-2025 14:22:02.842,-0.336587,-1.626734,0.0562
26-Jan-2025 14:22:02.858,-0.171042,-1.512502,0.018937
26-Jan-2025 14:22:02.874,0.061087,-1.472796,-0.04948
26-Jan-2025 14:22:02.890,0.193644,-1.474629,-0.062919
26-Jan-2025 14:22:02.907,0.234572,-1.492344,-0.009774
26-Jan-2025 14:22:02.923,0.117286,-1.494176,0.107512
26-Jan-2025 14:22:02.939,-0.025656,-1.500285,0.163101
26-Jan-2025 14:22:02.955,-0.166155,-1.547933,0.114232
26-Jan-2025 14:22:02.971,-0.232129,-1.533883,0.015272
26-Jan-2025 14:22:02.987,-0.269392,-1.423316,-0.111788
26-Jan-2025 14:22:03.003,-0.293826,-1.276708,-0.193033
26-Jan-2025 14:22:03.019,-0.266337,-1.149037,-0.267559
26-Jan-2025 14:22:03.035,-0.213192,-1.116662,-0.2755
26-Jan-2025 14:22:03.051,-0.108734,-1.174083,-0.227853
26-Jan-2025 14:22:03.067,-0.036041,-1.245554,-0.174707
26-Jan-2025 14:22:03.083,0.004276,-1.26388,-0.147219
26-Jan-2025 14:22:03.099,0.026267,-1.246165,-0.158214
26-Jan-2025 14:22:03.115,0.033598,-1.211957,-0.184481
26-Jan-2025 14:22:03.131,0.03543,-1.172861,-0.213192
26-Jan-2025 14:22:03.147,0.037263,-1.158811,-0.241903
26-Jan-2025 14:22:03.163,0.055589,-1.09406,-0.293215
26-Jan-2025 14:22:03.180,0.079412,-0.977995,-0.31765
26-Jan-2025 14:22:03.196,0.14111,-0.802677,-0.324369
26-Jan-2025 14:22:03.212,0.19792,-0.699441,-0.313374
26-Jan-2025 14:22:03.228,0.268781,-0.6072,-0.287107
26-Jan-2025 14:22:03.244,0.296881,-0.567494,-0.258396
26-Jan-2025 14:22:03.260,0.290772,-0.535118,-0.243735
26-Jan-2025 14:22:03.276,0.274889,-0.453873,-0.268781
26-Jan-2025 14:22:03.292,0.280387,-0.344528,-0.321315
26-Jan-2025 14:22:03.308,0.31032,-0.104458,-0.408058
26-Jan-2025 14:22:03.324,0.334754,0.006109,-0.454484
26-Jan-2025 14:22:03.340,0.558942,0.12034,-0.455705
26-Jan-2025 14:22:03.356,0.579711,0.029932,-0.364687
26-Jan-2025 14:22:03.372,0.241292,-0.036652,-0.245568
26-Jan-2025 14:22:03.388,0.026878,0.11301,-0.212581
26-Jan-2025 14:22:03.404,-0.008552,0.342695,-0.196088
26-Jan-2025 14:22:03.420,0.108734,0.563829,-0.194255
26-Jan-2025 14:22:03.436,0.192423,0.70616,-0.18387
26-Jan-2025 14:22:03.452,0.202807,0.923017,-0.111177
26-Jan-2025 14:22:03.469,0.138666,0.987769,-0.022602
26-Jan-2025 14:22:03.484,0.090408,0.907135,0.129503
26-Jan-2025 14:22:03.501,0.112399,0.777021,0.241292
26-Jan-2025 14:22:03.517,0.144775,0.728762,0.323759
26-Jan-2025 14:22:03.533,0.136834,0.809396,0.334143
26-Jan-2025 14:22:03.549,0.043982,0.894918,0.32498
26-Jan-2025 14:22:03.565,-0.086743,0.920574,0.306043
26-Jan-2025 14:22:03.581,-0.210749,0.956004,0.290772
26-Jan-2025 14:22:03.597,-0.309709,1.021978,0.304822
26-Jan-2025 14:22:03.613,-0.313985,1.062295,0.333532
26-Jan-2025 14:22:03.629,-0.293215,1.025032,0.351248
26-Jan-2025 14:22:03.645,-0.284663,0.95295,0.342695
26-Jan-2025 14:22:03.661,-0.251676,0.849714,0.301767
26-Jan-2025 14:22:03.677,-0.216246,0.816727,0.246179
26-Jan-2025 14:22:03.693,-0.171653,0.782518,0.193644
26-Jan-2025 14:22:03.709,-0.139277,0.778242,0.202807
26-Jan-2025 14:22:03.725,-0.097128,0.878424,0.262672
26-Jan-2025 14:22:03.741,-0.110567,0.923628,0.321926
26-Jan-2025 14:22:03.757,-0.172264,0.884533,0.379347
26-Jan-2025 14:22:03.774,-0.224188,0.816727,0.428827
26-Jan-2025 14:22:03.790,-0.216857,0.827722,0.414777
26-Jan-2025 14:22:03.806,-0.171653,0.823446,0.332922
26-Jan-2025 14:22:03.822,-0.115454,0.768468,0.266337
26-Jan-2025 14:22:03.838,-0.054978,0.71288,0.197309
26-Jan-2025 14:22:03.854,-0.020769,0.668897,0.149662
26-Jan-2025 14:22:03.870,0.028711,0.547335,0.106291
26-Jan-2025 14:22:03.886,0.066584,0.436158,0.116064
26-Jan-2025 14:22:03.902,0.146608,0.329256,0.187536
26-Jan-2025 14:22:03.918,0.266948,0.324369,0.20464
26-Jan-2025 14:22:03.934,0.371406,0.284052,0.222355
26-Jan-2025 14:22:03.950,0.477697,0.210138,0.24007
26-Jan-2025 14:22:03.966,0.512516,0.165544,0.221133
26-Jan-2025 14:22:03.982,0.587041,0.193644,0.191812
26-Jan-2025 14:22:03.998,0.596204,0.156382,0.17654
26-Jan-2025 14:22:04.014,0.368963,-0.017104,0.13439
26-Jan-2025 14:22:04.030,0.182649,-0.046426,0.045815
26-Jan-2025 14:22:04.046,0.029932,0.04215,-0.130725
26-Jan-2025 14:22:04.063,-0.072082,0.117897,-0.214414
26-Jan-2025 14:22:04.079,-0.153938,0.207083,-0.294437
26-Jan-2025 14:22:04.095,-0.138056,0.328035,-0.377515
26-Jan-2025 14:22:04.111,-0.000611,0.414167,-0.434325
26-Jan-2025 14:22:04.127,0.219301,0.467923,-0.488692
26-Jan-2025 14:22:04.143,0.315817,0.488692,-0.474031
26-Jan-2025 14:22:04.158,0.38851,0.580933,-0.370184
26-Jan-2025 14:22:04.175,0.346971,0.647517,-0.31032
26-Jan-2025 14:22:04.191,0.109345,0.576657,-0.259007
26-Jan-2025 14:22:04.207,-0.083078,0.601091,-0.196699
26-Jan-2025 14:22:04.223,-0.24007,0.947452,-0.150273
26-Jan-2025 14:22:04.239,-0.288328,1.226617,-0.184481
26-Jan-2025 14:22:04.255,-0.318261,1.408655,-0.229685
26-Jan-2025 14:22:04.271,-0.350026,1.558317,-0.260839
26-Jan-2025 14:22:04.287,-0.3598,1.657277,-0.251676
26-Jan-2025 14:22:04.303,-0.354302,1.695151,-0.182649
26-Jan-2025 14:22:04.319,-0.35308,1.649947,-0.124006
26-Jan-2025 14:22:04.335,-0.332311,1.615739,-0.081245
26-Jan-2025 14:22:04.352,-0.309709,1.630399,-0.083689
26-Jan-2025 14:22:04.368,-0.312152,1.624291,-0.091019
26-Jan-2025 14:22:04.384,-0.354302,1.583974,-0.058643
26-Jan-2025 14:22:04.400,-0.398284,1.562593,0.002443
26-Jan-2025 14:22:04.416,-0.41661,1.60291,0.075747
26-Jan-2025 14:22:04.432,-0.364687,1.623069,0.115454
26-Jan-2025 14:22:04.448,-0.185703,1.616349,0.124617
26-Jan-2025 14:22:04.464,-0.015882,1.597413,0.101404
26-Jan-2025 14:22:04.479,0.113621,1.579697,0.04948
26-Jan-2025 14:22:04.496,0.138056,1.518611,0.001222
26-Jan-2025 14:22:04.512,0.113621,1.375058,-0.083689
26-Jan-2025 14:22:04.528,0.076969,1.323134,-0.147829
26-Jan-2025 14:22:04.544,0.043371,1.419651,-0.214414
26-Jan-2025 14:22:04.560,0.034208,1.541824,-0.239459
26-Jan-2025 14:22:04.576,0.110567,1.626734,-0.252898
26-Jan-2025 14:22:04.592,0.471588,1.791668,-0.2755
26-Jan-2025 14:22:04.608,0.657902,1.740355,-0.28955
26-Jan-2025 14:22:04.624,0.493579,1.543046,-0.351248
26-Jan-2025 14:22:04.640,0.301767,1.560761,-0.453262
26-Jan-2025 14:22:04.657,-0.015272,1.555874,-0.509462
26-Jan-2025 14:22:04.673,-0.151495,1.706758,-0.44471
26-Jan-2025 14:22:04.689,-0.216246,2.069,-0.312763
26-Jan-2025 14:22:04.705,-0.31093,2.305405,-0.24679
26-Jan-2025 14:22:04.721,-0.340252,2.47095,-0.205251
26-Jan-2025 14:22:04.737,-0.163712,2.460565,-0.108123
26-Jan-2025 14:22:04.753,-0.061697,2.240043,0.018326
26-Jan-2025 14:22:04.769,-0.067806,1.938275,0.235183
26-Jan-2025 14:22:04.785,-0.059865,1.888184,0.364687
26-Jan-2025 14:22:04.801,-0.051313,1.933999,0.352469
26-Jan-2025 14:22:04.817,-0.125838,1.974927,0.245568
26-Jan-2025 14:22:04.833,-0.263894,2.016466,0.137445
26-Jan-2025 14:22:04.849,-0.313985,2.020742,0.121562
26-Jan-2025 14:22:04.865,-0.287107,2.028683,0.188757
26-Jan-2025 14:22:04.881,-0.221133,1.994475,0.278555
26-Jan-2025 14:22:04.897,-0.161268,1.866804,0.394619
26-Jan-2025 14:22:04.913,-0.108734,1.548543,0.510683
26-Jan-2025 14:22:04.929,0.032376,1.371392,0.463647
26-Jan-2025 14:22:04.946,0.120951,1.199129,0.228464
26-Jan-2025 14:22:04.962,0.065363,1.145372,0.014661
26-Jan-2025 14:22:04.978,-0.078191,1.229672,-0.122784
26-Jan-2025 14:22:04.994,-0.165544,1.27793,-0.089186
26-Jan-2025 14:22:05.010,-0.220522,1.225396,0.061697
26-Jan-2025 14:22:05.026,-0.23274,1.237613,0.129503
26-Jan-2025 14:22:05.042,-0.263894,1.265713,0.142332
26-Jan-2025 14:22:05.058,-0.279776,1.226007,0.142942
26-Jan-2025 14:22:05.074,-0.241903,1.170418,0.133169
26-Jan-2025 14:22:05.090,-0.139888,1.097114,0.079412
26-Jan-2025 14:22:05.106,-0.068417,1.010371,0.023213
26-Jan-2025 14:22:05.122,-0.005498,0.870483,-0.010385
26-Jan-2025 14:22:05.138,0.012217,0.777021,0.003665
26-Jan-2025 14:22:05.154,0.016493,0.733038,0.067195
26-Jan-2025 14:22:05.170,0.022602,0.747699,0.098349
26-Jan-2025 14:22:05.186,0.037874,0.706771,0.131947
26-Jan-2025 14:22:05.202,0.102625,0.62858,0.175929
26-Jan-2025 14:22:05.218,0.187536,0.50152,0.215025
26-Jan-2025 14:22:05.235,0.245568,0.37446,0.210749
26-Jan-2025 14:22:05.251,0.277944,0.343917,0.156382
26-Jan-2025 14:22:05.267,0.315817,0.397673,0.08491
26-Jan-2025 14:22:05.283,0.260229,0.354913,0.048258
26-Jan-2025 14:22:05.299,0.133169,0.218079,0.00672
26-Jan-2025 14:22:05.315,0.054367,0.144164,-0.061087
26-Jan-2025 14:22:05.331,-0.040317,0.159436,-0.191201
26-Jan-2025 14:22:05.347,-0.100182,0.159436,-0.277333
26-Jan-2025 14:22:05.363,-0.117286,0.131336,-0.31765
26-Jan-2025 14:22:05.379,-0.043371,0.180816,-0.323148
26-Jan-2025 14:22:05.395,0.075136,0.248622,-0.341474
26-Jan-2025 14:22:05.411,0.196699,0.336587,-0.334143
26-Jan-2025 14:22:05.427,0.245568,0.37446,-0.271835
26-Jan-2025 14:22:05.443,0.237627,0.412334,-0.188147
26-Jan-2025 14:22:05.459,0.133169,0.404393,-0.142942
26-Jan-2025 14:22:05.475,-0.103236,0.320093,-0.078802
26-Jan-2025 14:22:05.491,-0.233961,0.290772,-0.067195
26-Jan-2025 14:22:05.508,-0.314596,0.354302,-0.146608
26-Jan-2025 14:22:05.524,-0.318872,0.460592,-0.230296
26-Jan-2025 14:22:05.540,-0.299935,0.547946,-0.298713
26-Jan-2025 14:22:05.556,-0.273668,0.5791,-0.306043
26-Jan-2025 14:22:05.572,-0.233961,0.568716,-0.279165
26-Jan-2025 14:22:05.588,-0.202807,0.469145,-0.200975
26-Jan-2025 14:22:05.604,-0.17654,0.431882,-0.133779
26-Jan-2025 14:22:05.620,-0.131336,0.418443,-0.081856
26-Jan-2025 14:22:05.636,-0.106291,0.387289,-0.082467
26-Jan-2025 14:22:05.652,-0.072693,0.329867,-0.115454
26-Jan-2025 14:22:05.668,-0.05681,0.304211,-0.14844
26-Jan-2025 14:22:05.684,-0.062919,0.34575,-0.166766
26-Jan-2025 14:22:05.700,-0.076969,0.420275,-0.168599
26-Jan-2025 14:22:05.716,-0.075747,0.484416,-0.154549
26-Jan-2025 14:22:05.732,-0.020159,0.493579,-0.151495
26-Jan-2025 14:22:05.748,0.025045,0.486249,-0.16921
26-Jan-2025 14:22:05.764,0.07086,0.44471,-0.227242
26-Jan-2025 14:22:05.780,0.11301,0.390343,-0.285274
26-Jan-2025 14:22:05.796,0.158825,0.316428,-0.341474
26-Jan-2025 14:22:05.812,0.157603,0.272446,-0.3598
26-Jan-2025 14:22:05.828,0.139277,0.253509,-0.380569
26-Jan-2025 14:22:05.844,0.171653,0.225409,-0.380569
26-Jan-2025 14:22:05.861,0.370795,0.166155,-0.392786
26-Jan-2025 14:22:05.877,0.547946,0.155771,-0.392175
26-Jan-2025 14:22:05.893,0.52229,0.026878,-0.333532
26-Jan-2025 14:22:05.909,0.459982,-0.131336,-0.252287
26-Jan-2025 14:22:05.925,0.414777,-0.110567,-0.23274
26-Jan-2025 14:22:05.941,0.301157,0.020159,-0.178373
26-Jan-2025 14:22:05.957,0.242514,0.082467,-0.122784
26-Jan-2025 14:22:05.973,0.156992,0.105069,-0.041539
26-Jan-2025 14:22:05.989,0.075136,0.156382,0.002443
26-Jan-2025 14:22:06.005,0.114232,0.328645,0.131336
26-Jan-2025 14:22:06.021,0.259007,0.316428,0.282831
26-Jan-2025 14:22:06.037,0.32498,0.045204,0.406836
26-Jan-2025 14:22:06.053,0.31093,-0.28955,0.460592
26-Jan-2025 14:22:06.069,0.291383,-0.276111,0.445932
26-Jan-2025 14:22:06.085,0.224188,-0.065363,0.39523
26-Jan-2025 14:22:06.101,0.118508,0.041539,0.363465
26-Jan-2025 14:22:06.117,-0.072693,0.073915,0.384845
26-Jan-2025 14:22:06.133,-0.211359,0.050091,0.430049
26-Jan-2025 14:22:06.150,-0.321315,0.00733,0.491747
26-Jan-2025 14:22:06.166,-0.327424,-0.081245,0.525955
26-Jan-2025 14:22:06.182,-0.258396,-0.255342,0.527177
26-Jan-2025 14:22:06.198,-0.181427,-0.328035,0.43799
26-Jan-2025 14:22:06.214,-0.111788,-0.401338,0.288939
26-Jan-2025 14:22:06.230,-0.059254,-0.55772,0.120951
26-Jan-2025 14:22:06.246,-0.050702,-0.657291,0.071471
26-Jan-2025 14:22:06.262,-0.121562,-0.64263,0.109345
26-Jan-2025 14:22:06.278,-0.201586,-0.625526,0.161268
26-Jan-2025 14:22:06.294,-0.26817,-0.696386,0.200975
26-Jan-2025 14:22:06.310,-0.233961,-0.733038,0.212581
26-Jan-2025 14:22:06.326,-0.180816,-0.805731,0.196088
26-Jan-2025 14:22:06.342,-0.133779,-0.874148,0.171653
26-Jan-2025 14:22:06.358,-0.04948,-0.923017,0.118508
26-Jan-2025 14:22:06.374,0.004276,-0.939511,0.080634
26-Jan-2025 14:22:06.390,0.062308,-0.982882,0.058032
26-Jan-2025 14:22:06.406,0.110567,-1.05863,0.058032
26-Jan-2025 14:22:06.422,0.06353,-1.08734,0.105069
26-Jan-2025 14:22:06.438,-0.053145,-1.130712,0.208305
26-Jan-2025 14:22:06.454,-0.110567,-1.185079,0.273668
26-Jan-2025 14:22:06.471,-0.161268,-1.27793,0.315817
26-Jan-2025 14:22:06.487,-0.131947,-1.328021,0.307876
26-Jan-2025 14:22:06.503,0.039095,-1.357953,0.263894
26-Jan-2025 14:22:06.519,0.22602,-1.338406,0.233961
26-Jan-2025 14:22:06.535,0.296881,-1.380556,0.227853
26-Jan-2025 14:22:06.551,0.186314,-1.45447,0.172264
26-Jan-2025 14:22:06.567,-0.059865,-1.485624,0.07025
26-Jan-2025 14:22:06.583,-0.560774,-1.518,0.01405
26-Jan-2025 14:22:06.599,-0.774577,-1.540602,0.061697
26-Jan-2025 14:22:06.615,-0.554055,-1.552209,0.036041
26-Jan-2025 14:22:06.631,-0.182649,-1.604132,-0.043371
26-Jan-2025 14:22:06.647,0.133169,-1.612073,-0.117286
26-Jan-2025 14:22:06.663,0.212581,-1.513113,-0.14844
26-Jan-2025 14:22:06.679,0.157603,-1.485624,-0.146608
26-Jan-2025 14:22:06.695,0.040928,-1.515557,-0.096517
26-Jan-2025 14:22:06.711,-0.09896,-1.649336,-0.016493
26-Jan-2025 14:22:06.727,-0.259007,-1.845424,0.043371
26-Jan-2025 14:22:06.743,-0.28955,-1.849089,0.023824
26-Jan-2025 14:22:06.759,-0.270613,-1.672549,-0.050702
26-Jan-2025 14:22:06.775,-0.279165,-1.514946,-0.119119
26-Jan-2025 14:22:06.792,-0.285885,-1.393994,-0.219911
26-Jan-2025 14:22:06.808,-0.259007,-1.375669,-0.279776
26-Jan-2025 14:22:06.824,-0.216857,-1.406212,-0.33903
26-Jan-2025 14:22:06.840,-0.164934,-1.420873,-0.36041
26-Jan-2025 14:22:06.856,-0.095906,-1.387886,-0.348804
26-Jan-2025 14:22:06.872,-0.036041,-1.295645,-0.312152
26-Jan-2025 14:22:06.888,-0.047647,-1.2144,-0.295659
26-Jan-2025 14:22:06.904,-0.047647,-1.139264,-0.311541
26-Jan-2025 14:22:06.920,0.008552,-1.102612,-0.334754
26-Jan-2025 14:22:06.936,0.096517,-1.049466,-0.322537
26-Jan-2025 14:22:06.952,0.147219,-0.96028,-0.300546
26-Jan-2025 14:22:06.968,0.189368,-0.909578,-0.298713
26-Jan-2025 14:22:06.984,0.19792,-0.899805,-0.337808
26-Jan-2025 14:22:07.000,0.23274,-0.898583,-0.448375
26-Jan-2025 14:22:07.016,0.179594,-0.924239,-0.551611
26-Jan-2025 14:22:07.032,0.120951,-0.956615,-0.605978
26-Jan-2025 14:22:07.048,0.219301,-0.902248,-0.619417
26-Jan-2025 14:22:07.064,0.454484,-0.742812,-0.605978
26-Jan-2025 14:22:07.081,0.634689,-0.617585,-0.425162
26-Jan-2025 14:22:07.096,0.502742,-0.604757,-0.232129
26-Jan-2025 14:22:07.113,0.304211,-0.397673,-0.120951
26-Jan-2025 14:22:07.129,0.257174,-0.276722,-0.109345
26-Jan-2025 14:22:07.145,0.221744,-0.241292,-0.089797
26-Jan-2025 14:22:07.161,0.185703,-0.201586,-0.07086
26-Jan-2025 14:22:07.177,0.145997,-0.125227,-0.065973
26-Jan-2025 14:22:07.193,0.16249,-0.079412,-0.031765
26-Jan-2025 14:22:07.209,0.23274,-0.137445,0.036652
26-Jan-2025 14:22:07.225,0.28955,-0.290772,0.127671
26-Jan-2025 14:22:07.241,0.284663,-0.394008,0.19792
26-Jan-2025 14:22:07.257,0.232129,-0.439823,0.277944
26-Jan-2025 14:22:07.273,0.129503,-0.424551,0.304822
26-Jan-2025 14:22:07.289,-0.042761,-0.442877,0.347582
26-Jan-2025 14:22:07.305,-0.103236,-0.521068,0.403171
26-Jan-2025 14:22:07.321,-0.109345,-0.577268,0.409891
26-Jan-2025 14:22:07.337,-0.096517,-0.632856,0.372017
26-Jan-2025 14:22:07.353,-0.092241,-0.733038,0.346361
26-Jan-2025 14:22:07.369,-0.085521,-0.893085,0.328645
26-Jan-2025 14:22:07.385,-0.073304,-0.964556,0.299935
26-Jan-2025 14:22:07.402,-0.046426,-1.073901,0.26145
26-Jan-2025 14:22:07.418,-0.026878,-1.08734,0.254731
26-Jan-2025 14:22:07.434,-0.036041,-1.015869,0.262672
26-Jan-2025 14:22:07.450,-0.101404,-1.047634,0.274278
26-Jan-2025 14:22:07.466,-0.160047,-1.139264,0.320704
26-Jan-2025 14:22:07.482,-0.172875,-1.128268,0.35308
26-Jan-2025 14:22:07.498,-0.191812,-1.102001,0.356134
26-Jan-2025 14:22:07.514,-0.164934,-1.133155,0.327424
26-Jan-2025 14:22:07.530,-0.117897,-1.193631,0.288328
26-Jan-2025 14:22:07.546,-0.059865,-1.229061,0.243124
26-Jan-2025 14:22:07.562,0.00672,-1.183857,0.211359
26-Jan-2025 14:22:07.578,0.163712,-1.140485,0.188757
26-Jan-2025 14:22:07.594,0.258396,-1.155757,0.219911
26-Jan-2025 14:22:07.610,0.266337,-1.135599,0.302378
26-Jan-2025 14:22:07.626,0.24679,-1.106277,0.337198
26-Jan-2025 14:22:07.642,0.236405,-1.069014,0.315206
26-Jan-2025 14:22:07.658,0.290161,-1.035417,0.2755
26-Jan-2025 14:22:07.675,0.367741,-1.064127,0.249233
26-Jan-2025 14:22:07.691,0.208305,-1.229061,0.271835
26-Jan-2025 14:22:07.707,-0.036041,-1.290147,0.229074
26-Jan-2025 14:22:07.723,-0.145386,-1.138653,0.072693
26-Jan-2025 14:22:07.739,-0.214414,-1.15759,-0.015882
26-Jan-2025 14:22:07.755,-0.401338,-1.378112,-0.011606
26-Jan-2025 14:22:07.771,-0.50091,-1.421483,0.036652
26-Jan-2025 14:22:07.787,-0.523512,-1.414153,0.075747
26-Jan-2025 14:22:07.803,-0.400728,-1.321912,0.01405
26-Jan-2025 14:22:07.819,-0.095906,-1.196074,-0.076358
26-Jan-2025 14:22:07.835,0.09163,-1.146594,-0.112399
26-Jan-2025 14:22:07.851,0.165544,-1.161866,-0.116675
26-Jan-2025 14:22:07.867,0.075136,-1.22845,-0.061697
26-Jan-2025 14:22:07.883,-0.085521,-1.257161,0.014661
26-Jan-2025 14:22:07.899,-0.269392,-1.184468,0.115454
26-Jan-2025 14:22:07.915,-0.336587,-1.059851,0.130725
26-Jan-2025 14:22:07.931,-0.387899,-0.98838,0.052534
26-Jan-2025 14:22:07.947,-0.39523,-0.941954,-0.023824
26-Jan-2025 14:22:07.964,-0.361632,-0.926072,-0.104458
26-Jan-2025 14:22:07.980,-0.315817,-0.937067,-0.156382
26-Jan-2025 14:22:07.996,-0.288328,-0.908967,-0.245568
26-Jan-2025 14:22:08.012,-0.277944,-0.880257,-0.290772
26-Jan-2025 14:22:08.028,-0.276722,-0.915687,-0.304211
26-Jan-2025 14:22:08.044,-0.316428,-0.946841,-0.312763
26-Jan-2025 14:22:08.060,-0.313374,-0.900415,-0.332311
26-Jan-2025 14:22:08.076,-0.265726,-0.857655,-0.346361
26-Jan-2025 14:22:08.092,-0.234572,-0.859487,-0.351858
26-Jan-2025 14:22:08.108,-0.203418,-0.809396,-0.37446
26-Jan-2025 14:22:08.124,-0.163101,-0.739147,-0.391565
26-Jan-2025 14:22:08.140,-0.065363,-0.706771,-0.408669
26-Jan-2025 14:22:08.156,0.026878,-0.747088,-0.417221
26-Jan-2025 14:22:08.172,0.102014,-0.80512,-0.420275
26-Jan-2025 14:22:08.188,0.168599,-0.820392,-0.450819
26-Jan-2025 14:22:08.204,0.235183,-0.745866,-0.491136
26-Jan-2025 14:22:08.220,0.219911,-0.748921,-0.544281
26-Jan-2025 14:22:08.236,0.191812,-0.757473,-0.5791
26-Jan-2025 14:22:08.252,0.192423,-0.68478,-0.589485
26-Jan-2025 14:22:08.269,0.229074,-0.653015,-0.569937
26-Jan-2025 14:22:08.285,0.460592,-0.75564,-0.547946
26-Jan-2025 14:22:08.301,0.634078,-0.80451,-0.493579
26-Jan-2025 14:22:08.317,0.546114,-0.810618,-0.378736
26-Jan-2025 14:22:08.333,0.448986,-0.808175,-0.28955
26-Jan-2025 14:22:08.349,0.429438,-0.786794,-0.205862
26-Jan-2025 14:22:08.365,0.414167,-0.718378,-0.11973
26-Jan-2025 14:22:08.381,0.40928,-0.630413,-0.072082
26-Jan-2025 14:22:08.397,0.405004,-0.541227,-0.005498
26-Jan-2025 14:22:08.413,0.404393,-0.54367,0.031765
26-Jan-2025 14:22:08.429,0.462425,-0.626137,0.10568
26-Jan-2025 14:22:08.445,0.491747,-0.742812,0.199753
26-Jan-2025 14:22:08.461,0.480751,-0.851546,0.32498
26-Jan-2025 14:22:08.477,0.477086,-0.904691,0.346361
26-Jan-2025 14:22:08.493,0.466701,-0.905913,0.321926
26-Jan-2025 14:22:08.509,0.412334,-0.877813,0.307265
26-Jan-2025 14:22:08.526,0.287107,-0.880868,0.326202
26-Jan-2025 14:22:08.541,0.114843,-0.916909,0.357356
26-Jan-2025 14:22:08.558,0.059865,-0.966389,0.346361
26-Jan-2025 14:22:08.574,0.050091,-1.10811,0.348804
26-Jan-2025 14:22:08.590,0.041539,-1.20707,0.343917
26-Jan-2025 14:22:08.606,0.027489,-1.198518,0.252898
26-Jan-2025 14:22:08.622,-0.00733,-1.193631,0.15516
26-Jan-2025 14:22:08.638,-0.083689,-1.198518,0.048258
26-Jan-2025 14:22:08.654,-0.130114,-1.222341,0.0281
26-Jan-2025 14:22:08.670,-0.15516,-1.263269,0.04215
26-Jan-2025 14:22:08.686,-0.173486,-1.281595,0.087354
26-Jan-2025 14:22:08.702,-0.171653,-1.268767,0.127671
26-Jan-2025 14:22:08.718,-0.163712,-1.262048,0.157603
26-Jan-2025 14:22:08.734,-0.150884,-1.255328,0.156382
26-Jan-2025 14:22:08.750,-0.130114,-1.252885,0.125838
26-Jan-2025 14:22:08.766,-0.119119,-1.291369,0.100793
26-Jan-2025 14:22:08.782,-0.097128,-1.309084,0.095295
26-Jan-2025 14:22:08.798,-0.05681,-1.294423,0.102625
26-Jan-2025 14:22:08.814,0.0281,-1.292591,0.130114
26-Jan-2025 14:22:08.831,0.103847,-1.292591,0.15516
26-Jan-2025 14:22:08.847,0.160658,-1.315193,0.189979
26-Jan-2025 14:22:08.863,0.166155,-1.350012,0.232129
26-Jan-2025 14:22:08.879,0.135001,-1.323134,0.257785
26-Jan-2025 14:22:08.895,0.125227,-1.28526,0.253509
26-Jan-2025 14:22:08.911,0.182649,-1.176526,0.231518
26-Jan-2025 14:22:08.927,0.246179,-1.237613,0.233351
26-Jan-2025 14:22:08.943,0.301157,-1.326799,0.2755
26-Jan-2025 14:22:08.959,0.392786,-1.278541,0.271835
26-Jan-2025 14:22:08.975,0.43799,-1.113607,0.252287
26-Jan-2025 14:22:08.991,0.405004,-1.045801,0.271835
26-Jan-2025 14:22:09.007,0.301157,-0.977995,0.318261
26-Jan-2025 14:22:09.023,0.138056,-0.865596,0.357967
26-Jan-2025 14:22:09.039,-0.124006,-0.962113,0.326813
26-Jan-2025 14:22:09.055,-0.288328,-1.086118,0.204029
26-Jan-2025 14:22:09.071,-0.440434,-1.169196,-0.008552
26-Jan-2025 14:22:09.087,-0.525344,-1.231504,-0.16249
26-Jan-2025 14:22:09.103,-0.513738,-1.358564,-0.389732
26-Jan-2025 14:22:09.120,-0.362854,-1.453859,-0.541227
26-Jan-2025 14:22:09.136,-0.048258,-1.483792,-0.601702
26-Jan-2025 14:22:09.152,0.144775,-1.436144,-0.552833
26-Jan-2025 14:22:09.168,0.266337,-1.353677,-0.378736
26-Jan-2025 14:22:09.184,0.211359,-1.45447,-0.180205
26-Jan-2025 14:22:09.200,0.062308,-1.698205,0.040317
26-Jan-2025 14:22:09.216,-0.168599,-1.855198,0.197309
26-Jan-2025 14:22:09.232,-0.285885,-1.742799,0.13439
26-Jan-2025 14:22:09.248,-0.323148,-1.431257,-0.069028
26-Jan-2025 14:22:09.264,-0.288939,-1.216233,-0.227853
26-Jan-2025 14:22:09.280,-0.210138,-1.047023,-0.326202
26-Jan-2025 14:22:09.296,-0.145997,-0.968832,-0.290772
26-Jan-2025 14:22:09.312,-0.127671,-0.824668,-0.163101
26-Jan-2025 14:22:09.328,-0.161879,-0.722043,-0.090408
26-Jan-2025 14:22:09.344,-0.205251,-0.671341,-0.0562
26-Jan-2025 14:22:09.360,-0.193644,-0.675617,-0.039706
26-Jan-2025 14:22:09.376,-0.147829,-0.664011,-0.022602
26-Jan-2025 14:22:09.393,-0.080023,-0.629191,0.036652
26-Jan-2025 14:22:09.409,-0.036041,-0.572992,0.084299
26-Jan-2025 14:22:09.425,-0.012828,-0.383013,0.12034
26-Jan-2025 14:22:09.441,0.003665,-0.224798,0.127671
26-Jan-2025 14:22:09.457,0.029322,-0.079412,0.095906
26-Jan-2025 14:22:09.473,0.04948,0.02138,0.033598
26-Jan-2025 14:22:09.489,0.04215,0.082467,-0.080023
26-Jan-2025 14:22:09.505,-0.017715,0.099571,-0.164323
26-Jan-2025 14:22:09.521,-0.065973,0.180205,-0.231518
26-Jan-2025 14:22:09.537,-0.038485,0.321926,-0.273668
26-Jan-2025 14:22:09.553,0.080023,0.410501,-0.284663
26-Jan-2025 14:22:09.569,0.260229,0.457538,-0.251676
26-Jan-2025 14:22:09.585,0.152716,0.380569,-0.219301
26-Jan-2025 14:22:09.601,-0.034208,0.453262,-0.243735
26-Jan-2025 14:22:09.617,0,0.687223,-0.270002
26-Jan-2025 14:22:09.633,0.194866,0.989602,-0.265726
26-Jan-2025 14:22:09.650,0.251066,1.084897,-0.22602
26-Jan-2025 14:22:09.666,0.210749,1.189965,-0.149662
26-Jan-2025 14:22:09.682,0.167377,1.246165,-0.085521
26-Jan-2025 14:22:09.698,0.175929,1.190576,0.012828
26-Jan-2025 14:22:09.714,0.263894,1.042136,0.209527
26-Jan-2025 14:22:09.730,0.357356,1.031751,0.384234
26-Jan-2025 14:22:09.746,0.393397,1.207681,0.565661
26-Jan-2025 14:22:09.762,0.328645,1.372003,0.602924
26-Jan-2025 14:22:09.778,0.158214,1.493566,0.500299
26-Jan-2025 14:22:09.794,0.009163,1.517389,0.397062
26-Jan-2025 14:22:09.810,-0.11301,1.481959,0.335365
26-Jan-2025 14:22:09.826,-0.130114,1.423316,0.346361
26-Jan-2025 14:22:09.842,-0.109956,1.384221,0.370184
26-Jan-2025 14:22:09.858,-0.064141,1.373836,0.376293
26-Jan-2025 14:22:09.874,-0.030543,1.325578,0.361021
26-Jan-2025 14:22:09.890,0.041539,1.217454,0.311541
26-Jan-2025 14:22:09.906,0.098349,1.125214,0.251676
26-Jan-2025 14:22:09.922,0.116064,1.005484,0.193644
26-Jan-2025 14:22:09.938,0.101404,0.98166,0.185092
26-Jan-2025 14:22:09.955,0.031154,0.971887,0.203418
26-Jan-2025 14:22:09.971,-0.038485,0.956004,0.21869
26-Jan-2025 14:22:09.987,-0.10568,0.866207,0.187536
26-Jan-2025 14:22:10.003,-0.135612,0.797179,0.136834
26-Jan-2025 14:22:10.019,-0.136834,0.737925,0.099571
26-Jan-2025 14:22:10.035,-0.041539,0.645685,0.101404
26-Jan-2025 14:22:10.051,0.071471,0.591928,0.127671
26-Jan-2025 14:22:10.067,0.209527,0.489914,0.168599
26-Jan-2025 14:22:10.083,0.312763,0.335365,0.174707
26-Jan-2025 14:22:10.098,0.387289,0.193033,0.139888
26-Jan-2025 14:22:10.115,0.36041,0.160047,0.099571
26-Jan-2025 14:22:10.131,0.263283,0.138666,0.174097
26-Jan-2025 14:22:10.147,0.25412,0.106291,0.291994
26-Jan-2025 14:22:10.163,0.320093,0.010996,0.380569
26-Jan-2025 14:22:10.179,0.35308,0,0.369573
26-Jan-2025 14:22:10.195,0.462425,0.128893,0.328035
26-Jan-2025 14:22:10.212,0.616974,0.101404,0.305433
26-Jan-2025 14:22:10.228,0.549168,-0.067806,0.313374
26-Jan-2025 14:22:10.244,0.3036,-0.154549,0.262672
26-Jan-2025 14:22:10.260,0.103236,-0.122173,0.153938
26-Jan-2025 14:22:10.276,-0.136834,-0.040928,-0.034819
26-Jan-2025 14:22:10.292,-0.232129,0.001222,-0.181427
26-Jan-2025 14:22:10.308,-0.209527,0.055589,-0.357967
26-Jan-2025 14:22:10.324,-0.102014,0.078191,-0.467923
26-Jan-2025 14:22:10.340,0.110567,0.221744,-0.543059
26-Jan-2025 14:22:10.356,0.246179,0.399506,-0.508851
26-Jan-2025 14:22:10.372,0.253509,0.392786,-0.408058
26-Jan-2025 14:22:10.388,0.219301,0.24007,-0.234572
26-Jan-2025 14:22:10.404,0.164934,0.233351,-0.159436
26-Jan-2025 14:22:10.419,0.046426,0.386678,-0.19059
26-Jan-2025 14:22:10.436,-0.015272,0.533285,-0.255953
26-Jan-2025 14:22:10.452,-0.032376,0.700052,-0.347582
26-Jan-2025 14:22:10.468,-0.054367,0.803288,-0.384845
26-Jan-2025 14:22:10.485,-0.111788,0.948063,-0.361021
26-Jan-2025 14:22:10.501,-0.161879,1.072068,-0.308487
26-Jan-2025 14:22:10.517,-0.21869,1.1863,-0.259007
26-Jan-2025 14:22:10.533,-0.244957,1.296256,-0.235794
26-Jan-2025 14:22:10.549,-0.203418,1.318858,-0.257174
26-Jan-2025 14:22:10.565,-0.125227,1.239446,-0.307876
26-Jan-2025 14:22:10.581,-0.116675,1.216233,-0.332922
26-Jan-2025 14:22:10.597,-0.184481,1.317025,-0.31093
26-Jan-2025 14:22:10.613,-0.219301,1.367116,-0.259007
26-Jan-2025 14:22:10.629,-0.171653,1.329854,-0.200975
26-Jan-2025 14:22:10.645,-0.06353,1.312749,-0.181427
26-Jan-2025 14:22:10.661,0.078191,1.211346,-0.207083
26-Jan-2025 14:22:10.677,0.12034,1.136209,-0.223577
26-Jan-2025 14:22:10.693,0.118508,1.075734,-0.234572
26-Jan-2025 14:22:10.709,0.087354,0.973108,-0.251066
26-Jan-2025 14:22:10.725,0.055589,0.899805,-0.263283
26-Jan-2025 14:22:10.740,-0.019548,0.821003,-0.287107
26-Jan-2025 14:22:10.757,-0.098349,0.76969,-0.286496
26-Jan-2025 14:22:10.773,-0.14844,0.717767,-0.246179
26-Jan-2025 14:22:10.789,-0.122784,0.746477,-0.213803
26-Jan-2025 14:22:10.806,0,0.746477,-0.151495
26-Jan-2025 14:22:10.822,0.200364,0.678671,-0.04948
26-Jan-2025 14:22:10.838,0.330478,0.581544,0.097128
26-Jan-2025 14:22:10.854,0.236405,0.393397,0.262672
26-Jan-2025 14:22:10.870,0.238848,0.353691,0.256563
26-Jan-2025 14:22:10.886,0.299935,0.323148,0.058643
26-Jan-2025 14:22:10.902,0.198531,0.218079,-0.120951
26-Jan-2025 14:22:10.918,-0.106291,0.22602,-0.224798
26-Jan-2025 14:22:10.934,-0.299935,0.334143,-0.194866
26-Jan-2025 14:22:10.950,-0.384234,0.384845,-0.103236
26-Jan-2025 14:22:10.966,-0.358578,0.370795,-0.020769
26-Jan-2025 14:22:10.982,-0.302378,0.384845,0.092852
26-Jan-2025 14:22:10.998,-0.237627,0.436769,0.166155
26-Jan-2025 14:22:11.014,-0.184481,0.530231,0.218079
26-Jan-2025 14:22:11.030,-0.200364,0.518625,0.229074
26-Jan-2025 14:22:11.046,-0.257785,0.376904,0.203418
26-Jan-2025 14:22:11.062,-0.292604,0.317039,0.175318
26-Jan-2025 14:22:11.078,-0.274278,0.341474,0.201586
26-Jan-2025 14:22:11.095,-0.2755,0.385456,0.29627
26-Jan-2025 14:22:11.111,-0.298102,0.382402,0.376904
26-Jan-2025 14:22:11.127,-0.300546,0.322537,0.409891
26-Jan-2025 14:22:11.143,-0.287718,0.233351,0.365297
26-Jan-2025 14:22:11.159,-0.242514,0.140499,0.285274
26-Jan-2025 14:22:11.175,-0.222355,0.114232,0.219301
26-Jan-2025 14:22:11.191,-0.223577,0.100793,0.150273
26-Jan-2025 14:22:11.207,-0.175929,0.058643,0.075136
26-Jan-2025 14:22:11.223,-0.105069,0.000611,0.044593
26-Jan-2025 14:22:11.239,-0.045815,-0.040317,0.037874
26-Jan-2025 14:22:11.255,-0.061697,-0.045204,0.033598
26-Jan-2025 14:22:11.271,-0.144775,-0.019548,0.024435
26-Jan-2025 14:22:11.287,-0.205251,0.000611,0.010996
26-Jan-2025 14:22:11.303,-0.251676,-0.023824,-0.011606
26-Jan-2025 14:22:11.319,-0.200975,0.020769,-0.022602
26-Jan-2025 14:22:11.335,-0.092241,0.003054,-0.04948
26-Jan-2025 14:22:11.351,-0.01405,-0.023213,-0.067806
26-Jan-2025 14:22:11.367,0.072082,-0.011606,-0.09163
26-Jan-2025 14:22:11.383,0.163712,-0.04215,-0.092852
26-Jan-2025 14:22:11.400,0.22602,-0.09163,-0.048258
26-Jan-2025 14:22:11.416,0.306654,-0.116064,0.048869
26-Jan-2025 14:22:11.432,0.315206,-0.106291,0.087965
26-Jan-2025 14:22:11.448,0.251676,-0.120951,0.083078
26-Jan-2025 14:22:11.464,0.222966,-0.17654,0.100182
26-Jan-2025 14:22:11.480,0.287107,-0.227853,0.170431
26-Jan-2025 14:22:11.496,0.396452,-0.241292,0.213192
26-Jan-2025 14:22:11.512,0.519846,-0.259618,0.244957
26-Jan-2025 14:22:11.528,0.555277,-0.329256,0.287718
26-Jan-2025 14:22:11.544,0.558942,-0.334754,0.308487
26-Jan-2025 14:22:11.560,0.599259,-0.364076,0.317039
26-Jan-2025 14:22:11.576,0.514959,-0.546724,0.287107
26-Jan-2025 14:22:11.592,0.273668,-0.675006,0.156992
26-Jan-2025 14:22:11.608,0.160658,-0.59315,-0.02138
26-Jan-2025 14:22:11.624,0.254731,-0.44471,-0.276722
26-Jan-2025 14:22:11.640,0.448375,-0.285885,-0.387289
26-Jan-2025 14:22:11.657,0.568716,-0.028711,-0.479529
26-Jan-2025 14:22:11.672,0.508851,0.067195,-0.536951
26-Jan-2025 14:22:11.689,0.392175,0.136223,-0.594372
26-Jan-2025 14:22:11.705,0.116064,0.259618,-0.646906
26-Jan-2025 14:22:11.721,-0.052534,0.282831,-0.608422
26-Jan-2025 14:22:11.737,-0.046426,0.361632,-0.357356
26-Jan-2025 14:22:11.753,0.059865,0.552222,-0.170431
26-Jan-2025 14:22:11.769,0.171042,0.766636,-0.100182
26-Jan-2025 14:22:11.785,0.164934,0.897972,-0.127671
26-Jan-2025 14:22:11.801,0.104458,1.147205,-0.194866
26-Jan-2025 14:22:11.817,-0.003665,1.267545,-0.241903
26-Jan-2025 14:22:11.833,-0.087965,1.273043,-0.286496
26-Jan-2025 14:22:11.849,-0.053145,1.241889,-0.315206
26-Jan-2025 14:22:11.865,-0.026878,1.287093,-0.308487
26-Jan-2025 14:22:11.881,-0.065363,1.405601,-0.252287
26-Jan-2025 14:22:11.897,-0.097738,1.525941,-0.227853
26-Jan-2025 14:22:11.913,-0.158825,1.638341,-0.245568
26-Jan-2025 14:22:11.929,-0.200975,1.663386,-0.257785
26-Jan-2025 14:22:11.945,-0.199753,1.649947,-0.219911
26-Jan-2025 14:22:11.962,-0.186314,1.682934,-0.158825
26-Jan-2025 14:22:11.978,-0.205862,1.838704,-0.111788
26-Jan-2025 14:22:11.994,-0.216246,1.912619,-0.141721
26-Jan-2025 14:22:12.010,-0.191812,1.902234,-0.209527
26-Jan-2025 14:22:12.026,-0.139277,1.859474,-0.285885
26-Jan-2025 14:22:12.042,-0.12034,1.910176,-0.325591
26-Jan-2025 14:22:12.058,-0.144775,2.067779,-0.37385
26-Jan-2025 14:22:12.074,-0.182649,2.177124,-0.383013
26-Jan-2025 14:22:12.090,-0.205251,2.245541,-0.370795
26-Jan-2025 14:22:12.106,-0.166766,2.317623,-0.359189
26-Jan-2025 14:22:12.122,-0.100182,2.417194,-0.338419
26-Jan-2025 14:22:12.138,-0.091019,2.463009,-0.31765
26-Jan-2025 14:22:12.154,-0.169821,2.486832,-0.333532
26-Jan-2025 14:22:12.170,-0.286496,2.431854,-0.399506
26-Jan-2025 14:22:12.186,-0.433714,2.340225,-0.471588
26-Jan-2025 14:22:12.202,-0.590707,2.376266,-0.525344
26-Jan-2025 14:22:12.218,-0.626137,2.538756,-0.496633
26-Jan-2025 14:22:12.234,-0.612698,2.762944,-0.392175
26-Jan-2025 14:22:12.251,-0.600481,2.880841,-0.308487
26-Jan-2025 14:22:12.267,-0.581544,2.934597,-0.196699
26-Jan-2025 14:22:12.283,-0.534507,2.894279,-0.114843
26-Jan-2025 14:22:12.299,-0.488692,2.834415,-0.046426
26-Jan-2025 14:22:12.315,-0.486249,2.834415,-0.040928
26-Jan-2025 14:22:12.331,-0.496023,2.846632,-0.053756
26-Jan-2025 14:22:12.347,-0.483805,2.858238,-0.07086
26-Jan-2025 14:22:12.363,-0.452651,2.862514,-0.084299
26-Jan-2025 14:22:12.379,-0.393397,2.852741,-0.087354
26-Jan-2025 14:22:12.395,-0.346971,2.85213,-0.080023
26-Jan-2025 14:22:12.411,-0.296881,2.827695,-0.062308
26-Jan-2025 14:22:12.427,-0.278555,2.804482,-0.047647
26-Jan-2025 14:22:12.443,-0.249844,2.868623,-0.054978
26-Jan-2025 14:22:12.459,-0.232129,2.981022,-0.085521
26-Jan-2025 14:22:12.475,-0.314596,3.089146,-0.101404
26-Jan-2025 14:22:12.491,-0.354913,3.16978,-0.114843
26-Jan-2025 14:22:12.507,-0.37385,3.225368,-0.142942
26-Jan-2025 14:22:12.523,-0.37385,3.150843,-0.167377
26-Jan-2025 14:22:12.540,-0.338419,3.034168,-0.150884
26-Jan-2025 14:22:12.556,-0.287107,2.926655,-0.115454
26-Jan-2025 14:22:12.572,-0.252898,2.847243,-0.083078
26-Jan-2025 14:22:12.588,-0.136834,2.867401,-0.018326
26-Jan-2025 14:22:12.604,-0.09163,2.773328,0.019548
26-Jan-2025 14:22:12.620,-0.083078,2.567467,0.071471
26-Jan-2025 14:22:12.636,-0.054978,2.482556,0.095295
26-Jan-2025 14:22:12.652,-0.028711,2.420248,0.095295
26-Jan-2025 14:22:12.668,-0.01405,2.35794,0.109956
26-Jan-2025 14:22:12.684,0.013439,2.226604,0.123395
26-Jan-2025 14:22:12.700,0.048258,1.995086,0.099571
26-Jan-2025 14:22:12.716,0.042761,1.915673,0.062308
26-Jan-2025 14:22:12.732,0.032376,1.858252,0.03543
26-Jan-2025 14:22:12.748,0.057421,1.797776,0.0562
26-Jan-2025 14:22:12.764,0.149662,1.726305,0.075747
26-Jan-2025 14:22:12.780,0.265116,1.65178,0.085521
26-Jan-2025 14:22:12.796,0.412334,1.638951,0.050702
26-Jan-2025 14:22:12.812,0.456316,1.653001,-0.020769
26-Jan-2025 14:22:12.828,0.383013,1.61696,-0.102014
26-Jan-2025 14:22:12.845,0.141721,1.625512,-0.139888
26-Jan-2025 14:22:12.861,-0.013439,1.684155,-0.103236
26-Jan-2025 14:22:12.877,-0.12034,1.683545,-0.045204
26-Jan-2025 14:22:12.893,-0.157603,1.599856,-0.0281
26-Jan-2025 14:22:12.909,-0.243124,1.378112,-0.029322
26-Jan-2025 14:22:12.925,-0.306043,1.306641,-0.015882
26-Jan-2025 14:22:12.941,-0.312763,1.371392,-0.004887
26-Jan-2025 14:22:12.957,-0.230296,1.469131,-0.029932
26-Jan-2025 14:22:12.973,-0.059865,1.439198,-0.069028
26-Jan-2025 14:22:12.989,0.026267,1.300532,-0.043982
26-Jan-2025 14:22:13.005,0.034208,1.170418,0.017104
26-Jan-2025 14:22:13.021,-0.096517,1.126436,0.11301
26-Jan-2025 14:22:13.037,-0.229074,1.194852,0.18387
26-Jan-2025 14:22:13.053,-0.340252,1.196074,0.213803
26-Jan-2025 14:22:13.069,-0.389732,1.067182,0.185703
26-Jan-2025 14:22:13.085,-0.434325,0.907135,0.119119
26-Jan-2025 14:22:13.101,-0.428217,0.880868,0.078191
26-Jan-2025 14:22:13.117,-0.384234,0.88942,0.054978
26-Jan-2025 14:22:13.134,-0.354913,0.864985,0.068417
26-Jan-2025 14:22:13.150,-0.313374,0.761749,0.097738
26-Jan-2025 14:22:13.166,-0.292604,0.665232,0.102014
26-Jan-2025 14:22:13.182,-0.285885,0.572381,0.086743
26-Jan-2025 14:22:13.198,-0.262061,0.455705,0.062308
26-Jan-2025 14:22:13.214,-0.237016,0.421497,0.065973
26-Jan-2025 14:22:13.230,-0.164323,0.36713,0.067195
26-Jan-2025 14:22:13.246,-0.100793,0.299324,0.048258
26-Jan-2025 14:22:13.262,-0.046426,0.199753,0.010996
26-Jan-2025 14:22:13.278,-0.031765,0.138056,-0.00733
26-Jan-2025 14:22:13.294,-0.023824,0.057421,-0.0281
26-Jan-2025 14:22:13.310,0.008552,0.02138,-0.061697
26-Jan-2025 14:22:13.326,0.073915,0.036652,-0.094073
26-Jan-2025 14:22:13.342,0.080023,-0.074526,-0.118508
26-Jan-2025 14:22:13.358,0.100793,-0.147829,-0.133779
26-Jan-2025 14:22:13.374,0.158825,-0.158825,-0.189368
26-Jan-2025 14:22:13.390,0.174707,-0.156992,-0.210138
26-Jan-2025 14:22:13.406,0.172264,-0.186314,-0.244346
26-Jan-2025 14:22:13.423,0.182649,-0.219911,-0.293215
26-Jan-2025 14:22:13.439,0.226631,-0.220522,-0.334754
26-Jan-2025 14:22:13.455,0.326202,-0.219301,-0.333532
26-Jan-2025 14:22:13.471,0.541227,-0.14844,-0.347582
26-Jan-2025 14:22:13.487,0.690278,-0.12706,-0.333532
26-Jan-2025 14:22:13.503,0.601702,-0.207083,-0.229074
26-Jan-2025 14:22:13.519,0.375682,-0.300546,-0.092241
26-Jan-2025 14:22:13.535,0.277944,-0.287718,-0.115454
26-Jan-2025 14:22:13.551,0.26145,-0.107512,-0.238237
26-Jan-2025 14:22:13.567,0.24679,0.100793,-0.28955
26-Jan-2025 14:22:13.583,0.113621,0.262061,-0.266337
26-Jan-2025 14:22:13.599,-0.017104,0.302989,-0.23274
26-Jan-2025 14:22:13.615,-0.111788,0.333532,-0.169821
26-Jan-2025 14:22:13.631,-0.081856,0.417221,-0.103847
26-Jan-2025 14:22:13.647,0.058032,0.444099,0.028711
26-Jan-2025 14:22:13.663,0.149051,0.375071,0.14844
26-Jan-2025 14:22:13.679,0.18326,0.284663,0.228464
26-Jan-2025 14:22:13.696,0.113621,0.221133,0.230296
26-Jan-2025 14:22:13.712,0.024435,0.198531,0.185092
26-Jan-2025 14:22:13.728,-0.050702,0.17654,0.124617
26-Jan-2025 14:22:13.744,-0.092852,0.171042,0.12034
26-Jan-2025 14:22:13.760,-0.174097,0.154549,0.169821
26-Jan-2025 14:22:13.776,-0.24679,0.157603,0.201586
26-Jan-2025 14:22:13.792,-0.255953,0.12706,0.234572
26-Jan-2025 14:22:13.808,-0.189979,0.037874,0.231518
26-Jan-2025 14:22:13.824,-0.092852,-0.065973,0.158825
26-Jan-2025 14:22:13.840,-0.034208,-0.115454,0.091019
26-Jan-2025 14:22:13.856,-0.007941,-0.153938,0.060476
26-Jan-2025 14:22:13.872,-0.059254,-0.138666,0.079412
26-Jan-2025 14:22:13.888,-0.114232,-0.132558,0.112399
26-Jan-2025 14:22:13.904,-0.167988,-0.151495,0.163712
26-Jan-2025 14:22:13.920,-0.187536,-0.15516,0.180205
26-Jan-2025 14:22:13.936,-0.202196,-0.144775,0.171042
26-Jan-2025 14:22:13.952,-0.208305,-0.146608,0.142332
26-Jan-2025 14:22:13.968,-0.192423,-0.192423,0.091019
26-Jan-2025 14:22:13.985,-0.18326,-0.220522,0.06353
26-Jan-2025 14:22:14.001,-0.142332,-0.242514,0.050091
26-Jan-2025 14:22:14.017,-0.054978,-0.271224,0.062919
26-Jan-2025 14:22:14.033,-0.001222,-0.286496,0.089186
26-Jan-2025 14:22:14.049,0.062919,-0.281609,0.129503
26-Jan-2025 14:22:14.065,0.100182,-0.287107,0.155771
26-Jan-2025 14:22:14.081,0.112399,-0.288939,0.171042
26-Jan-2025 14:22:14.097,0.11301,-0.332922,0.174097
26-Jan-2025 14:22:14.113,0.142332,-0.422108,0.175929
26-Jan-2025 14:22:14.129,0.230907,-0.33903,0.19792
26-Jan-2025 14:22:14.145,0.314596,-0.31765,0.229074
26-Jan-2025 14:22:14.161,0.355524,-0.391565,0.259007
26-Jan-2025 14:22:14.177,0.414777,-0.441045,0.270002
26-Jan-2025 14:22:14.193,0.448375,-0.415999,0.273057
26-Jan-2025 14:22:14.209,0.329256,-0.422719,0.315206
26-Jan-2025 14:22:14.225,0.060476,-0.464258,0.347582
26-Jan-2025 14:22:14.241,-0.129503,-0.509462,0.26817
26-Jan-2025 14:22:14.258,-0.313985,-0.634689,0.082467
26-Jan-2025 14:22:14.274,-0.39523,-0.742812,-0.034819
26-Jan-2025 14:22:14.290,-0.366519,-0.879035,-0.088575
26-Jan-2025 14:22:14.306,-0.203418,-0.831388,-0.088575
26-Jan-2025 14:22:14.322,0.07758,-0.618196,-0.112399
26-Jan-2025 14:22:14.338,0.210749,-0.52962,-0.142942
26-Jan-2025 14:22:14.354,0.285885,-0.499688,-0.15516
26-Jan-2025 14:22:14.370,0.320704,-0.503964,-0.144775
26-Jan-2025 14:22:14.386,0.253509,-0.55772,-0.108734
26-Jan-2025 14:22:14.402,0.081856,-0.626748,0.017715
26-Jan-2025 14:22:14.418,-0.095906,-0.55772,0.067806
26-Jan-2025 14:22:14.434,-0.280998,-0.359189,-0.036041
26-Jan-2025 14:22:14.450,-0.340252,-0.251676,-0.18326
26-Jan-2025 14:22:14.466,-0.333532,-0.144775,-0.343917
26-Jan-2025 14:22:14.482,-0.301767,-0.089186,-0.38851
26-Jan-2025 14:22:14.498,-0.265116,-0.073915,-0.355524
26-Jan-2025 14:22:14.514,-0.213192,-0.075136,-0.249844
26-Jan-2025 14:22:14.530,-0.170431,-0.046426,-0.167377
26-Jan-2025 14:22:14.547,-0.107512,0.037263,-0.112399
26-Jan-2025 14:22:14.563,-0.058643,0.083689,-0.116064
26-Jan-2025 14:22:14.579,-0.020159,0.061087,-0.12706
26-Jan-2025 14:22:14.595,-0.003665,0.037874,-0.125838
26-Jan-2025 14:22:14.611,0.01405,0.061087,-0.109956
26-Jan-2025 14:22:14.627,0.041539,0.119119,-0.100182
26-Jan-2025 14:22:14.643,0.082467,0.154549,-0.094684
26-Jan-2025 14:22:14.659,0.14111,0.153938,-0.117897
26-Jan-2025 14:22:14.675,0.226631,0.143553,-0.180205
26-Jan-2025 14:22:14.691,0.277944,0.11301,-0.285885
26-Jan-2025 14:22:14.707,0.272446,0.080023,-0.349415
26-Jan-2025 14:22:14.723,0.262061,0.098349,-0.390954
26-Jan-2025 14:22:14.739,0.323148,0.118508,-0.39523
26-Jan-2025 14:22:14.755,0.632246,0.10568,-0.397062
26-Jan-2025 14:22:14.771,0.699441,0.020159,-0.314596
26-Jan-2025 14:22:14.787,0.458149,-0.010996,-0.197309
26-Jan-2025 14:22:14.803,0.419664,-0.012217,-0.214414
26-Jan-2025 14:22:14.820,0.404393,-0.013439,-0.255953
26-Jan-2025 14:22:14.836,0.312152,0.065973,-0.248011
26-Jan-2025 14:22:14.852,0.181427,0.232129,-0.210138
26-Jan-2025 14:22:14.868,0.009774,0.430049,-0.150273
26-Jan-2025 14:22:14.884,-0.043982,0.323148,-0.083689
26-Jan-2025 14:22:14.900,-0.015272,0.053756,0.037263
26-Jan-2025 14:22:14.916,-0.008552,-0.033598,0.097128
26-Jan-2025 14:22:14.932,-0.046426,-0.052534,0.071471
26-Jan-2025 14:22:14.948,-0.043982,-0.012217,-0.002443
26-Jan-2025 14:22:14.964,-0.09163,-0.114232,-0.081856
26-Jan-2025 14:22:14.980,-0.202196,-0.238237,-0.113621
26-Jan-2025 14:22:14.996,-0.276722,-0.299935,-0.154549
26-Jan-2025 14:22:15.012,-0.282831,-0.342695,-0.193033
26-Jan-2025 14:22:15.028,-0.240681,-0.352469,-0.182038
26-Jan-2025 14:22:15.044,-0.192423,-0.366519,-0.146608
26-Jan-2025 14:22:15.060,-0.209527,-0.394008,-0.131336
26-Jan-2025 14:22:15.076,-0.254731,-0.474031,-0.168599
26-Jan-2025 14:22:15.092,-0.257785,-0.555277,-0.236405
26-Jan-2025 14:22:15.109,-0.233351,-0.662789,-0.345139
26-Jan-2025 14:22:15.125,-0.150884,-0.634078,-0.376293
26-Jan-2025 14:22:15.141,0.005498,-0.569326,-0.333532
26-Jan-2025 14:22:15.157,0.026267,-0.627969,-0.294437
26-Jan-2025 14:22:15.173,-0.054978,-0.692721,-0.246179
26-Jan-2025 14:22:15.189,-0.263283,-0.775188,-0.202807
26-Jan-2025 14:22:15.205,-0.415999,-0.820392,-0.25412
26-Jan-2025 14:22:15.220,-0.417221,-0.832609,-0.36713
26-Jan-2025 14:22:15.237,-0.299935,-0.884533,-0.456316
26-Jan-2025 14:22:15.253,-0.075136,-0.887587,-0.485638
26-Jan-2025 14:22:15.269,0.051924,-0.876592,-0.396452
26-Jan-2025 14:22:15.285,0.155771,-0.83322,-0.158214
26-Jan-2025 14:22:15.301,0.18387,-0.835053,0.016493
26-Jan-2025 14:22:15.317,0.156992,-0.865596,0.138056
26-Jan-2025 14:22:15.333,0.182649,-0.773966,0.188147
26-Jan-2025 14:22:15.349,0.295048,-0.687834,0.241292
26-Jan-2025 14:22:15.365,0.499077,-0.737925,0.29627
26-Jan-2025 14:22:15.381,0.629802,-0.791681,0.291383
26-Jan-2025 14:22:15.397,0.704328,-0.747699,0.237627
26-Jan-2025 14:22:15.414,0.58582,-0.802066,0.18387
26-Jan-2025 14:22:15.430,0.188147,-0.899805,0.144164
26-Jan-2025 14:22:15.446,-0.047037,-0.806953,0.150273
26-Jan-2025 14:22:15.462,-0.221133,-0.747088,0.076969
26-Jan-2025 14:22:15.478,-0.240681,-0.779464,0.000611
26-Jan-2025 14:22:15.494,-0.081245,-0.731206,-0.046426
26-Jan-2025 14:22:15.510,0.207694,-0.648739,-0.073304
26-Jan-2025 14:22:15.526,0.370184,-0.637743,-0.040317
26-Jan-2025 14:22:15.541,0.523512,-0.704938,0.027489
26-Jan-2025 14:22:15.558,0.505186,-0.842994,0.011606
26-Jan-2025 14:22:15.574,0.239459,-1.00243,-0.027489
26-Jan-2025 14:22:15.590,0.009774,-0.98105,-0.003665
26-Jan-2025 14:22:15.606,-0.172264,-0.715934,-0.03543
26-Jan-2025 14:22:15.622,-0.236405,-0.524733,-0.121562
26-Jan-2025 14:22:15.638,-0.280387,-0.418443,-0.191201
26-Jan-2025 14:22:15.654,-0.311541,-0.351248,-0.173486
26-Jan-2025 14:22:15.670,-0.337808,-0.232129,-0.124006
26-Jan-2025 14:22:15.686,-0.335365,-0.061087,-0.045815
26-Jan-2025 14:22:15.703,-0.323759,0.053756,-0.002443
26-Jan-2025 14:22:15.719,-0.258396,0.178373,0.043371
26-Jan-2025 14:22:15.735,-0.179594,0.276111,0.061087
26-Jan-2025 14:22:15.751,-0.101404,0.3598,0.076969
26-Jan-2025 14:22:15.767,-0.075136,0.357356,0.111177
26-Jan-2025 14:22:15.783,0.012217,0.414777,0.164323
26-Jan-2025 14:22:15.799,0.091019,0.496023,0.199753
26-Jan-2025 14:22:15.815,0.149051,0.630413,0.248622
26-Jan-2025 14:22:15.831,0.124006,0.704938,0.241292
26-Jan-2025 14:22:15.847,0.0562,0.745866,0.198531
26-Jan-2025 14:22:15.862,-0.023213,0.770912,0.137445
26-Jan-2025 14:22:15.879,-0.051924,0.824668,0.083078
26-Jan-2025 14:22:15.895,-0.082467,0.953561,-0.002443
26-Jan-2025 14:22:15.911,-0.081245,1.064738,-0.068417
26-Jan-2025 14:22:15.927,0.110567,1.243722,-0.106901
26-Jan-2025 14:22:15.943,0.180205,1.218676,-0.096517
26-Jan-2025 14:22:15.959,0.045204,1.265102,-0.017104
26-Jan-2025 14:22:15.975,-0.010385,1.331686,0.022602
26-Jan-2025 14:22:15.992,0.00733,1.349401,0.019548
26-Jan-2025 14:22:16.007,0.001833,1.477683,-0.024435
26-Jan-2025 14:22:16.024,-0.11301,1.642617,-0.054978
26-Jan-2025 14:22:16.040,-0.28222,1.852754,-0.033598
26-Jan-2025 14:22:16.056,-0.358578,1.896126,0.034819
26-Jan-2025 14:22:16.072,-0.426995,1.823433,0.173486
26-Jan-2025 14:22:16.088,-0.441045,1.859474,0.290161
26-Jan-2025 14:22:16.104,-0.376293,1.980425,0.42394
26-Jan-2025 14:22:16.120,-0.294437,1.91323,0.463036
26-Jan-2025 14:22:16.136,-0.193033,1.606576,0.413556
26-Jan-2025 14:22:16.152,-0.142942,1.466077,0.329867
26-Jan-2025 14:22:16.168,-0.160658,1.522276,0.270613
26-Jan-2025 14:22:16.184,-0.3036,1.75807,0.248622
26-Jan-2025 14:22:16.200,-0.419054,1.862528,0.294437
26-Jan-2025 14:22:16.216,-0.511294,1.812437,0.36713
26-Jan-2025 14:22:16.232,-0.514959,1.704925,0.389121
26-Jan-2025 14:22:16.248,-0.434325,1.598024,0.383623
26-Jan-2025 14:22:16.265,-0.352469,1.587639,0.354302
26-Jan-2025 14:22:16.281,-0.25412,1.610852,0.263283
26-Jan-2025 14:22:16.297,-0.193644,1.612684,0.16921
26-Jan-2025 14:22:16.313,-0.160047,1.53877,0.106291
26-Jan-2025 14:22:16.329,-0.164934,1.434312,0.130725
26-Jan-2025 14:22:16.345,-0.188757,1.38361,0.194255
26-Jan-2025 14:22:16.361,-0.230296,1.371392,0.253509
26-Jan-2025 14:22:16.377,-0.259007,1.337184,0.270002
26-Jan-2025 14:22:16.393,-0.291383,1.226007,0.265726
26-Jan-2025 14:22:16.409,-0.309098,1.12277,0.256563
26-Jan-2025 14:22:16.425,-0.301767,0.956615,0.23274
26-Jan-2025 14:22:16.441,-0.266948,0.849714,0.198531
26-Jan-2025 14:22:16.457,-0.196699,0.749532,0.139277
26-Jan-2025 14:22:16.473,-0.129503,0.6634,0.128893
26-Jan-2025 14:22:16.489,-0.053145,0.569937,0.170431
26-Jan-2025 14:22:16.505,0.017104,0.459371,0.279776
26-Jan-2025 14:22:16.521,0.034819,0.365908,0.349415
26-Jan-2025 14:22:16.537,0.012217,0.20464,0.369573
26-Jan-2025 14:22:16.554,0.003665,0.111177,0.384845
26-Jan-2025 14:22:16.570,0.097738,0.153938,0.408669
26-Jan-2025 14:22:16.586,0.04948,0.125838,0.420886
26-Jan-2025 14:22:16.602,-0.127671,0.141721,0.425162
26-Jan-2025 14:22:16.618,-0.201586,0.116675,0.386678
26-Jan-2025 14:22:16.634,-0.290772,-0.067195,0.281609
26-Jan-2025 14:22:16.650,-0.342695,-0.207694,0.227853
26-Jan-2025 14:22:16.666,-0.35308,-0.32498,0.194866
26-Jan-2025 14:22:16.682,-0.279165,-0.478918,0.145997
26-Jan-2025 14:22:16.698,-0.240681,-0.574213,0.121562
26-Jan-2025 14:22:16.714,-0.228464,-0.570548,0.067806
26-Jan-2025 14:22:16.730,-0.166155,-0.537561,-0.025045
26-Jan-2025 14:22:16.746,0.018326,-0.491136,-0.170431
26-Jan-2025 14:22:16.762,0.138056,-0.447153,-0.214414
26-Jan-2025 14:22:16.778,0.128893,-0.435547,-0.18326
26-Jan-2025 14:22:16.794,0.032376,-0.504575,-0.123395
26-Jan-2025 14:22:16.810,-0.105069,-0.637132,-0.034208
26-Jan-2025 14:22:16.827,-0.191812,-0.667676,-0.047037
26-Jan-2025 14:22:16.843,-0.254731,-0.627969,-0.136223
26-Jan-2025 14:22:16.859,-0.297491,-0.572992,-0.26817
26-Jan-2025 14:22:16.875,-0.272446,-0.560163,-0.341474
26-Jan-2025 14:22:16.891,-0.194255,-0.554666,-0.330478
26-Jan-2025 14:22:16.907,-0.152105,-0.542448,-0.239459
26-Jan-2025 14:22:16.923,-0.098349,-0.50091,-0.135612
26-Jan-2025 14:22:16.939,-0.065973,-0.499688,-0.119119
26-Jan-2025 14:22:16.955,-0.048869,-0.535729,-0.14844
26-Jan-2025 14:22:16.971,-0.040317,-0.538783,-0.189368
26-Jan-2025 14:22:16.987,-0.02138,-0.52229,-0.249233
26-Jan-2025 14:22:17.003,0.006109,-0.516181,-0.292604
26-Jan-2025 14:22:17.019,0.046426,-0.50824,-0.318872
26-Jan-2025 14:22:17.035,0.062308,-0.411723,-0.326813
26-Jan-2025 14:22:17.051,0.064141,-0.298102,-0.323148
26-Jan-2025 14:22:17.067,0.135612,-0.243124,-0.320704
26-Jan-2025 14:22:17.083,0.251066,-0.271835,-0.306043
26-Jan-2025 14:22:17.099,0.390954,-0.285274,-0.253509
26-Jan-2025 14:22:17.116,0.469755,-0.353691,-0.20464
26-Jan-2025 14:22:17.132,0.629191,-0.519846,-0.17654
26-Jan-2025 14:22:17.148,0.55772,-0.630413,-0.170431
26-Jan-2025 14:22:17.164,0.133779,-0.807564,-0.108123
26-Jan-2025 14:22:17.180,-0.394008,-0.902859,-0.062308
26-Jan-2025 14:22:17.196,-0.41661,-0.890642,-0.111788
26-Jan-2025 14:22:17.212,-0.108123,-0.983493,-0.144164
26-Jan-2025 14:22:17.228,0.122173,-1.070847,-0.078802
26-Jan-2025 14:22:17.244,0.143553,-1.205848,0.089797
26-Jan-2025 14:22:17.260,-0.0562,-1.304197,0.171653
26-Jan-2025 14:22:17.276,-0.350637,-1.366506,0.19059
26-Jan-2025 14:22:17.292,-0.380569,-1.382388,0.17654
26-Jan-2025 14:22:17.308,-0.218079,-1.525941,0.102014
26-Jan-2025 14:22:17.324,-0.143553,-1.739744,-0.011606
26-Jan-2025 14:22:17.340,-0.133169,-1.922393,-0.141721
26-Jan-2025 14:22:17.357,-0.182649,-2.024407,-0.213192
26-Jan-2025 14:22:17.372,-0.284663,-2.16063,-0.179594
26-Jan-2025 14:22:17.389,-0.320093,-2.377487,-0.111177
26-Jan-2025 14:22:17.405,-0.213192,-2.514932,-0.091019
26-Jan-2025 14:22:17.421,-0.062308,-2.580295,-0.096517
26-Jan-2025 14:22:17.437,0.020159,-2.507602,-0.097738
26-Jan-2025 14:22:17.453,0.083078,-2.392759,-0.133779
26-Jan-2025 14:22:17.469,0.040928,-2.412918,-0.203418
26-Jan-2025 14:22:17.485,-0.028711,-2.570521,-0.277944
26-Jan-2025 14:22:17.501,-0.043982,-2.693305,-0.270002
26-Jan-2025 14:22:17.517,-0.026267,-2.741563,-0.234572
26-Jan-2025 14:22:17.533,0.001222,-2.641992,-0.18326
26-Jan-2025 14:22:17.549,-0.0281,-2.475837,-0.168599
26-Jan-2025 14:22:17.565,-0.187536,-2.276084,-0.161268
26-Jan-2025 14:22:17.581,-0.337198,-2.260201,-0.16921
26-Jan-2025 14:22:17.597,-0.447764,-2.335338,-0.165544
26-Jan-2025 14:22:17.613,-0.457538,-2.35061,-0.131947
26-Jan-2025 14:22:17.630,-0.354913,-2.386651,-0.073915
26-Jan-2025 14:22:17.646,-0.287718,-2.452013,-0.012828
26-Jan-2025 14:22:17.662,-0.40928,-2.541199,0.126449
26-Jan-2025 14:22:17.678,-0.572992,-2.469728,0.268781
26-Jan-2025 14:22:17.694,-0.668287,-2.175291,0.463036
26-Jan-2025 14:22:17.710,-0.765414,-1.61696,0.606589
26-Jan-2025 14:22:17.726,-0.885144,-1.450194,0.463036
26-Jan-2025 14:22:17.742,-1.064738,-1.831985,0.163712
26-Jan-2025 14:22:17.758,-1.160033,-2.463009,0.11973
26-Jan-2025 14:22:17.774,-1.310917,-2.678644,0.499688
26-Jan-2025 14:22:17.790,-1.330464,-2.334116,0.979217
26-Jan-2025 14:22:17.806,-1.149037,-2.656042,1.699427
26-Jan-2025 14:22:17.822,-1.290758,-3.940081,2.52776
26-Jan-2025 14:22:17.838,-2.059227,-3.690848,4.17221
26-Jan-2025 14:22:17.854,-2.33656,-3.598607,5.620571
26-Jan-2025 14:22:17.870,-1.958434,-4.648685,7.039611
26-Jan-2025 14:22:17.886,-0.344528,-5.696319,7.987674
26-Jan-2025 14:22:17.903,0.579711,-5.581476,7.395134
26-Jan-2025 14:22:17.919,-0.745256,-5.872248,5.483737
26-Jan-2025 14:22:17.935,-0.680504,-6.705468,4.329813
26-Jan-2025 14:22:17.951,3.280957,-5.147151,3.612657
26-Jan-2025 14:22:17.967,-0.340252,3.60044,5.977927
26-Jan-2025 14:22:17.983,-0.072693,-6.093381,4.928461
26-Jan-2025 14:22:17.999,1.775174,-3.191771,4.262618
26-Jan-2025 14:22:18.015,0.313985,-0.393397,3.919922
26-Jan-2025 14:22:18.031,0.256563,-2.404976,2.730568
26-Jan-2025 14:22:18.047,-0.230907,-1.036027,1.910176
26-Jan-2025 14:22:18.063,-1.523498,-0.071471,1.154535
26-Jan-2025 14:22:18.079,-1.148427,-0.43738,0.984715
26-Jan-2025 14:22:18.095,-0.363465,0.462425,1.492344
26-Jan-2025 14:22:18.111,0.069639,0.710436,2.022575
26-Jan-2025 14:22:18.127,-0.332922,-0.117897,2.102598
26-Jan-2025 14:22:18.143,-0.848492,-0.583376,1.593137
26-Jan-2025 14:22:18.160,-1.274265,-0.984715,0.771523
26-Jan-2025 14:22:18.176,-1.469742,-1.23578,0.221133
26-Jan-2025 14:22:18.192,-1.5461,-1.196685,-0.37385
26-Jan-2025 14:22:18.208,-1.283428,-0.480751,-1.04519
26-Jan-2025 14:22:18.224,-1.17225,-0.481362,-1.271821
26-Jan-2025 14:22:18.240,-1.147816,-0.836275,-1.190576
26-Jan-2025 14:22:18.256,-1.094671,-1.2425,-0.972497
26-Jan-2025 14:22:18.272,-0.926072,-1.772731,-0.375071
26-Jan-2025 14:22:18.288,-0.694554,-2.000584,0.054978
26-Jan-2025 14:22:18.304,-0.445321,-2.078774,0.221744
26-Jan-2025 14:22:18.320,-0.20464,-1.965764,0.082467
26-Jan-2025 14:22:18.336,0.163712,-1.748296,-0.229685
26-Jan-2025 14:22:18.352,0.227242,-1.547322,-0.410501
26-Jan-2025 14:22:18.368,0.122784,-1.267545,-0.540616
26-Jan-2025 14:22:18.384,0.076358,-0.998154,-0.645074
26-Jan-2025 14:22:18.400,0.348193,-1.205237,-0.682947
26-Jan-2025 14:22:18.416,0.895528,-1.300532,-0.880868
26-Jan-2025 14:22:18.433,1.056797,-0.966389,-1.075123
26-Jan-2025 14:22:18.449,0.907135,-0.42333,-1.009149
26-Jan-2025 14:22:18.465,0.872316,-0.503353,-0.772745
26-Jan-2025 14:22:18.481,0.958448,-0.849714,-0.455705
26-Jan-2025 14:22:18.497,0.982882,-1.048245,-0.285274
26-Jan-2025 14:22:18.513,1.011593,-0.939511,-0.218079
26-Jan-2025 14:22:18.529,1.055575,-0.364076,-0.271224
26-Jan-2025 14:22:18.545,1.099557,0.068417,-0.412334
26-Jan-2025 14:22:18.561,1.159422,-0.166155,-0.660956
26-Jan-2025 14:22:18.577,1.152703,-0.529009,-0.750753
26-Jan-2025 14:22:18.593,1.056186,-0.795347,-0.713491
26-Jan-2025 14:22:18.609,0.930348,-0.73426,-0.667065
26-Jan-2025 14:22:18.625,0.715934,-0.38118,-0.645685
26-Jan-2025 14:22:18.641,0.583376,0.097128,-0.637743
26-Jan-2025 14:22:18.657,0.551,0.213192,-0.624304
26-Jan-2025 14:22:18.673,0.670119,-0.107512,-0.521679
26-Jan-2025 14:22:18.689,0.856433,-0.320093,-0.403171
26-Jan-2025 14:22:18.705,0.957226,-0.228464,-0.379958
26-Jan-2025 14:22:18.722,0.858877,0.114232,-0.47281
26-Jan-2025 14:22:18.738,0.675006,0.324369,-0.624915
26-Jan-2025 14:22:18.754,0.607811,0.167377,-0.72754
26-Jan-2025 14:22:18.770,0.41661,-0.241292,-0.766025
26-Jan-2025 14:22:18.786,0.136834,-0.185703,-0.667676
26-Jan-2025 14:22:18.802,-0.094684,-0.222355,-0.481362
26-Jan-2025 14:22:18.818,-0.167377,-0.290772,-0.326813
26-Jan-2025 14:22:18.834,-0.222355,-0.24679,-0.073915
26-Jan-2025 14:22:18.850,-0.168599,-0.291383,0.146608
26-Jan-2025 14:22:18.866,-0.076358,-0.424551,0.337808
26-Jan-2025 14:22:18.882,-0.032987,-0.568716,0.519235
26-Jan-2025 14:22:18.898,-0.060476,-0.561385,0.568716
26-Jan-2025 14:22:18.914,-0.106291,-0.454484,0.51557
26-Jan-2025 14:22:18.930,-0.094684,-0.422719,0.43066
26-Jan-2025 14:22:18.946,-0.075136,-0.435547,0.290772
26-Jan-2025 14:22:18.962,-0.076358,-0.461814,0.200975
26-Jan-2025 14:22:18.978,-0.094073,-0.459371,0.177151
26-Jan-2025 14:22:18.995,-0.075747,-0.5791,0.259007
26-Jan-2025 14:22:19.011,-0.058032,-0.726319,0.428827
26-Jan-2025 14:22:19.027,-0.061697,-0.67745,0.473421
26-Jan-2025 14:22:19.043,-0.067195,-0.59315,0.455095
26-Jan-2025 14:22:19.059,-0.041539,-0.525955,0.406836
26-Jan-2025 14:22:19.075,0.020159,-0.51557,0.415388
26-Jan-2025 14:22:19.091,0.087965,-0.455705,0.47281
26-Jan-2025 14:22:19.107,0.110567,-0.475864,0.498466
26-Jan-2025 14:22:19.123,0.103847,-0.472199,0.450819
26-Jan-2025 14:22:19.139,0.064141,-0.530231,0.346361
26-Jan-2025 14:22:19.155,0.023824,-0.626748,0.180816
26-Jan-2025 14:22:19.171,0.018937,-0.641409,0.073915
26-Jan-2025 14:22:19.187,0.039706,-0.634078,-0.010996
26-Jan-2025 14:22:19.203,0.092852,-0.579711,-0.087965
26-Jan-2025 14:22:19.219,0.143553,-0.544281,-0.124006
26-Jan-2025 14:22:19.235,0.216857,-0.520457,-0.142942
26-Jan-2025 14:22:19.251,0.264505,-0.534507,-0.13439
26-Jan-2025 14:22:19.267,0.299324,-0.525955,-0.132558
26-Jan-2025 14:22:19.284,0.295048,-0.516181,-0.140499
26-Jan-2025 14:22:19.300,0.287718,-0.516181,-0.149662
26-Jan-2025 14:22:19.316,0.281609,-0.52962,-0.139888
26-Jan-2025 14:22:19.332,0.249844,-0.502131,-0.103236
26-Jan-2025 14:22:19.348,0.216857,-0.439823,-0.087965
26-Jan-2025 14:22:19.364,0.165544,-0.311541,-0.068417
26-Jan-2025 14:22:19.380,0.067806,-0.223577,-0.054367
26-Jan-2025 14:22:19.396,-0.012217,-0.237627,-0.050091
26-Jan-2025 14:22:19.412,0,-0.216246,-0.037263
26-Jan-2025 14:22:19.428,-0.008552,-0.149662,-0.025045
26-Jan-2025 14:22:19.444,-0.062308,-0.046426,-0.011606
26-Jan-2025 14:22:19.460,-0.0562,-0.020159,-0.009163
26-Jan-2025 14:22:19.476,-0.030543,-0.015272,-0.00733
26-Jan-2025 14:22:19.492,-0.034208,-0.013439,-0.006109
26-Jan-2025 14:22:19.508,-0.039706,-0.00672,-0.001833
26-Jan-2025 14:22:19.524,-0.037263,0.005498,0.002443
26-Jan-2025 14:22:19.540,-0.039706,0.010996,0.008552
26-Jan-2025 14:22:19.557,-0.034819,-0.009774,0.02138
26-Jan-2025 14:22:19.573,-0.023824,-0.037874,0.032987
26-Jan-2025 14:22:19.589,-0.000611,-0.075136,0.048258
26-Jan-2025 14:22:19.605,0.008552,-0.081856,0.055589
26-Jan-2025 14:22:19.621,0.008552,-0.076969,0.064752
26-Jan-2025 14:22:19.637,0.013439,-0.087354,0.068417
26-Jan-2025 14:22:19.653,0.015882,-0.093462,0.064141
26-Jan-2025 14:22:19.669,0.016493,-0.119119,0.05681
26-Jan-2025 14:22:19.685,-0.010996,-0.092852,0.043982
26-Jan-2025 14:22:19.701,-0.023824,-0.096517,0.032376
26-Jan-2025 14:22:19.717,-0.030543,-0.084299,0.02138
26-Jan-2025 14:22:19.733,-0.029322,-0.061697,0.006109
26-Jan-2025 14:22:19.749,-0.014661,-0.050091,-0.00672
26-Jan-2025 14:22:19.765,-0.006109,-0.026878,-0.019548
26-Jan-2025 14:22:19.781,0.000611,-0.02138,-0.019548
26-Jan-2025 14:22:19.797,0.004887,-0.032987,-0.020769
26-Jan-2025 14:22:19.813,-0.009774,-0.028711,-0.020159
26-Jan-2025 14:22:19.829,-0.032987,-0.015272,-0.015882
26-Jan-2025 14:22:19.845,-0.031765,-0.01405,-0.008552
26-Jan-2025 14:22:19.862,-0.028711,-0.023213,-0.000611
26-Jan-2025 14:22:19.878,-0.040928,-0.037263,0.003665
26-Jan-2025 14:22:19.894,-0.053145,-0.041539,0.002443
26-Jan-2025 14:22:19.910,-0.050091,-0.04948,0.001222
26-Jan-2025 14:22:19.926,-0.048258,-0.04215,0.002443
26-Jan-2025 14:22:19.942,-0.054978,-0.058032,0.004276
26-Jan-2025 14:22:19.958,-0.05681,-0.075136,0.009163
26-Jan-2025 14:22:19.974,-0.039095,-0.079412,0.015272
26-Jan-2025 14:22:19.990,-0.020769,-0.064752,0.017104
26-Jan-2025 14:22:20.006,-0.007941,0.022602,0.018937
26-Jan-2025 14:22:20.022,0.003665,0.079412,0.022602
26-Jan-2025 14:22:20.038,-0.018937,-0.020769,0.014661
26-Jan-2025 14:22:20.054,0.002443,-0.062308,0.004887
26-Jan-2025 14:22:20.070,0.030543,-0.062308,-0.003054
26-Jan-2025 14:22:20.086,0.015882,-0.028711,-0.012217
26-Jan-2025 14:22:20.102,-0.006109,0.004276,-0.010996
26-Jan-2025 14:22:20.119,0.020159,-0.007941,-0.011606
26-Jan-2025 14:22:20.135,0.036041,-0.032987,-0.009163
26-Jan-2025 14:22:20.151,0.047647,-0.057421,-0.004276
26-Jan-2025 14:22:20.166,0.047647,-0.051313,-0.001833
26-Jan-2025 14:22:20.183,0.037263,-0.037263,-0.001833
26-Jan-2025 14:22:20.199,0.017715,-0.032376,-0.004887
26-Jan-2025 14:22:20.215,0.004276,-0.032376,-0.003665
26-Jan-2025 14:22:20.231,0.000611,-0.043371,0.003665
26-Jan-2025 14:22:20.247,0.006109,-0.03543,0.009163
26-Jan-2025 14:22:20.263,0.011606,-0.03543,0.015882
26-Jan-2025 14:22:20.279,0.012828,-0.03543,0.020159
26-Jan-2025 14:22:20.295,0.014661,-0.026267,0.016493
26-Jan-2025 14:22:20.311,0.023213,-0.036652,0.009774
26-Jan-2025 14:22:20.327,0.023213,-0.048869,0.010385
26-Jan-2025 14:22:20.342,-0.020769,-0.040928,0.009163
26-Jan-2025 14:22:20.359,-0.04215,-0.037874,-0.000611
26-Jan-2025 14:22:20.375,-0.013439,-0.034819,-0.010385
26-Jan-2025 14:22:20.391,-0.000611,-0.03543,-0.010385
26-Jan-2025 14:22:20.408,-0.002443,-0.037874,-0.008552
26-Jan-2025 14:22:20.423,-0.009163,-0.026267,-0.006109
26-Jan-2025 14:22:20.440,-0.010385,-0.019548,-0.009774
26-Jan-2025 14:22:20.456,-0.002443,-0.025045,-0.010385
26-Jan-2025 14:22:20.472,0.002443,-0.038485,-0.008552
26-Jan-2025 14:22:20.488,0.002443,-0.037874,-0.007941
26-Jan-2025 14:22:20.504,-0.000611,-0.016493,-0.000611
26-Jan-2025 14:22:20.520,-0.005498,-0.013439,0.007941
26-Jan-2025 14:22:20.536,-0.002443,-0.019548,0.012828
26-Jan-2025 14:22:20.552,-0.00733,-0.010996,0.017104
26-Jan-2025 14:22:20.568,-0.020159,-0.003054,0.020159
26-Jan-2025 14:22:20.584,-0.026267,0.000611,0.025045
26-Jan-2025 14:22:20.600,-0.010996,0.001222,0.023824
26-Jan-2025 14:22:20.616,-0.009774,0.009163,0.018937
26-Jan-2025 14:22:20.632,-0.01405,0.025656,0.011606
26-Jan-2025 14:22:20.648,-0.005498,0.040317,0.000611
26-Jan-2025 14:22:20.663,0.013439,0.0281,-0.013439
26-Jan-2025 14:22:20.680,0.015882,0.015272,-0.031154
26-Jan-2025 14:22:20.696,-0.004887,0.00672,-0.040317
26-Jan-2025 14:22:20.713,-0.017104,-0.012217,-0.046426
26-Jan-2025 14:22:20.729,0.011606,-0.01405,-0.040928
26-Jan-2025 14:22:20.745,0.018326,0.003665,-0.034819
26-Jan-2025 14:22:20.761,0.009163,0.07025,-0.031154
26-Jan-2025 14:22:20.777,-0.007941,0.034208,-0.031154
26-Jan-2025 14:22:20.793,-0.029932,-0.03543,-0.034819
26-Jan-2025 14:22:20.809,0,-0.09163,-0.023824
26-Jan-2025 14:22:20.825,-0.033598,-0.047647,-0.007941
26-Jan-2025 14:22:20.841,-0.053756,-0.014661,0
26-Jan-2025 14:22:20.857,-0.018326,-0.018937,-0.004276
26-Jan-2025 14:22:20.873,0.017715,-0.011606,-0.00733
26-Jan-2025 14:22:20.889,0.016493,-0.023213,-0.001833
26-Jan-2025 14:22:20.905,0.015272,-0.026267,0.005498
26-Jan-2025 14:22:20.921,0.011606,-0.015882,0.007941
26-Jan-2025 14:22:20.937,0.006109,-0.001222,0.009774
26-Jan-2025 14:22:20.953,0.012828,-0.012828,0.007941
26-Jan-2025 14:22:20.969,0.021991,-0.032376,0.012217
26-Jan-2025 14:22:20.984,0.0281,-0.040317,0.016493
26-Jan-2025 14:22:21.002,0.034819,-0.03543,0.019548
26-Jan-2025 14:22:21.018,0.037874,-0.031154,0.019548
26-Jan-2025 14:22:21.034,0.046426,-0.046426,0.016493
26-Jan-2025 14:22:21.050,0.053756,-0.055589,0.004276
26-Jan-2025 14:22:21.066,0.06353,-0.073915,-0.008552
26-Jan-2025 14:22:21.082,0.061087,-0.094684,-0.001833
26-Jan-2025 14:22:21.098,0.015272,-0.078802,0.009774
26-Jan-2025 14:22:21.114,0.017715,-0.062919,0.009163
26-Jan-2025 14:22:21.130,0.034819,-0.054367,0.009774
26-Jan-2025 14:22:21.146,0.031154,-0.052534,0.002443
26-Jan-2025 14:22:21.162,0.016493,-0.054978,-0.006109
26-Jan-2025 14:22:21.178,0.004887,-0.037263,-0.011606
26-Jan-2025 14:22:21.194,0.00672,-0.037263,-0.012217
26-Jan-2025 14:22:21.210,0.011606,-0.044593,-0.007941
26-Jan-2025 14:22:21.226,0.01405,-0.036652,0.005498
26-Jan-2025 14:22:21.242,0.015272,-0.034819,0.009774
26-Jan-2025 14:22:21.258,0.010385,-0.020769,0.010996
26-Jan-2025 14:22:21.274,0.000611,-0.006109,0.012828
26-Jan-2025 14:22:21.291,-0.009774,0.000611,0.018326
26-Jan-2025 14:22:21.307,-0.005498,0.008552,0.02138
26-Jan-2025 14:22:21.323,0.007941,0.015882,0.023824
26-Jan-2025 14:22:21.339,0.011606,0.020159,0.027489
26-Jan-2025 14:22:21.355,0.011606,0.023213,0.028711
26-Jan-2025 14:22:21.371,0.015882,0.022602,0.031765
26-Jan-2025 14:22:21.387,0.018937,0.016493,0.032376
26-Jan-2025 14:22:21.403,0.025656,0.017715,0.03543
26-Jan-2025 14:22:21.419,0.023824,0.008552,0.037263
26-Jan-2025 14:22:21.435,0.021991,0.003054,0.029932
26-Jan-2025 14:22:21.451,0.025656,0.001833,0.022602
26-Jan-2025 14:22:21.467,0.020769,-0.003054,0.015272
26-Jan-2025 14:22:21.483,0.002443,-0.012828,0.011606
26-Jan-2025 14:22:21.499,-0.015272,-0.010385,0.004276
26-Jan-2025 14:22:21.515,-0.010996,-0.003054,-0.002443
26-Jan-2025 14:22:21.531,-0.003054,-0.003665,-0.000611
26-Jan-2025 14:22:21.547,-0.003054,-0.020769,0.001833
26-Jan-2025 14:22:21.564,-0.00672,-0.021991,0.003665
26-Jan-2025 14:22:21.580,-0.011606,-0.001833,0.012217
26-Jan-2025 14:22:21.596,-0.00733,0.014661,0.014661
26-Jan-2025 14:22:21.612,-0.003665,0.084299,0.020159
26-Jan-2025 14:22:21.628,-0.050091,-0.0281,0.019548
26-Jan-2025 14:22:21.644,-0.038485,-0.067195,0.015882
26-Jan-2025 14:22:21.660,-0.015882,-0.067195,0.020159
26-Jan-2025 14:22:21.676,-0.066584,-0.004887,0.024435
26-Jan-2025 14:22:21.692,-0.076969,0.012828,0.023213
26-Jan-2025 14:22:21.708,-0.04215,0.006109,0.016493
26-Jan-2025 14:22:21.724,-0.017715,-0.00672,0.010385
26-Jan-2025 14:22:21.740,-0.011606,-0.01405,0.004887
26-Jan-2025 14:22:21.756,-0.009163,0.001833,0.000611
26-Jan-2025 14:22:21.772,-0.009163,0.013439,0
26-Jan-2025 14:22:21.788,-0.004276,0.016493,-0.001222
26-Jan-2025 14:22:21.804,-0.006109,0.010385,-0.001833
26-Jan-2025 14:22:21.820,0.004276,-0.000611,0
26-Jan-2025 14:22:21.836,0.012217,-0.000611,0.003054
26-Jan-2025 14:22:21.852,0.015272,-0.007941,0.005498
26-Jan-2025 14:22:21.868,0.005498,-0.029932,0.010385
26-Jan-2025 14:22:21.885,0.002443,-0.045815,0.010996
26-Jan-2025 14:22:21.901,0.0281,-0.032987,0.008552
26-Jan-2025 14:22:21.917,0.061087,-0.010385,0.003054
26-Jan-2025 14:22:21.933,0.043982,-0.00733,0.013439
26-Jan-2025 14:22:21.949,0.012828,-0.032376,0.03543
26-Jan-2025 14:22:21.965,0.020159,-0.052534,0.039706
26-Jan-2025 14:22:21.981,0.028711,-0.048869,0.031765
26-Jan-2025 14:22:21.997,0.01405,-0.034208,0.020769
26-Jan-2025 14:22:22.013,0.003665,-0.025656,0.018326
26-Jan-2025 14:22:22.029,0.003054,-0.027489,0.016493
26-Jan-2025 14:22:22.045,0.008552,-0.034819,0.01405
26-Jan-2025 14:22:22.061,0.004887,-0.032376,0.010996
26-Jan-2025 14:22:22.077,0.003665,-0.026267,0
26-Jan-2025 14:22:22.093,0.004887,-0.015272,-0.004887
26-Jan-2025 14:22:22.109,0.005498,0.000611,-0.003665
26-Jan-2025 14:22:22.125,0.006109,0.000611,0.001833
26-Jan-2025 14:22:22.141,0.00672,-0.00672,0.007941
26-Jan-2025 14:22:22.157,0.00733,0,0.009774
26-Jan-2025 14:22:22.174,0.007941,0.000611,0.009774
26-Jan-2025 14:22:22.189,0.010996,-0.010996,0.00733
26-Jan-2025 14:22:22.206,0.00733,-0.019548,0.006109
26-Jan-2025 14:22:22.222,-0.004276,-0.021991,0.005498
26-Jan-2025 14:22:22.238,-0.010385,-0.020769,0.00733
26-Jan-2025 14:22:22.254,-0.003054,-0.018326,0.009774
26-Jan-2025 14:22:22.270,0.003665,-0.017104,0.012828
26-Jan-2025 14:22:22.286,0.004276,-0.020769,0.009163
26-Jan-2025 14:22:22.302,0.001833,-0.025045,0.007941
26-Jan-2025 14:22:22.318,0.004276,-0.016493,0.00672
26-Jan-2025 14:22:22.334,0.001222,-0.012828,0.010385
26-Jan-2025 14:22:22.350,-0.004887,-0.008552,0.01405
26-Jan-2025 14:22:22.366,-0.002443,-0.016493,0.009163
26-Jan-2025 14:22:22.382,0.00672,-0.012828,0.009163
26-Jan-2025 14:22:22.398,0.007941,-0.010385,0.00672
26-Jan-2025 14:22:22.414,-0.000611,-0.01405,0.008552
26-Jan-2025 14:22:22.430,0.002443,-0.005498,0.004276
26-Jan-2025 14:22:22.446,0.012828,-0.002443,0.003054
26-Jan-2025 14:22:22.462,0.019548,0.017104,-0.000611
26-Jan-2025 14:22:22.479,0.020159,0.081245,0.004887
26-Jan-2025 14:22:22.495,-0.026878,-0.004887,0.004276
26-Jan-2025 14:22:22.511,-0.013439,-0.046426,0.004276
26-Jan-2025 14:22:22.527,0.00672,-0.088575,0.012828
26-Jan-2025 14:22:22.543,-0.048258,-0.028711,0.017104
26-Jan-2025 14:22:22.559,-0.062308,-0.012828,0.023213
26-Jan-2025 14:22:22.575,-0.019548,-0.029322,0.017715
26-Jan-2025 14:22:22.591,0.003054,-0.046426,0.014661
26-Jan-2025 14:22:22.607,0.013439,-0.065363,0.00672
26-Jan-2025 14:22:22.623,0.020159,-0.057421,0.002443
26-Jan-2025 14:22:22.639,0.021991,-0.031154,0.006109
26-Jan-2025 14:22:22.655,0.018937,-0.021991,0.011606
26-Jan-2025 14:22:22.671,0.021991,-0.026878,0.016493
26-Jan-2025 14:22:22.687,0.025045,-0.025656,0.022602
26-Jan-2025 14:22:22.703,0.023213,-0.023213,0.030543
26-Jan-2025 14:22:22.719,0.025045,-0.018937,0.033598
26-Jan-2025 14:22:22.735,0.026267,-0.023824,0.033598
26-Jan-2025 14:22:22.751,0.015882,-0.028711,0.032376
26-Jan-2025 14:22:22.768,0.009163,-0.027489,0.022602
26-Jan-2025 14:22:22.784,0.020769,-0.040928,0.008552
26-Jan-2025 14:22:22.800,0.012217,-0.052534,0.004276
26-Jan-2025 14:22:22.816,-0.033598,-0.033598,0.001833
26-Jan-2025 14:22:22.832,-0.016493,-0.040317,-0.001222
26-Jan-2025 14:22:22.848,-0.009774,-0.031154,-0.003054
26-Jan-2025 14:22:22.864,-0.013439,-0.014661,-0.005498
26-Jan-2025 14:22:22.880,-0.010996,-0.007941,-0.004276
26-Jan-2025 14:22:22.896,-0.010996,0.008552,-0.004276
26-Jan-2025 14:22:22.912,-0.00733,0.006109,-0.006109
26-Jan-2025 14:22:22.928,-0.004276,0.003665,-0.005498
26-Jan-2025 14:22:22.944,-0.004887,0.001833,-0.00672
26-Jan-2025 14:22:22.960,-0.001833,0.00672,-0.006109
26-Jan-2025 14:22:22.976,-0.004276,0.015882,-0.000611
26-Jan-2025 14:22:22.992,0.003665,0.023213,0.005498
26-Jan-2025 14:22:23.008,0.003665,0.020769,0.00733
26-Jan-2025 14:22:23.024,-0.004276,0.015882,0.004887
26-Jan-2025 14:22:23.041,-0.00733,0.01405,0.003054
26-Jan-2025 14:22:23.057,-0.009774,0.017104,0.003665
26-Jan-2025 14:22:23.073,-0.007941,0.014661,0.004276
26-Jan-2025 14:22:23.089,-0.003054,0.010996,0.004276
26-Jan-2025 14:22:23.105,-0.006109,0.009774,0.002443
26-Jan-2025 14:22:23.121,-0.006109,0.001222,0.003054
26-Jan-2025 14:22:23.137,0.003054,0.000611,0.002443
26-Jan-2025 14:22:23.153,0.003054,-0.002443,0.003054
26-Jan-2025 14:22:23.169,0.001833,-0.007941,0.004276
26-Jan-2025 14:22:23.185,0.001833,-0.010385,0.006109
26-Jan-2025 14:22:23.201,0.001222,-0.010996,0.004276
26-Jan-2025 14:22:23.217,0.001222,-0.006109,0.003054
26-Jan-2025 14:22:23.233,0.003665,-0.005498,0.003665
26-Jan-2025 14:22:23.249,0.000611,-0.004887,0.00672
26-Jan-2025 14:22:23.265,-0.001222,0.00672,0.008552
26-Jan-2025 14:22:23.281,-0.017104,-0.000611,0.014661
26-Jan-2025 14:22:23.298,-0.042761,-0.015882,0.017104
26-Jan-2025 14:22:23.314,-0.051313,-0.032987,0.015272
26-Jan-2025 14:22:23.330,-0.051313,-0.031154,0.017104
26-Jan-2025 14:22:23.346,-0.048258,0.003665,0.019548
26-Jan-2025 14:22:23.362,-0.036041,0.075747,0.037263
26-Jan-2025 14:22:23.378,-0.050702,0.004276,0.042761
26-Jan-2025 14:22:23.394,0.002443,-0.039095,0.039095
26-Jan-2025 14:22:23.410,0.014661,-0.04215,0.039095
26-Jan-2025 14:22:23.426,-0.057421,0.014661,0.032987
26-Jan-2025 14:22:23.442,-0.07086,0.029932,0.023213
26-Jan-2025 14:22:23.458,-0.050702,0.013439,0.00672
26-Jan-2025 14:22:23.474,-0.042761,-0.001222,-0.001833
26-Jan-2025 14:22:23.490,-0.020769,-0.015882,-0.012217
26-Jan-2025 14:22:23.506,-0.015882,-0.002443,-0.010996
26-Jan-2025 14:22:23.522,-0.016493,0.010385,-0.012217
26-Jan-2025 14:22:23.538,-0.014661,0.009774,-0.010385
26-Jan-2025 14:22:23.554,-0.005498,0,-0.00733
26-Jan-2025 14:22:23.571,0.003665,-0.009163,0
26-Jan-2025 14:22:23.587,0.007941,-0.009163,0.001833
26-Jan-2025 14:22:23.603,0.014661,-0.002443,0.004887
26-Jan-2025 14:22:23.619,0.019548,-0.005498,0.006109
26-Jan-2025 14:22:23.635,0.017715,-0.020769,0.010996
26-Jan-2025 14:22:23.651,0.012828,-0.009163,0.007941
26-Jan-2025 14:22:23.667,0.026267,-0.014661,0.001222
26-Jan-2025 14:22:23.683,0.009774,-0.025656,0
26-Jan-2025 14:22:23.699,-0.027489,-0.009774,0.000611
26-Jan-2025 14:22:23.715,-0.007941,-0.020769,-0.002443
26-Jan-2025 14:22:23.731,0,-0.014661,-0.003665
26-Jan-2025 14:22:23.747,-0.002443,-0.008552,-0.00733
26-Jan-2025 14:22:23.763,-0.001833,0.002443,-0.003665
26-Jan-2025 14:22:23.779,-0.007941,0.013439,0.001833
26-Jan-2025 14:22:23.795,-0.009163,0.010385,0
26-Jan-2025 14:22:23.811,-0.004887,-0.006109,-0.009774
26-Jan-2025 14:22:23.827,-0.009774,-0.003054,-0.015882
26-Jan-2025 14:22:23.843,-0.02138,0.006109,-0.020159
26-Jan-2025 14:22:23.860,-0.017715,0.004887,-0.010385
26-Jan-2025 14:22:23.876,-0.00733,0.009163,0.004887
26-Jan-2025 14:22:23.892,0.006109,0,0.017715
26-Jan-2025 14:22:23.908,0.007941,-0.002443,0.02138
26-Jan-2025 14:22:23.924,0.00672,0.004887,0.020769
26-Jan-2025 14:22:23.940,0.00672,0.008552,0.020769
26-Jan-2025 14:22:23.956,0.005498,0.003665,0.02138
26-Jan-2025 14:22:23.972,0.013439,-0.001222,0.017104
26-Jan-2025 14:22:23.988,0.005498,0.003054,0.00733
26-Jan-2025 14:22:24.004,0,0.005498,0.004276
26-Jan-2025 14:22:24.020,-0.004276,-0.000611,0.003054
26-Jan-2025 14:22:24.036,0.002443,-0.010385,-0.00672
26-Jan-2025 14:22:24.052,0.006109,-0.01405,-0.010385
26-Jan-2025 14:22:24.068,0.00672,-0.020159,-0.010996
26-Jan-2025 14:22:24.084,0.004276,-0.019548,-0.010385
26-Jan-2025 14:22:24.100,0.007941,-0.014661,-0.008552
26-Jan-2025 14:22:24.116,0.00672,-0.008552,-0.006109
26-Jan-2025 14:22:24.133,0.003665,-0.003054,-0.001833
26-Jan-2025 14:22:24.149,0.004887,0.000611,-0.001222
26-Jan-2025 14:22:24.165,0.004276,-0.002443,-0.000611
26-Jan-2025 14:22:24.181,0.003054,-0.003665,0
26-Jan-2025 14:22:24.197,0.004276,-0.003054,0.001833
26-Jan-2025 14:22:24.213,-0.009163,-0.018326,0.004276
26-Jan-2025 14:22:24.229,-0.021991,-0.019548,0.000611
26-Jan-2025 14:22:24.245,-0.010385,-0.018937,-0.001222
26-Jan-2025 14:22:24.261,-0.001833,-0.010385,-0.001833
26-Jan-2025 14:22:24.277,-0.003665,0.069639,0.004276
26-Jan-2025 14:22:24.293,-0.019548,0.040928,0.00672
26-Jan-2025 14:22:24.309,-0.015882,-0.023213,0.001222
26-Jan-2025 14:22:24.325,0.029322,-0.084299,0.004276
26-Jan-2025 14:22:24.341,-0.022602,-0.033598,0.003054
26-Jan-2025 14:22:24.357,-0.060476,0.004276,0.008552
26-Jan-2025 14:22:24.373,-0.044593,0.005498,0.005498
26-Jan-2025 14:22:24.389,-0.01405,-0.00733,0.005498
26-Jan-2025 14:22:24.405,0.010385,-0.028711,0.001833
26-Jan-2025 14:22:24.422,0.020159,-0.031765,-0.007941
26-Jan-2025 14:22:24.438,0.008552,-0.017104,-0.011606
26-Jan-2025 14:22:24.454,-0.003054,-0.00672,-0.015272
26-Jan-2025 14:22:24.470,0.003665,-0.00672,-0.017104
26-Jan-2025 14:22:24.486,0.015272,-0.010385,-0.016493
26-Jan-2025 14:22:24.502,0.017715,-0.006109,-0.012828
26-Jan-2025 14:22:24.518,0.017715,0,-0.00672
26-Jan-2025 14:22:24.534,0.012828,0.012828,-0.001222
26-Jan-2025 14:22:24.550,0.012217,0.01405,0.001833
26-Jan-2025 14:22:24.566,0.010996,0.005498,0.004887
26-Jan-2025 14:22:24.582,0.011606,0.010996,0.002443
26-Jan-2025 14:22:24.598,0.024435,-0.016493,-0.001222
26-Jan-2025 14:22:24.614,-0.001833,-0.020159,0.001222
26-Jan-2025 14:22:24.630,-0.016493,-0.012828,0
26-Jan-2025 14:22:24.646,-0.006109,-0.007941,0.002443
26-Jan-2025 14:22:24.662,-0.006109,-0.001222,-0.001222
26-Jan-2025 14:22:24.678,0,-0.003054,-0.004276
26-Jan-2025 14:22:24.695,0.000611,0.001833,-0.004276
26-Jan-2025 14:22:24.711,-0.006109,0.008552,-0.003665
26-Jan-2025 14:22:24.727,-0.002443,0.003665,-0.001833
26-Jan-2025 14:22:24.743,0.001833,-0.002443,0
26-Jan-2025 14:22:24.759,0.006109,0.003665,0.001833
26-Jan-2025 14:22:24.775,0.006109,0.018326,0.00733
26-Jan-2025 14:22:24.791,0.008552,0.029322,0.015882
26-Jan-2025 14:22:24.807,0.021991,0.04215,0.025045
26-Jan-2025 14:22:24.823,0.031154,0.039095,0.02138
26-Jan-2025 14:22:24.839,0.007941,0.058643,0.018326
26-Jan-2025 14:22:24.855,-0.023824,0.108734,0.023213
26-Jan-2025 14:22:24.871,-0.029322,0.17654,0.034208
26-Jan-2025 14:22:24.887,-0.000611,0.236405,0.053145
26-Jan-2025 14:22:24.903,0.01405,0.285274,0.066584
26-Jan-2025 14:22:24.919,0.039706,0.308487,0.061697
26-Jan-2025 14:22:24.935,0.052534,0.295659,0.052534
26-Jan-2025 14:22:24.951,0.059865,0.243735,0.029322
26-Jan-2025 14:22:24.967,0.047647,0.219911,-0.004887
26-Jan-2025 14:22:24.984,0.032987,0.164323,-0.068417
26-Jan-2025 14:22:25.000,0.007941,0.103847,-0.117897
26-Jan-2025 14:22:25.016,-0.006109,0.000611,-0.167377
26-Jan-2025 14:22:25.032,0.002443,-0.082467,-0.189979
26-Jan-2025 14:22:25.048,0.001833,-0.155771,-0.193644
26-Jan-2025 14:22:25.064,-0.008552,-0.207083,-0.177151
26-Jan-2025 14:22:25.080,-0.004887,-0.234572,-0.156382
26-Jan-2025 14:22:25.096,0.004887,-0.282831,-0.114232
26-Jan-2025 14:22:25.112,0.024435,-0.295048,-0.074526
26-Jan-2025 14:22:25.128,0.068417,-0.296881,-0.017715
26-Jan-2025 14:22:25.144,0.084299,-0.279776,0.018326
26-Jan-2025 14:22:25.160,0.097738,-0.257785,0.044593
26-Jan-2025 14:22:25.176,0.106901,-0.235183,0.059865
26-Jan-2025 14:22:25.192,0.087965,-0.213192,0.083078
26-Jan-2025 14:22:25.208,0.0281,-0.093462,0.130725
26-Jan-2025 14:22:25.225,0.004276,0.001222,0.167988
26-Jan-2025 14:22:25.240,-0.030543,-0.051313,0.186925
26-Jan-2025 14:22:25.257,0.007941,-0.103236,0.185703
26-Jan-2025 14:22:25.273,-0.040928,-0.171042,0.199142
26-Jan-2025 14:22:25.288,-0.147829,-0.091019,0.196088
26-Jan-2025 14:22:25.305,-0.215025,-0.07758,0.158214
26-Jan-2025 14:22:25.321,-0.219911,-0.076969,0.130114
26-Jan-2025 14:22:25.337,-0.178984,-0.097738,0.136834
26-Jan-2025 14:22:25.353,-0.16921,-0.103847,0.181427
26-Jan-2025 14:22:25.369,-0.186925,-0.11973,0.221744
26-Jan-2025 14:22:25.385,-0.277944,-0.106901,0.2474
26-Jan-2025 14:22:25.401,-0.313374,-0.079412,0.218079
26-Jan-2025 14:22:25.417,-0.302378,-0.100793,0.139277
26-Jan-2025 14:22:25.433,-0.301767,-0.075136,0.120951
26-Jan-2025 14:22:25.449,-0.378736,0.004887,0.135001
26-Jan-2025 14:22:25.464,-0.471588,0.075136,0.153327
26-Jan-2025 14:22:25.481,-0.555277,0.103847,0.153327
26-Jan-2025 14:22:25.497,-0.53634,0.095906,0.131336
26-Jan-2025 14:22:25.513,-0.49419,0.207083,0.140499
26-Jan-2025 14:22:25.530,-0.495412,0.328645,0.200975
26-Jan-2025 14:22:25.546,-0.530842,0.405615,0.250455
26-Jan-2025 14:22:25.562,-0.638965,0.557109,0.234572
26-Jan-2025 14:22:25.578,-0.746477,0.679893,0.188147
26-Jan-2025 14:22:25.594,-0.896139,0.826501,0.160658
26-Jan-2025 14:22:25.610,-1.007928,0.95295,0.14111
26-Jan-2025 14:22:25.626,-1.154535,1.077566,0.079412
26-Jan-2025 14:22:25.642,-1.203405,1.017091,-0.003054
26-Jan-2025 14:22:25.658,-1.249219,1.080621,-0.097128
26-Jan-2025 14:22:25.674,-1.276098,1.31336,-0.079412
26-Jan-2025 14:22:25.690,-1.389108,1.353067,-0.0562
26-Jan-2025 14:22:25.706,-1.543046,1.163698,-0.10568
26-Jan-2025 14:22:25.722,-1.659721,0.967611,-0.153938
26-Jan-2025 14:22:25.738,-1.718364,0.814283,-0.217468
26-Jan-2025 14:22:25.754,-1.773342,0.799623,-0.31032
26-Jan-2025 14:22:25.770,-1.89185,0.690889,-0.398895
26-Jan-2025 14:22:25.787,-1.9059,0.666454,-0.400728
26-Jan-2025 14:22:25.802,-1.922393,0.511294,-0.287718
26-Jan-2025 14:22:25.819,-1.981036,0.328035,-0.249233
26-Jan-2025 14:22:25.835,-2.107485,0.299324,-0.31093
26-Jan-2025 14:22:25.851,-2.149635,0.406836,-0.359189
26-Jan-2025 14:22:25.867,-2.125811,0.356745,-0.41661
26-Jan-2025 14:22:25.883,-1.973095,0.033598,-0.533896
26-Jan-2025 14:22:25.899,-1.880243,-0.062308,-0.602313
26-Jan-2025 14:22:25.915,-1.888795,0.071471,-0.62858
26-Jan-2025 14:22:25.931,-1.843591,0.086743,-0.513127
26-Jan-2025 14:22:25.947,-1.808772,0.02138,-0.383623
26-Jan-2025 14:22:25.963,-1.775174,-0.004887,-0.305433
26-Jan-2025 14:22:25.979,-1.780672,-0.113621,-0.186314
26-Jan-2025 14:22:25.995,-1.693929,-0.171653,-0.062308
26-Jan-2025 14:22:26.011,-1.80022,0.518014,0.017715
26-Jan-2025 14:22:26.027,-1.915063,0.207694,-0.095295
26-Jan-2025 14:22:26.043,-1.993864,0.018326,-0.331089
26-Jan-2025 14:22:26.059,-1.850922,0.048869,-0.6072
26-Jan-2025 14:22:26.075,-1.94133,0.149662,-0.748921
26-Jan-2025 14:22:26.092,-2.156354,0.196088,-0.858266
26-Jan-2025 14:22:26.108,-2.053729,0.271835,-0.85399
26-Jan-2025 14:22:26.124,-1.917506,0.216857,-0.859487
26-Jan-2025 14:22:26.140,-1.937665,0.023213,-0.963335
26-Jan-2025 14:22:26.156,-1.907732,-0.009163,-1.026865
26-Jan-2025 14:22:26.172,-1.82893,0.211359,-0.901637
26-Jan-2025 14:22:26.188,-1.841148,0.35308,-0.711047
26-Jan-2025 14:22:26.204,-1.868026,0.182038,-0.643852
26-Jan-2025 14:22:26.220,-1.759292,-0.060476,-0.604757
26-Jan-2025 14:22:26.236,-1.483181,-0.144164,-0.596815
26-Jan-2025 14:22:26.252,-1.405601,-0.132558,-0.596815
26-Jan-2025 14:22:26.268,-1.501507,-0.196699,-0.656069
26-Jan-2025 14:22:26.284,-1.603521,-0.19059,-0.758084
26-Jan-2025 14:22:26.300,-1.718975,-0.045815,-0.887587
26-Jan-2025 14:22:26.316,-1.775174,-0.050091,-0.923628
26-Jan-2025 14:22:26.332,-1.80022,-0.299324,-0.930348
26-Jan-2025 14:22:26.349,-1.825876,-0.440434,-0.927293
26-Jan-2025 14:22:26.364,-1.874745,-0.445321,-0.92485
26-Jan-2025 14:22:26.381,-1.883298,-0.279776,-0.930348
26-Jan-2025 14:22:26.397,-1.846035,-0.213803,-0.985326
26-Jan-2025 14:22:26.413,-1.73669,-0.115454,-1.087951
26-Jan-2025 14:22:26.429,-1.587028,-0.073915,-1.183857
26-Jan-2025 14:22:26.445,-1.31336,-0.210138,-1.254106
26-Jan-2025 14:22:26.461,-1.215011,-0.2474,-1.271211
26-Jan-2025 14:22:26.477,-1.247387,-0.114232,-1.230283
26-Jan-2025 14:22:26.493,-1.276098,-0.07086,-1.20035
26-Jan-2025 14:22:26.509,-1.078177,-0.262061,-1.271211
26-Jan-2025 14:22:26.525,-0.793514,-0.570548,-1.389718
26-Jan-2025 14:22:26.541,-0.519235,-0.701273,-1.498452
26-Jan-2025 14:22:26.557,-0.473421,-0.50152,-1.434922
26-Jan-2025 14:22:26.573,-0.626748,-0.368352,-1.276098
26-Jan-2025 14:22:26.589,-0.842383,-0.373239,-1.14354
26-Jan-2025 14:22:26.605,-0.876592,-0.392786,-1.082453
26-Jan-2025 14:22:26.621,-0.849714,-0.514959,-1.034195
26-Jan-2025 14:22:26.637,-0.849103,-0.574824,-1.006095
26-Jan-2025 14:22:26.654,-0.865596,-0.643241,-0.938289
26-Jan-2025 14:22:26.670,-0.847881,-0.725097,-0.929737
26-Jan-2025 14:22:26.686,-0.70616,-0.665843,-0.927904
26-Jan-2025 14:22:26.702,-0.662178,-0.57177,-0.834442
26-Jan-2025 14:22:26.718,-0.75564,-0.52229,-0.686613
26-Jan-2025 14:22:26.734,-0.951728,-0.445932,-0.559553
26-Jan-2025 14:22:26.750,-1.000597,-0.489303,-0.545503
26-Jan-2025 14:22:26.766,-0.966389,-0.516792,-0.590707
26-Jan-2025 14:22:26.782,-0.957226,-0.376293,-0.600481
26-Jan-2025 14:22:26.798,-0.988991,-0.262672,-0.577879
26-Jan-2025 14:22:26.814,-0.999376,-0.295659,-0.560163
26-Jan-2025 14:22:26.830,-0.871705,-0.387899,-0.494801
26-Jan-2025 14:22:26.846,-0.74831,-0.298102,-0.352469
26-Jan-2025 14:22:26.862,-0.739147,-0.414167,-0.208305
26-Jan-2025 14:22:26.878,-0.827722,-0.470366,-0.184481
26-Jan-2025 14:22:26.894,-0.88942,-0.499077,-0.124006
26-Jan-2025 14:22:26.910,-0.810618,-0.649961,0.059865
26-Jan-2025 14:22:26.926,-0.69883,-0.759305,0.19792
26-Jan-2025 14:22:26.943,-0.679282,-0.650571,0.255342
26-Jan-2025 14:22:26.959,-0.69211,-0.331089,0.21197
26-Jan-2025 14:22:26.975,-0.707382,-0.112399,0.118508
26-Jan-2025 14:22:26.991,-0.875981,0.029322,0.090408
26-Jan-2025 14:22:27.007,-1.264491,0.065973,0.252898
26-Jan-2025 14:22:27.023,-1.367116,0.114843,0.455705
26-Jan-2025 14:22:27.039,-1.328632,0.108734,0.61453
26-Jan-2025 14:22:27.055,-1.276708,0.094684,0.672563
26-Jan-2025 14:22:27.071,-1.399492,-0.061697,0.691499
26-Jan-2025 14:22:27.087,-1.667662,-0.301157,0.86865
26-Jan-2025 14:22:27.103,-1.880854,-0.376904,1.095892
26-Jan-2025 14:22:27.119,-2.087327,-0.604757,1.389718
26-Jan-2025 14:22:27.135,-2.199115,-0.717767,1.548543
26-Jan-2025 14:22:27.151,-2.32984,-0.892474,1.755627
26-Jan-2025 14:22:27.167,-2.411085,-0.859487,1.844202
26-Jan-2025 14:22:27.183,-2.382375,-0.551,1.968819
26-Jan-2025 14:22:27.199,-2.326786,-0.533285,2.042123
26-Jan-2025 14:22:27.215,-2.403755,-0.718378,2.155133
26-Jan-2025 14:22:27.232,-2.5131,-1.068403,2.271197
26-Jan-2025 14:22:27.248,-2.418416,-0.949895,2.128254
26-Jan-2025 14:22:27.264,-2.159409,-0.613309,1.60963
26-Jan-2025 14:22:27.280,-1.949271,-0.773966,1.072679
26-Jan-2025 14:22:27.296,-1.583363,-1.171029,0.519846
26-Jan-2025 14:22:27.312,-1.216233,-1.247387,0.373239
26-Jan-2025 14:22:27.328,-0.594372,-0.893085,0.513127
26-Jan-2025 14:22:27.344,-0.244957,-0.357356,0.731817
26-Jan-2025 14:22:27.360,-0.029322,-0.214414,0.993267
26-Jan-2025 14:22:27.376,0.0562,-0.116064,1.014647
26-Jan-2025 14:22:27.392,0.130725,-0.096517,0.908357
26-Jan-2025 14:22:27.408,0.152105,0.010996,0.704938
26-Jan-2025 14:22:27.424,0.07086,0.026878,0.609033
26-Jan-2025 14:22:27.440,0.072693,0.194255,0.554055
26-Jan-2025 14:22:27.456,0.286496,0.385456,0.524733
26-Jan-2025 14:22:27.473,0.594372,0.468534,0.377515
26-Jan-2025 14:22:27.488,0.67806,0.56505,0.233961
26-Jan-2025 14:22:27.505,0.68478,0.610254,0.113621
26-Jan-2025 14:22:27.521,0.71288,0.600481,0.065363
26-Jan-2025 14:22:27.537,0.713491,0.561996,0.047037
26-Jan-2025 14:22:27.553,0.772745,0.623693,0.042761
26-Jan-2025 14:22:27.569,0.934013,0.587652,0.012828
26-Jan-2025 14:22:27.585,1.176526,0.540616,-0.097738
26-Jan-2025 14:22:27.601,1.306641,0.490525,-0.172264
26-Jan-2025 14:22:27.617,1.39766,0.434936,-0.293215
26-Jan-2025 14:22:27.633,1.42637,0.38118,-0.406225
26-Jan-2025 14:22:27.649,1.427592,0.320704,-0.510072
26-Jan-2025 14:22:27.665,1.431257,0.332922,-0.577879
26-Jan-2025 14:22:27.681,1.47524,0.475864,-0.673784
26-Jan-2025 14:22:27.697,1.535715,0.48686,-0.691499
26-Jan-2025 14:22:27.713,1.63101,0.499688,-0.696386
26-Jan-2025 14:22:27.729,1.775174,0.585209,-0.780075
26-Jan-2025 14:22:27.745,1.831985,0.619417,-0.910189
26-Jan-2025 14:22:27.761,1.81427,0.654848,-1.078177
26-Jan-2025 14:22:27.778,1.788003,0.631024,-1.202794
26-Jan-2025 14:22:27.794,1.798998,0.470366,-1.372003
26-Jan-2025 14:22:27.810,1.894293,0.31093,-1.472796
26-Jan-2025 14:22:27.826,2.133752,0.224188,-1.514335
26-Jan-2025 14:22:27.842,2.331673,0.116675,-1.498452
26-Jan-2025 14:22:27.858,2.451402,0.097738,-1.423316
26-Jan-2025 14:22:27.874,2.381764,0.185703,-1.336573
26-Jan-2025 14:22:27.890,2.232713,0.123395,-1.230893
26-Jan-2025 14:22:27.906,2.119092,0.026267,-1.052521
26-Jan-2025 14:22:27.922,2.148413,0.017104,-0.871705
26-Jan-2025 14:22:27.938,2.174069,0.03543,-0.610254
26-Jan-2025 14:22:27.954,2.10382,0.082467,-0.448986
26-Jan-2025 14:22:27.970,1.852754,0.069028,-0.372628
26-Jan-2025 14:22:27.986,1.600467,0.050091,-0.396452
26-Jan-2025 14:22:28.002,1.291369,0.025656,-0.445932
26-Jan-2025 14:22:28.018,1.117272,0.0281,-0.453873
26-Jan-2025 14:22:28.034,0.998154,-0.003054,-0.419664
26-Jan-2025 14:22:28.050,0.863153,-0.053756,-0.361632
26-Jan-2025 14:22:28.067,0.767247,-0.099571,-0.349415
26-Jan-2025 14:22:28.083,0.654848,-0.109956,-0.368963
26-Jan-2025 14:22:28.099,0.577879,-0.048869,-0.405004
26-Jan-2025 14:22:28.115,0.466701,-0.001833,-0.478918
26-Jan-2025 14:22:28.131,0.398284,0.046426,-0.511294
26-Jan-2025 14:22:28.147,0.350026,-0.023824,-0.574824
26-Jan-2025 14:22:28.163,0.326813,-0.087354,-0.735482
26-Jan-2025 14:22:28.179,0.264505,-0.13439,-0.977995
26-Jan-2025 14:22:28.195,0.230907,-0.036041,-1.042136
26-Jan-2025 14:22:28.211,0.208305,0.08491,-0.969443
26-Jan-2025 14:22:28.227,0.179594,0.150884,-0.772134
26-Jan-2025 14:22:28.243,0.184481,0.133169,-0.662178
26-Jan-2025 14:22:28.259,0.246179,0.12034,-0.565661
26-Jan-2025 14:22:28.275,0.291383,0.115454,-0.502742
26-Jan-2025 14:22:28.291,0.342085,0.052534,-0.386678
26-Jan-2025 14:22:28.307,0.455705,0.00672,-0.328645
26-Jan-2025 14:22:28.323,0.736093,-0.099571,-0.28955
26-Jan-2025 14:22:28.339,0.946841,-0.113621,-0.255953
26-Jan-2025 14:22:28.356,0.977384,-0.120951,-0.136834
26-Jan-2025 14:22:28.372,0.766636,-0.019548,-0.029932
26-Jan-2025 14:22:28.388,0.480751,0.099571,-0.020159
26-Jan-2025 14:22:28.404,0.235183,0.220522,-0.156992
26-Jan-2025 14:22:28.420,0.219911,0.204029,-0.259618
26-Jan-2025 14:22:28.436,0.307876,0.062308,-0.281609
26-Jan-2025 14:22:28.452,0.414777,0.026267,-0.172264
26-Jan-2025 14:22:28.468,0.538172,0.092852,0.106291
26-Jan-2025 14:22:28.484,0.542448,0.080634,0.312763
26-Jan-2025 14:22:28.500,0.387899,0.001833,0.455705
26-Jan-2025 14:22:28.516,0.271224,-0.081245,0.479529
26-Jan-2025 14:22:28.532,0.262672,-0.122784,0.541227
26-Jan-2025 14:22:28.548,0.295048,-0.128282,0.648739
26-Jan-2025 14:22:28.564,0.280998,-0.202807,0.665843
26-Jan-2025 14:22:28.580,0.299324,-0.224798,0.537561
26-Jan-2025 14:22:28.597,0.361632,-0.267559,0.366519
26-Jan-2025 14:22:28.612,0.497244,-0.546724,0.223577
26-Jan-2025 14:22:28.629,0.596815,-0.706771,0.262061
26-Jan-2025 14:22:28.645,0.651793,-0.71288,0.333532
26-Jan-2025 14:22:28.661,0.623693,-0.744034,0.344528
26-Jan-2025 14:22:28.677,0.606589,-0.761749,0.266337
26-Jan-2025 14:22:28.693,0.625526,-0.751364,0.177151
26-Jan-2025 14:22:28.709,0.662178,-0.671952,0.112399
26-Jan-2025 14:22:28.725,0.604146,-0.598037,0.095906
26-Jan-2025 14:22:28.741,0.488081,-0.673173,0.164323
26-Jan-2025 14:22:28.757,0.345139,-0.574824,0.301157
26-Jan-2025 14:22:28.773,0.237627,-0.570548,0.362854
26-Jan-2025 14:22:28.789,0.229685,-0.624304,0.351248
26-Jan-2025 14:22:28.805,0.297491,-0.629191,0.317039
26-Jan-2025 14:22:28.821,0.339641,-0.715323,0.202807
26-Jan-2025 14:22:28.837,0.46609,-0.781907,0.142942
26-Jan-2025 14:22:28.853,0.52229,-0.817949,0.171653
26-Jan-2025 14:22:28.869,0.468534,-0.797179,0.227242
26-Jan-2025 14:22:28.885,0.405004,-0.744645,0.223577
26-Jan-2025 14:22:28.902,0.383013,-0.826501,0.135001
26-Jan-2025 14:22:28.918,0.459371,-1.105055,-0.015272
26-Jan-2025 14:22:28.934,0.588263,-1.111775,-0.098349
26-Jan-2025 14:22:28.950,0.522901,-1.144761,-0.116064
26-Jan-2025 14:22:28.966,0.390954,-1.076345,-0.016493
26-Jan-2025 14:22:28.982,0.362854,-1.013425,0.07086
26-Jan-2025 14:22:28.998,0.45204,-1.119105,0.175929
26-Jan-2025 14:22:29.014,0.586431,-1.147205,0.206472
26-Jan-2025 14:22:29.030,0.696386,-1.141096,0.254731
26-Jan-2025 14:22:29.046,0.647517,-1.167364,0.241903
26-Jan-2025 14:22:29.062,0.511905,-1.07329,0.2474
26-Jan-2025 14:22:29.078,0.295659,-0.982271,0.312152
26-Jan-2025 14:22:29.094,0.255953,-1.091005,0.331089
26-Jan-2025 14:22:29.110,0.09896,-1.1863,0.32498
26-Jan-2025 14:22:29.126,-0.058643,-1.281595,0.329256
26-Jan-2025 14:22:29.142,-0.273668,-1.197907,0.233961
26-Jan-2025 14:22:29.158,-0.399506,-1.084897,0.088575
26-Jan-2025 14:22:29.174,-0.370795,-0.92485,-0.096517
26-Jan-2025 14:22:29.191,-0.265726,-0.867429,-0.186925
26-Jan-2025 14:22:29.207,-0.182038,-0.750143,-0.230907
26-Jan-2025 14:22:29.223,-0.125227,-0.563829,-0.241903
26-Jan-2025 14:22:29.239,-0.090408,-0.467923,-0.179594
26-Jan-2025 14:22:29.255,-0.065973,-0.420275,0.116675
26-Jan-2025 14:22:29.271,-0.100182,-0.439212,0.252898
26-Jan-2025 14:22:29.287,-0.196088,-0.50824,0.117286
26-Jan-2025 14:22:29.303,-0.287107,-0.545503,-0.108123
26-Jan-2025 14:22:29.319,-0.372628,-0.576657,-0.361632
26-Jan-2025 14:22:29.335,-0.394619,-0.552833,-0.485027
26-Jan-2025 14:22:29.351,-0.398284,-0.477086,-0.563218
26-Jan-2025 14:22:29.367,-0.385456,-0.441045,-0.554666
26-Jan-2025 14:22:29.383,-0.337198,-0.362854,-0.532064
26-Jan-2025 14:22:29.399,-0.255953,-0.221744,-0.497244
26-Jan-2025 14:22:29.415,-0.24007,-0.188147,-0.489303
26-Jan-2025 14:22:29.431,-0.225409,-0.16249,-0.490525
26-Jan-2025 14:22:29.447,-0.218079,-0.11973,-0.482584
26-Jan-2025 14:22:29.463,-0.220522,-0.102625,-0.49419
26-Jan-2025 14:22:29.480,-0.211359,-0.117897,-0.525344
26-Jan-2025 14:22:29.496,-0.185092,-0.097738,-0.485027
26-Jan-2025 14:22:29.512,-0.149662,-0.172875,-0.445932
26-Jan-2025 14:22:29.528,-0.081245,-0.149662,-0.420275
26-Jan-2025 14:22:29.544,0,-0.088575,-0.359189
26-Jan-2025 14:22:29.560,0.06353,-0.062308,-0.304211
26-Jan-2025 14:22:29.576,0.109956,-0.111788,-0.293215
26-Jan-2025 14:22:29.592,0.153327,-0.180816,-0.32498
26-Jan-2025 14:22:29.608,0.2474,-0.321926,-0.316428
26-Jan-2025 14:22:29.624,0.323759,-0.340252,-0.304211
26-Jan-2025 14:22:29.640,0.406225,-0.377515,-0.272446
26-Jan-2025 14:22:29.656,0.531453,-0.283441,-0.246179
26-Jan-2025 14:22:29.672,0.50824,-0.248011,-0.182038
26-Jan-2025 14:22:29.688,0.511294,-0.167988,-0.047037
26-Jan-2025 14:22:29.704,0.654237,-0.139888,-0.011606
26-Jan-2025 14:22:29.721,0.700662,-0.217468,-0.046426
26-Jan-2025 14:22:29.736,0.665232,-0.258396,-0.047647
26-Jan-2025 14:22:29.753,0.52962,-0.222355,0.011606
26-Jan-2025 14:22:29.769,0.411723,-0.151495,0.083078
26-Jan-2025 14:22:29.785,0.278555,-0.030543,0.188147
26-Jan-2025 14:22:29.801,0.228464,0.04215,0.293826
26-Jan-2025 14:22:29.817,0.174097,0.088575,0.361632
26-Jan-2025 14:22:29.833,0.122173,0.139888,0.357967
26-Jan-2025 14:22:29.849,0.087965,0.184481,0.266948
26-Jan-2025 14:22:29.865,0.119119,0.233961,0.205251
26-Jan-2025 14:22:29.881,0.118508,0.252287,0.22602
26-Jan-2025 14:22:29.897,0.02138,0.180205,0.307265
26-Jan-2025 14:22:29.913,-0.094684,0.216857,0.33903
26-Jan-2025 14:22:29.929,-0.285274,0.251066,0.298102
26-Jan-2025 14:22:29.945,-0.350026,0.21869,0.307876
26-Jan-2025 14:22:29.961,-0.343306,0.158825,0.291994
26-Jan-2025 14:22:29.977,-0.287107,0.099571,0.271835
26-Jan-2025 14:22:29.993,-0.130114,0.083689,0.264505
26-Jan-2025 14:22:30.009,-0.047037,-0.013439,0.233961
26-Jan-2025 14:22:30.025,0.019548,-0.117897,0.208305
26-Jan-2025 14:22:30.042,0.033598,-0.135001,0.193644
26-Jan-2025 14:22:30.058,-0.00672,-0.088575,0.166766
26-Jan-2025 14:22:30.074,-0.119119,0.018937,0.122173
26-Jan-2025 14:22:30.089,-0.19792,0.024435,0.100793
26-Jan-2025 14:22:30.106,-0.290772,-0.015882,0.086743
26-Jan-2025 14:22:30.122,-0.31032,0.012217,0.075747
26-Jan-2025 14:22:30.138,-0.283441,0.051313,0.050702
26-Jan-2025 14:22:30.154,-0.28955,-0.037874,0.00733
26-Jan-2025 14:22:30.170,-0.236405,-0.177762,-0.062308
26-Jan-2025 14:22:30.186,-0.172264,-0.238237,-0.091019
26-Jan-2025 14:22:30.202,-0.126449,-0.300546,-0.109345
26-Jan-2025 14:22:30.218,-0.090408,-0.340252,-0.095906
26-Jan-2025 14:22:30.234,-0.061697,-0.369573,-0.051924
26-Jan-2025 14:22:30.250,0.018937,-0.370795,0.041539
26-Jan-2025 14:22:30.266,0.07758,-0.413556,0.117286
26-Jan-2025 14:22:30.282,0.150273,-0.503353,0.19059
26-Jan-2025 14:22:30.298,0.28222,-0.605978,0.227242
26-Jan-2025 14:22:30.315,0.461814,-0.633467,0.271224
26-Jan-2025 14:22:30.331,0.55772,-0.525955,0.300546
26-Jan-2025 14:22:30.347,0.632856,-0.393397,0.312763
26-Jan-2025 14:22:30.363,0.533896,-0.346971,0.315206
26-Jan-2025 14:22:30.379,0.284052,-0.304822,0.315817
26-Jan-2025 14:22:30.395,-0.197309,-0.321315,0.221744
26-Jan-2025 14:22:30.410,-0.532674,-0.31765,0.097738
26-Jan-2025 14:22:30.427,-0.689667,-0.483194,-0.054367
26-Jan-2025 14:22:30.443,-0.505796,-0.563829,-0.135001
26-Jan-2025 14:22:30.459,-0.114843,-0.567494,-0.257785
26-Jan-2025 14:22:30.475,0.092241,-0.483805,-0.316428
26-Jan-2025 14:22:30.491,0.152105,-0.220522,-0.270613
26-Jan-2025 14:22:30.507,0.053145,0.119119,-0.119119
26-Jan-2025 14:22:30.523,-0.01405,0.219911,0.125227
26-Jan-2025 14:22:30.539,-0.042761,0.207083,0.274278
26-Jan-2025 14:22:30.555,-0.069639,0.071471,0.351248
26-Jan-2025 14:22:30.571,-0.143553,-0.116675,0.250455
26-Jan-2025 14:22:30.586,-0.219911,-0.094073,0.067195
26-Jan-2025 14:22:30.604,-0.313374,-0.001222,-0.09163
26-Jan-2025 14:22:30.620,-0.391565,0.028711,-0.215025
26-Jan-2025 14:22:30.636,-0.386067,0.154549,-0.329256
26-Jan-2025 14:22:30.652,-0.353691,0.189368,-0.343306
26-Jan-2025 14:22:30.668,-0.318872,0.087965,-0.339641
26-Jan-2025 14:22:30.684,-0.26145,0.015882,-0.320093
26-Jan-2025 14:22:30.700,-0.181427,-0.054978,-0.301157
26-Jan-2025 14:22:30.716,-0.131336,-0.073304,-0.320704
26-Jan-2025 14:22:30.731,-0.114843,-0.075136,-0.345139
26-Jan-2025 14:22:30.748,-0.191812,-0.065363,-0.445932
26-Jan-2025 14:22:30.764,-0.199753,0.106291,-0.403782
26-Jan-2025 14:22:30.780,-0.171042,0.144775,-0.233961
26-Jan-2025 14:22:30.796,-0.074526,0.085521,-0.179594
26-Jan-2025 14:22:30.812,0.146608,-0.008552,-0.18326
26-Jan-2025 14:22:30.828,0.287107,-0.075747,-0.191201
26-Jan-2025 14:22:30.844,0.333532,-0.164934,-0.250455
26-Jan-2025 14:22:30.860,0.293215,-0.110567,-0.318261
26-Jan-2025 14:22:30.877,0.266337,0.005498,-0.381791
26-Jan-2025 14:22:30.893,0.280387,0.090408,-0.420275
26-Jan-2025 14:22:30.909,0.321315,0.153327,-0.407447
26-Jan-2025 14:22:30.925,0.533285,0.373239,-0.431271
26-Jan-2025 14:22:30.941,0.577879,0.213192,-0.412334
26-Jan-2025 14:22:30.957,0.429438,-0.147219,-0.348193
26-Jan-2025 14:22:30.973,0.399506,-0.335976,-0.260229
26-Jan-2025 14:22:30.989,0.459371,-0.475864,-0.138666
26-Jan-2025 14:22:31.005,0.428827,-0.349415,-0.123395
26-Jan-2025 14:22:31.021,0.233961,-0.051313,-0.196088
26-Jan-2025 14:22:31.037,0.103236,0.025045,-0.213192
26-Jan-2025 14:22:31.053,0.095295,0.026267,-0.127671
26-Jan-2025 14:22:31.069,0.172875,-0.023824,0.100182
26-Jan-2025 14:22:31.085,0.193644,-0.191201,0.285274
26-Jan-2025 14:22:31.101,0.196088,-0.445321,0.469755
26-Jan-2025 14:22:31.117,0.199753,-0.48686,0.540005
26-Jan-2025 14:22:31.133,0.193644,-0.555277,0.524122
26-Jan-2025 14:22:31.150,0.18326,-0.662178,0.461203
26-Jan-2025 14:22:31.166,0.084299,-0.880868,0.445932
26-Jan-2025 14:22:31.182,-0.044593,-1.021978,0.503353
26-Jan-2025 14:22:31.198,-0.227853,-0.977384,0.6072
26-Jan-2025 14:22:31.214,-0.342085,-0.984715,0.670119
26-Jan-2025 14:22:31.230,-0.380569,-1.03053,0.676228
26-Jan-2025 14:22:31.246,-0.292604,-1.069014,0.530231
26-Jan-2025 14:22:31.262,-0.224188,-1.154535,0.350026
26-Jan-2025 14:22:31.278,-0.197309,-1.313971,0.184481
26-Jan-2025 14:22:31.294,-0.211359,-1.38361,0.158214
26-Jan-2025 14:22:31.310,-0.305433,-1.34818,0.222355
26-Jan-2025 14:22:31.326,-0.394008,-1.280374,0.328035
26-Jan-2025 14:22:31.342,-0.484416,-1.237613,0.466701
26-Jan-2025 14:22:31.358,-0.497855,-1.314582,0.518625
26-Jan-2025 14:22:31.374,-0.418443,-1.500285,0.467312
26-Jan-2025 14:22:31.390,-0.329867,-1.622458,0.335976
26-Jan-2025 14:22:31.407,-0.276111,-1.72264,0.207694
26-Jan-2025 14:22:31.423,-0.177762,-1.816713,0.114232
26-Jan-2025 14:22:31.439,-0.083078,-1.817324,0.094684
26-Jan-2025 14:22:31.455,0.011606,-1.780061,0.129503
26-Jan-2025 14:22:31.471,0.009774,-1.825876,0.19792
26-Jan-2025 14:22:31.487,-0.040928,-1.869859,0.28955
26-Jan-2025 14:22:31.503,-0.031154,-1.797776,0.328645
26-Jan-2025 14:22:31.519,-0.032376,-1.69454,0.362854
26-Jan-2025 14:22:31.535,-0.028711,-1.734246,0.36713
26-Jan-2025 14:22:31.551,0.069028,-1.808772,0.307265
26-Jan-2025 14:22:31.567,0.251676,-1.857641,0.255342
26-Jan-2025 14:22:31.583,0.141721,-2.030516,0.375071
26-Jan-2025 14:22:31.599,-0.279165,-2.135585,0.555277
26-Jan-2025 14:22:31.615,-0.573602,-2.097711,0.545503
26-Jan-2025 14:22:31.631,-0.74159,-2.11115,0.334754
26-Jan-2025 14:22:31.647,-0.767247,-2.358551,0.227242
26-Jan-2025 14:22:31.663,-0.670119,-2.455067,0.174097
26-Jan-2025 14:22:31.680,-0.522901,-2.32251,0.146608
26-Jan-2025 14:22:31.696,-0.280387,-2.088548,0.096517
26-Jan-2025 14:22:31.712,-0.072693,-2.081829,-0.004887
26-Jan-2025 14:22:31.728,0.015272,-2.284025,-0.174707
26-Jan-2025 14:22:31.744,-0.048869,-2.547919,-0.306654
26-Jan-2025 14:22:31.760,-0.16921,-2.565023,-0.297491
26-Jan-2025 14:22:31.776,-0.276111,-2.444683,-0.18326
26-Jan-2025 14:22:31.792,-0.299324,-2.364659,-0.111177
26-Jan-2025 14:22:31.808,-0.313374,-2.364659,-0.093462
26-Jan-2025 14:22:31.824,-0.326202,-2.295021,-0.169821
26-Jan-2025 14:22:31.840,-0.349415,-2.292577,-0.293215
26-Jan-2025 14:22:31.856,-0.288939,-2.228436,-0.340863
26-Jan-2025 14:22:31.872,-0.207083,-2.131309,-0.346971
26-Jan-2025 14:22:31.888,-0.165544,-2.050064,-0.340863
26-Jan-2025 14:22:31.904,-0.083078,-1.978593,-0.340863
26-Jan-2025 14:22:31.920,0.020159,-2.06167,-0.317039
26-Jan-2025 14:22:31.936,0.042761,-2.122757,-0.293215
26-Jan-2025 14:22:31.952,0.051924,-2.077553,-0.302378
26-Jan-2025 14:22:31.969,0.058032,-2.020742,-0.348193
26-Jan-2025 14:22:31.985,0.08491,-1.911397,-0.365908
26-Jan-2025 14:22:32.001,0.118508,-1.814881,-0.348193
26-Jan-2025 14:22:32.017,0.138666,-1.678047,-0.316428
26-Jan-2025 14:22:32.033,0.123395,-1.56748,-0.306654
26-Jan-2025 14:22:32.049,0.074526,-1.346347,-0.294437
26-Jan-2025 14:22:32.065,0.032987,-1.166142,-0.349415
26-Jan-2025 14:22:32.081,-0.015882,-1.075734,-0.445932
26-Jan-2025 14:22:32.097,0.011606,-0.970665,-0.535729
26-Jan-2025 14:22:32.113,0.058643,-0.849103,-0.504575
26-Jan-2025 14:22:32.129,0.111788,-0.740369,-0.435547
26-Jan-2025 14:22:32.145,0.160658,-0.577879,-0.421497
26-Jan-2025 14:22:32.161,0.321926,-0.282831,-0.45876
26-Jan-2025 14:22:32.177,0.376904,-0.233351,-0.455095
26-Jan-2025 14:22:32.193,0.233351,-0.137445,-0.362854
26-Jan-2025 14:22:32.209,0.113621,-0.05681,-0.330478
26-Jan-2025 14:22:32.225,0.021991,-0.0281,-0.365908
26-Jan-2025 14:22:32.241,0.021991,0.010385,-0.461203
26-Jan-2025 14:22:32.257,0.102014,-0.006109,-0.470366
26-Jan-2025 14:22:32.274,0.155771,-0.015272,-0.335976
26-Jan-2025 14:22:32.290,0.121562,0.018326,-0.201586
26-Jan-2025 14:22:32.306,0.066584,0.104458,-0.026878
26-Jan-2025 14:22:32.322,0.060476,0.300546,0.083689
26-Jan-2025 14:22:32.338,0.097128,0.414777,0.149662
26-Jan-2025 14:22:32.354,0.138056,0.296881,0.145997
26-Jan-2025 14:22:32.370,0.164934,0.155771,0.08491
26-Jan-2025 14:22:32.386,0.159436,0.149051,0.016493
26-Jan-2025 14:22:32.402,0.143553,0.304211,-0.003665
26-Jan-2025 14:22:32.418,0.043371,0.624915,0.097738
26-Jan-2025 14:22:32.434,-0.130725,0.667676,0.182038
26-Jan-2025 14:22:32.450,-0.279165,0.631635,0.297491
26-Jan-2025 14:22:32.466,-0.3317,0.6634,0.353691
26-Jan-2025 14:22:32.482,-0.401338,0.791071,0.368352
26-Jan-2025 14:22:32.498,-0.400728,0.86132,0.321315
26-Jan-2025 14:22:32.514,-0.302989,0.778853,0.241292
26-Jan-2025 14:22:32.530,-0.193033,0.68478,0.191812
26-Jan-2025 14:22:32.546,-0.115454,0.681115,0.18326
26-Jan-2025 14:22:32.563,-0.067195,0.67745,0.237627
26-Jan-2025 14:22:32.579,-0.079412,0.667676,0.266337
26-Jan-2025 14:22:32.595,-0.12034,0.608422,0.274889
26-Jan-2025 14:22:32.611,-0.111788,0.522901,0.270002
26-Jan-2025 14:22:32.627,-0.043371,0.438601,0.283441
26-Jan-2025 14:22:32.643,0.036652,0.420275,0.283441
26-Jan-2025 14:22:32.659,0.150884,0.414167,0.259007
26-Jan-2025 14:22:32.675,0.213192,0.338419,0.216246
26-Jan-2025 14:22:32.691,0.31093,0.28955,0.223577
26-Jan-2025 14:22:32.707,0.378736,0.245568,0.259007
26-Jan-2025 14:22:32.723,0.39523,0.177151,0.288939
26-Jan-2025 14:22:32.739,0.36713,0.145997,0.306654
26-Jan-2025 14:22:32.755,0.326202,0.161268,0.309098
26-Jan-2025 14:22:32.771,0.287718,0.185092,0.302378
26-Jan-2025 14:22:32.787,0.309098,0.193033,0.321926
26-Jan-2025 14:22:32.803,0.377515,0.228464,0.330478
26-Jan-2025 14:22:32.819,0.470977,0.193644,0.357356
26-Jan-2025 14:22:32.835,0.577879,0.09163,0.384845
26-Jan-2025 14:22:32.852,0.603535,0.012217,0.348804
26-Jan-2025 14:22:32.868,0.581544,-0.097738,0.271835
26-Jan-2025 14:22:32.884,0.463036,-0.116675,0.234572
26-Jan-2025 14:22:32.900,0.304211,-0.06353,0.216857
26-Jan-2025 14:22:32.916,0.117897,-0.068417,0.173486
26-Jan-2025 14:22:32.932,-0.001833,-0.161879,0.068417
26-Jan-2025 14:22:32.948,-0.106901,-0.372017,-0.111177
26-Jan-2025 14:22:32.964,-0.131947,-0.490525,-0.172875
26-Jan-2025 14:22:32.980,-0.055589,-0.36713,-0.205251
26-Jan-2025 14:22:32.996,0.081856,-0.016493,-0.238237
26-Jan-2025 14:22:33.012,0.122784,0.187536,-0.298102
26-Jan-2025 14:22:33.028,0.047037,0.180816,-0.326202
26-Jan-2025 14:22:33.044,0.026267,0.263283,-0.345139
26-Jan-2025 14:22:33.060,0.007941,0.314596,-0.391565
26-Jan-2025 14:22:33.076,-0.053145,0.327424,-0.428827
26-Jan-2025 14:22:33.092,-0.16249,0.210749,-0.336587
26-Jan-2025 14:22:33.108,-0.277944,0.170431,-0.250455
26-Jan-2025 14:22:33.125,-0.453873,0.323759,-0.276722
26-Jan-2025 14:22:33.141,-0.510072,0.526566,-0.329256
26-Jan-2025 14:22:33.157,-0.508851,0.722654,-0.339641
26-Jan-2025 14:22:33.173,-0.466701,0.757473,-0.338419
26-Jan-2025 14:22:33.189,-0.386678,0.820392,-0.299324
26-Jan-2025 14:22:33.205,-0.336587,0.901637,-0.249844
26-Jan-2025 14:22:33.221,-0.298713,0.941954,-0.206472
26-Jan-2025 14:22:33.237,-0.255342,0.937678,-0.164934
26-Jan-2025 14:22:33.253,-0.241292,0.939511,-0.146608
26-Jan-2025 14:22:33.269,-0.249233,0.95295,-0.140499
26-Jan-2025 14:22:33.285,-0.262672,0.984715,-0.137445
26-Jan-2025 14:22:33.301,-0.25412,0.977995,-0.125227
26-Jan-2025 14:22:33.317,-0.234572,0.921185,-0.109345
26-Jan-2025 14:22:33.333,-0.200975,0.883311,-0.090408
26-Jan-2025 14:22:33.349,-0.164934,0.869872,-0.076358
26-Jan-2025 14:22:33.365,-0.079412,0.859487,-0.07758
26-Jan-2025 14:22:33.381,0.021991,0.894918,-0.090408
26-Jan-2025 14:22:33.397,0.121562,0.873537,-0.124617
26-Jan-2025 14:22:33.413,0.155771,0.706771,-0.184481
26-Jan-2025 14:22:33.429,0.095906,0.6072,-0.197309
26-Jan-2025 14:22:33.446,-0.069639,0.62125,-0.22602
26-Jan-2025 14:22:33.462,-0.136834,0.715323,-0.26817
26-Jan-2025 14:22:33.478,-0.092241,0.704938,-0.34575
26-Jan-2025 14:22:33.494,-0.131947,0.595594,-0.337808
26-Jan-2025 14:22:33.510,-0.109956,0.648128,-0.302378
26-Jan-2025 14:22:33.526,0.026878,0.69883,-0.315817
26-Jan-2025 14:22:33.542,0.207083,0.720821,-0.305433
26-Jan-2025 14:22:33.558,0.354913,0.828944,-0.221744
26-Jan-2025 14:22:33.574,0.271835,0.961502,-0.140499
26-Jan-2025 14:22:33.590,-0.007941,1.138653,0.004887
26-Jan-2025 14:22:33.606,-0.181427,1.163698,0.114232
26-Jan-2025 14:22:33.622,-0.124006,1.222952,0.267559
26-Jan-2025 14:22:33.638,0.018937,1.241889,0.362854
26-Jan-2025 14:22:33.654,0.135612,1.174083,0.367741
26-Jan-2025 14:22:33.670,0.171653,1.178359,0.314596
26-Jan-2025 14:22:33.686,0.153327,1.289536,0.230296
26-Jan-2025 14:22:33.702,0.096517,1.353677,0.193033
26-Jan-2025 14:22:33.718,0.000611,1.443475,0.222966
26-Jan-2025 14:22:33.734,-0.204029,1.522887,0.340252
26-Jan-2025 14:22:33.750,-0.315206,1.477072,0.400728
26-Jan-2025 14:22:33.767,-0.335365,1.386053,0.441656
26-Jan-2025 14:22:33.783,-0.253509,1.324967,0.447764
26-Jan-2025 14:22:33.799,-0.076969,1.297478,0.380569
26-Jan-2025 14:22:33.815,0.043371,1.310306,0.293826
26-Jan-2025 14:22:33.831,0.155771,1.255939,0.207694
26-Jan-2025 14:22:33.847,0.202807,1.179581,0.191201
26-Jan-2025 14:22:33.863,0.229685,1.147205,0.21869
26-Jan-2025 14:22:33.879,0.21197,1.085508,0.274278
26-Jan-2025 14:22:33.895,0.170431,1.046412,0.293826
26-Jan-2025 14:22:33.911,0.132558,1.038471,0.278555
26-Jan-2025 14:22:33.927,0.114232,1.007317,0.230907
26-Jan-2025 14:22:33.943,0.111788,0.893696,0.161879
26-Jan-2025 14:22:33.959,0.11973,0.824057,0.131336
26-Jan-2025 14:22:33.975,0.15516,0.72021,0.095906
26-Jan-2025 14:22:33.991,0.195477,0.613309,0.057421
26-Jan-2025 14:22:34.007,0.241903,0.485027,0.015272
26-Jan-2025 14:22:34.023,0.252898,0.383623,-0.013439
26-Jan-2025 14:22:34.039,0.259007,0.302989,-0.003054
26-Jan-2025 14:22:34.055,0.270002,0.271224,0.044593
26-Jan-2025 14:22:34.071,0.277333,0.292604,0.073304
26-Jan-2025 14:22:34.088,0.337198,0.43738,0.083078
26-Jan-2025 14:22:34.104,0.382402,0.483194,0.105069
26-Jan-2025 14:22:34.120,0.439823,0.525955,0.14844
26-Jan-2025 14:22:34.136,0.496023,0.540616,0.153938
26-Jan-2025 14:22:34.152,0.486249,0.468534,0.125838
26-Jan-2025 14:22:34.168,0.324369,0.315206,0.062919
26-Jan-2025 14:22:34.184,0.140499,0.284663,-0.047037
26-Jan-2025 14:22:34.200,-0.036652,0.314596,-0.201586
26-Jan-2025 14:22:34.216,-0.085521,0.324369,-0.258396
26-Jan-2025 14:22:34.232,0,0.41661,-0.280998
26-Jan-2025 14:22:34.248,0.16249,0.535729,-0.312152
26-Jan-2025 14:22:34.264,0.298102,0.695776,-0.36713
26-Jan-2025 14:22:34.280,0.252287,0.822836,-0.403171
26-Jan-2025 14:22:34.296,0.103236,1.009149,-0.375071
26-Jan-2025 14:22:34.312,-0.048258,1.040914,-0.295048
26-Jan-2025 14:22:34.328,-0.181427,0.915076,-0.309098
26-Jan-2025 14:22:34.344,-0.235794,0.844827,-0.41661
26-Jan-2025 14:22:34.360,-0.258396,0.797179,-0.520457
26-Jan-2025 14:22:34.377,-0.277944,0.894918,-0.572381
26-Jan-2025 14:22:34.393,-0.299935,1.047023,-0.534507
26-Jan-2025 14:22:34.409,-0.35308,1.27793,-0.428217
26-Jan-2025 14:22:34.425,-0.366519,1.438588,-0.320704
26-Jan-2025 14:22:34.441,-0.356745,1.543046,-0.226631
26-Jan-2025 14:22:34.457,-0.3036,1.521055,-0.213803
26-Jan-2025 14:22:34.473,-0.196699,1.561982,-0.237627
26-Jan-2025 14:22:34.489,-0.138666,1.646893,-0.270613
26-Jan-2025 14:22:34.505,-0.106291,1.747075,-0.328035
26-Jan-2025 14:22:34.521,-0.092852,1.769677,-0.371406
26-Jan-2025 14:22:34.537,-0.073304,1.737301,-0.390954
26-Jan-2025 14:22:34.553,-0.0562,1.777007,-0.363465
26-Jan-2025 14:22:34.569,-0.073304,1.90651,-0.312763
26-Jan-2025 14:22:34.585,-0.037874,2.05434,-0.266948
26-Jan-2025 14:22:34.601,0.016493,2.1252,-0.267559
26-Jan-2025 14:22:34.617,0.053145,2.156965,-0.285274
26-Jan-2025 14:22:34.633,0.053145,2.129476,-0.301767
26-Jan-2025 14:22:34.649,0.065363,2.031738,-0.345139
26-Jan-2025 14:22:34.665,0.066584,1.939497,-0.380569
26-Jan-2025 14:22:34.682,0.023824,1.876578,-0.387289
26-Jan-2025 14:22:34.698,-0.072082,1.91323,-0.375071
26-Jan-2025 14:22:34.714,-0.151495,2.01891,-0.341474
26-Jan-2025 14:22:34.730,-0.397062,1.98409,-0.269392
26-Jan-2025 14:22:34.746,-0.582765,1.988977,-0.222355
26-Jan-2025 14:22:34.762,-0.658513,2.18873,-0.220522
26-Jan-2025 14:22:34.778,-0.616974,2.317012,-0.223577
26-Jan-2025 14:22:34.794,-0.480751,2.300519,-0.188757
26-Jan-2025 14:22:34.810,-0.390954,2.185065,-0.140499
26-Jan-2025 14:22:34.826,-0.380569,2.150246,-0.072693
26-Jan-2025 14:22:34.842,-0.455095,2.265699,-0.026878
26-Jan-2025 14:22:34.858,-0.505796,2.404976,0.012828
26-Jan-2025 14:22:34.874,-0.520457,2.517376,0.07025
26-Jan-2025 14:22:34.890,-0.51557,2.471561,0.092241
26-Jan-2025 14:22:34.906,-0.469755,2.370768,0.094684
26-Jan-2025 14:22:34.922,-0.401338,2.306627,0.099571
26-Jan-2025 14:22:34.938,-0.269392,2.27303,0.107512
26-Jan-2025 14:22:34.954,-0.159436,2.247373,0.116064
26-Jan-2025 14:22:34.970,-0.061087,2.257758,0.098349
26-Jan-2025 14:22:34.986,-0.020769,2.283414,0.071471
26-Jan-2025 14:22:35.003,-0.032987,2.259591,0.042761
26-Jan-2025 14:22:35.019,-0.064141,2.240043,0.027489
26-Jan-2025 14:22:35.035,-0.092241,2.221717,0.009774
26-Jan-2025 14:22:35.051,-0.116064,2.136807,-0.018326
26-Jan-2025 14:22:35.067,-0.12034,2.105653,-0.027489
26-Jan-2025 14:22:35.083,-0.130114,2.101987,-0.020159
26-Jan-2025 14:22:35.099,-0.122784,2.07572,-0.022602
26-Jan-2025 14:22:35.115,-0.108123,2.051286,-0.025656
26-Jan-2025 14:22:35.131,-0.098349,2.056172,-0.037874
26-Jan-2025 14:22:35.147,-0.117897,2.062892,-0.064752
26-Jan-2025 14:22:35.163,-0.153327,2.049453,-0.07758
26-Jan-2025 14:22:35.179,-0.170431,2.030516,-0.075747
26-Jan-2025 14:22:35.195,-0.128282,2.036625,-0.065363
26-Jan-2025 14:22:35.211,-0.088575,2.053729,-0.067195
26-Jan-2025 14:22:35.227,-0.07025,2.000584,-0.042761
26-Jan-2025 14:22:35.243,-0.057421,1.954158,0.000611
26-Jan-2025 14:22:35.259,-0.003665,1.970651,0.055589
26-Jan-2025 14:22:35.275,0.055589,2.010968,0.081856
26-Jan-2025 14:22:35.291,0.061697,1.907121,0.090408
26-Jan-2025 14:22:35.307,0.024435,1.799609,0.108123
26-Jan-2025 14:22:35.324,0.018937,1.787392,0.136223
26-Jan-2025 14:22:35.340,0.017715,1.802663,0.155771
26-Jan-2025 14:22:35.356,0.00672,1.775785,0.184481
26-Jan-2025 14:22:35.372,0.005498,1.695151,0.215635
26-Jan-2025 14:22:35.388,0.007941,1.60963,0.235183
26-Jan-2025 14:22:35.404,0.044593,1.529607,0.270002
26-Jan-2025 14:22:35.420,0.110567,1.498452,0.295048
26-Jan-2025 14:22:35.436,0.233961,1.395827,0.294437
26-Jan-2025 14:22:35.452,0.299324,1.254717,0.285885
26-Jan-2025 14:22:35.468,0.307265,1.160644,0.244346
26-Jan-2025 14:22:35.484,0.334754,1.162477,0.210749
26-Jan-2025 14:22:35.500,0.387289,1.152703,0.179594
26-Jan-2025 14:22:35.516,0.445932,1.064127,0.118508
26-Jan-2025 14:22:35.532,0.427606,0.99571,0.062919
26-Jan-2025 14:22:35.548,0.318872,1.001208,0.00733
26-Jan-2025 14:22:35.564,0.178373,1.010982,0.002443
26-Jan-2025 14:22:35.580,-0.025045,1.034195,0.001833
26-Jan-2025 14:22:35.596,-0.140499,1.018923,-0.047037
26-Jan-2025 14:22:35.612,-0.252287,0.974941,-0.141721
26-Jan-2025 14:22:35.628,-0.31093,0.972497,-0.180205
26-Jan-2025 14:22:35.645,-0.330478,1.068403,-0.167988
26-Jan-2025 14:22:35.661,-0.276111,1.19302,-0.146608
26-Jan-2025 14:22:35.677,-0.177151,1.234559,-0.135001
26-Jan-2025 14:22:35.693,-0.061697,1.13682,-0.111788
26-Jan-2025 14:22:35.709,-0.00733,1.051299,-0.073915
26-Jan-2025 14:22:35.725,0.009774,1.006706,-0.008552
26-Jan-2025 14:22:35.741,-0.028711,0.993267,0.027489
26-Jan-2025 14:22:35.757,-0.059254,0.902859,0.020159
26-Jan-2025 14:22:35.773,-0.061087,0.866207,-0.008552
26-Jan-2025 14:22:35.789,-0.082467,0.851546,-0.037263
26-Jan-2025 14:22:35.805,-0.104458,0.812451,-0.038485
26-Jan-2025 14:22:35.821,-0.096517,0.758084,-0.045204
26-Jan-2025 14:22:35.837,-0.0562,0.768468,-0.058643
26-Jan-2025 14:22:35.853,-0.012217,0.768468,-0.081245
26-Jan-2025 14:22:35.869,-0.0562,0.675617,-0.140499
26-Jan-2025 14:22:35.885,-0.12034,0.632246,-0.182649
26-Jan-2025 14:22:35.902,-0.231518,0.67745,-0.200364
26-Jan-2025 14:22:35.917,-0.295048,0.734871,-0.198531
26-Jan-2025 14:22:35.934,-0.297491,0.754419,-0.218079
26-Jan-2025 14:22:35.950,-0.252898,0.711047,-0.196088
26-Jan-2025 14:22:35.966,-0.219301,0.634078,-0.235794
26-Jan-2025 14:22:35.982,-0.180205,0.554666,-0.272446
26-Jan-2025 14:22:35.998,-0.124006,0.48014,-0.298102
26-Jan-2025 14:22:36.014,-0.067195,0.36713,-0.329256
26-Jan-2025 14:22:36.029,-0.029932,0.276111,-0.349415
26-Jan-2025 14:22:36.046,0.031765,0.189368,-0.363465
26-Jan-2025 14:22:36.062,0.079412,0.171653,-0.346971
26-Jan-2025 14:22:36.078,0.127671,0.178373,-0.31765
26-Jan-2025 14:22:36.094,0.143553,0.149051,-0.323148
26-Jan-2025 14:22:36.110,0.140499,0.11301,-0.337198
26-Jan-2025 14:22:36.126,0.154549,0.046426,-0.34575
26-Jan-2025 14:22:36.142,0.160658,-0.021991,-0.385456
26-Jan-2025 14:22:36.158,0.221744,0.004276,-0.420275
26-Jan-2025 14:22:36.174,0.40256,-0.011606,-0.425162
26-Jan-2025 14:22:36.190,0.514959,-0.163712,-0.332922
26-Jan-2025 14:22:36.206,0.380569,-0.144164,-0.221744
26-Jan-2025 14:22:36.223,0.213192,-0.135612,-0.177151
26-Jan-2025 14:22:36.239,0.194255,-0.078191,-0.212581
26-Jan-2025 14:22:36.255,0.262672,0.065973,-0.207694
26-Jan-2025 14:22:36.271,0.329256,0.128893,-0.101404
26-Jan-2025 14:22:36.287,0.341474,0.147219,0.057421
26-Jan-2025 14:22:36.303,0.306043,0.138056,0.110567
26-Jan-2025 14:22:36.319,0.219301,0.149051,0.125838
26-Jan-2025 14:22:36.335,0.094684,0.236405,0.136834
26-Jan-2025 14:22:36.351,0.069639,0.26817,0.142332
26-Jan-2025 14:22:36.367,0.109345,0.182649,0.135001
26-Jan-2025 14:22:36.383,0.129503,0.059254,0.117286
26-Jan-2025 14:22:36.399,0.120951,0.100793,0.130725
26-Jan-2025 14:22:36.415,0.125838,0.192423,0.156992
26-Jan-2025 14:22:36.431,0.083689,0.150884,0.213803
26-Jan-2025 14:22:36.447,0.032987,0.067195,0.251066
26-Jan-2025 14:22:36.463,-0.009163,0.032987,0.285885
26-Jan-2025 14:22:36.479,-0.058032,0.054367,0.312763
26-Jan-2025 14:22:36.496,-0.126449,0.034208,0.318261
26-Jan-2025 14:22:36.512,-0.151495,-0.030543,0.28222
26-Jan-2025 14:22:36.528,-0.14111,-0.064141,0.216246
26-Jan-2025 14:22:36.544,-0.115454,-0.138056,0.11973
26-Jan-2025 14:22:36.560,-0.083078,-0.174707,0.091019
26-Jan-2025 14:22:36.576,-0.097738,-0.17654,0.079412
26-Jan-2025 14:22:36.592,-0.128893,-0.188147,0.094073
26-Jan-2025 14:22:36.608,-0.180816,-0.210749,0.120951
26-Jan-2025 14:22:36.624,-0.205862,-0.225409,0.150884
26-Jan-2025 14:22:36.640,-0.187536,-0.220522,0.198531
26-Jan-2025 14:22:36.656,-0.160658,-0.273668,0.211359
26-Jan-2025 14:22:36.671,-0.141721,-0.312763,0.215635
26-Jan-2025 14:22:36.688,-0.146608,-0.348193,0.228464
26-Jan-2025 14:22:36.704,-0.16921,-0.397062,0.233351
26-Jan-2025 14:22:36.720,-0.174097,-0.476475,0.210138
26-Jan-2025 14:22:36.736,-0.172264,-0.560774,0.182038
26-Jan-2025 14:22:36.752,-0.174707,-0.643852,0.181427
26-Jan-2025 14:22:36.768,-0.156382,-0.661567,0.196699
26-Jan-2025 14:22:36.785,-0.098349,-0.675617,0.233961
26-Jan-2025 14:22:36.801,-0.059254,-0.707382,0.262672
26-Jan-2025 14:22:36.817,-0.018937,-0.791681,0.2755
26-Jan-2025 14:22:36.833,0.055589,-0.830166,0.288939
26-Jan-2025 14:22:36.849,0.16921,-0.835053,0.31093
26-Jan-2025 14:22:36.865,0.319483,-0.80512,0.313985
26-Jan-2025 14:22:36.881,0.406836,-0.847881,0.315206
26-Jan-2025 14:22:36.897,0.411112,-0.869261,0.330478
26-Jan-2025 14:22:36.913,0.315817,-0.818559,0.329867
26-Jan-2025 14:22:36.929,0.030543,-0.870483,0.274889
26-Jan-2025 14:22:36.945,-0.2474,-1.004873,0.217468
26-Jan-2025 14:22:36.961,-0.590096,-1.183246,0.15516
26-Jan-2025 14:22:36.977,-0.701273,-1.124603,0.10568
26-Jan-2025 14:22:36.993,-0.654237,-0.993267,0.067806
26-Jan-2025 14:22:37.009,-0.477086,-0.895528,0.032987
26-Jan-2025 14:22:37.025,-0.336587,-0.813672,-0.018326
26-Jan-2025 14:22:37.041,-0.180816,-0.554055,-0.09896
26-Jan-2025 14:22:37.058,-0.083078,-0.406836,-0.106901
26-Jan-2025 14:22:37.074,0.124617,-0.534507,-0.082467
26-Jan-2025 14:22:37.090,0.257785,-0.784351,-0.098349
26-Jan-2025 14:22:37.106,0.165544,-0.894307,-0.139277
26-Jan-2025 14:22:37.122,0.018937,-0.77641,-0.060476
26-Jan-2025 14:22:37.138,-0.137445,-0.820392,0.249844
26-Jan-2025 14:22:37.154,-0.16921,-0.909578,0.350026
26-Jan-2025 14:22:37.170,-0.164323,-0.860709,0.197309
26-Jan-2025 14:22:37.186,-0.193644,-0.722654,-0.105069
26-Jan-2025 14:22:37.202,-0.191201,-0.742812,-0.235794
26-Jan-2025 14:22:37.218,-0.111177,-0.831998,-0.280998
26-Jan-2025 14:22:37.234,-0.030543,-0.922406,-0.251676
26-Jan-2025 14:22:37.250,0.087354,-1.067792,-0.214414
26-Jan-2025 14:22:37.266,0.158214,-1.20035,-0.17654
26-Jan-2025 14:22:37.282,0.195477,-1.335351,-0.13439
26-Jan-2025 14:22:37.298,0.181427,-1.257771,-0.135001
26-Jan-2025 14:22:37.314,0.094684,-1.152703,-0.173486
26-Jan-2025 14:22:37.330,0.030543,-1.180192,-0.195477
26-Jan-2025 14:22:37.347,0.001833,-1.180802,-0.238237
26-Jan-2025 14:22:37.363,0.022602,-1.186911,-0.336587
26-Jan-2025 14:22:37.379,0.048258,-1.210735,-0.414167
26-Jan-2025 14:22:37.395,0.084299,-1.220509,-0.470366
26-Jan-2025 14:22:37.411,0.11973,-1.194242,-0.486249
26-Jan-2025 14:22:37.427,0.151495,-1.117272,-0.478307
26-Jan-2025 14:22:37.443,0.13439,-0.997543,-0.471588
26-Jan-2025 14:22:37.459,0.074526,-0.871705,-0.474642
26-Jan-2025 14:22:37.475,0.042761,-0.767247,-0.473421
26-Jan-2025 14:22:37.491,0.034819,-0.660956,-0.445932
26-Jan-2025 14:22:37.507,0.097128,-0.583376,-0.357967
26-Jan-2025 14:22:37.523,0.156382,-0.492357,-0.298102
26-Jan-2025 14:22:37.539,0.315817,-0.436158,-0.229074
26-Jan-2025 14:22:37.555,0.477697,-0.546724,-0.19059
26-Jan-2025 14:22:37.571,0.497244,-0.634078,-0.124006
26-Jan-2025 14:22:37.587,0.502742,-0.577268,-0.059865
26-Jan-2025 14:22:37.603,0.394619,-0.623083,-0.069028
26-Jan-2025 14:22:37.620,0.353691,-0.465479,-0.094073
26-Jan-2025 14:22:37.636,0.320704,-0.200975,-0.09163
26-Jan-2025 14:22:37.652,0.299935,-0.034819,-0.072082
26-Jan-2025 14:22:37.668,0.282831,0.129503,-0.051313
26-Jan-2025 14:22:37.684,0.182649,0.308487,0.0281
26-Jan-2025 14:22:37.700,0.059865,0.419054,0.106291
26-Jan-2025 14:22:37.716,-0.021991,0.459982,0.205251
26-Jan-2025 14:22:37.732,-0.057421,0.421497,0.236405
26-Jan-2025 14:22:37.748,-0.062308,0.379958,0.248011
26-Jan-2025 14:22:37.764,-0.041539,0.352469,0.216246
26-Jan-2025 14:22:37.780,-0.085521,0.321315,0.130114
26-Jan-2025 14:22:37.796,-0.171042,0.351248,0.111177
26-Jan-2025 14:22:37.812,-0.308487,0.401949,0.11973
26-Jan-2025 14:22:37.828,-0.40256,0.329867,0.133169
26-Jan-2025 14:22:37.844,-0.450208,0.274278,0.13439
26-Jan-2025 14:22:37.860,-0.413556,0.179594,0.126449
26-Jan-2025 14:22:37.876,-0.3598,0.054367,0.113621
26-Jan-2025 14:22:37.893,-0.295048,-0.024435,0.098349
26-Jan-2025 14:22:37.909,-0.262672,0.003665,0.09896
26-Jan-2025 14:22:37.925,-0.240681,0.025045,0.114232
26-Jan-2025 14:22:37.941,-0.244346,0.032376,0.158214
26-Jan-2025 14:22:37.957,-0.231518,-0.015272,0.258396
26-Jan-2025 14:22:37.973,-0.180205,-0.053756,0.321315
26-Jan-2025 14:22:37.989,-0.097128,-0.034208,0.405615
26-Jan-2025 14:22:38.005,-0.036652,-0.018326,0.450819
26-Jan-2025 14:22:38.021,0.037263,-0.043371,0.472199
26-Jan-2025 14:22:38.037,0.161879,-0.036041,0.448986
26-Jan-2025 14:22:38.053,0.259618,-0.039706,0.399506
26-Jan-2025 14:22:38.069,0.351248,-0.051924,0.342085
26-Jan-2025 14:22:38.085,0.358578,-0.03543,0.295659
26-Jan-2025 14:22:38.101,0.314596,0.026878,0.238237
26-Jan-2025 14:22:38.117,0.304211,0.087354,0.236405
26-Jan-2025 14:22:38.133,0.340863,0.191201,0.243124
26-Jan-2025 14:22:38.150,0.41661,0.273668,0.213192
26-Jan-2025 14:22:38.165,0.542448,0.351858,0.160047
26-Jan-2025 14:22:38.182,0.553444,0.458149,0.088575
26-Jan-2025 14:22:38.198,0.383623,0.511905,0.069639
26-Jan-2025 14:22:38.214,0.078191,0.589485,0.027489
26-Jan-2025 14:22:38.230,-0.163712,0.707382,-0.051924
26-Jan-2025 14:22:38.246,-0.337808,0.81184,-0.136223
26-Jan-2025 14:22:38.262,-0.336587,0.78374,-0.21869
26-Jan-2025 14:22:38.278,-0.270613,0.605367,-0.270613
26-Jan-2025 14:22:38.294,-0.180205,0.582765,-0.238848
26-Jan-2025 14:22:38.310,0.069639,0.700662,-0.191201
26-Jan-2025 14:22:38.326,0.182649,0.98838,-0.262672
26-Jan-2025 14:22:38.342,0.189368,1.258382,-0.313374
26-Jan-2025 14:22:38.358,0.210138,1.30603,-0.286496
26-Jan-2025 14:22:38.374,0.231518,1.11544,-0.198531
26-Jan-2025 14:22:38.390,0.208305,0.920574,-0.038485
26-Jan-2025 14:22:38.406,0.142942,0.974941,0.084299
26-Jan-2025 14:22:38.422,-0.064141,1.232115,0.156382
26-Jan-2025 14:22:38.438,-0.209527,1.473407,0.078191
26-Jan-2025 14:22:38.455,-0.259618,1.622458,-0.11973
26-Jan-2025 14:22:38.471,-0.266948,1.701871,-0.271224
26-Jan-2025 14:22:38.487,-0.262672,1.808772,-0.357967
26-Jan-2025 14:22:38.503,-0.278555,1.879022,-0.340252
26-Jan-2025 14:22:38.519,-0.300546,1.891239,-0.278555
26-Jan-2025 14:22:38.535,-0.269392,1.929112,-0.182038
26-Jan-2025 14:22:38.551,-0.287718,2.028073,-0.115454
26-Jan-2025 14:22:38.567,-0.352469,2.076942,-0.054978
26-Jan-2025 14:22:38.583,-0.350637,2.084272,-0.020159
26-Jan-2025 14:22:38.599,-0.335365,2.058005,0.064752
26-Jan-2025 14:22:38.615,-0.334754,2.039068,0.080634
26-Jan-2025 14:22:38.631,-0.304822,2.030516,0.080023
26-Jan-2025 14:22:38.647,-0.301157,2.065336,0.075136
26-Jan-2025 14:22:38.663,-0.293215,2.052507,0.055589
26-Jan-2025 14:22:38.679,-0.241903,2.004249,0.037263
26-Jan-2025 14:22:38.695,-0.180816,1.94866,0.014661
26-Jan-2025 14:22:38.712,-0.150884,1.879022,0.00733
26-Jan-2025 14:22:38.728,-0.142332,1.84237,0.010385
26-Jan-2025 14:22:38.744,-0.129503,1.762346,-0.015882
26-Jan-2025 14:22:38.760,-0.108123,1.700649,-0.062919
26-Jan-2025 14:22:38.776,-0.059865,1.653001,-0.146608
26-Jan-2025 14:22:38.792,-0.014661,1.599856,-0.19792
26-Jan-2025 14:22:38.808,0.078802,1.55343,-0.244346
26-Jan-2025 14:22:38.824,0.151495,1.535104,-0.28222
26-Jan-2025 14:22:38.840,0.271224,1.544878,-0.34575
26-Jan-2025 14:22:38.856,0.582155,1.620625,-0.454484
26-Jan-2025 14:22:38.872,0.635911,1.450194,-0.527788
26-Jan-2025 14:22:38.888,0.478307,1.362229,-0.542448
26-Jan-2025 14:22:38.904,0.443488,1.495398,-0.569326
26-Jan-2025 14:22:38.920,0.325591,1.517389,-0.56505
26-Jan-2025 14:22:38.936,0.187536,1.696984,-0.546724
26-Jan-2025 14:22:38.952,0.073915,1.967597,-0.499077
26-Jan-2025 14:22:38.968,-0.001222,2.081218,-0.42394
26-Jan-2025 14:22:38.984,-0.024435,2.295632,-0.270613
26-Jan-2025 14:22:39.000,0.068417,2.358551,-0.149051
26-Jan-2025 14:22:39.017,0.160047,2.30174,-0.059865
26-Jan-2025 14:22:39.033,0.117286,2.276695,0.073304
26-Jan-2025 14:22:39.049,-0.021991,2.351831,0.172264
26-Jan-2025 14:22:39.065,-0.181427,2.368935,0.219911
26-Jan-2025 14:22:39.081,-0.229074,2.321288,0.237016
26-Jan-2025 14:22:39.097,-0.288328,2.288912,0.260839
26-Jan-2025 14:22:39.113,-0.344528,2.220495,0.262061
26-Jan-2025 14:22:39.129,-0.381791,2.096489,0.249233
26-Jan-2025 14:22:39.145,-0.362243,1.981647,0.251676
26-Jan-2025 14:22:39.161,-0.306043,1.818546,0.274278
26-Jan-2025 14:22:39.177,-0.244957,1.728749,0.273057
26-Jan-2025 14:22:39.193,-0.185703,1.681101,0.230296
26-Jan-2025 14:22:39.209,-0.066584,1.544267,0.139888
26-Jan-2025 14:22:39.225,-0.008552,1.437977,0.076358
26-Jan-2025 14:22:39.241,0.021991,1.368949,-0.018937
26-Jan-2025 14:22:39.257,-0.007941,1.260215,-0.03543
26-Jan-2025 14:22:39.274,-0.100793,1.100779,0.011606
26-Jan-2025 14:22:39.290,-0.145997,1.032362,0.047647
26-Jan-2025 14:22:39.306,-0.160658,1.073901,0.106291
26-Jan-2025 14:22:39.322,-0.135001,0.977384,0.127671
26-Jan-2025 14:22:39.338,-0.067195,0.787405,0.131336
26-Jan-2025 14:22:39.354,-0.009163,0.653015,0.108734
26-Jan-2025 14:22:39.370,0.073304,0.570548,0.091019
26-Jan-2025 14:22:39.386,0.240681,0.40928,0.045815
26-Jan-2025 14:22:39.402,0.357967,0.293826,0.033598
26-Jan-2025 14:22:39.418,0.471588,0.241903,-0.003054
26-Jan-2025 14:22:39.434,0.494801,0.147219,0.001833
26-Jan-2025 14:22:39.450,0.461203,0.053145,0.110567
26-Jan-2025 14:22:39.466,0.414777,0.036652,0.156992
26-Jan-2025 14:22:39.482,0.372017,0.05681,0.19792
26-Jan-2025 14:22:39.498,0.38851,0.111177,0.182038
26-Jan-2025 14:22:39.514,0.38851,0.051313,0.09896
26-Jan-2025 14:22:39.530,0.243735,-0.100793,-0.053145
26-Jan-2025 14:22:39.546,0.026267,-0.18326,-0.138666
26-Jan-2025 14:22:39.562,-0.237627,-0.233351,-0.189368
26-Jan-2025 14:22:39.578,-0.351858,-0.277333,-0.209527
26-Jan-2025 14:22:39.595,-0.281609,-0.249844,-0.311541
26-Jan-2025 14:22:39.611,-0.174097,-0.229685,-0.404393
26-Jan-2025 14:22:39.627,0.001222,0.081245,-0.447153
26-Jan-2025 14:22:39.643,0.045815,0.045204,-0.414777
26-Jan-2025 14:22:39.659,0.088575,-0.131947,-0.332922
26-Jan-2025 14:22:39.675,0.106901,-0.196088,-0.251676
26-Jan-2025 14:22:39.691,0.04215,-0.212581,-0.147829
26-Jan-2025 14:22:39.707,-0.119119,-0.07025,-0.083689
26-Jan-2025 14:22:39.723,-0.237016,0.052534,-0.115454
26-Jan-2025 14:22:39.739,-0.367741,0.146608,-0.189368
26-Jan-2025 14:22:39.755,-0.414167,0.203418,-0.224798
26-Jan-2025 14:22:39.771,-0.42333,0.302989,-0.260229
26-Jan-2025 14:22:39.787,-0.394619,0.334754,-0.259007
26-Jan-2025 14:22:39.803,-0.3036,0.307876,-0.193033
26-Jan-2025 14:22:39.819,-0.210749,0.243735,-0.149662
26-Jan-2025 14:22:39.835,-0.111788,0.16921,-0.122784
26-Jan-2025 14:22:39.851,-0.034208,0.109956,-0.135001
26-Jan-2025 14:22:39.868,-0.026878,0.140499,-0.157603
26-Jan-2025 14:22:39.884,-0.084299,0.165544,-0.165544
26-Jan-2025 14:22:39.900,-0.140499,0.169821,-0.149051
26-Jan-2025 14:22:39.916,-0.192423,0.194866,-0.129503
26-Jan-2025 14:22:39.932,-0.218079,0.191201,-0.177151
26-Jan-2025 14:22:39.948,-0.210749,0.164934,-0.276722
26-Jan-2025 14:22:39.964,-0.185092,0.153938,-0.336587
26-Jan-2025 14:22:39.980,-0.136223,0.149051,-0.392786
26-Jan-2025 14:22:39.996,-0.087354,0.130114,-0.429438
26-Jan-2025 14:22:40.012,-0.094073,0.11301,-0.465479
26-Jan-2025 14:22:40.028,-0.21197,0.043982,-0.502742
26-Jan-2025 14:22:40.044,-0.308487,-0.000611,-0.546114
26-Jan-2025 14:22:40.060,-0.259618,-0.062919,-0.638965
26-Jan-2025 14:22:40.076,0.042761,-0.152105,-0.722043
26-Jan-2025 14:22:40.092,0.42333,-0.455705,-0.719599
26-Jan-2025 14:22:40.108,0.474642,-0.5791,-0.605367
26-Jan-2025 14:22:40.124,0.380569,-0.453262,-0.406225
26-Jan-2025 14:22:40.140,0.292604,-0.330478,-0.256563
26-Jan-2025 14:22:40.157,0.182038,-0.145386,-0.129503
26-Jan-2025 14:22:40.172,0.061087,-0.050702,-0.051924
26-Jan-2025 14:22:40.189,-0.034819,0.018937,0.042761
26-Jan-2025 14:22:40.205,0.0562,0.180205,0.126449
26-Jan-2025 14:22:40.221,0.192423,0.112399,0.182649
26-Jan-2025 14:22:40.237,0.319483,-0.204029,0.272446
26-Jan-2025 14:22:40.253,0.343917,-0.362854,0.349415
26-Jan-2025 14:22:40.269,0.359189,-0.335365,0.450208
26-Jan-2025 14:22:40.285,0.364687,-0.280998,0.480751
26-Jan-2025 14:22:40.301,0.270002,-0.197309,0.491747
26-Jan-2025 14:22:40.317,0.136834,-0.191201,0.529009
26-Jan-2025 14:22:40.333,0.020769,-0.255342,0.57177
26-Jan-2025 14:22:40.349,0.011606,-0.25412,0.619417
26-Jan-2025 14:22:40.365,0.040317,-0.357356,0.619417
26-Jan-2025 14:22:40.381,0.069639,-0.653015,0.571159
26-Jan-2025 14:22:40.397,0.142332,-0.789238,0.485638
26-Jan-2025 14:22:40.413,0.219301,-0.824057,0.335365
26-Jan-2025 14:22:40.429,0.210138,-0.846048,0.260229
26-Jan-2025 14:22:40.445,0.163101,-0.824668,0.23274
26-Jan-2025 14:22:40.461,0.075747,-0.763582,0.230296
26-Jan-2025 14:22:40.478,-0.073915,-0.723264,0.230296
26-Jan-2025 14:22:40.494,-0.150273,-0.751364,0.237016
26-Jan-2025 14:22:40.510,-0.19059,-0.781907,0.240681
26-Jan-2025 14:22:40.526,-0.197309,-0.778242,0.236405
26-Jan-2025 14:22:40.542,-0.145386,-0.752586,0.214414
26-Jan-2025 14:22:40.558,-0.071471,-0.72021,0.20464
26-Jan-2025 14:22:40.574,-0.06353,-0.708604,0.202807
26-Jan-2025 14:22:40.590,-0.093462,-0.73426,0.228464
26-Jan-2025 14:22:40.606,-0.128282,-0.692721,0.251066
26-Jan-2025 14:22:40.622,-0.158214,-0.621861,0.266948
26-Jan-2025 14:22:40.638,-0.178984,-0.640187,0.386067
26-Jan-2025 14:22:40.654,-0.215025,-0.525344,0.458149
26-Jan-2025 14:22:40.670,-0.221744,-0.447153,0.293215
26-Jan-2025 14:22:40.686,-0.180816,-0.729984,0.293826
26-Jan-2025 14:22:40.702,-0.054367,-1.185689,0.32498
26-Jan-2025 14:22:40.718,0.039095,-1.415986,0.219301
26-Jan-2025 14:22:40.734,0.172264,-1.605354,-0.00733
26-Jan-2025 14:22:40.750,0.397673,-2.624277,-0.236405
26-Jan-2025 14:22:40.766,0.572992,-2.348777,-0.104458
26-Jan-2025 14:22:40.783,0.284052,-1.977982,0.111177
26-Jan-2025 14:22:40.799,-0.307265,-1.684155,0.327424
26-Jan-2025 14:22:40.815,-0.660345,-1.709812,0.334754
26-Jan-2025 14:22:40.831,-0.822225,-1.808772,0.196088
26-Jan-2025 14:22:40.847,-0.746477,-2.1533,-0.058032
26-Jan-2025 14:22:40.863,-0.476475,-2.249206,-0.147829
26-Jan-2025 14:22:40.879,-0.036041,-2.198504,-0.171042
26-Jan-2025 14:22:40.895,0.184481,-2.075109,-0.144164
26-Jan-2025 14:22:40.911,0.218079,-1.853976,-0.10568
26-Jan-2025 14:22:40.927,0.062308,-1.706758,-0.089797
26-Jan-2025 14:22:40.943,-0.182649,-1.620015,-0.025045
26-Jan-2025 14:22:40.959,-0.274889,-1.632232,0.051313
26-Jan-2025 14:22:40.975,-0.326202,-1.689042,0.107512
26-Jan-2025 14:22:40.991,-0.39523,-1.785559,0.042761
26-Jan-2025 14:22:41.007,-0.430049,-1.800831,-0.109345
26-Jan-2025 14:22:41.023,-0.385456,-1.751961,-0.273057
26-Jan-2025 14:22:41.039,-0.312152,-1.704925,-0.335365
26-Jan-2025 14:22:41.055,-0.201586,-1.609019,-0.353691
26-Jan-2025 14:22:41.072,-0.117897,-1.509448,-0.312763
26-Jan-2025 14:22:41.088,-0.034208,-1.34146,-0.22602
26-Jan-2025 14:22:41.104,0.00733,-1.191187,-0.189979
26-Jan-2025 14:22:41.120,0.005498,-1.078177,-0.222966
26-Jan-2025 14:22:41.136,-0.026878,-0.98838,-0.277944
26-Jan-2025 14:22:41.151,-0.069639,-0.922406,-0.328645
26-Jan-2025 14:22:41.168,-0.072082,-0.867429,-0.350637
26-Jan-2025 14:22:41.184,-0.045815,-0.835664,-0.372017
26-Jan-2025 14:22:41.200,0.022602,-0.802066,-0.396452
26-Jan-2025 14:22:41.216,0.094073,-0.754419,-0.424551
26-Jan-2025 14:22:41.232,0.200364,-0.612698,-0.475864
26-Jan-2025 14:22:41.248,0.259618,-0.492968,-0.503964
26-Jan-2025 14:22:41.264,0.207694,-0.405004,-0.51557
26-Jan-2025 14:22:41.280,0.196699,-0.459982,-0.525955
26-Jan-2025 14:22:41.296,0.276111,-0.595594,-0.533896
26-Jan-2025 14:22:41.312,0.506407,-0.592539,-0.558331
26-Jan-2025 14:22:41.328,0.737925,-0.549779,-0.542448
26-Jan-2025 14:22:41.344,0.630413,-0.536951,-0.415388
26-Jan-2025 14:22:41.361,0.482584,-0.406836,-0.295659
26-Jan-2025 14:22:41.377,0.342695,-0.370795,-0.241292
26-Jan-2025 14:22:41.393,0.263283,-0.380569,-0.240681
26-Jan-2025 14:22:41.409,0.193033,-0.313374,-0.189979
26-Jan-2025 14:22:41.425,0.243124,-0.234572,-0.11301
26-Jan-2025 14:22:41.441,0.415999,-0.254731,-0.026878
26-Jan-2025 14:22:41.457,0.525955,-0.279776,0.051924
26-Jan-2025 14:22:41.473,0.512516,-0.238237,0.208916
26-Jan-2025 14:22:41.489,0.410501,-0.185092,0.353691
26-Jan-2025 14:22:41.505,0.334143,-0.158825,0.486249
26-Jan-2025 14:22:41.521,0.314596,-0.207083,0.57177
26-Jan-2025 14:22:41.537,0.367741,-0.266948,0.557109
26-Jan-2025 14:22:41.553,0.350026,-0.368963,0.459371
26-Jan-2025 14:22:41.569,0.221133,-0.481362,0.413556
26-Jan-2025 14:22:41.585,-0.002443,-0.546114,0.497244
26-Jan-2025 14:22:41.601,-0.116064,-0.538172,0.582155
26-Jan-2025 14:22:41.617,-0.102625,-0.67745,0.631024
26-Jan-2025 14:22:41.633,-0.036041,-0.760527,0.605978
26-Jan-2025 14:22:41.649,0.015272,-0.74831,0.546114
26-Jan-2025 14:22:41.665,0.075747,-0.785573,0.386067
26-Jan-2025 14:22:41.682,0.089797,-0.833831,0.299324
26-Jan-2025 14:22:41.698,0.026878,-0.905302,0.273668
26-Jan-2025 14:22:41.714,-0.0562,-0.966389,0.285274
26-Jan-2025 14:22:41.730,-0.150884,-0.963945,0.315817
26-Jan-2025 14:22:41.746,-0.182038,-0.928515,0.336587
26-Jan-2025 14:22:41.762,-0.189979,-0.916298,0.309098
26-Jan-2025 14:22:41.778,-0.16921,-1.03053,0.249844
26-Jan-2025 14:22:41.793,-0.074526,-1.274265,0.167988
26-Jan-2025 14:22:41.810,0.020159,-1.338406,0.140499
26-Jan-2025 14:22:41.826,0.083078,-1.328021,0.131947
26-Jan-2025 14:22:41.842,0.125227,-1.323134,0.163712
26-Jan-2025 14:22:41.858,0.108123,-1.286482,0.203418
26-Jan-2025 14:22:41.874,0.010385,-1.155146,0.21869
26-Jan-2025 14:22:41.890,-0.06353,-1.042136,0.218079
26-Jan-2025 14:22:41.906,-0.182649,-0.98166,0.227853
26-Jan-2025 14:22:41.922,-0.196699,-1.023199,0.272446
26-Jan-2025 14:22:41.938,-0.07086,-1.239446,0.302378
26-Jan-2025 14:22:41.954,0.053756,-1.364673,0.273668
26-Jan-2025 14:22:41.970,0.203418,-1.463022,0.248011
26-Jan-2025 14:22:41.987,0.36713,-1.528996,0.212581
26-Jan-2025 14:22:42.003,0.405615,-1.477072,0.19792
26-Jan-2025 14:22:42.019,0.31093,-1.36956,0.208916
26-Jan-2025 14:22:42.035,0.083078,-1.20707,0.266948
26-Jan-2025 14:22:42.051,-0.376293,-1.07329,0.301157
26-Jan-2025 14:22:42.067,-0.693943,-1.158201,0.214414
26-Jan-2025 14:22:42.083,-0.72754,-1.490511,0.053756
26-Jan-2025 14:22:42.099,-0.504575,-1.702481,-0.0562
26-Jan-2025 14:22:42.115,-0.155771,-1.72997,-0.136223
26-Jan-2025 14:22:42.131,0.017715,-1.654223,-0.117897
26-Jan-2025 14:22:42.147,0.100182,-1.571145,-0.060476
26-Jan-2025 14:22:42.163,0.083078,-1.497842,0.046426
26-Jan-2025 14:22:42.179,-0.018326,-1.464244,0.137445
26-Jan-2025 14:22:42.195,-0.175318,-1.492955,0.238237
26-Jan-2025 14:22:42.211,-0.279165,-1.511891,0.234572
26-Jan-2025 14:22:42.227,-0.387289,-1.536937,0.145386
26-Jan-2025 14:22:42.244,-0.422719,-1.577254,0.017104
26-Jan-2025 14:22:42.259,-0.381791,-1.632843,-0.172264
26-Jan-2025 14:22:42.276,-0.313985,-1.640784,-0.282831
26-Jan-2025 14:22:42.292,-0.237627,-1.566258,-0.344528
26-Jan-2025 14:22:42.308,-0.193033,-1.505172,-0.351248
26-Jan-2025 14:22:42.324,-0.168599,-1.459968,-0.340252
26-Jan-2025 14:22:42.340,-0.124006,-1.39766,-0.307876
26-Jan-2025 14:22:42.356,-0.119119,-1.371392,-0.28222
26-Jan-2025 14:22:42.372,-0.154549,-1.29198,-0.285274
26-Jan-2025 14:22:42.388,-0.18326,-1.274876,-0.287718
26-Jan-2025 14:22:42.404,-0.189368,-1.282206,-0.297491
26-Jan-2025 14:22:42.420,-0.141721,-1.303586,-0.319483
26-Jan-2025 14:22:42.436,-0.034819,-1.342682,-0.370184
26-Jan-2025 14:22:42.452,0.029932,-1.314582,-0.395841
26-Jan-2025 14:22:42.468,0.07025,-1.188744,-0.407447
26-Jan-2025 14:22:42.484,0.085521,-1.111775,-0.419664
26-Jan-2025 14:22:42.500,0.124617,-1.079399,-0.448375
26-Jan-2025 14:22:42.516,0.195477,-1.10139,-0.464868
26-Jan-2025 14:22:42.532,0.2755,-1.113607,-0.438601
26-Jan-2025 14:22:42.549,0.566272,-1.10811,-0.40256
26-Jan-2025 14:22:42.565,0.770912,-1.035417,-0.316428
26-Jan-2025 14:22:42.581,0.604146,-0.864374,-0.165544
26-Jan-2025 14:22:42.597,0.379347,-0.777631,-0.138666
26-Jan-2025 14:22:42.613,0.28955,-0.872926,-0.177762
26-Jan-2025 14:22:42.629,0.307876,-0.968221,-0.181427
26-Jan-2025 14:22:42.645,0.371406,-1.036638,-0.152105
26-Jan-2025 14:22:42.661,0.481362,-1.114829,-0.065363
26-Jan-2025 14:22:42.677,0.547946,-1.17225,0.015882
26-Jan-2025 14:22:42.693,0.537561,-1.20035,0.109956
26-Jan-2025 14:22:42.709,0.422719,-1.141096,0.130114
26-Jan-2025 14:22:42.725,0.276111,-1.028086,0.157603
26-Jan-2025 14:22:42.741,0.235183,-1.041525,0.188757
26-Jan-2025 14:22:42.757,0.207083,-1.145372,0.205251
26-Jan-2025 14:22:42.773,0.158825,-1.272432,0.223577
26-Jan-2025 14:22:42.789,0.062919,-1.416597,0.231518
26-Jan-2025 14:22:42.805,-0.012828,-1.521055,0.208305
26-Jan-2025 14:22:42.821,-0.060476,-1.575421,0.172875
26-Jan-2025 14:22:42.838,-0.032376,-1.596802,0.216857
26-Jan-2025 14:22:42.854,-0.034819,-1.644449,0.255342
26-Jan-2025 14:22:42.870,-0.020769,-1.642006,0.251066
26-Jan-2025 14:22:42.886,-0.013439,-1.615739,0.215025
26-Jan-2025 14:22:42.902,-0.073915,-1.481348,0.193033
26-Jan-2025 14:22:42.918,-0.143553,-1.400103,0.189979
26-Jan-2025 14:22:42.934,-0.229685,-1.368338,0.189368
26-Jan-2025 14:22:42.950,-0.279776,-1.372614,0.165544
26-Jan-2025 14:22:42.966,-0.31032,-1.379945,0.096517
26-Jan-2025 14:22:42.982,-0.312763,-1.353677,0.05681
26-Jan-2025 14:22:42.998,-0.280998,-1.342682,0.054367
26-Jan-2025 14:22:43.014,-0.196699,-1.375058,0.07025
26-Jan-2025 14:22:43.030,-0.109345,-1.361619,0.075747
26-Jan-2025 14:22:43.046,0.015882,-1.317025,0.124006
26-Jan-2025 14:22:43.062,0.099571,-1.205237,0.175929
26-Jan-2025 14:22:43.078,0.15516,-1.05863,0.234572
26-Jan-2025 14:22:43.094,0.160658,-0.967,0.26145
26-Jan-2025 14:22:43.111,0.128282,-0.831388,0.243735
26-Jan-2025 14:22:43.127,0.103236,-0.770912,0.207083
26-Jan-2025 14:22:43.143,0.062308,-0.701884,0.164323
26-Jan-2025 14:22:43.159,0.052534,-0.617585,0.109956
26-Jan-2025 14:22:43.175,0.075747,-0.568105,0.068417
26-Jan-2025 14:22:43.191,0.124617,-0.488081,0.026878
26-Jan-2025 14:22:43.207,0.198531,-0.433103,0.029322
26-Jan-2025 14:22:43.223,0.294437,-0.3317,0.067195
26-Jan-2025 14:22:43.239,0.359189,-0.248622,0.122784
26-Jan-2025 14:22:43.255,0.398284,-0.164934,0.19792
26-Jan-2025 14:22:43.271,0.398895,-0.025045,0.241292
26-Jan-2025 14:22:43.287,0.386067,0.133169,0.255342
26-Jan-2025 14:22:43.303,0.363465,0.159436,0.248011
26-Jan-2025 14:22:43.319,0.32498,0.131336,0.213192
26-Jan-2025 14:22:43.335,0.182038,0.120951,0.133779
26-Jan-2025 14:22:43.351,0.054367,0.102625,0.090408
26-Jan-2025 14:22:43.367,-0.079412,0.097738,0.059254
26-Jan-2025 14:22:43.383,-0.102014,0.147219,0.036041
26-Jan-2025 14:22:43.400,-0.001833,0.308487,-0.01405
26-Jan-2025 14:22:43.416,0.106901,0.440434,-0.044593
26-Jan-2025 14:22:43.432,0.210749,0.596204,-0.034819
26-Jan-2025 14:22:43.448,0.239459,0.687834,-0.01405
26-Jan-2025 14:22:43.464,0.237016,0.753197,-0.062308
26-Jan-2025 14:22:43.480,0.241903,0.747088,-0.105069
26-Jan-2025 14:22:43.496,0.21197,0.711658,-0.087354
26-Jan-2025 14:22:43.512,0.0562,0.689667,-0.002443
26-Jan-2025 14:22:43.528,-0.100182,0.669508,-0.075747
26-Jan-2025 14:22:43.544,-0.216857,0.715934,-0.240681
26-Jan-2025 14:22:43.560,-0.243735,0.737314,-0.304211
26-Jan-2025 14:22:43.576,-0.270613,0.783129,-0.302378
26-Jan-2025 14:22:43.592,-0.291383,0.811229,-0.253509
26-Jan-2025 14:22:43.608,-0.299324,0.834442,-0.166766
26-Jan-2025 14:22:43.624,-0.284052,0.909578,-0.114843
26-Jan-2025 14:22:43.640,-0.216246,1.08734,-0.080023
26-Jan-2025 14:22:43.656,-0.138666,1.126436,-0.083078
26-Jan-2025 14:22:43.673,-0.152105,1.125825,-0.085521
26-Jan-2025 14:22:43.689,-0.173486,1.138653,-0.074526
26-Jan-2025 14:22:43.705,-0.151495,1.12277,-0.081856
26-Jan-2025 14:22:43.721,-0.136834,1.15087,-0.093462
26-Jan-2025 14:22:43.737,-0.139277,1.200961,-0.094073
26-Jan-2025 14:22:43.753,-0.124617,1.227839,-0.111788
26-Jan-2025 14:22:43.769,-0.093462,1.2144,-0.14111
26-Jan-2025 14:22:43.785,-0.0281,1.184468,-0.163712
26-Jan-2025 14:22:43.801,-0.000611,1.188133,-0.178373
26-Jan-2025 14:22:43.817,0.017104,1.249219,-0.207694
26-Jan-2025 14:22:43.833,0.048258,1.260826,-0.257174
26-Jan-2025 14:22:43.849,0.053145,1.260215,-0.299324
26-Jan-2025 14:22:43.865,0.072693,1.234559,-0.351858
26-Jan-2025 14:22:43.881,0.086132,1.138653,-0.346971
26-Jan-2025 14:22:43.897,0.135001,1.076955,-0.328035
26-Jan-2025 14:22:43.913,0.277333,1.09406,-0.329256
26-Jan-2025 14:22:43.929,0.306654,1.054964,-0.269392
26-Jan-2025 14:22:43.945,0.210138,1.034806,-0.194255
26-Jan-2025 14:22:43.962,0.099571,0.987769,-0.193644
26-Jan-2025 14:22:43.978,0.149051,0.997543,-0.180816
26-Jan-2025 14:22:43.994,0.260229,1.026865,-0.144775
26-Jan-2025 14:22:44.010,0.26817,1.075123,-0.069639
26-Jan-2025 14:22:44.026,0.127671,1.089173,-0.017104
26-Jan-2025 14:22:44.042,-0.084299,1.128268,0.069639
26-Jan-2025 14:22:44.058,-0.136834,1.163698,0.158214
26-Jan-2025 14:22:44.074,-0.078191,1.160033,0.248622
26-Jan-2025 14:22:44.090,-0.031154,1.165531,0.256563
26-Jan-2025 14:22:44.106,-0.040317,1.263269,0.233351
26-Jan-2025 14:22:44.122,-0.059865,1.301754,0.212581
26-Jan-2025 14:22:44.138,-0.095906,1.313971,0.197309
26-Jan-2025 14:22:44.154,-0.143553,1.308473,0.21197
26-Jan-2025 14:22:44.170,-0.220522,1.271821,0.237627
26-Jan-2025 14:22:44.186,-0.334143,1.177748,0.257785
26-Jan-2025 14:22:44.202,-0.37446,1.114218,0.279165
26-Jan-2025 14:22:44.218,-0.362854,1.015258,0.315206
26-Jan-2025 14:22:44.234,-0.309098,0.943176,0.33903
26-Jan-2025 14:22:44.251,-0.193644,0.888198,0.326813
26-Jan-2025 14:22:44.267,-0.114232,0.851546,0.279165
26-Jan-2025 14:22:44.283,-0.087354,0.778853,0.195477
26-Jan-2025 14:22:44.299,-0.110567,0.725708,0.150273
26-Jan-2025 14:22:44.315,-0.146608,0.692721,0.13439
26-Jan-2025 14:22:44.331,-0.192423,0.670119,0.158214
26-Jan-2025 14:22:44.347,-0.201586,0.632856,0.188147
26-Jan-2025 14:22:44.363,-0.204029,0.560774,0.216246
26-Jan-2025 14:22:44.379,-0.186925,0.475864,0.187536
26-Jan-2025 14:22:44.395,-0.151495,0.34575,0.111788
26-Jan-2025 14:22:44.411,-0.089186,0.302989,0.050702
26-Jan-2025 14:22:44.427,0.020769,0.185092,0.003665
26-Jan-2025 14:22:44.443,0.024435,-0.039095,0
26-Jan-2025 14:22:44.459,0.061697,-0.233961,0.052534
26-Jan-2025 14:22:44.475,0.072082,-0.356745,0.097128
26-Jan-2025 14:22:44.491,0.051924,-0.503964,0.145997
26-Jan-2025 14:22:44.507,0.0562,-0.564439,0.215635
26-Jan-2025 14:22:44.524,0.106291,-0.662789,0.2474
26-Jan-2025 14:22:44.540,0.238237,-0.842383,0.270002
26-Jan-2025 14:22:44.556,0.376293,-0.93218,0.277333
26-Jan-2025 14:22:44.572,0.560774,-0.98838,0.265726
26-Jan-2025 14:22:44.588,0.596815,-0.985937,0.244346
26-Jan-2025 14:22:44.604,0.408058,-0.85399,0.199142
26-Jan-2025 14:22:44.620,0.230907,-0.796568,0.151495
26-Jan-2025 14:22:44.636,0.022602,-0.791071,0.061087
26-Jan-2025 14:22:44.652,-0.108734,-0.816727,-0.025045
26-Jan-2025 14:22:44.668,-0.188147,-0.891252,-0.06353
26-Jan-2025 14:22:44.684,-0.17654,-0.91813,-0.097128
26-Jan-2025 14:22:44.700,-0.085521,-0.81184,-0.160658
26-Jan-2025 14:22:44.716,0.097128,-0.673784,-0.234572
26-Jan-2025 14:22:44.732,0.192423,-0.598037,-0.220522
26-Jan-2025 14:22:44.748,0.26145,-0.497244,-0.138056
26-Jan-2025 14:22:44.764,0.257174,-0.440434,-0.07086
26-Jan-2025 14:22:44.780,0.130114,-0.408058,0.006109
26-Jan-2025 14:22:44.796,0.025656,-0.390954,0.032376
26-Jan-2025 14:22:44.813,-0.104458,-0.348193,0.03543
26-Jan-2025 14:22:44.829,-0.214414,-0.278555,-0.07086
26-Jan-2025 14:22:44.845,-0.315206,-0.24679,-0.22602
26-Jan-2025 14:22:44.861,-0.362243,-0.211359,-0.335365
26-Jan-2025 14:22:44.877,-0.347582,-0.194255,-0.348804
26-Jan-2025 14:22:44.893,-0.308487,-0.178373,-0.320093
26-Jan-2025 14:22:44.909,-0.272446,-0.147829,-0.287107
26-Jan-2025 14:22:44.925,-0.213192,-0.047037,-0.256563
26-Jan-2025 14:22:44.941,-0.167988,0.051313,-0.233351
26-Jan-2025 14:22:44.957,-0.122173,0.177762,-0.213192
26-Jan-2025 14:22:44.973,-0.128893,0.235794,-0.20464
26-Jan-2025 14:22:44.989,-0.157603,0.262061,-0.196699
26-Jan-2025 14:22:45.005,-0.180205,0.266948,-0.198531
26-Jan-2025 14:22:45.021,-0.171653,0.292604,-0.216246
26-Jan-2025 14:22:45.037,-0.147219,0.389121,-0.2474
26-Jan-2025 14:22:45.053,-0.100793,0.436769,-0.263894
26-Jan-2025 14:22:45.069,-0.028711,0.512516,-0.285274
26-Jan-2025 14:22:45.086,-0.01405,0.553444,-0.305433
26-Jan-2025 14:22:45.102,-0.046426,0.599259,-0.327424
26-Jan-2025 14:22:45.118,-0.089797,0.626137,-0.314596
26-Jan-2025 14:22:45.134,-0.125838,0.601702,-0.288328
26-Jan-2025 14:22:45.150,-0.029932,0.631024,-0.284663
26-Jan-2025 14:22:45.166,0.16249,0.67073,-0.262672
26-Jan-2025 14:22:45.182,0.099571,0.718378,-0.191812
26-Jan-2025 14:22:45.198,-0.041539,0.786794,-0.153327
26-Jan-2025 14:22:45.214,-0.018937,0.751975,-0.133169
26-Jan-2025 14:22:45.230,0.131336,0.770912,-0.13439
26-Jan-2025 14:22:45.246,0.230907,0.720821,-0.116675
26-Jan-2025 14:22:45.262,0.110567,0.714712,-0.097738
26-Jan-2025 14:22:45.278,0.008552,0.726319,-0.061697
26-Jan-2025 14:22:45.294,0.017715,0.725708,-0.020769
26-Jan-2025 14:22:45.310,0.018937,0.789849,0.024435
26-Jan-2025 14:22:45.326,-0.02138,0.884533,0.086132
26-Jan-2025 14:22:45.342,-0.019548,0.932791,0.152716
26-Jan-2025 14:22:45.358,-0.013439,0.98105,0.225409
26-Jan-2025 14:22:45.375,-0.017715,0.968221,0.235794
26-Jan-2025 14:22:45.391,-0.012217,0.886365,0.197309
26-Jan-2025 14:22:45.407,-0.026878,0.83994,0.166766
26-Jan-2025 14:22:45.423,-0.097738,0.859487,0.142942
26-Jan-2025 14:22:45.439,-0.195477,0.916909,0.146608
26-Jan-2025 14:22:45.455,-0.348804,0.970665,0.160658
26-Jan-2025 14:22:45.471,-0.400728,0.949285,0.174097
26-Jan-2025 14:22:45.487,-0.364687,0.877203,0.198531
26-Jan-2025 14:22:45.503,-0.245568,0.750143,0.226631
26-Jan-2025 14:22:45.519,-0.159436,0.69211,0.240681
26-Jan-2025 14:22:45.535,-0.083078,0.676228,0.257174
26-Jan-2025 14:22:45.551,-0.073915,0.657291,0.268781
26-Jan-2025 14:22:45.567,-0.093462,0.648739,0.273668
26-Jan-2025 14:22:45.583,-0.102014,0.624304,0.249844
26-Jan-2025 14:22:45.599,-0.106291,0.54367,0.196088
26-Jan-2025 14:22:45.615,-0.09896,0.470977,0.157603
26-Jan-2025 14:22:45.631,-0.080023,0.353691,0.111788
26-Jan-2025 14:22:45.648,-0.043371,0.267559,0.087965
26-Jan-2025 14:22:45.664,0.01405,0.198531,0.084299
26-Jan-2025 14:22:45.680,0.135001,0.137445,0.105069
26-Jan-2025 14:22:45.696,0.255953,0.074526,0.135612
26-Jan-2025 14:22:45.712,0.372017,0.039706,0.18387
26-Jan-2025 14:22:45.728,0.392175,0.06353,0.217468
26-Jan-2025 14:22:45.744,0.330478,0.108123,0.258396
26-Jan-2025 14:22:45.760,0.3036,0.07758,0.295659
26-Jan-2025 14:22:45.776,0.321926,0.021991,0.3317
26-Jan-2025 14:22:45.792,0.335976,0.010385,0.334754
26-Jan-2025 14:22:45.808,0.378736,0.053756,0.299935
26-Jan-2025 14:22:45.824,0.453262,0.087354,0.279776
26-Jan-2025 14:22:45.840,0.518625,0.111788,0.274889
26-Jan-2025 14:22:45.856,0.606589,0.151495,0.251676
26-Jan-2025 14:22:45.872,0.588874,0.197309,0.202196
26-Jan-2025 14:22:45.888,0.394008,0.290772,0.080634
26-Jan-2025 14:22:45.904,0.235183,0.347582,-0.023213
26-Jan-2025 14:22:45.920,0.0562,0.37446,-0.138666
26-Jan-2025 14:22:45.937,0.021991,0.378736,-0.227242
26-Jan-2025 14:22:45.953,0.161879,0.361632,-0.321926
26-Jan-2025 14:22:45.969,0.235183,0.398284,-0.345139
26-Jan-2025 14:22:45.985,0.250455,0.511294,-0.343917
26-Jan-2025 14:22:46.001,0.283441,0.697608,-0.347582
26-Jan-2025 14:22:46.017,0.2474,0.835053,-0.349415
26-Jan-2025 14:22:46.033,0.124006,1.025643,-0.316428
26-Jan-2025 14:22:46.049,0.008552,1.160644,-0.286496
26-Jan-2025 14:22:46.065,-0.120951,1.312139,-0.299324
26-Jan-2025 14:22:46.081,-0.157603,1.435533,-0.343917
26-Jan-2025 14:22:46.097,-0.215025,1.533883,-0.403782
26-Jan-2025 14:22:46.113,-0.299324,1.63101,-0.411723
26-Jan-2025 14:22:46.129,-0.370184,1.784337,-0.389121
26-Jan-2025 14:22:46.145,-0.403782,1.913841,-0.362854
26-Jan-2025 14:22:46.161,-0.399506,2.036014,-0.334754
26-Jan-2025 14:22:46.177,-0.307876,2.154522,-0.306043
26-Jan-2025 14:22:46.193,-0.252287,2.161241,-0.306654
26-Jan-2025 14:22:46.210,-0.219911,2.153911,-0.340252
26-Jan-2025 14:22:46.226,-0.188757,2.172237,-0.382402
26-Jan-2025 14:22:46.242,-0.158825,2.261423,-0.42394
26-Jan-2025 14:22:46.258,-0.174097,2.357329,-0.422108
26-Jan-2025 14:22:46.273,-0.197309,2.459954,-0.405615
26-Jan-2025 14:22:46.290,-0.177151,2.49905,-0.392175
26-Jan-2025 14:22:46.306,-0.089186,2.482556,-0.384234
26-Jan-2025 14:22:46.322,-0.032376,2.453846,-0.353691
26-Jan-2025 14:22:46.338,-0.02138,2.456289,-0.302378
26-Jan-2025 14:22:46.354,-0.07086,2.506991,-0.237016
26-Jan-2025 14:22:46.370,-0.117286,2.566856,-0.216857
26-Jan-2025 14:22:46.386,-0.101404,2.613892,-0.21869
26-Jan-2025 14:22:46.402,-0.144164,2.654209,-0.226631
26-Jan-2025 14:22:46.418,-0.34575,2.761111,-0.225409
26-Jan-2025 14:22:46.434,-0.442877,2.813645,-0.233961
26-Jan-2025 14:22:46.450,-0.46609,2.776382,-0.216857
26-Jan-2025 14:22:46.466,-0.474031,2.76722,-0.173486
26-Jan-2025 14:22:46.482,-0.464258,2.772106,-0.114232
26-Jan-2025 14:22:46.499,-0.415999,2.709187,-0.041539
26-Jan-2025 14:22:46.515,-0.332922,2.642603,0.00672
26-Jan-2025 14:22:46.531,-0.208305,2.594345,0.053145
26-Jan-2025 14:22:46.547,-0.19059,2.629775,0.073915
26-Jan-2025 14:22:46.563,-0.26817,2.679866,0.127671
26-Jan-2025 14:22:46.579,-0.309098,2.660929,0.165544
26-Jan-2025 14:22:46.595,-0.249844,2.590679,0.166155
26-Jan-2025 14:22:46.611,-0.173486,2.519208,0.135612
26-Jan-2025 14:22:46.627,-0.125227,2.395203,0.044593
26-Jan-2025 14:22:46.643,-0.137445,2.312125,-0.006109
26-Jan-2025 14:22:46.659,-0.167988,2.304795,-0.028711
26-Jan-2025 14:22:46.675,-0.180816,2.423913,-0.006109
26-Jan-2025 14:22:46.691,-0.13439,2.481335,0.026878
26-Jan-2025 14:22:46.707,-0.054978,2.466674,0.059254
26-Jan-2025 14:22:46.723,-0.009774,2.47095,0.073915
26-Jan-2025 14:22:46.739,0.026878,2.514321,0.092852
26-Jan-2025 14:22:46.755,0.045204,2.533258,0.098349
26-Jan-2025 14:22:46.772,0.051924,2.505158,0.093462
26-Jan-2025 14:22:46.788,0.05681,2.470339,0.083689
26-Jan-2025 14:22:46.804,0.014661,2.452013,0.093462
26-Jan-2025 14:22:46.820,-0.040928,2.43552,0.110567
26-Jan-2025 14:22:46.836,-0.031765,2.474004,0.137445
26-Jan-2025 14:22:46.852,-0.018937,2.364659,0.164934
26-Jan-2025 14:22:46.868,-0.039706,2.271197,0.160658
26-Jan-2025 14:22:46.884,-0.004276,2.199726,0.14844
26-Jan-2025 14:22:46.900,0.028711,2.207056,0.160047
26-Jan-2025 14:22:46.915,0.032987,2.231491,0.172875
26-Jan-2025 14:22:46.932,0.058643,2.225382,0.177762
26-Jan-2025 14:22:46.948,0.122173,2.168572,0.174707
26-Jan-2025 14:22:46.964,0.185703,2.114815,0.16249
26-Jan-2025 14:22:46.980,0.2755,2.023186,0.136223
26-Jan-2025 14:22:46.996,0.341474,1.919949,0.100182
26-Jan-2025 14:22:47.012,0.37385,1.792279,0.062308
26-Jan-2025 14:22:47.028,0.361021,1.645671,0.017715
26-Jan-2025 14:22:47.044,0.364687,1.603521,-0.017104
26-Jan-2025 14:22:47.061,0.361021,1.557706,-0.041539
26-Jan-2025 14:22:47.077,0.316428,1.495398,-0.04948
26-Jan-2025 14:22:47.093,0.257174,1.367116,-0.011606
26-Jan-2025 14:22:47.109,0.297491,1.263269,-0.055589
26-Jan-2025 14:22:47.125,0.431271,1.086118,-0.200975
26-Jan-2025 14:22:47.141,0.45204,1.013425,-0.249844
26-Jan-2025 14:22:47.157,0.386067,0.962724,-0.236405
26-Jan-2025 14:22:47.173,0.227853,0.954172,-0.19059
26-Jan-2025 14:22:47.189,0.080634,0.880257,-0.178373
26-Jan-2025 14:22:47.205,-0.061697,0.711658,-0.215635
26-Jan-2025 14:22:47.221,-0.112399,0.681115,-0.265726
26-Jan-2025 14:22:47.236,-0.182038,0.799623,-0.312763
26-Jan-2025 14:22:47.253,-0.285274,0.811229,-0.319483
26-Jan-2025 14:22:47.269,-0.322537,0.758695,-0.305433
26-Jan-2025 14:22:47.285,-0.286496,0.803288,-0.288328
26-Jan-2025 14:22:47.301,-0.274278,0.84727,-0.182649
26-Jan-2025 14:22:47.317,-0.300546,0.778242,-0.036652
26-Jan-2025 14:22:47.333,-0.350637,0.680504,0.080023
26-Jan-2025 14:22:47.349,-0.409891,0.572381,0.131947
26-Jan-2025 14:22:47.366,-0.435547,0.538783,0.109345
26-Jan-2025 14:22:47.382,-0.446543,0.412334,0.107512
26-Jan-2025 14:22:47.398,-0.425773,0.207083,0.144775
26-Jan-2025 14:22:47.414,-0.323759,0.117286,0.117286
26-Jan-2025 14:22:47.430,-0.264505,0.132558,0.067195
26-Jan-2025 14:22:47.446,-0.279165,0.28222,-0.012217
26-Jan-2025 14:22:47.462,-0.320093,0.315817,-0.067195
26-Jan-2025 14:22:47.478,-0.287107,0.184481,-0.132558
26-Jan-2025 14:22:47.494,-0.205251,0.074526,-0.18387
26-Jan-2025 14:22:47.510,-0.11301,0.015272,-0.230296
26-Jan-2025 14:22:47.526,0,0.003054,-0.236405
26-Jan-2025 14:22:47.542,0.058643,0.012828,-0.208916
26-Jan-2025 14:22:47.558,0.118508,-0.004887,-0.166155
26-Jan-2025 14:22:47.574,0.181427,-0.048869,-0.150273
26-Jan-2025 14:22:47.590,0.265726,-0.029932,-0.200364
26-Jan-2025 14:22:47.606,0.312152,0.02138,-0.258396
26-Jan-2025 14:22:47.623,0.38851,0.043982,-0.295659
26-Jan-2025 14:22:47.639,0.461203,0.064752,-0.331089
26-Jan-2025 14:22:47.655,0.560774,0.19792,-0.394619
26-Jan-2025 14:22:47.671,0.601091,-0.023824,-0.576046
26-Jan-2025 14:22:47.687,0.65668,-0.407447,-0.676839
26-Jan-2025 14:22:47.703,0.662789,-0.509462,-0.452651
26-Jan-2025 14:22:47.719,0.540616,-0.519235,-0.304822
26-Jan-2025 14:22:47.735,0.426384,-0.569937,-0.25412
26-Jan-2025 14:22:47.751,0.369573,-0.450819,-0.221744
26-Jan-2025 14:22:47.767,0.224798,-0.208916,-0.205251
26-Jan-2025 14:22:47.783,0.147829,-0.083078,-0.196088
26-Jan-2025 14:22:47.799,0.135001,-0.058643,-0.194866
26-Jan-2025 14:22:47.815,0.157603,-0.026878,-0.144164
26-Jan-2025 14:22:47.831,0.174707,0,-0.058032
26-Jan-2025 14:22:47.847,0.205251,-0.015882,0.073304
26-Jan-2025 14:22:47.864,0.235183,0.003054,0.185703
26-Jan-2025 14:22:47.879,0.250455,0.038485,0.298102
26-Jan-2025 14:22:47.896,0.219911,0.047037,0.350026
26-Jan-2025 14:22:47.912,0.125227,0.047037,0.408058
26-Jan-2025 14:22:47.928,0.016493,0.089186,0.431882
26-Jan-2025 14:22:47.944,-0.152105,0.178373,0.433714
26-Jan-2025 14:22:47.960,-0.229074,0.243735,0.422719
26-Jan-2025 14:22:47.976,-0.294437,0.208305,0.35308
26-Jan-2025 14:22:47.992,-0.320093,0.140499,0.270002
26-Jan-2025 14:22:48.008,-0.323148,0.034208,0.178984
26-Jan-2025 14:22:48.024,-0.297491,-0.053145,0.122173
26-Jan-2025 14:22:48.040,-0.260839,-0.012217,0.130725
26-Jan-2025 14:22:48.056,-0.221744,0.053756,0.153327
26-Jan-2025 14:22:48.072,-0.18387,0.089186,0.200975
26-Jan-2025 14:22:48.088,-0.139277,0.083689,0.278555
26-Jan-2025 14:22:48.104,-0.135001,0.050702,0.326202
26-Jan-2025 14:22:48.120,-0.167988,0.011606,0.340863
26-Jan-2025 14:22:48.136,-0.224188,-0.044593,0.333532
26-Jan-2025 14:22:48.152,-0.263283,-0.133779,0.285885
26-Jan-2025 14:22:48.169,-0.232129,-0.141721,0.239459
26-Jan-2025 14:22:48.185,-0.161879,-0.151495,0.193644
26-Jan-2025 14:22:48.201,-0.069639,-0.194255,0.180816
26-Jan-2025 14:22:48.217,-0.005498,-0.214414,0.182649
26-Jan-2025 14:22:48.233,0.09163,-0.299935,0.239459
26-Jan-2025 14:22:48.249,0.136834,-0.357356,0.305433
26-Jan-2025 14:22:48.265,0.177151,-0.414777,0.363465
26-Jan-2025 14:22:48.281,0.22602,-0.497855,0.362854
26-Jan-2025 14:22:48.297,0.368963,-0.534507,0.341474
26-Jan-2025 14:22:48.313,0.456316,-0.484416,0.299324
26-Jan-2025 14:22:48.329,0.475864,-0.504575,0.197309
26-Jan-2025 14:22:48.345,0.329256,-0.591318,0.140499
26-Jan-2025 14:22:48.361,-0.018326,-0.71288,0.09896
26-Jan-2025 14:22:48.377,-0.43799,-0.766025,0.04948
26-Jan-2025 14:22:48.393,-0.53634,-0.701273,-0.03543
26-Jan-2025 14:22:48.409,-0.365297,-0.638354,-0.174707
26-Jan-2025 14:22:48.426,-0.113621,-0.602924,-0.24679
26-Jan-2025 14:22:48.442,0.24007,-0.429438,-0.296881
26-Jan-2025 14:22:48.458,0.326202,-0.434325,-0.301767
26-Jan-2025 14:22:48.474,0.311541,-0.453873,-0.224798
26-Jan-2025 14:22:48.490,0.242514,-0.411723,-0.104458
26-Jan-2025 14:22:48.506,0.103847,-0.343306,0.046426
26-Jan-2025 14:22:48.522,-0.069028,-0.171653,0.173486
26-Jan-2025 14:22:48.538,-0.171653,-0.033598,0.192423
26-Jan-2025 14:22:48.554,-0.294437,0.127671,0.090408
26-Jan-2025 14:22:48.570,-0.328645,0.24679,-0.064141
26-Jan-2025 14:22:48.586,-0.273057,0.302989,-0.213803
26-Jan-2025 14:22:48.602,-0.199753,0.332922,-0.235183
26-Jan-2025 14:22:48.618,-0.185703,0.379958,-0.219911
26-Jan-2025 14:22:48.634,-0.186314,0.451429,-0.224798
26-Jan-2025 14:22:48.650,-0.167988,0.525955,-0.214414
26-Jan-2025 14:22:48.666,-0.14111,0.531453,-0.191201
26-Jan-2025 14:22:48.682,-0.099571,0.527788,-0.165544
26-Jan-2025 14:22:48.699,-0.037874,0.521068,-0.131947
26-Jan-2025 14:22:48.715,-0.026267,0.517403,-0.11301
26-Jan-2025 14:22:48.731,0.016493,0.601091,-0.104458
26-Jan-2025 14:22:48.747,0.031765,0.640798,-0.118508
26-Jan-2025 14:22:48.763,0.032987,0.590096,-0.150273
26-Jan-2025 14:22:48.779,0.05681,0.544892,-0.187536
26-Jan-2025 14:22:48.795,0.059254,0.510072,-0.257785
26-Jan-2025 14:22:48.811,0.046426,0.470977,-0.3036
26-Jan-2025 14:22:48.827,0.025045,0.422108,-0.338419
26-Jan-2025 14:22:48.843,-0.020159,0.392786,-0.336587
26-Jan-2025 14:22:48.859,-0.078191,0.397673,-0.31093
26-Jan-2025 14:22:48.875,-0.088575,0.455705,-0.288939
26-Jan-2025 14:22:48.891,-0.016493,0.456316,-0.315817
26-Jan-2025 14:22:48.907,0.210138,0.390343,-0.412334
26-Jan-2025 14:22:48.923,0.342085,0.309709,-0.401338
26-Jan-2025 14:22:48.939,0.284663,0.227853,-0.216246
26-Jan-2025 14:22:48.955,0.219911,0.219911,-0.116064
26-Jan-2025 14:22:48.972,0.186314,0.218079,-0.06353
26-Jan-2025 14:22:48.988,0.19792,0.223577,-0.032987
26-Jan-2025 14:22:49.004,0.158825,0.28222,0.030543
26-Jan-2025 14:22:49.020,0.073915,0.32498,0.067195
26-Jan-2025 14:22:49.036,-0.023824,0.368963,0.091019
26-Jan-2025 14:22:49.052,-0.081245,0.474031,0.132558
26-Jan-2025 14:22:49.068,-0.014661,0.503964,0.164934
26-Jan-2025 14:22:49.084,0.097128,0.356745,0.204029
26-Jan-2025 14:22:49.100,0.104458,0.163101,0.209527
26-Jan-2025 14:22:49.116,0.086743,0.100182,0.182649
26-Jan-2025 14:22:49.132,0.040928,0.24007,0.12034
26-Jan-2025 14:22:49.148,-0.114843,0.352469,0.109345
26-Jan-2025 14:22:49.164,-0.268781,0.354302,0.156992
26-Jan-2025 14:22:49.180,-0.410501,0.293215,0.193644
26-Jan-2025 14:22:49.196,-0.455095,0.280998,0.224188
26-Jan-2025 14:22:49.212,-0.420275,0.218079,0.242514
26-Jan-2025 14:22:49.229,-0.389732,0.017715,0.271224
26-Jan-2025 14:22:49.244,-0.329867,-0.069028,0.262061
26-Jan-2025 14:22:49.261,-0.26817,-0.057421,0.180205
26-Jan-2025 14:22:49.277,-0.28955,-0.081856,0.107512
26-Jan-2025 14:22:49.293,-0.336587,-0.173486,0.07086
26-Jan-2025 14:22:49.309,-0.346971,-0.266948,0.080634
26-Jan-2025 14:22:49.325,-0.307876,-0.359189,0.110567
26-Jan-2025 14:22:49.341,-0.270002,-0.37446,0.135001
26-Jan-2025 14:22:49.357,-0.230296,-0.357356,0.16249
26-Jan-2025 14:22:49.373,-0.163101,-0.3598,0.191201
26-Jan-2025 14:22:49.389,-0.094073,-0.376904,0.203418
26-Jan-2025 14:22:49.405,0.02138,-0.383623,0.191812
26-Jan-2025 14:22:49.421,0.133169,-0.40928,0.147829
26-Jan-2025 14:22:49.437,0.267559,-0.532064,0.14844
26-Jan-2025 14:22:49.453,0.299324,-0.675006,0.182038
26-Jan-2025 14:22:49.469,0.320704,-0.767247,0.210138
26-Jan-2025 14:22:49.485,0.313985,-0.802677,0.203418
26-Jan-2025 14:22:49.502,0.372017,-0.722043,0.178373
26-Jan-2025 14:22:49.518,0.461814,-0.682947,0.170431
26-Jan-2025 14:22:49.534,0.420886,-0.782518,0.193033
26-Jan-2025 14:22:49.550,0.210749,-0.822836,0.222966
26-Jan-2025 14:22:49.566,-0.018937,-0.817949,0.2474
26-Jan-2025 14:22:49.582,-0.301767,-0.942565,0.255342
26-Jan-2025 14:22:49.598,-0.412334,-1.05191,0.188757
26-Jan-2025 14:22:49.614,-0.493579,-1.194852,0.038485
26-Jan-2025 14:22:49.630,-0.470977,-1.23517,-0.050091
26-Jan-2025 14:22:49.646,-0.241903,-0.988991,-0.146608
26-Jan-2025 14:22:49.662,-0.000611,-0.799623,-0.188147
26-Jan-2025 14:22:49.678,0.213192,-0.707993,-0.21197
26-Jan-2025 14:22:49.694,0.285274,-0.823446,-0.201586
26-Jan-2025 14:22:49.710,0.305433,-1.018923,-0.159436
26-Jan-2025 14:22:49.726,0.22602,-1.205237,-0.032987
26-Jan-2025 14:22:49.742,0.141721,-1.258382,0.079412
26-Jan-2025 14:22:49.758,0.007941,-1.174694,0.161268
26-Jan-2025 14:22:49.774,-0.12706,-0.971887,0.116064
26-Jan-2025 14:22:49.791,-0.284663,-0.646295,-0.021991
26-Jan-2025 14:22:49.807,-0.318872,-0.426384,-0.174097
26-Jan-2025 14:22:49.823,-0.291383,-0.227853,-0.330478
26-Jan-2025 14:22:49.839,-0.235794,-0.181427,-0.364687
26-Jan-2025 14:22:49.855,-0.179594,-0.149051,-0.346361
26-Jan-2025 14:22:49.871,-0.120951,-0.12706,-0.276722
26-Jan-2025 14:22:49.887,-0.087354,-0.137445,-0.206472
26-Jan-2025 14:22:49.903,-0.078802,-0.149051,-0.147829
26-Jan-2025 14:22:49.919,-0.094073,-0.156382,-0.142942
26-Jan-2025 14:22:49.935,-0.090408,-0.213192,-0.184481
26-Jan-2025 14:22:49.951,-0.097738,-0.273668,-0.220522
26-Jan-2025 14:22:49.967,-0.048869,-0.16921,-0.166766
26-Jan-2025 14:22:49.983,-0.006109,-0.023213,-0.119119
26-Jan-2025 14:22:49.999,0.062919,0.126449,-0.073915
26-Jan-2025 14:22:50.015,0.110567,0.127671,-0.07025
26-Jan-2025 14:22:50.031,0.125227,0.02138,-0.115454
26-Jan-2025 14:22:50.047,0.116675,-0.122173,-0.178984
26-Jan-2025 14:22:50.063,0.086743,-0.004276,-0.197309
26-Jan-2025 14:22:50.079,-0.067806,0.167988,-0.200975
26-Jan-2025 14:22:50.096,-0.093462,0.21869,-0.199753
26-Jan-2025 14:22:50.112,0.213192,0.400728,-0.215635
26-Jan-2025 14:22:50.128,0.35308,0.350637,-0.171653
26-Jan-2025 14:22:50.144,0.2474,0.243735,-0.021991
26-Jan-2025 14:22:50.160,0.120951,0.302378,0.020769
26-Jan-2025 14:22:50.176,0.038485,0.463036,-0.017715
26-Jan-2025 14:22:50.192,0.030543,0.609033,-0.053145
26-Jan-2025 14:22:50.208,0.052534,0.715323,-0.024435
26-Jan-2025 14:22:50.224,0.006109,0.905302,0.040928
26-Jan-2025 14:22:50.240,-0.096517,1.058019,0.119119
26-Jan-2025 14:22:50.256,-0.182649,1.241278,0.243124
26-Jan-2025 14:22:50.272,-0.130725,1.288315,0.342085
26-Jan-2025 14:22:50.288,0.050091,1.254106,0.431271
26-Jan-2025 14:22:50.304,0.178373,1.180192,0.431882
26-Jan-2025 14:22:50.320,0.249233,1.060462,0.334143
26-Jan-2025 14:22:50.336,0.217468,1.065349,0.241903
26-Jan-2025 14:22:50.352,0.088575,1.233948,0.13439
26-Jan-2025 14:22:50.368,-0.200364,1.359786,0.050702
26-Jan-2025 14:22:50.385,-0.38118,1.329243,0.168599
26-Jan-2025 14:22:50.401,-0.42394,1.28526,0.379347
26-Jan-2025 14:22:50.417,-0.344528,1.299921,0.489914
26-Jan-2025 14:22:50.433,-0.21197,1.362229,0.447764
26-Jan-2025 14:22:50.449,-0.139888,1.354899,0.313985
26-Jan-2025 14:22:50.465,-0.037874,1.243722,0.185092
26-Jan-2025 14:22:50.481,0.038485,1.188744,0.111788
26-Jan-2025 14:22:50.497,0.114843,1.10872,0.039095
26-Jan-2025 14:22:50.513,0.135612,1.03786,0.030543
26-Jan-2025 14:22:50.529,0.11301,0.940122,0.060476
26-Jan-2025 14:22:50.545,0.025045,0.800233,0.13439
26-Jan-2025 14:22:50.561,-0.047037,0.72693,0.194255
26-Jan-2025 14:22:50.577,-0.075136,0.708604,0.252898
26-Jan-2025 14:22:50.593,-0.020769,0.729373,0.266337
26-Jan-2025 14:22:50.609,0.090408,0.761138,0.25412
26-Jan-2025 14:22:50.625,0.198531,0.737314,0.232129
26-Jan-2025 14:22:50.641,0.362854,0.57177,0.203418
26-Jan-2025 14:22:50.657,0.445932,0.403782,0.14844
26-Jan-2025 14:22:50.674,0.469145,0.128893,0.078802
26-Jan-2025 14:22:50.690,0.483805,-0.059254,0.109956
26-Jan-2025 14:22:50.706,0.504575,-0.08491,0.180205
26-Jan-2025 14:22:50.722,0.408058,0.153327,0.227853
26-Jan-2025 14:22:50.738,0.284663,0.304822,0.287107
26-Jan-2025 14:22:50.754,0.271835,0.334754,0.346971
26-Jan-2025 14:22:50.770,0.37385,0.22602,0.31032
26-Jan-2025 14:22:50.786,0.442877,0.002443,0.193644
26-Jan-2025 14:22:50.802,0.372628,-0.073304,0.107512
26-Jan-2025 14:22:50.818,0.182649,-0.023824,-0.027489
26-Jan-2025 14:22:50.834,0.031765,0.100793,-0.141721
26-Jan-2025 14:22:50.850,-0.07086,0.255953,-0.215635
26-Jan-2025 14:22:50.866,-0.031765,0.415999,-0.249844
26-Jan-2025 14:22:50.882,0.112399,0.476475,-0.290772
26-Jan-2025 14:22:50.898,0.338419,0.562607,-0.308487
26-Jan-2025 14:22:50.914,0.526566,0.748921,-0.270002
26-Jan-2025 14:22:50.930,0.533896,0.669508,-0.284052
26-Jan-2025 14:22:50.947,0.426384,0.39523,-0.292604
26-Jan-2025 14:22:50.963,0.260839,0.263283,-0.19792
26-Jan-2025 14:22:50.979,0.097738,0.448986,-0.193033
26-Jan-2025 14:22:50.995,-0.122173,0.891863,-0.35308
26-Jan-2025 14:22:51.011,-0.233351,1.08001,-0.42333
26-Jan-2025 14:22:51.027,-0.296881,1.191187,-0.486249
26-Jan-2025 14:22:51.043,-0.33903,1.284039,-0.52962
26-Jan-2025 14:22:51.059,-0.370184,1.34818,-0.513738
26-Jan-2025 14:22:51.075,-0.351248,1.363451,-0.442877
26-Jan-2025 14:22:51.091,-0.269392,1.293813,-0.397673
26-Jan-2025 14:22:51.107,-0.123395,1.145372,-0.347582
26-Jan-2025 14:22:51.123,-0.031765,1.046412,-0.307265
26-Jan-2025 14:22:51.139,0.038485,0.932791,-0.241292
26-Jan-2025 14:22:51.155,0.002443,0.968832,-0.178373
26-Jan-2025 14:22:51.171,-0.087965,1.112996,-0.100182
26-Jan-2025 14:22:51.187,-0.130725,1.180802,-0.065363
26-Jan-2025 14:22:51.203,-0.106291,1.213789,-0.052534
26-Jan-2025 14:22:51.219,0.022602,1.090394,-0.064141
26-Jan-2025 14:22:51.236,0.111177,0.970665,-0.061087
26-Jan-2025 14:22:51.252,0.187536,0.948063,-0.072082
26-Jan-2025 14:22:51.268,0.168599,0.912633,-0.121562
26-Jan-2025 14:22:51.284,0.092852,0.808175,-0.215025
26-Jan-2025 14:22:51.300,0.038485,0.739147,-0.260839
26-Jan-2025 14:22:51.316,-0.029932,0.748921,-0.257174
26-Jan-2025 14:22:51.332,-0.096517,0.773355,-0.257785
26-Jan-2025 14:22:51.348,-0.086743,0.777021,-0.268781
26-Jan-2025 14:22:51.364,0.171653,0.897972,-0.288328
26-Jan-2025 14:22:51.380,0.29627,0.841772,-0.315206
26-Jan-2025 14:22:51.395,0.279165,0.759916,-0.2755
26-Jan-2025 14:22:51.412,0.291383,0.856433,-0.209527
26-Jan-2025 14:22:51.428,0.199753,0.784962,-0.082467
26-Jan-2025 14:22:51.444,0.081856,0.764803,0.037874
26-Jan-2025 14:22:51.460,-0.009774,0.967,0.12706
26-Jan-2025 14:22:51.476,-0.067195,1.158811,0.125227
26-Jan-2025 14:22:51.492,-0.122784,1.41904,0.125227
26-Jan-2025 14:22:51.508,-0.09896,1.569313,0.179594
26-Jan-2025 14:22:51.524,-0.010996,1.592526,0.258396
26-Jan-2025 14:22:51.540,0.061087,1.456914,0.335365
26-Jan-2025 14:22:51.557,0.045815,1.444085,0.340252
26-Jan-2025 14:22:51.573,0.011606,1.589471,0.266337
26-Jan-2025 14:22:51.589,-0.023824,1.671938,0.165544
26-Jan-2025 14:22:51.605,-0.112399,1.670716,-0.03543
26-Jan-2025 14:22:51.621,-0.180816,1.579087,-0.125227
26-Jan-2025 14:22:51.637,-0.222355,1.490511,-0.109956
26-Jan-2025 14:22:51.653,-0.208305,1.496009,-0.113621
26-Jan-2025 14:22:51.669,-0.238237,1.571145,-0.127671
26-Jan-2025 14:22:51.685,-0.311541,1.682934,-0.088575
26-Jan-2025 14:22:51.701,-0.351858,1.880854,-0.066584
26-Jan-2025 14:22:51.717,-0.380569,1.840537,-0.017715
26-Jan-2025 14:22:51.733,-0.292604,1.638341,0.062919
26-Jan-2025 14:22:51.749,-0.095906,1.481959,0.117897
26-Jan-2025 14:22:51.765,-0.030543,1.483181,0.062308
26-Jan-2025 14:22:51.781,-0.026878,1.372614,0.008552
26-Jan-2025 14:22:51.797,0.001833,1.299921,0.023824
26-Jan-2025 14:22:51.813,-0.058032,1.356121,0.061087
26-Jan-2025 14:22:51.829,-0.15516,1.370782,0.131947
26-Jan-2025 14:22:51.845,-0.14111,1.282206,0.215635
26-Jan-2025 14:22:51.862,-0.034208,1.127046,0.242514
26-Jan-2025 14:22:51.878,-0.012217,1.046412,0.207083
26-Jan-2025 14:22:51.894,0.017104,0.963945,0.143553
26-Jan-2025 14:22:51.910,0.102625,0.894918,0.088575
26-Jan-2025 14:22:51.926,0.210749,0.803288,0.030543
26-Jan-2025 14:22:51.942,0.271224,0.715934,0.018326
26-Jan-2025 14:22:51.958,0.361021,0.638965,0.078802
26-Jan-2025 14:22:51.974,0.545503,0.548557,0.147829
26-Jan-2025 14:22:51.990,0.611476,0.447153,0.196088
26-Jan-2025 14:22:52.006,0.566883,0.445932,0.210138
26-Jan-2025 14:22:52.022,0.497244,0.410501,0.189979
26-Jan-2025 14:22:52.038,0.380569,0.227853,0.09163
26-Jan-2025 14:22:52.054,0.270002,0.0562,0.032376
26-Jan-2025 14:22:52.070,0.081856,-0.028711,-0.064752
26-Jan-2025 14:22:52.086,-0.017104,0.010996,-0.16249
26-Jan-2025 14:22:52.102,-0.043982,0.155771,-0.285885
26-Jan-2025 14:22:52.118,-0.013439,0.26817,-0.340252
26-Jan-2025 14:22:52.134,0.015272,0.364687,-0.345139
26-Jan-2025 14:22:52.151,0.048258,0.384234,-0.263283
26-Jan-2025 14:22:52.167,0.143553,0.414167,-0.173486
26-Jan-2025 14:22:52.183,0.298102,0.43799,-0.151495
26-Jan-2025 14:22:52.199,0.296881,0.389121,-0.140499
26-Jan-2025 14:22:52.215,0.194255,0.36713,-0.079412
26-Jan-2025 14:22:52.231,0.086743,0.398284,-0.08491
26-Jan-2025 14:22:52.247,-0.090408,0.540616,-0.238237
26-Jan-2025 14:22:52.263,-0.211359,0.605367,-0.36041
26-Jan-2025 14:22:52.279,-0.270613,0.752586,-0.401949
26-Jan-2025 14:22:52.295,-0.28222,0.857044,-0.368963
26-Jan-2025 14:22:52.311,-0.301157,0.915687,-0.299324
26-Jan-2025 14:22:52.327,-0.301157,0.951728,-0.281609
26-Jan-2025 14:22:52.343,-0.301767,0.977384,-0.293826
26-Jan-2025 14:22:52.358,-0.293215,0.964556,-0.280387
26-Jan-2025 14:22:52.375,-0.278555,0.980439,-0.235183
26-Jan-2025 14:22:52.391,-0.241903,1.014647,-0.189368
26-Jan-2025 14:22:52.407,-0.219301,1.022588,-0.172264
26-Jan-2025 14:22:52.423,-0.194255,0.942565,-0.133779
26-Jan-2025 14:22:52.440,-0.150273,0.899194,-0.106901
26-Jan-2025 14:22:52.455,-0.062919,0.861931,-0.118508
26-Jan-2025 14:22:52.472,-0.022602,0.823446,-0.123395
26-Jan-2025 14:22:52.488,-0.025045,0.795957,-0.130114
26-Jan-2025 14:22:52.504,-0.047647,0.800233,-0.144775
26-Jan-2025 14:22:52.520,-0.054978,0.773966,-0.170431
26-Jan-2025 14:22:52.536,-0.047647,0.801455,-0.204029
26-Jan-2025 14:22:52.552,-0.047037,0.859487,-0.219911
26-Jan-2025 14:22:52.568,-0.122784,0.756251,-0.229074
26-Jan-2025 14:22:52.584,-0.055589,0.703717,-0.223577
26-Jan-2025 14:22:52.600,0.244957,0.830166,-0.212581
26-Jan-2025 14:22:52.616,0.385456,0.843605,-0.18326
26-Jan-2025 14:22:52.632,0.301767,0.700052,-0.12706
26-Jan-2025 14:22:52.648,0.238848,0.574824,-0.172264
26-Jan-2025 14:22:52.664,0.191812,0.511905,-0.262672
26-Jan-2025 14:22:52.680,0.182649,0.61392,-0.334754
26-Jan-2025 14:22:52.696,0.172875,0.806342,-0.290772
26-Jan-2025 14:22:52.712,0.072082,0.977384,-0.116675
26-Jan-2025 14:22:52.728,-0.027489,1.08734,0.029322
26-Jan-2025 14:22:52.744,-0.062308,1.290758,0.216857
26-Jan-2025 14:22:52.761,0.037874,1.364673,0.321926
26-Jan-2025 14:22:52.777,0.17654,1.251663,0.379347
26-Jan-2025 14:22:52.793,0.215025,1.106277,0.348804
26-Jan-2025 14:22:52.809,0.205862,1.08001,0.253509
26-Jan-2025 14:22:52.825,0.133169,1.117883,0.184481
26-Jan-2025 14:22:52.841,-0.014661,1.190576,0.184481
26-Jan-2025 14:22:52.857,-0.212581,1.251052,0.265116
26-Jan-2025 14:22:52.873,-0.326813,1.219898,0.319483
26-Jan-2025 14:22:52.889,-0.385456,1.17897,0.354302
26-Jan-2025 14:22:52.905,-0.365908,1.144761,0.352469
26-Jan-2025 14:22:52.921,-0.263894,1.043358,0.321315
26-Jan-2025 14:22:52.937,-0.160047,0.961502,0.270613
26-Jan-2025 14:22:52.953,-0.045204,0.87537,0.168599
26-Jan-2025 14:22:52.969,0.008552,0.798401,0.101404
26-Jan-2025 14:22:52.985,0.03543,0.719599,0.046426
26-Jan-2025 14:22:53.001,0.013439,0.661567,0.02138
26-Jan-2025 14:22:53.017,-0.050702,0.604757,0.01405
26-Jan-2025 14:22:53.034,-0.161879,0.618806,0.04215
26-Jan-2025 14:22:53.050,-0.239459,0.680504,0.074526
26-Jan-2025 14:22:53.066,-0.323148,0.76236,0.121562
26-Jan-2025 14:22:53.082,-0.368352,0.739758,0.118508
26-Jan-2025 14:22:53.098,-0.375071,0.601091,0.109345
26-Jan-2025 14:22:53.114,-0.313374,0.502742,0.095295
26-Jan-2025 14:22:53.130,-0.150273,0.477697,0.069639
26-Jan-2025 14:22:53.146,-0.058032,0.424551,0.058032
26-Jan-2025 14:22:53.162,-0.004276,0.337198,0.076969
26-Jan-2025 14:22:53.178,0.060476,0.203418,0.094684
26-Jan-2025 14:22:53.194,0.092852,0.121562,0.128893
26-Jan-2025 14:22:53.210,0.149051,0.193644,0.173486
26-Jan-2025 14:22:53.226,0.243735,0.290161,0.213803
26-Jan-2025 14:22:53.242,0.387289,0.328035,0.281609
26-Jan-2025 14:22:53.258,0.477086,0.282831,0.271835
26-Jan-2025 14:22:53.274,0.464258,0.130725,0.194255
26-Jan-2025 14:22:53.290,0.321926,0.007941,0.113621
26-Jan-2025 14:22:53.306,0.017715,-0.073915,0.001833
26-Jan-2025 14:22:53.323,-0.185092,-0.109345,-0.094684
26-Jan-2025 14:22:53.339,-0.26817,-0.11301,-0.164323
26-Jan-2025 14:22:53.355,-0.136834,-0.034208,-0.208916
26-Jan-2025 14:22:53.371,-0.016493,-0.069028,-0.249844
26-Jan-2025 14:22:53.387,0.203418,-0.07086,-0.291994
26-Jan-2025 14:22:53.403,0.37446,-0.006109,-0.302989
26-Jan-2025 14:22:53.419,0.466701,0.002443,-0.29627
26-Jan-2025 14:22:53.435,0.431882,-0.072082,-0.25412
26-Jan-2025 14:22:53.451,0.287107,-0.243735,-0.153327
26-Jan-2025 14:22:53.467,0.137445,-0.301767,-0.130725
26-Jan-2025 14:22:53.483,-0.064141,-0.216246,-0.235794
26-Jan-2025 14:22:53.499,-0.157603,-0.102625,-0.349415
26-Jan-2025 14:22:53.515,-0.202196,0.031765,-0.431882
26-Jan-2025 14:22:53.531,-0.212581,0.174707,-0.45876
26-Jan-2025 14:22:53.547,-0.181427,0.208305,-0.417832
26-Jan-2025 14:22:53.563,-0.109345,0.262061,-0.334754
26-Jan-2025 14:22:53.579,-0.071471,0.328035,-0.295048
26-Jan-2025 14:22:53.595,-0.069639,0.36713,-0.284052
26-Jan-2025 14:22:53.611,-0.121562,0.368352,-0.3036
26-Jan-2025 14:22:53.628,-0.279165,0.317039,-0.31032
26-Jan-2025 14:22:53.644,-0.363465,0.362854,-0.273668
26-Jan-2025 14:22:53.660,-0.394619,0.383623,-0.243735
26-Jan-2025 14:22:53.676,-0.351248,0.42333,-0.266337
26-Jan-2025 14:22:53.692,-0.259007,0.495412,-0.28955
26-Jan-2025 14:22:53.708,-0.106901,0.485027,-0.323759
26-Jan-2025 14:22:53.724,-0.058643,0.392786,-0.301767
26-Jan-2025 14:22:53.740,-0.052534,0.32498,-0.266337
26-Jan-2025 14:22:53.756,-0.047037,0.295048,-0.29627
26-Jan-2025 14:22:53.772,-0.038485,0.250455,-0.353691
26-Jan-2025 14:22:53.788,-0.033598,0.268781,-0.367741
26-Jan-2025 14:22:53.804,0.021991,0.314596,-0.36041
26-Jan-2025 14:22:53.820,0.142332,0.288328,-0.339641
26-Jan-2025 14:22:53.836,0.420886,0.237016,-0.335976
26-Jan-2025 14:22:53.852,0.729984,0.147219,-0.24679
26-Jan-2025 14:22:53.868,0.692721,0.095295,-0.087965
26-Jan-2025 14:22:53.884,0.551611,0.108123,0.025656
26-Jan-2025 14:22:53.900,0.441045,0.133779,0.047037
26-Jan-2025 14:22:53.917,0.384845,0.091019,0.028711
26-Jan-2025 14:22:53.933,0.381791,0.053145,0.01405
26-Jan-2025 14:22:53.949,0.243124,0.163712,0.001833
26-Jan-2025 14:22:53.965,0.088575,0.315206,0.002443
26-Jan-2025 14:22:53.981,0.018326,0.432493,0.026267
26-Jan-2025 14:22:53.997,0.081856,0.405004,0.11973
26-Jan-2025 14:22:54.013,0.160658,0.243735,0.199753
26-Jan-2025 14:22:54.029,0.231518,0.012828,0.255342
26-Jan-2025 14:22:54.045,0.237627,-0.06353,0.263283
26-Jan-2025 14:22:54.061,0.163101,-0.061697,0.278555
26-Jan-2025 14:22:54.077,0.067195,-0.045815,0.302378
26-Jan-2025 14:22:54.093,-0.010996,-0.136223,0.36713
26-Jan-2025 14:22:54.109,-0.045204,-0.241292,0.412945
26-Jan-2025 14:22:54.125,-0.124006,-0.409891,0.448986
26-Jan-2025 14:22:54.141,-0.178984,-0.417832,0.441045
26-Jan-2025 14:22:54.157,-0.238848,-0.498466,0.387899
26-Jan-2025 14:22:54.173,-0.273668,-0.730595,0.255342
26-Jan-2025 14:22:54.189,-0.213192,-0.886976,0.128893
26-Jan-2025 14:22:54.205,-0.136223,-0.929737,-0.004887
26-Jan-2025 14:22:54.221,-0.136223,-0.92485,-0.030543
26-Jan-2025 14:22:54.238,-0.153327,-0.937067,0.008552
26-Jan-2025 14:22:54.254,-0.163101,-0.949895,0.050091
26-Jan-2025 14:22:54.270,-0.186925,-0.952339,0.080023
26-Jan-2025 14:22:54.286,-0.178984,-1.001819,0.072693
26-Jan-2025 14:22:54.302,-0.138056,-1.130101,0.041539
26-Jan-2025 14:22:54.318,-0.112399,-1.255939,0.018326
26-Jan-2025 14:22:54.334,-0.093462,-1.342071,-0.002443
26-Jan-2025 14:22:54.350,-0.058032,-1.34818,-0.029932
26-Jan-2025 14:22:54.366,-0.025656,-1.329243,-0.020769
26-Jan-2025 14:22:54.382,0.009774,-1.367727,0.029322
26-Jan-2025 14:22:54.398,0.024435,-1.422705,0.07025
26-Jan-2025 14:22:54.414,0.013439,-1.417207,0.115454
26-Jan-2025 14:22:54.430,-0.036652,-1.445307,0.126449
26-Jan-2025 14:22:54.446,-0.08491,-1.516168,0.123395
26-Jan-2025 14:22:54.462,-0.048258,-1.564426,0.122173
26-Jan-2025 14:22:54.478,0.0281,-1.568702,0.112399
26-Jan-2025 14:22:54.494,0.150273,-1.509448,0.083078
26-Jan-2025 14:22:54.510,0.251066,-1.444085,0.069028
26-Jan-2025 14:22:54.526,0.292604,-1.39094,0.101404
26-Jan-2025 14:22:54.542,0.221744,-1.344514,0.144164
26-Jan-2025 14:22:54.559,0.007941,-1.340238,0.223577
26-Jan-2025 14:22:54.575,-0.208305,-1.408655,0.277333
26-Jan-2025 14:22:54.591,-0.414777,-1.520444,0.258396
26-Jan-2025 14:22:54.607,-0.462425,-1.645671,0.174097
26-Jan-2025 14:22:54.623,-0.41661,-1.805107,0.032376
26-Jan-2025 14:22:54.639,-0.299935,-1.736079,-0.048258
26-Jan-2025 14:22:54.655,-0.156382,-1.542435,-0.099571
26-Jan-2025 14:22:54.671,0.009163,-1.312139,-0.138666
26-Jan-2025 14:22:54.687,0.107512,-1.236391,-0.152105
26-Jan-2025 14:22:54.703,0.140499,-1.375669,-0.121562
26-Jan-2025 14:22:54.719,0.047647,-1.562593,0.003054
26-Jan-2025 14:22:54.735,-0.15516,-1.613295,0.215025
26-Jan-2025 14:22:54.751,-0.283441,-1.460579,0.28222
26-Jan-2025 14:22:54.767,-0.373239,-1.233948,0.186925
26-Jan-2025 14:22:54.783,-0.377515,-1.205237,0.045815
26-Jan-2025 14:22:54.799,-0.384845,-1.260215,-0.109345
26-Jan-2025 14:22:54.815,-0.259618,-0.951728,-0.149051
26-Jan-2025 14:22:54.831,-0.103236,-0.736704,-0.145997
26-Jan-2025 14:22:54.848,-0.02138,-0.871094,-0.128282
26-Jan-2025 14:22:54.864,0.017715,-1.02381,-0.194255
26-Jan-2025 14:22:54.880,0.091019,-1.075734,-0.278555
26-Jan-2025 14:22:54.896,0.065363,-1.120327,-0.305433
26-Jan-2025 14:22:54.912,0.015882,-1.075734,-0.288939
26-Jan-2025 14:22:54.928,-0.018326,-1.018923,-0.256563
26-Jan-2025 14:22:54.944,-0.03543,-0.99571,-0.259007
26-Jan-2025 14:22:54.960,0.014661,-0.971887,-0.288328
26-Jan-2025 14:22:54.976,0.083689,-0.945009,-0.321926
26-Jan-2025 14:22:54.992,0.145386,-0.984104,-0.351248
26-Jan-2025 14:22:55.008,0.160658,-1.040914,-0.335365
26-Jan-2025 14:22:55.024,0.135001,-1.062906,-0.285274
26-Jan-2025 14:22:55.040,0.14111,-0.937678,-0.202807
26-Jan-2025 14:22:55.056,0.033598,-0.927904,-0.129503
26-Jan-2025 14:22:55.072,-0.017715,-0.962724,-0.15516
26-Jan-2025 14:22:55.088,0.235183,-0.877813,-0.21869
26-Jan-2025 14:22:55.104,0.536951,-0.756862,-0.215025
26-Jan-2025 14:22:55.121,0.378126,-0.830166,0.029322
26-Jan-2025 14:22:55.137,-0.080023,-0.915687,0.295048
26-Jan-2025 14:22:55.153,-0.454484,-0.945619,0.383013
26-Jan-2025 14:22:55.169,-0.555277,-1.014647,0.161268
26-Jan-2025 14:22:55.185,-0.353691,-1.155146,-0.032376
26-Jan-2025 14:22:55.201,-0.059254,-1.478294,-0.119119
26-Jan-2025 14:22:55.217,0.025656,-1.71531,-0.081245
26-Jan-2025 14:22:55.233,-0.015272,-1.822211,0.080023
26-Jan-2025 14:22:55.249,-0.062308,-1.784948,0.24679
26-Jan-2025 14:22:55.265,-0.016493,-1.897347,0.395841
26-Jan-2025 14:22:55.281,0.059254,-2.101377,0.391565
26-Jan-2025 14:22:55.297,0.093462,-2.389705,0.277333
26-Jan-2025 14:22:55.313,0.055589,-2.550362,0.177151
26-Jan-2025 14:22:55.329,-0.032376,-2.608395,0.121562
26-Jan-2025 14:22:55.345,-0.156382,-2.483167,0.112399
26-Jan-2025 14:22:55.361,-0.229074,-2.356718,0.141721
26-Jan-2025 14:22:55.377,-0.219301,-2.25226,0.199753
26-Jan-2025 14:22:55.393,-0.157603,-2.24493,0.231518
26-Jan-2025 14:22:55.410,-0.138666,-2.253482,0.256563
26-Jan-2025 14:22:55.426,-0.156992,-2.232102,0.242514
26-Jan-2025 14:22:55.442,-0.193033,-2.143526,0.204029
26-Jan-2025 14:22:55.458,-0.199753,-2.069,0.181427
26-Jan-2025 14:22:55.474,-0.191201,-1.971873,0.178373
26-Jan-2025 14:22:55.490,-0.131336,-1.886352,0.172264
26-Jan-2025 14:22:55.506,-0.059254,-1.863139,0.153938
26-Jan-2025 14:22:55.522,0.050702,-1.838094,0.117286
26-Jan-2025 14:22:55.538,0.147219,-1.757459,0.08491
26-Jan-2025 14:22:55.554,0.219301,-1.5742,0.061697
26-Jan-2025 14:22:55.570,0.208305,-1.430036,0.076969
26-Jan-2025 14:22:55.586,0.205862,-1.279763,0.12034
26-Jan-2025 14:22:55.602,0.230296,-1.267545,0.127671
26-Jan-2025 14:22:55.618,0.220522,-1.430036,0.111788
26-Jan-2025 14:22:55.634,0.163712,-1.519222,0.081245
26-Jan-2025 14:22:55.650,0.150273,-1.525331,-0.002443
26-Jan-2025 14:22:55.666,0.257785,-1.552209,-0.217468
26-Jan-2025 14:22:55.682,0.285274,-1.678658,-0.302378
26-Jan-2025 14:22:55.698,0.204029,-1.769677,-0.173486
26-Jan-2025 14:22:55.715,0.062308,-1.759292,-0.091019
26-Jan-2025 14:22:55.731,-0.074526,-1.71592,-0.149662
26-Jan-2025 14:22:55.747,-0.07758,-1.688432,-0.2474
26-Jan-2025 14:22:55.763,0.034819,-1.707368,-0.367741
26-Jan-2025 14:22:55.779,0.122784,-1.745853,-0.419054
26-Jan-2025 14:22:55.795,0.159436,-1.720807,-0.439823
26-Jan-2025 14:22:55.811,0.142332,-1.645671,-0.400117
26-Jan-2025 14:22:55.827,0.061697,-1.601078,-0.321315
26-Jan-2025 14:22:55.843,-0.083689,-1.583363,-0.229685
26-Jan-2025 14:22:55.859,-0.155771,-1.588861,-0.227242
26-Jan-2025 14:22:55.875,-0.19792,-1.549154,-0.295659
26-Jan-2025 14:22:55.891,-0.189979,-1.423316,-0.347582
26-Jan-2025 14:22:55.907,-0.14111,-1.145372,-0.358578
26-Jan-2025 14:22:55.923,-0.106291,-0.949285,-0.297491
26-Jan-2025 14:22:55.939,-0.153938,-0.904081,-0.159436
26-Jan-2025 14:22:55.955,-0.149051,-0.838107,-0.06353
26-Jan-2025 14:22:55.972,-0.152716,-0.662178,0.023213
26-Jan-2025 14:22:55.988,-0.19792,-0.316428,0.120951
26-Jan-2025 14:22:56.004,-0.230907,-0.111788,0.16249
26-Jan-2025 14:22:56.020,-0.255953,0.038485,0.155771
26-Jan-2025 14:22:56.036,-0.257174,0.133779,0.137445
26-Jan-2025 14:22:56.052,-0.185092,0.273668,0.118508
26-Jan-2025 14:22:56.068,-0.100182,0.417221,0.115454
26-Jan-2025 14:22:56.084,0.012217,0.586431,0.107512
26-Jan-2025 14:22:56.100,0.068417,0.67073,0.083078
26-Jan-2025 14:22:56.116,0.11301,0.72754,0.031154
26-Jan-2025 14:22:56.132,0.128893,0.758695,-0.001833
26-Jan-2025 14:22:56.148,0.131336,0.826501,-0.02138
26-Jan-2025 14:22:56.164,0.116675,1.023199,-0.062308
26-Jan-2025 14:22:56.180,0.116064,1.193631,-0.112399
26-Jan-2025 14:22:56.196,0.193033,1.325578,-0.232129
26-Jan-2025 14:22:56.212,0.368352,1.466077,-0.32498
26-Jan-2025 14:22:56.228,0.331089,1.461801,-0.324369
26-Jan-2025 14:22:56.245,0.158214,1.373225,-0.296881
26-Jan-2025 14:22:56.261,-0.050091,1.423316,-0.266337
26-Jan-2025 14:22:56.277,-0.193033,1.52472,-0.227853
26-Jan-2025 14:22:56.293,-0.326202,1.73669,-0.164934
26-Jan-2025 14:22:56.309,-0.355524,1.923004,-0.145386
26-Jan-2025 14:22:56.325,-0.375682,2.150246,-0.13439
26-Jan-2025 14:22:56.341,-0.385456,2.376266,-0.016493
26-Jan-2025 14:22:56.357,-0.276111,2.436131,0.128282
26-Jan-2025 14:22:56.373,-0.054978,2.221717,0.276722
26-Jan-2025 14:22:56.389,0.045815,1.928502,0.313985
26-Jan-2025 14:22:56.405,0.139277,1.528385,0.280387
26-Jan-2025 14:22:56.421,0.201586,1.309695,0.248622
26-Jan-2025 14:22:56.437,0.167377,1.326799,0.22602
26-Jan-2025 14:22:56.453,0.033598,1.525331,0.245568
26-Jan-2025 14:22:56.469,-0.125838,1.725694,0.287718
26-Jan-2025 14:22:56.485,-0.225409,1.852754,0.329867
26-Jan-2025 14:22:56.501,-0.210749,1.854587,0.356134
26-Jan-2025 14:22:56.517,-0.12706,1.657888,0.39523
26-Jan-2025 14:22:56.534,-0.053756,1.499674,0.390343
26-Jan-2025 14:22:56.550,0.014661,1.434922,0.296881
26-Jan-2025 14:22:56.566,0.026267,1.455081,0.170431
26-Jan-2025 14:22:56.582,0.015272,1.515557,0.026878
26-Jan-2025 14:22:56.598,0.000611,1.539991,-0.015882
26-Jan-2025 14:22:56.614,-0.020769,1.483181,0.045815
26-Jan-2025 14:22:56.630,-0.038485,1.425149,0.156382
26-Jan-2025 14:22:56.646,-0.050702,1.415986,0.255953
26-Jan-2025 14:22:56.662,-0.044593,1.455692,0.304211
26-Jan-2025 14:22:56.678,0.012217,1.420873,0.290772
26-Jan-2025 14:22:56.694,0.11973,1.290147,0.222966
26-Jan-2025 14:22:56.710,0.172875,1.148427,0.160047
26-Jan-2025 14:22:56.726,0.233961,0.978606,0.135001
26-Jan-2025 14:22:56.742,0.284663,0.861931,0.149662
26-Jan-2025 14:22:56.758,0.372017,0.785573,0.208305
26-Jan-2025 14:22:56.774,0.368352,0.6634,0.273668
26-Jan-2025 14:22:56.790,0.320093,0.533285,0.350637
26-Jan-2025 14:22:56.806,0.35308,0.509462,0.362854
26-Jan-2025 14:22:56.822,0.429438,0.492968,0.350026
26-Jan-2025 14:22:56.839,0.503353,0.386067,0.318872
26-Jan-2025 14:22:56.855,0.533285,0.308487,0.315817
26-Jan-2025 14:22:56.871,0.528398,0.278555,0.295659
26-Jan-2025 14:22:56.887,0.479529,0.249844,0.252287
26-Jan-2025 14:22:56.903,0.346971,0.219911,0.188147
26-Jan-2025 14:22:56.919,0.213192,0.191812,0.119119
26-Jan-2025 14:22:56.935,0.032987,0.177151,0.022602
26-Jan-2025 14:22:56.951,-0.062308,0.211359,-0.027489
26-Jan-2025 14:22:56.967,-0.039095,0.327424,-0.086132
26-Jan-2025 14:22:56.983,0.087965,0.386678,-0.143553
26-Jan-2025 14:22:56.999,0.217468,0.376293,-0.188757
26-Jan-2025 14:22:57.015,0.329256,0.415388,-0.219301
26-Jan-2025 14:22:57.031,0.376293,0.551,-0.2474
26-Jan-2025 14:22:57.047,0.296881,0.588263,-0.257785
26-Jan-2025 14:22:57.063,0.150273,0.525955,-0.216246
26-Jan-2025 14:22:57.079,-0.052534,0.528398,-0.153938
26-Jan-2025 14:22:57.095,-0.181427,0.653015,-0.17654
26-Jan-2025 14:22:57.111,-0.25412,0.863153,-0.266337
26-Jan-2025 14:22:57.128,-0.278555,0.977384,-0.332922
26-Jan-2025 14:22:57.144,-0.295659,1.007317,-0.373239
26-Jan-2025 14:22:57.160,-0.290161,1.033584,-0.342695
26-Jan-2025 14:22:57.176,-0.304211,1.111775,-0.271835
26-Jan-2025 14:22:57.192,-0.319483,1.210735,-0.204029
26-Jan-2025 14:22:57.208,-0.28955,1.22112,-0.178373
26-Jan-2025 14:22:57.224,-0.204029,1.146594,-0.15516
26-Jan-2025 14:22:57.240,-0.12706,1.055575,-0.153327
26-Jan-2025 14:22:57.256,-0.062919,0.98105,-0.145386
26-Jan-2025 14:22:57.272,-0.062919,0.982271,-0.118508
26-Jan-2025 14:22:57.288,-0.074526,1.028086,-0.065973
26-Jan-2025 14:22:57.304,-0.040317,1.026254,-0.023824
26-Jan-2025 14:22:57.320,0.034819,0.952339,-0.000611
26-Jan-2025 14:22:57.336,0.108734,0.815505,0.009163
26-Jan-2025 14:22:57.352,0.12706,0.753197,-0.027489
26-Jan-2025 14:22:57.368,0.096517,0.685391,-0.116064
26-Jan-2025 14:22:57.384,0.018937,0.689056,-0.174097
26-Jan-2025 14:22:57.400,-0.131336,0.799623,-0.243124
26-Jan-2025 14:22:57.417,-0.259007,0.888198,-0.290161
26-Jan-2025 14:22:57.433,-0.373239,0.951117,-0.329256
26-Jan-2025 14:22:57.449,-0.359189,0.990823,-0.332311
26-Jan-2025 14:22:57.465,-0.186925,1.053132,-0.312152
26-Jan-2025 14:22:57.480,0.152105,1.198518,-0.301767
26-Jan-2025 14:22:57.497,0.255953,1.021367,-0.308487
26-Jan-2025 14:22:57.513,0.390954,0.691499,-0.260839
26-Jan-2025 14:22:57.529,0.429438,0.712269,-0.295659
26-Jan-2025 14:22:57.545,0.364076,0.824057,-0.343917
26-Jan-2025 14:22:57.561,0.244957,0.99571,-0.321926
26-Jan-2025 14:22:57.577,0.039095,1.198518,-0.279776
26-Jan-2025 14:22:57.593,-0.071471,1.34146,-0.222355
26-Jan-2025 14:22:57.609,-0.120951,1.565648,-0.057421
26-Jan-2025 14:22:57.625,-0.075136,1.688432,0.107512
26-Jan-2025 14:22:57.641,0.020159,1.734857,0.236405
26-Jan-2025 14:22:57.657,0.065363,1.488068,0.287718
26-Jan-2025 14:22:57.673,0.119119,1.544267,0.258396
26-Jan-2025 14:22:57.690,0.102014,1.736079,0.185703
26-Jan-2025 14:22:57.706,-0.029322,1.777618,0.170431
26-Jan-2025 14:22:57.722,-0.186314,1.843591,0.21869
26-Jan-2025 14:22:57.738,-0.251066,1.867415,0.281609
26-Jan-2025 14:22:57.754,-0.246179,1.809994,0.348804
26-Jan-2025 14:22:57.770,-0.213192,1.751351,0.372628
26-Jan-2025 14:22:57.786,-0.215635,1.56748,0.361021
26-Jan-2025 14:22:57.802,-0.215635,1.428814,0.298102
26-Jan-2025 14:22:57.818,-0.192423,1.374447,0.195477
26-Jan-2025 14:22:57.834,-0.152716,1.389718,0.075747
26-Jan-2025 14:22:57.850,-0.13439,1.409877,0.003054
26-Jan-2025 14:22:57.866,-0.12034,1.337795,0.011606
26-Jan-2025 14:22:57.882,-0.097738,1.264491,0.064752
26-Jan-2025 14:22:57.898,-0.07025,1.237613,0.109345
26-Jan-2025 14:22:57.914,-0.03543,1.218065,0.138666
26-Jan-2025 14:22:57.930,0.010996,1.188744,0.165544
26-Jan-2025 14:22:57.946,0.089797,1.163698,0.149051
26-Jan-2025 14:22:57.962,0.22602,1.065349,0.092241
26-Jan-2025 14:22:57.979,0.309098,0.946841,0.045204
26-Jan-2025 14:22:57.995,0.384845,0.867429,0.015272
26-Jan-2025 14:22:58.011,0.406225,0.814894,0.013439
26-Jan-2025 14:22:58.027,0.403782,0.806342,0.061087
26-Jan-2025 14:22:58.043,0.456316,0.794125,0.133169
26-Jan-2025 14:22:58.059,0.554666,0.822225,0.145997
26-Jan-2025 14:22:58.075,0.618806,0.808786,0.118508
26-Jan-2025 14:22:58.091,0.547335,0.837496,0.135001
26-Jan-2025 14:22:58.107,0.396452,1.001208,0.188757
26-Jan-2025 14:22:58.123,0.278555,0.953561,0.184481
26-Jan-2025 14:22:58.139,0.189979,0.841772,0.136834
26-Jan-2025 14:22:58.155,0.091019,0.775799,0.016493
26-Jan-2025 14:22:58.171,0.001833,0.79779,-0.11973
26-Jan-2025 14:22:58.187,-0.087965,0.894918,-0.348193
26-Jan-2025 14:22:58.203,-0.067806,0.970665,-0.417221
26-Jan-2025 14:22:58.219,0.100793,1.121549,-0.447764
26-Jan-2025 14:22:58.235,0.202807,1.226617,-0.455705
26-Jan-2025 14:22:58.252,0.221744,1.329854,-0.401338
26-Jan-2025 14:22:58.268,0.170431,1.337795,-0.184481
26-Jan-2025 14:22:58.284,0.105069,1.31336,-0.082467
26-Jan-2025 14:22:58.300,0.04948,1.266324,-0.12706
26-Jan-2025 14:22:58.316,-0.029322,1.339628,-0.241292
26-Jan-2025 14:22:58.332,-0.160658,1.582752,-0.428217
26-Jan-2025 14:22:58.348,-0.187536,1.72936,-0.513738
26-Jan-2025 14:22:58.364,-0.177762,1.924226,-0.505796
26-Jan-2025 14:22:58.380,-0.208305,2.109318,-0.436158
26-Jan-2025 14:22:58.396,-0.29627,2.292577,-0.298102
26-Jan-2025 14:22:58.412,-0.361632,2.365881,-0.181427
26-Jan-2025 14:22:58.428,-0.353691,2.340836,-0.085521
26-Jan-2025 14:22:58.444,-0.323148,2.330451,-0.068417
26-Jan-2025 14:22:58.460,-0.208916,2.30174,-0.108123
26-Jan-2025 14:22:58.476,-0.082467,2.241875,-0.174097
26-Jan-2025 14:22:58.492,0.006109,2.171015,-0.244957
26-Jan-2025 14:22:58.508,0.004276,2.107485,-0.272446
26-Jan-2025 14:22:58.524,-0.00672,2.114205,-0.264505
26-Jan-2025 14:22:58.541,-0.07086,2.171626,-0.215635
26-Jan-2025 14:22:58.556,-0.092241,2.299297,-0.165544
26-Jan-2025 14:22:58.573,-0.073304,2.208278,-0.128282
26-Jan-2025 14:22:58.589,-0.03543,2.101987,-0.144164
26-Jan-2025 14:22:58.605,0.067195,2.08305,-0.217468
26-Jan-2025 14:22:58.621,0.114843,2.106874,-0.279165
26-Jan-2025 14:22:58.637,0.147829,2.11787,-0.309098
26-Jan-2025 14:22:58.653,0.186314,2.158187,-0.290161
26-Jan-2025 14:22:58.669,0.238848,2.182011,-0.253509
26-Jan-2025 14:22:58.685,0.347582,2.127033,-0.221744
26-Jan-2025 14:22:58.701,0.420886,2.100155,-0.23274
26-Jan-2025 14:22:58.717,0.381791,2.051896,-0.28955
26-Jan-2025 14:22:58.733,0.185703,2.064114,-0.294437
26-Jan-2025 14:22:58.749,-0.076358,2.262645,-0.301157
26-Jan-2025 14:22:58.765,-0.188147,2.404976,-0.341474
26-Jan-2025 14:22:58.781,-0.226631,2.489276,-0.378736
26-Jan-2025 14:22:58.797,-0.232129,2.512489,-0.375682
26-Jan-2025 14:22:58.814,-0.227853,2.540589,-0.345139
26-Jan-2025 14:22:58.830,-0.221133,2.550362,-0.264505
26-Jan-2025 14:22:58.846,-0.245568,2.493552,-0.19059
26-Jan-2025 14:22:58.862,-0.259007,2.431854,-0.117286
26-Jan-2025 14:22:58.878,-0.278555,2.412918,-0.087965
26-Jan-2025 14:22:58.894,-0.305433,2.413529,-0.080023
26-Jan-2025 14:22:58.910,-0.300546,2.403755,-0.069028
26-Jan-2025 14:22:58.926,-0.287107,2.353664,-0.067806
26-Jan-2025 14:22:58.942,-0.270002,2.299908,-0.091019
26-Jan-2025 14:22:58.958,-0.262672,2.252871,-0.087354
26-Jan-2025 14:22:58.974,-0.238237,2.23088,-0.033598
26-Jan-2025 14:22:58.990,-0.201586,2.213165,0.036652
26-Jan-2025 14:22:59.006,-0.140499,2.169183,0.100182
26-Jan-2025 14:22:59.022,-0.078191,2.113594,0.083689
26-Jan-2025 14:22:59.038,-0.029322,2.039068,-0.00672
26-Jan-2025 14:22:59.054,-0.014661,2.023186,-0.078191
26-Jan-2025 14:22:59.070,-0.004276,2.003027,-0.114843
26-Jan-2025 14:22:59.086,-0.018937,1.965153,-0.111177
26-Jan-2025 14:22:59.103,-0.051924,1.89185,-0.083689
26-Jan-2025 14:22:59.118,-0.074526,1.847867,-0.07025
26-Jan-2025 14:22:59.135,-0.090408,1.831374,-0.064752
26-Jan-2025 14:22:59.151,-0.097738,1.809994,-0.0562
26-Jan-2025 14:22:59.167,-0.094073,1.766622,-0.051924
26-Jan-2025 14:22:59.183,-0.100182,1.725083,-0.053756
26-Jan-2025 14:22:59.199,-0.097738,1.695762,-0.047647
26-Jan-2025 14:22:59.215,-0.075747,1.614517,-0.016493
26-Jan-2025 14:22:59.231,-0.062919,1.549154,0.003665
26-Jan-2025 14:22:59.247,-0.067806,1.453248,0.001833
26-Jan-2025 14:22:59.263,-0.080023,1.362229,-0.001222
26-Jan-2025 14:22:59.279,-0.087965,1.243722,-0.005498
26-Jan-2025 14:22:59.295,-0.07758,1.160033,-0.024435
26-Jan-2025 14:22:59.311,-0.06353,1.072679,-0.036652
26-Jan-2025 14:22:59.327,-0.058032,1.001208,-0.023824
26-Jan-2025 14:22:59.343,-0.072082,0.999986,0.003054
26-Jan-2025 14:22:59.359,-0.05681,0.960891,0.058032
26-Jan-2025 14:22:59.375,0.037263,0.90347,0.076358
26-Jan-2025 14:22:59.391,0.116064,0.83322,0.060476
26-Jan-2025 14:22:59.407,0.145997,0.830166,0.08491
26-Jan-2025 14:22:59.424,0.201586,0.866207,0.071471
26-Jan-2025 14:22:59.440,0.188757,0.879035,0.0281
26-Jan-2025 14:22:59.456,0.072082,0.780686,-0.023824
26-Jan-2025 14:22:59.472,0.051924,0.533896,-0.037874
26-Jan-2025 14:22:59.488,0.034208,0.418443,-0.06353
26-Jan-2025 14:22:59.504,0.01405,0.420886,-0.127671
26-Jan-2025 14:22:59.520,0.001222,0.389121,-0.166766
26-Jan-2025 14:22:59.536,-0.027489,0.321926,-0.178373
26-Jan-2025 14:22:59.552,-0.092241,0.28222,-0.152105
26-Jan-2025 14:22:59.568,-0.180816,0.253509,-0.104458
26-Jan-2025 14:22:59.584,-0.213192,0.332922,-0.07086
26-Jan-2025 14:22:59.600,-0.204029,0.439212,-0.052534
26-Jan-2025 14:22:59.616,-0.203418,0.45876,-0.076358
26-Jan-2025 14:22:59.632,-0.150273,0.378736,-0.081245
26-Jan-2025 14:22:59.648,-0.052534,0.22602,-0.045815
26-Jan-2025 14:22:59.664,-0.003054,0.101404,-0.015272
26-Jan-2025 14:22:59.680,-0.037263,0.001833,0.021991
26-Jan-2025 14:22:59.697,-0.14111,0.016493,0.002443
26-Jan-2025 14:22:59.713,-0.31765,0.140499,-0.034208
26-Jan-2025 14:22:59.729,-0.430049,0.257785,-0.061697
26-Jan-2025 14:22:59.745,-0.477086,0.28955,-0.034819
26-Jan-2025 14:22:59.761,-0.435547,0.291383,-0.023824
26-Jan-2025 14:22:59.777,-0.334754,0.213192,-0.029322
26-Jan-2025 14:22:59.793,-0.231518,0.147219,-0.047647
26-Jan-2025 14:22:59.809,-0.139277,0.096517,-0.090408
26-Jan-2025 14:22:59.825,-0.058032,0.044593,-0.146608
26-Jan-2025 14:22:59.841,-0.025045,0.040317,-0.166766
26-Jan-2025 14:22:59.857,0.004887,0.072082,-0.197309
26-Jan-2025 14:22:59.873,0.018326,0.087965,-0.177151
26-Jan-2025 14:22:59.889,0.037263,0.085521,-0.133169
26-Jan-2025 14:22:59.905,0.053145,0.122784,-0.124006
26-Jan-2025 14:22:59.921,0.081245,0.200364,-0.142942
26-Jan-2025 14:22:59.937,0.120951,0.191201,-0.172264
26-Jan-2025 14:22:59.953,0.207083,0.133169,-0.216857
26-Jan-2025 14:22:59.969,0.250455,0.097128,-0.2474
26-Jan-2025 14:22:59.986,0.279776,0.127671,-0.256563
26-Jan-2025 14:23:00.002,0.453262,0.153938,-0.260839
26-Jan-2025 14:23:00.018,0.695776,0.159436,-0.241292
26-Jan-2025 14:23:00.034,0.744034,0.018937,-0.111177
26-Jan-2025 14:23:00.050,0.538783,-0.149051,0.078191
26-Jan-2025 14:23:00.066,0.313985,-0.233961,0.219301
26-Jan-2025 14:23:00.082,0.237016,-0.210749,0.167988
26-Jan-2025 14:23:00.098,0.144164,-0.180816,0.065363
26-Jan-2025 14:23:00.114,0.046426,-0.089186,0.047037
26-Jan-2025 14:23:00.130,-0.030543,0.007941,0.048869
26-Jan-2025 14:23:00.146,-0.037874,-0.050702,0.048869
26-Jan-2025 14:23:00.162,0.037263,-0.236405,0.06353
26-Jan-2025 14:23:00.178,0.19059,-0.508851,0.107512
26-Jan-2025 14:23:00.194,0.284052,-0.620028,0.114843
26-Jan-2025 14:23:00.210,0.255342,-0.675617,0.076969
26-Jan-2025 14:23:00.226,0.130725,-0.681115,0.079412
26-Jan-2025 14:23:00.242,-0.064141,-0.690889,0.142332
26-Jan-2025 14:23:00.258,-0.178984,-0.712269,0.200975
26-Jan-2025 14:23:00.274,-0.231518,-0.749532,0.24007
26-Jan-2025 14:23:00.291,-0.208305,-0.835053,0.219301
26-Jan-2025 14:23:00.307,-0.149051,-0.996321,0.174097
26-Jan-2025 14:23:00.323,-0.033598,-1.243722,0.073915
26-Jan-2025 14:23:00.339,0.093462,-1.336573,-0.018326
26-Jan-2025 14:23:00.355,0.224188,-1.513113,-0.087965
26-Jan-2025 14:23:00.371,0.217468,-1.678047,-0.081245
26-Jan-2025 14:23:00.387,0.18326,-1.757459,-0.046426
26-Jan-2025 14:23:00.403,0.12706,-1.737301,-0.010385
26-Jan-2025 14:23:00.419,-0.042761,-1.649336,0.065363
26-Jan-2025 14:23:00.435,-0.128282,-1.5742,0.133779
26-Jan-2025 14:23:00.451,-0.133779,-1.552209,0.189979
26-Jan-2025 14:23:00.467,-0.108734,-1.610241,0.202196
26-Jan-2025 14:23:00.483,-0.051924,-1.71592,0.197309
26-Jan-2025 14:23:00.499,0.04215,-1.795944,0.149662
26-Jan-2025 14:23:00.515,0.102014,-1.801442,0.112399
26-Jan-2025 14:23:00.531,0.232129,-1.809383,0.118508
26-Jan-2025 14:23:00.548,0.278555,-1.755627,0.157603
26-Jan-2025 14:23:00.564,0.298102,-1.748296,0.23274
26-Jan-2025 14:23:00.580,0.255953,-1.70859,0.284663
26-Jan-2025 14:23:00.596,0.274278,-1.590693,0.311541
26-Jan-2025 14:23:00.612,0.29627,-1.660943,0.316428
26-Jan-2025 14:23:00.628,0.178373,-1.682934,0.313374
26-Jan-2025 14:23:00.644,0.106901,-1.405601,0.295048
26-Jan-2025 14:23:00.660,0.046426,-1.22845,0.269392
26-Jan-2025 14:23:00.676,-0.05681,-1.320691,0.242514
26-Jan-2025 14:23:00.692,-0.07758,-1.472796,0.223577
26-Jan-2025 14:23:00.708,-0.122784,-1.577865,0.216857
26-Jan-2025 14:23:00.724,-0.219911,-1.543046,0.251066
26-Jan-2025 14:23:00.740,-0.321315,-1.452638,0.28222
26-Jan-2025 14:23:00.756,-0.329256,-1.364062,0.263283
26-Jan-2025 14:23:00.772,-0.283441,-1.224785,0.165544
26-Jan-2025 14:23:00.788,-0.244957,-1.202183,0.089186
26-Jan-2025 14:23:00.804,-0.214414,-1.183857,0.047647
26-Jan-2025 14:23:00.820,-0.173486,-1.17164,0.084299
26-Jan-2025 14:23:00.836,-0.147219,-1.204015,0.169821
26-Jan-2025 14:23:00.853,-0.126449,-1.29931,0.239459
26-Jan-2025 14:23:00.869,-0.159436,-1.35551,0.205862
26-Jan-2025 14:23:00.885,-0.23274,-1.362229,0.083689
26-Jan-2025 14:23:00.901,-0.265116,-1.282206,-0.000611
26-Jan-2025 14:23:00.917,-0.254731,-1.126436,-0.040928
26-Jan-2025 14:23:00.933,-0.207694,-1.036027,-0.012217
26-Jan-2025 14:23:00.949,-0.145997,-0.999986,0.067195
26-Jan-2025 14:23:00.965,-0.143553,-0.985326,0.103847
26-Jan-2025 14:23:00.981,-0.170431,-0.948674,0.099571
26-Jan-2025 14:23:00.997,-0.195477,-0.849714,0.040928
26-Jan-2025 14:23:01.013,-0.182038,-0.761749,0.00733
26-Jan-2025 14:23:01.029,-0.13439,-0.666454,-0.017104
26-Jan-2025 14:23:01.045,-0.088575,-0.654237,-0.034819
26-Jan-2025 14:23:01.061,-0.04215,-0.638354,-0.034208
26-Jan-2025 14:23:01.077,-0.029932,-0.554055,-0.036652
26-Jan-2025 14:23:01.093,0.011606,-0.427606,-0.062919
26-Jan-2025 14:23:01.109,0.07086,-0.363465,-0.081245
26-Jan-2025 14:23:01.125,0.152716,-0.351858,-0.108734
26-Jan-2025 14:23:01.142,0.181427,-0.366519,-0.142332
26-Jan-2025 14:23:01.158,0.19059,-0.350026,-0.166155
26-Jan-2025 14:23:01.174,0.230907,-0.181427,-0.156992
26-Jan-2025 14:23:01.190,0.205251,-0.135001,-0.152716
26-Jan-2025 14:23:01.206,0.225409,-0.045815,-0.213192
26-Jan-2025 14:23:01.222,0.383623,0.059254,-0.298713
26-Jan-2025 14:23:01.238,0.621861,0.034819,-0.372628
26-Jan-2025 14:23:01.254,0.576046,-0.061697,-0.335976
26-Jan-2025 14:23:01.270,0.41661,0.004887,-0.284052
26-Jan-2025 14:23:01.286,0.350026,0.12706,-0.28955
26-Jan-2025 14:23:01.302,0.266948,0.235183,-0.266948
26-Jan-2025 14:23:01.318,0.172875,0.420275,-0.208916
26-Jan-2025 14:23:01.334,0.109956,0.596815,-0.187536
26-Jan-2025 14:23:01.350,-0.047037,0.821003,-0.128893
26-Jan-2025 14:23:01.366,-0.11973,0.928515,-0.04948
26-Jan-2025 14:23:01.382,-0.092852,0.887587,0.031765
26-Jan-2025 14:23:01.398,-0.02138,0.803899,0.078191
26-Jan-2025 14:23:01.414,0.016493,0.792903,0.105069
26-Jan-2025 14:23:01.431,-0.005498,0.863153,0.117286
26-Jan-2025 14:23:01.447,-0.109345,0.926072,0.138666
26-Jan-2025 14:23:01.463,-0.207694,0.919352,0.175318
26-Jan-2025 14:23:01.479,-0.269392,0.93218,0.227853
26-Jan-2025 14:23:01.495,-0.312152,0.899194,0.293826
26-Jan-2025 14:23:01.511,-0.304822,0.856433,0.347582
26-Jan-2025 14:23:01.527,-0.237627,0.784962,0.390954
26-Jan-2025 14:23:01.543,-0.188147,0.728762,0.382402
26-Jan-2025 14:23:01.559,-0.13439,0.671952,0.340252
26-Jan-2025 14:23:01.575,-0.086132,0.612087,0.297491
26-Jan-2025 14:23:01.591,-0.015272,0.519846,0.241292
26-Jan-2025 14:23:01.607,0.044593,0.48014,0.23274
26-Jan-2025 14:23:01.623,0.106901,0.513127,0.265116
26-Jan-2025 14:23:01.639,0.131947,0.565661,0.307265
26-Jan-2025 14:23:01.655,0.156992,0.590096,0.342085
26-Jan-2025 14:23:01.671,0.207694,0.564439,0.365297
26-Jan-2025 14:23:01.687,0.245568,0.548557,0.356745
26-Jan-2025 14:23:01.703,0.286496,0.491136,0.330478
26-Jan-2025 14:23:01.719,0.274889,0.463036,0.293826
26-Jan-2025 14:23:01.736,0.25412,0.43799,0.222966
26-Jan-2025 14:23:01.752,0.244957,0.384845,0.18387
26-Jan-2025 14:23:01.768,0.24679,0.298102,0.200364
26-Jan-2025 14:23:01.784,0.2474,0.244346,0.248622
26-Jan-2025 14:23:01.800,0.211359,0.23274,0.28955
26-Jan-2025 14:23:01.816,0.166766,0.287107,0.296881
26-Jan-2025 14:23:01.832,0.191201,0.321315,0.252287
26-Jan-2025 14:23:01.848,0.255342,0.317039,0.205862
26-Jan-2025 14:23:01.864,0.321926,0.346361,0.17654
26-Jan-2025 14:23:01.880,0.396452,0.390343,0.122173
26-Jan-2025 14:23:01.896,0.355524,0.361021,0.149051
26-Jan-2025 14:23:01.912,0.177762,0.426995,0.251066
26-Jan-2025 14:23:01.928,0.050702,0.48686,0.271835
26-Jan-2025 14:23:01.944,-0.088575,0.529009,0.196699
26-Jan-2025 14:23:01.960,-0.243124,0.600481,0.062308
26-Jan-2025 14:23:01.976,-0.356745,0.612087,-0.110567
26-Jan-2025 14:23:01.992,-0.387289,0.700662,-0.305433
26-Jan-2025 14:23:02.008,-0.356745,0.768468,-0.380569
26-Jan-2025 14:23:02.025,-0.210749,0.890031,-0.413556
26-Jan-2025 14:23:02.041,-0.076358,1.104444,-0.394619
26-Jan-2025 14:23:02.057,0.04948,1.290147,-0.304211
26-Jan-2025 14:23:02.073,0.058032,1.255939,-0.252898
26-Jan-2025 14:23:02.089,-0.0562,1.215622,-0.149051
26-Jan-2025 14:23:02.105,-0.123395,1.229672,-0.037874
26-Jan-2025 14:23:02.121,-0.184481,1.201572,-0.047647
26-Jan-2025 14:23:02.137,-0.211359,1.236391,-0.147829
26-Jan-2025 14:23:02.153,-0.197309,1.313971,-0.263894
26-Jan-2025 14:23:02.169,-0.167988,1.39827,-0.362854
26-Jan-2025 14:23:02.185,-0.178984,1.456303,-0.37385
26-Jan-2025 14:23:02.201,-0.206472,1.481959,-0.327424
26-Jan-2025 14:23:02.217,-0.205251,1.474629,-0.280387
26-Jan-2025 14:23:02.233,-0.178984,1.480127,-0.225409
26-Jan-2025 14:23:02.249,-0.161268,1.494176,-0.210749
26-Jan-2025 14:23:02.265,-0.124006,1.479516,-0.215025
26-Jan-2025 14:23:02.281,-0.103236,1.461801,-0.211359
26-Jan-2025 14:23:02.297,-0.071471,1.483792,-0.201586
26-Jan-2025 14:23:02.314,-0.059865,1.518,-0.170431
26-Jan-2025 14:23:02.330,-0.042761,1.524109,-0.149662
26-Jan-2025 14:23:02.346,0.014661,1.558317,-0.124006
26-Jan-2025 14:23:02.362,0.092852,1.532661,-0.126449
26-Jan-2025 14:23:02.378,0.166766,1.470963,-0.150273
26-Jan-2025 14:23:02.394,0.152105,1.456914,-0.170431
26-Jan-2025 14:23:02.410,0.158214,1.422705,-0.218079
26-Jan-2025 14:23:02.426,0.161879,1.398881,-0.244346
26-Jan-2025 14:23:02.442,0.152105,1.426981,-0.244957
26-Jan-2025 14:23:02.458,0.137445,1.480127,-0.226631
26-Jan-2025 14:23:02.474,0.122173,1.517389,-0.222355
26-Jan-2025 14:23:02.490,0.207694,1.563815,-0.252287
26-Jan-2025 14:23:02.506,0.403782,1.624902,-0.31032
26-Jan-2025 14:23:02.522,0.453262,1.523498,-0.354913
26-Jan-2025 14:23:02.538,0.398895,1.524109,-0.350637
26-Jan-2025 14:23:02.554,0.315206,1.502118,-0.370795
26-Jan-2025 14:23:02.570,0.218079,1.411099,-0.342695
26-Jan-2025 14:23:02.586,0.101404,1.530217,-0.252287
26-Jan-2025 14:23:02.602,-0.01405,1.712255,-0.189368
26-Jan-2025 14:23:02.619,-0.188147,2.014634,-0.09896
26-Jan-2025 14:23:02.635,-0.23274,2.206445,-0.012828
26-Jan-2025 14:23:02.651,-0.140499,2.321899,0.073304
26-Jan-2025 14:23:02.667,0.06353,2.262645,0.221744
26-Jan-2025 14:23:02.683,0.147219,2.026851,0.354913
26-Jan-2025 14:23:02.699,0.18387,1.835039,0.529009
26-Jan-2025 14:23:02.715,0.172264,1.911397,0.576046
26-Jan-2025 14:23:02.731,0.072082,2.063503,0.48686
26-Jan-2025 14:23:02.747,-0.060476,2.160019,0.368963
26-Jan-2025 14:23:02.763,-0.244346,2.234545,0.211359
26-Jan-2025 14:23:02.779,-0.314596,2.172237,0.145997
26-Jan-2025 14:23:02.795,-0.3036,2.023186,0.155771
26-Jan-2025 14:23:02.811,-0.195477,1.960267,0.207083
26-Jan-2025 14:23:02.827,-0.117897,1.876578,0.24007
26-Jan-2025 14:23:02.843,-0.015882,1.791057,0.237016
26-Jan-2025 14:23:02.859,0.07086,1.810605,0.161268
26-Jan-2025 14:23:02.876,0.131947,1.827709,0.057421
26-Jan-2025 14:23:02.891,0.147829,1.746464,0.021991
26-Jan-2025 14:23:02.908,0.149662,1.571756,0.001222
26-Jan-2025 14:23:02.923,0.089797,1.496009,0.006109
26-Jan-2025 14:23:02.940,-0.030543,1.539991,0.073304
26-Jan-2025 14:23:02.956,-0.075136,1.572367,0.138056
26-Jan-2025 14:23:02.972,-0.069639,1.533883,0.153938
26-Jan-2025 14:23:02.988,-0.050091,1.395216,0.106291
26-Jan-2025 14:23:03.004,-0.00733,1.22112,0.066584
26-Jan-2025 14:23:03.020,0.095906,1.024421,0.010385
26-Jan-2025 14:23:03.036,0.179594,0.927904,-0.012828
26-Jan-2025 14:23:03.052,0.248011,0.846659,-0.000611
26-Jan-2025 14:23:03.068,0.226631,0.791071,0.036652
26-Jan-2025 14:23:03.084,0.170431,0.664011,0.123395
26-Jan-2025 14:23:03.099,0.139277,0.525344,0.157603
26-Jan-2025 14:23:03.116,0.180205,0.408669,0.167377
26-Jan-2025 14:23:03.132,0.186925,0.345139,0.185092
26-Jan-2025 14:23:03.148,0.193033,0.387899,0.220522
26-Jan-2025 14:23:03.164,0.293215,0.492968,0.231518
26-Jan-2025 14:23:03.181,0.358578,0.485027,0.21869
26-Jan-2025 14:23:03.197,0.341474,0.381791,0.19059
26-Jan-2025 14:23:03.213,0.221744,0.270613,0.202196
26-Jan-2025 14:23:03.229,-0.028711,0.17654,0.17654
26-Jan-2025 14:23:03.245,-0.227853,0.160047,0.107512
26-Jan-2025 14:23:03.261,-0.342695,0.195477,0.001833
26-Jan-2025 14:23:03.277,-0.276722,0.255953,-0.12706
26-Jan-2025 14:23:03.293,-0.156382,0.299324,-0.266948
26-Jan-2025 14:23:03.309,-0.018937,0.411723,-0.343917
26-Jan-2025 14:23:03.325,0.119119,0.509462,-0.351858
26-Jan-2025 14:23:03.341,0.266337,0.480751,-0.329256
26-Jan-2025 14:23:03.357,0.213192,0.387289,-0.259007
26-Jan-2025 14:23:03.373,0.026878,0.367741,-0.167988
26-Jan-2025 14:23:03.389,-0.144775,0.45204,-0.172264
26-Jan-2025 14:23:03.405,-0.318261,0.544281,-0.22602
26-Jan-2025 14:23:03.420,-0.365908,0.578489,-0.255342
26-Jan-2025 14:23:03.437,-0.401949,0.644463,-0.256563
26-Jan-2025 14:23:03.453,-0.392786,0.671341,-0.23274
26-Jan-2025 14:23:03.470,-0.340252,0.674395,-0.191201
26-Jan-2025 14:23:03.486,-0.224798,0.670119,-0.144775
26-Jan-2025 14:23:03.502,-0.128893,0.642019,-0.127671
26-Jan-2025 14:23:03.518,-0.022602,0.554666,-0.135612
26-Jan-2025 14:23:03.534,0.023213,0.481362,-0.169821
26-Jan-2025 14:23:03.550,0.053756,0.464258,-0.213803
26-Jan-2025 14:23:03.566,0.034208,0.473421,-0.205862
26-Jan-2025 14:23:03.582,-0.050091,0.332922,-0.166766
26-Jan-2025 14:23:03.598,-0.043982,0.274889,-0.150884
26-Jan-2025 14:23:03.614,0.014661,0.305433,-0.164323
26-Jan-2025 14:23:03.630,0.069639,0.294437,-0.193644
26-Jan-2025 14:23:03.646,0.122784,0.235183,-0.208916
26-Jan-2025 14:23:03.662,0.165544,0.158825,-0.236405
26-Jan-2025 14:23:03.678,0.163101,0.082467,-0.2755
26-Jan-2025 14:23:03.694,0.154549,0.008552,-0.329867
26-Jan-2025 14:23:03.710,0.111788,0.021991,-0.337198
26-Jan-2025 14:23:03.726,0.026878,0.067806,-0.339641
26-Jan-2025 14:23:03.741,0.043982,0.031765,-0.394619
26-Jan-2025 14:23:03.759,0.250455,0.065973,-0.459371
26-Jan-2025 14:23:03.775,0.273057,0.029932,-0.368963
26-Jan-2025 14:23:03.791,0.139277,0.016493,-0.259007
26-Jan-2025 14:23:03.807,0.022602,-0.078191,-0.182649
26-Jan-2025 14:23:03.823,0.032987,-0.131336,-0.145386
26-Jan-2025 14:23:03.839,0.068417,-0.108123,-0.097128
26-Jan-2025 14:23:03.855,0.040928,-0.031765,-0.060476
26-Jan-2025 14:23:03.871,-0.042761,0.094684,-0.018326
26-Jan-2025 14:23:03.887,-0.055589,0.177762,0.023824
26-Jan-2025 14:23:03.903,0.111788,0.210138,0.118508
26-Jan-2025 14:23:03.919,0.265726,0.036041,0.196699
26-Jan-2025 14:23:03.935,0.311541,-0.156382,0.249233
26-Jan-2025 14:23:03.951,0.239459,-0.086132,0.233961
26-Jan-2025 14:23:03.967,0.182038,0.016493,0.194866
26-Jan-2025 14:23:03.983,0.046426,0.097128,0.181427
26-Jan-2025 14:23:03.999,-0.087965,0.068417,0.249233
26-Jan-2025 14:23:04.015,-0.200364,-0.039706,0.361632
26-Jan-2025 14:23:04.031,-0.215635,-0.116064,0.387899
26-Jan-2025 14:23:04.047,-0.174097,-0.167377,0.346971
26-Jan-2025 14:23:04.063,-0.122784,-0.228464,0.326202
26-Jan-2025 14:23:04.080,-0.093462,-0.287107,0.278555
26-Jan-2025 14:23:04.096,-0.076358,-0.335365,0.18387
26-Jan-2025 14:23:04.112,-0.043982,-0.415999,0.086132
26-Jan-2025 14:23:04.128,-0.002443,-0.533896,0.01405
26-Jan-2025 14:23:04.144,-0.00672,-0.577268,-0.011606
26-Jan-2025 14:23:04.160,-0.061087,-0.561385,-0.010996
26-Jan-2025 14:23:04.176,-0.138666,-0.518625,0.014661
26-Jan-2025 14:23:04.192,-0.216246,-0.511905,0.078802
26-Jan-2025 14:23:04.208,-0.224798,-0.525344,0.115454
26-Jan-2025 14:23:04.224,-0.166155,-0.576657,0.111177
26-Jan-2025 14:23:04.240,-0.116064,-0.608422,0.061087
26-Jan-2025 14:23:04.256,-0.06353,-0.646295,-0.019548
26-Jan-2025 14:23:04.272,-0.017715,-0.700662,-0.04948
26-Jan-2025 14:23:04.288,0.026267,-0.74831,-0.04215
26-Jan-2025 14:23:04.304,0.075747,-0.816116,0.02138
26-Jan-2025 14:23:04.320,0.095906,-0.818559,0.09896
26-Jan-2025 14:23:04.336,0.108734,-0.751975,0.186314
26-Jan-2025 14:23:04.352,0.034819,-0.95295,0.236405
26-Jan-2025 14:23:04.368,0.048258,-1.185079,0.252287
26-Jan-2025 14:23:04.385,0.137445,-1.201572,0.205251
26-Jan-2025 14:23:04.401,0.205251,-1.156368,0.160658
26-Jan-2025 14:23:04.417,0.158825,-1.195463,0.166155
26-Jan-2025 14:23:04.433,0.058643,-1.227228,0.12706
26-Jan-2025 14:23:04.449,0.012828,-1.284039,0.051924
26-Jan-2025 14:23:04.465,-0.072082,-1.378112,0.006109
26-Jan-2025 14:23:04.481,-0.224188,-1.58825,0.023824
26-Jan-2025 14:23:04.497,-0.34575,-1.768455,0.039095
26-Jan-2025 14:23:04.513,-0.538783,-1.868637,0.03543
26-Jan-2025 14:23:04.529,-0.585209,-1.777007,-0.023213
26-Jan-2025 14:23:04.545,-0.426384,-1.55343,-0.169821
26-Jan-2025 14:23:04.561,-0.189979,-1.471574,-0.260839
26-Jan-2025 14:23:04.577,0.037263,-1.495398,-0.269392
26-Jan-2025 14:23:04.593,0.050091,-1.535104,-0.210749
26-Jan-2025 14:23:04.609,-0.052534,-1.545489,-0.118508
26-Jan-2025 14:23:04.625,-0.230296,-1.5461,-0.013439
26-Jan-2025 14:23:04.642,-0.274889,-1.557096,-0.001222
26-Jan-2025 14:23:04.657,-0.304211,-1.556485,-0.089797
26-Jan-2025 14:23:04.674,-0.316428,-1.521665,-0.173486
26-Jan-2025 14:23:04.690,-0.332311,-1.40499,-0.246179
26-Jan-2025 14:23:04.706,-0.326202,-1.310306,-0.260229
26-Jan-2025 14:23:04.722,-0.260839,-1.243722,-0.231518
26-Jan-2025 14:23:04.738,-0.19792,-1.2144,-0.224188
26-Jan-2025 14:23:04.754,-0.109345,-1.210124,-0.226631
26-Jan-2025 14:23:04.770,-0.059254,-1.200961,-0.227853
26-Jan-2025 14:23:04.786,-0.036041,-1.158811,-0.235183
26-Jan-2025 14:23:04.802,-0.021991,-1.097725,-0.256563
26-Jan-2025 14:23:04.818,0.000611,-1.043358,-0.293215
26-Jan-2025 14:23:04.834,0.07025,-0.926072,-0.357356
26-Jan-2025 14:23:04.850,0.12034,-0.844827,-0.358578
26-Jan-2025 14:23:04.866,0.122784,-0.780075,-0.293215
26-Jan-2025 14:23:04.882,0.113621,-0.737925,-0.263283
26-Jan-2025 14:23:04.898,0.150273,-0.679893,-0.321315
26-Jan-2025 14:23:04.914,0.180205,-0.679893,-0.408669
26-Jan-2025 14:23:04.930,0.142942,-0.69883,-0.488081
26-Jan-2025 14:23:04.947,0.092852,-0.681726,-0.499077
26-Jan-2025 14:23:04.963,0.124006,-0.647517,-0.492357
26-Jan-2025 14:23:04.979,0.364687,-0.477697,-0.481973
26-Jan-2025 14:23:04.995,0.45876,-0.511294,-0.400117
26-Jan-2025 14:23:05.011,0.372017,-0.673173,-0.19792
26-Jan-2025 14:23:05.027,0.351248,-0.625526,-0.117897
26-Jan-2025 14:23:05.043,0.348193,-0.563829,-0.096517
26-Jan-2025 14:23:05.059,0.300546,-0.586431,-0.090408
26-Jan-2025 14:23:05.075,0.269392,-0.488081,-0.07086
26-Jan-2025 14:23:05.091,0.25412,-0.343917,-0.041539
26-Jan-2025 14:23:05.107,0.25412,-0.25412,0.01405
26-Jan-2025 14:23:05.123,0.301767,-0.331089,0.106291
26-Jan-2025 14:23:05.139,0.317039,-0.403171,0.193644
26-Jan-2025 14:23:05.155,0.288328,-0.383013,0.279165
26-Jan-2025 14:23:05.171,0.233961,-0.426995,0.304211
26-Jan-2025 14:23:05.187,0.208916,-0.484416,0.288328
26-Jan-2025 14:23:05.204,0.168599,-0.497244,0.259007
26-Jan-2025 14:23:05.219,0.067195,-0.526566,0.290161
26-Jan-2025 14:23:05.236,0.010996,-0.545503,0.334143
26-Jan-2025 14:23:05.252,0.002443,-0.638965,0.34575
26-Jan-2025 14:23:05.268,0.027489,-0.725708,0.33903
26-Jan-2025 14:23:05.284,0.059254,-0.777631,0.318261
26-Jan-2025 14:23:05.300,0.100182,-0.808175,0.268781
26-Jan-2025 14:23:05.316,0.125227,-0.823446,0.233961
26-Jan-2025 14:23:05.332,0.174097,-0.879035,0.221744
26-Jan-2025 14:23:05.348,0.204029,-0.93157,0.249233
26-Jan-2025 14:23:05.364,0.163101,-0.930348,0.290161
26-Jan-2025 14:23:05.380,0.074526,-0.905913,0.322537
26-Jan-2025 14:23:05.396,-0.040317,-0.881479,0.349415
26-Jan-2025 14:23:05.412,-0.067195,-0.863153,0.356134
26-Jan-2025 14:23:05.428,-0.048869,-0.8827,0.323148
26-Jan-2025 14:23:05.444,-0.000611,-0.906524,0.273668
26-Jan-2025 14:23:05.460,0.058032,-0.906524,0.21869
26-Jan-2025 14:23:05.476,0.100182,-0.914465,0.164934
26-Jan-2025 14:23:05.492,0.11301,-0.907746,0.151495
26-Jan-2025 14:23:05.509,-0.014661,-0.847881,0.191201
26-Jan-2025 14:23:05.525,-0.133169,-0.827722,0.246179
26-Jan-2025 14:23:05.541,-0.202807,-0.894307,0.291994
26-Jan-2025 14:23:05.557,-0.167377,-1.007317,0.293215
26-Jan-2025 14:23:05.573,0.039095,-1.008538,0.2474
26-Jan-2025 14:23:05.589,0.111177,-1.056797,0.231518
26-Jan-2025 14:23:05.605,-0.027489,-1.144761,0.280387
26-Jan-2025 14:23:05.621,-0.099571,-1.111775,0.264505
26-Jan-2025 14:23:05.637,-0.175318,-1.112996,0.221133
26-Jan-2025 14:23:05.653,-0.387899,-1.311528,0.141721
26-Jan-2025 14:23:05.669,-0.560774,-1.514335,0.13439
26-Jan-2025 14:23:05.685,-0.702495,-1.574811,0.131947
26-Jan-2025 14:23:05.701,-0.64263,-1.464855,0.078191
26-Jan-2025 14:23:05.717,-0.356745,-1.285871,-0.020769
26-Jan-2025 14:23:05.733,-0.135001,-1.233948,-0.07086
26-Jan-2025 14:23:05.749,0.060476,-1.241278,-0.074526
26-Jan-2025 14:23:05.765,0.085521,-1.263269,-0.034208
26-Jan-2025 14:23:05.781,0.003054,-1.252274,0.006109
26-Jan-2025 14:23:05.798,-0.155771,-1.218065,0.052534
26-Jan-2025 14:23:05.814,-0.239459,-1.208902,0.069639
26-Jan-2025 14:23:05.830,-0.294437,-1.205237,0.036041
26-Jan-2025 14:23:05.846,-0.301157,-1.175916,-0.022602
26-Jan-2025 14:23:05.862,-0.283441,-1.085508,-0.127671
26-Jan-2025 14:23:05.878,-0.243124,-0.993267,-0.189368
26-Jan-2025 14:23:05.894,-0.138056,-0.814894,-0.195477
26-Jan-2025 14:23:05.910,-0.137445,-0.850935,-0.16921
26-Jan-2025 14:23:05.926,-0.138666,-0.942565,-0.155771
26-Jan-2025 14:23:05.942,-0.131336,-0.93218,-0.166766
26-Jan-2025 14:23:05.958,-0.144775,-0.837496,-0.182038
26-Jan-2025 14:23:05.974,-0.180205,-0.739147,-0.201586
26-Jan-2025 14:23:05.990,-0.204029,-0.695776,-0.227242
26-Jan-2025 14:23:06.006,-0.219911,-0.690889,-0.291383
26-Jan-2025 14:23:06.022,-0.198531,-0.686613,-0.328645
26-Jan-2025 14:23:06.038,-0.116675,-0.625526,-0.363465
26-Jan-2025 14:23:06.054,-0.039095,-0.574213,-0.377515
26-Jan-2025 14:23:06.070,0.020159,-0.510683,-0.383623
26-Jan-2025 14:23:06.087,0.072082,-0.502742,-0.420886
26-Jan-2025 14:23:06.103,0.091019,-0.482584,-0.491747
26-Jan-2025 14:23:06.119,0.071471,-0.496633,-0.530231
26-Jan-2025 14:23:06.135,0.042761,-0.509462,-0.555887
26-Jan-2025 14:23:06.151,0.018326,-0.469145,-0.549779
26-Jan-2025 14:23:06.167,0.050702,-0.445932,-0.516792
26-Jan-2025 14:23:06.183,0.318261,-0.469755,-0.528398
26-Jan-2025 14:23:06.199,0.672563,-0.37385,-0.51557
26-Jan-2025 14:23:06.215,0.777631,-0.38118,-0.317039
26-Jan-2025 14:23:06.231,0.530231,-0.419664,-0.117897
26-Jan-2025 14:23:06.247,0.234572,-0.43738,-0.0562
26-Jan-2025 14:23:06.263,0.099571,-0.441656,-0.118508
26-Jan-2025 14:23:06.279,0.032987,-0.479529,-0.150273
26-Jan-2025 14:23:06.295,0.041539,-0.445321,-0.144775
26-Jan-2025 14:23:06.311,0.067806,-0.368352,-0.12706
26-Jan-2025 14:23:06.327,0.193033,-0.410501,-0.055589
26-Jan-2025 14:23:06.343,0.306654,-0.591928,0.057421
26-Jan-2025 14:23:06.360,0.330478,-0.842994,0.255953
26-Jan-2025 14:23:06.376,0.309098,-0.870483,0.351858
26-Jan-2025 14:23:06.392,0.271224,-0.814894,0.387289
26-Jan-2025 14:23:06.408,0.198531,-0.799623,0.362854
26-Jan-2025 14:23:06.424,0.06353,-0.852768,0.318872
26-Jan-2025 14:23:06.440,-0.031154,-0.902248,0.302378
26-Jan-2025 14:23:06.456,-0.086132,-0.910189,0.290772
26-Jan-2025 14:23:06.472,-0.107512,-0.896139,0.274889
26-Jan-2025 14:23:06.488,-0.089186,-0.93218,0.257174
26-Jan-2025 14:23:06.504,-0.017104,-1.050688,0.231518
26-Jan-2025 14:23:06.520,0.044593,-1.105055,0.201586
26-Jan-2025 14:23:06.536,0.096517,-1.112386,0.133779
26-Jan-2025 14:23:06.552,0.121562,-1.130712,0.092241
26-Jan-2025 14:23:06.568,0.125227,-1.186911,0.091019
26-Jan-2025 14:23:06.584,0.099571,-1.208902,0.114232
26-Jan-2025 14:23:06.600,0.003054,-1.241889,0.158214
26-Jan-2025 14:23:06.616,-0.103236,-1.25655,0.196088
26-Jan-2025 14:23:06.632,-0.205251,-1.22845,0.196088
26-Jan-2025 14:23:06.649,-0.291383,-1.149648,0.114232
26-Jan-2025 14:23:06.665,-0.305433,-1.117883,0.046426
26-Jan-2025 14:23:06.681,-0.241292,-1.149037,0
26-Jan-2025 14:23:06.697,-0.138056,-1.185689,-0.008552
26-Jan-2025 14:23:06.713,0.060476,-1.128268,0.019548
26-Jan-2025 14:23:06.729,0.122173,-1.087951,0.07758
26-Jan-2025 14:23:06.745,0.055589,-1.113607,0.200975
26-Jan-2025 14:23:06.761,0.012828,-1.127046,0.278555
26-Jan-2025 14:23:06.777,0.01405,-1.134377,0.327424
26-Jan-2025 14:23:06.793,0.047037,-1.190576,0.352469
26-Jan-2025 14:23:06.809,0.100182,-1.211957,0.337198
26-Jan-2025 14:23:06.825,0.182038,-1.268767,0.292604
26-Jan-2025 14:23:06.841,0.258396,-1.321302,0.244957
26-Jan-2025 14:23:06.857,0.373239,-1.330464,0.205251
26-Jan-2025 14:23:06.873,0.383013,-1.288315,0.227242
26-Jan-2025 14:23:06.889,0.273057,-1.290147,0.326813
26-Jan-2025 14:23:06.905,0.018937,-1.403768,0.446543
26-Jan-2025 14:23:06.921,-0.381791,-1.598024,0.48686
26-Jan-2025 14:23:06.937,-0.634078,-1.761124,0.394008
26-Jan-2025 14:23:06.954,-0.778853,-1.862528,0.271835
26-Jan-2025 14:23:06.970,-0.684169,-1.805718,0.122173
26-Jan-2025 14:23:06.986,-0.435547,-1.676214,0.006109
26-Jan-2025 14:23:07.002,-0.121562,-1.541213,-0.137445
26-Jan-2025 14:23:07.018,0.050091,-1.523498,-0.215635
26-Jan-2025 14:23:07.034,0.278555,-1.462411,-0.285274
26-Jan-2025 14:23:07.050,0.241292,-1.563815,-0.280998
26-Jan-2025 14:23:07.066,-0.058032,-1.811215,-0.096517
26-Jan-2025 14:23:07.082,-0.171042,-1.77884,0.081245
26-Jan-2025 14:23:07.098,-0.220522,-1.593137,0.106291
26-Jan-2025 14:23:07.114,-0.25412,-1.539991,0.018326
26-Jan-2025 14:23:07.130,-0.256563,-1.519222,-0.069639
26-Jan-2025 14:23:07.146,-0.197309,-1.41904,-0.166155
26-Jan-2025 14:23:07.162,-0.122784,-1.292591,-0.235183
26-Jan-2025 14:23:07.178,0.009774,-1.161255,-0.273057
26-Jan-2025 14:23:07.194,0.09896,-1.130712,-0.255342
26-Jan-2025 14:23:07.210,0.137445,-1.149648,-0.21197
26-Jan-2025 14:23:07.226,0.108734,-1.169196,-0.175318
26-Jan-2025 14:23:07.243,0.015882,-1.058019,-0.153327
26-Jan-2025 14:23:07.259,-0.061697,-0.918741,-0.138666
26-Jan-2025 14:23:07.275,-0.145997,-0.792292,-0.122173
26-Jan-2025 14:23:07.291,-0.223577,-0.622472,-0.118508
26-Jan-2025 14:23:07.307,-0.229685,-0.499688,-0.145997
26-Jan-2025 14:23:07.323,-0.158214,-0.407447,-0.191201
26-Jan-2025 14:23:07.339,-0.081856,-0.358578,-0.210749
26-Jan-2025 14:23:07.355,0.011606,-0.281609,-0.219911
26-Jan-2025 14:23:07.371,0.04215,-0.232129,-0.207083
26-Jan-2025 14:23:07.387,0.032376,-0.181427,-0.202196
26-Jan-2025 14:23:07.403,-0.003665,-0.135001,-0.208305
26-Jan-2025 14:23:07.419,-0.078802,-0.007941,-0.232129
26-Jan-2025 14:23:07.435,-0.099571,0.11973,-0.244957
26-Jan-2025 14:23:07.451,-0.030543,0.222966,-0.255953
26-Jan-2025 14:23:07.467,0.172264,0.285274,-0.263894
26-Jan-2025 14:23:07.483,0.200975,0.259618,-0.244346
26-Jan-2025 14:23:07.499,0.132558,0.345139,-0.221744
26-Jan-2025 14:23:07.515,0.116675,0.502742,-0.213803
26-Jan-2025 14:23:07.532,0.264505,0.794125,-0.177762
26-Jan-2025 14:23:07.548,0.365297,0.942565,-0.120951
26-Jan-2025 14:23:07.564,0.281609,0.943787,-0.039706
26-Jan-2025 14:23:07.580,0.171653,0.989602,0.019548
26-Jan-2025 14:23:07.596,0.099571,1.032973,0.064141
26-Jan-2025 14:23:07.612,0.16249,0.966389,0.085521
26-Jan-2025 14:23:07.628,0.257785,0.904081,0.11301
26-Jan-2025 14:23:07.644,0.335976,0.996932,0.132558
26-Jan-2025 14:23:07.660,0.31765,1.147816,0.136834
26-Jan-2025 14:23:07.676,0.196088,1.317636,0.165544
26-Jan-2025 14:23:07.692,0.081856,1.368949,0.19792
26-Jan-2025 14:23:07.708,-0.009774,1.372003,0.24007
26-Jan-2025 14:23:07.724,-0.0281,1.364062,0.244346
26-Jan-2025 14:23:07.740,-0.036041,1.323745,0.29627
26-Jan-2025 14:23:07.756,-0.043371,1.312139,0.334754
26-Jan-2025 14:23:07.772,-0.026878,1.247387,0.349415
26-Jan-2025 14:23:07.788,-0.007941,1.219898,0.307876
26-Jan-2025 14:23:07.805,0.024435,1.219898,0.243124
26-Jan-2025 14:23:07.821,0.036652,1.134988,0.142942
26-Jan-2025 14:23:07.837,0.0281,1.050688,0.108123
26-Jan-2025 14:23:07.853,0,0.970665,0.117897
26-Jan-2025 14:23:07.869,-0.044593,0.929737,0.122784
26-Jan-2025 14:23:07.885,-0.102625,0.886365,0.10568
26-Jan-2025 14:23:07.901,-0.136223,0.839329,0.086743
26-Jan-2025 14:23:07.917,-0.131336,0.731206,0.100793
26-Jan-2025 14:23:07.933,-0.089797,0.638965,0.116064
26-Jan-2025 14:23:07.949,-0.036041,0.572992,0.094073
26-Jan-2025 14:23:07.965,0.026267,0.529009,0.051924
26-Jan-2025 14:23:07.981,0.075747,0.497855,0.043982
26-Jan-2025 14:23:07.997,0.092241,0.365908,0.075747
26-Jan-2025 14:23:08.013,0.084299,0.3036,0.093462
26-Jan-2025 14:23:08.029,0.054367,0.230907,0.072693
26-Jan-2025 14:23:08.045,0.020159,0.223577,0.102014
26-Jan-2025 14:23:08.061,0.032376,0.217468,0.208916
26-Jan-2025 14:23:08.077,0.050702,0.180816,0.316428
26-Jan-2025 14:23:08.094,0.084299,0.182649,0.38118
26-Jan-2025 14:23:08.109,0.15516,0.199753,0.342695
26-Jan-2025 14:23:08.126,0.193644,0.102014,0.293215
26-Jan-2025 14:23:08.142,0.133779,-0.149662,0.256563
26-Jan-2025 14:23:08.158,0.046426,-0.251676,0.224188
26-Jan-2025 14:23:08.174,-0.062919,-0.290772,0.188757
26-Jan-2025 14:23:08.190,-0.133169,-0.346361,0.184481
26-Jan-2025 14:23:08.206,-0.142332,-0.403171,0.18326
26-Jan-2025 14:23:08.221,-0.050702,-0.328035,0.145386
26-Jan-2025 14:23:08.238,0.067195,-0.160658,-0.002443
26-Jan-2025 14:23:08.254,0.13439,-0.083078,-0.131336
26-Jan-2025 14:23:08.270,0.22602,0.012828,-0.236405
26-Jan-2025 14:23:08.286,0.259618,0.177762,-0.3317
26-Jan-2025 14:23:08.302,0.186925,0.200975,-0.314596
26-Jan-2025 14:23:08.318,0.005498,0.03543,-0.155771
26-Jan-2025 14:23:08.334,-0.150884,0.031154,-0.072693
26-Jan-2025 14:23:08.350,-0.302989,0.164323,-0.108123
26-Jan-2025 14:23:08.366,-0.392175,0.23274,-0.208305
26-Jan-2025 14:23:08.382,-0.431882,0.343917,-0.348804
26-Jan-2025 14:23:08.399,-0.405615,0.411112,-0.413556
26-Jan-2025 14:23:08.415,-0.346361,0.436769,-0.415388
26-Jan-2025 14:23:08.431,-0.293826,0.418443,-0.376293
26-Jan-2025 14:23:08.447,-0.208305,0.365297,-0.315206
26-Jan-2025 14:23:08.463,-0.100793,0.284052,-0.253509
26-Jan-2025 14:23:08.479,-0.059865,0.268781,-0.225409
26-Jan-2025 14:23:08.495,0.004276,0.207694,-0.178373
26-Jan-2025 14:23:08.511,0.020769,0.17654,-0.152105
26-Jan-2025 14:23:08.527,-0.046426,0.185092,-0.122173
26-Jan-2025 14:23:08.542,-0.107512,0.218079,-0.076969
26-Jan-2025 14:23:08.559,-0.151495,0.256563,-0.016493
26-Jan-2025 14:23:08.575,-0.114843,0.227853,0.012217
26-Jan-2025 14:23:08.591,0.00733,0.168599,0.001222
26-Jan-2025 14:23:08.607,0.115454,0.126449,-0.037263
26-Jan-2025 14:23:08.623,0.202807,0.099571,-0.083078
26-Jan-2025 14:23:08.639,0.189368,-0.004276,-0.100182
26-Jan-2025 14:23:08.655,0.114232,-0.024435,-0.080634
26-Jan-2025 14:23:08.671,-0.004887,-0.01405,-0.055589
26-Jan-2025 14:23:08.688,-0.045204,-0.031154,-0.059865
26-Jan-2025 14:23:08.704,-0.031154,-0.027489,-0.083689
26-Jan-2025 14:23:08.720,0.02138,0.011606,-0.114843
26-Jan-2025 14:23:08.736,0.182649,0.084299,-0.145386
26-Jan-2025 14:23:08.752,0.456927,0.203418,-0.182649
26-Jan-2025 14:23:08.768,0.67806,0.104458,-0.114232
26-Jan-2025 14:23:08.784,0.422108,-0.170431,0.050091
26-Jan-2025 14:23:08.800,0.278555,-0.033598,0.062308
26-Jan-2025 14:23:08.816,0.383623,0.235794,-0.073915
26-Jan-2025 14:23:08.832,0.444099,0.181427,-0.041539
26-Jan-2025 14:23:08.848,0.417221,0.034208,0.046426
26-Jan-2025 14:23:08.863,0.321926,0.08491,0.069028
26-Jan-2025 14:23:08.880,0.200975,0.349415,0.085521
26-Jan-2025 14:23:08.896,0.229074,0.457538,0.098349
26-Jan-2025 14:23:08.912,0.323148,0.259618,0.115454
26-Jan-2025 14:23:08.929,0.324369,0.12706,0.130725
26-Jan-2025 14:23:08.945,0.252898,0.194255,0.114232
26-Jan-2025 14:23:08.961,0.110567,0.346971,0.095906
26-Jan-2025 14:23:08.977,0.018326,0.37446,0.161268
26-Jan-2025 14:23:08.993,-0.078191,0.372628,0.265116
26-Jan-2025 14:23:09.009,-0.130725,0.40928,0.302378
26-Jan-2025 14:23:09.025,-0.154549,0.444099,0.318872
26-Jan-2025 14:23:09.041,-0.142332,0.425773,0.320704
26-Jan-2025 14:23:09.057,-0.106291,0.321315,0.326202
26-Jan-2025 14:23:09.073,-0.067195,0.270613,0.301157
26-Jan-2025 14:23:09.089,-0.019548,0.271224,0.210138
26-Jan-2025 14:23:09.105,-0.002443,0.24679,0.166766
26-Jan-2025 14:23:09.121,0.010385,0.207083,0.153938
26-Jan-2025 14:23:09.137,-0.009774,0.147829,0.146608
26-Jan-2025 14:23:09.153,-0.062308,0.114232,0.125838
26-Jan-2025 14:23:09.169,-0.127671,0.161268,0.105069
26-Jan-2025 14:23:09.185,-0.156382,0.302989,0.113621
26-Jan-2025 14:23:09.201,-0.18326,0.174097,0.161879
26-Jan-2025 14:23:09.218,-0.04948,0.081245,0.199142
26-Jan-2025 14:23:09.234,0.169821,0.129503,0.172264
26-Jan-2025 14:23:09.250,0.284663,0.146608,0.158214
26-Jan-2025 14:23:09.266,0.384845,0.043371,0.18387
26-Jan-2025 14:23:09.282,0.417221,-0.02138,0.187536
26-Jan-2025 14:23:09.298,0.419054,-0.086743,0.172264
26-Jan-2025 14:23:09.314,0.398895,-0.170431,0.199142
26-Jan-2025 14:23:09.330,0.408669,-0.174707,0.220522
26-Jan-2025 14:23:09.346,0.506407,-0.159436,0.207083
26-Jan-2025 14:23:09.362,0.631024,-0.137445,0.186925
26-Jan-2025 14:23:09.378,0.714101,-0.242514,0.248622
26-Jan-2025 14:23:09.394,0.673173,-0.227853,0.2755
26-Jan-2025 14:23:09.410,0.552222,-0.225409,0.26145
26-Jan-2025 14:23:09.426,0.351858,-0.312152,0.220522
26-Jan-2025 14:23:09.442,0.113621,-0.286496,0.117897
26-Jan-2025 14:23:09.458,-0.017104,-0.204029,-0.111788
26-Jan-2025 14:23:09.474,0.040317,-0.246179,-0.288328
26-Jan-2025 14:23:09.490,0.130725,-0.163712,-0.431271
26-Jan-2025 14:23:09.506,0.103236,-0.015272,-0.486249
26-Jan-2025 14:23:09.523,0.0562,0.256563,-0.506407
26-Jan-2025 14:23:09.539,0.108123,0.430049,-0.497855
26-Jan-2025 14:23:09.555,0.188147,0.48747,-0.400117
26-Jan-2025 14:23:09.571,0.200364,0.483194,-0.361632
26-Jan-2025 14:23:09.587,0.131336,0.544892,-0.457538
26-Jan-2025 14:23:09.603,0.029932,0.667065,-0.579711
26-Jan-2025 14:23:09.619,-0.094684,0.803899,-0.691499
26-Jan-2025 14:23:09.635,-0.218079,0.963335,-0.746477
26-Jan-2025 14:23:09.651,-0.259007,1.119716,-0.736704
26-Jan-2025 14:23:09.667,-0.274278,1.318247,-0.683558
26-Jan-2025 14:23:09.683,-0.293826,1.443475,-0.620028
26-Jan-2025 14:23:09.699,-0.291383,1.561982,-0.535118
26-Jan-2025 14:23:09.715,-0.273057,1.640173,-0.502742
26-Jan-2025 14:23:09.731,-0.273057,1.747685,-0.516792
26-Jan-2025 14:23:09.747,-0.26817,1.77212,-0.546724
26-Jan-2025 14:23:09.763,-0.258396,1.833207,-0.575435
26-Jan-2025 14:23:09.779,-0.248011,1.938886,-0.588874
26-Jan-2025 14:23:09.795,-0.233351,2.08244,-0.601091
26-Jan-2025 14:23:09.812,-0.231518,2.232102,-0.574824
26-Jan-2025 14:23:09.828,-0.21197,2.297464,-0.524122
26-Jan-2025 14:23:09.844,-0.165544,2.416583,-0.468534
26-Jan-2025 14:23:09.860,-0.130114,2.463619,-0.440434
26-Jan-2025 14:23:09.876,-0.095295,2.538756,-0.44471
26-Jan-2025 14:23:09.892,-0.111788,2.574186,-0.453873
26-Jan-2025 14:23:09.908,-0.197309,2.649933,-0.426384
26-Jan-2025 14:23:09.924,-0.232129,2.722626,-0.380569
26-Jan-2025 14:23:09.940,-0.173486,2.800206,-0.304822
26-Jan-2025 14:23:09.956,-0.094073,2.730568,-0.259618
26-Jan-2025 14:23:09.972,0.095295,2.718961,-0.22602
26-Jan-2025 14:23:09.988,0.352469,2.783713,-0.203418
26-Jan-2025 14:23:10.004,0.282831,2.74645,-0.173486
26-Jan-2025 14:23:10.020,-0.236405,2.579073,-0.07758
26-Jan-2025 14:23:10.036,-0.556498,2.625499,-0.089186
26-Jan-2025 14:23:10.052,-0.615752,2.680477,-0.185703
26-Jan-2025 14:23:10.068,-0.505796,2.645046,-0.251066
26-Jan-2025 14:23:10.084,-0.466701,2.634662,-0.277333
26-Jan-2025 14:23:10.101,-0.498466,2.615114,-0.241903
26-Jan-2025 14:23:10.117,-0.541837,2.598621,-0.178984
26-Jan-2025 14:23:10.133,-0.580933,2.53448,-0.10568
26-Jan-2025 14:23:10.149,-0.555277,2.470339,-0.06353
26-Jan-2025 14:23:10.165,-0.507629,2.422692,-0.04215
26-Jan-2025 14:23:10.181,-0.467923,2.404366,-0.059865
26-Jan-2025 14:23:10.197,-0.37385,2.403144,-0.119119
26-Jan-2025 14:23:10.213,-0.305433,2.388483,-0.166155
26-Jan-2025 14:23:10.229,-0.265116,2.467285,-0.14844
26-Jan-2025 14:23:10.245,-0.280998,2.546086,-0.116675
26-Jan-2025 14:23:10.261,-0.323759,2.52776,-0.044593
26-Jan-2025 14:23:10.277,-0.321315,2.488054,0.019548
26-Jan-2025 14:23:10.293,-0.284663,2.461787,0.036041
26-Jan-2025 14:23:10.309,-0.197309,2.423913,-0.020159
26-Jan-2025 14:23:10.325,-0.106291,2.365881,-0.085521
26-Jan-2025 14:23:10.341,-0.015882,2.340836,-0.161879
26-Jan-2025 14:23:10.357,-0.009163,2.33656,-0.188757
26-Jan-2025 14:23:10.374,-0.022602,2.356718,-0.156382
26-Jan-2025 14:23:10.390,-0.045204,2.37199,-0.111177
26-Jan-2025 14:23:10.406,-0.051313,2.364659,-0.057421
26-Jan-2025 14:23:10.422,-0.042761,2.360383,-0.043371
26-Jan-2025 14:23:10.438,-0.016493,2.385429,-0.073915
26-Jan-2025 14:23:10.454,0.025656,2.389094,-0.100182
26-Jan-2025 14:23:10.470,0.068417,2.339614,-0.112399
26-Jan-2025 14:23:10.486,0.044593,2.232102,-0.090408
26-Jan-2025 14:23:10.502,-0.059254,2.236378,-0.060476
26-Jan-2025 14:23:10.518,-0.234572,2.28708,-0.047647
26-Jan-2025 14:23:10.534,-0.312763,2.221106,-0.044593
26-Jan-2025 14:23:10.550,-0.270002,2.029905,-0.026267
26-Jan-2025 14:23:10.566,-0.14844,1.924226,-0.011606
26-Jan-2025 14:23:10.582,-0.027489,1.90651,-0.007941
26-Jan-2025 14:23:10.598,-0.034819,1.903456,-0.00733
26-Jan-2025 14:23:10.614,-0.066584,1.875356,-0.007941
26-Jan-2025 14:23:10.630,-0.055589,1.802052,0.023213
26-Jan-2025 14:23:10.646,-0.036652,1.798387,0.047647
26-Jan-2025 14:23:10.663,-0.050702,1.81427,0.046426
26-Jan-2025 14:23:10.679,-0.082467,1.801442,0.025045
26-Jan-2025 14:23:10.695,-0.12034,1.798998,-0.045815
26-Jan-2025 14:23:10.711,-0.150884,1.81427,-0.079412
26-Jan-2025 14:23:10.727,-0.202196,1.701871,-0.00733
26-Jan-2025 14:23:10.743,-0.204029,1.60963,0.097128
26-Jan-2025 14:23:10.759,-0.238848,1.519222,0.16249
26-Jan-2025 14:23:10.775,-0.31765,1.445307,0.147829
26-Jan-2025 14:23:10.791,-0.377515,1.372003,0.119119
26-Jan-2025 14:23:10.807,-0.363465,1.312139,0.105069
26-Jan-2025 14:23:10.823,-0.351858,1.298699,0.092852
26-Jan-2025 14:23:10.839,-0.335365,1.258382,0.111788
26-Jan-2025 14:23:10.855,-0.345139,1.253495,0.171653
26-Jan-2025 14:23:10.871,-0.373239,1.264491,0.271835
26-Jan-2025 14:23:10.887,-0.323148,1.232115,0.320704
26-Jan-2025 14:23:10.903,-0.251066,1.185079,0.297491
26-Jan-2025 14:23:10.919,-0.228464,1.150259,0.229074
26-Jan-2025 14:23:10.936,-0.200364,1.111775,0.129503
26-Jan-2025 14:23:10.952,-0.160047,1.063516,0.07025
26-Jan-2025 14:23:10.968,-0.125227,0.996321,0.029322
26-Jan-2025 14:23:10.984,-0.08491,0.869261,0.001833
26-Jan-2025 14:23:11.000,-0.054367,0.817338,0.011606
26-Jan-2025 14:23:11.016,-0.013439,0.766636,0.051313
26-Jan-2025 14:23:11.032,0.023213,0.69883,0.067195
26-Jan-2025 14:23:11.048,0.088575,0.665843,0.026267
26-Jan-2025 14:23:11.064,0.11973,0.61392,-0.023824
26-Jan-2025 14:23:11.080,0.139888,0.499077,-0.113621
26-Jan-2025 14:23:11.096,0.138666,0.408058,-0.155771
26-Jan-2025 14:23:11.112,0.164934,0.346361,-0.16921
26-Jan-2025 14:23:11.128,0.175318,0.31765,-0.161268
26-Jan-2025 14:23:11.144,0.177151,0.29627,-0.149662
26-Jan-2025 14:23:11.160,0.219301,0.256563,-0.150884
26-Jan-2025 14:23:11.176,0.28955,0.19059,-0.160658
26-Jan-2025 14:23:11.192,0.397062,0.123395,-0.163712
26-Jan-2025 14:23:11.209,0.477697,0.079412,-0.181427
26-Jan-2025 14:23:11.225,0.643852,-0.000611,-0.230296
26-Jan-2025 14:23:11.241,0.620028,-0.066584,-0.208916
26-Jan-2025 14:23:11.257,0.49419,-0.142942,-0.085521
26-Jan-2025 14:23:11.273,0.466701,-0.17654,-0.067806
26-Jan-2025 14:23:11.289,0.415999,-0.217468,-0.097738
26-Jan-2025 14:23:11.305,0.368963,-0.155771,-0.129503
26-Jan-2025 14:23:11.321,0.356134,-0.021991,-0.189979
26-Jan-2025 14:23:11.337,0.301157,0.136834,-0.219301
26-Jan-2025 14:23:11.353,0.225409,0.284663,-0.161879
26-Jan-2025 14:23:11.369,0.181427,0.473421,-0.015882
26-Jan-2025 14:23:11.385,0.227853,0.572381,0.099571
26-Jan-2025 14:23:11.401,0.301157,0.581544,0.157603
26-Jan-2025 14:23:11.417,0.287107,0.507018,0.133779
26-Jan-2025 14:23:11.433,0.180205,0.404393,0.044593
26-Jan-2025 14:23:11.449,0.080634,0.436769,-0.037263
26-Jan-2025 14:23:11.465,0.036652,0.587041,-0.069028
26-Jan-2025 14:23:11.481,-0.072082,0.504575,0.036041
26-Jan-2025 14:23:11.498,-0.168599,0.334754,0.163712
26-Jan-2025 14:23:11.514,-0.242514,0.251066,0.251066
26-Jan-2025 14:23:11.530,-0.279776,0.274278,0.255342
26-Jan-2025 14:23:11.546,-0.307265,0.331089,0.234572
26-Jan-2025 14:23:11.562,-0.285274,0.281609,0.196088
26-Jan-2025 14:23:11.578,-0.244957,0.11973,0.12706
26-Jan-2025 14:23:11.594,-0.214414,0.02138,0.072082
26-Jan-2025 14:23:11.610,-0.188147,-0.050702,0.045204
26-Jan-2025 14:23:11.626,-0.206472,-0.061087,0.07025
26-Jan-2025 14:23:11.642,-0.242514,-0.047647,0.114843
26-Jan-2025 14:23:11.658,-0.279165,-0.054367,0.17654
26-Jan-2025 14:23:11.674,-0.300546,-0.079412,0.193644
26-Jan-2025 14:23:11.690,-0.323759,-0.14844,0.160047
26-Jan-2025 14:23:11.706,-0.326202,-0.211359,0.127671
26-Jan-2025 14:23:11.722,-0.253509,-0.265116,0.101404
26-Jan-2025 14:23:11.738,-0.156382,-0.301767,0.094073
26-Jan-2025 14:23:11.754,-0.028711,-0.387899,0.100182
26-Jan-2025 14:23:11.770,0.050091,-0.420886,0.135001
26-Jan-2025 14:23:11.787,0.096517,-0.485027,0.168599
26-Jan-2025 14:23:11.803,0.116064,-0.578489,0.200975
26-Jan-2025 14:23:11.819,0.102625,-0.605367,0.230907
26-Jan-2025 14:23:11.835,0.073915,-0.59315,0.244346
26-Jan-2025 14:23:11.851,0.055589,-0.647517,0.227242
26-Jan-2025 14:23:11.867,0.051313,-0.714712,0.208305
26-Jan-2025 14:23:11.883,0.078802,-0.737314,0.185092
26-Jan-2025 14:23:11.899,0.143553,-0.728151,0.149051
26-Jan-2025 14:23:11.915,0.184481,-0.670119,0.142942
26-Jan-2025 14:23:11.931,0.284663,-0.6072,0.131336
26-Jan-2025 14:23:11.947,0.287107,-0.630413,0.164934
26-Jan-2025 14:23:11.963,0.193644,-0.636522,0.227242
26-Jan-2025 14:23:11.979,0.037263,-0.689056,0.26145
26-Jan-2025 14:23:11.995,-0.062308,-0.751975,0.223577
26-Jan-2025 14:23:12.011,-0.131947,-0.855822,0.109345
26-Jan-2025 14:23:12.027,-0.181427,-0.932791,0.017104
26-Jan-2025 14:23:12.043,-0.266948,-0.959669,-0.084299
26-Jan-2025 14:23:12.059,-0.285885,-0.939511,-0.138056
26-Jan-2025 14:23:12.075,-0.175318,-0.888198,-0.213803
26-Jan-2025 14:23:12.092,-0.016493,-0.846048,-0.2474
26-Jan-2025 14:23:12.108,0.164934,-0.670119,-0.211359
26-Jan-2025 14:23:12.124,0.180816,-0.519235,-0.145386
26-Jan-2025 14:23:12.140,0.054978,-0.497244,-0.087354
26-Jan-2025 14:23:12.156,-0.156992,-0.571159,0.02138
26-Jan-2025 14:23:12.172,-0.255953,-0.574213,0.129503
26-Jan-2025 14:23:12.188,-0.412945,-0.624915,0.12034
26-Jan-2025 14:23:12.204,-0.45876,-0.621861,-0.01405
26-Jan-2025 14:23:12.220,-0.427606,-0.511294,-0.218079
26-Jan-2025 14:23:12.236,-0.405004,-0.415388,-0.308487
26-Jan-2025 14:23:12.252,-0.386678,-0.36713,-0.326202
26-Jan-2025 14:23:12.268,-0.361021,-0.372017,-0.276111
26-Jan-2025 14:23:12.284,-0.321926,-0.383623,-0.197309
26-Jan-2025 14:23:12.300,-0.219301,-0.377515,-0.114843
26-Jan-2025 14:23:12.316,-0.124617,-0.363465,-0.08491
26-Jan-2025 14:23:12.332,-0.032987,-0.348804,-0.082467
26-Jan-2025 14:23:12.349,-0.009163,-0.333532,-0.090408
26-Jan-2025 14:23:12.364,0.015272,-0.295659,-0.101404
26-Jan-2025 14:23:12.381,0.053145,-0.245568,-0.129503
26-Jan-2025 14:23:12.397,0.111788,-0.131947,-0.156992
26-Jan-2025 14:23:12.413,0.150273,-0.045204,-0.16921
26-Jan-2025 14:23:12.429,0.191201,0.017715,-0.228464
26-Jan-2025 14:23:12.445,0.205251,0.022602,-0.288328
26-Jan-2025 14:23:12.461,0.196088,0.023213,-0.347582
26-Jan-2025 14:23:12.477,0.222966,0.079412,-0.420886
26-Jan-2025 14:23:12.493,0.342695,0.167377,-0.481362
26-Jan-2025 14:23:12.509,0.55772,0.353691,-0.496023
26-Jan-2025 14:23:12.525,0.449597,0.302989,-0.398284
26-Jan-2025 14:23:12.541,0.191201,0.256563,-0.309709
26-Jan-2025 14:23:12.557,0.128893,0.284663,-0.367741
26-Jan-2025 14:23:12.573,0.125838,0.397062,-0.473421
26-Jan-2025 14:23:12.589,0.120951,0.574213,-0.516792
26-Jan-2025 14:23:12.605,0.022602,0.851546,-0.50152
26-Jan-2025 14:23:12.621,-0.062308,0.963945,-0.422719
26-Jan-2025 14:23:12.637,-0.041539,0.956615,-0.288939
26-Jan-2025 14:23:12.653,0.075136,0.793514,-0.087354
26-Jan-2025 14:23:12.670,0.126449,0.671341,0.048258
26-Jan-2025 14:23:12.686,0.136834,0.641409,0.150884
26-Jan-2025 14:23:12.702,0.104458,0.651182,0.14844
26-Jan-2025 14:23:12.718,-0.014661,0.606589,0.103236
26-Jan-2025 14:23:12.734,-0.149662,0.592539,0.068417
26-Jan-2025 14:23:12.750,-0.276722,0.634078,0.064752
26-Jan-2025 14:23:12.766,-0.299324,0.658513,0.071471
26-Jan-2025 14:23:12.782,-0.295659,0.59987,0.069639
26-Jan-2025 14:23:12.798,-0.28222,0.52962,0.083078
26-Jan-2025 14:23:12.814,-0.241292,0.48686,0.079412
26-Jan-2025 14:23:12.830,-0.164934,0.464258,0.005498
26-Jan-2025 14:23:12.846,-0.114232,0.391565,-0.073915
26-Jan-2025 14:23:12.862,-0.069028,0.205862,-0.151495
26-Jan-2025 14:23:12.878,-0.10568,0.113621,-0.193033
26-Jan-2025 14:23:12.894,-0.210749,0.19059,-0.217468
26-Jan-2025 14:23:12.911,-0.343306,0.187536,-0.191812
26-Jan-2025 14:23:12.926,-0.431882,-0.050702,-0.156382
26-Jan-2025 14:23:12.943,-0.326813,-0.271224,-0.186925
26-Jan-2025 14:23:12.959,-0.109345,-0.357967,-0.24007
26-Jan-2025 14:23:12.975,0.193033,-0.350637,-0.307265
26-Jan-2025 14:23:12.991,0.348193,-0.338419,-0.299935
26-Jan-2025 14:23:13.007,0.450819,-0.361632,-0.19792
26-Jan-2025 14:23:13.023,0.40256,-0.431882,-0.152716
26-Jan-2025 14:23:13.039,0.346971,-0.571159,-0.061697
26-Jan-2025 14:23:13.055,0.477086,-0.616974,0.029322
26-Jan-2025 14:23:13.071,0.688445,-0.819781,0.016493
26-Jan-2025 14:23:13.087,0.649961,-0.93218,-0.039706
26-Jan-2025 14:23:13.103,0.333532,-0.874759,-0.037263
26-Jan-2025 14:23:13.119,0.010996,-0.82589,-0.086132
26-Jan-2025 14:23:13.135,-0.178373,-0.826501,-0.130114
26-Jan-2025 14:23:13.151,-0.2474,-1.01648,-0.147829
26-Jan-2025 14:23:13.167,-0.249233,-1.149648,-0.167988
26-Jan-2025 14:23:13.183,-0.140499,-1.140485,-0.221133
26-Jan-2025 14:23:13.199,-0.021991,-1.112386,-0.285274
26-Jan-2025 14:23:13.216,0.151495,-1.250441,-0.301767
26-Jan-2025 14:23:13.232,0.334143,-1.357343,-0.251676
26-Jan-2025 14:23:13.248,0.511905,-1.534493,-0.182649
26-Jan-2025 14:23:13.264,0.463647,-1.695151,-0.131336
26-Jan-2025 14:23:13.280,0.199753,-1.775174,-0.002443
26-Jan-2025 14:23:13.296,0.039095,-1.677436,0.096517
26-Jan-2025 14:23:13.312,-0.074526,-1.344514,0.027489
26-Jan-2025 14:23:13.328,-0.263283,-1.02381,-0.089186
26-Jan-2025 14:23:13.344,-0.313374,-1.001208,-0.106901
26-Jan-2025 14:23:13.360,-0.2755,-0.864374,-0.120951
26-Jan-2025 14:23:13.376,-0.23274,-0.668897,-0.109956
26-Jan-2025 14:23:13.392,-0.124006,-0.554055,-0.015882
26-Jan-2025 14:23:13.408,0.001222,-0.561385,0.083689
26-Jan-2025 14:23:13.424,0.142942,-0.527177,0.175318
26-Jan-2025 14:23:13.440,0.185703,-0.427606,0.215025
26-Jan-2025 14:23:13.456,0.161268,-0.296881,0.237627
26-Jan-2025 14:23:13.472,0.10568,-0.135612,0.256563
26-Jan-2025 14:23:13.488,0.105069,-0.016493,0.266948
26-Jan-2025 14:23:13.505,0.161879,0.112399,0.243735
26-Jan-2025 14:23:13.521,0.219301,0.158825,0.210138
26-Jan-2025 14:23:13.537,0.243124,0.194866,0.16249
26-Jan-2025 14:23:13.553,0.206472,0.304822,0.124006
26-Jan-2025 14:23:13.569,0.128893,0.511905,0.086132
26-Jan-2025 14:23:13.585,0.078191,0.658513,0.054367
26-Jan-2025 14:23:13.601,0.097738,0.842994,0.016493
26-Jan-2025 14:23:13.617,0.236405,0.99571,-0.073915
26-Jan-2025 14:23:13.633,0.343306,1.014647,-0.188757
26-Jan-2025 14:23:13.649,0.164934,0.995099,-0.224798
26-Jan-2025 14:23:13.664,-0.069639,1.053132,-0.146608
26-Jan-2025 14:23:13.681,-0.230907,1.212568,-0.032987
26-Jan-2025 14:23:13.697,-0.227853,1.503339,-0.00672
26-Jan-2025 14:23:13.713,-0.233351,1.94133,-0.009774
26-Jan-2025 14:23:13.729,-0.315206,2.211943,0.003054
26-Jan-2025 14:23:13.745,-0.40256,2.335338,0.12706
26-Jan-2025 14:23:13.761,-0.354913,2.252871,0.238848
26-Jan-2025 14:23:13.777,-0.181427,2.054951,0.358578
26-Jan-2025 14:23:13.794,-0.059865,2.001805,0.412334
26-Jan-2025 14:23:13.810,0.012217,2.100155,0.410501
26-Jan-2025 14:23:13.826,0.012217,2.252871,0.36713
26-Jan-2025 14:23:13.842,-0.040317,2.21683,0.329256
26-Jan-2025 14:23:13.858,-0.188147,2.131309,0.321315
26-Jan-2025 14:23:13.874,-0.288328,2.133752,0.3598
26-Jan-2025 14:23:13.890,-0.313374,2.150246,0.436158
26-Jan-2025 14:23:13.906,-0.309709,2.128865,0.473421
26-Jan-2025 14:23:13.922,-0.301767,2.053118,0.456316
26-Jan-2025 14:23:13.938,-0.25412,2.019521,0.394008
26-Jan-2025 14:23:13.954,-0.194866,1.945606,0.329256
26-Jan-2025 14:23:13.970,-0.080023,1.813659,0.257785
26-Jan-2025 14:23:13.985,-0.02138,1.690264,0.223577
26-Jan-2025 14:23:14.002,-0.037874,1.578476,0.221744
26-Jan-2025 14:23:14.018,-0.065363,1.565037,0.255953
26-Jan-2025 14:23:14.034,-0.060476,1.530828,0.337198
26-Jan-2025 14:23:14.050,-0.041539,1.481348,0.378736
26-Jan-2025 14:23:14.066,-0.054367,1.425149,0.373239
26-Jan-2025 14:23:14.082,-0.068417,1.34818,0.3598
26-Jan-2025 14:23:14.099,-0.048258,1.138653,0.34575
26-Jan-2025 14:23:14.115,0.018937,0.960891,0.307876
26-Jan-2025 14:23:14.131,0.099571,0.83994,0.245568
26-Jan-2025 14:23:14.147,0.151495,0.803288,0.166155
26-Jan-2025 14:23:14.163,0.118508,0.757473,0.165544
26-Jan-2025 14:23:14.179,0.028711,0.631024,0.266337
26-Jan-2025 14:23:14.195,0.026878,0.581544,0.342695
26-Jan-2025 14:23:14.211,0.199753,0.608422,0.351248
26-Jan-2025 14:23:14.227,0.332922,0.588263,0.348193
26-Jan-2025 14:23:14.243,0.414777,0.608422,0.339641
26-Jan-2025 14:23:14.259,0.479529,0.62858,0.277944
26-Jan-2025 14:23:14.275,0.481362,0.456927,0.157603
26-Jan-2025 14:23:14.291,0.355524,0.329256,0.089797
26-Jan-2025 14:23:14.307,0.157603,0.342085,0.002443
26-Jan-2025 14:23:14.323,-0.058032,0.468534,-0.139888
26-Jan-2025 14:23:14.339,-0.153938,0.484416,-0.234572
26-Jan-2025 14:23:14.356,-0.145997,0.507629,-0.302378
26-Jan-2025 14:23:14.372,-0.029322,0.646295,-0.3317
26-Jan-2025 14:23:14.388,0.108734,0.864374,-0.293826
26-Jan-2025 14:23:14.404,0.139277,0.970054,-0.274278
26-Jan-2025 14:23:14.420,0.195477,1.003041,-0.304211
26-Jan-2025 14:23:14.436,0.249233,0.927904,-0.348193
26-Jan-2025 14:23:14.452,0.251066,0.895528,-0.390954
26-Jan-2025 14:23:14.468,0.17654,0.995099,-0.422719
26-Jan-2025 14:23:14.484,0.114843,1.088562,-0.386067
26-Jan-2025 14:23:14.500,0.045815,1.271211,-0.308487
26-Jan-2025 14:23:14.516,-0.001222,1.428203,-0.279165
26-Jan-2025 14:23:14.532,-0.033598,1.528996,-0.2755
26-Jan-2025 14:23:14.548,0.013439,1.533883,-0.292604
26-Jan-2025 14:23:14.564,0.109956,1.53877,-0.325591
26-Jan-2025 14:23:14.580,0.165544,1.561372,-0.345139
26-Jan-2025 14:23:14.596,0.192423,1.628567,-0.384845
26-Jan-2025 14:23:14.612,0.182649,1.681101,-0.384845
26-Jan-2025 14:23:14.628,0.179594,1.737912,-0.345139
26-Jan-2025 14:23:14.644,0.139277,1.789224,-0.264505
26-Jan-2025 14:23:14.661,0.102625,1.848478,-0.225409
26-Jan-2025 14:23:14.677,0.111788,1.937665,-0.222355
26-Jan-2025 14:23:14.693,0.113621,1.936443,-0.221744
26-Jan-2025 14:23:14.709,0.088575,1.902845,-0.230907
26-Jan-2025 14:23:14.725,0.084299,1.88513,-0.241292
26-Jan-2025 14:23:14.741,0.105069,1.839926,-0.265116
26-Jan-2025 14:23:14.757,0.104458,1.77945,-0.258396
26-Jan-2025 14:23:14.773,0.057421,1.773953,-0.215635
26-Jan-2025 14:23:14.789,-0.011606,1.785559,-0.189979
26-Jan-2025 14:23:14.805,-0.036041,1.809383,-0.191201
26-Jan-2025 14:23:14.821,0.010996,1.833817,-0.227242
26-Jan-2025 14:23:14.837,0.052534,1.833207,-0.249233
26-Jan-2025 14:23:14.853,0.065973,1.856419,-0.262672
26-Jan-2025 14:23:14.869,0.013439,1.893682,-0.28222
26-Jan-2025 14:23:14.885,-0.026267,1.843591,-0.268781
26-Jan-2025 14:23:14.901,-0.055589,1.819157,-0.238237
26-Jan-2025 14:23:14.918,-0.091019,1.850311,-0.206472
26-Jan-2025 14:23:14.934,-0.135001,1.865582,-0.192423
26-Jan-2025 14:23:14.950,-0.238848,1.839926,-0.173486
26-Jan-2025 14:23:14.966,-0.318872,1.850311,-0.179594
26-Jan-2025 14:23:14.982,-0.390343,1.912619,-0.21869
26-Jan-2025 14:23:14.998,-0.512516,1.97004,-0.288939
26-Jan-2025 14:23:15.014,-0.631635,1.993864,-0.338419
26-Jan-2025 14:23:15.030,-0.74159,1.960877,-0.386678
26-Jan-2025 14:23:15.046,-0.747088,1.929723,-0.3598
26-Jan-2025 14:23:15.062,-0.666454,1.882076,-0.233961
26-Jan-2025 14:23:15.078,-0.598037,1.868637,-0.102014
26-Jan-2025 14:23:15.094,-0.555887,1.908954,0.045815
26-Jan-2025 14:23:15.110,-0.464258,1.876578,0.128282
26-Jan-2025 14:23:15.126,-0.382402,1.82893,0.149051
26-Jan-2025 14:23:15.142,-0.351858,1.751351,0.166766
26-Jan-2025 14:23:15.158,-0.325591,1.923004,0.208305
26-Jan-2025 14:23:15.174,-0.255953,2.226604,0.218079
26-Jan-2025 14:23:15.191,-0.147829,2.009747,0.144164
26-Jan-2025 14:23:15.207,-0.042761,1.495398,-0.010996
26-Jan-2025 14:23:15.223,-0.034819,1.572367,-0.150884
26-Jan-2025 14:23:15.239,-0.451429,2.140472,-0.383013
26-Jan-2025 14:23:15.255,-0.899805,2.355496,-0.616974
26-Jan-2025 14:23:15.271,-0.866207,2.554028,-1.063516
26-Jan-2025 14:23:15.287,-0.483194,2.806926,-1.431257
26-Jan-2025 14:23:15.303,-0.154549,3.130684,-1.908343
26-Jan-2025 14:23:15.319,-0.072082,3.108693,-2.692694
26-Jan-2025 14:23:15.335,-0.111177,3.101974,-3.359148
26-Jan-2025 14:23:15.351,-0.0281,3.524082,-4.001778
26-Jan-2025 14:23:15.367,0.28955,4.15816,-3.962072
26-Jan-2025 14:23:15.383,0.941343,4.514294,-3.626707
26-Jan-2025 14:23:15.399,0.945619,4.957171,-3.249803
26-Jan-2025 14:23:15.415,0.736704,5.715866,-2.916271
26-Jan-2025 14:23:15.431,1.428203,5.971208,-3.512475
26-Jan-2025 14:23:15.447,2.439185,6.41775,-6.131866
26-Jan-2025 14:23:15.464,3.253468,5.978538,-6.990131
26-Jan-2025 14:23:15.480,4.121508,6.204558,-6.219219
26-Jan-2025 14:23:15.496,5.037806,5.773898,-5.201518
26-Jan-2025 14:23:15.512,5.261993,5.152648,-4.659069
26-Jan-2025 14:23:15.528,4.599815,4.41289,-3.705508
26-Jan-2025 14:23:15.544,3.852727,4.375628,-2.592512
26-Jan-2025 14:23:15.560,2.567467,4.757419,-1.298089
26-Jan-2025 14:23:15.576,2.46423,4.715269,-0.970054
26-Jan-2025 14:23:15.592,2.40742,4.177707,-0.890642
26-Jan-2025 14:23:15.608,2.35794,3.218038,-0.993267
26-Jan-2025 14:23:15.624,2.127644,2.624277,-1.261437
26-Jan-2025 14:23:15.640,1.947438,2.697581,-1.368949
26-Jan-2025 14:23:15.656,1.761124,2.519208,-1.265713
26-Jan-2025 14:23:15.672,1.346347,1.813048,-0.607811
26-Jan-2025 14:23:15.688,0.934013,1.597413,0.219911
26-Jan-2025 14:23:15.704,0.260839,1.687821,1.079399
26-Jan-2025 14:23:15.720,-0.107512,1.485013,1.151481
26-Jan-2025 14:23:15.736,-0.122784,1.243111,0.55772
26-Jan-2025 14:23:15.753,0.000611,1.025643,0.09163
26-Jan-2025 14:23:15.769,0.184481,0.781907,-0.127671
26-Jan-2025 14:23:15.785,0.368352,0.670119,-0.167377
26-Jan-2025 14:23:15.801,0.47281,0.648128,-0.16921
26-Jan-2025 14:23:15.817,0.484416,0.609033,-0.043371
26-Jan-2025 14:23:15.833,0.371406,0.452651,0.144775
26-Jan-2025 14:23:15.849,0.128282,0.273668,0.274278
26-Jan-2025 14:23:15.865,-0.170431,0.233351,0.239459
26-Jan-2025 14:23:15.881,-0.527788,0.351858,0.07758
26-Jan-2025 14:23:15.897,-0.618806,0.243735,-0.158825
26-Jan-2025 14:23:15.913,-0.431882,-0.320704,-0.412334
26-Jan-2025 14:23:15.929,-0.251066,-0.868039,-0.413556
26-Jan-2025 14:23:15.945,-0.138056,-1.134988,-0.195477
26-Jan-2025 14:23:15.961,-0.209527,-1.064738,0.005498
26-Jan-2025 14:23:15.977,-0.309709,-0.883922,0.14111
26-Jan-2025 14:23:15.993,-0.442266,-0.713491,0.252287
26-Jan-2025 14:23:16.009,-0.531453,-0.393397,0.260839
26-Jan-2025 14:23:16.025,-0.434325,-0.469145,0.175318
26-Jan-2025 14:23:16.042,-0.386067,-0.512516,0.067195
26-Jan-2025 14:23:16.058,-0.484416,-0.40256,-0.173486
26-Jan-2025 14:23:16.074,-0.50091,-0.280387,-0.42333
26-Jan-2025 14:23:16.090,-0.426995,-0.304211,-0.723264
26-Jan-2025 14:23:16.106,-0.323759,-0.420275,-0.74098
26-Jan-2025 14:23:16.122,-0.262672,-0.473421,-0.489914
26-Jan-2025 14:23:16.138,-0.251676,-0.386067,-0.184481
26-Jan-2025 14:23:16.154,-0.248622,-0.331089,0.094684
26-Jan-2025 14:23:16.170,-0.16921,-0.137445,0.313985
26-Jan-2025 14:23:16.186,-0.095295,0.044593,0.288328
26-Jan-2025 14:23:16.202,0.052534,-0.080023,0.130725
26-Jan-2025 14:23:16.218,0.166766,-0.223577,0.019548
26-Jan-2025 14:23:16.234,0.298713,-0.293215,-0.074526
26-Jan-2025 14:23:16.250,0.28222,-0.248011,-0.064141
26-Jan-2025 14:23:16.266,0.285885,-0.069639,0.074526
26-Jan-2025 14:23:16.282,0.421497,0.262672,0.202196
26-Jan-2025 14:23:16.298,0.595594,0.563829,0.227853
26-Jan-2025 14:23:16.315,0.726319,0.657902,0.021991
26-Jan-2025 14:23:16.330,0.584598,0.567494,-0.159436
26-Jan-2025 14:23:16.347,0.203418,0.552833,-0.163101
26-Jan-2025 14:23:16.363,-0.009774,0.406836,-0.114232
26-Jan-2025 14:23:16.379,-0.272446,-0.027489,0.032376
26-Jan-2025 14:23:16.395,0.015882,0.48014,0.44471
26-Jan-2025 14:23:16.411,-0.326813,0.246179,0.779464
26-Jan-2025 14:23:16.427,-0.871094,0.163101,0.68478
26-Jan-2025 14:23:16.443,-0.390954,-0.116675,0.057421
26-Jan-2025 14:23:16.459,0.089186,-0.725097,-0.123395
26-Jan-2025 14:23:16.475,0.288939,-0.765414,-0.270613
26-Jan-2025 14:23:16.491,0.331089,-0.653626,-0.150884
26-Jan-2025 14:23:16.507,0.321926,-0.38118,-0.027489
26-Jan-2025 14:23:16.523,0.255342,-0.075136,-0.065363
26-Jan-2025 14:23:16.539,0.243735,0.007941,-0.09896
26-Jan-2025 14:23:16.555,0.2755,0.095295,-0.015272
26-Jan-2025 14:23:16.571,0.3317,0.133779,0.114232
26-Jan-2025 14:23:16.587,0.335976,0.227853,0.199142
26-Jan-2025 14:23:16.603,0.286496,0.266948,0.19059
26-Jan-2025 14:23:16.619,0.230907,0.237016,0.177151
26-Jan-2025 14:23:16.636,0.196699,0.218079,0.114843
26-Jan-2025 14:23:16.652,0.215025,0.152716,0.062919
26-Jan-2025 14:23:16.668,0.208916,0.107512,-0.031765
26-Jan-2025 14:23:16.684,0.161879,0.06353,-0.058032
26-Jan-2025 14:23:16.700,0.100182,0.011606,-0.048869
26-Jan-2025 14:23:16.716,0.07758,-0.029322,-0.028711
26-Jan-2025 14:23:16.732,0.074526,-0.068417,-0.003054
26-Jan-2025 14:23:16.748,0.085521,-0.081245,0.009774
26-Jan-2025 14:23:16.764,0.098349,-0.054978,0.000611
26-Jan-2025 14:23:16.780,0.076358,-0.029322,-0.014661
26-Jan-2025 14:23:16.796,0.025656,-0.015882,-0.0281
26-Jan-2025 14:23:16.812,-0.037263,-0.018937,-0.040317
26-Jan-2025 14:23:16.828,-0.072082,-0.040317,-0.040928
26-Jan-2025 14:23:16.844,-0.106901,-0.075747,-0.03543
26-Jan-2025 14:23:16.860,-0.131336,-0.083689,-0.031154
26-Jan-2025 14:23:16.876,-0.143553,-0.078802,-0.026878
26-Jan-2025 14:23:16.892,-0.138056,-0.083689,-0.025045
26-Jan-2025 14:23:16.908,-0.136223,-0.059254,-0.004887
26-Jan-2025 14:23:16.925,-0.141721,0.004887,0.00672
26-Jan-2025 14:23:16.941,-0.113621,0.031765,0.039706
26-Jan-2025 14:23:16.957,-0.089797,0.050702,0.051924
26-Jan-2025 14:23:16.973,-0.069639,0.061087,0.061087
26-Jan-2025 14:23:16.989,-0.081245,0.166766,0.076358
26-Jan-2025 14:23:17.005,-0.081856,0.150884,0.089186
26-Jan-2025 14:23:17.021,0.019548,0.060476,0.061697
26-Jan-2025 14:23:17.037,0.065973,-0.010996,0.04948
26-Jan-2025 14:23:17.053,0.051313,-0.032376,0.040317
26-Jan-2025 14:23:17.069,0.016493,-0.040928,0.013439
26-Jan-2025 14:23:17.085,0.026878,-0.03543,-0.012828
26-Jan-2025 14:23:17.101,0.060476,-0.058032,-0.023213
26-Jan-2025 14:23:17.117,0.100182,-0.086132,-0.026267
26-Jan-2025 14:23:17.133,0.11973,-0.087354,-0.026878
26-Jan-2025 14:23:17.149,0.116675,-0.065363,-0.027489
26-Jan-2025 14:23:17.165,0.100793,-0.028711,-0.023213
26-Jan-2025 14:23:17.181,0.086132,-0.021991,-0.021991
26-Jan-2025 14:23:17.197,0.057421,-0.024435,-0.020159
26-Jan-2025 14:23:17.213,0.026267,-0.021991,-0.014661
26-Jan-2025 14:23:17.230,-0.012217,-0.015882,-0.011606
26-Jan-2025 14:23:17.246,-0.029932,-0.004887,-0.012828
26-Jan-2025 14:23:17.262,-0.037263,0.010996,-0.017104
26-Jan-2025 14:23:17.278,-0.024435,0.023213,-0.02138
26-Jan-2025 14:23:17.294,-0.02138,0.032987,-0.020769
26-Jan-2025 14:23:17.310,-0.043982,0.025656,-0.017104
26-Jan-2025 14:23:17.326,-0.054367,0.039095,-0.014661
26-Jan-2025 14:23:17.342,-0.050091,0.037263,-0.003054
26-Jan-2025 14:23:17.358,-0.042761,0.012828,0.006109
26-Jan-2025 14:23:17.374,-0.029322,0.027489,0.017104
26-Jan-2025 14:23:17.390,-0.019548,0.031154,0.017715
26-Jan-2025 14:23:17.406,-0.013439,0.029932,0.020769
26-Jan-2025 14:23:17.422,-0.015882,0.033598,0.027489
26-Jan-2025 14:23:17.438,-0.007941,0.021991,0.031154
26-Jan-2025 14:23:17.454,0.003054,0.00733,0.032987
26-Jan-2025 14:23:17.470,0.010385,-0.003054,0.031154
26-Jan-2025 14:23:17.486,0.014661,-0.011606,0.025656
26-Jan-2025 14:23:17.502,0.017104,-0.018326,0.020769
26-Jan-2025 14:23:17.518,0.019548,-0.020769,0.013439
26-Jan-2025 14:23:17.534,0.015272,-0.025656,0.005498
26-Jan-2025 14:23:17.551,0.011606,-0.020159,-0.002443
26-Jan-2025 14:23:17.567,0.015882,-0.029322,-0.006109
26-Jan-2025 14:23:17.583,0.012217,-0.032376,-0.006109
26-Jan-2025 14:23:17.599,-0.012828,0.025045,-0.009163
26-Jan-2025 14:23:17.615,-0.041539,0.034819,-0.012828
26-Jan-2025 14:23:17.631,0.010996,-0.027489,-0.026878
26-Jan-2025 14:23:17.647,0.054367,-0.059865,-0.012217
26-Jan-2025 14:23:17.663,0.020159,-0.037874,-0.01405
26-Jan-2025 14:23:17.679,-0.044593,0.008552,-0.026878
26-Jan-2025 14:23:17.695,-0.059865,0.032987,-0.018937
26-Jan-2025 14:23:17.711,-0.028711,0.017104,-0.002443
26-Jan-2025 14:23:17.727,-0.001222,-0.004276,0.010996
26-Jan-2025 14:23:17.743,0.006109,-0.001222,0.010996
26-Jan-2025 14:23:17.759,0.003665,0.013439,0.005498
26-Jan-2025 14:23:17.775,0.005498,0.018326,0.003054
26-Jan-2025 14:23:17.791,0.012828,0.010996,0.002443
26-Jan-2025 14:23:17.807,0.01405,-0.004276,0.003054
26-Jan-2025 14:23:17.823,0.010385,-0.009774,0.003665
26-Jan-2025 14:23:17.840,0.001222,-0.011606,0.005498
26-Jan-2025 14:23:17.856,-0.003054,-0.01405,0.006109
26-Jan-2025 14:23:17.872,0.002443,-0.000611,0.013439
26-Jan-2025 14:23:17.888,0.016493,0.013439,0.01405
26-Jan-2025 14:23:17.904,0.012828,0.010996,0.010996
26-Jan-2025 14:23:17.920,-0.003054,0.008552,0.00733
26-Jan-2025 14:23:17.936,-0.009774,0.012828,0.00733
26-Jan-2025 14:23:17.952,-0.005498,0.001222,0.00672
26-Jan-2025 14:23:17.968,-0.004887,-0.00672,0.005498
26-Jan-2025 14:23:17.984,-0.003054,-0.013439,0.002443
26-Jan-2025 14:23:18.000,0.002443,-0.013439,-0.001222
26-Jan-2025 14:23:18.016,0,-0.007941,-0.001833
26-Jan-2025 14:23:18.032,-0.009774,-0.003054,-0.001833
26-Jan-2025 14:23:18.048,-0.011606,0.004276,-0.002443
26-Jan-2025 14:23:18.064,-0.006109,-0.001833,-0.002443
26-Jan-2025 14:23:18.080,-0.000611,-0.006109,-0.004276
26-Jan-2025 14:23:18.096,-0.002443,-0.003665,-0.003054
26-Jan-2025 14:23:18.112,-0.005498,0.001222,-0.003054
26-Jan-2025 14:23:18.129,-0.00672,0.004276,-0.003665
26-Jan-2025 14:23:18.145,-0.004276,0.003665,-0.002443
26-Jan-2025 14:23:18.161,-0.002443,0.000611,-0.001222
26-Jan-2025 14:23:18.177,-0.003054,0.001222,0
26-Jan-2025 14:23:18.193,-0.003665,0.001833,0.001833
26-Jan-2025 14:23:18.209,-0.001222,0.001833,0.003665
26-Jan-2025 14:23:18.225,0.001833,-0.000611,0.003054
26-Jan-2025 14:23:18.241,0.001833,-0.001222,0.004276
26-Jan-2025 14:23:18.257,0.001222,0,0.005498
26-Jan-2025 14:23:18.273,-0.000611,-0.000611,0.004887
26-Jan-2025 14:23:18.289,-0.000611,0,0.005498
26-Jan-2025 14:23:18.305,-0.001222,-0.001833,0.004887
26-Jan-2025 14:23:18.321,0.000611,-0.003665,0.00672
26-Jan-2025 14:23:18.337,0,-0.00672,0.006109
26-Jan-2025 14:23:18.353,-0.000611,-0.000611,0.006109
26-Jan-2025 14:23:18.369,0.000611,0.004276,0.004276
26-Jan-2025 14:23:18.385,0.002443,0.004276,0.005498
26-Jan-2025 14:23:18.402,0.006109,0.000611,0.010385
26-Jan-2025 14:23:18.418,-0.002443,0.000611,0.006109
26-Jan-2025 14:23:18.434,-0.042761,0.065973,0.006109
26-Jan-2025 14:23:18.450,-0.027489,0.011606,-0.012217
26-Jan-2025 14:23:18.466,0.038485,-0.029322,-0.005498
26-Jan-2025 14:23:18.482,0.043371,-0.046426,0.00733
26-Jan-2025 14:23:18.498,-0.018937,-0.012828,-0.015882
26-Jan-2025 14:23:18.514,-0.054367,0.018326,-0.017104
26-Jan-2025 14:23:18.530,-0.023213,0.004887,-0.000611
26-Jan-2025 14:23:18.546,0.001222,-0.009774,0.009163
26-Jan-2025 14:23:18.562,0.007941,-0.004887,0.00672
26-Jan-2025 14:23:18.578,0.017715,0.006109,-0.000611
26-Jan-2025 14:23:18.594,0.015882,0.010385,-0.002443
26-Jan-2025 14:23:18.610,0.007941,0.009163,-0.001222
26-Jan-2025 14:23:18.626,0.007941,0,0.001833
26-Jan-2025 14:23:18.642,0.010996,-0.005498,0.002443
26-Jan-2025 14:23:18.658,0.010385,-0.013439,0.002443
26-Jan-2025 14:23:18.674,0.001833,-0.010996,0.002443
26-Jan-2025 14:23:18.691,0,-0.00672,0.002443
26-Jan-2025 14:23:18.707,0.009163,0,0.004276
26-Jan-2025 14:23:18.723,0.018326,0.013439,0.005498
26-Jan-2025 14:23:18.739,0.011606,0.001222,0.004276
26-Jan-2025 14:23:18.755,-0.003054,0.006109,-0.001833
26-Jan-2025 14:23:18.771,0,0.004276,0
26-Jan-2025 14:23:18.786,0.001833,0.001222,0.003054
26-Jan-2025 14:23:18.803,0,-0.006109,-0.000611
26-Jan-2025 14:23:18.819,0.004276,-0.008552,-0.001833
26-Jan-2025 14:23:18.835,0.009163,-0.006109,-0.001222
26-Jan-2025 14:23:18.851,0.003665,0,0
26-Jan-2025 14:23:18.867,-0.011606,0.003665,0.000611
26-Jan-2025 14:23:18.883,-0.009774,0.004887,0.001833
26-Jan-2025 14:23:18.899,-0.000611,0.002443,0.004276
26-Jan-2025 14:23:18.915,0.003054,-0.004276,0.003665
26-Jan-2025 14:23:18.931,-0.001222,-0.00733,0.004887
26-Jan-2025 14:23:18.947,0.004887,-0.004887,0.009774
26-Jan-2025 14:23:18.964,0.017715,0.003054,0.012828
26-Jan-2025 14:23:18.980,0.010996,0.004887,0.015882
26-Jan-2025 14:23:18.996,-0.001833,0.002443,0.023824
26-Jan-2025 14:23:19.012,0.001833,-0.005498,0.0281
26-Jan-2025 14:23:19.028,0.008552,-0.007941,0.020769
26-Jan-2025 14:23:19.044,0.006109,-0.003665,0.016493
26-Jan-2025 14:23:19.060,0.002443,0.017104,0.018326
26-Jan-2025 14:23:19.076,0.011606,-0.024435,0.004887
26-Jan-2025 14:23:19.092,0.005498,-0.013439,0.004276
26-Jan-2025 14:23:19.107,-0.007941,-0.002443,-0.001833
26-Jan-2025 14:23:19.124,-0.008552,0.001222,-0.00733
26-Jan-2025 14:23:19.140,-0.010385,0.004887,-0.009774
26-Jan-2025 14:23:19.156,-0.009774,0.006109,-0.011606
26-Jan-2025 14:23:19.172,-0.010385,0.004276,-0.011606
26-Jan-2025 14:23:19.188,-0.015272,0.00733,-0.015882
26-Jan-2025 14:23:19.204,-0.01405,0.00672,-0.018326
26-Jan-2025 14:23:19.220,-0.011606,0.00733,-0.019548
26-Jan-2025 14:23:19.237,-0.009774,0.009163,-0.012828
26-Jan-2025 14:23:19.253,-0.004887,0.001222,-0.00672
26-Jan-2025 14:23:19.269,-0.040928,0.064752,-0.001833
26-Jan-2025 14:23:19.285,-0.0562,0.036652,-0.004276
26-Jan-2025 14:23:19.301,0.018937,-0.018326,-0.00672
26-Jan-2025 14:23:19.317,0.048869,-0.047647,0.014661
26-Jan-2025 14:23:19.333,-0.002443,-0.030543,-0.001222
26-Jan-2025 14:23:19.349,-0.051924,0.004887,-0.010996
26-Jan-2025 14:23:19.365,-0.026878,0.002443,0.004887
26-Jan-2025 14:23:19.381,0.001833,-0.013439,0.015882
26-Jan-2025 14:23:19.397,0.010996,-0.014661,0.014661
26-Jan-2025 14:23:19.413,0.017715,-0.003054,0.008552
26-Jan-2025 14:23:19.428,0.018937,0.009163,0.001222
26-Jan-2025 14:23:19.445,0.013439,0.009774,-0.001222
26-Jan-2025 14:23:19.461,0.011606,0.006109,-0.001222
26-Jan-2025 14:23:19.477,0.010996,0,-0.003665
26-Jan-2025 14:23:19.494,0.009163,-0.004887,-0.004276
26-Jan-2025 14:23:19.510,-0.001833,-0.007941,-0.00733
26-Jan-2025 14:23:19.526,-0.010385,-0.00733,-0.006109
26-Jan-2025 14:23:19.542,0.005498,-0.003665,-0.000611
26-Jan-2025 14:23:19.558,0.015272,0.007941,0.002443
26-Jan-2025 14:23:19.574,0.01405,0.001222,0.004276
26-Jan-2025 14:23:19.590,0,-0.001222,-0.001222
26-Jan-2025 14:23:19.606,0,0,0.000611
26-Jan-2025 14:23:19.622,0.001833,-0.004276,0.004276
26-Jan-2025 14:23:19.638,-0.001833,-0.00733,0.002443
26-Jan-2025 14:23:19.654,0.001222,-0.00672,0.000611
26-Jan-2025 14:23:19.670,0.006109,-0.004276,0
26-Jan-2025 14:23:19.686,0.002443,0.001222,0.001222
26-Jan-2025 14:23:19.702,-0.00672,0.003665,0.001222
26-Jan-2025 14:23:19.718,-0.010996,0.005498,0
26-Jan-2025 14:23:19.734,-0.007941,0.003054,0.001222
26-Jan-2025 14:23:19.750,-0.000611,0,0.001222
26-Jan-2025 14:23:19.766,0.000611,-0.001222,0.001222
26-Jan-2025 14:23:19.782,-0.000611,0.001833,0.001833
26-Jan-2025 14:23:19.799,-0.003665,0.001833,0.002443
26-Jan-2025 14:23:19.815,-0.004276,0,0.002443
26-Jan-2025 14:23:19.831,-0.004887,0.000611,0.004276
26-Jan-2025 14:23:19.847,-0.003054,-0.001222,0.003054
26-Jan-2025 14:23:19.863,0.001833,0,0.001222
26-Jan-2025 14:23:19.879,0.000611,0,-0.000611
26-Jan-2025 14:23:19.895,-0.002443,0.001222,0.000611
26-Jan-2025 14:23:19.911,-0.002443,-0.000611,0.001222
26-Jan-2025 14:23:19.927,-0.003665,-0.002443,0
26-Jan-2025 14:23:19.943,-0.004276,-0.000611,0
26-Jan-2025 14:23:19.959,-0.003665,0.001222,-0.000611
26-Jan-2025 14:23:19.975,-0.003665,0.002443,0.001222
26-Jan-2025 14:23:19.991,-0.003054,-0.001222,0.001222
26-Jan-2025 14:23:20.007,0.000611,-0.015272,0.004276
26-Jan-2025 14:23:20.023,0.008552,-0.019548,0.005498
26-Jan-2025 14:23:20.039,0.004276,-0.01405,0.006109
26-Jan-2025 14:23:20.055,0.003054,-0.004887,0.004887
26-Jan-2025 14:23:20.071,-0.005498,0.013439,0.004887
26-Jan-2025 14:23:20.088,-0.004276,0.010996,0.003665
26-Jan-2025 14:23:20.104,-0.022602,0.062919,0.000611
26-Jan-2025 14:23:20.120,-0.048258,0.06353,-0.000611
26-Jan-2025 14:23:20.136,-0.012217,0.01405,-0.015272
26-Jan-2025 14:23:20.152,0.053756,-0.033598,0.010385
26-Jan-2025 14:23:20.168,0.047647,-0.043371,0.008552
26-Jan-2025 14:23:20.184,-0.034208,0,-0.012217
26-Jan-2025 14:23:20.200,-0.043371,0.009774,-0.003665
26-Jan-2025 14:23:20.216,-0.009163,-0.010996,0.010385
26-Jan-2025 14:23:20.232,-0.00672,-0.022602,0.011606
26-Jan-2025 14:23:20.248,-0.001833,-0.015882,0.00733
26-Jan-2025 14:23:20.264,0.00733,-0.003665,0.001222
26-Jan-2025 14:23:20.280,0.004887,0.004887,-0.001833
26-Jan-2025 14:23:20.296,0.004276,0.003054,0
26-Jan-2025 14:23:20.312,0.007941,0.004276,-0.001222
26-Jan-2025 14:23:20.328,0.010385,-0.002443,-0.003054
26-Jan-2025 14:23:20.344,0.004887,-0.006109,-0.003665
26-Jan-2025 14:23:20.360,-0.004276,-0.005498,-0.005498
26-Jan-2025 14:23:20.377,0.005498,-0.003665,-0.003054
26-Jan-2025 14:23:20.393,0.018937,0.008552,-0.001833
26-Jan-2025 14:23:20.409,0.020159,0.010996,0.001222
26-Jan-2025 14:23:20.425,0.004887,-0.000611,-0.006109
26-Jan-2025 14:23:20.441,0,-0.000611,-0.005498
26-Jan-2025 14:23:20.457,-0.001833,-0.003665,0.000611
26-Jan-2025 14:23:20.473,-0.008552,-0.009774,-0.000611
26-Jan-2025 14:23:20.489,-0.004887,-0.012217,-0.00672
26-Jan-2025 14:23:20.505,0.003665,-0.013439,-0.007941
26-Jan-2025 14:23:20.521,0.004887,-0.007941,-0.005498
26-Jan-2025 14:23:20.537,-0.005498,-0.003665,-0.000611
26-Jan-2025 14:23:20.553,-0.008552,-0.000611,0
26-Jan-2025 14:23:20.569,-0.001222,0.004276,0.001833
26-Jan-2025 14:23:20.585,0.001222,0.002443,0.001222
26-Jan-2025 14:23:20.601,0.003665,0.004276,0.002443
26-Jan-2025 14:23:20.617,0.001222,0.003665,0.004887
26-Jan-2025 14:23:20.633,-0.000611,0.001222,0.005498
26-Jan-2025 14:23:20.650,0,-0.001222,0.00672
26-Jan-2025 14:23:20.666,0.000611,-0.002443,0.008552
26-Jan-2025 14:23:20.682,0.001222,-0.001833,0.008552
26-Jan-2025 14:23:20.698,0.001222,-0.005498,0.00733
26-Jan-2025 14:23:20.714,0,-0.003665,0.004276
26-Jan-2025 14:23:20.730,-0.001222,-0.001222,0.002443
26-Jan-2025 14:23:20.746,-0.001222,0.001222,0
26-Jan-2025 14:23:20.762,0,-0.001222,-0.000611
26-Jan-2025 14:23:20.778,-0.003054,0.001833,-0.002443
26-Jan-2025 14:23:20.794,-0.003665,0.003054,-0.003054
26-Jan-2025 14:23:20.810,-0.003665,0.002443,-0.004276
26-Jan-2025 14:23:20.826,-0.001833,0.000611,-0.000611
26-Jan-2025 14:23:20.842,-0.001833,-0.003665,0.001222
26-Jan-2025 14:23:20.858,-0.004276,-0.001833,0.002443
26-Jan-2025 14:23:20.874,-0.000611,0.000611,0.000611
26-Jan-2025 14:23:20.890,0.004887,0.001222,0.001833
26-Jan-2025 14:23:20.906,0.000611,0.004276,0.004276
26-Jan-2025 14:23:20.923,0.001222,-0.001833,0.00672
26-Jan-2025 14:23:20.939,-0.029932,0.050702,0.007941
26-Jan-2025 14:23:20.955,-0.04948,0.028711,0.004276
26-Jan-2025 14:23:20.971,0.011606,-0.015272,-0.003665
26-Jan-2025 14:23:20.987,0.042761,-0.048258,0.014661
26-Jan-2025 14:23:21.003,0.002443,-0.025656,-0.003665
26-Jan-2025 14:23:21.019,-0.045815,0.009774,-0.016493
26-Jan-2025 14:23:21.035,-0.026267,0.00733,-0.001222
26-Jan-2025 14:23:21.051,-0.00672,-0.004887,0.008552
26-Jan-2025 14:23:21.067,0,-0.007941,0.00672
26-Jan-2025 14:23:21.083,0.01405,-0.001222,0.002443
26-Jan-2025 14:23:21.099,0.025656,0.005498,-0.001222
26-Jan-2025 14:23:21.115,0.019548,0.004887,0
26-Jan-2025 14:23:21.131,0.014661,-0.001222,0.001833
26-Jan-2025 14:23:21.147,0.01405,-0.003665,-0.000611
26-Jan-2025 14:23:21.163,0.011606,-0.007941,-0.000611
26-Jan-2025 14:23:21.179,0,-0.010996,0
26-Jan-2025 14:23:21.195,0,-0.007941,0
26-Jan-2025 14:23:21.212,0.015882,-0.001833,0.000611
26-Jan-2025 14:23:21.228,0.02138,0.010385,0.004276
26-Jan-2025 14:23:21.244,0.012217,0.009163,0.004887
26-Jan-2025 14:23:21.260,0.002443,0.002443,-0.002443
26-Jan-2025 14:23:21.276,0.001833,0,0
26-Jan-2025 14:23:21.292,0.000611,-0.003665,0.004887
26-Jan-2025 14:23:21.308,-0.000611,-0.006109,0.002443
26-Jan-2025 14:23:21.324,0.00672,-0.003665,-0.002443
26-Jan-2025 14:23:21.340,0.010385,0.001833,0
26-Jan-2025 14:23:21.356,0.001222,0.009163,0.000611
26-Jan-2025 14:23:21.372,-0.004887,0.010996,0.001222
26-Jan-2025 14:23:21.388,-0.00733,0.006109,0.000611
26-Jan-2025 14:23:21.404,-0.003054,0.003665,0.001222
26-Jan-2025 14:23:21.420,0.004276,0.001222,-0.000611
26-Jan-2025 14:23:21.436,0.00672,0.004276,0.000611
26-Jan-2025 14:23:21.452,0.003665,0.009163,0.001222
26-Jan-2025 14:23:21.468,-0.003054,0.017104,0.003054
26-Jan-2025 14:23:21.484,-0.009163,0.018937,0.005498
26-Jan-2025 14:23:21.501,-0.009163,0.012828,0.004887
26-Jan-2025 14:23:21.517,-0.007941,0.00733,0.004276
26-Jan-2025 14:23:21.533,-0.004276,0.003665,0.001833
26-Jan-2025 14:23:21.549,-0.003665,0.003665,-0.001222
26-Jan-2025 14:23:21.565,-0.009163,0.008552,-0.002443
26-Jan-2025 14:23:21.581,-0.010996,0.012217,-0.000611
26-Jan-2025 14:23:21.597,-0.007941,0.012217,0.003054
26-Jan-2025 14:23:21.613,-0.006109,0.009163,0.003665
26-Jan-2025 14:23:21.629,-0.006109,0.010385,0.003054
26-Jan-2025 14:23:21.645,-0.007941,0.015882,0.002443
26-Jan-2025 14:23:21.661,-0.007941,0.012217,0.002443
26-Jan-2025 14:23:21.677,-0.009163,0.001222,0.003665
26-Jan-2025 14:23:21.693,-0.009163,0.001222,0.004887
26-Jan-2025 14:23:21.709,-0.009774,0.008552,0.000611
26-Jan-2025 14:23:21.725,-0.006109,0.010385,-0.000611
26-Jan-2025 14:23:21.741,-0.00672,0.010996,0.001833
26-Jan-2025 14:23:21.757,-0.00733,0.004276,0.005498
26-Jan-2025 14:23:21.774,-0.022602,0.034819,0.004887
26-Jan-2025 14:23:21.790,-0.043371,0.05681,0.006109
26-Jan-2025 14:23:21.806,-0.018937,-0.002443,-0.008552
26-Jan-2025 14:23:21.822,0.038485,-0.044593,0.00672
26-Jan-2025 14:23:21.838,0.033598,-0.038485,0.009163
26-Jan-2025 14:23:21.854,-0.040317,0.00733,-0.015882
26-Jan-2025 14:23:21.870,-0.048869,0.021991,-0.008552
26-Jan-2025 14:23:21.886,-0.012828,0.012217,0.013439
26-Jan-2025 14:23:21.902,-0.002443,0.007941,0.015272
26-Jan-2025 14:23:21.918,0.011606,0.014661,0.007941
26-Jan-2025 14:23:21.934,0.030543,0.007941,0.003665
26-Jan-2025 14:23:21.950,0.031765,0.009163,-0.001222
26-Jan-2025 14:23:21.966,0.02138,0.007941,-0.001222
26-Jan-2025 14:23:21.982,0.015272,0.005498,-0.000611
26-Jan-2025 14:23:21.998,0.009163,-0.003054,0.001833
26-Jan-2025 14:23:22.014,-0.003054,-0.009163,0.003665
26-Jan-2025 14:23:22.030,-0.012217,-0.009163,0.003054
26-Jan-2025 14:23:22.046,0.003665,-0.011606,0.001833
26-Jan-2025 14:23:22.063,0.019548,-0.002443,0.001222
26-Jan-2025 14:23:22.079,0.020769,0.006109,0.002443
26-Jan-2025 14:23:22.095,0.01405,0.004887,-0.003054
26-Jan-2025 14:23:22.111,0.011606,-0.001222,-0.003054
26-Jan-2025 14:23:22.127,0.003054,-0.004887,0.002443
26-Jan-2025 14:23:22.143,-0.008552,-0.00733,0.006109
26-Jan-2025 14:23:22.159,-0.006109,-0.008552,0.000611
26-Jan-2025 14:23:22.175,-0.001833,-0.006109,0.000611
26-Jan-2025 14:23:22.191,-0.003665,-0.000611,0.001833
26-Jan-2025 14:23:22.207,-0.010996,0.003054,0.003054
26-Jan-2025 14:23:22.223,-0.009774,0.000611,0.002443
26-Jan-2025 14:23:22.239,-0.004276,-0.001833,0.002443
26-Jan-2025 14:23:22.255,0.000611,-0.004276,0.002443
26-Jan-2025 14:23:22.271,-0.001222,-0.001833,0.001222
26-Jan-2025 14:23:22.287,-0.000611,-0.000611,0.003054
26-Jan-2025 14:23:22.303,-0.000611,0,0.004276
26-Jan-2025 14:23:22.319,-0.001833,0.002443,0.005498
26-Jan-2025 14:23:22.335,-0.003665,0.001833,0.005498
26-Jan-2025 14:23:22.351,-0.004276,0.001222,0.004276
26-Jan-2025 14:23:22.368,-0.005498,-0.001833,0.001833
26-Jan-2025 14:23:22.384,-0.005498,-0.001833,-0.001222
26-Jan-2025 14:23:22.400,-0.001833,-0.003054,-0.001222
26-Jan-2025 14:23:22.416,-0.001833,0.000611,0.000611
26-Jan-2025 14:23:22.432,-0.002443,0.001222,0.000611
26-Jan-2025 14:23:22.448,0,0.001222,-0.000611
26-Jan-2025 14:23:22.464,-0.000611,0.001833,0.000611
26-Jan-2025 14:23:22.480,-0.001833,0.001222,0.000611
26-Jan-2025 14:23:22.496,0.000611,0.001222,0.002443
26-Jan-2025 14:23:22.512,0.003054,0.000611,0.003054
26-Jan-2025 14:23:22.528,0.003054,-0.007941,0.004276
26-Jan-2025 14:23:22.544,-0.001833,-0.001833,0.003054
26-Jan-2025 14:23:22.560,-0.003665,0.004276,0
26-Jan-2025 14:23:22.576,-0.000611,0.004276,0.001833
26-Jan-2025 14:23:22.592,-0.001222,0.004276,0.006109
26-Jan-2025 14:23:22.608,0.001222,-0.003054,0.005498
26-Jan-2025 14:23:22.625,-0.018937,0.037263,0.003665
26-Jan-2025 14:23:22.640,-0.047037,0.039706,0.003665
26-Jan-2025 14:23:22.657,0.004887,-0.024435,-0.012828
26-Jan-2025 14:23:22.673,0.041539,-0.0562,0.014661
26-Jan-2025 14:23:22.689,0.009774,-0.025656,0.001833
26-Jan-2025 14:23:22.705,-0.050091,0.014661,-0.015272
26-Jan-2025 14:23:22.721,-0.034208,0.01405,-0.001833
26-Jan-2025 14:23:22.737,-0.006109,0.001833,0.011606
26-Jan-2025 14:23:22.753,-0.003054,0,0.009163
26-Jan-2025 14:23:22.769,0.015272,0.004887,0.003665
26-Jan-2025 14:23:22.785,0.025656,0.004887,0.000611
26-Jan-2025 14:23:22.801,0.019548,0.00672,-0.000611
26-Jan-2025 14:23:22.817,0.00733,0.001222,0.001833
26-Jan-2025 14:23:22.833,0.007941,-0.001222,0
26-Jan-2025 14:23:22.849,0.004887,-0.008552,0.000611
26-Jan-2025 14:23:22.865,-0.005498,-0.010996,0.001222
26-Jan-2025 14:23:22.881,-0.008552,-0.00672,0.002443
26-Jan-2025 14:23:22.898,0.009163,-0.006109,0.000611
26-Jan-2025 14:23:22.914,0.018937,0.003054,0.004887
26-Jan-2025 14:23:22.930,0.016493,0.010385,0.004276
26-Jan-2025 14:23:22.946,0.008552,0.008552,-0.002443
26-Jan-2025 14:23:22.962,0.00672,0.000611,-0.000611
26-Jan-2025 14:23:22.978,-0.003054,0.002443,0.004276
26-Jan-2025 14:23:22.994,-0.00672,-0.001833,0.003665
26-Jan-2025 14:23:23.010,-0.001833,-0.005498,0
26-Jan-2025 14:23:23.026,0.003665,-0.003665,0.000611
26-Jan-2025 14:23:23.042,0.000611,0.001833,0.003054
26-Jan-2025 14:23:23.058,-0.003665,0.003665,0.001222
26-Jan-2025 14:23:23.074,-0.004887,0.003054,0.001833
26-Jan-2025 14:23:23.090,-0.004276,0,0.001833
26-Jan-2025 14:23:23.106,-0.000611,0.001833,0.001833
26-Jan-2025 14:23:23.122,0.001222,-0.000611,0.003665
26-Jan-2025 14:23:23.138,0.002443,-0.000611,0.003665
26-Jan-2025 14:23:23.154,-0.002443,-0.001833,0.005498
26-Jan-2025 14:23:23.170,-0.007941,0.003665,0.00733
26-Jan-2025 14:23:23.187,-0.006109,0.002443,0.006109
26-Jan-2025 14:23:23.203,-0.004887,-0.002443,0.004887
26-Jan-2025 14:23:23.219,-0.003054,-0.001833,0.003054
26-Jan-2025 14:23:23.235,0.002443,-0.003054,0.003054
26-Jan-2025 14:23:23.251,0.004887,0.001833,0.003054
26-Jan-2025 14:23:23.267,0.009163,0.002443,0.001833
26-Jan-2025 14:23:23.283,0.01405,-0.003665,0.003665
26-Jan-2025 14:23:23.299,0.014661,-0.003054,0.003054
26-Jan-2025 14:23:23.315,0.009163,0.000611,0
26-Jan-2025 14:23:23.331,0.009774,0.00672,0
26-Jan-2025 14:23:23.347,0.020159,0.044593,0.020159
26-Jan-2025 14:23:23.363,0.031765,0.088575,0.042761
26-Jan-2025 14:23:23.379,0.065973,0.110567,0.07086
26-Jan-2025 14:23:23.395,0.069028,0.091019,0.081245
26-Jan-2025 14:23:23.411,0.045204,0.075747,0.081856
26-Jan-2025 14:23:23.427,0.023824,0.065973,0.059254
26-Jan-2025 14:23:23.443,0.00672,0.040928,0.006109
26-Jan-2025 14:23:23.460,0.005498,0.015272,-0.025045
26-Jan-2025 14:23:23.475,0.004887,-0.013439,-0.037263
26-Jan-2025 14:23:23.492,-0.011606,-0.015272,-0.034819
26-Jan-2025 14:23:23.508,-0.051924,0.033598,-0.018326
26-Jan-2025 14:23:23.524,-0.036652,-0.040928,-0.02138
26-Jan-2025 14:23:23.540,0.007941,-0.071471,-0.015882
26-Jan-2025 14:23:23.556,0.017715,-0.078802,-0.003054
26-Jan-2025 14:23:23.572,-0.030543,-0.039706,-0.029932
26-Jan-2025 14:23:23.588,-0.059254,-0.020159,-0.041539
26-Jan-2025 14:23:23.604,-0.037263,-0.027489,-0.028711
26-Jan-2025 14:23:23.620,-0.026267,-0.026267,-0.013439
26-Jan-2025 14:23:23.636,-0.009163,-0.02138,-0.009163
26-Jan-2025 14:23:23.652,0.015882,-0.022602,-0.004887
26-Jan-2025 14:23:23.668,0.032987,-0.010385,-0.001222
26-Jan-2025 14:23:23.684,0.025656,-0.001222,-0.006109
26-Jan-2025 14:23:23.700,0.012217,-0.000611,-0.020769
26-Jan-2025 14:23:23.716,-0.001833,0.001833,-0.03543
26-Jan-2025 14:23:23.732,-0.042761,0.080634,-0.038485
26-Jan-2025 14:23:23.749,-0.067806,0.153938,-0.033598
26-Jan-2025 14:23:23.765,-0.075136,0.262672,0.034819
26-Jan-2025 14:23:23.781,-0.027489,0.354913,0.078802
26-Jan-2025 14:23:23.797,0.069028,0.580322,0.142942
26-Jan-2025 14:23:23.813,0.188757,0.703717,0.19792
26-Jan-2025 14:23:23.829,0.125838,0.686613,0.160047
26-Jan-2025 14:23:23.845,-0.017104,0.61453,0.043371
26-Jan-2025 14:23:23.861,-0.061697,0.458149,-0.06353
26-Jan-2025 14:23:23.877,-0.136223,0.191812,-0.174707
26-Jan-2025 14:23:23.893,-0.273668,0.07086,-0.166155
26-Jan-2025 14:23:23.908,-0.496633,0.020159,-0.119119
26-Jan-2025 14:23:23.925,-0.55772,-0.054978,-0.04948
26-Jan-2025 14:23:23.941,-0.511905,-0.161879,0.04948
26-Jan-2025 14:23:23.957,-0.499688,-0.233351,0.043982
26-Jan-2025 14:23:23.973,-0.618196,-0.294437,0.284052
26-Jan-2025 14:23:23.989,-0.816727,-0.364687,0.329256
26-Jan-2025 14:23:24.005,-0.828944,-0.569937,0.298102
26-Jan-2025 14:23:24.021,-0.951728,-0.473421,0.298102
26-Jan-2025 14:23:24.037,-1.001819,-0.509462,0.242514
26-Jan-2025 14:23:24.053,-0.992045,-0.450819,0.242514
26-Jan-2025 14:23:24.070,-2.282804,1.298089,0.581544
26-Jan-2025 14:23:24.086,-1.660943,0.177151,0.217468
26-Jan-2025 14:23:24.102,-1.64506,-0.549168,0.384845
26-Jan-2025 14:23:24.118,-1.882076,-0.50091,0.748921
26-Jan-2025 14:23:24.134,-2.323731,-0.521068,0.976163
26-Jan-2025 14:23:24.150,-2.764165,-0.389732,1.123992
26-Jan-2025 14:23:24.166,-2.833193,-0.299324,0.992045
26-Jan-2025 14:23:24.182,-2.76783,-0.234572,0.747088
26-Jan-2025 14:23:24.198,-2.540589,-0.215025,0.452651
26-Jan-2025 14:23:24.214,-2.329229,-0.24679,0.288939
26-Jan-2025 14:23:24.229,-2.32251,-0.157603,0.174707
26-Jan-2025 14:23:24.246,-2.367103,-0.023824,0.186314
26-Jan-2025 14:23:24.262,-2.456289,0.12706,0.229074
26-Jan-2025 14:23:24.278,-2.593123,0.163101,0.235183
26-Jan-2025 14:23:24.294,-2.825863,0.216857,0.271224
26-Jan-2025 14:23:24.311,-2.775772,0.422108,0.31032
26-Jan-2025 14:23:24.326,-2.744007,0.475253,0.304822
26-Jan-2025 14:23:24.343,-2.933986,0.285274,0.302378
26-Jan-2025 14:23:24.359,-3.006679,0.235183,0.332922
26-Jan-2025 14:23:24.375,-2.841745,0.347582,0.36041
26-Jan-2025 14:23:24.391,-2.721405,0.477697,0.299324
26-Jan-2025 14:23:24.407,-2.764165,0.554666,0.103847
26-Jan-2025 14:23:24.423,-2.855184,0.597426,-0.018937
26-Jan-2025 14:23:24.439,-2.878397,0.632246,-0.007941
26-Jan-2025 14:23:24.455,-2.775772,0.681115,0.07025
26-Jan-2025 14:23:24.471,-2.618779,0.721432,0.169821
26-Jan-2025 14:23:24.487,-2.362216,0.684169,0.232129
26-Jan-2025 14:23:24.503,-2.232102,0.623083,0.23274
26-Jan-2025 14:23:24.519,-2.122146,0.561996,0.280998
26-Jan-2025 14:23:24.535,-2.091603,0.502131,0.335365
26-Jan-2025 14:23:24.550,-2.037235,0.419054,0.312763
26-Jan-2025 14:23:24.567,-1.924226,0.475253,0.270002
26-Jan-2025 14:23:24.583,-1.65239,0.406225,0.34575
26-Jan-2025 14:23:24.599,-1.47585,0.098349,0.43799
26-Jan-2025 14:23:24.615,-1.481959,-0.04215,0.492968
26-Jan-2025 14:23:24.632,-1.615739,0.11301,0.482584
26-Jan-2025 14:23:24.648,-1.676825,0.3036,0.448375
26-Jan-2025 14:23:24.664,-1.474018,0.150273,0.373239
26-Jan-2025 14:23:24.680,-1.229061,-0.027489,0.362243
26-Jan-2025 14:23:24.696,-1.086729,0.120951,0.362854
26-Jan-2025 14:23:24.712,-1.165531,0.2474,0.406225
26-Jan-2025 14:23:24.728,-1.288926,0.281609,0.521068
26-Jan-2025 14:23:24.744,-1.328021,0.391565,0.568105
26-Jan-2025 14:23:24.760,-1.357953,0.535118,0.580322
26-Jan-2025 14:23:24.776,-1.310917,0.518014,0.519846
26-Jan-2025 14:23:24.792,-1.149648,0.435547,0.415999
26-Jan-2025 14:23:24.808,-1.040303,0.420275,0.410501
26-Jan-2025 14:23:24.824,-1.004262,0.461203,0.448986
26-Jan-2025 14:23:24.840,-0.996932,0.508851,0.556498
26-Jan-2025 14:23:24.856,-0.953561,0.607811,0.55039
26-Jan-2025 14:23:24.872,-0.859487,0.653015,0.521679
26-Jan-2025 14:23:24.888,-0.815505,0.576046,0.532674
26-Jan-2025 14:23:24.904,-0.830166,0.467312,0.564439
26-Jan-2025 14:23:24.920,-0.852157,0.365297,0.556498
26-Jan-2025 14:23:24.937,-0.848492,0.285274,0.491136
26-Jan-2025 14:23:24.953,-0.806342,0.298713,0.448375
26-Jan-2025 14:23:24.969,-0.772745,0.224188,0.399506
26-Jan-2025 14:23:24.985,-0.75564,0.086743,0.315817
26-Jan-2025 14:23:25.001,-0.756251,-0.025045,0.222355
26-Jan-2025 14:23:25.017,-0.866207,-0.07025,0.087965
26-Jan-2025 14:23:25.033,-0.895528,-0.04215,-0.002443
26-Jan-2025 14:23:25.049,-0.840551,0.139888,-0.156992
26-Jan-2025 14:23:25.065,-0.832609,0.251676,-0.315817
26-Jan-2025 14:23:25.081,-0.976163,0.218079,-0.495412
26-Jan-2025 14:23:25.097,-1.114218,0.100793,-0.555887
26-Jan-2025 14:23:25.113,-1.213178,-0.160658,-0.560163
26-Jan-2025 14:23:25.129,-1.120327,-0.326202,-0.597426
26-Jan-2025 14:23:25.145,-0.996932,-0.496633,-0.599259
26-Jan-2025 14:23:25.161,-0.901637,-0.563829,-0.516181
26-Jan-2025 14:23:25.177,-0.794736,-0.496633,-0.324369
26-Jan-2025 14:23:25.193,-0.660345,-0.477697,0.012217
26-Jan-2025 14:23:25.209,-0.556498,-0.296881,0.24007
26-Jan-2025 14:23:25.226,-0.491136,0.299935,0.403171
26-Jan-2025 14:23:25.241,-0.533285,0.526566,0.343306
26-Jan-2025 14:23:25.258,-0.668897,1.139264,0.62125
26-Jan-2025 14:23:25.274,-0.612698,0.456927,0.74098
26-Jan-2025 14:23:25.290,-0.323759,0.125838,0.856433
26-Jan-2025 14:23:25.306,-0.178984,0.164323,0.841772
26-Jan-2025 14:23:25.322,-0.271835,0.260229,0.774577
26-Jan-2025 14:23:25.338,-0.383623,0.169821,0.725097
26-Jan-2025 14:23:25.354,-0.219911,0.357967,0.799623
26-Jan-2025 14:23:25.370,0.103847,0.51557,1.059851
26-Jan-2025 14:23:25.386,0.175929,0.554055,1.310917
26-Jan-2025 14:23:25.402,0.125838,0.502742,1.505783
26-Jan-2025 14:23:25.418,0.116675,0.307265,1.515557
26-Jan-2025 14:23:25.434,0.271224,0.367741,1.523498
26-Jan-2025 14:23:25.450,0.398895,0.364076,1.498452
26-Jan-2025 14:23:25.466,0.453262,0.196699,1.428203
26-Jan-2025 14:23:25.482,0.446543,0.012217,1.287704
26-Jan-2025 14:23:25.498,0.464258,-0.020159,1.2425
26-Jan-2025 14:23:25.514,0.485638,-0.080023,1.163698
26-Jan-2025 14:23:25.530,0.433714,-0.020769,1.078788
26-Jan-2025 14:23:25.547,0.337198,-0.07086,1.001819
26-Jan-2025 14:23:25.563,0.276722,0.054978,0.99571
26-Jan-2025 14:23:25.579,0.099571,0.146608,1.051299
26-Jan-2025 14:23:25.595,-0.102625,0.18326,1.083064
26-Jan-2025 14:23:25.611,-0.227853,0.257174,1.111775
26-Jan-2025 14:23:25.627,-0.383013,0.453873,1.147205
26-Jan-2025 14:23:25.643,-0.59987,0.622472,1.20707
26-Jan-2025 14:23:25.659,-0.8827,0.611476,1.210735
26-Jan-2025 14:23:25.675,-1.017091,0.529009,1.098947
26-Jan-2025 14:23:25.691,-1.227839,0.670119,0.837496
26-Jan-2025 14:23:25.707,-1.400103,0.844827,0.568716
26-Jan-2025 14:23:25.723,-1.511891,0.767858,0.14111
26-Jan-2025 14:23:25.739,-1.507005,0.689667,-0.057421
26-Jan-2025 14:23:25.755,-1.474629,0.615752,-0.096517
26-Jan-2025 14:23:25.771,-1.498452,0.62858,-0.092241
26-Jan-2025 14:23:25.787,-1.524109,0.605367,-0.160658
26-Jan-2025 14:23:25.803,-1.416597,0.690278,-0.414167
26-Jan-2025 14:23:25.819,-1.34818,0.780075,-0.600481
26-Jan-2025 14:23:25.836,-1.310917,0.578489,-0.791681
26-Jan-2025 14:23:25.852,-1.320691,0.403171,-0.844827
26-Jan-2025 14:23:25.868,-1.288315,0.267559,-0.79779
26-Jan-2025 14:23:25.884,-1.229061,0.149051,-0.77641
26-Jan-2025 14:23:25.900,-1.10872,0,-0.871094
26-Jan-2025 14:23:25.916,-0.989602,-0.105069,-0.959669
26-Jan-2025 14:23:25.932,-0.924239,-0.166155,-1.003041
26-Jan-2025 14:23:25.948,-0.940732,-0.373239,-0.961502
26-Jan-2025 14:23:25.964,-0.939511,-0.350637,-0.945619
26-Jan-2025 14:23:25.980,-0.940732,-0.237016,-0.951728
26-Jan-2025 14:23:25.996,-0.934624,-0.19059,-0.971276
26-Jan-2025 14:23:26.012,-0.840551,-0.165544,-1.068403
26-Jan-2025 14:23:26.028,-0.72693,-0.108123,-1.182024
26-Jan-2025 14:23:26.044,-0.584598,-0.064752,-1.295645
26-Jan-2025 14:23:26.060,-0.506407,-0.051313,-1.33413
26-Jan-2025 14:23:26.076,-0.396452,0.053756,-1.346347
26-Jan-2025 14:23:26.092,-0.279165,0.132558,-1.337795
26-Jan-2025 14:23:26.109,-0.072693,0.214414,-1.295034
26-Jan-2025 14:23:26.125,0.094073,0.200364,-1.233948
26-Jan-2025 14:23:26.141,0.233351,0.147829,-1.189355
26-Jan-2025 14:23:26.157,0.352469,0.133169,-1.175305
26-Jan-2025 14:23:26.173,0.43799,0.157603,-1.194242
26-Jan-2025 14:23:26.189,0.503964,0.133169,-1.227228
26-Jan-2025 14:23:26.205,0.513127,0.130114,-1.245554
26-Jan-2025 14:23:26.221,0.536951,0.188757,-1.238835
26-Jan-2025 14:23:26.237,0.596815,0.161879,-1.248609
26-Jan-2025 14:23:26.253,0.751364,0.080023,-1.366506
26-Jan-2025 14:23:26.269,0.878424,0.022602,-1.486846
26-Jan-2025 14:23:26.285,0.940122,-0.084299,-1.564426
26-Jan-2025 14:23:26.301,0.996321,-0.259007,-1.561372
26-Jan-2025 14:23:26.317,1.087951,-0.341474,-1.479516
26-Jan-2025 14:23:26.333,1.309084,-0.342695,-1.39827
26-Jan-2025 14:23:26.349,1.474018,-0.398284,-1.417818
26-Jan-2025 14:23:26.365,1.605354,-0.505796,-1.542435
26-Jan-2025 14:23:26.381,1.655445,-0.517403,-1.619404
26-Jan-2025 14:23:26.398,1.703703,-0.596204,-1.72264
26-Jan-2025 14:23:26.413,1.725694,-0.686002,-1.783116
26-Jan-2025 14:23:26.430,1.744631,-0.757473,-1.806939
26-Jan-2025 14:23:26.446,1.783727,-0.739147,-1.781283
26-Jan-2025 14:23:26.462,1.877189,-0.670119,-1.748296
26-Jan-2025 14:23:26.478,2.039068,-0.607811,-1.704925
26-Jan-2025 14:23:26.494,2.1252,-0.733649,-1.665219
26-Jan-2025 14:23:26.510,2.096489,-1.134988,-1.619404
26-Jan-2025 14:23:26.526,1.947438,-1.313971,-1.577254
26-Jan-2025 14:23:26.542,1.656056,-1.248609,-1.492955
26-Jan-2025 14:23:26.558,1.436144,-1.152703,-1.428814
26-Jan-2025 14:23:26.574,1.266324,-1.139264,-1.264491
26-Jan-2025 14:23:26.590,1.166753,-1.1863,-1.111164
26-Jan-2025 14:23:26.606,1.084897,-1.166142,-0.919963
26-Jan-2025 14:23:26.622,1.075123,-1.144761,-0.828333
26-Jan-2025 14:23:26.638,1.144151,-1.054964,-0.849714
26-Jan-2025 14:23:26.654,1.321302,-0.880257,-0.999986
26-Jan-2025 14:23:26.670,1.486846,-0.885144,-1.080621
26-Jan-2025 14:23:26.686,1.726305,-1.183246,-0.942565
26-Jan-2025 14:23:26.703,1.744631,-1.538159,-0.583987
26-Jan-2025 14:23:26.719,1.337184,-1.841148,-0.120951
26-Jan-2025 14:23:26.735,0.844216,-1.780672,0.034819
26-Jan-2025 14:23:26.751,0.433714,-1.540602,0.116064
26-Jan-2025 14:23:26.767,0.422108,-1.472796,0.135001
26-Jan-2025 14:23:26.783,0.558331,-1.506394,0.078802
26-Jan-2025 14:23:26.799,0.778242,-1.646282,-0.051313
26-Jan-2025 14:23:26.815,0.832609,-1.769677,-0.142942
26-Jan-2025 14:23:26.831,0.779464,-1.813659,-0.196699
26-Jan-2025 14:23:26.847,0.695165,-1.778229,-0.200975
26-Jan-2025 14:23:26.863,0.5791,-1.748907,-0.210138
26-Jan-2025 14:23:26.879,0.513738,-1.727527,-0.230907
26-Jan-2025 14:23:26.895,0.456927,-1.831985,-0.244957
26-Jan-2025 14:23:26.911,0.445932,-1.958434,-0.243735
26-Jan-2025 14:23:26.927,0.455705,-1.959045,-0.225409
26-Jan-2025 14:23:26.943,0.443488,-1.929723,-0.199142
26-Jan-2025 14:23:26.960,0.40928,-1.895515,-0.178373
26-Jan-2025 14:23:26.976,0.350026,-1.696373,-0.15516
26-Jan-2025 14:23:26.992,0.29627,-1.688432,-0.133169
26-Jan-2025 14:23:27.008,0.266337,-1.792279,-0.145386
26-Jan-2025 14:23:27.024,0.274889,-1.817324,-0.171653
26-Jan-2025 14:23:27.040,0.290161,-1.734857,-0.215025
26-Jan-2025 14:23:27.056,0.298102,-1.649336,-0.243124
26-Jan-2025 14:23:27.072,0.312763,-1.592526,-0.24679
26-Jan-2025 14:23:27.088,0.312152,-1.561372,-0.202196
26-Jan-2025 14:23:27.104,0.37446,-1.371392,-0.143553
26-Jan-2025 14:23:27.120,0.445321,-1.254717,-0.062308
26-Jan-2025 14:23:27.136,0.508851,-1.195463,0.026878
26-Jan-2025 14:23:27.152,0.519846,-1.177137,0.072082
26-Jan-2025 14:23:27.168,0.467312,-1.139875,0.064752
26-Jan-2025 14:23:27.184,0.391565,-1.043358,0.050091
26-Jan-2025 14:23:27.200,0.31765,-0.985937,0.087354
26-Jan-2025 14:23:27.216,0.202196,-0.897361,0.055589
26-Jan-2025 14:23:27.233,0.110567,-0.891863,-0.021991
26-Jan-2025 14:23:27.249,-0.103236,-1.026254,0.004887
26-Jan-2025 14:23:27.265,-0.245568,-1.167974,0.098349
26-Jan-2025 14:23:27.281,-0.236405,-0.945009,0.184481
26-Jan-2025 14:23:27.297,0.095906,-0.69211,0.174707
26-Jan-2025 14:23:27.313,0.478307,-0.621861,0.194255
26-Jan-2025 14:23:27.329,0.914465,-0.675006,0.270002
26-Jan-2025 14:23:27.345,1.089173,-0.683558,0.318872
26-Jan-2025 14:23:27.361,1.146594,-0.605978,0.422719
26-Jan-2025 14:23:27.377,1.014647,-0.428217,0.470366
26-Jan-2025 14:23:27.393,0.660345,-0.21197,0.507018
26-Jan-2025 14:23:27.409,0.318872,-0.32498,0.569326
26-Jan-2025 14:23:27.425,-0.061697,-0.630413,0.590707
26-Jan-2025 14:23:27.441,-0.207694,-0.742812,0.552222
26-Jan-2025 14:23:27.457,-0.208916,-0.815505,0.483194
26-Jan-2025 14:23:27.473,0.001222,-0.828333,0.36041
26-Jan-2025 14:23:27.489,0.161879,-0.753197,0.2474
26-Jan-2025 14:23:27.505,0.31093,-0.789849,0.092852
26-Jan-2025 14:23:27.522,0.334754,-0.947452,0.024435
26-Jan-2025 14:23:27.537,0.286496,-1.155146,0.037263
26-Jan-2025 14:23:27.554,0.248011,-1.1863,0.08491
26-Jan-2025 14:23:27.570,0.184481,-1.279763,0.114843
26-Jan-2025 14:23:27.586,0.161879,-1.453248,0.08491
26-Jan-2025 14:23:27.602,0.173486,-1.457524,-0.020159
26-Jan-2025 14:23:27.618,0.112399,-1.381166,-0.131336
26-Jan-2025 14:23:27.634,0.059254,-1.294423,-0.197309
26-Jan-2025 14:23:27.650,0.057421,-1.239446,-0.217468
26-Jan-2025 14:23:27.666,0.065363,-1.245554,-0.228464
26-Jan-2025 14:23:27.682,0.084299,-1.23578,-0.233351
26-Jan-2025 14:23:27.698,0.053145,-1.15087,-0.249233
26-Jan-2025 14:23:27.714,-0.106291,-0.971887,-0.288939
26-Jan-2025 14:23:27.730,-0.219301,-0.933402,-0.273668
26-Jan-2025 14:23:27.746,-0.196088,-0.918741,-0.24679
26-Jan-2025 14:23:27.762,-0.158214,-0.857655,-0.253509
26-Jan-2025 14:23:27.778,-0.107512,-0.808175,-0.276722
26-Jan-2025 14:23:27.794,-0.069028,-0.778853,-0.326202
26-Jan-2025 14:23:27.810,-0.04948,-0.749532,-0.37446
26-Jan-2025 14:23:27.826,-0.025656,-0.693943,-0.422108
26-Jan-2025 14:23:27.843,-0.021991,-0.703106,-0.435547
26-Jan-2025 14:23:27.859,-0.011606,-0.715934,-0.403782
26-Jan-2025 14:23:27.875,-0.051313,-0.759916,-0.352469
26-Jan-2025 14:23:27.891,-0.204029,-0.909578,-0.274889
26-Jan-2025 14:23:27.907,-0.327424,-0.894307,-0.213803
26-Jan-2025 14:23:27.923,-0.324369,-0.766025,-0.152105
26-Jan-2025 14:23:27.939,-0.249844,-0.717156,-0.111788
26-Jan-2025 14:23:27.955,-0.171042,-0.69211,-0.076969
26-Jan-2025 14:23:27.971,-0.102014,-0.585209,-0.072082
26-Jan-2025 14:23:27.987,-0.090408,-0.463647,-0.106291
26-Jan-2025 14:23:28.003,-0.103236,-0.281609,-0.105069
26-Jan-2025 14:23:28.019,-0.078191,-0.10568,-0.068417
26-Jan-2025 14:23:28.035,0.036041,0.025656,-0.055589
26-Jan-2025 14:23:28.051,0.142942,-0.014661,-0.065973
26-Jan-2025 14:23:28.067,0.087965,-0.075136,-0.044593
26-Jan-2025 14:23:28.083,-0.00733,-0.017104,-0.076969
26-Jan-2025 14:23:28.099,-0.067806,0.140499,-0.161879
26-Jan-2025 14:23:28.115,0,0.380569,-0.216857
26-Jan-2025 14:23:28.131,0.166766,0.508851,-0.152105
26-Jan-2025 14:23:28.147,0.288328,0.605978,-0.016493
26-Jan-2025 14:23:28.164,0.178984,0.556498,0.064141
26-Jan-2025 14:23:28.180,-0.012828,0.730595,0.117286
26-Jan-2025 14:23:28.196,-0.114232,0.96028,0.130725
26-Jan-2025 14:23:28.212,-0.163712,1.133766,0.128893
26-Jan-2025 14:23:28.228,-0.146608,1.117272,0.085521
26-Jan-2025 14:23:28.244,-0.097128,1.00243,0.010385
26-Jan-2025 14:23:28.260,-0.068417,0.968221,-0.018326
26-Jan-2025 14:23:28.276,-0.068417,0.994489,-0.015272
26-Jan-2025 14:23:28.292,-0.147219,1.06596,0.054978
26-Jan-2025 14:23:28.308,-0.226631,1.099557,0.133779
26-Jan-2025 14:23:28.324,-0.314596,1.102612,0.184481
26-Jan-2025 14:23:28.340,-0.356745,1.093449,0.195477
26-Jan-2025 14:23:28.356,-0.341474,1.073901,0.213192
26-Jan-2025 14:23:28.372,-0.272446,1.070847,0.208916
26-Jan-2025 14:23:28.388,-0.113621,1.053132,0.172264
26-Jan-2025 14:23:28.404,-0.00672,1.000597,0.13439
26-Jan-2025 14:23:28.420,0.02138,0.915076,0.081245
26-Jan-2025 14:23:28.436,-0.010996,0.967,0.07025
26-Jan-2025 14:23:28.452,-0.07758,1.053132,0.067806
26-Jan-2025 14:23:28.469,-0.220522,1.066571,0.086132
26-Jan-2025 14:23:28.485,-0.265726,0.971887,0.126449
26-Jan-2025 14:23:28.501,-0.293826,0.86865,0.165544
26-Jan-2025 14:23:28.517,-0.365908,0.870483,0.189368
26-Jan-2025 14:23:28.533,-0.357967,0.835053,0.219301
26-Jan-2025 14:23:28.549,-0.175929,0.723264,0.230296
26-Jan-2025 14:23:28.565,0.093462,0.582155,0.221133
26-Jan-2025 14:23:28.581,0.150884,0.518625,0.223577
26-Jan-2025 14:23:28.597,0.089797,0.403782,0.246179
26-Jan-2025 14:23:28.613,-0.072693,0.227853,0.271224
26-Jan-2025 14:23:28.629,-0.21197,0.147829,0.291383
26-Jan-2025 14:23:28.645,-0.328645,0.252287,0.227853
26-Jan-2025 14:23:28.661,-0.356134,0.309098,0.181427
26-Jan-2025 14:23:28.677,-0.653626,0.133169,0.379347
26-Jan-2025 14:23:28.693,-0.886976,0.188757,0.533896
26-Jan-2025 14:23:28.709,-0.956615,0.131947,0.532064
26-Jan-2025 14:23:28.725,-0.856433,-0.087965,0.419054
26-Jan-2025 14:23:28.741,-0.590096,-0.334143,0.156992
26-Jan-2025 14:23:28.757,-0.396452,-0.32498,-0.135001
26-Jan-2025 14:23:28.773,-0.226631,-0.433714,-0.299324
26-Jan-2025 14:23:28.790,-0.217468,-0.62125,-0.212581
26-Jan-2025 14:23:28.806,-0.233961,-0.6634,-0.052534
26-Jan-2025 14:23:28.822,-0.137445,-0.50091,0.088575
26-Jan-2025 14:23:28.838,0.12706,-0.266337,0.058032
26-Jan-2025 14:23:28.854,0.484416,-0.200975,-0.075747
26-Jan-2025 14:23:28.870,0.483194,-0.380569,-0.255953
26-Jan-2025 14:23:28.886,0.19792,-0.150273,-0.446543
26-Jan-2025 14:23:28.902,0.230296,-0.032987,-0.008552
26-Jan-2025 14:23:28.918,0.440434,-0.618196,0.377515
26-Jan-2025 14:23:28.934,0.448986,-0.775188,0.242514
26-Jan-2025 14:23:28.950,0.226631,-0.578489,0.128282
26-Jan-2025 14:23:28.966,0.073304,-0.350026,-0.13439
26-Jan-2025 14:23:28.982,0.130725,-0.384845,-0.318261
26-Jan-2025 14:23:28.998,0.116064,-0.425773,-0.426384
26-Jan-2025 14:23:29.014,0.032987,-0.315817,-0.381791
26-Jan-2025 14:23:29.030,-0.032987,-0.128893,-0.232129
26-Jan-2025 14:23:29.046,-0.050702,-0.017715,-0.182649
26-Jan-2025 14:23:29.062,-0.086132,0.015272,-0.172264
26-Jan-2025 14:23:29.079,-0.097738,0.012217,-0.199753
26-Jan-2025 14:23:29.095,-0.25412,0.252898,-0.233961
26-Jan-2025 14:23:29.111,-0.214414,0.245568,-0.313985
26-Jan-2025 14:23:29.127,-0.224798,0.328035,-0.297491
26-Jan-2025 14:23:29.143,-0.061087,0.315817,-0.302989
26-Jan-2025 14:23:29.159,0.036652,0.433103,-0.302378
26-Jan-2025 14:23:29.175,0.053756,0.602313,-0.248011
26-Jan-2025 14:23:29.191,0.045815,0.65668,-0.203418
26-Jan-2025 14:23:29.207,0.057421,0.630413,-0.194255
26-Jan-2025 14:23:29.223,0.113621,0.459982,-0.24007
26-Jan-2025 14:23:29.239,0.182649,0.321926,-0.342085
26-Jan-2025 14:23:29.255,0.177762,0.307876,-0.382402
26-Jan-2025 14:23:29.271,0.138666,0.280998,-0.397673
26-Jan-2025 14:23:29.287,0.058643,0.24007,-0.409891
26-Jan-2025 14:23:29.303,0.053145,0.362854,-0.454484
26-Jan-2025 14:23:29.319,0.384234,0.669508,-0.532064
26-Jan-2025 14:23:29.335,0.465479,0.52962,-0.511905
26-Jan-2025 14:23:29.351,0.291994,0.284052,-0.368963
26-Jan-2025 14:23:29.367,0.14111,0.24007,-0.173486
26-Jan-2025 14:23:29.383,0.072082,0.31093,0.037874
26-Jan-2025 14:23:29.400,0.18387,0.449597,0.041539
26-Jan-2025 14:23:29.416,0.238237,0.601702,-0.023824
26-Jan-2025 14:23:29.432,0.168599,0.846048,-0.047037
26-Jan-2025 14:23:29.448,0.135612,1.014036,0.031154
26-Jan-2025 14:23:29.464,0.157603,1.056797,0.223577
26-Jan-2025 14:23:29.480,0.195477,1.020145,0.405004
26-Jan-2025 14:23:29.496,0.321315,0.985937,0.580933
26-Jan-2025 14:23:29.512,0.391565,1.004262,0.580322
26-Jan-2025 14:23:29.528,0.328645,0.963945,0.45204
26-Jan-2025 14:23:29.544,0.196088,0.809396,0.392175
26-Jan-2025 14:23:29.560,0.043371,0.588263,0.43738
26-Jan-2025 14:23:29.576,0.003665,0.485638,0.503353
26-Jan-2025 14:23:29.592,-0.00733,0.422719,0.571159
26-Jan-2025 14:23:29.608,0.006109,0.481973,0.632246
26-Jan-2025 14:23:29.624,-0.012828,0.472199,0.598648
26-Jan-2025 14:23:29.640,-0.05681,0.378126,0.503353
26-Jan-2025 14:23:29.656,-0.021991,0.234572,0.391565
26-Jan-2025 14:23:29.672,0.072082,0.021991,0.199753
26-Jan-2025 14:23:29.688,0.136223,-0.093462,0.101404
26-Jan-2025 14:23:29.704,0.169821,-0.217468,0.044593
26-Jan-2025 14:23:29.721,0.130114,-0.21869,0.050091
26-Jan-2025 14:23:29.737,0.048869,-0.170431,0.095906
26-Jan-2025 14:23:29.753,-0.064752,-0.163101,0.208916
26-Jan-2025 14:23:29.769,-0.116675,-0.203418,0.265116
26-Jan-2025 14:23:29.785,-0.10568,-0.378126,0.266948
26-Jan-2025 14:23:29.801,-0.058032,-0.527177,0.222966
26-Jan-2025 14:23:29.817,-0.012217,-0.639576,0.151495
26-Jan-2025 14:23:29.833,0.067806,-0.70616,0.11973
26-Jan-2025 14:23:29.849,0.163101,-0.762971,0.126449
26-Jan-2025 14:23:29.865,0.192423,-0.772745,0.168599
26-Jan-2025 14:23:29.881,0.205862,-0.792903,0.211359
26-Jan-2025 14:23:29.897,0.269392,-0.74098,0.196699
26-Jan-2025 14:23:29.913,0.295659,-0.827112,0.219911
26-Jan-2025 14:23:29.929,0.039706,-1.116051,0.366519
26-Jan-2025 14:23:29.945,-0.114232,-1.150259,0.401338
26-Jan-2025 14:23:29.961,-0.308487,-1.282817,0.284052
26-Jan-2025 14:23:29.977,-0.433103,-1.417207,0.194255
26-Jan-2025 14:23:29.993,-0.528398,-1.542435,0.106901
26-Jan-2025 14:23:30.009,-0.59315,-1.534493,0.002443
26-Jan-2025 14:23:30.025,-0.57177,-1.334741,-0.199142
26-Jan-2025 14:23:30.042,-0.394619,-1.178359,-0.328645
26-Jan-2025 14:23:30.058,-0.080023,-1.094671,-0.381791
26-Jan-2025 14:23:30.074,0.188147,-1.119105,-0.319483
26-Jan-2025 14:23:30.090,0.433714,-1.225396,-0.235794
26-Jan-2025 14:23:30.106,0.52962,-1.41171,-0.138666
26-Jan-2025 14:23:30.122,0.425162,-1.552819,-0.078802
26-Jan-2025 14:23:30.138,0.200364,-1.60963,-0.040928
26-Jan-2025 14:23:30.154,-0.017715,-1.412931,-0.068417
26-Jan-2025 14:23:30.170,-0.265726,-1.084897,-0.121562
26-Jan-2025 14:23:30.186,-0.307265,-0.921185,-0.181427
26-Jan-2025 14:23:30.202,-0.149051,-0.782518,-0.25412
26-Jan-2025 14:23:30.218,-0.061087,-0.751364,-0.294437
26-Jan-2025 14:23:30.234,-0.018937,-0.745256,-0.301157
26-Jan-2025 14:23:30.250,0.024435,-0.737314,-0.301157
26-Jan-2025 14:23:30.266,0.026878,-0.756862,-0.317039
26-Jan-2025 14:23:30.282,-0.002443,-0.781907,-0.348804
26-Jan-2025 14:23:30.298,-0.023824,-0.782518,-0.354302
26-Jan-2025 14:23:30.314,-0.001833,-0.739758,-0.361632
26-Jan-2025 14:23:30.330,0.045815,-0.662789,-0.364076
26-Jan-2025 14:23:30.346,0.108123,-0.544892,-0.375682
26-Jan-2025 14:23:30.363,0.128893,-0.48686,-0.386067
26-Jan-2025 14:23:30.379,0.119119,-0.403782,-0.392786
26-Jan-2025 14:23:30.395,0.094073,-0.34575,-0.376904
26-Jan-2025 14:23:30.411,0.072082,-0.279165,-0.395841
26-Jan-2025 14:23:30.427,0.017104,-0.150884,-0.456927
26-Jan-2025 14:23:30.443,-0.026878,-0.07758,-0.497244
26-Jan-2025 14:23:30.459,-0.102014,-0.029932,-0.540005
26-Jan-2025 14:23:30.475,-0.059254,-0.000611,-0.536951
26-Jan-2025 14:23:30.490,0.202196,0.116064,-0.492968
26-Jan-2025 14:23:30.507,0.410501,-0.061697,-0.431882
26-Jan-2025 14:23:30.523,0.572381,-0.219301,-0.286496
26-Jan-2025 14:23:30.539,0.510072,-0.278555,-0.180816
26-Jan-2025 14:23:30.555,0.351248,-0.36041,-0.089186
26-Jan-2025 14:23:30.571,0.133779,-0.460592,-0.038485
26-Jan-2025 14:23:30.587,0.094073,-0.455705,-0.050091
26-Jan-2025 14:23:30.603,0.272446,-0.42394,-0.081856
26-Jan-2025 14:23:30.619,0.400117,-0.587652,-0.085521
26-Jan-2025 14:23:30.635,0.376904,-0.813672,-0.078802
26-Jan-2025 14:23:30.652,0.285274,-0.782518,-0.080023
26-Jan-2025 14:23:30.668,0.102625,-0.781907,-0.006109
26-Jan-2025 14:23:30.684,0.020159,-0.99571,0.144164
26-Jan-2025 14:23:30.700,0.087354,-1.346347,0.226631
26-Jan-2025 14:23:30.716,0.241903,-1.58153,0.144775
26-Jan-2025 14:23:30.732,0.351248,-1.761735,0.02138
26-Jan-2025 14:23:30.748,0.368963,-2.040901,-0.092241
26-Jan-2025 14:23:30.764,0.334754,-2.144137,-0.14844
26-Jan-2025 14:23:30.780,0.344528,-2.01219,-0.14111
26-Jan-2025 14:23:30.796,0.378736,-1.997529,-0.089797
26-Jan-2025 14:23:30.811,0.431271,-2.153911,0.008552
26-Jan-2025 14:23:30.828,0.425773,-2.240043,0.079412
26-Jan-2025 14:23:30.844,0.320093,-2.231491,0.131336
26-Jan-2025 14:23:30.860,0.235794,-2.176513,0.158214
26-Jan-2025 14:23:30.876,0.142332,-2.14658,0.136223
26-Jan-2025 14:23:30.892,0.07025,-2.134974,0.072693
26-Jan-2025 14:23:30.908,0.019548,-2.182011,0.020159
26-Jan-2025 14:23:30.925,-0.058643,-2.245541,-0.040317
26-Jan-2025 14:23:30.941,-0.114843,-2.224771,-0.089186
26-Jan-2025 14:23:30.957,-0.177762,-2.102598,-0.135001
26-Jan-2025 14:23:30.973,-0.199142,-2.018299,-0.131336
26-Jan-2025 14:23:30.989,-0.250455,-1.892461,-0.065363
26-Jan-2025 14:23:31.005,-0.293215,-1.852754,-0.009774
26-Jan-2025 14:23:31.021,-0.284052,-1.841148,0.037263
26-Jan-2025 14:23:31.037,-0.259618,-1.850311,0.057421
26-Jan-2025 14:23:31.053,-0.194866,-1.883298,0.057421
26-Jan-2025 14:23:31.069,-0.13439,-1.9059,0.066584
26-Jan-2025 14:23:31.085,-0.032376,-1.834428,0.111177
26-Jan-2025 14:23:31.101,0.058643,-1.802052,0.16921
26-Jan-2025 14:23:31.117,0.075747,-1.839926,0.228464
26-Jan-2025 14:23:31.133,0.124617,-1.820989,0.332311
26-Jan-2025 14:23:31.149,0.113621,-1.811215,0.420275
26-Jan-2025 14:23:31.165,0.062308,-1.788613,0.49419
26-Jan-2025 14:23:31.181,0.062308,-1.751351,0.514959
26-Jan-2025 14:23:31.197,0.114843,-1.73669,0.54367
26-Jan-2025 14:23:31.214,0.233351,-1.71531,0.557109
26-Jan-2025 14:23:31.229,0.502742,-1.640173,0.610865
26-Jan-2025 14:23:31.246,0.865596,-1.549765,0.719599
26-Jan-2025 14:23:31.262,0.979217,-1.5742,0.739758
26-Jan-2025 14:23:31.278,0.935846,-1.834428,0.770301
26-Jan-2025 14:23:31.294,0.766636,-2.093435,0.820392
26-Jan-2025 14:23:31.310,0.333532,-2.381764,0.857044
26-Jan-2025 14:23:31.326,-0.004887,-2.444072,0.828333
26-Jan-2025 14:23:31.342,-0.368963,-2.295021,0.610254
26-Jan-2025 14:23:31.358,-0.505186,-2.078164,0.370184
26-Jan-2025 14:23:31.374,-0.350026,-1.766622,0.085521
26-Jan-2025 14:23:31.390,-0.054367,-1.597413,-0.029932
26-Jan-2025 14:23:31.406,0.258396,-1.507005,-0.084299
26-Jan-2025 14:23:31.422,0.679893,-1.582752,-0.109345
26-Jan-2025 14:23:31.438,0.952339,-1.740966,-0.124006
26-Jan-2025 14:23:31.454,0.885755,-2.016466,-0.094073
26-Jan-2025 14:23:31.470,0.532064,-1.988366,0.00733
26-Jan-2025 14:23:31.486,0.031154,-1.436144,0.175318
26-Jan-2025 14:23:31.502,-0.178984,-1.138042,0.142942
26-Jan-2025 14:23:31.518,-0.228464,-1.100168,-0.097128
26-Jan-2025 14:23:31.535,-0.213192,-1.01648,-0.292604
26-Jan-2025 14:23:31.551,-0.207694,-0.824668,-0.432493
26-Jan-2025 14:23:31.567,-0.193033,-0.609644,-0.497244
26-Jan-2025 14:23:31.583,-0.14111,-0.518625,-0.443488
26-Jan-2025 14:23:31.599,-0.020769,-0.50824,-0.241292
26-Jan-2025 14:23:31.615,0.078802,-0.518625,-0.092852
26-Jan-2025 14:23:31.631,0.142332,-0.478307,-0.00733
26-Jan-2025 14:23:31.647,0.105069,-0.375071,0.017104
26-Jan-2025 14:23:31.663,-0.002443,-0.211359,0.073915
26-Jan-2025 14:23:31.679,-0.054367,-0.13439,0.104458
26-Jan-2025 14:23:31.695,-0.057421,-0.076969,0.086743
26-Jan-2025 14:23:31.711,-0.019548,0.090408,0.079412
26-Jan-2025 14:23:31.727,0.032987,0.255953,0.099571
26-Jan-2025 14:23:31.743,0.087965,0.300546,0.11973
26-Jan-2025 14:23:31.759,0.208305,0.335365,0.086743
26-Jan-2025 14:23:31.775,0.316428,0.439212,0.030543
26-Jan-2025 14:23:31.791,0.330478,0.553444,-0.01405
26-Jan-2025 14:23:31.807,0.266337,0.695776,-0.107512
26-Jan-2025 14:23:31.823,0.169821,0.768468,-0.19792
26-Jan-2025 14:23:31.839,0.037874,0.908967,-0.312763
26-Jan-2025 14:23:31.856,-0.003665,1.032362,-0.387289
26-Jan-2025 14:23:31.871,0.0562,1.165531,-0.457538
26-Jan-2025 14:23:31.888,0.365297,1.336573,-0.558331
26-Jan-2025 14:23:31.904,0.498466,1.196685,-0.56505
26-Jan-2025 14:23:31.920,0.38118,1.185689,-0.483194
26-Jan-2025 14:23:31.936,0.191201,1.181413,-0.439823
26-Jan-2025 14:23:31.952,-0.059865,1.267545,-0.362854
26-Jan-2025 14:23:31.968,-0.143553,1.525331,-0.305433
26-Jan-2025 14:23:31.984,-0.145386,1.739133,-0.208305
26-Jan-2025 14:23:32.000,-0.101404,1.907732,-0.104458
26-Jan-2025 14:23:32.016,-0.152105,2.096489,0.091019
26-Jan-2025 14:23:32.032,-0.191812,2.032349,0.24679
26-Jan-2025 14:23:32.048,-0.132558,1.80755,0.3598
26-Jan-2025 14:23:32.064,0.036652,1.516778,0.396452
26-Jan-2025 14:23:32.080,0.135612,1.424538,0.351248
26-Jan-2025 14:23:32.096,0.10568,1.511891,0.175929
26-Jan-2025 14:23:32.112,-0.020769,1.604743,0.14111
26-Jan-2025 14:23:32.128,-0.277333,1.661554,0.259007
26-Jan-2025 14:23:32.144,-0.393397,1.565648,0.342085
26-Jan-2025 14:23:32.160,-0.370795,1.385442,0.362854
26-Jan-2025 14:23:32.177,-0.290161,1.287704,0.348804
26-Jan-2025 14:23:32.193,-0.238237,1.269378,0.337808
26-Jan-2025 14:23:32.209,-0.194255,1.323134,0.323759
26-Jan-2025 14:23:32.225,-0.145997,1.36956,0.293826
26-Jan-2025 14:23:32.241,-0.084299,1.39766,0.171042
26-Jan-2025 14:23:32.257,-0.072082,1.361619,0.066584
26-Jan-2025 14:23:32.273,0.007941,1.189355,0.031154
26-Jan-2025 14:23:32.289,0.057421,1.093449,0.087965
26-Jan-2025 14:23:32.305,0.007941,1.191798,0.198531
26-Jan-2025 14:23:32.321,-0.078191,1.308473,0.259007
26-Jan-2025 14:23:32.337,-0.239459,1.189355,0.291994
26-Jan-2025 14:23:32.353,-0.290772,1.06596,0.274278
26-Jan-2025 14:23:32.369,-0.288939,0.980439,0.237016
26-Jan-2025 14:23:32.385,-0.234572,0.899194,0.197309
26-Jan-2025 14:23:32.401,-0.192423,0.863763,0.167377
26-Jan-2025 14:23:32.417,-0.158825,0.789849,0.091019
26-Jan-2025 14:23:32.433,-0.072082,0.651182,0.047647
26-Jan-2025 14:23:32.449,0.104458,0.470977,0.012828
26-Jan-2025 14:23:32.465,0.201586,0.418443,0.027489
26-Jan-2025 14:23:32.482,0.241903,0.465479,0.128282
26-Jan-2025 14:23:32.498,0.243735,0.535729,0.205862
26-Jan-2025 14:23:32.514,0.237016,0.494801,0.296881
26-Jan-2025 14:23:32.530,0.252287,0.408669,0.337198
26-Jan-2025 14:23:32.546,0.285885,0.297491,0.296881
26-Jan-2025 14:23:32.562,0.281609,0.118508,0.168599
26-Jan-2025 14:23:32.578,0.216857,0.010996,0.07086
26-Jan-2025 14:23:32.594,0.069028,-0.0281,-0.092241
26-Jan-2025 14:23:32.610,-0.043371,-0.016493,-0.192423
26-Jan-2025 14:23:32.626,-0.105069,-0.053145,-0.238848
26-Jan-2025 14:23:32.642,-0.011606,-0.009774,-0.236405
26-Jan-2025 14:23:32.658,0.186925,0.123395,-0.235183
26-Jan-2025 14:23:32.674,0.295048,0.201586,-0.262061
26-Jan-2025 14:23:32.690,0.371406,0.274278,-0.276111
26-Jan-2025 14:23:32.706,0.45204,0.322537,-0.299935
26-Jan-2025 14:23:32.722,0.426995,0.291383,-0.3036
26-Jan-2025 14:23:32.738,0.293826,0.178984,-0.259618
26-Jan-2025 14:23:32.754,0.158825,0.141721,-0.255953
26-Jan-2025 14:23:32.770,0.003054,0.244957,-0.33903
26-Jan-2025 14:23:32.786,-0.053756,0.371406,-0.415999
26-Jan-2025 14:23:32.803,-0.125227,0.573602,-0.457538
26-Jan-2025 14:23:32.819,-0.213803,0.701884,-0.425773
26-Jan-2025 14:23:32.835,-0.274278,0.786184,-0.361632
26-Jan-2025 14:23:32.851,-0.277944,0.835053,-0.324369
26-Jan-2025 14:23:32.867,-0.273057,0.895528,-0.295048
26-Jan-2025 14:23:32.883,-0.229685,0.904081,-0.276111
26-Jan-2025 14:23:32.899,-0.201586,0.877203,-0.278555
26-Jan-2025 14:23:32.915,-0.222355,0.867429,-0.311541
26-Jan-2025 14:23:32.931,-0.255342,0.876592,-0.320093
26-Jan-2025 14:23:32.947,-0.243124,0.974941,-0.277944
26-Jan-2025 14:23:32.963,-0.207694,0.968221,-0.224188
26-Jan-2025 14:23:32.979,-0.136834,0.863153,-0.153327
26-Jan-2025 14:23:32.995,-0.020769,0.828333,-0.133779
26-Jan-2025 14:23:33.011,0.097128,0.817338,-0.151495
26-Jan-2025 14:23:33.027,0.084299,0.830166,-0.187536
26-Jan-2025 14:23:33.043,0.069639,0.795347,-0.206472
26-Jan-2025 14:23:33.059,0.034819,0.801455,-0.212581
26-Jan-2025 14:23:33.075,-0.00672,0.913854,-0.229685
26-Jan-2025 14:23:33.092,0.031154,1.04458,-0.213192
26-Jan-2025 14:23:33.107,0.099571,1.138042,-0.163101
26-Jan-2025 14:23:33.124,0.279165,1.293813,-0.123395
26-Jan-2025 14:23:33.140,0.407447,1.340238,-0.15516
26-Jan-2025 14:23:33.156,0.307265,1.084286,-0.232129
26-Jan-2025 14:23:33.172,0.219301,1.00976,-0.248011
26-Jan-2025 14:23:33.188,0.18326,1.098947,-0.257785
26-Jan-2025 14:23:33.204,0.099571,1.226617,-0.271224
26-Jan-2025 14:23:33.220,-0.007941,1.361008,-0.321926
26-Jan-2025 14:23:33.236,-0.215025,1.549765,-0.382402
26-Jan-2025 14:23:33.252,-0.382402,1.646282,-0.36041
26-Jan-2025 14:23:33.268,-0.50091,1.77212,-0.223577
26-Jan-2025 14:23:33.284,-0.489303,1.819768,-0.087354
26-Jan-2025 14:23:33.300,-0.45204,1.741577,0.102625
26-Jan-2025 14:23:33.316,-0.436158,1.638951,0.219911
26-Jan-2025 14:23:33.332,-0.377515,1.638951,0.277944
26-Jan-2025 14:23:33.348,-0.312152,1.71592,0.238237
26-Jan-2025 14:23:33.364,-0.24679,1.700649,0.170431
26-Jan-2025 14:23:33.380,-0.266337,1.507005,0.166766
26-Jan-2025 14:23:33.396,-0.366519,1.42637,0.221744
26-Jan-2025 14:23:33.413,-0.48686,1.563204,0.295048
26-Jan-2025 14:23:33.429,-0.544892,1.717142,0.333532
26-Jan-2025 14:23:33.445,-0.524733,1.797776,0.337198
26-Jan-2025 14:23:33.461,-0.412945,1.723251,0.32498
26-Jan-2025 14:23:33.477,-0.218079,1.53205,0.299324
26-Jan-2025 14:23:33.493,-0.068417,1.407434,0.237627
26-Jan-2025 14:23:33.509,0.09896,1.296867,0.12034
26-Jan-2025 14:23:33.525,0.160658,1.280374,0.057421
26-Jan-2025 14:23:33.541,0.167988,1.315804,0.023213
26-Jan-2025 14:23:33.557,0.102014,1.357953,0.067806
26-Jan-2025 14:23:33.573,-0.004276,1.387275,0.156992
26-Jan-2025 14:23:33.589,-0.096517,1.38361,0.278555
26-Jan-2025 14:23:33.605,-0.0562,1.398881,0.306043
26-Jan-2025 14:23:33.621,0.092241,1.401325,0.259007
26-Jan-2025 14:23:33.637,0.10568,1.230893,0.19792
26-Jan-2025 14:23:33.653,0.112399,1.07329,0.122784
26-Jan-2025 14:23:33.669,0.13439,1.084897,0.084299
26-Jan-2025 14:23:33.686,0.129503,1.139875,0.066584
26-Jan-2025 14:23:33.702,0.115454,1.180802,0.122173
26-Jan-2025 14:23:33.718,0.172875,1.181413,0.180205
26-Jan-2025 14:23:33.734,0.3317,1.139264,0.23274
26-Jan-2025 14:23:33.750,0.370184,1.15087,0.291994
26-Jan-2025 14:23:33.766,0.346971,1.420262,0.337808
26-Jan-2025 14:23:33.782,0.267559,1.578476,0.346971
26-Jan-2025 14:23:33.798,0.124006,1.479516,0.300546
26-Jan-2025 14:23:33.814,0.091019,1.295645,0.224798
26-Jan-2025 14:23:33.830,0.131947,1.094671,0.073304
26-Jan-2025 14:23:33.846,0.205251,0.993267,-0.039095
26-Jan-2025 14:23:33.862,0.26145,0.968832,-0.119119
26-Jan-2025 14:23:33.878,0.285885,1.042747,-0.168599
26-Jan-2025 14:23:33.894,0.329256,1.184468,-0.192423
26-Jan-2025 14:23:33.910,0.361632,1.471574,-0.213192
26-Jan-2025 14:23:33.926,0.335365,1.611462,-0.211359
26-Jan-2025 14:23:33.942,0.327424,1.494787,-0.213192
26-Jan-2025 14:23:33.958,0.338419,1.268767,-0.189979
26-Jan-2025 14:23:33.975,0.307265,1.233337,-0.14844
26-Jan-2025 14:23:33.991,0.207083,1.453859,-0.196699
26-Jan-2025 14:23:34.007,0.096517,1.674993,-0.292604
26-Jan-2025 14:23:34.023,0.007941,1.813048,-0.368963
26-Jan-2025 14:23:34.039,-0.0281,1.866804,-0.364687
26-Jan-2025 14:23:34.055,-0.095295,2.025629,-0.298713
26-Jan-2025 14:23:34.071,-0.159436,2.187508,-0.242514
26-Jan-2025 14:23:34.087,-0.259007,2.354886,-0.192423
26-Jan-2025 14:23:34.103,-0.299324,2.419637,-0.18387
26-Jan-2025 14:23:34.119,-0.235794,2.403144,-0.21869
26-Jan-2025 14:23:34.135,-0.133169,2.324953,-0.267559
26-Jan-2025 14:23:34.151,-0.112399,2.33656,-0.370795
26-Jan-2025 14:23:34.167,-0.20464,2.409863,-0.448375
26-Jan-2025 14:23:34.183,-0.288939,2.47095,-0.509462
26-Jan-2025 14:23:34.199,-0.270002,2.432465,-0.530842
26-Jan-2025 14:23:34.215,-0.201586,2.342668,-0.496023
26-Jan-2025 14:23:34.231,-0.098349,2.303573,-0.444099
26-Jan-2025 14:23:34.247,-0.012828,2.437352,-0.427606
26-Jan-2025 14:23:34.264,0.008552,2.425135,-0.429438
26-Jan-2025 14:23:34.280,0.010385,2.251649,-0.453873
26-Jan-2025 14:23:34.296,0.136223,2.090992,-0.516181
26-Jan-2025 14:23:34.312,0.208916,2.032349,-0.539394
26-Jan-2025 14:23:34.328,0.263283,2.041512,-0.548557
26-Jan-2025 14:23:34.344,0.279776,2.058005,-0.555277
26-Jan-2025 14:23:34.360,0.264505,2.087937,-0.561385
26-Jan-2025 14:23:34.376,0.199142,2.119092,-0.587041
26-Jan-2025 14:23:34.392,0.095906,1.983479,-0.564439
26-Jan-2025 14:23:34.408,-0.076969,1.846035,-0.492357
26-Jan-2025 14:23:34.424,-0.160658,1.879632,-0.473421
26-Jan-2025 14:23:34.440,-0.181427,2.023797,-0.496023
26-Jan-2025 14:23:34.456,-0.200975,2.150246,-0.500299
26-Jan-2025 14:23:34.472,-0.265116,2.26631,-0.463647
26-Jan-2025 14:23:34.488,-0.330478,2.292577,-0.412945
26-Jan-2025 14:23:34.504,-0.436769,2.316401,-0.34575
26-Jan-2025 14:23:34.520,-0.508851,2.293188,-0.276111
26-Jan-2025 14:23:34.536,-0.585209,2.300519,-0.194866
26-Jan-2025 14:23:34.552,-0.675617,2.325564,-0.083689
26-Jan-2025 14:23:34.569,-0.720821,2.353053,-0.007941
26-Jan-2025 14:23:34.585,-0.703717,2.354275,0.072082
26-Jan-2025 14:23:34.601,-0.62858,2.311514,0.110567
26-Jan-2025 14:23:34.617,-0.482584,2.224771,0.123395
26-Jan-2025 14:23:34.633,-0.378126,2.169793,0.104458
26-Jan-2025 14:23:34.649,-0.298713,2.089159,0.097738
26-Jan-2025 14:23:34.665,-0.300546,2.065336,0.130725
26-Jan-2025 14:23:34.681,-0.347582,2.064114,0.173486
26-Jan-2025 14:23:34.697,-0.326202,2.001194,0.174707
26-Jan-2025 14:23:34.713,-0.242514,1.921782,0.151495
26-Jan-2025 14:23:34.729,-0.137445,1.837483,0.089797
26-Jan-2025 14:23:34.745,-0.125227,1.796555,0.059865
26-Jan-2025 14:23:34.761,-0.174097,1.833207,0.062308
26-Jan-2025 14:23:34.777,-0.222966,1.862528,0.076969
26-Jan-2025 14:23:34.793,-0.290161,1.897347,0.07758
26-Jan-2025 14:23:34.809,-0.304211,1.900402,0.094073
26-Jan-2025 14:23:34.825,-0.248011,1.839315,0.143553
26-Jan-2025 14:23:34.841,-0.201586,1.806939,0.187536
26-Jan-2025 14:23:34.858,-0.153327,1.830152,0.229074
26-Jan-2025 14:23:34.874,-0.059254,1.931556,0.26145
26-Jan-2025 14:23:34.890,0.004887,1.831985,0.265726
26-Jan-2025 14:23:34.906,0.091019,1.626734,0.242514
26-Jan-2025 14:23:34.922,0.136223,1.606576,0.202807
26-Jan-2025 14:23:34.938,0.090408,1.661554,0.15516
26-Jan-2025 14:23:34.954,0.053145,1.579697,0.165544
26-Jan-2025 14:23:34.970,0.060476,1.41171,0.180816
26-Jan-2025 14:23:34.986,0.052534,1.356121,0.174707
26-Jan-2025 14:23:35.002,0.040317,1.347569,0.178984
26-Jan-2025 14:23:35.018,0.039706,1.321302,0.186925
26-Jan-2025 14:23:35.034,0.055589,1.26388,0.158825
26-Jan-2025 14:23:35.050,0.109345,1.16492,0.095295
26-Jan-2025 14:23:35.066,0.149051,1.069014,0.051313
26-Jan-2025 14:23:35.082,0.133169,1.072679,0.0281
26-Jan-2025 14:23:35.098,0.065973,1.092227,0.026878
26-Jan-2025 14:23:35.114,-0.067195,0.991434,0.028711
26-Jan-2025 14:23:35.130,-0.182038,0.881479,0.045815
26-Jan-2025 14:23:35.147,-0.309709,0.758695,0.053145
26-Jan-2025 14:23:35.163,-0.350026,0.718988,0.034819
26-Jan-2025 14:23:35.179,-0.384845,0.64263,-0.00733
26-Jan-2025 14:23:35.195,-0.452651,0.540616,-0.071471
26-Jan-2025 14:23:35.211,-0.460592,0.418443,-0.122173
26-Jan-2025 14:23:35.227,-0.444099,0.288328,-0.145386
26-Jan-2025 14:23:35.243,-0.381791,0.302989,-0.136834
26-Jan-2025 14:23:35.259,-0.205862,0.321926,-0.078802
26-Jan-2025 14:23:35.275,-0.061697,0.286496,-0.039095
26-Jan-2025 14:23:35.291,0.16249,0.259007,-0.001222
26-Jan-2025 14:23:35.307,0.287107,0.216857,0.027489
26-Jan-2025 14:23:35.323,0.328035,0.010385,0.050091
26-Jan-2025 14:23:35.339,0.281609,-0.161268,0.066584
26-Jan-2025 14:23:35.355,0.175929,-0.249233,0.062919
26-Jan-2025 14:23:35.371,-0.025656,-0.264505,0.018937
26-Jan-2025 14:23:35.387,-0.161879,-0.232129,-0.001833
26-Jan-2025 14:23:35.403,-0.276111,-0.167377,-0.002443
26-Jan-2025 14:23:35.420,-0.302989,-0.140499,-0.003665
26-Jan-2025 14:23:35.435,-0.285274,-0.142332,-0.017715
26-Jan-2025 14:23:35.452,-0.254731,-0.135001,-0.045815
26-Jan-2025 14:23:35.468,-0.251066,-0.106291,-0.127671
26-Jan-2025 14:23:35.484,-0.209527,-0.150884,-0.19792
26-Jan-2025 14:23:35.500,-0.101404,-0.287718,-0.243735
26-Jan-2025 14:23:35.516,-0.061697,-0.355524,-0.233961
26-Jan-2025 14:23:35.532,-0.023824,-0.321926,-0.178984
26-Jan-2025 14:23:35.548,-0.009163,-0.244346,-0.088575
26-Jan-2025 14:23:35.564,-0.053145,-0.285274,-0.062919
26-Jan-2025 14:23:35.580,0.001833,-0.335976,-0.086132
26-Jan-2025 14:23:35.596,0.106901,-0.293215,-0.121562
26-Jan-2025 14:23:35.612,0.222966,-0.274889,-0.152105
26-Jan-2025 14:23:35.628,0.252287,-0.281609,-0.17654
26-Jan-2025 14:23:35.644,0.210749,-0.311541,-0.234572
26-Jan-2025 14:23:35.660,0.160047,-0.324369,-0.287718
26-Jan-2025 14:23:35.676,0.149051,-0.314596,-0.333532
26-Jan-2025 14:23:35.692,0.233961,-0.328035,-0.370795
26-Jan-2025 14:23:35.708,0.365908,-0.391565,-0.356134
26-Jan-2025 14:23:35.724,0.582765,-0.469755,-0.305433
26-Jan-2025 14:23:35.741,0.665232,-0.467312,-0.224188
26-Jan-2025 14:23:35.757,0.716545,-0.400728,-0.075136
26-Jan-2025 14:23:35.773,0.753197,-0.460592,-0.033598
26-Jan-2025 14:23:35.789,0.736704,-0.531453,0.007941
26-Jan-2025 14:23:35.805,0.636522,-0.497855,0.051924
26-Jan-2025 14:23:35.821,0.441656,-0.3598,0.098349
26-Jan-2025 14:23:35.837,0.315206,-0.26817,0.127671
26-Jan-2025 14:23:35.853,0.200975,-0.226631,0.140499
26-Jan-2025 14:23:35.869,0.102014,-0.253509,0.146608
26-Jan-2025 14:23:35.885,0.074526,-0.387289,0.15516
26-Jan-2025 14:23:35.901,0.073915,-0.532064,0.19792
26-Jan-2025 14:23:35.917,0.095295,-0.52229,0.243124
26-Jan-2025 14:23:35.933,0.086743,-0.513127,0.284052
26-Jan-2025 14:23:35.949,0.067195,-0.540616,0.298713
26-Jan-2025 14:23:35.965,0.021991,-0.629802,0.315817
26-Jan-2025 14:23:35.981,-0.048258,-0.726319,0.340252
26-Jan-2025 14:23:35.997,-0.154549,-0.848492,0.361632
26-Jan-2025 14:23:36.013,-0.285274,-1.026865,0.386678
26-Jan-2025 14:23:36.030,-0.364687,-1.142929,0.392786
26-Jan-2025 14:23:36.046,-0.372628,-1.321912,0.332922
26-Jan-2025 14:23:36.062,-0.320093,-1.429425,0.236405
26-Jan-2025 14:23:36.078,-0.226631,-1.561982,0.139277
26-Jan-2025 14:23:36.094,-0.199753,-1.592526,0.128893
26-Jan-2025 14:23:36.109,-0.237627,-1.586417,0.167377
26-Jan-2025 14:23:36.126,-0.282831,-1.596191,0.216857
26-Jan-2025 14:23:36.142,-0.327424,-1.632843,0.2474
26-Jan-2025 14:23:36.158,-0.328035,-1.685988,0.22602
26-Jan-2025 14:23:36.174,-0.331089,-1.746464,0.180205
26-Jan-2025 14:23:36.190,-0.313985,-1.806939,0.096517
26-Jan-2025 14:23:36.206,-0.205251,-1.802052,0.040928
26-Jan-2025 14:23:36.222,-0.109345,-2.026851,0.017104
26-Jan-2025 14:23:36.238,-0.092241,-2.122757,0.050091
26-Jan-2025 14:23:36.254,-0.05681,-2.13192,0.086132
26-Jan-2025 14:23:36.270,-0.04215,-2.043955,0.108123
26-Jan-2025 14:23:36.286,-0.045815,-1.888795,0.144775
26-Jan-2025 14:23:36.302,-0.0281,-1.843591,0.189368
26-Jan-2025 14:23:36.318,-0.028711,-1.861917,0.26145
26-Jan-2025 14:23:36.335,-0.014661,-1.860085,0.29627
26-Jan-2025 14:23:36.351,0.067806,-1.818546,0.2755
26-Jan-2025 14:23:36.367,0.219911,-1.937665,0.224798
26-Jan-2025 14:23:36.383,0.255953,-1.973706,0.189979
26-Jan-2025 14:23:36.399,0.165544,-1.874745,0.153938
26-Jan-2025 14:23:36.415,-0.02138,-1.858252,0.174707
26-Jan-2025 14:23:36.430,-0.274889,-1.805718,0.241292
26-Jan-2025 14:23:36.447,-0.375071,-1.641395,0.251066
26-Jan-2025 14:23:36.463,-0.455705,-1.497842,0.185703
26-Jan-2025 14:23:36.479,-0.433103,-1.538159,0.115454
26-Jan-2025 14:23:36.495,-0.309709,-1.588861,0.027489
26-Jan-2025 14:23:36.511,-0.15516,-1.758681,-0.087965
26-Jan-2025 14:23:36.527,-0.058032,-1.879632,-0.126449
26-Jan-2025 14:23:36.543,0.018326,-1.798387,-0.151495
26-Jan-2025 14:23:36.559,-0.025656,-1.654834,-0.161879
26-Jan-2025 14:23:36.575,-0.092852,-1.492344,-0.092241
26-Jan-2025 14:23:36.591,-0.095295,-1.45447,0.00733
26-Jan-2025 14:23:36.607,-0.098349,-1.445918,0.080023
26-Jan-2025 14:23:36.624,-0.119119,-1.359175,0.0281
26-Jan-2025 14:23:36.640,-0.158825,-1.196074,-0.106901
26-Jan-2025 14:23:36.656,-0.178984,-1.148427,-0.189979
26-Jan-2025 14:23:36.672,-0.182649,-1.130101,-0.248011
26-Jan-2025 14:23:36.688,-0.160047,-1.100779,-0.263894
26-Jan-2025 14:23:36.704,-0.097128,-1.059851,-0.234572
26-Jan-2025 14:23:36.720,0.032987,-0.95295,-0.174707
26-Jan-2025 14:23:36.736,0.122173,-0.848492,-0.141721
26-Jan-2025 14:23:36.751,0.152716,-0.676839,-0.122784
26-Jan-2025 14:23:36.768,0.127671,-0.59315,-0.118508
26-Jan-2025 14:23:36.784,0.062919,-0.510072,-0.119119
26-Jan-2025 14:23:36.800,0.02138,-0.430049,-0.12034
26-Jan-2025 14:23:36.816,0.018326,-0.21197,-0.12034
26-Jan-2025 14:23:36.832,0.016493,-0.122173,-0.11973
26-Jan-2025 14:23:36.848,-0.015272,-0.129503,-0.114232
26-Jan-2025 14:23:36.864,0.071471,-0.071471,-0.147219
26-Jan-2025 14:23:36.880,0.089797,0.011606,-0.164323
26-Jan-2025 14:23:36.896,0.133779,0.11973,-0.16249
26-Jan-2025 14:23:36.912,0.232129,0.153327,-0.193033
26-Jan-2025 14:23:36.927,0.26817,0.263283,-0.265116
26-Jan-2025 14:23:36.945,0.214414,0.43066,-0.262672
26-Jan-2025 14:23:36.961,0.296881,0.619417,-0.257785
26-Jan-2025 14:23:36.977,0.44471,0.59315,-0.279776
26-Jan-2025 14:23:36.993,0.524122,0.473421,-0.291383
26-Jan-2025 14:23:37.009,0.50824,0.546114,-0.282831
26-Jan-2025 14:23:37.025,0.538172,0.717156,-0.314596
26-Jan-2025 14:23:37.041,0.637743,0.914465,-0.38851
26-Jan-2025 14:23:37.057,0.710436,1.023199,-0.408058
26-Jan-2025 14:23:37.073,0.762971,1.153314,-0.43799
26-Jan-2025 14:23:37.089,0.721432,1.124603,-0.426384
26-Jan-2025 14:23:37.105,0.456316,0.979828,-0.279165
26-Jan-2025 14:23:37.121,0.22602,0.893696,-0.156382
26-Jan-2025 14:23:37.137,0.076969,1.010371,-0.010996
26-Jan-2025 14:23:37.153,0.004276,1.175916,0.053145
26-Jan-2025 14:23:37.169,-0.118508,1.238224,0.050702
26-Jan-2025 14:23:37.185,-0.256563,1.352456,-0.027489
26-Jan-2025 14:23:37.201,-0.313374,1.480127,-0.055589
26-Jan-2025 14:23:37.217,-0.406225,1.519833,0.012828
26-Jan-2025 14:23:37.234,-0.502131,1.527774,0.098349
26-Jan-2025 14:23:37.250,-0.611476,1.536937,0.221133
26-Jan-2025 14:23:37.266,-0.623083,1.534493,0.3036
26-Jan-2025 14:23:37.282,-0.629802,1.485013,0.376293
26-Jan-2025 14:23:37.298,-0.635911,1.414153,0.422108
26-Jan-2025 14:23:37.314,-0.558331,1.343293,0.444099
26-Jan-2025 14:23:37.330,-0.411112,1.290758,0.436158
26-Jan-2025 14:23:37.346,-0.225409,1.230283,0.431882
26-Jan-2025 14:23:37.362,-0.048869,1.128268,0.447764
26-Jan-2025 14:23:37.378,-0.015272,1.085508,0.483805
26-Jan-2025 14:23:37.394,-0.043371,1.014647,0.527788
26-Jan-2025 14:23:37.410,-0.054978,1.022588,0.513738
26-Jan-2025 14:23:37.426,-0.083689,0.980439,0.469755
26-Jan-2025 14:23:37.442,-0.107512,0.883922,0.450819
26-Jan-2025 14:23:37.458,0.003665,0.778242,0.393397
26-Jan-2025 14:23:37.474,0.097738,0.695776,0.334143
26-Jan-2025 14:23:37.490,0.16249,0.62858,0.288939
26-Jan-2025 14:23:37.506,0.205251,0.53634,0.265116
26-Jan-2025 14:23:37.522,0.19059,0.511905,0.25412
26-Jan-2025 14:23:37.538,0.131947,0.513738,0.263894
26-Jan-2025 14:23:37.555,0.142942,0.480751,0.280387
26-Jan-2025 14:23:37.571,0.240681,0.420886,0.278555
26-Jan-2025 14:23:37.587,0.309098,0.413556,0.285274
26-Jan-2025 14:23:37.603,0.297491,0.582155,0.367741
26-Jan-2025 14:23:37.619,0.294437,0.753197,0.409891
26-Jan-2025 14:23:37.635,0.224798,0.756862,0.363465
26-Jan-2025 14:23:37.651,0.067195,0.617585,0.302989
26-Jan-2025 14:23:37.667,-0.102625,0.504575,0.226631
26-Jan-2025 14:23:37.683,-0.262672,0.429438,0.141721
26-Jan-2025 14:23:37.699,-0.274889,0.448375,0.09896
26-Jan-2025 14:23:37.715,-0.180816,0.485638,0.025045
26-Jan-2025 14:23:37.731,-0.0562,0.5791,-0.065973
26-Jan-2025 14:23:37.747,0.19059,0.687834,-0.189979
26-Jan-2025 14:23:37.763,0.346361,0.751364,-0.226631
26-Jan-2025 14:23:37.779,0.476475,0.855822,-0.191812
26-Jan-2025 14:23:37.795,0.475864,0.876592,-0.156382
26-Jan-2025 14:23:37.811,0.38118,0.836275,-0.12034
26-Jan-2025 14:23:37.827,0.296881,0.872316,-0.117897
26-Jan-2025 14:23:37.843,0.277944,0.936456,-0.169821
26-Jan-2025 14:23:37.860,0.216857,0.965778,-0.291994
26-Jan-2025 14:23:37.876,0.156382,0.993878,-0.387899
26-Jan-2025 14:23:37.892,0.027489,1.166142,-0.463647
26-Jan-2025 14:23:37.908,-0.043982,1.303586,-0.441045
26-Jan-2025 14:23:37.924,-0.022602,1.407434,-0.365908
26-Jan-2025 14:23:37.940,0.040928,1.465466,-0.334754
26-Jan-2025 14:23:37.956,0.106291,1.515557,-0.357356
26-Jan-2025 14:23:37.972,0.135001,1.487457,-0.389121
26-Jan-2025 14:23:37.988,0.101404,1.452638,-0.413556
26-Jan-2025 14:23:38.004,0.039706,1.421483,-0.450819
26-Jan-2025 14:23:38.020,-0.010385,1.422705,-0.463036
26-Jan-2025 14:23:38.036,-0.040317,1.452638,-0.44471
26-Jan-2025 14:23:38.052,-0.032376,1.498452,-0.414777
26-Jan-2025 14:23:38.068,-0.009163,1.589471,-0.376293
26-Jan-2025 14:23:38.084,0.041539,1.638341,-0.356745
26-Jan-2025 14:23:38.100,0.128893,1.640173,-0.356134
26-Jan-2025 14:23:38.116,0.144164,1.590693,-0.362854
26-Jan-2025 14:23:38.132,0.111788,1.541824,-0.367741
26-Jan-2025 14:23:38.149,0.081856,1.493566,-0.405004
26-Jan-2025 14:23:38.165,0.059865,1.421483,-0.434936
26-Jan-2025 14:23:38.181,-0.044593,1.321912,-0.435547
26-Jan-2025 14:23:38.197,-0.184481,1.326799,-0.406836
26-Jan-2025 14:23:38.213,-0.334754,1.390329,-0.382402
26-Jan-2025 14:23:38.229,-0.370795,1.436755,-0.391565
26-Jan-2025 14:23:38.245,-0.215025,1.568091,-0.415388
26-Jan-2025 14:23:38.261,0.043371,1.681101,-0.430049
26-Jan-2025 14:23:38.277,0.213192,1.58825,-0.384234
26-Jan-2025 14:23:38.293,0.210138,1.58825,-0.313374
26-Jan-2025 14:23:38.309,0.202196,1.647504,-0.26145
26-Jan-2025 14:23:38.325,0.164323,1.641395,-0.191201
26-Jan-2025 14:23:38.341,0.06353,1.522276,-0.145997
26-Jan-2025 14:23:38.357,-0.018937,1.533272,-0.156992
26-Jan-2025 14:23:38.373,-0.073304,1.683545,-0.189979
26-Jan-2025 14:23:38.389,-0.209527,1.949271,-0.192423
26-Jan-2025 14:23:38.405,-0.238848,2.116648,-0.129503
26-Jan-2025 14:23:38.421,-0.137445,2.225993,0.013439
26-Jan-2025 14:23:38.438,-0.047647,2.1533,0.135001
26-Jan-2025 14:23:38.454,-0.018937,1.935221,0.223577
26-Jan-2025 14:23:38.470,-0.092241,1.965153,0.210749
26-Jan-2025 14:23:38.486,-0.135612,2.074498,0.174707
26-Jan-2025 14:23:38.502,-0.124617,2.091603,0.094684
26-Jan-2025 14:23:38.518,-0.139888,2.006692,0.074526
26-Jan-2025 14:23:38.534,-0.22602,1.860695,0.189368
26-Jan-2025 14:23:38.550,-0.324369,1.829541,0.288328
26-Jan-2025 14:23:38.566,-0.430049,1.825265,0.353691
26-Jan-2025 14:23:38.582,-0.454484,1.845424,0.354302
26-Jan-2025 14:23:38.598,-0.410501,1.811215,0.301767
26-Jan-2025 14:23:38.614,-0.344528,1.770288,0.229685
26-Jan-2025 14:23:38.630,-0.284663,1.656056,0.150884
26-Jan-2025 14:23:38.646,-0.309098,1.555263,0.149051
26-Jan-2025 14:23:38.662,-0.364076,1.485624,0.178984
26-Jan-2025 14:23:38.678,-0.384234,1.415375,0.206472
26-Jan-2025 14:23:38.694,-0.364687,1.365895,0.200364
26-Jan-2025 14:23:38.710,-0.31032,1.195463,0.182649
26-Jan-2025 14:23:38.726,-0.264505,1.058019,0.164323
26-Jan-2025 14:23:38.742,-0.184481,0.966389,0.139277
26-Jan-2025 14:23:38.759,-0.125838,0.911411,0.112399
26-Jan-2025 14:23:38.775,-0.058032,0.770301,0.082467
26-Jan-2025 14:23:38.791,0.01405,0.61453,0.078191
26-Jan-2025 14:23:38.807,0.128893,0.430049,0.083689
26-Jan-2025 14:23:38.823,0.220522,0.224798,0.137445
26-Jan-2025 14:23:38.839,0.254731,0.156382,0.186925
26-Jan-2025 14:23:38.855,0.346971,0.25412,0.230907
26-Jan-2025 14:23:38.871,0.434325,0.293215,0.255342
26-Jan-2025 14:23:38.887,0.405615,0.185092,0.263894
26-Jan-2025 14:23:38.903,0.276722,0.154549,0.255953
26-Jan-2025 14:23:38.919,0.001222,0.08491,0.206472
26-Jan-2025 14:23:38.935,-0.215025,-0.025045,0.174707
26-Jan-2025 14:23:38.951,-0.405004,-0.154549,0.083078
26-Jan-2025 14:23:38.967,-0.433103,-0.227853,-0.012217
26-Jan-2025 14:23:38.983,-0.359189,-0.207694,-0.111788
26-Jan-2025 14:23:38.999,-0.107512,-0.015272,-0.235183
26-Jan-2025 14:23:39.015,0.092241,0.095295,-0.28955
26-Jan-2025 14:23:39.032,0.280998,0.147219,-0.271224
26-Jan-2025 14:23:39.047,0.419054,0.104458,-0.243735
26-Jan-2025 14:23:39.064,0.478307,-0.051313,-0.229685
26-Jan-2025 14:23:39.080,0.365297,-0.201586,-0.193644
26-Jan-2025 14:23:39.096,0.156992,-0.202807,-0.081856
26-Jan-2025 14:23:39.112,0.019548,-0.065363,-0.038485
26-Jan-2025 14:23:39.128,-0.108734,0.044593,-0.093462
26-Jan-2025 14:23:39.144,-0.160047,0.103236,-0.221133
26-Jan-2025 14:23:39.160,-0.139277,0.15516,-0.297491
26-Jan-2025 14:23:39.176,-0.140499,0.277333,-0.319483
26-Jan-2025 14:23:39.192,-0.117897,0.415999,-0.285885
26-Jan-2025 14:23:39.208,-0.073915,0.400117,-0.208916
26-Jan-2025 14:23:39.224,-0.025656,0.246179,-0.180816
26-Jan-2025 14:23:39.240,0.076358,0.11301,-0.202196
26-Jan-2025 14:23:39.256,0.100182,0.104458,-0.233961
26-Jan-2025 14:23:39.272,0.045204,0.09163,-0.263283
26-Jan-2025 14:23:39.288,-0.027489,0.083078,-0.259618
26-Jan-2025 14:23:39.304,-0.07758,0.07086,-0.248011
26-Jan-2025 14:23:39.321,-0.075136,0.07086,-0.245568
26-Jan-2025 14:23:39.336,-0.050091,0.111177,-0.237016
26-Jan-2025 14:23:39.353,-0.013439,0.175318,-0.207694
26-Jan-2025 14:23:39.369,0.016493,0.167377,-0.17654
26-Jan-2025 14:23:39.385,0.046426,0.097738,-0.146608
26-Jan-2025 14:23:39.401,0.054367,0.038485,-0.139888
26-Jan-2025 14:23:39.417,0.030543,-0.061697,-0.18387
26-Jan-2025 14:23:39.433,-0.024435,-0.118508,-0.241903
26-Jan-2025 14:23:39.449,-0.080023,-0.138056,-0.284663
26-Jan-2025 14:23:39.465,-0.059865,-0.152716,-0.306043
26-Jan-2025 14:23:39.481,0.152716,0.029932,-0.351248
26-Jan-2025 14:23:39.497,0.455705,0.003665,-0.415388
26-Jan-2025 14:23:39.513,0.369573,-0.244346,-0.378126
26-Jan-2025 14:23:39.529,0.172264,-0.198531,-0.189979
26-Jan-2025 14:23:39.545,0.082467,-0.150273,-0.026267
26-Jan-2025 14:23:39.561,0.003665,-0.191812,0.065363
26-Jan-2025 14:23:39.577,-0.036652,-0.128282,0.07758
26-Jan-2025 14:23:39.593,-0.00672,0.189368,0.116064
26-Jan-2025 14:23:39.609,0.086743,0.455095,0.191201
26-Jan-2025 14:23:39.625,0.18326,0.45204,0.288939
26-Jan-2025 14:23:39.642,0.233961,0.037874,0.365297
26-Jan-2025 14:23:39.658,0.268781,-0.194255,0.383013
26-Jan-2025 14:23:39.674,0.304822,-0.244957,0.419054
26-Jan-2025 14:23:39.690,0.237627,-0.205251,0.438601
26-Jan-2025 14:23:39.706,0.05681,-0.120951,0.436158
26-Jan-2025 14:23:39.722,-0.095295,-0.054978,0.426995
26-Jan-2025 14:23:39.738,-0.239459,0.018937,0.412334
26-Jan-2025 14:23:39.754,-0.256563,0.040317,0.409891
26-Jan-2025 14:23:39.770,-0.175929,-0.053756,0.419054
26-Jan-2025 14:23:39.786,-0.092241,-0.203418,0.425162
26-Jan-2025 14:23:39.802,0.004887,-0.342085,0.396452
26-Jan-2025 14:23:39.818,0.117897,-0.457538,0.249233
26-Jan-2025 14:23:39.834,0.160658,-0.546114,0.11301
26-Jan-2025 14:23:39.850,0.166155,-0.660345,-0.004887
26-Jan-2025 14:23:39.866,0.086743,-0.662789,-0.015882
26-Jan-2025 14:23:39.882,-0.067195,-0.613309,0.073304
26-Jan-2025 14:23:39.898,-0.17654,-0.552833,0.153938
26-Jan-2025 14:23:39.915,-0.269392,-0.530231,0.212581
26-Jan-2025 14:23:39.930,-0.269392,-0.575435,0.216246
26-Jan-2025 14:23:39.947,-0.208916,-0.671341,0.140499
26-Jan-2025 14:23:39.963,-0.175318,-0.764192,0.054367
26-Jan-2025 14:23:39.979,-0.135001,-0.879646,-0.006109
26-Jan-2025 14:23:39.995,-0.060476,-0.974941,-0.038485
26-Jan-2025 14:23:40.011,0.025045,-1.00976,-0.025045
26-Jan-2025 14:23:40.027,0.100793,-1.051299,0.076358
26-Jan-2025 14:23:40.043,0.081856,-1.067182,0.18326
26-Jan-2025 14:23:40.059,0.036041,-1.00976,0.308487
26-Jan-2025 14:23:40.075,-0.009163,-1.17225,0.356134
26-Jan-2025 14:23:40.091,0.023824,-1.442864,0.332922
26-Jan-2025 14:23:40.107,0.095295,-1.513113,0.281609
26-Jan-2025 14:23:40.123,0.133169,-1.532661,0.234572
26-Jan-2025 14:23:40.139,0.209527,-1.527774,0.151495
26-Jan-2025 14:23:40.155,0.244346,-1.563815,0.144164
26-Jan-2025 14:23:40.171,0.004276,-1.811826,0.142332
26-Jan-2025 14:23:40.187,-0.345139,-1.943162,0.159436
26-Jan-2025 14:23:40.204,-0.611476,-1.932167,0.119119
26-Jan-2025 14:23:40.219,-0.604146,-1.92728,-0.008552
26-Jan-2025 14:23:40.236,-0.273057,-1.959045,-0.258396
26-Jan-2025 14:23:40.252,0.050091,-1.977982,-0.41661
26-Jan-2025 14:23:40.268,0.25412,-1.860085,-0.470366
26-Jan-2025 14:23:40.284,0.270613,-1.752572,-0.414167
26-Jan-2025 14:23:40.300,0.266337,-1.717753,-0.344528
26-Jan-2025 14:23:40.316,0.270613,-1.784337,-0.208916
26-Jan-2025 14:23:40.332,0.265116,-1.86375,-0.073304
26-Jan-2025 14:23:40.348,0.170431,-1.802663,0.040928
26-Jan-2025 14:23:40.364,0.0281,-1.625512,-0.016493
26-Jan-2025 14:23:40.380,-0.192423,-1.433701,-0.171653
26-Jan-2025 14:23:40.396,-0.284052,-1.32741,-0.279776
26-Jan-2025 14:23:40.412,-0.319483,-1.202183,-0.378736
26-Jan-2025 14:23:40.428,-0.31765,-1.140485,-0.428217
26-Jan-2025 14:23:40.444,-0.321926,-1.009149,-0.486249
26-Jan-2025 14:23:40.460,-0.321315,-0.918741,-0.516181
26-Jan-2025 14:23:40.476,-0.328645,-0.860709,-0.519235
26-Jan-2025 14:23:40.492,-0.330478,-0.826501,-0.461814
26-Jan-2025 14:23:40.509,-0.29627,-0.802066,-0.387289
26-Jan-2025 14:23:40.525,-0.177151,-0.786794,-0.333532
26-Jan-2025 14:23:40.541,-0.054978,-0.772134,-0.31765
26-Jan-2025 14:23:40.557,0.098349,-0.738536,-0.288939
26-Jan-2025 14:23:40.573,0.163101,-0.701884,-0.245568
26-Jan-2025 14:23:40.589,0.158825,-0.630413,-0.206472
26-Jan-2025 14:23:40.605,0.124006,-0.590707,-0.206472
26-Jan-2025 14:23:40.621,0.116064,-0.583376,-0.237016
26-Jan-2025 14:23:40.637,0.169821,-0.621861,-0.334754
26-Jan-2025 14:23:40.653,0.192423,-0.684169,-0.428217
26-Jan-2025 14:23:40.669,0.122173,-0.726319,-0.490525
26-Jan-2025 14:23:40.685,0.130725,-0.682947,-0.499077
26-Jan-2025 14:23:40.701,0.432493,-0.519846,-0.504575
26-Jan-2025 14:23:40.717,0.521068,-0.6072,-0.418443
26-Jan-2025 14:23:40.733,0.325591,-0.67745,-0.200975
26-Jan-2025 14:23:40.749,0.218079,-0.558331,-0.136834
26-Jan-2025 14:23:40.765,0.136223,-0.583376,-0.156992
26-Jan-2025 14:23:40.781,0.116064,-0.626137,-0.152105
26-Jan-2025 14:23:40.798,0.146608,-0.516181,-0.112399
26-Jan-2025 14:23:40.814,0.133779,-0.339641,-0.037874
26-Jan-2025 14:23:40.830,0.146608,-0.301767,0.054978
26-Jan-2025 14:23:40.846,0.243124,-0.365297,0.204029
26-Jan-2025 14:23:40.862,0.285274,-0.553444,0.277944
26-Jan-2025 14:23:40.878,0.233961,-0.878424,0.334143
26-Jan-2025 14:23:40.894,0.24007,-0.980439,0.356745
26-Jan-2025 14:23:40.910,0.218079,-0.938289,0.36713
26-Jan-2025 14:23:40.926,0.136834,-0.860098,0.366519
26-Jan-2025 14:23:40.942,0.009163,-0.783129,0.329867
26-Jan-2025 14:23:40.958,-0.031154,-0.822836,0.317039
26-Jan-2025 14:23:40.974,-0.015272,-0.960891,0.337198
26-Jan-2025 14:23:40.990,0.058643,-1.193631,0.36041
26-Jan-2025 14:23:41.006,0.092241,-1.31336,0.350637
26-Jan-2025 14:23:41.022,0.108123,-1.359175,0.3036
26-Jan-2025 14:23:41.038,0.089186,-1.326188,0.245568
26-Jan-2025 14:23:41.054,0.089186,-1.298089,0.163712
26-Jan-2025 14:23:41.070,0.111788,-1.314582,0.124006
26-Jan-2025 14:23:41.087,0.096517,-1.304197,0.144164
26-Jan-2025 14:23:41.102,0.033598,-1.241889,0.199753
26-Jan-2025 14:23:41.119,-0.050702,-1.158201,0.266948
26-Jan-2025 14:23:41.135,-0.139277,-1.102001,0.313985
26-Jan-2025 14:23:41.151,-0.135612,-1.047023,0.281609
26-Jan-2025 14:23:41.167,-0.132558,-1.045801,0.189979
26-Jan-2025 14:23:41.183,-0.143553,-1.072068,0.118508
26-Jan-2025 14:23:41.199,-0.125227,-1.078177,0.06353
26-Jan-2025 14:23:41.215,-0.095295,-1.045801,0.084299
26-Jan-2025 14:23:41.231,-0.034208,-0.956615,0.152105
26-Jan-2025 14:23:41.247,-0.02138,-0.861931,0.210749
26-Jan-2025 14:23:41.263,-0.031765,-0.79779,0.290772
26-Jan-2025 14:23:41.279,-0.033598,-0.830166,0.343306
26-Jan-2025 14:23:41.295,-0.050702,-0.86865,0.37446
26-Jan-2025 14:23:41.311,-0.078802,-0.930348,0.382402
26-Jan-2025 14:23:41.327,-0.06353,-0.957226,0.357356
26-Jan-2025 14:23:41.343,0.040317,-0.965167,0.315817
26-Jan-2025 14:23:41.359,0.147829,-0.936456,0.301157
26-Jan-2025 14:23:41.375,0.14111,-0.948063,0.335365
26-Jan-2025 14:23:41.391,0.052534,-0.965778,0.370184
26-Jan-2025 14:23:41.408,-0.09896,-1.026254,0.365297
26-Jan-2025 14:23:41.424,-0.260839,-1.216233,0.375071
26-Jan-2025 14:23:41.440,-0.533896,-1.452027,0.378126
26-Jan-2025 14:23:41.456,-0.726319,-1.521665,0.313985
26-Jan-2025 14:23:41.472,-0.802066,-1.521055,0.217468
26-Jan-2025 14:23:41.488,-0.620639,-1.470963,0.040928
26-Jan-2025 14:23:41.504,-0.342695,-1.462411,-0.083689
26-Jan-2025 14:23:41.520,0.004887,-1.409266,-0.164934
26-Jan-2025 14:23:41.536,0.191812,-1.34879,-0.153938
26-Jan-2025 14:23:41.552,0.236405,-1.339017,-0.078802
26-Jan-2025 14:23:41.568,0.075136,-1.425759,0.010385
26-Jan-2025 14:23:41.584,-0.166766,-1.458135,0.171653
26-Jan-2025 14:23:41.600,-0.242514,-1.444085,0.222966
26-Jan-2025 14:23:41.616,-0.270613,-1.384221,0.172264
26-Jan-2025 14:23:41.632,-0.305433,-1.266935,0.038485
26-Jan-2025 14:23:41.648,-0.343917,-1.246776,-0.062919
26-Jan-2025 14:23:41.664,-0.265726,-1.188133,-0.164323
26-Jan-2025 14:23:41.681,-0.185092,-1.074512,-0.21197
26-Jan-2025 14:23:41.697,-0.118508,-0.967611,-0.254731
26-Jan-2025 14:23:41.713,-0.07086,-0.969443,-0.284663
26-Jan-2025 14:23:41.729,0.012828,-1.04458,-0.312152
26-Jan-2025 14:23:41.745,0.071471,-1.116051,-0.329256
26-Jan-2025 14:23:41.761,0.080634,-1.079399,-0.332311
26-Jan-2025 14:23:41.777,0.054367,-0.965167,-0.301767
26-Jan-2025 14:23:41.793,0.031765,-0.859487,-0.282831
26-Jan-2025 14:23:41.809,0.012828,-0.753808,-0.304822
26-Jan-2025 14:23:41.825,0.014661,-0.699441,-0.318261
26-Jan-2025 14:23:41.841,0.004887,-0.643241,-0.321315
26-Jan-2025 14:23:41.857,0.023213,-0.636522,-0.332922
26-Jan-2025 14:23:41.873,0.034208,-0.62125,-0.393397
26-Jan-2025 14:23:41.889,0.034819,-0.601702,-0.440434
26-Jan-2025 14:23:41.905,0.033598,-0.609033,-0.485638
26-Jan-2025 14:23:41.921,0.07086,-0.572381,-0.514349
26-Jan-2025 14:23:41.937,0.208916,-0.560163,-0.545503
26-Jan-2025 14:23:41.954,0.389121,-0.524122,-0.578489
26-Jan-2025 14:23:41.970,0.690278,-0.369573,-0.598037
26-Jan-2025 14:23:41.986,0.778242,-0.426995,-0.460592
26-Jan-2025 14:23:42.002,0.493579,-0.632856,-0.185703
26-Jan-2025 14:23:42.018,0.198531,-0.654237,0.005498
26-Jan-2025 14:23:42.034,0.107512,-0.587652,-0.053756
26-Jan-2025 14:23:42.049,0.166766,-0.376293,-0.187536
26-Jan-2025 14:23:42.066,0.264505,-0.274278,-0.226631
26-Jan-2025 14:23:42.082,0.257174,-0.404393,-0.126449
26-Jan-2025 14:23:42.098,0.173486,-0.486249,0.013439
26-Jan-2025 14:23:42.114,0.099571,-0.522901,0.163712
26-Jan-2025 14:23:42.130,0.048258,-0.696386,0.336587
26-Jan-2025 14:23:42.146,0.040317,-0.8827,0.424551
26-Jan-2025 14:23:42.162,0.054978,-1.064738,0.518014
26-Jan-2025 14:23:42.178,0.024435,-1.031141,0.574824
26-Jan-2025 14:23:42.194,-0.0562,-0.956615,0.529009
26-Jan-2025 14:23:42.210,-0.097738,-1.05191,0.421497
26-Jan-2025 14:23:42.226,-0.086132,-1.296867,0.33903
26-Jan-2025 14:23:42.243,-0.061087,-1.444696,0.302378
26-Jan-2025 14:23:42.259,-0.045815,-1.593747,0.263894
26-Jan-2025 14:23:42.275,-0.037874,-1.661554,0.237627
26-Jan-2025 14:23:42.291,-0.020159,-1.692708,0.185092
26-Jan-2025 14:23:42.307,0.015272,-1.700649,0.107512
26-Jan-2025 14:23:42.323,0.021991,-1.67316,0.098349
26-Jan-2025 14:23:42.339,-0.072693,-1.558317,0.14844
26-Jan-2025 14:23:42.355,-0.197309,-1.462411,0.211359
26-Jan-2025 14:23:42.371,-0.379958,-1.333519,0.298102
26-Jan-2025 14:23:42.387,-0.42333,-1.303586,0.31032
26-Jan-2025 14:23:42.403,-0.350637,-1.381777,0.243735
26-Jan-2025 14:23:42.419,-0.241903,-1.597413,0.168599
26-Jan-2025 14:23:42.435,-0.02138,-1.743409,0.115454
26-Jan-2025 14:23:42.451,0.167988,-1.66583,0.118508
26-Jan-2025 14:23:42.467,0.278555,-1.550376,0.191812
26-Jan-2025 14:23:42.483,0.291383,-1.453248,0.31765
26-Jan-2025 14:23:42.499,0.24679,-1.445918,0.371406
26-Jan-2025 14:23:42.515,0.159436,-1.471574,0.350637
26-Jan-2025 14:23:42.532,0.111788,-1.436755,0.292604
26-Jan-2025 14:23:42.548,0.136223,-1.364062,0.21869
26-Jan-2025 14:23:42.564,0.258396,-1.350012,0.152105
26-Jan-2025 14:23:42.580,0.464258,-1.298699,0.069639
26-Jan-2025 14:23:42.596,0.518014,-1.255939,0.032987
26-Jan-2025 14:23:42.612,0.336587,-1.123381,0.064141
26-Jan-2025 14:23:42.628,0.157603,-1.018923,0.101404
26-Jan-2025 14:23:42.644,0.018937,-1.00976,0.122784
26-Jan-2025 14:23:42.660,-0.124617,-1.128879,0.129503
26-Jan-2025 14:23:42.676,-0.200975,-1.281595,0.102625
26-Jan-2025 14:23:42.691,-0.301767,-1.38361,0.032376
26-Jan-2025 14:23:42.708,-0.326813,-1.347569,0.00733
26-Jan-2025 14:23:42.724,-0.20464,-1.189355,-0.043371
26-Jan-2025 14:23:42.740,-0.0281,-1.063516,-0.102014
26-Jan-2025 14:23:42.756,0.214414,-0.997543,-0.138666
26-Jan-2025 14:23:42.772,0.288939,-1.005484,-0.102625
26-Jan-2025 14:23:42.788,0.238237,-1.034806,0.006109
26-Jan-2025 14:23:42.805,0.06353,-1.048245,0.218079
26-Jan-2025 14:23:42.821,-0.052534,-1.025032,0.313985
26-Jan-2025 14:23:42.837,-0.11973,-0.983493,0.260229
26-Jan-2025 14:23:42.853,-0.113621,-0.963335,0.156382
26-Jan-2025 14:23:42.869,-0.076358,-0.880868,0.053756
26-Jan-2025 14:23:42.885,-0.059254,-0.694554,0.04215
26-Jan-2025 14:23:42.901,-0.022602,-0.311541,0.114232
26-Jan-2025 14:23:42.917,0.029322,-0.013439,0.243735
26-Jan-2025 14:23:42.933,0.075747,0.219301,0.470366
26-Jan-2025 14:23:42.949,0.094073,0.244957,0.605367
26-Jan-2025 14:23:42.965,0.12034,0.173486,0.651182
26-Jan-2025 14:23:42.981,0.139277,0.089797,0.583376
26-Jan-2025 14:23:42.997,0.125838,0.11973,0.519846
26-Jan-2025 14:23:43.013,0.059865,0.312763,0.475864
26-Jan-2025 14:23:43.029,-0.033598,0.483194,0.448986
26-Jan-2025 14:23:43.045,-0.142942,0.632246,0.391565
26-Jan-2025 14:23:43.061,-0.168599,0.690278,0.333532
26-Jan-2025 14:23:43.078,-0.129503,0.671341,0.241292
26-Jan-2025 14:23:43.094,-0.150884,0.588263,0.16921
26-Jan-2025 14:23:43.110,-0.161879,0.537561,0.07086
26-Jan-2025 14:23:43.126,-0.139277,0.605978,-0.008552
26-Jan-2025 14:23:43.142,-0.155771,0.569937,-0.061697
26-Jan-2025 14:23:43.158,-0.131947,0.606589,-0.083078
26-Jan-2025 14:23:43.174,-0.038485,0.72693,-0.113621
26-Jan-2025 14:23:43.190,0.080634,0.848492,-0.211359
26-Jan-2025 14:23:43.206,0.128893,0.894307,-0.284052
26-Jan-2025 14:23:43.222,0.232129,0.919352,-0.387899
26-Jan-2025 14:23:43.238,0.43799,0.952339,-0.516181
26-Jan-2025 14:23:43.254,0.582155,0.93218,-0.578489
26-Jan-2025 14:23:43.270,0.390954,0.842994,-0.450819
26-Jan-2025 14:23:43.286,0.212581,0.866818,-0.318261
26-Jan-2025 14:23:43.302,0.208305,0.951117,-0.340252
26-Jan-2025 14:23:43.318,0.217468,1.051299,-0.441045
26-Jan-2025 14:23:43.334,0.207083,1.169807,-0.609033
26-Jan-2025 14:23:43.350,0.12706,1.277319,-0.6634
26-Jan-2025 14:23:43.367,-0.000611,1.520444,-0.639576
26-Jan-2025 14:23:43.383,-0.012217,1.612073,-0.587041
26-Jan-2025 14:23:43.399,0.020769,1.497231,-0.483194
26-Jan-2025 14:23:43.415,0.040317,1.450194,-0.384234
26-Jan-2025 14:23:43.431,0.051924,1.585806,-0.268781
26-Jan-2025 14:23:43.447,0.028711,1.696984,-0.210138
26-Jan-2025 14:23:43.463,-0.045815,1.784948,-0.166766
26-Jan-2025 14:23:43.479,-0.184481,1.823433,-0.086132
26-Jan-2025 14:23:43.495,-0.263894,1.770288,-0.029322
26-Jan-2025 14:23:43.511,-0.315206,1.618182,-0.020159
26-Jan-2025 14:23:43.527,-0.312152,1.516168,-0.04948
26-Jan-2025 14:23:43.543,-0.265116,1.423927,-0.084299
26-Jan-2025 14:23:43.559,-0.242514,1.395827,-0.094684
26-Jan-2025 14:23:43.575,-0.224798,1.321912,-0.081856
26-Jan-2025 14:23:43.591,-0.206472,1.2425,-0.065363
26-Jan-2025 14:23:43.607,-0.167377,1.12949,-0.054367
26-Jan-2025 14:23:43.623,-0.131947,1.080621,-0.061697
26-Jan-2025 14:23:43.639,-0.093462,1.051299,-0.084299
26-Jan-2025 14:23:43.656,-0.078802,0.989602,-0.094684
26-Jan-2025 14:23:43.672,-0.106901,0.924239,-0.071471
26-Jan-2025 14:23:43.688,-0.13439,0.858266,-0.033598
26-Jan-2025 14:23:43.704,-0.112399,0.823446,-0.0281
26-Jan-2025 14:23:43.720,-0.012217,0.736704,-0.039095
26-Jan-2025 14:23:43.736,0.073304,0.667065,-0.047647
26-Jan-2025 14:23:43.752,0.166155,0.571159,-0.047647
26-Jan-2025 14:23:43.768,0.205251,0.467923,-0.018326
26-Jan-2025 14:23:43.784,0.232129,0.443488,0.050091
26-Jan-2025 14:23:43.800,0.168599,0.329256,0.076358
26-Jan-2025 14:23:43.816,0.089186,0.187536,0.099571
26-Jan-2025 14:23:43.832,0.12034,-0.042761,0.159436
26-Jan-2025 14:23:43.848,0.21197,-0.053756,0.213803
26-Jan-2025 14:23:43.864,0.357356,0.027489,0.29627
26-Jan-2025 14:23:43.880,0.406225,0.026878,0.37385
26-Jan-2025 14:23:43.896,0.403171,0.064752,0.355524
26-Jan-2025 14:23:43.912,0.354302,0.046426,0.260839
26-Jan-2025 14:23:43.929,0.196699,-0.221133,0.187536
26-Jan-2025 14:23:43.945,-0.001833,-0.485638,0.186314
26-Jan-2025 14:23:43.961,-0.144164,-0.724486,0.138666
26-Jan-2025 14:23:43.977,-0.342085,-0.811229,0.001833
26-Jan-2025 14:23:43.993,-0.413556,-0.744645,-0.076969
26-Jan-2025 14:23:44.009,-0.266948,-0.561385,-0.174707
26-Jan-2025 14:23:44.025,-0.048869,-0.411723,-0.270613
26-Jan-2025 14:23:44.041,0.088575,-0.230907,-0.365908
26-Jan-2025 14:23:44.057,0.215025,-0.262672,-0.439212
26-Jan-2025 14:23:44.073,0.304211,-0.442877,-0.505186
26-Jan-2025 14:23:44.089,0.199142,-0.512516,-0.472199
26-Jan-2025 14:23:44.105,0.037874,-0.578489,-0.373239
26-Jan-2025 14:23:44.121,-0.045204,-0.506407,-0.321315
26-Jan-2025 14:23:44.137,-0.058643,-0.378736,-0.336587
26-Jan-2025 14:23:44.153,-0.021991,-0.215025,-0.405615
26-Jan-2025 14:23:44.169,-0.005498,-0.094073,-0.425162
26-Jan-2025 14:23:44.185,0.051313,-0.021991,-0.383623
26-Jan-2025 14:23:44.201,0.130725,-0.061087,-0.307265
26-Jan-2025 14:23:44.217,0.200975,-0.120951,-0.257785
26-Jan-2025 14:23:44.233,0.225409,-0.157603,-0.280387
26-Jan-2025 14:23:44.250,0.171042,-0.178984,-0.322537
26-Jan-2025 14:23:44.266,0.065973,-0.08491,-0.312152
26-Jan-2025 14:23:44.282,-0.0281,0.05681,-0.296881
26-Jan-2025 14:23:44.298,-0.092241,0.171653,-0.26145
26-Jan-2025 14:23:44.314,-0.088575,0.177151,-0.222355
26-Jan-2025 14:23:44.330,-0.07025,0.222355,-0.165544
26-Jan-2025 14:23:44.346,-0.034819,0.31765,-0.127671
26-Jan-2025 14:23:44.362,0.018326,0.419054,-0.091019
26-Jan-2025 14:23:44.378,0.029932,0.447764,-0.048258
26-Jan-2025 14:23:44.394,0.04215,0.382402,-0.061087
26-Jan-2025 14:23:44.410,0.067195,0.220522,-0.143553
26-Jan-2025 14:23:44.426,0.092241,0.017104,-0.196699
26-Jan-2025 14:23:44.442,0.057421,0.034208,-0.155771
26-Jan-2025 14:23:44.458,-0.012828,0.222966,-0.101404
26-Jan-2025 14:23:44.474,0.065973,0.493579,-0.115454
26-Jan-2025 14:23:44.490,0.244957,0.637132,-0.193033
26-Jan-2025 14:23:44.506,0.138056,0.397673,-0.209527
26-Jan-2025 14:23:44.522,-0.04215,0.293215,-0.128282
26-Jan-2025 14:23:44.539,-0.042761,0.561385,-0.085521
26-Jan-2025 14:23:44.555,0.011606,0.725097,-0.128282
26-Jan-2025 14:23:44.571,0.088575,0.739758,-0.15516
26-Jan-2025 14:23:44.587,0.073915,0.72693,-0.170431
26-Jan-2025 14:23:44.603,-0.009774,0.72693,-0.135612
26-Jan-2025 14:23:44.619,0.080023,0.688445,-0.001833
26-Jan-2025 14:23:44.635,0.208305,0.665843,0.157603
26-Jan-2025 14:23:44.651,0.237627,0.643852,0.274278
26-Jan-2025 14:23:44.667,0.145386,0.737314,0.296881
26-Jan-2025 14:23:44.683,0.018326,0.905302,0.33903
26-Jan-2025 14:23:44.699,0.069639,0.8546,0.348193
26-Jan-2025 14:23:44.715,0.130114,0.71288,0.325591
26-Jan-2025 14:23:44.731,0.089797,0.67745,0.356134
26-Jan-2025 14:23:44.747,-0.024435,0.706771,0.451429
26-Jan-2025 14:23:44.763,-0.117286,0.74098,0.510683
26-Jan-2025 14:23:44.779,-0.152105,0.715934,0.533285
26-Jan-2025 14:23:44.795,-0.12034,0.601091,0.491136
26-Jan-2025 14:23:44.811,-0.122784,0.527788,0.422108
26-Jan-2025 14:23:44.827,-0.11973,0.464258,0.305433
26-Jan-2025 14:23:44.844,-0.059865,0.405004,0.208305
26-Jan-2025 14:23:44.860,-0.026267,0.319483,0.117286
26-Jan-2025 14:23:44.876,-0.012828,0.262061,0.116064
26-Jan-2025 14:23:44.892,-0.015272,0.209527,0.160047
26-Jan-2025 14:23:44.908,-0.047647,0.241903,0.208305
26-Jan-2025 14:23:44.924,-0.113621,0.370184,0.252898
26-Jan-2025 14:23:44.940,-0.172875,0.465479,0.271835
26-Jan-2025 14:23:44.956,-0.188147,0.472199,0.265116
26-Jan-2025 14:23:44.972,-0.198531,0.462425,0.224798
26-Jan-2025 14:23:44.988,-0.180816,0.428827,0.200364
26-Jan-2025 14:23:45.004,-0.069028,0.274889,0.165544
26-Jan-2025 14:23:45.020,0.024435,0.184481,0.120951
26-Jan-2025 14:23:45.036,0.110567,0.117897,0.062919
26-Jan-2025 14:23:45.052,0.130725,0.058032,0.037874
26-Jan-2025 14:23:45.068,0.083689,-0.094073,0.095906
26-Jan-2025 14:23:45.084,0.012828,-0.133169,0.161268
26-Jan-2025 14:23:45.100,0.030543,-0.048869,0.18387
26-Jan-2025 14:23:45.116,0.154549,0.065363,0.158214
26-Jan-2025 14:23:45.133,0.278555,0.065973,0.175318
26-Jan-2025 14:23:45.149,0.348804,-0.009774,0.208916
26-Jan-2025 14:23:45.165,0.425773,0.051313,0.164323
26-Jan-2025 14:23:45.181,0.512516,0.032987,0.104458
26-Jan-2025 14:23:45.197,0.442877,-0.078802,0.048258
26-Jan-2025 14:23:45.213,0.306654,-0.29627,-0.088575
26-Jan-2025 14:23:45.229,0.11973,-0.313985,-0.213803
26-Jan-2025 14:23:45.245,-0.135001,-0.04215,-0.37446
26-Jan-2025 14:23:45.261,-0.144164,0.164934,-0.479529
26-Jan-2025 14:23:45.277,-0.053756,0.276722,-0.558942
26-Jan-2025 14:23:45.293,0.115454,0.224798,-0.580322
26-Jan-2025 14:23:45.309,0.18387,0.272446,-0.551611
26-Jan-2025 14:23:45.325,0.208916,0.578489,-0.50152
26-Jan-2025 14:23:45.341,0.131336,0.622472,-0.491136
26-Jan-2025 14:23:45.357,0.029322,0.538783,-0.48747
26-Jan-2025 14:23:45.373,0.027489,0.523512,-0.510683
26-Jan-2025 14:23:45.389,-0.00672,0.739758,-0.560163
26-Jan-2025 14:23:45.405,-0.072082,1.01648,-0.549779
26-Jan-2025 14:23:45.421,-0.156992,1.332908,-0.434936
26-Jan-2025 14:23:45.437,-0.212581,1.508837,-0.343306
26-Jan-2025 14:23:45.454,-0.255342,1.645671,-0.274889
26-Jan-2025 14:23:45.470,-0.274889,1.780061,-0.224188
26-Jan-2025 14:23:45.486,-0.282831,1.869248,-0.226631
26-Jan-2025 14:23:45.502,-0.299935,1.985923,-0.2755
26-Jan-2025 14:23:45.518,-0.277333,2.056172,-0.327424
26-Jan-2025 14:23:45.534,-0.277944,2.171626,-0.380569
26-Jan-2025 14:23:45.550,-0.304211,2.260201,-0.411723
26-Jan-2025 14:23:45.566,-0.286496,2.329229,-0.412334
26-Jan-2025 14:23:45.582,-0.218079,2.379931,-0.367741
26-Jan-2025 14:23:45.598,-0.14111,2.39337,-0.293215
26-Jan-2025 14:23:45.614,-0.083078,2.418416,-0.220522
26-Jan-2025 14:23:45.630,-0.053145,2.514321,-0.205251
26-Jan-2025 14:23:45.646,-0.100793,2.556471,-0.249233
26-Jan-2025 14:23:45.662,-0.158825,2.512489,-0.302989
26-Jan-2025 14:23:45.678,-0.182649,2.41414,-0.383013
26-Jan-2025 14:23:45.694,-0.168599,2.317012,-0.418443
26-Jan-2025 14:23:45.710,-0.133779,2.263867,-0.414167
26-Jan-2025 14:23:45.726,-0.122173,2.318233,-0.385456
26-Jan-2025 14:23:45.743,-0.126449,2.419026,-0.31032
26-Jan-2025 14:23:45.759,-0.047037,2.565634,-0.254731
26-Jan-2025 14:23:45.775,0.018326,2.610227,-0.227853
26-Jan-2025 14:23:45.791,-0.020769,2.315179,-0.231518
26-Jan-2025 14:23:45.807,-0.103236,2.121535,-0.239459
26-Jan-2025 14:23:45.823,-0.290161,2.214997,-0.208305
26-Jan-2025 14:23:45.839,-0.425162,2.514932,-0.138056
26-Jan-2025 14:23:45.855,-0.411723,2.656653,-0.07086
26-Jan-2025 14:23:45.871,-0.321926,2.557082,-0.087965
26-Jan-2025 14:23:45.887,-0.28222,2.549752,-0.147829
26-Jan-2025 14:23:45.903,-0.354913,2.646268,-0.177762
26-Jan-2025 14:23:45.919,-0.545503,2.723848,-0.16921
26-Jan-2025 14:23:45.935,-0.638965,2.683531,-0.121562
26-Jan-2025 14:23:45.951,-0.685391,2.64749,-0.074526
26-Jan-2025 14:23:45.967,-0.676839,2.604729,-0.060476
26-Jan-2025 14:23:45.983,-0.632856,2.546697,-0.067806
26-Jan-2025 14:23:45.999,-0.578489,2.462398,-0.073915
26-Jan-2025 14:23:46.016,-0.546724,2.450791,-0.095295
26-Jan-2025 14:23:46.032,-0.527177,2.509434,-0.138056
26-Jan-2025 14:23:46.048,-0.525344,2.560747,-0.138056
26-Jan-2025 14:23:46.064,-0.54367,2.634051,-0.07086
26-Jan-2025 14:23:46.080,-0.502742,2.761111,-0.00733
26-Jan-2025 14:23:46.096,-0.390343,2.840523,0.0281
26-Jan-2025 14:23:46.112,-0.304211,2.66154,0.02138
26-Jan-2025 14:23:46.128,-0.211359,2.509434,0.025045
26-Jan-2025 14:23:46.144,-0.131947,2.544865,0.069028
26-Jan-2025 14:23:46.160,-0.102625,2.643825,0.108123
26-Jan-2025 14:23:46.176,-0.069028,2.721405,0.163712
26-Jan-2025 14:23:46.192,-0.051924,2.66887,0.186314
26-Jan-2025 14:23:46.208,-0.04948,2.511267,0.15516
26-Jan-2025 14:23:46.224,-0.100182,2.459954,0.100793
26-Jan-2025 14:23:46.240,-0.17654,2.453846,0.059254
26-Jan-2025 14:23:46.256,-0.199753,2.418416,0.071471
26-Jan-2025 14:23:46.272,-0.279776,2.402533,0.115454
26-Jan-2025 14:23:46.288,-0.284663,2.235156,0.26145
26-Jan-2025 14:23:46.305,-0.234572,2.129476,0.334143
26-Jan-2025 14:23:46.321,-0.174097,2.049453,0.301157
26-Jan-2025 14:23:46.337,-0.145386,2.019521,0.273057
26-Jan-2025 14:23:46.353,-0.083689,1.982258,0.235794
26-Jan-2025 14:23:46.369,-0.015882,1.87108,0.188147
26-Jan-2025 14:23:46.385,0.116064,1.674993,0.12706
26-Jan-2025 14:23:46.401,0.191812,1.584584,0.068417
26-Jan-2025 14:23:46.417,0.238237,1.521055,0.012217
26-Jan-2025 14:23:46.433,0.302989,1.469742,0.14111
26-Jan-2025 14:23:46.449,0.409891,1.396438,0.182649
26-Jan-2025 14:23:46.465,0.503964,1.316415,0.121562
26-Jan-2025 14:23:46.481,0.539394,1.420873,0.09163
26-Jan-2025 14:23:46.497,0.483194,1.508226,-0.023824
26-Jan-2025 14:23:46.513,0.422719,1.414764,-0.075136
26-Jan-2025 14:23:46.529,0.283441,1.328632,-0.069028
26-Jan-2025 14:23:46.545,0.116064,1.368949,-0.088575
26-Jan-2025 14:23:46.561,-0.072693,1.345736,-0.105069
26-Jan-2025 14:23:46.577,-0.189368,1.282206,-0.069028
26-Jan-2025 14:23:46.593,-0.491136,1.259604,0.085521
26-Jan-2025 14:23:46.610,-0.343917,1.166142,0.10568
26-Jan-2025 14:23:46.626,-0.244957,1.247998,0.041539
26-Jan-2025 14:23:46.642,-0.068417,1.35551,-0.047647
26-Jan-2025 14:23:46.658,0.075136,1.335351,-0.051924
26-Jan-2025 14:23:46.674,0.200364,1.209513,-0.064752
26-Jan-2025 14:23:46.690,0.159436,1.080621,-0.047647
26-Jan-2025 14:23:46.706,-0.040928,0.93157,0.086132
26-Jan-2025 14:23:46.722,-0.209527,0.882089,0.164934
26-Jan-2025 14:23:46.738,-0.400728,0.915076,0.104458
26-Jan-2025 14:23:46.754,-0.664621,1.105055,0.008552
26-Jan-2025 14:23:46.770,-0.57177,0.795347,-0.039095
26-Jan-2025 14:23:46.786,-0.257785,0.325591,-0.024435
26-Jan-2025 14:23:46.802,-0.174097,0.334754,0.017104
26-Jan-2025 14:23:46.818,-0.154549,0.469145,0.145386
26-Jan-2025 14:23:46.834,-0.187536,0.533896,0.220522
26-Jan-2025 14:23:46.850,-0.245568,0.512516,0.229685
26-Jan-2025 14:23:46.867,-0.273057,0.420886,0.175929
26-Jan-2025 14:23:46.883,-0.273057,0.262672,0.037874
26-Jan-2025 14:23:46.899,-0.250455,0.168599,-0.052534
26-Jan-2025 14:23:46.915,-0.216246,0.121562,-0.109345
26-Jan-2025 14:23:46.931,-0.202196,0.145997,-0.117897
26-Jan-2025 14:23:46.947,-0.177762,0.255342,-0.081856
26-Jan-2025 14:23:46.963,-0.20464,0.244346,-0.021991
26-Jan-2025 14:23:46.979,-0.219911,0.142942,-0.043982
26-Jan-2025 14:23:46.995,-0.079412,-0.013439,-0.102625
26-Jan-2025 14:23:47.011,0.000611,-0.026267,-0.144164
26-Jan-2025 14:23:47.027,0.01405,0.050702,-0.149662
26-Jan-2025 14:23:47.043,0.018937,0.057421,-0.159436
26-Jan-2025 14:23:47.059,-0.004887,-0.042761,-0.182038
26-Jan-2025 14:23:47.075,-0.016493,-0.086743,-0.198531
26-Jan-2025 14:23:47.091,0.026267,-0.086743,-0.213803
26-Jan-2025 14:23:47.107,0.089186,-0.092852,-0.223577
26-Jan-2025 14:23:47.123,0.195477,-0.124617,-0.269392
26-Jan-2025 14:23:47.139,0.356134,-0.163101,-0.342695
26-Jan-2025 14:23:47.155,0.351858,-0.222966,-0.315206
26-Jan-2025 14:23:47.171,0.215635,-0.216857,-0.170431
26-Jan-2025 14:23:47.188,0.144775,-0.267559,-0.126449
26-Jan-2025 14:23:47.204,0.185703,-0.335365,-0.145386
26-Jan-2025 14:23:47.220,0.251066,-0.231518,-0.133779
26-Jan-2025 14:23:47.236,0.22602,-0.068417,-0.088575
26-Jan-2025 14:23:47.252,0.178984,0.037874,-0.031154
26-Jan-2025 14:23:47.268,0.116675,0.142332,0.038485
26-Jan-2025 14:23:47.284,0.100793,0.228464,0.078191
26-Jan-2025 14:23:47.300,0.151495,0.312152,0.118508
26-Jan-2025 14:23:47.316,0.263283,0.329867,0.170431
26-Jan-2025 14:23:47.332,0.312152,0.238848,0.169821
26-Jan-2025 14:23:47.348,0.320093,0.160658,0.125227
26-Jan-2025 14:23:47.364,0.313374,0.160047,0.114843
26-Jan-2025 14:23:47.380,0.28955,0.14111,0.126449
26-Jan-2025 14:23:47.396,0.241903,0.112399,0.143553
26-Jan-2025 14:23:47.412,0.108123,0.04948,0.243124
26-Jan-2025 14:23:47.429,-0.038485,0.079412,0.346361
26-Jan-2025 14:23:47.445,-0.206472,0.16249,0.377515
26-Jan-2025 14:23:47.461,-0.28222,0.144775,0.333532
26-Jan-2025 14:23:47.477,-0.238237,0.059254,0.243735
26-Jan-2025 14:23:47.493,-0.13439,-0.081245,0.109956
26-Jan-2025 14:23:47.509,-0.044593,-0.177151,0.047647
26-Jan-2025 14:23:47.525,0.031154,-0.216246,0.050702
26-Jan-2025 14:23:47.541,0.046426,-0.222966,0.092241
26-Jan-2025 14:23:47.557,-0.020769,-0.204029,0.174707
26-Jan-2025 14:23:47.573,-0.08491,-0.166155,0.239459
26-Jan-2025 14:23:47.589,-0.126449,-0.164323,0.265726
26-Jan-2025 14:23:47.605,-0.123395,-0.233351,0.2474
26-Jan-2025 14:23:47.621,-0.106291,-0.296881,0.208305
26-Jan-2025 14:23:47.637,-0.054978,-0.341474,0.120951
26-Jan-2025 14:23:47.653,-0.034819,-0.377515,0.073915
26-Jan-2025 14:23:47.669,-0.046426,-0.442877,0.072693
26-Jan-2025 14:23:47.685,-0.050091,-0.464258,0.080634
26-Jan-2025 14:23:47.701,-0.039095,-0.468534,0.111177
26-Jan-2025 14:23:47.717,0.023824,-0.419054,0.146608
26-Jan-2025 14:23:47.734,0.025656,-0.503353,0.196699
26-Jan-2025 14:23:47.750,0.019548,-0.591928,0.231518
26-Jan-2025 14:23:47.766,0.037263,-0.685391,0.241903
26-Jan-2025 14:23:47.782,0.02138,-0.67745,0.24007
26-Jan-2025 14:23:47.798,0.023213,-0.701273,0.212581
26-Jan-2025 14:23:47.813,0.116675,-0.792292,0.161879
26-Jan-2025 14:23:47.830,0.217468,-0.795347,0.123395
26-Jan-2025 14:23:47.846,0.244346,-0.750753,0.136223
26-Jan-2025 14:23:47.862,0.224798,-0.80512,0.168599
26-Jan-2025 14:23:47.878,0.151495,-0.937678,0.199753
26-Jan-2025 14:23:47.894,0.018937,-1.003041,0.199142
26-Jan-2025 14:23:47.910,-0.282831,-1.041525,0.196699
26-Jan-2025 14:23:47.926,-0.499077,-1.031751,0.138666
26-Jan-2025 14:23:47.942,-0.576657,-1.004262,0.022602
26-Jan-2025 14:23:47.958,-0.411112,-0.9108,-0.177151
26-Jan-2025 14:23:47.974,-0.170431,-0.85399,-0.304211
26-Jan-2025 14:23:47.990,0.160658,-0.788016,-0.342085
26-Jan-2025 14:23:48.007,0.316428,-0.706771,-0.294437
26-Jan-2025 14:23:48.023,0.319483,-0.609644,-0.186925
26-Jan-2025 14:23:48.039,0.189979,-0.659124,-0.107512
26-Jan-2025 14:23:48.055,-0.029322,-0.773355,0.000611
26-Jan-2025 14:23:48.071,-0.188757,-0.711047,0.025656
26-Jan-2025 14:23:48.087,-0.342695,-0.575435,-0.043982
26-Jan-2025 14:23:48.103,-0.406836,-0.474642,-0.147829
26-Jan-2025 14:23:48.119,-0.425773,-0.365297,-0.257785
26-Jan-2025 14:23:48.134,-0.403782,-0.249233,-0.331089
26-Jan-2025 14:23:48.151,-0.386678,-0.182038,-0.329256
26-Jan-2025 14:23:48.167,-0.341474,-0.113621,-0.29627
26-Jan-2025 14:23:48.183,-0.278555,-0.124617,-0.245568
26-Jan-2025 14:23:48.199,-0.181427,-0.15516,-0.185092
26-Jan-2025 14:23:48.216,-0.122784,-0.156382,-0.19059
26-Jan-2025 14:23:48.232,-0.07758,-0.147829,-0.221133
26-Jan-2025 14:23:48.248,-0.074526,-0.161879,-0.216857
26-Jan-2025 14:23:48.264,-0.079412,-0.193644,-0.182649
26-Jan-2025 14:23:48.280,-0.053756,-0.168599,-0.164934
26-Jan-2025 14:23:48.296,0.044593,-0.116675,-0.164323
26-Jan-2025 14:23:48.312,0.116064,-0.076358,-0.158214
26-Jan-2025 14:23:48.328,0.167377,-0.050702,-0.167988
26-Jan-2025 14:23:48.344,0.205862,-0.092852,-0.235183
26-Jan-2025 14:23:48.360,0.164323,-0.111788,-0.274889
26-Jan-2025 14:23:48.376,0.068417,-0.073304,-0.293826
26-Jan-2025 14:23:48.392,0.030543,-0.071471,-0.309098
26-Jan-2025 14:23:48.408,0.144164,-0.004276,-0.353691
26-Jan-2025 14:23:48.425,0.386678,0.224188,-0.400728
26-Jan-2025 14:23:48.441,0.36713,0.195477,-0.311541
26-Jan-2025 14:23:48.457,0.198531,0.164323,-0.167988
26-Jan-2025 14:23:48.473,0.135001,0.398895,-0.133169
26-Jan-2025 14:23:48.489,0.106901,0.496023,-0.161268
26-Jan-2025 14:23:48.505,0.083689,0.468534,-0.163101
26-Jan-2025 14:23:48.521,0.045204,0.513738,-0.135001
26-Jan-2025 14:23:48.537,0.00672,0.750753,-0.118508
26-Jan-2025 14:23:48.553,-0.022602,0.97433,-0.072693
26-Jan-2025 14:23:48.569,0.034819,0.927904,0.029932
26-Jan-2025 14:23:48.585,0.25412,0.623693,0.130114
26-Jan-2025 14:23:48.601,0.340863,0.483194,0.150884
26-Jan-2025 14:23:48.617,0.276111,0.55772,0.128893
26-Jan-2025 14:23:48.634,0.167988,0.638965,0.09896
26-Jan-2025 14:23:48.650,-0.025045,0.616974,0.093462
26-Jan-2025 14:23:48.666,-0.177151,0.588874,0.104458
26-Jan-2025 14:23:48.682,-0.276722,0.570548,0.116064
26-Jan-2025 14:23:48.698,-0.301767,0.555277,0.132558
26-Jan-2025 14:23:48.714,-0.284663,0.563218,0.150884
26-Jan-2025 14:23:48.730,-0.270613,0.59315,0.145997
26-Jan-2025 14:23:48.746,-0.265726,0.582765,0.09163
26-Jan-2025 14:23:48.762,-0.231518,0.454484,-0.029932
26-Jan-2025 14:23:48.778,-0.193644,0.305433,-0.112399
26-Jan-2025 14:23:48.794,-0.142942,0.139277,-0.141721
26-Jan-2025 14:23:48.810,-0.087965,0.108734,-0.092852
26-Jan-2025 14:23:48.827,-0.072693,0.065363,0.054367
26-Jan-2025 14:23:48.843,-0.107512,0.103236,0.189368
26-Jan-2025 14:23:48.859,-0.114232,0.153938,0.306043
26-Jan-2025 14:23:48.875,-0.073915,0.023213,0.359189
26-Jan-2025 14:23:48.891,-0.012217,-0.135001,0.3317
26-Jan-2025 14:23:48.907,0.087965,-0.26145,0.249233
26-Jan-2025 14:23:48.923,0.179594,-0.298102,0.17654
26-Jan-2025 14:23:48.939,0.270613,-0.384234,0.128893
26-Jan-2025 14:23:48.955,0.293826,-0.419054,0.156992
26-Jan-2025 14:23:48.971,0.287107,-0.356745,0.220522
26-Jan-2025 14:23:48.987,0.309709,-0.290772,0.259007
26-Jan-2025 14:23:49.003,0.468534,-0.328645,0.32498
26-Jan-2025 14:23:49.019,0.494801,-0.499077,0.362243
26-Jan-2025 14:23:49.036,0.364687,-0.551611,0.346971
26-Jan-2025 14:23:49.052,0.203418,-0.525344,0.313985
26-Jan-2025 14:23:49.068,-0.036652,-0.48686,0.264505
26-Jan-2025 14:23:49.084,-0.370795,-0.444099,0.189368
26-Jan-2025 14:23:49.100,-0.50152,-0.461203,0.128893
26-Jan-2025 14:23:49.116,-0.408669,-0.556498,0.054367
26-Jan-2025 14:23:49.132,-0.18387,-0.616363,0.023213
26-Jan-2025 14:23:49.148,0.131947,-0.555277,0.010385
26-Jan-2025 14:23:49.164,0.328035,-0.463036,0.018937
26-Jan-2025 14:23:49.180,0.491136,-0.450208,-0.011606
26-Jan-2025 14:23:49.196,0.485027,-0.498466,-0.047037
26-Jan-2025 14:23:49.212,0.33903,-0.499688,-0.052534
26-Jan-2025 14:23:49.228,0.157603,-0.514349,-0.059865
26-Jan-2025 14:23:49.244,-0.051313,-0.457538,-0.094073
26-Jan-2025 14:23:49.261,-0.249233,-0.254731,-0.155771
26-Jan-2025 14:23:49.277,-0.329867,-0.116675,-0.204029
26-Jan-2025 14:23:49.293,-0.362854,-0.076358,-0.271835
26-Jan-2025 14:23:49.309,-0.325591,-0.103236,-0.302989
26-Jan-2025 14:23:49.325,-0.23274,-0.135001,-0.3317
26-Jan-2025 14:23:49.341,-0.155771,-0.068417,-0.365297
26-Jan-2025 14:23:49.357,-0.072693,-0.065973,-0.387289
26-Jan-2025 14:23:49.373,-0.034819,-0.172875,-0.385456
26-Jan-2025 14:23:49.389,0.0562,-0.270002,-0.342695
26-Jan-2025 14:23:49.405,0.050702,-0.253509,-0.251066
26-Jan-2025 14:23:49.421,-0.026878,-0.213192,-0.128893
26-Jan-2025 14:23:49.437,-0.064752,-0.213803,0.030543
26-Jan-2025 14:23:49.453,0.011606,-0.17654,0.080634
26-Jan-2025 14:23:49.470,0.178984,-0.052534,0.047647
26-Jan-2025 14:23:49.486,0.300546,-0.054367,0.004887
26-Jan-2025 14:23:49.502,0.341474,-0.122784,-0.043982
26-Jan-2025 14:23:49.518,0.296881,-0.115454,-0.072693
26-Jan-2025 14:23:49.534,0.172264,-0.032376,-0.125227
26-Jan-2025 14:23:49.550,0.092852,0.032987,-0.166155
26-Jan-2025 14:23:49.566,0.069639,0.061087,-0.241903
26-Jan-2025 14:23:49.582,-0.021991,-0.019548,-0.279165
26-Jan-2025 14:23:49.598,-0.184481,-0.017715,-0.241903
26-Jan-2025 14:23:49.614,-0.243124,0.14844,-0.152716
26-Jan-2025 14:23:49.630,-0.137445,0.277333,-0.099571
26-Jan-2025 14:23:49.646,0.023824,0.452651,-0.014661
26-Jan-2025 14:23:49.662,0.019548,0.574824,0.055589
26-Jan-2025 14:23:49.679,-0.075136,0.780686,0.129503
26-Jan-2025 14:23:49.695,-0.136223,0.87537,0.174097
26-Jan-2025 14:23:49.711,-0.113621,0.864985,0.203418
26-Jan-2025 14:23:49.727,-0.004276,0.811229,0.217468
26-Jan-2025 14:23:49.743,0.147219,0.700052,0.203418
26-Jan-2025 14:23:49.759,0.201586,0.695165,0.154549
26-Jan-2025 14:23:49.775,0.180205,0.835053,0.099571
26-Jan-2025 14:23:49.791,0.130725,0.965778,0.086132
26-Jan-2025 14:23:49.807,0.061087,1.024421,0.102625
26-Jan-2025 14:23:49.823,-0.053756,1.047023,0.191812
26-Jan-2025 14:23:49.839,-0.139277,1.064127,0.293215
26-Jan-2025 14:23:49.855,-0.174097,1.111775,0.389732
26-Jan-2025 14:23:49.872,-0.158825,1.127046,0.405615
26-Jan-2025 14:23:49.888,-0.12034,1.069014,0.349415
26-Jan-2025 14:23:49.904,-0.089797,0.982271,0.265726
26-Jan-2025 14:23:49.920,-0.083689,0.911411,0.139888
26-Jan-2025 14:23:49.936,-0.084299,0.887587,0.089797
26-Jan-2025 14:23:49.952,-0.07758,0.861931,0.102014
26-Jan-2025 14:23:49.968,-0.080023,0.876592,0.136223
26-Jan-2025 14:23:49.984,-0.083078,0.902248,0.180816
26-Jan-2025 14:23:50.000,-0.092241,0.908357,0.250455
26-Jan-2025 14:23:50.016,-0.103236,0.883922,0.296881
26-Jan-2025 14:23:50.032,-0.114843,0.842994,0.309709
26-Jan-2025 14:23:50.048,-0.107512,0.829555,0.274278
26-Jan-2025 14:23:50.064,-0.031765,0.914465,0.207083
26-Jan-2025 14:23:50.080,-0.007941,0.814894,0.156992
26-Jan-2025 14:23:50.096,-0.001833,0.612698,0.128282
26-Jan-2025 14:23:50.113,0.051313,0.512516,0.109345
26-Jan-2025 14:23:50.129,0.079412,0.502131,0.112399
26-Jan-2025 14:23:50.145,0.041539,0.499688,0.136223
26-Jan-2025 14:23:50.160,0.019548,0.474031,0.18387
26-Jan-2025 14:23:50.177,-0.01405,0.448375,0.281609
26-Jan-2025 14:23:50.193,0.002443,0.449597,0.342085
26-Jan-2025 14:23:50.209,0.16249,0.454484,0.3598
26-Jan-2025 14:23:50.225,0.295659,0.405004,0.361021
26-Jan-2025 14:23:50.241,0.429438,0.375071,0.356134
26-Jan-2025 14:23:50.257,0.517403,0.398284,0.313374
26-Jan-2025 14:23:50.273,0.481973,0.334754,0.238848
26-Jan-2025 14:23:50.289,0.35308,0.294437,0.197309
26-Jan-2025 14:23:50.305,0.177151,0.304822,0.118508
26-Jan-2025 14:23:50.321,-0.087965,0.365297,-0.032987
26-Jan-2025 14:23:50.337,-0.224798,0.434325,-0.136834
26-Jan-2025 14:23:50.353,-0.205862,0.517403,-0.256563
26-Jan-2025 14:23:50.369,-0.024435,0.610865,-0.356134
26-Jan-2025 14:23:50.385,0.192423,0.711658,-0.456316
26-Jan-2025 14:23:50.402,0.273668,0.797179,-0.49419
26-Jan-2025 14:23:50.418,0.312152,1.010982,-0.544892
26-Jan-2025 14:23:50.434,0.267559,1.110553,-0.546724
26-Jan-2025 14:23:50.450,0.11301,1.048856,-0.41661
26-Jan-2025 14:23:50.466,-0.041539,1.041525,-0.274889
26-Jan-2025 14:23:50.482,-0.217468,1.186911,-0.19059
26-Jan-2025 14:23:50.498,-0.317039,1.437366,-0.189368
26-Jan-2025 14:23:50.514,-0.302378,1.591915,-0.221744
26-Jan-2025 14:23:50.530,-0.301767,1.717753,-0.233351
26-Jan-2025 14:23:50.546,-0.31765,1.769066,-0.216246
26-Jan-2025 14:23:50.562,-0.323759,1.7935,-0.182649
26-Jan-2025 14:23:50.578,-0.287718,1.796555,-0.138056
26-Jan-2025 14:23:50.594,-0.22602,1.809383,-0.086132
26-Jan-2025 14:23:50.610,-0.17654,1.797166,-0.078191
26-Jan-2025 14:23:50.626,-0.153938,1.771509,-0.108734
26-Jan-2025 14:23:50.642,-0.153938,1.745242,-0.116675
26-Jan-2025 14:23:50.658,-0.160658,1.712866,-0.085521
26-Jan-2025 14:23:50.675,-0.172875,1.649947,-0.002443
26-Jan-2025 14:23:50.691,-0.168599,1.615739,0.029932
26-Jan-2025 14:23:50.707,-0.136834,1.555874,-0.003665
26-Jan-2025 14:23:50.723,-0.081856,1.469742,-0.062919
26-Jan-2025 14:23:50.739,-0.024435,1.326188,-0.120951
26-Jan-2025 14:23:50.755,0.011606,1.2425,-0.163101
26-Jan-2025 14:23:50.771,0.051924,1.191187,-0.19059
26-Jan-2025 14:23:50.787,0.005498,1.073901,-0.191201
26-Jan-2025 14:23:50.802,-0.062919,1.01648,-0.167377
26-Jan-2025 14:23:50.819,-0.047647,1.07329,-0.14111
26-Jan-2025 14:23:50.835,-0.000611,1.091005,-0.133779
26-Jan-2025 14:23:50.851,0.042761,1.023199,-0.153327
26-Jan-2025 14:23:50.867,0.111177,0.976774,-0.180205
26-Jan-2025 14:23:50.883,0.386678,1.01648,-0.245568
26-Jan-2025 14:23:50.899,0.577268,1.004873,-0.350637
26-Jan-2025 14:23:50.915,0.412334,0.830166,-0.395841
26-Jan-2025 14:23:50.931,0.207694,0.948674,-0.372628
26-Jan-2025 14:23:50.947,0.112399,1.203405,-0.361632
26-Jan-2025 14:23:50.964,0.093462,1.243722,-0.267559
26-Jan-2025 14:23:50.980,0.036652,1.274876,-0.141721
26-Jan-2025 14:23:50.996,-0.054978,1.519222,-0.109345
26-Jan-2025 14:23:51.012,0.002443,1.737912,-0.125838
26-Jan-2025 14:23:51.028,0.196088,1.642617,-0.075747
26-Jan-2025 14:23:51.044,0.309709,1.370171,-0.003665
26-Jan-2025 14:23:51.060,0.35308,1.237613,0.109345
26-Jan-2025 14:23:51.076,0.316428,1.436755,0.205862
26-Jan-2025 14:23:51.092,0.150884,1.72936,0.313985
26-Jan-2025 14:23:51.108,-0.053145,1.809994,0.40928
26-Jan-2025 14:23:51.124,-0.299935,1.726305,0.479529
26-Jan-2025 14:23:51.140,-0.385456,1.589471,0.436769
26-Jan-2025 14:23:51.156,-0.390954,1.463633,0.355524
26-Jan-2025 14:23:51.172,-0.3317,1.404379,0.3036
26-Jan-2025 14:23:51.188,-0.263894,1.408655,0.285274
26-Jan-2025 14:23:51.204,-0.140499,1.366506,0.270002
26-Jan-2025 14:23:51.220,-0.043982,1.301754,0.241292
26-Jan-2025 14:23:51.236,0.067806,1.179581,0.185092
26-Jan-2025 14:23:51.252,0.117897,1.128268,0.11301
26-Jan-2025 14:23:51.269,0.098349,1.164309,0.07758
26-Jan-2025 14:23:51.285,0.020159,1.195463,0.125227
26-Jan-2025 14:23:51.301,-0.044593,1.173472,0.142942
26-Jan-2025 14:23:51.317,-0.131336,1.113607,0.182038
26-Jan-2025 14:23:51.333,-0.185703,1.054353,0.207694
26-Jan-2025 14:23:51.349,-0.174707,0.968221,0.223577
26-Jan-2025 14:23:51.365,-0.160658,0.904081,0.208916
26-Jan-2025 14:23:51.381,-0.099571,0.775799,0.154549
26-Jan-2025 14:23:51.397,-0.00672,0.701884,0.111177
26-Jan-2025 14:23:51.413,0.123395,0.580933,0.078191
26-Jan-2025 14:23:51.429,0.185092,0.468534,0.058032
26-Jan-2025 14:23:51.445,0.238237,0.350026,0.103236
26-Jan-2025 14:23:51.461,0.293826,0.426384,0.184481
26-Jan-2025 14:23:51.477,0.408669,0.527788,0.252287
26-Jan-2025 14:23:51.493,0.469755,0.396452,0.290161
26-Jan-2025 14:23:51.509,0.463036,0.40256,0.299935
26-Jan-2025 14:23:51.525,0.409891,0.47281,0.28955
26-Jan-2025 14:23:51.541,0.334143,0.400117,0.2474
26-Jan-2025 14:23:51.558,0.185092,0.235794,0.156382
26-Jan-2025 14:23:51.574,0.061087,0.110567,0.068417
26-Jan-2025 14:23:51.590,-0.043982,-0.061697,-0.087354
26-Jan-2025 14:23:51.606,-0.053145,-0.163712,-0.20464
26-Jan-2025 14:23:51.622,0.024435,-0.171042,-0.315206
26-Jan-2025 14:23:51.638,0.10568,-0.09163,-0.368352
26-Jan-2025 14:23:51.654,0.160658,0.050702,-0.380569
26-Jan-2025 14:23:51.670,0.205251,0.234572,-0.348804
26-Jan-2025 14:23:51.686,0.227242,0.270613,-0.332922
26-Jan-2025 14:23:51.702,0.178373,0.199142,-0.276111
26-Jan-2025 14:23:51.718,0.07086,0.155771,-0.197309
26-Jan-2025 14:23:51.734,-0.099571,0.218079,-0.191201
26-Jan-2025 14:23:51.750,-0.215635,0.26817,-0.277944
26-Jan-2025 14:23:51.766,-0.277333,0.390343,-0.365908
26-Jan-2025 14:23:51.782,-0.290161,0.475864,-0.390343
26-Jan-2025 14:23:51.798,-0.3036,0.555887,-0.379958
26-Jan-2025 14:23:51.814,-0.325591,0.637743,-0.322537
26-Jan-2025 14:23:51.830,-0.351248,0.646906,-0.255953
26-Jan-2025 14:23:51.847,-0.329867,0.61392,-0.17654
26-Jan-2025 14:23:51.862,-0.273057,0.603535,-0.172875
26-Jan-2025 14:23:51.879,-0.196699,0.582155,-0.205862
26-Jan-2025 14:23:51.895,-0.164934,0.568716,-0.235183
26-Jan-2025 14:23:51.911,-0.144775,0.55039,-0.258396
26-Jan-2025 14:23:51.927,-0.147829,0.552222,-0.243124
26-Jan-2025 14:23:51.943,-0.131947,0.605978,-0.202807
26-Jan-2025 14:23:51.959,-0.109345,0.681726,-0.175318
26-Jan-2025 14:23:51.975,-0.074526,0.725708,-0.147829
26-Jan-2025 14:23:51.991,-0.002443,0.733038,-0.131947
26-Jan-2025 14:23:52.007,0.046426,0.728762,-0.141721
26-Jan-2025 14:23:52.023,0.0562,0.667065,-0.189979
26-Jan-2025 14:23:52.039,0.015272,0.621861,-0.238237
26-Jan-2025 14:23:52.055,-0.058643,0.629802,-0.266948
26-Jan-2025 14:23:52.071,-0.082467,0.668897,-0.267559
26-Jan-2025 14:23:52.087,0.044593,0.728762,-0.285274
26-Jan-2025 14:23:52.103,0.222966,0.720821,-0.339641
26-Jan-2025 14:23:52.119,0.196088,0.507018,-0.354302
26-Jan-2025 14:23:52.135,0.064141,0.547335,-0.291994
26-Jan-2025 14:23:52.151,0.017104,0.660345,-0.249844
26-Jan-2025 14:23:52.168,0.039706,0.652404,-0.233351
26-Jan-2025 14:23:52.184,0.111788,0.816727,-0.194866
26-Jan-2025 14:23:52.200,0.030543,1.035417,-0.103847
26-Jan-2025 14:23:52.216,-0.118508,1.152092,-0.036041
26-Jan-2025 14:23:52.232,-0.213803,1.248609,0.048869
26-Jan-2025 14:23:52.248,-0.172875,1.260826,0.112399
26-Jan-2025 14:23:52.264,-0.087965,1.153924,0.18387
26-Jan-2025 14:23:52.280,-0.040317,1.106888,0.216857
26-Jan-2025 14:23:52.296,-0.004276,1.15087,0.226631
26-Jan-2025 14:23:52.312,0.007941,1.224174,0.211359
26-Jan-2025 14:23:52.328,-0.031765,1.233948,0.192423
26-Jan-2025 14:23:52.344,-0.158825,1.252274,0.192423
26-Jan-2025 14:23:52.360,-0.282831,1.285871,0.241903
26-Jan-2025 14:23:52.376,-0.392786,1.317636,0.318872
26-Jan-2025 14:23:52.392,-0.401338,1.317636,0.36041
26-Jan-2025 14:23:52.408,-0.36041,1.295645,0.373239
26-Jan-2025 14:23:52.424,-0.322537,1.226617,0.318261
26-Jan-2025 14:23:52.441,-0.254731,1.12277,0.182038
26-Jan-2025 14:23:52.457,-0.206472,1.047634,0.082467
26-Jan-2025 14:23:52.473,-0.175318,0.973719,0.015272
26-Jan-2025 14:23:52.489,-0.159436,0.961502,0.012217
26-Jan-2025 14:23:52.505,-0.164934,0.979217,0.040928
26-Jan-2025 14:23:52.521,-0.187536,0.979217,0.07758
26-Jan-2025 14:23:52.537,-0.208305,0.951728,0.080634
26-Jan-2025 14:23:52.553,-0.200975,0.871094,0.075136
26-Jan-2025 14:23:52.569,-0.161268,0.813672,0.083078
26-Jan-2025 14:23:52.585,-0.07086,0.739758,0.115454
26-Jan-2025 14:23:52.601,-0.023824,0.667065,0.125227
26-Jan-2025 14:23:52.617,0.026878,0.554055,0.109345
26-Jan-2025 14:23:52.633,0.118508,0.42394,0.08491
26-Jan-2025 14:23:52.649,0.218079,0.293826,0.078802
26-Jan-2025 14:23:52.665,0.26145,0.187536,0.102625
26-Jan-2025 14:23:52.681,0.267559,0.149662,0.156382
26-Jan-2025 14:23:52.697,0.284052,0.064752,0.233351
26-Jan-2025 14:23:52.713,0.317039,-0.066584,0.284052
26-Jan-2025 14:23:52.729,0.387289,-0.182649,0.3036
26-Jan-2025 14:23:52.745,0.444099,-0.18326,0.248622
26-Jan-2025 14:23:52.762,0.466701,-0.232129,0.165544
26-Jan-2025 14:23:52.778,0.403782,-0.305433,0.128282
26-Jan-2025 14:23:52.794,0.243124,-0.406225,0.108123
26-Jan-2025 14:23:52.810,-0.020769,-0.486249,0.065973
26-Jan-2025 14:23:52.826,-0.145997,-0.502742,0.015882
26-Jan-2025 14:23:52.842,-0.158825,-0.484416,-0.053756
26-Jan-2025 14:23:52.858,-0.07086,-0.432493,-0.129503
26-Jan-2025 14:23:52.874,0.085521,-0.351858,-0.230296
26-Jan-2025 14:23:52.890,0.201586,-0.202807,-0.252287
26-Jan-2025 14:23:52.906,0.3036,-0.12034,-0.253509
26-Jan-2025 14:23:52.922,0.277333,-0.237627,-0.259007
26-Jan-2025 14:23:52.938,0.182038,-0.366519,-0.252898
26-Jan-2025 14:23:52.954,0.084299,-0.309098,-0.231518
26-Jan-2025 14:23:52.970,-0.040928,-0.219301,-0.219301
26-Jan-2025 14:23:52.986,-0.166766,-0.094073,-0.219301
26-Jan-2025 14:23:53.002,-0.20464,-0.000611,-0.25412
26-Jan-2025 14:23:53.018,-0.223577,0.102014,-0.301767
26-Jan-2025 14:23:53.034,-0.216246,0.152105,-0.3036
26-Jan-2025 14:23:53.051,-0.193644,0.213192,-0.288939
26-Jan-2025 14:23:53.067,-0.184481,0.236405,-0.290161
26-Jan-2025 14:23:53.083,-0.141721,0.201586,-0.298102
26-Jan-2025 14:23:53.099,-0.105069,0.175929,-0.313985
26-Jan-2025 14:23:53.115,-0.097128,0.200364,-0.327424
26-Jan-2025 14:23:53.131,-0.109345,0.226631,-0.319483
26-Jan-2025 14:23:53.147,-0.130725,0.240681,-0.295048
26-Jan-2025 14:23:53.163,-0.15516,0.277333,-0.246179
26-Jan-2025 14:23:53.179,-0.155771,0.309098,-0.214414
26-Jan-2025 14:23:53.195,-0.055589,0.372017,-0.188757
26-Jan-2025 14:23:53.211,0.045815,0.342695,-0.175929
26-Jan-2025 14:23:53.227,0.136834,0.2474,-0.153327
26-Jan-2025 14:23:53.243,0.188757,0.173486,-0.181427
26-Jan-2025 14:23:53.259,0.192423,0.020159,-0.292604
26-Jan-2025 14:23:53.275,0.163712,-0.040317,-0.350637
26-Jan-2025 14:23:53.291,0.158825,-0.004887,-0.362243
26-Jan-2025 14:23:53.307,0.222355,0.037874,-0.345139
26-Jan-2025 14:23:53.323,0.394619,0.050091,-0.339641
26-Jan-2025 14:23:53.339,0.759305,0.14844,-0.356745
26-Jan-2025 14:23:53.356,0.842994,0.080634,-0.28955
26-Jan-2025 14:23:53.372,0.645685,0.062919,-0.076358
26-Jan-2025 14:23:53.388,0.461203,0.180816,0.022602
26-Jan-2025 14:23:53.404,0.235794,0.251676,0.025656
26-Jan-2025 14:23:53.420,0.138666,0.288939,0.025656
26-Jan-2025 14:23:53.436,0.074526,0.375682,0.034819
26-Jan-2025 14:23:53.452,0.073915,0.436769,0.072082
26-Jan-2025 14:23:53.468,0.111177,0.405615,0.149051
26-Jan-2025 14:23:53.484,0.144775,0.12706,0.263283
26-Jan-2025 14:23:53.500,0.140499,-0.119119,0.343306
26-Jan-2025 14:23:53.516,0.132558,-0.302989,0.42394
26-Jan-2025 14:23:53.532,0.103847,-0.351248,0.428827
26-Jan-2025 14:23:53.548,-0.010996,-0.431882,0.359189
26-Jan-2025 14:23:53.564,-0.138666,-0.525344,0.34575
26-Jan-2025 14:23:53.580,-0.268781,-0.689667,0.356134
26-Jan-2025 14:23:53.596,-0.274889,-0.861931,0.33903
26-Jan-2025 14:23:53.612,-0.158825,-1.083675,0.295048
26-Jan-2025 14:23:53.628,-0.060476,-1.223563,0.2474
26-Jan-2025 14:23:53.645,0.025045,-1.382388,0.193644
26-Jan-2025 14:23:53.661,0.110567,-1.519833,0.174707
26-Jan-2025 14:23:53.677,0.166155,-1.530828,0.170431
26-Jan-2025 14:23:53.693,0.174707,-1.543656,0.144164
26-Jan-2025 14:23:53.709,0.083689,-1.564426,0.128893
26-Jan-2025 14:23:53.725,-0.055589,-1.605965,0.170431
26-Jan-2025 14:23:53.741,-0.152105,-1.580308,0.233961
26-Jan-2025 14:23:53.757,-0.257174,-1.420262,0.267559
26-Jan-2025 14:23:53.773,-0.272446,-1.263269,0.235183
26-Jan-2025 14:23:53.789,-0.325591,-1.342071,0.193644
26-Jan-2025 14:23:53.805,-0.333532,-1.449583,0.156992
26-Jan-2025 14:23:53.821,-0.237627,-1.451416,0.106291
26-Jan-2025 14:23:53.837,-0.142942,-1.347569,0.051313
26-Jan-2025 14:23:53.853,-0.087354,-1.306641,0.068417
26-Jan-2025 14:23:53.869,-0.041539,-1.324967,0.160658
26-Jan-2025 14:23:53.885,-0.042761,-1.305419,0.256563
26-Jan-2025 14:23:53.901,-0.036652,-1.222952,0.358578
26-Jan-2025 14:23:53.917,0,-1.232726,0.40928
26-Jan-2025 14:23:53.934,0.032376,-1.321302,0.440434
26-Jan-2025 14:23:53.950,0.036652,-1.345125,0.427606
26-Jan-2025 14:23:53.966,0.053756,-1.317636,0.385456
26-Jan-2025 14:23:53.982,0.135612,-1.29198,0.320704
26-Jan-2025 14:23:53.998,0.225409,-1.263269,0.279776
26-Jan-2025 14:23:54.014,0.236405,-1.231504,0.302378
26-Jan-2025 14:23:54.030,0.11301,-1.171029,0.408669
26-Jan-2025 14:23:54.046,-0.101404,-1.204015,0.508851
26-Jan-2025 14:23:54.062,-0.221744,-1.329854,0.500299
26-Jan-2025 14:23:54.078,-0.376293,-1.587028,0.449597
26-Jan-2025 14:23:54.094,-0.529009,-1.722029,0.395841
26-Jan-2025 14:23:54.110,-0.651793,-1.76479,0.302989
26-Jan-2025 14:23:54.126,-0.71288,-1.809994,0.142332
26-Jan-2025 14:23:54.142,-0.620028,-1.835039,0.015272
26-Jan-2025 14:23:54.158,-0.364687,-1.830152,-0.125838
26-Jan-2025 14:23:54.174,-0.218079,-1.767233,-0.155771
26-Jan-2025 14:23:54.190,-0.129503,-1.533883,-0.08491
26-Jan-2025 14:23:54.206,-0.135001,-1.437977,-0.004887
26-Jan-2025 14:23:54.222,-0.255342,-1.519833,0.098349
26-Jan-2025 14:23:54.238,-0.335976,-1.627956,0.158825
26-Jan-2025 14:23:54.255,-0.433103,-1.611462,0.143553
26-Jan-2025 14:23:54.271,-0.50091,-1.529607,0.089797
26-Jan-2025 14:23:54.287,-0.558331,-1.448362,0.00672
26-Jan-2025 14:23:54.303,-0.587652,-1.337795,-0.117897
26-Jan-2025 14:23:54.319,-0.552833,-1.282817,-0.206472
26-Jan-2025 14:23:54.335,-0.392175,-1.233337,-0.290161
26-Jan-2025 14:23:54.351,-0.257785,-1.284039,-0.312763
26-Jan-2025 14:23:54.367,-0.199753,-1.408044,-0.313985
26-Jan-2025 14:23:54.383,-0.217468,-1.378723,-0.325591
26-Jan-2025 14:23:54.399,-0.250455,-1.271821,-0.365297
26-Jan-2025 14:23:54.415,-0.335365,-1.423316,-0.414777
26-Jan-2025 14:23:54.431,-0.391565,-1.564426,-0.516181
26-Jan-2025 14:23:54.447,-0.369573,-1.537548,-0.580933
26-Jan-2025 14:23:54.463,-0.350026,-1.461801,-0.624304
26-Jan-2025 14:23:54.479,-0.340863,-1.382999,-0.627969
26-Jan-2025 14:23:54.495,-0.348804,-1.338406,-0.638354
26-Jan-2025 14:23:54.511,-0.361021,-1.342682,-0.681726
26-Jan-2025 14:23:54.528,-0.340863,-1.389108,-0.729984
26-Jan-2025 14:23:54.544,-0.200975,-1.303586,-0.79779
26-Jan-2025 14:23:54.560,-0.09163,-1.297478,-0.836885
26-Jan-2025 14:23:54.576,0.107512,-1.353677,-0.866207
26-Jan-2025 14:23:54.592,0.306654,-1.33413,-0.842383
26-Jan-2025 14:23:54.608,0.485027,-1.287093,-0.719599
26-Jan-2025 14:23:54.624,0.679893,-1.232726,-0.475864
26-Jan-2025 14:23:54.640,0.876592,-1.150259,-0.339641
26-Jan-2025 14:23:54.656,1.094671,-1.210124,-0.161879
26-Jan-2025 14:23:54.672,0.962724,-1.352456,0.010996
26-Jan-2025 14:23:54.688,0.601702,-1.272432,0.099571
26-Jan-2025 14:23:54.704,0.462425,-1.166142,0.003665
26-Jan-2025 14:23:54.720,0.478918,-1.240056,-0.135001
26-Jan-2025 14:23:54.736,0.499688,-1.335962,-0.184481
26-Jan-2025 14:23:54.752,0.497244,-1.35551,-0.171042
26-Jan-2025 14:23:54.768,0.475864,-1.36956,-0.091019
26-Jan-2025 14:23:54.784,0.401949,-1.414764,0.0281
26-Jan-2025 14:23:54.800,0.312152,-1.476461,0.184481
26-Jan-2025 14:23:54.816,0.309098,-1.505172,0.239459
26-Jan-2025 14:23:54.832,0.375071,-1.586417,0.255342
26-Jan-2025 14:23:54.849,0.394619,-1.575421,0.280387
26-Jan-2025 14:23:54.865,0.28955,-1.563204,0.337808
26-Jan-2025 14:23:54.881,0.178373,-1.566869,0.356134
26-Jan-2025 14:23:54.897,0.07758,-1.569313,0.311541
26-Jan-2025 14:23:54.913,0.036652,-1.605965,0.219301
26-Jan-2025 14:23:54.929,0.016493,-1.690875,0.071471
26-Jan-2025 14:23:54.945,0.0281,-1.726305,0.001222
26-Jan-2025 14:23:54.961,0.037874,-1.736079,-0.033598
26-Jan-2025 14:23:54.977,0.017104,-1.693929,-0.069028
26-Jan-2025 14:23:54.993,-0.030543,-1.599245,-0.102625
26-Jan-2025 14:23:55.009,-0.075747,-1.481959,-0.128282
26-Jan-2025 14:23:55.025,-0.084299,-1.415986,-0.108734
26-Jan-2025 14:23:55.041,-0.086743,-1.334741,-0.061697
26-Jan-2025 14:23:55.057,-0.087965,-1.258382,-0.029932
26-Jan-2025 14:23:55.073,-0.092241,-1.117883,-0.006109
26-Jan-2025 14:23:55.089,-0.103236,-1.027475,0.010385
26-Jan-2025 14:23:55.105,-0.114843,-0.940122,0.024435
26-Jan-2025 14:23:55.121,-0.109956,-0.800233,0.036041
26-Jan-2025 14:23:55.138,-0.073915,-0.723875,0.034208
26-Jan-2025 14:23:55.154,-0.024435,-0.626137,0.048258
26-Jan-2025 14:23:55.170,-0.029932,-0.513738,0.104458
26-Jan-2025 14:23:55.186,-0.047037,-0.354913,0.232129
26-Jan-2025 14:23:55.202,-0.033598,-0.240681,0.344528
26-Jan-2025 14:23:55.218,0.011606,-0.094073,0.450208
26-Jan-2025 14:23:55.234,0.023213,-0.062919,0.473421
26-Jan-2025 14:23:55.250,0.043982,-0.072693,0.439823
26-Jan-2025 14:23:55.266,0.156382,-0.09896,0.387289
26-Jan-2025 14:23:55.282,0.292604,-0.10568,0.324369
26-Jan-2025 14:23:55.298,0.430049,-0.009774,0.237016
26-Jan-2025 14:23:55.314,0.505186,0.036652,0.200364
26-Jan-2025 14:23:55.330,0.544892,0.180816,0.243124
26-Jan-2025 14:23:55.346,0.561996,0.376293,0.32498
26-Jan-2025 14:23:55.362,0.474031,0.333532,0.436769
26-Jan-2025 14:23:55.378,0.372628,0.229074,0.474642
26-Jan-2025 14:23:55.394,0.244346,0.038485,0.38851
26-Jan-2025 14:23:55.410,0.088575,-0.037263,0.252287
26-Jan-2025 14:23:55.426,-0.089186,-0.028711,0.080634
26-Jan-2025 14:23:55.443,-0.199142,-0.048258,-0.129503
26-Jan-2025 14:23:55.459,-0.117286,-0.028711,-0.251066
26-Jan-2025 14:23:55.475,0.117286,0.088575,-0.355524
26-Jan-2025 14:23:55.491,0.271224,0.19792,-0.375682
26-Jan-2025 14:23:55.507,0.398284,0.373239,-0.340252
26-Jan-2025 14:23:55.523,0.412334,0.439212,-0.314596
26-Jan-2025 14:23:55.539,0.306043,0.415999,-0.228464
26-Jan-2025 14:23:55.555,0.213803,0.339641,-0.128893
26-Jan-2025 14:23:55.571,0.050702,0.3317,-0.118508
26-Jan-2025 14:23:55.587,-0.071471,0.433714,-0.227242
26-Jan-2025 14:23:55.603,-0.154549,0.537561,-0.324369
26-Jan-2025 14:23:55.619,-0.166155,0.635911,-0.371406
26-Jan-2025 14:23:55.635,-0.154549,0.69883,-0.380569
26-Jan-2025 14:23:55.651,-0.127671,0.86132,-0.321315
26-Jan-2025 14:23:55.667,-0.135612,0.964556,-0.233961
26-Jan-2025 14:23:55.683,-0.139277,1.047634,-0.144164
26-Jan-2025 14:23:55.699,-0.11301,1.059851,-0.142942
26-Jan-2025 14:23:55.715,-0.102014,1.034806,-0.18387
26-Jan-2025 14:23:55.732,-0.12706,1.034806,-0.213192
26-Jan-2025 14:23:55.748,-0.163712,1.07329,-0.230296
26-Jan-2025 14:23:55.764,-0.201586,1.139875,-0.210749
26-Jan-2025 14:23:55.780,-0.245568,1.231504,-0.170431
26-Jan-2025 14:23:55.796,-0.222966,1.289536,-0.142332
26-Jan-2025 14:23:55.812,-0.180816,1.27793,-0.138056
26-Jan-2025 14:23:55.828,-0.131947,1.241278,-0.142332
26-Jan-2025 14:23:55.844,-0.093462,1.251663,-0.146608
26-Jan-2025 14:23:55.860,0.002443,1.282817,-0.18326
26-Jan-2025 14:23:55.876,0.058643,1.220509,-0.240681
26-Jan-2025 14:23:55.892,0.018937,1.150259,-0.276111
26-Jan-2025 14:23:55.908,-0.031154,1.178359,-0.259007
26-Jan-2025 14:23:55.924,0.021991,1.252885,-0.222355
26-Jan-2025 14:23:55.940,0.222966,1.317636,-0.219301
26-Jan-2025 14:23:55.956,0.225409,1.251052,-0.174097
26-Jan-2025 14:23:55.972,0.109956,1.271211,-0.039095
26-Jan-2025 14:23:55.988,0.0562,1.310306,-0.018326
26-Jan-2025 14:23:56.004,0.020769,1.273043,-0.030543
26-Jan-2025 14:23:56.020,-0.007941,1.282206,-0.053756
26-Jan-2025 14:23:56.036,-0.101404,1.350012,-0.081245
26-Jan-2025 14:23:56.053,-0.200364,1.467909,-0.061697
26-Jan-2025 14:23:56.069,-0.26817,1.618793,-0.009774
26-Jan-2025 14:23:56.085,-0.248011,1.611462,0.072082
26-Jan-2025 14:23:56.101,-0.175929,1.583363,0.164934
26-Jan-2025 14:23:56.117,-0.103847,1.433701,0.233961
26-Jan-2025 14:23:56.133,-0.089797,1.342682,0.237627
26-Jan-2025 14:23:56.149,-0.089186,1.399492,0.187536
26-Jan-2025 14:23:56.165,-0.127671,1.504561,0.133779
26-Jan-2025 14:23:56.181,-0.196699,1.566869,0.118508
26-Jan-2025 14:23:56.197,-0.229685,1.563815,0.149662
26-Jan-2025 14:23:56.213,-0.299935,1.551598,0.266337
26-Jan-2025 14:23:56.229,-0.385456,1.558928,0.387289
26-Jan-2025 14:23:56.245,-0.421497,1.53938,0.474642
26-Jan-2025 14:23:56.261,-0.395841,1.534493,0.419664
26-Jan-2025 14:23:56.277,-0.391565,1.562593,0.277944
26-Jan-2025 14:23:56.293,-0.375682,1.544878,0.071471
26-Jan-2025 14:23:56.309,-0.329256,1.481348,-0.022602
26-Jan-2025 14:23:56.325,-0.260229,1.423927,-0.038485
26-Jan-2025 14:23:56.342,-0.215635,1.415986,0.02138
26-Jan-2025 14:23:56.358,-0.146608,1.456303,0.106901
26-Jan-2025 14:23:56.374,-0.059865,1.505172,0.147219
26-Jan-2025 14:23:56.390,0.061087,1.4899,0.184481
26-Jan-2025 14:23:56.406,0.136834,1.422705,0.200364
26-Jan-2025 14:23:56.421,0.164323,1.288926,0.191201
26-Jan-2025 14:23:56.438,0.218079,1.16492,0.146608
26-Jan-2025 14:23:56.454,0.307265,1.028086,0.093462
26-Jan-2025 14:23:56.470,0.38118,0.70616,0.029932
26-Jan-2025 14:23:56.486,0.305433,0.626137,-0.010996
26-Jan-2025 14:23:56.502,0.075747,0.699441,0.003054
26-Jan-2025 14:23:56.518,-0.068417,0.659124,0.078802
26-Jan-2025 14:23:56.534,-0.020159,0.460592,0.177151
26-Jan-2025 14:23:56.550,0.100182,0.271224,0.194866
26-Jan-2025 14:23:56.566,0.216857,0.195477,0.204029
26-Jan-2025 14:23:56.582,0.354913,0.327424,0.188147
26-Jan-2025 14:23:56.598,0.494801,0.408669,0.155771
26-Jan-2025 14:23:56.614,0.450208,0.326813,0.146608
26-Jan-2025 14:23:56.630,0.354302,0.221133,0.141721
26-Jan-2025 14:23:56.646,0.332311,0.2755,0.037263
26-Jan-2025 14:23:56.663,0.379958,0.348804,-0.080023
26-Jan-2025 14:23:56.679,0.403171,0.230907,-0.20464
26-Jan-2025 14:23:56.695,0.349415,0.156992,-0.24679
26-Jan-2025 14:23:56.711,0.186925,0.128282,-0.252287
26-Jan-2025 14:23:56.727,0.080634,0.169821,-0.237016
26-Jan-2025 14:23:56.742,-0.001222,0.389732,-0.241292
26-Jan-2025 14:23:56.759,0.008552,0.567494,-0.265726
26-Jan-2025 14:23:56.775,0.019548,0.695776,-0.295659
26-Jan-2025 14:23:56.791,-0.023824,0.705549,-0.295659
26-Jan-2025 14:23:56.807,-0.031154,0.627359,-0.22602
26-Jan-2025 14:23:56.823,-0.020769,0.52229,-0.163101
26-Jan-2025 14:23:56.839,-0.051924,0.54367,-0.179594
26-Jan-2025 14:23:56.855,-0.095295,0.696997,-0.207083
26-Jan-2025 14:23:56.871,-0.085521,0.752586,-0.208916
26-Jan-2025 14:23:56.887,-0.032987,0.782518,-0.172264
26-Jan-2025 14:23:56.903,0.011606,0.875981,-0.129503
26-Jan-2025 14:23:56.918,0.059254,1.03053,-0.068417
26-Jan-2025 14:23:56.935,-0.031154,0.93157,-0.017715
26-Jan-2025 14:23:56.951,-0.094073,0.860709,-0.013439
26-Jan-2025 14:23:56.967,-0.146608,0.901026,-0.04215
26-Jan-2025 14:23:56.984,-0.181427,0.957837,-0.081856
26-Jan-2025 14:23:57.000,-0.168599,1.040914,-0.137445
26-Jan-2025 14:23:57.016,-0.137445,1.076345,-0.182649
26-Jan-2025 14:23:57.032,-0.152105,1.089784,-0.221133
26-Jan-2025 14:23:57.048,-0.149051,1.10872,-0.227242
26-Jan-2025 14:23:57.064,-0.124617,1.146594,-0.241292
26-Jan-2025 14:23:57.080,-0.078802,1.17897,-0.265116
26-Jan-2025 14:23:57.096,-0.0281,1.218676,-0.296881
26-Jan-2025 14:23:57.112,0.026878,1.295645,-0.359189
26-Jan-2025 14:23:57.128,0.072693,1.371392,-0.397062
26-Jan-2025 14:23:57.144,0.167377,1.431257,-0.376904
26-Jan-2025 14:23:57.160,0.159436,1.431257,-0.370184
26-Jan-2025 14:23:57.176,-0.010996,1.522276,-0.325591
26-Jan-2025 14:23:57.192,-0.181427,1.614517,-0.267559
26-Jan-2025 14:23:57.208,-0.168599,1.888184,-0.292604
26-Jan-2025 14:23:57.224,-0.026878,2.058616,-0.364076
26-Jan-2025 14:23:57.239,0.113621,2.051896,-0.407447
26-Jan-2025 14:23:57.257,0.127671,1.955991,-0.390343
26-Jan-2025 14:23:57.272,-0.01405,1.946217,-0.35308
26-Jan-2025 14:23:57.289,-0.228464,2.035403,-0.268781
26-Jan-2025 14:23:57.305,-0.314596,2.156354,-0.16921
26-Jan-2025 14:23:57.321,-0.315206,2.277306,-0.052534
26-Jan-2025 14:23:57.337,-0.293215,2.27303,-0.025656
26-Jan-2025 14:23:57.353,-0.307265,2.235767,-0.003054
26-Jan-2025 14:23:57.369,-0.357967,2.202169,0.048869
26-Jan-2025 14:23:57.385,-0.427606,2.186898,0.108123
26-Jan-2025 14:23:57.401,-0.410501,2.16735,0.149051
26-Jan-2025 14:23:57.417,-0.3598,2.155743,0.158825
26-Jan-2025 14:23:57.433,-0.302989,2.107485,0.182649
26-Jan-2025 14:23:57.449,-0.271224,2.064114,0.221133
26-Jan-2025 14:23:57.465,-0.250455,2.101377,0.280387
26-Jan-2025 14:23:57.481,-0.248622,2.145359,0.291383
26-Jan-2025 14:23:57.497,-0.257785,2.172848,0.266948
26-Jan-2025 14:23:57.513,-0.220522,2.178345,0.242514
26-Jan-2025 14:23:57.529,-0.145997,2.187508,0.168599
26-Jan-2025 14:23:57.545,-0.101404,2.16735,0.120951
26-Jan-2025 14:23:57.560,-0.07758,2.164907,0.100182
26-Jan-2025 14:23:57.578,-0.057421,2.182621,0.081856
26-Jan-2025 14:23:57.594,-0.039095,2.177735,0.064141
26-Jan-2025 14:23:57.610,-0.040317,2.142304,0.057421
26-Jan-2025 14:23:57.626,-0.073915,2.120313,0.081245
26-Jan-2025 14:23:57.642,-0.137445,2.086716,0.106291
26-Jan-2025 14:23:57.658,-0.170431,2.073277,0.119119
26-Jan-2025 14:23:57.674,-0.131947,2.084272,0.143553
26-Jan-2025 14:23:57.690,-0.128893,1.963932,0.161879
26-Jan-2025 14:23:57.706,-0.065973,1.87108,0.202196
26-Jan-2025 14:23:57.722,0.012217,1.864361,0.231518
26-Jan-2025 14:23:57.738,0.073915,1.882687,0.279776
26-Jan-2025 14:23:57.754,0.149051,1.880854,0.359189
26-Jan-2025 14:23:57.770,0.21197,1.829541,0.379347
26-Jan-2025 14:23:57.786,0.193644,1.737301,0.369573
26-Jan-2025 14:23:57.802,0.096517,1.80022,0.369573
26-Jan-2025 14:23:57.818,0.018937,1.954158,0.335365
26-Jan-2025 14:23:57.834,0.039706,1.918728,0.285274
26-Jan-2025 14:23:57.850,0.078802,1.681101,0.249233
26-Jan-2025 14:23:57.866,0.031765,1.597413,0.220522
26-Jan-2025 14:23:57.882,-0.096517,1.637119,0.133169
26-Jan-2025 14:23:57.899,-0.152105,1.668273,0.043371
26-Jan-2025 14:23:57.915,-0.128893,1.674993,-0.0281
26-Jan-2025 14:23:57.931,0.017104,1.700038,-0.101404
26-Jan-2025 14:23:57.947,0.126449,1.678047,-0.136223
26-Jan-2025 14:23:57.963,0.198531,1.659721,-0.124617
26-Jan-2025 14:23:57.979,0.201586,1.803274,-0.112399
26-Jan-2025 14:23:57.995,0.122173,1.997529,-0.180816
26-Jan-2025 14:23:58.011,0.052534,2.071444,-0.229074
26-Jan-2025 14:23:58.027,-0.025656,2.171015,-0.200364
26-Jan-2025 14:23:58.043,-0.09896,2.193006,-0.128282
26-Jan-2025 14:23:58.059,-0.182038,2.17468,-0.07758
26-Jan-2025 14:23:58.075,-0.240681,2.218663,-0.06353
26-Jan-2025 14:23:58.091,-0.227242,2.237599,-0.051924
26-Jan-2025 14:23:58.107,-0.160658,2.259591,-0.03543
26-Jan-2025 14:23:58.123,-0.095906,2.282192,-0.028711
26-Jan-2025 14:23:58.139,-0.038485,2.30174,0.010996
26-Jan-2025 14:23:58.155,-0.022602,2.297464,0.043371
26-Jan-2025 14:23:58.171,-0.034208,2.274862,0.047037
26-Jan-2025 14:23:58.187,-0.043982,2.208889,0.040928
26-Jan-2025 14:23:58.203,-0.064752,2.057394,0.017104
26-Jan-2025 14:23:58.220,-0.101404,1.973095,0.011606
26-Jan-2025 14:23:58.236,-0.166155,1.951104,0.023824
26-Jan-2025 14:23:58.252,-0.265726,1.950493,0.06353
26-Jan-2025 14:23:58.268,-0.341474,1.941941,0.091019
26-Jan-2025 14:23:58.284,-0.407447,1.860695,0.122173
26-Jan-2025 14:23:58.300,-0.39523,1.745853,0.131336
26-Jan-2025 14:23:58.316,-0.356134,1.630399,0.123395
26-Jan-2025 14:23:58.332,-0.313374,1.549765,0.120951
26-Jan-2025 14:23:58.348,-0.26145,1.409877,0.112399
26-Jan-2025 14:23:58.364,-0.229685,1.307863,0.108123
26-Jan-2025 14:23:58.380,-0.18326,1.239446,0.103847
26-Jan-2025 14:23:58.396,-0.08491,1.236391,0.073915
26-Jan-2025 14:23:58.412,-0.064752,1.107499,0.04948
26-Jan-2025 14:23:58.428,-0.045815,0.894918,0.022602
26-Jan-2025 14:23:58.444,0.00733,0.852157,-0.048258
26-Jan-2025 14:23:58.460,0.080634,0.885144,-0.149662
26-Jan-2025 14:23:58.476,0.104458,0.904691,-0.199142
26-Jan-2025 14:23:58.492,0.128282,0.882089,-0.259618
26-Jan-2025 14:23:58.509,0.153327,0.835053,-0.29627
26-Jan-2025 14:23:58.524,0.201586,0.772134,-0.354913
26-Jan-2025 14:23:58.541,0.328035,0.72021,-0.43799
26-Jan-2025 14:23:58.557,0.590096,0.654237,-0.535729
26-Jan-2025 14:23:58.573,0.729373,0.405615,-0.529009
26-Jan-2025 14:23:58.589,0.659124,0.364076,-0.384845
26-Jan-2025 14:23:58.605,0.554055,0.420275,-0.346971
26-Jan-2025 14:23:58.621,0.475864,0.447764,-0.41661
26-Jan-2025 14:23:58.637,0.38118,0.516181,-0.419054
26-Jan-2025 14:23:58.653,0.304211,0.604146,-0.354913
26-Jan-2025 14:23:58.669,0.211359,0.79046,-0.2474
26-Jan-2025 14:23:58.685,0.229074,0.962113,-0.135001
26-Jan-2025 14:23:58.701,0.372628,0.963945,0.094073
26-Jan-2025 14:23:58.717,0.49419,0.814283,0.235794
26-Jan-2025 14:23:58.733,0.546724,0.666454,0.28955
26-Jan-2025 14:23:58.749,0.499688,0.648128,0.284052
26-Jan-2025 14:23:58.765,0.368963,0.708604,0.262672
26-Jan-2025 14:23:58.781,0.075136,0.788016,0.257174
26-Jan-2025 14:23:58.797,-0.136223,0.769079,0.307876
26-Jan-2025 14:23:58.813,-0.306043,0.691499,0.364687
26-Jan-2025 14:23:58.830,-0.386678,0.610254,0.362854
26-Jan-2025 14:23:58.846,-0.431882,0.407447,0.335365
26-Jan-2025 14:23:58.862,-0.390343,0.194866,0.285274
26-Jan-2025 14:23:58.878,-0.306654,0.043982,0.202807
26-Jan-2025 14:23:58.894,-0.191812,-0.048258,0.089186
26-Jan-2025 14:23:58.910,-0.133169,-0.117286,0.053145
26-Jan-2025 14:23:58.926,-0.086132,-0.248622,0.079412
26-Jan-2025 14:23:58.942,-0.100182,-0.340863,0.12706
26-Jan-2025 14:23:58.958,-0.179594,-0.422719,0.182649
26-Jan-2025 14:23:58.974,-0.23274,-0.447764,0.208305
26-Jan-2025 14:23:58.990,-0.237627,-0.528398,0.213803
26-Jan-2025 14:23:59.006,-0.222355,-0.625526,0.200975
26-Jan-2025 14:23:59.022,-0.185092,-0.725708,0.153938
26-Jan-2025 14:23:59.038,-0.145997,-0.811229,0.117286
26-Jan-2025 14:23:59.054,-0.054978,-0.9108,0.078802
26-Jan-2025 14:23:59.070,0.086132,-1.029919,0.055589
26-Jan-2025 14:23:59.086,0.11301,-1.092838,0.086132
26-Jan-2025 14:23:59.103,0.034819,-1.109331,0.185703
26-Jan-2025 14:23:59.119,-0.025045,-1.135599,0.26145
26-Jan-2025 14:23:59.135,-0.01405,-1.220509,0.296881
26-Jan-2025 14:23:59.151,0.18326,-1.176526,0.288939
26-Jan-2025 14:23:59.167,0.376904,-1.448362,0.273668
26-Jan-2025 14:23:59.183,0.386067,-1.60291,0.237016
26-Jan-2025 14:23:59.199,0.21197,-1.662775,0.057421
26-Jan-2025 14:23:59.215,-0.186314,-1.632843,-0.0281
26-Jan-2025 14:23:59.231,-0.618196,-1.590082,0.048258
26-Jan-2025 14:23:59.247,-0.82589,-1.671327,0.178373
26-Jan-2025 14:23:59.263,-0.709825,-1.784337,0.094073
26-Jan-2025 14:23:59.279,-0.428827,-1.830763,-0.107512
26-Jan-2025 14:23:59.295,-0.250455,-1.696984,-0.21197
26-Jan-2025 14:23:59.311,-0.108734,-1.544878,-0.290161
26-Jan-2025 14:23:59.327,-0.086132,-1.58153,-0.293215
26-Jan-2025 14:23:59.343,-0.089186,-1.676825,-0.200364
26-Jan-2025 14:23:59.359,-0.106291,-1.699427,-0.105069
26-Jan-2025 14:23:59.375,-0.159436,-1.63773,-0.036652
26-Jan-2025 14:23:59.391,-0.231518,-1.477072,-0.027489
26-Jan-2025 14:23:59.407,-0.255342,-1.370782,-0.062919
26-Jan-2025 14:23:59.424,-0.259007,-1.32741,-0.142332
26-Jan-2025 14:23:59.440,-0.243124,-1.343293,-0.213192
26-Jan-2025 14:23:59.456,-0.19059,-1.344514,-0.286496
26-Jan-2025 14:23:59.472,-0.153938,-1.396438,-0.329867
26-Jan-2025 14:23:59.488,-0.101404,-1.492344,-0.380569
26-Jan-2025 14:23:59.504,-0.061697,-1.499674,-0.431271
26-Jan-2025 14:23:59.520,-0.052534,-1.494176,-0.467312
26-Jan-2025 14:23:59.536,-0.044593,-1.502728,-0.453262
26-Jan-2025 14:23:59.552,-0.017104,-1.501507,-0.422108
26-Jan-2025 14:23:59.568,0.032987,-1.466687,-0.384234
26-Jan-2025 14:23:59.584,0.068417,-1.402547,-0.365297
26-Jan-2025 14:23:59.600,0.118508,-1.299921,-0.358578
26-Jan-2025 14:23:59.616,0.177151,-1.284039,-0.378736
26-Jan-2025 14:23:59.632,0.236405,-1.262048,-0.406836
26-Jan-2025 14:23:59.648,0.213192,-1.189355,-0.43738
26-Jan-2025 14:23:59.664,0.117286,-1.076345,-0.477086
26-Jan-2025 14:23:59.680,0.028711,-1.032973,-0.525344
26-Jan-2025 14:23:59.696,-0.089797,-0.945619,-0.544892
26-Jan-2025 14:23:59.713,-0.168599,-0.654237,-0.53634
26-Jan-2025 14:23:59.729,0.039706,-0.504575,-0.563218
26-Jan-2025 14:23:59.745,0.328645,-0.634689,-0.540005
26-Jan-2025 14:23:59.761,0.346361,-0.693332,-0.415388
26-Jan-2025 14:23:59.777,0.335976,-0.538783,-0.33903
26-Jan-2025 14:23:59.793,0.301767,-0.426995,-0.339641
26-Jan-2025 14:23:59.809,0.210749,-0.2755,-0.305433
26-Jan-2025 14:23:59.825,0.101404,-0.156382,-0.266948
26-Jan-2025 14:23:59.841,0.004887,0.017715,-0.210749
26-Jan-2025 14:23:59.857,-0.021991,0.122173,-0.154549
26-Jan-2025 14:23:59.873,-0.039095,0.221744,-0.088575
26-Jan-2025 14:23:59.889,-0.062919,0.242514,0.0281
26-Jan-2025 14:23:59.905,-0.0281,0.270613,0.123395
26-Jan-2025 14:23:59.921,0.067195,0.332311,0.209527
26-Jan-2025 14:23:59.937,0.090408,0.39523,0.226631
26-Jan-2025 14:23:59.953,-0.013439,0.491136,0.252898
26-Jan-2025 14:23:59.969,-0.129503,0.582765,0.279776
26-Jan-2025 14:23:59.986,-0.282831,0.67745,0.323759
26-Jan-2025 14:24:00.002,-0.33903,0.770912,0.343306
26-Jan-2025 14:24:00.018,-0.364076,0.890031,0.365297
26-Jan-2025 14:24:00.034,-0.385456,0.930348,0.379347
26-Jan-2025 14:24:00.050,-0.370795,0.934013,0.400728
26-Jan-2025 14:24:00.066,-0.270613,0.877203,0.417832
26-Jan-2025 14:24:00.082,-0.166155,0.808175,0.400728
26-Jan-2025 14:24:00.098,-0.074526,0.778853,0.345139
26-Jan-2025 14:24:00.114,-0.086743,0.802677,0.31765
26-Jan-2025 14:24:00.130,-0.158214,0.829555,0.329867
26-Jan-2025 14:24:00.146,-0.200975,0.846048,0.357967
26-Jan-2025 14:24:00.162,-0.207083,0.896139,0.403782
26-Jan-2025 14:24:00.178,-0.165544,0.940732,0.430049
26-Jan-2025 14:24:00.194,-0.103236,0.896139,0.43799
26-Jan-2025 14:24:00.210,-0.039706,0.839329,0.422719
26-Jan-2025 14:24:00.226,0.043371,0.795957,0.386067
26-Jan-2025 14:24:00.242,0.156992,0.753808,0.335365
26-Jan-2025 14:24:00.258,0.23274,0.736704,0.312152
26-Jan-2025 14:24:00.275,0.321926,0.717767,0.299324
26-Jan-2025 14:24:00.291,0.348193,0.646295,0.302989
26-Jan-2025 14:24:00.307,0.349415,0.589485,0.334754
26-Jan-2025 14:24:00.323,0.3598,0.637743,0.357356
26-Jan-2025 14:24:00.339,0.49419,0.799623,0.390343
26-Jan-2025 14:24:00.355,0.609644,0.750143,0.394619
26-Jan-2025 14:24:00.371,0.522901,0.605367,0.383623
26-Jan-2025 14:24:00.387,0.282831,0.731206,0.452651
26-Jan-2025 14:24:00.403,0.163101,0.771523,0.502742
26-Jan-2025 14:24:00.419,0.088575,0.636522,0.393397
26-Jan-2025 14:24:00.435,0.04948,0.554055,0.222966
26-Jan-2025 14:24:00.451,-0.031765,0.525344,-0.040317
26-Jan-2025 14:24:00.467,-0.088575,0.478918,-0.235794
26-Jan-2025 14:24:00.483,-0.073304,0.351858,-0.404393
26-Jan-2025 14:24:00.499,0.031765,0.351858,-0.426384
26-Jan-2025 14:24:00.515,0.207083,0.548557,-0.393397
26-Jan-2025 14:24:00.531,0.34575,0.799623,-0.312763
26-Jan-2025 14:24:00.547,0.486249,1.054964,-0.210749
26-Jan-2025 14:24:00.563,0.531453,1.133766,-0.111788
26-Jan-2025 14:24:00.580,0.477697,1.03053,-0.07758
26-Jan-2025 14:24:00.596,0.364076,0.964556,-0.020159
26-Jan-2025 14:24:00.612,0.228464,0.970054,-0.040928
26-Jan-2025 14:24:00.628,0.043371,1.023199,-0.238237
26-Jan-2025 14:24:00.644,-0.021991,1.116662,-0.400117
26-Jan-2025 14:24:00.660,-0.047037,1.273043,-0.499688
26-Jan-2025 14:24:00.676,-0.096517,1.394605,-0.459371
26-Jan-2025 14:24:00.692,-0.161268,1.635897,-0.254731
26-Jan-2025 14:24:00.708,-0.18387,1.72264,-0.118508
26-Jan-2025 14:24:00.724,-0.170431,1.66583,-0.057421
26-Jan-2025 14:24:00.740,-0.074526,1.541824,-0.080023
26-Jan-2025 14:24:00.756,-0.013439,1.494787,-0.128893
26-Jan-2025 14:24:00.772,-0.054978,1.518,-0.215635
26-Jan-2025 14:24:00.788,-0.142332,1.569924,-0.252898
26-Jan-2025 14:24:00.804,-0.217468,1.590082,-0.274278
26-Jan-2025 14:24:00.820,-0.224798,1.620625,-0.288328
26-Jan-2025 14:24:00.836,-0.193644,1.709201,-0.234572
26-Jan-2025 14:24:00.852,-0.144164,1.775174,-0.161268
26-Jan-2025 14:24:00.869,-0.092852,1.783116,-0.125227
26-Jan-2025 14:24:00.885,-0.015272,1.670716,-0.125838
26-Jan-2025 14:24:00.901,0.055589,1.552209,-0.171653
26-Jan-2025 14:24:00.917,0.126449,1.477683,-0.260229
26-Jan-2025 14:24:00.933,0.161879,1.483792,-0.293215
26-Jan-2025 14:24:00.949,0.259618,1.466687,-0.323148
26-Jan-2025 14:24:00.965,0.309098,1.370171,-0.368963
26-Jan-2025 14:24:00.981,0.189368,1.249219,-0.413556
26-Jan-2025 14:24:00.997,-0.010996,1.36284,-0.370184
26-Jan-2025 14:24:01.013,-0.208916,1.516778,-0.264505
26-Jan-2025 14:24:01.029,-0.158214,1.629178,-0.179594
26-Jan-2025 14:24:01.045,-0.081245,1.735468,-0.089186
26-Jan-2025 14:24:01.061,-0.167988,1.896737,-0.007941
26-Jan-2025 14:24:01.077,-0.279165,2.07572,0.026878
26-Jan-2025 14:24:01.093,-0.282831,2.171015,0.069639
26-Jan-2025 14:24:01.109,-0.149051,1.961488,0.136834
26-Jan-2025 14:24:01.125,0.024435,1.502728,0.189368
26-Jan-2025 14:24:01.142,0.125838,1.359786,0.187536
26-Jan-2025 14:24:01.158,0.191201,1.531439,0.152716
26-Jan-2025 14:24:01.174,0.158214,1.695762,0.092852
26-Jan-2025 14:24:01.190,0.018326,1.787392,0.076969
26-Jan-2025 14:24:01.206,-0.131336,1.822822,0.166766
26-Jan-2025 14:24:01.222,-0.273668,1.829541,0.274889
26-Jan-2025 14:24:01.238,-0.379958,1.843591,0.373239
26-Jan-2025 14:24:01.254,-0.389121,1.86375,0.401949
26-Jan-2025 14:24:01.270,-0.334143,1.833817,0.368352
26-Jan-2025 14:24:01.286,-0.270613,1.766622,0.297491
26-Jan-2025 14:24:01.302,-0.202807,1.687821,0.174097
26-Jan-2025 14:24:01.318,-0.163712,1.639562,0.09163
26-Jan-2025 14:24:01.334,-0.135001,1.562593,0.067195
26-Jan-2025 14:24:01.350,-0.16921,1.522887,0.090408
26-Jan-2025 14:24:01.366,-0.225409,1.467298,0.135001
26-Jan-2025 14:24:01.382,-0.277944,1.41232,0.188147
26-Jan-2025 14:24:01.399,-0.294437,1.393384,0.210138
26-Jan-2025 14:24:01.414,-0.295048,1.310917,0.222355
26-Jan-2025 14:24:01.431,-0.292604,1.218065,0.208916
26-Jan-2025 14:24:01.447,-0.233351,1.061073,0.174707
26-Jan-2025 14:24:01.463,-0.165544,0.93218,0.135001
26-Jan-2025 14:24:01.479,-0.008552,0.843605,0.07758
26-Jan-2025 14:24:01.495,0.11301,0.772745,0.064141
26-Jan-2025 14:24:01.511,0.112399,0.525344,0.136834
26-Jan-2025 14:24:01.527,0.126449,0.489303,0.248011
26-Jan-2025 14:24:01.543,0.158825,0.549779,0.343917
26-Jan-2025 14:24:01.559,0.232129,0.615141,0.418443
26-Jan-2025 14:24:01.575,0.299324,0.59987,0.459982
26-Jan-2025 14:24:01.591,0.339641,0.587041,0.436158
26-Jan-2025 14:24:01.607,0.293826,0.541837,0.365908
26-Jan-2025 14:24:01.623,0.160658,0.422108,0.259007
26-Jan-2025 14:24:01.639,0.045815,0.239459,0.18387
26-Jan-2025 14:24:01.655,-0.10568,-0.011606,0.083078
26-Jan-2025 14:24:01.671,-0.15516,-0.111788,0.010996
26-Jan-2025 14:24:01.687,-0.120951,-0.207083,-0.064752
26-Jan-2025 14:24:01.703,0.005498,-0.200364,-0.114843
26-Jan-2025 14:24:01.720,0.166155,-0.142942,-0.168599
26-Jan-2025 14:24:01.736,0.318872,-0.031765,-0.197309
26-Jan-2025 14:24:01.752,0.381791,0.10568,-0.178373
26-Jan-2025 14:24:01.768,0.364076,0.164323,-0.161879
26-Jan-2025 14:24:01.784,0.31765,0.07025,-0.173486
26-Jan-2025 14:24:01.800,0.227853,-0.053756,-0.168599
26-Jan-2025 14:24:01.816,0.084299,-0.097128,-0.189979
26-Jan-2025 14:24:01.832,-0.140499,-0.025656,-0.282831
26-Jan-2025 14:24:01.848,-0.276111,0.07086,-0.277944
26-Jan-2025 14:24:01.864,-0.272446,0.147829,-0.240681
26-Jan-2025 14:24:01.880,-0.172875,0.273668,-0.227242
26-Jan-2025 14:24:01.896,-0.166766,0.364687,-0.161879
26-Jan-2025 14:24:01.912,-0.189368,0.428217,-0.092241
26-Jan-2025 14:24:01.928,-0.144775,0.394619,-0.103236
26-Jan-2025 14:24:01.944,-0.069028,0.271835,-0.189979
26-Jan-2025 14:24:01.960,-0.065973,0.206472,-0.271224
26-Jan-2025 14:24:01.976,-0.05681,0.168599,-0.329256
26-Jan-2025 14:24:01.992,-0.013439,0.16921,-0.331089
26-Jan-2025 14:24:02.008,0.046426,0.23274,-0.313374
26-Jan-2025 14:24:02.025,0.106291,0.307265,-0.293826
26-Jan-2025 14:24:02.040,0.172875,0.378736,-0.266337
26-Jan-2025 14:24:02.057,0.123395,0.652404,-0.165544
26-Jan-2025 14:24:02.073,0.283441,0.50152,-0.163101
26-Jan-2025 14:24:02.089,0.456927,0.343306,-0.286496
26-Jan-2025 14:24:02.105,0.485638,0.299935,-0.411723
26-Jan-2025 14:24:02.121,0.475253,0.243735,-0.521679
26-Jan-2025 14:24:02.137,0.440434,0.238237,-0.48686
26-Jan-2025 14:24:02.153,0.427606,0.39523,-0.228464
26-Jan-2025 14:24:02.169,0.507629,0.747699,-0.236405
26-Jan-2025 14:24:02.185,0.417221,0.391565,-0.161268
26-Jan-2025 14:24:02.201,0.235183,0.248011,0.021991
26-Jan-2025 14:24:02.217,0.138056,0.432493,0.044593
26-Jan-2025 14:24:02.233,0.196088,0.542448,-0.068417
26-Jan-2025 14:24:02.249,0.255953,0.482584,-0.094684
26-Jan-2025 14:24:02.265,-0.051924,0.711658,-0.01405
26-Jan-2025 14:24:02.281,-0.370184,1.072679,0.094684
26-Jan-2025 14:24:02.297,-0.378126,1.117883,0.139888
26-Jan-2025 14:24:02.314,-0.172875,0.835664,0.147829
26-Jan-2025 14:24:02.330,0.167377,0.467312,0.159436
26-Jan-2025 14:24:02.346,0.312152,0.342695,0.158214
26-Jan-2025 14:24:02.361,0.307876,0.379347,0.180205
26-Jan-2025 14:24:02.378,0.165544,0.48686,0.163712
26-Jan-2025 14:24:02.394,-0.068417,0.603535,0.12706
26-Jan-2025 14:24:02.410,-0.315817,0.595594,0.210749
26-Jan-2025 14:24:02.426,-0.38851,0.476475,0.387289
26-Jan-2025 14:24:02.442,-0.390954,0.414167,0.50152
26-Jan-2025 14:24:02.458,-0.378126,0.38118,0.491136
26-Jan-2025 14:24:02.474,-0.384234,0.274889,0.394008
26-Jan-2025 14:24:02.490,-0.368352,0.166155,0.28222
26-Jan-2025 14:24:02.506,-0.287107,0.025656,0.150884
26-Jan-2025 14:24:02.522,-0.203418,-0.039706,0.092852
26-Jan-2025 14:24:02.538,-0.160658,-0.061087,0.071471
26-Jan-2025 14:24:02.554,-0.233961,0.020159,0.079412
26-Jan-2025 14:24:02.570,-0.238848,-0.061087,0.11973
26-Jan-2025 14:24:02.586,-0.21197,-0.125227,0.181427
26-Jan-2025 14:24:02.603,-0.243124,-0.142942,0.210138
26-Jan-2025 14:24:02.619,-0.280387,-0.216857,0.214414
26-Jan-2025 14:24:02.635,-0.249844,-0.285274,0.18387
26-Jan-2025 14:24:02.651,-0.149051,-0.392786,0.108123
26-Jan-2025 14:24:02.667,-0.030543,-0.488081,0.06353
26-Jan-2025 14:24:02.682,0.11301,-0.570548,0.04948
26-Jan-2025 14:24:02.699,0.136223,-0.611476,0.080634
26-Jan-2025 14:24:02.715,0.073304,-0.640187,0.12706
26-Jan-2025 14:24:02.731,-0.044593,-0.78374,0.175929
26-Jan-2025 14:24:02.747,-0.106901,-0.920574,0.198531
26-Jan-2025 14:24:02.763,-0.078802,-0.938289,0.196088
26-Jan-2025 14:24:02.779,-0.011606,-0.891863,0.188147
26-Jan-2025 14:24:02.795,0.127671,-0.890642,0.144164
26-Jan-2025 14:24:02.811,0.239459,-0.961502,0.068417
26-Jan-2025 14:24:02.827,0.072693,-1.280374,-0.032987
26-Jan-2025 14:24:02.843,-0.2474,-1.592526,-0.060476
26-Jan-2025 14:24:02.859,-0.508851,-1.721418,-0.000611
26-Jan-2025 14:24:02.876,-0.588263,-1.485624,0.018937
26-Jan-2025 14:24:02.892,-0.419054,-1.36284,-0.039095
26-Jan-2025 14:24:02.908,-0.047037,-1.505172,-0.132558
26-Jan-2025 14:24:02.924,0.205862,-1.615128,-0.179594
26-Jan-2025 14:24:02.940,0.375682,-1.634675,-0.193033
26-Jan-2025 14:24:02.956,0.34575,-1.610852,-0.172264
26-Jan-2025 14:24:02.972,0.256563,-1.615128,-0.133169
26-Jan-2025 14:24:02.988,0.229074,-1.701871,-0.107512
26-Jan-2025 14:24:03.004,0.174707,-1.800831,-0.103847
26-Jan-2025 14:24:03.020,0.073915,-1.742799,-0.117286
26-Jan-2025 14:24:03.036,-0.066584,-1.576032,-0.124006
26-Jan-2025 14:24:03.052,-0.217468,-1.305419,-0.138056
26-Jan-2025 14:24:03.068,-0.20464,-1.211957,-0.171042
26-Jan-2025 14:24:03.084,-0.067806,-1.233948,-0.211359
26-Jan-2025 14:24:03.100,0.032987,-1.1863,-0.224188
26-Jan-2025 14:24:03.116,0.089186,-1.156368,-0.219301
26-Jan-2025 14:24:03.132,0.029932,-1.248609,-0.227853
26-Jan-2025 14:24:03.148,-0.001833,-1.243111,-0.276722
26-Jan-2025 14:24:03.165,-0.004276,-1.177748,-0.307876
26-Jan-2025 14:24:03.180,-0.005498,-1.07329,-0.331089
26-Jan-2025 14:24:03.197,0.025656,-1.013425,-0.324369
26-Jan-2025 14:24:03.213,0.051313,-0.986547,-0.294437
26-Jan-2025 14:24:03.229,0.042761,-0.925461,-0.248622
26-Jan-2025 14:24:03.245,0.039706,-0.893696,-0.233961
26-Jan-2025 14:24:03.261,0.098349,-0.944398,-0.243735
26-Jan-2025 14:24:03.277,0.158825,-1.015869,-0.295659
26-Jan-2025 14:24:03.293,0.202196,-1.075123,-0.394619
26-Jan-2025 14:24:03.309,0.185703,-1.026254,-0.429438
26-Jan-2025 14:24:03.325,0.205251,-0.934624,-0.389121
26-Jan-2025 14:24:03.341,0.37385,-0.875981,-0.359189
26-Jan-2025 14:24:03.357,0.535729,-0.879646,-0.314596
26-Jan-2025 14:24:03.373,0.474642,-0.900415,-0.088575
26-Jan-2025 14:24:03.389,0.350637,-0.844827,0.03543
26-Jan-2025 14:24:03.405,0.260839,-0.807564,0.067806
26-Jan-2025 14:24:03.421,0.193644,-0.930959,0.047037
26-Jan-2025 14:24:03.437,0.106291,-0.943176,-0.00733
26-Jan-2025 14:24:03.453,0.045815,-0.803899,-0.024435
26-Jan-2025 14:24:03.469,0.012217,-0.665232,0.00733
26-Jan-2025 14:24:03.486,0.041539,-0.693943,0.079412
26-Jan-2025 14:24:03.502,0.072693,-0.873537,0.174707
26-Jan-2025 14:24:03.518,0.064752,-0.937678,0.235183
26-Jan-2025 14:24:03.534,0.036041,-0.885144,0.290772
26-Jan-2025 14:24:03.550,-0.022602,-0.830777,0.322537
26-Jan-2025 14:24:03.566,-0.099571,-0.871705,0.34575
26-Jan-2025 14:24:03.582,-0.216857,-0.963335,0.361632
26-Jan-2025 14:24:03.598,-0.259618,-0.99571,0.339641
26-Jan-2025 14:24:03.614,-0.253509,-1.050077,0.294437
26-Jan-2025 14:24:03.630,-0.217468,-1.120327,0.263283
26-Jan-2025 14:24:03.646,-0.153327,-1.223563,0.210749
26-Jan-2025 14:24:03.662,-0.122173,-1.278541,0.150884
26-Jan-2025 14:24:03.678,-0.141721,-1.299921,0.076358
26-Jan-2025 14:24:03.694,-0.160047,-1.324356,0.073304
26-Jan-2025 14:24:03.710,-0.207694,-1.308473,0.152716
26-Jan-2025 14:24:03.726,-0.281609,-1.229061,0.259007
26-Jan-2025 14:24:03.742,-0.304822,-1.200961,0.314596
26-Jan-2025 14:24:03.758,-0.309098,-1.182635,0.353691
26-Jan-2025 14:24:03.774,-0.329256,-1.169807,0.339641
26-Jan-2025 14:24:03.791,-0.341474,-1.222341,0.293215
26-Jan-2025 14:24:03.807,-0.302989,-1.260215,0.253509
26-Jan-2025 14:24:03.823,-0.250455,-1.258993,0.204029
26-Jan-2025 14:24:03.839,-0.24007,-1.189965,0.169821
26-Jan-2025 14:24:03.855,-0.194255,-1.062295,0.152105
26-Jan-2025 14:24:03.871,-0.147219,-1.120327,0.165544
26-Jan-2025 14:24:03.887,-0.086743,-1.175305,0.210138
26-Jan-2025 14:24:03.903,-0.009163,-1.155757,0.278555
26-Jan-2025 14:24:03.919,-0.009163,-1.104444,0.302989
26-Jan-2025 14:24:03.935,-0.088575,-1.08734,0.307876
26-Jan-2025 14:24:03.951,-0.081856,-1.043969,0.274278
26-Jan-2025 14:24:03.967,0.059254,-1.010982,0.168599
26-Jan-2025 14:24:03.983,0.159436,-1.102612,0.118508
26-Jan-2025 14:24:03.999,0.172875,-1.162477,0.115454
26-Jan-2025 14:24:04.015,0.044593,-1.103834,0.13439
26-Jan-2025 14:24:04.031,-0.13439,-1.031751,0.225409
26-Jan-2025 14:24:04.048,-0.295048,-1.078177,0.373239
26-Jan-2025 14:24:04.063,-0.333532,-1.177748,0.371406
26-Jan-2025 14:24:04.080,-0.326813,-1.342071,0.246179
26-Jan-2025 14:24:04.096,-0.281609,-1.41171,0.114232
26-Jan-2025 14:24:04.112,-0.169821,-1.334741,-0.043982
26-Jan-2025 14:24:04.128,-0.045815,-1.237002,-0.138056
26-Jan-2025 14:24:04.144,0.031765,-1.168585,-0.147829
26-Jan-2025 14:24:04.160,0.07025,-1.142929,-0.086743
26-Jan-2025 14:24:04.176,0.048869,-1.176526,0.00672
26-Jan-2025 14:24:04.192,-0.018326,-1.217454,0.065973
26-Jan-2025 14:24:04.208,-0.087354,-1.189965,0.094684
26-Jan-2025 14:24:04.224,-0.166155,-1.125825,0.048869
26-Jan-2025 14:24:04.240,-0.233351,-1.081231,-0.045204
26-Jan-2025 14:24:04.256,-0.302378,-0.975552,-0.17654
26-Jan-2025 14:24:04.272,-0.29627,-0.880257,-0.245568
26-Jan-2025 14:24:04.288,-0.211359,-0.826501,-0.287107
26-Jan-2025 14:24:04.304,-0.120951,-0.823446,-0.295659
26-Jan-2025 14:24:04.320,-0.007941,-0.867429,-0.295659
26-Jan-2025 14:24:04.336,0.034819,-0.886365,-0.290161
26-Jan-2025 14:24:04.353,0.027489,-0.852157,-0.272446
26-Jan-2025 14:24:04.369,-0.009774,-0.78374,-0.243124
26-Jan-2025 14:24:04.385,-0.030543,-0.759916,-0.25412
26-Jan-2025 14:24:04.401,-0.081856,-0.670119,-0.302989
26-Jan-2025 14:24:04.417,-0.119119,-0.591928,-0.351248
26-Jan-2025 14:24:04.433,-0.149662,-0.492968,-0.412334
26-Jan-2025 14:24:04.449,-0.137445,-0.433714,-0.42333
26-Jan-2025 14:24:04.465,-0.097738,-0.424551,-0.408669
26-Jan-2025 14:24:04.481,-0.072693,-0.428217,-0.419664
26-Jan-2025 14:24:04.497,-0.058643,-0.379347,-0.464868
26-Jan-2025 14:24:04.513,-0.03543,-0.356745,-0.488692
26-Jan-2025 14:24:04.529,-0.018326,-0.379347,-0.506407
26-Jan-2025 14:24:04.545,0.025045,-0.43799,-0.533285
26-Jan-2025 14:24:04.561,0.104458,-0.418443,-0.530231
26-Jan-2025 14:24:04.577,0.284052,-0.32498,-0.484416
26-Jan-2025 14:24:04.593,0.499688,-0.284052,-0.43738
26-Jan-2025 14:24:04.610,0.497855,-0.370184,-0.272446
26-Jan-2025 14:24:04.625,0.239459,-0.43066,-0.102014
26-Jan-2025 14:24:04.642,0.003665,-0.488081,-0.025656
26-Jan-2025 14:24:04.658,0.007941,-0.514349,-0.061087
26-Jan-2025 14:24:04.674,0.093462,-0.582765,-0.12034
26-Jan-2025 14:24:04.690,0.137445,-0.626137,-0.127671
26-Jan-2025 14:24:04.706,0.200364,-0.562607,-0.086743
26-Jan-2025 14:24:04.722,0.175318,-0.498466,0.003054
26-Jan-2025 14:24:04.738,0.084299,-0.584598,0.081856
26-Jan-2025 14:24:04.754,0.053756,-0.793514,0.186925
26-Jan-2025 14:24:04.770,0.117286,-0.957226,0.208916
26-Jan-2025 14:24:04.786,0.175929,-1.04519,0.187536
26-Jan-2025 14:24:04.802,0.125227,-0.973719,0.188147
26-Jan-2025 14:24:04.818,-0.025045,-0.852768,0.24679
26-Jan-2025 14:24:04.834,-0.122173,-0.85399,0.309709
26-Jan-2025 14:24:04.850,-0.175318,-0.980439,0.31032
26-Jan-2025 14:24:04.866,-0.149662,-1.124603,0.284052
26-Jan-2025 14:24:04.882,-0.095906,-1.266935,0.241292
26-Jan-2025 14:24:04.898,-0.019548,-1.41232,0.154549
26-Jan-2025 14:24:04.915,0.020769,-1.450805,0.07758
26-Jan-2025 14:24:04.931,0.100793,-1.481959,-0.012217
26-Jan-2025 14:24:04.947,0.116064,-1.506394,-0.048258
26-Jan-2025 14:24:04.963,0.088575,-1.480737,-0.009774
26-Jan-2025 14:24:04.979,0.000611,-1.455692,0.039095
26-Jan-2025 14:24:04.995,-0.155771,-1.449583,0.093462
26-Jan-2025 14:24:05.011,-0.224188,-1.427592,0.097738
26-Jan-2025 14:24:05.027,-0.244957,-1.425759,0.053145
26-Jan-2025 14:24:05.043,-0.238848,-1.477683,-0.025045
26-Jan-2025 14:24:05.059,-0.221744,-1.522887,-0.062919
26-Jan-2025 14:24:05.075,-0.164323,-1.45447,-0.11301
26-Jan-2025 14:24:05.091,-0.086132,-1.329854,-0.137445
26-Jan-2025 14:24:05.107,0.068417,-1.194852,-0.069639
26-Jan-2025 14:24:05.123,0.193033,-1.177137,0.046426
26-Jan-2025 14:24:05.139,0.274278,-1.210124,0.217468
26-Jan-2025 14:24:05.155,0.227853,-1.225396,0.300546
26-Jan-2025 14:24:05.172,0.109345,-1.248609,0.315817
26-Jan-2025 14:24:05.188,0.058032,-1.262658,0.263283
26-Jan-2025 14:24:05.204,0.039706,-1.22112,0.204029
26-Jan-2025 14:24:05.220,0.054978,-1.17225,0.172264
26-Jan-2025 14:24:05.236,0.105069,-1.141096,0.182038
26-Jan-2025 14:24:05.252,0.213192,-1.041525,0.234572
26-Jan-2025 14:24:05.268,0.233351,-0.987158,0.320093
26-Jan-2025 14:24:05.284,0.029322,-1.069014,0.419664
26-Jan-2025 14:24:05.300,-0.24007,-1.149648,0.40928
26-Jan-2025 14:24:05.316,-0.520457,-1.290147,0.281609
26-Jan-2025 14:24:05.332,-0.580933,-1.46852,0.150273
26-Jan-2025 14:24:05.348,-0.483194,-1.552819,0
26-Jan-2025 14:24:05.364,-0.318872,-1.445918,-0.108734
26-Jan-2025 14:24:05.380,-0.139888,-1.356121,-0.22602
26-Jan-2025 14:24:05.396,0.081245,-1.404379,-0.36041
26-Jan-2025 14:24:05.412,0.25412,-1.425759,-0.400728
26-Jan-2025 14:24:05.428,0.398284,-1.384832,-0.372017
26-Jan-2025 14:24:05.445,0.372017,-1.367116,-0.288939
26-Jan-2025 14:24:05.461,0.245568,-1.407434,-0.133169
26-Jan-2025 14:24:05.477,0.080023,-1.521055,-0.037263
26-Jan-2025 14:24:05.493,-0.085521,-1.469742,-0.046426
26-Jan-2025 14:24:05.509,-0.150884,-1.316415,-0.133169
26-Jan-2025 14:24:05.525,-0.227853,-1.047634,-0.251066
26-Jan-2025 14:24:05.541,-0.244957,-0.888809,-0.282831
26-Jan-2025 14:24:05.557,-0.214414,-0.774577,-0.259618
26-Jan-2025 14:24:05.573,-0.153327,-0.686613,-0.186314
26-Jan-2025 14:24:05.589,-0.100793,-0.669508,-0.124006
26-Jan-2025 14:24:05.605,-0.042761,-0.664011,-0.053756
26-Jan-2025 14:24:05.621,-0.019548,-0.660345,-0.027489
26-Jan-2025 14:24:05.637,0.000611,-0.622472,-0.020769
26-Jan-2025 14:24:05.653,0,-0.551611,-0.032376
26-Jan-2025 14:24:05.669,0.002443,-0.448986,-0.040928
26-Jan-2025 14:24:05.685,0.004887,-0.373239,-0.024435
26-Jan-2025 14:24:05.701,0.004887,-0.285274,0.010385
26-Jan-2025 14:24:05.717,0.00672,-0.150884,0.036041
26-Jan-2025 14:24:05.734,0.034819,-0.061087,0.031765
26-Jan-2025 14:24:05.750,0.096517,0.039706,-0.012828
26-Jan-2025 14:24:05.766,0.174097,0.064141,-0.058643
26-Jan-2025 14:24:05.782,0.185092,-0.005498,-0.126449
26-Jan-2025 14:24:05.798,0.113621,-0.001833,-0.143553
26-Jan-2025 14:24:05.814,0.018937,0.12706,-0.158214
26-Jan-2025 14:24:05.830,-0.012828,0.229074,-0.212581
26-Jan-2025 14:24:05.846,0.124617,0.409891,-0.337198
26-Jan-2025 14:24:05.862,0.304822,0.499077,-0.417221
26-Jan-2025 14:24:05.878,0.256563,0.357967,-0.358578
26-Jan-2025 14:24:05.894,0.083689,0.232129,-0.278555
26-Jan-2025 14:24:05.910,0.153938,0.265726,-0.337198
26-Jan-2025 14:24:05.926,0.362854,0.417832,-0.401949
26-Jan-2025 14:24:05.942,0.410501,0.510072,-0.348804
26-Jan-2025 14:24:05.958,0.302989,0.641409,-0.194255
26-Jan-2025 14:24:05.974,0.150273,0.798401,-0.109345
26-Jan-2025 14:24:05.990,0.024435,0.978606,-0.019548
26-Jan-2025 14:24:06.006,0.029932,0.990823,0.059254
26-Jan-2025 14:24:06.022,0.109345,0.934624,0.18387
26-Jan-2025 14:24:06.039,0.150273,0.993267,0.255342
26-Jan-2025 14:24:06.055,0.128282,1.134988,0.295659
26-Jan-2025 14:24:06.071,-0.010385,1.293813,0.343306
26-Jan-2025 14:24:06.087,-0.142332,1.37689,0.329867
26-Jan-2025 14:24:06.103,-0.236405,1.46119,0.305433
26-Jan-2025 14:24:06.119,-0.216246,1.421483,0.339641
26-Jan-2025 14:24:06.135,-0.174097,1.276708,0.405004
26-Jan-2025 14:24:06.151,-0.15516,1.201572,0.431271
26-Jan-2025 14:24:06.167,-0.156992,1.180192,0.40928
26-Jan-2025 14:24:06.183,-0.145997,1.213789,0.349415
26-Jan-2025 14:24:06.199,-0.101404,1.203405,0.279165
26-Jan-2025 14:24:06.215,-0.026878,1.084897,0.191201
26-Jan-2025 14:24:06.231,-0.015882,0.971887,0.154549
26-Jan-2025 14:24:06.247,-0.059865,0.877813,0.15516
26-Jan-2025 14:24:06.263,-0.081856,0.95295,0.177762
26-Jan-2025 14:24:06.279,-0.132558,0.97433,0.189368
26-Jan-2025 14:24:06.296,-0.202196,0.871705,0.215635
26-Jan-2025 14:24:06.312,-0.144775,0.704938,0.20464
26-Jan-2025 14:24:06.328,-0.038485,0.580933,0.167988
26-Jan-2025 14:24:06.344,0.100182,0.523512,0.146608
26-Jan-2025 14:24:06.360,0.197309,0.489303,0.151495
26-Jan-2025 14:24:06.376,0.273668,0.370184,0.163712
26-Jan-2025 14:24:06.392,0.306043,0.158214,0.156992
26-Jan-2025 14:24:06.408,0.299935,0.037263,0.150884
26-Jan-2025 14:24:06.424,0.291994,-0.155771,0.178373
26-Jan-2025 14:24:06.440,0.272446,-0.267559,0.204029
26-Jan-2025 14:24:06.456,0.213192,-0.256563,0.257785
26-Jan-2025 14:24:06.472,0.198531,-0.125838,0.290161
26-Jan-2025 14:24:06.488,0.326202,-0.026267,0.227242
26-Jan-2025 14:24:06.504,0.369573,-0.109956,0.156382
26-Jan-2025 14:24:06.520,0.164323,-0.295048,0.101404
26-Jan-2025 14:24:06.536,-0.065363,-0.385456,0.086132
26-Jan-2025 14:24:06.552,-0.255953,-0.492968,0.037874
26-Jan-2025 14:24:06.569,-0.32498,-0.612698,-0.064752
26-Jan-2025 14:24:06.585,-0.245568,-0.652404,-0.132558
26-Jan-2025 14:24:06.601,-0.041539,-0.629802,-0.230296
26-Jan-2025 14:24:06.617,0.138666,-0.558331,-0.299324
26-Jan-2025 14:24:06.633,0.299324,-0.462425,-0.373239
26-Jan-2025 14:24:06.649,0.372628,-0.401949,-0.392786
26-Jan-2025 14:24:06.665,0.428827,-0.358578,-0.359189
26-Jan-2025 14:24:06.681,0.359189,-0.343917,-0.304822
26-Jan-2025 14:24:06.697,0.161268,-0.354302,-0.165544
26-Jan-2025 14:24:06.713,0.045204,-0.328035,-0.080634
26-Jan-2025 14:24:06.729,-0.030543,-0.285274,-0.109345
26-Jan-2025 14:24:06.745,-0.072082,-0.228464,-0.2755
26-Jan-2025 14:24:06.761,-0.073304,-0.116064,-0.38118
26-Jan-2025 14:24:06.777,-0.024435,0.069028,-0.43738
26-Jan-2025 14:24:06.793,0.018937,0.150273,-0.413556
26-Jan-2025 14:24:06.809,0.048258,0.181427,-0.309098
26-Jan-2025 14:24:06.825,0.040928,0.210749,-0.251676
26-Jan-2025 14:24:06.841,-0.009163,0.210749,-0.235794
26-Jan-2025 14:24:06.858,-0.04215,0.184481,-0.246179
26-Jan-2025 14:24:06.873,-0.07086,0.199753,-0.269392
26-Jan-2025 14:24:06.890,-0.073915,0.222966,-0.300546
26-Jan-2025 14:24:06.906,-0.048258,0.222355,-0.307876
26-Jan-2025 14:24:06.922,-0.002443,0.262061,-0.3036
26-Jan-2025 14:24:06.938,0.037263,0.36041,-0.291994
26-Jan-2025 14:24:06.954,0.089186,0.452651,-0.252287
26-Jan-2025 14:24:06.970,0.10568,0.457538,-0.211359
26-Jan-2025 14:24:06.986,0.120951,0.43799,-0.186314
26-Jan-2025 14:24:07.002,0.12034,0.396452,-0.212581
26-Jan-2025 14:24:07.018,0.084299,0.403782,-0.256563
26-Jan-2025 14:24:07.034,-0.018937,0.353691,-0.257785
26-Jan-2025 14:24:07.050,-0.106291,0.323148,-0.238848
26-Jan-2025 14:24:07.066,-0.095906,0.447153,-0.240681
26-Jan-2025 14:24:07.082,0.053756,0.646906,-0.26145
26-Jan-2025 14:24:07.098,0.436769,0.918741,-0.287107
26-Jan-2025 14:24:07.114,0.459371,0.674395,-0.207694
26-Jan-2025 14:24:07.130,0.193033,0.401338,-0.078191
26-Jan-2025 14:24:07.146,0.100793,0.421497,-0.117897
26-Jan-2025 14:24:07.162,0.191201,0.533285,-0.227242
26-Jan-2025 14:24:07.179,0.222355,0.538172,-0.218079
26-Jan-2025 14:24:07.195,0.12706,0.524733,-0.135001
26-Jan-2025 14:24:07.211,-0.000611,0.676839,-0.034208
26-Jan-2025 14:24:07.227,-0.001222,0.799623,0.052534
26-Jan-2025 14:24:07.243,0.100182,0.743423,0.177151
26-Jan-2025 14:24:07.259,0.149051,0.61392,0.237016
26-Jan-2025 14:24:07.275,0.119119,0.613309,0.288939
26-Jan-2025 14:24:07.291,0.071471,0.74159,0.298713
26-Jan-2025 14:24:07.307,-0.008552,0.771523,0.246179
26-Jan-2025 14:24:07.323,-0.075747,0.722654,0.236405
26-Jan-2025 14:24:07.339,-0.15516,0.649961,0.343917
26-Jan-2025 14:24:07.355,-0.191201,0.632856,0.420275
26-Jan-2025 14:24:07.371,-0.208305,0.655458,0.460592
26-Jan-2025 14:24:07.387,-0.250455,0.653015,0.513127
26-Jan-2025 14:24:07.403,-0.273668,0.573602,0.537561
26-Jan-2025 14:24:07.419,-0.270002,0.412334,0.481362
26-Jan-2025 14:24:07.435,-0.257174,0.312152,0.37446
26-Jan-2025 14:24:07.452,-0.225409,0.223577,0.196088
26-Jan-2025 14:24:07.468,-0.18387,0.196088,0.07758
26-Jan-2025 14:24:07.483,-0.164323,0.163712,-0.00672
26-Jan-2025 14:24:07.500,-0.180816,0.127671,-0.001833
26-Jan-2025 14:24:07.516,-0.204029,0.132558,0.047647
26-Jan-2025 14:24:07.532,-0.221133,0.168599,0.089797
26-Jan-2025 14:24:07.548,-0.21869,0.205251,0.127671
26-Jan-2025 14:24:07.564,-0.18387,0.216857,0.132558
26-Jan-2025 14:24:07.580,-0.164934,0.216246,0.11301
26-Jan-2025 14:24:07.596,-0.110567,0.172264,0.081856
26-Jan-2025 14:24:07.612,-0.091019,0.083689,0.068417
26-Jan-2025 14:24:07.628,-0.076358,-0.059865,0.053756
26-Jan-2025 14:24:07.644,-0.053756,-0.147829,0.036652
26-Jan-2025 14:24:07.660,-0.065363,-0.208916,0.064752
26-Jan-2025 14:24:07.676,-0.054978,-0.174097,0.125227
26-Jan-2025 14:24:07.692,0.064141,-0.102625,0.18387
26-Jan-2025 14:24:07.708,0.215025,-0.054978,0.188147
26-Jan-2025 14:24:07.724,0.361632,-0.036041,0.16249
26-Jan-2025 14:24:07.741,0.33903,-0.138666,0.18326
26-Jan-2025 14:24:07.757,0.294437,-0.198531,0.224188
26-Jan-2025 14:24:07.773,0.38118,-0.078802,0.170431
26-Jan-2025 14:24:07.789,0.345139,-0.14844,0.099571
26-Jan-2025 14:24:07.804,0.210749,-0.397062,-0.0281
26-Jan-2025 14:24:07.821,0.145386,-0.429438,-0.179594
26-Jan-2025 14:24:07.837,-0.031765,-0.219301,-0.382402
26-Jan-2025 14:24:07.853,-0.12706,-0.036652,-0.474642
26-Jan-2025 14:24:07.869,-0.054978,0.136223,-0.505186
26-Jan-2025 14:24:07.885,0.150273,0.304211,-0.471588
26-Jan-2025 14:24:07.901,0.216857,0.386067,-0.428827
26-Jan-2025 14:24:07.917,0.327424,0.508851,-0.384234
26-Jan-2025 14:24:07.933,0.439823,0.571159,-0.398895
26-Jan-2025 14:24:07.949,0.420275,0.582155,-0.443488
26-Jan-2025 14:24:07.965,0.279165,0.607811,-0.426384
26-Jan-2025 14:24:07.981,0.058032,0.732427,-0.351858
26-Jan-2025 14:24:07.997,-0.054978,0.920574,-0.36713
26-Jan-2025 14:24:08.013,-0.073304,1.266935,-0.447764
26-Jan-2025 14:24:08.029,-0.053145,1.472185,-0.490525
26-Jan-2025 14:24:08.046,-0.054367,1.59558,-0.459982
26-Jan-2025 14:24:08.062,-0.12034,1.726916,-0.361632
26-Jan-2025 14:24:08.078,-0.167377,1.809383,-0.285274
26-Jan-2025 14:24:08.094,-0.192423,1.957212,-0.252287
26-Jan-2025 14:24:08.110,-0.202196,2.012801,-0.270002
26-Jan-2025 14:24:08.125,-0.186925,2.028683,-0.327424
26-Jan-2025 14:24:08.142,-0.178984,2.042123,-0.370184
26-Jan-2025 14:24:08.158,-0.172264,2.093435,-0.38118
26-Jan-2025 14:24:08.174,-0.145997,2.171626,-0.334754
26-Jan-2025 14:24:08.190,-0.109345,2.298075,-0.242514
26-Jan-2025 14:24:08.206,-0.098349,2.390927,-0.186314
26-Jan-2025 14:24:08.222,-0.092852,2.41414,-0.152716
26-Jan-2025 14:24:08.238,-0.0562,2.334727,-0.126449
26-Jan-2025 14:24:08.254,0.010996,2.258369,-0.135612
26-Jan-2025 14:24:08.270,0.105069,2.238821,-0.18326
26-Jan-2025 14:24:08.286,0.122173,2.338392,-0.189368
26-Jan-2025 14:24:08.302,0.058032,2.56319,-0.105069
26-Jan-2025 14:24:08.318,-0.012217,2.684142,-0.032376
26-Jan-2025 14:24:08.335,-0.053145,2.676811,0.037874
26-Jan-2025 14:24:08.351,0.010996,2.7043,0.076358
26-Jan-2025 14:24:08.367,0.170431,2.754391,0.06353
26-Jan-2025 14:24:08.383,0.214414,2.528982,-0.010385
26-Jan-2025 14:24:08.399,0.019548,2.384818,-0.053145
26-Jan-2025 14:24:08.415,-0.32498,2.532037,-0.093462
26-Jan-2025 14:24:08.431,-0.438601,2.737898,-0.11973
26-Jan-2025 14:24:08.447,-0.471588,2.970638,-0.175929
26-Jan-2025 14:24:08.463,-0.472199,3.020729,-0.204029
26-Jan-2025 14:24:08.479,-0.470977,2.911384,-0.172264
26-Jan-2025 14:24:08.495,-0.513127,2.817921,-0.137445
26-Jan-2025 14:24:08.511,-0.560774,2.766609,-0.12706
26-Jan-2025 14:24:08.527,-0.540005,2.878397,-0.124617
26-Jan-2025 14:24:08.543,-0.527177,3.0079,-0.124617
26-Jan-2025 14:24:08.559,-0.590096,2.960864,-0.121562
26-Jan-2025 14:24:08.575,-0.600481,2.860071,-0.104458
26-Jan-2025 14:24:08.591,-0.568716,2.911995,-0.071471
26-Jan-2025 14:24:08.607,-0.56505,3.100752,-0.046426
26-Jan-2025 14:24:08.624,-0.510072,3.304781,-0.015272
26-Jan-2025 14:24:08.640,-0.447764,3.316387,-0.004887
26-Jan-2025 14:24:08.656,-0.335365,3.254079,0.002443
26-Jan-2025 14:24:08.672,-0.205862,3.165504,0.010385
26-Jan-2025 14:24:08.688,-0.075747,3.081204,0.004276
26-Jan-2025 14:24:08.704,-0.001222,3.063489,-0.04948
26-Jan-2025 14:24:08.720,0.025045,3.031724,-0.092852
26-Jan-2025 14:24:08.736,0.07086,2.94376,-0.139277
26-Jan-2025 14:24:08.752,0.089797,2.866791,-0.158825
26-Jan-2025 14:24:08.768,0.088575,2.764165,-0.167988
26-Jan-2025 14:24:08.784,0.058032,2.711631,-0.167988
26-Jan-2025 14:24:08.800,0.010996,2.699414,-0.142332
26-Jan-2025 14:24:08.816,-0.039095,2.685975,-0.136223
26-Jan-2025 14:24:08.832,-0.10568,2.690251,-0.115454
26-Jan-2025 14:24:08.848,-0.11973,2.542421,-0.117897
26-Jan-2025 14:24:08.864,-0.117286,2.309071,-0.111177
26-Jan-2025 14:24:08.880,-0.097128,2.101377,-0.095295
26-Jan-2025 14:24:08.896,-0.097128,2.131309,-0.085521
26-Jan-2025 14:24:08.912,-0.088575,2.211332,-0.042761
26-Jan-2025 14:24:08.929,-0.064752,2.162463,0.00672
26-Jan-2025 14:24:08.945,0.023824,1.959045,0.051924
26-Jan-2025 14:24:08.961,0.093462,1.805107,0.05681
26-Jan-2025 14:24:08.977,0.106291,1.710423,0.054978
26-Jan-2025 14:24:08.993,0.078802,1.693318,0.05681
26-Jan-2025 14:24:09.009,0.061087,1.731192,0.054978
26-Jan-2025 14:24:09.025,0.111177,1.735468,0.036041
26-Jan-2025 14:24:09.041,0.204029,1.681712,0.011606
26-Jan-2025 14:24:09.057,0.316428,1.576032,-0.00733
26-Jan-2025 14:24:09.073,0.340252,1.532661,-0.009774
26-Jan-2025 14:24:09.089,0.279165,1.550376,0.004887
26-Jan-2025 14:24:09.105,0.194255,1.606576,0.015882
26-Jan-2025 14:24:09.121,0.064141,1.599245,0.011606
26-Jan-2025 14:24:09.137,-0.005498,1.510059,0.036041
26-Jan-2025 14:24:09.153,-0.138056,1.487457,0.113621
26-Jan-2025 14:24:09.169,-0.244346,1.507005,0.160047
26-Jan-2025 14:24:09.185,-0.272446,1.328021,0.187536
26-Jan-2025 14:24:09.201,-0.268781,1.226617,0.171042
26-Jan-2025 14:24:09.218,-0.233351,1.31336,0.130725
26-Jan-2025 14:24:09.234,-0.185092,1.262048,0.081245
26-Jan-2025 14:24:09.250,-0.081856,1.205237,0.068417
26-Jan-2025 14:24:09.266,0.041539,1.138042,0.072082
26-Jan-2025 14:24:09.282,0.040928,1.114829,0.121562
26-Jan-2025 14:24:09.298,-0.095906,1.049466,0.249844
26-Jan-2025 14:24:09.314,-0.210749,0.974941,0.29627
26-Jan-2025 14:24:09.330,-0.315817,0.836885,0.260229
26-Jan-2025 14:24:09.346,-0.370184,0.749532,0.187536
26-Jan-2025 14:24:09.362,-0.394619,0.660345,0.117286
26-Jan-2025 14:24:09.378,-0.380569,0.582765,0.059865
26-Jan-2025 14:24:09.394,-0.363465,0.537561,0.029322
26-Jan-2025 14:24:09.410,-0.357356,0.436158,0.037874
26-Jan-2025 14:24:09.426,-0.369573,0.370184,0.076969
26-Jan-2025 14:24:09.442,-0.337198,0.326202,0.080634
26-Jan-2025 14:24:09.458,-0.277944,0.292604,0.04215
26-Jan-2025 14:24:09.474,-0.169821,0.212581,-0.032376
26-Jan-2025 14:24:09.490,-0.105069,0.166766,-0.061087
26-Jan-2025 14:24:09.506,-0.015882,0.064141,-0.102014
26-Jan-2025 14:24:09.522,0.040317,0.034208,-0.12706
26-Jan-2025 14:24:09.539,0.047647,-0.017104,-0.136223
26-Jan-2025 14:24:09.555,0.058032,-0.080634,-0.156992
26-Jan-2025 14:24:09.571,0.083689,-0.141721,-0.188147
26-Jan-2025 14:24:09.587,0.136834,-0.210749,-0.215635
26-Jan-2025 14:24:09.603,0.210749,-0.26145,-0.254731
26-Jan-2025 14:24:09.619,0.280387,-0.36041,-0.316428
26-Jan-2025 14:24:09.635,0.286496,-0.397673,-0.35308
26-Jan-2025 14:24:09.651,0.308487,-0.417221,-0.368963
26-Jan-2025 14:24:09.667,0.355524,-0.41661,-0.353691
26-Jan-2025 14:24:09.683,0.444099,-0.442877,-0.356134
26-Jan-2025 14:24:09.699,0.694554,-0.353691,-0.381791
26-Jan-2025 14:24:09.715,0.855211,-0.26817,-0.389732
26-Jan-2025 14:24:09.731,0.667676,-0.419664,-0.298713
26-Jan-2025 14:24:09.747,0.478918,-0.383623,-0.215635
26-Jan-2025 14:24:09.763,0.442266,-0.136834,-0.212581
26-Jan-2025 14:24:09.779,0.524733,0.007941,-0.244346
26-Jan-2025 14:24:09.795,0.548557,0.093462,-0.274278
26-Jan-2025 14:24:09.811,0.422719,0.202196,-0.270002
26-Jan-2025 14:24:09.828,0.18387,0.350026,-0.189979
26-Jan-2025 14:24:09.843,0.067195,0.411112,-0.097738
26-Jan-2025 14:24:09.860,0.0562,0.37446,-0.005498
26-Jan-2025 14:24:09.876,0.178373,0.232129,0.088575
26-Jan-2025 14:24:09.892,0.260229,0.160658,0.09163
26-Jan-2025 14:24:09.908,0.253509,0.165544,0.073915
26-Jan-2025 14:24:09.924,0.169821,0.194866,0.07758
26-Jan-2025 14:24:09.940,0.041539,0.282831,0.106291
26-Jan-2025 14:24:09.956,-0.0562,0.342695,0.145386
26-Jan-2025 14:24:09.972,-0.152716,0.387289,0.200364
26-Jan-2025 14:24:09.988,-0.180816,0.379347,0.205862
26-Jan-2025 14:24:10.004,-0.160047,0.329256,0.182649
26-Jan-2025 14:24:10.020,-0.110567,0.26145,0.142942
26-Jan-2025 14:24:10.036,-0.084299,0.227853,0.112399
26-Jan-2025 14:24:10.052,-0.093462,0.208916,0.065973
26-Jan-2025 14:24:10.068,-0.07025,0.161879,0.029322
26-Jan-2025 14:24:10.084,-0.065973,0.097738,0.00672
26-Jan-2025 14:24:10.100,-0.095906,0.09163,0.033598
26-Jan-2025 14:24:10.116,-0.141721,0.104458,0.087965
26-Jan-2025 14:24:10.132,-0.165544,0.092241,0.125838
26-Jan-2025 14:24:10.149,-0.151495,0.058643,0.145997
26-Jan-2025 14:24:10.165,-0.135001,0.027489,0.119119
26-Jan-2025 14:24:10.181,-0.094684,0.066584,0.078191
26-Jan-2025 14:24:10.197,-0.017104,0.09163,0.045815
26-Jan-2025 14:24:10.213,0.03543,0.0281,0.043982
26-Jan-2025 14:24:10.229,0.094073,-0.025656,0.073915
26-Jan-2025 14:24:10.245,0.149051,-0.020159,0.092241
26-Jan-2025 14:24:10.261,0.216246,-0.076969,0.124617
26-Jan-2025 14:24:10.277,0.219911,-0.171042,0.141721
26-Jan-2025 14:24:10.293,0.122784,-0.173486,0.172875
26-Jan-2025 14:24:10.309,0.051313,-0.146608,0.17654
26-Jan-2025 14:24:10.325,0.110567,-0.149051,0.149662
26-Jan-2025 14:24:10.341,0.238237,-0.246179,0.143553
26-Jan-2025 14:24:10.357,0.325591,-0.384845,0.16249
26-Jan-2025 14:24:10.373,0.348804,-0.396452,0.219301
26-Jan-2025 14:24:10.389,0.372017,-0.320704,0.258396
26-Jan-2025 14:24:10.405,0.342085,-0.387899,0.26145
26-Jan-2025 14:24:10.421,0.201586,-0.510072,0.252898
26-Jan-2025 14:24:10.437,-0.081245,-0.540005,0.235183
26-Jan-2025 14:24:10.454,-0.296881,-0.566883,0.192423
26-Jan-2025 14:24:10.470,-0.491136,-0.672563,0.092852
26-Jan-2025 14:24:10.486,-0.559553,-0.773355,0.020159
26-Jan-2025 14:24:10.502,-0.527177,-0.830166,-0.0281
26-Jan-2025 14:24:10.518,-0.327424,-0.742812,-0.111788
26-Jan-2025 14:24:10.534,-0.152716,-0.61453,-0.167377
26-Jan-2025 14:24:10.550,0.09163,-0.457538,-0.196699
26-Jan-2025 14:24:10.566,0.215025,-0.478918,-0.18326
26-Jan-2025 14:24:10.582,0.136834,-0.659124,-0.107512
26-Jan-2025 14:24:10.598,0.043371,-0.6072,-0.016493
26-Jan-2025 14:24:10.614,-0.154549,-0.55772,0.073915
26-Jan-2025 14:24:10.630,-0.3317,-0.551,0.097738
26-Jan-2025 14:24:10.646,-0.42333,-0.447153,0.037263
26-Jan-2025 14:24:10.662,-0.455705,-0.379958,-0.040928
26-Jan-2025 14:24:10.678,-0.483194,-0.323148,-0.064141
26-Jan-2025 14:24:10.694,-0.45876,-0.236405,-0.047647
26-Jan-2025 14:24:10.710,-0.364687,-0.237016,-0.043982
26-Jan-2025 14:24:10.726,-0.15516,-0.345139,-0.065973
26-Jan-2025 14:24:10.742,0.008552,-0.422108,-0.080634
26-Jan-2025 14:24:10.758,0.088575,-0.454484,-0.103847
26-Jan-2025 14:24:10.775,0.044593,-0.383013,-0.124617
26-Jan-2025 14:24:10.791,-0.032376,-0.257174,-0.144775
26-Jan-2025 14:24:10.807,-0.078191,-0.203418,-0.151495
26-Jan-2025 14:24:10.823,-0.102014,-0.188757,-0.175318
26-Jan-2025 14:24:10.839,-0.059254,-0.168599,-0.215025
26-Jan-2025 14:24:10.855,0.054367,-0.131947,-0.280998
26-Jan-2025 14:24:10.871,0.207083,-0.153938,-0.412334
26-Jan-2025 14:24:10.887,0.227853,-0.240681,-0.516792
26-Jan-2025 14:24:10.903,0.21197,-0.182649,-0.59315
26-Jan-2025 14:24:10.919,0.240681,-0.045815,-0.581544
26-Jan-2025 14:24:10.935,0.377515,0.07086,-0.528398
26-Jan-2025 14:24:10.951,0.436158,-0.001833,-0.476475
26-Jan-2025 14:24:10.967,0.207083,-0.141721,-0.323759
26-Jan-2025 14:24:10.983,0.00733,-0.065973,-0.173486
26-Jan-2025 14:24:10.999,-0.037874,0.027489,-0.11301
26-Jan-2025 14:24:11.015,0.087965,0.07758,-0.133779
26-Jan-2025 14:24:11.031,0.106291,0.169821,-0.130725
26-Jan-2025 14:24:11.047,-0.0562,0.408669,-0.085521
26-Jan-2025 14:24:11.064,-0.120951,0.563218,-0.037263
26-Jan-2025 14:24:11.080,-0.048869,0.448375,0.018326
26-Jan-2025 14:24:11.096,0.042761,0.280387,0.085521
26-Jan-2025 14:24:11.112,0.138056,0.234572,0.149662
26-Jan-2025 14:24:11.128,0.123395,0.274278,0.145386
26-Jan-2025 14:24:11.144,-0.058032,0.324369,0.128893
26-Jan-2025 14:24:11.160,-0.211359,0.311541,0.135001
26-Jan-2025 14:24:11.176,-0.305433,0.227853,0.139888
26-Jan-2025 14:24:11.192,-0.364687,0.086132,0.12706
26-Jan-2025 14:24:11.208,-0.36713,0.020159,0.099571
26-Jan-2025 14:24:11.224,-0.36041,-0.015882,0.023213
26-Jan-2025 14:24:11.240,-0.361632,-0.032376,-0.048869
26-Jan-2025 14:24:11.256,-0.376293,0.023824,-0.110567
26-Jan-2025 14:24:11.272,-0.377515,-0.047647,-0.145997
26-Jan-2025 14:24:11.288,-0.363465,-0.251676,-0.172875
26-Jan-2025 14:24:11.304,-0.350637,-0.335976,-0.171042
26-Jan-2025 14:24:11.320,-0.344528,-0.332922,-0.157603
26-Jan-2025 14:24:11.336,-0.366519,-0.192423,-0.103236
26-Jan-2025 14:24:11.353,-0.387289,-0.069639,-0.020159
26-Jan-2025 14:24:11.368,-0.322537,-0.030543,0.07086
26-Jan-2025 14:24:11.385,-0.212581,-0.020159,0.110567
26-Jan-2025 14:24:11.401,-0.009163,-0.032987,0.163712
26-Jan-2025 14:24:11.417,0.141721,-0.137445,0.177762
26-Jan-2025 14:24:11.433,0.272446,-0.274889,0.138056
26-Jan-2025 14:24:11.449,0.307265,-0.251676,0.109956
26-Jan-2025 14:24:11.465,0.354302,-0.187536,0.089186
26-Jan-2025 14:24:11.481,0.503353,-0.149662,0.111788
26-Jan-2025 14:24:11.497,0.615752,-0.3036,0.149662
26-Jan-2025 14:24:11.513,0.474031,-0.488081,0.224188
26-Jan-2025 14:24:11.529,0.202196,-0.439212,0.270002
26-Jan-2025 14:24:11.545,-0.197309,-0.463036,0.274889
26-Jan-2025 14:24:11.561,-0.354302,-0.547946,0.260839
26-Jan-2025 14:24:11.577,-0.440434,-0.795957,0.19792
26-Jan-2025 14:24:11.593,-0.452651,-0.890031,0.124006
26-Jan-2025 14:24:11.609,-0.295048,-0.79779,0.037874
26-Jan-2025 14:24:11.625,-0.032376,-0.763582,-0.00672
26-Jan-2025 14:24:11.641,0.233961,-0.846048,-0.045204
26-Jan-2025 14:24:11.657,0.422108,-0.994489,-0.066584
26-Jan-2025 14:24:11.674,0.420275,-1.087951,-0.058032
26-Jan-2025 14:24:11.689,0.293215,-1.206459,-0.039706
26-Jan-2025 14:24:11.706,0.170431,-1.286482,-0.042761
26-Jan-2025 14:24:11.722,-0.032376,-1.323134,-0.051313
26-Jan-2025 14:24:11.738,-0.174097,-1.232726,-0.075136
26-Jan-2025 14:24:11.754,-0.266948,-0.99571,-0.154549
26-Jan-2025 14:24:11.770,-0.277333,-0.82589,-0.202196
26-Jan-2025 14:24:11.786,-0.244346,-0.686613,-0.221133
26-Jan-2025 14:24:11.802,-0.186925,-0.637132,-0.211359
26-Jan-2025 14:24:11.818,-0.135001,-0.580322,-0.171042
26-Jan-2025 14:24:11.834,-0.058643,-0.470366,-0.103236
26-Jan-2025 14:24:11.850,0.014661,-0.436158,-0.100793
26-Jan-2025 14:24:11.866,0.069639,-0.426384,-0.126449
26-Jan-2025 14:24:11.882,0.076969,-0.352469,-0.125227
26-Jan-2025 14:24:11.898,0.101404,-0.202196,-0.094684
26-Jan-2025 14:24:11.914,0.124006,-0.088575,-0.044593
26-Jan-2025 14:24:11.930,0.149051,0.045204,0.018326
26-Jan-2025 14:24:11.946,0.153327,0.089186,0.000611
26-Jan-2025 14:24:11.962,0.13439,0.125838,-0.04215
26-Jan-2025 14:24:11.978,0.109345,0.195477,-0.059254
26-Jan-2025 14:24:11.994,0.091019,0.277944,-0.058643
26-Jan-2025 14:24:12.010,0.103236,0.496023,-0.071471
26-Jan-2025 14:24:12.027,0.266948,0.736093,-0.086132
26-Jan-2025 14:24:12.043,0.32498,0.782518,-0.089186
26-Jan-2025 14:24:12.059,0.108734,0.766025,-0.004887
26-Jan-2025 14:24:12.075,-0.160658,0.880868,0.087354
26-Jan-2025 14:24:12.091,-0.110567,0.965167,0.073915
26-Jan-2025 14:24:12.107,-0.001222,1.116051,0.041539
26-Jan-2025 14:24:12.123,-0.07086,1.284039,0.03543
26-Jan-2025 14:24:12.139,-0.195477,1.526552,0.05681
26-Jan-2025 14:24:12.155,-0.334143,1.825876,0.121562
26-Jan-2025 14:24:12.171,-0.332311,1.883298,0.19059
26-Jan-2025 14:24:12.187,-0.225409,1.742799,0.28222
26-Jan-2025 14:24:12.203,-0.144775,1.619404,0.315206
26-Jan-2025 14:24:12.219,-0.084299,1.576032,0.315817
26-Jan-2025 14:24:12.235,-0.086132,1.618793,0.319483
26-Jan-2025 14:24:12.251,-0.100182,1.645671,0.306043
26-Jan-2025 14:24:12.267,-0.106291,1.621236,0.286496
26-Jan-2025 14:24:12.283,-0.136223,1.549154,0.304822
26-Jan-2025 14:24:12.299,-0.174707,1.526552,0.384845
26-Jan-2025 14:24:12.316,-0.211359,1.521665,0.445321
26-Jan-2025 14:24:12.331,-0.229685,1.494787,0.467923
26-Jan-2025 14:24:12.348,-0.234572,1.44714,0.442877
26-Jan-2025 14:24:12.364,-0.178984,1.395216,0.369573
26-Jan-2025 14:24:12.380,-0.112399,1.331686,0.307876
26-Jan-2025 14:24:12.396,-0.000611,1.254106,0.24007
26-Jan-2025 14:24:12.412,0.074526,1.187522,0.19792
26-Jan-2025 14:24:12.428,0.080634,1.110553,0.199753
26-Jan-2025 14:24:12.444,0.03543,1.110553,0.24007
26-Jan-2025 14:24:12.460,-0.018326,1.130101,0.284663
26-Jan-2025 14:24:12.476,-0.097128,1.123381,0.322537
26-Jan-2025 14:24:12.492,-0.142332,1.05863,0.342695
26-Jan-2025 14:24:12.508,-0.130725,0.943787,0.343306
26-Jan-2025 14:24:12.524,-0.072693,0.851546,0.324369
26-Jan-2025 14:24:12.540,0.083078,0.770912,0.299935
26-Jan-2025 14:24:12.556,0.224798,0.737314,0.284663
26-Jan-2025 14:24:12.572,0.335365,0.611476,0.284663
26-Jan-2025 14:24:12.588,0.36041,0.547335,0.295659
26-Jan-2025 14:24:12.604,0.414167,0.531453,0.313374
26-Jan-2025 14:24:12.620,0.395841,0.45204,0.351248
26-Jan-2025 14:24:12.637,0.248011,0.410501,0.454484
26-Jan-2025 14:24:12.653,-0.031154,0.623083,0.569326
26-Jan-2025 14:24:12.669,-0.212581,0.62858,0.541227
26-Jan-2025 14:24:12.685,-0.366519,0.347582,0.415999
26-Jan-2025 14:24:12.701,-0.378126,0.161879,0.31093
26-Jan-2025 14:24:12.717,-0.313985,-0.009163,0.191201
26-Jan-2025 14:24:12.733,-0.267559,-0.089797,0.124006
26-Jan-2025 14:24:12.749,-0.189368,-0.073915,0.026267
26-Jan-2025 14:24:12.765,-0.076969,-0.032376,-0.061697
26-Jan-2025 14:24:12.781,0.18387,0.090408,-0.202807
26-Jan-2025 14:24:12.797,0.332922,0.21197,-0.266337
26-Jan-2025 14:24:12.813,0.31093,0.298713,-0.276722
26-Jan-2025 14:24:12.829,0.027489,0.086743,-0.102014
26-Jan-2025 14:24:12.845,-0.127671,-0.147829,0.150273
26-Jan-2025 14:24:12.861,-0.237627,-0.322537,0.166766
26-Jan-2025 14:24:12.877,-0.285885,-0.243124,-0.054978
26-Jan-2025 14:24:12.893,-0.315206,0.012828,-0.344528
26-Jan-2025 14:24:12.909,-0.298713,0.11973,-0.469755
26-Jan-2025 14:24:12.925,-0.242514,0.129503,-0.496633
26-Jan-2025 14:24:12.942,-0.186314,0.107512,-0.419664
26-Jan-2025 14:24:12.958,-0.138056,0.078191,-0.318261
26-Jan-2025 14:24:12.974,-0.149051,0.100182,-0.219911
26-Jan-2025 14:24:12.990,-0.199142,0.172264,-0.216246
26-Jan-2025 14:24:13.006,-0.231518,0.227242,-0.28222
26-Jan-2025 14:24:13.022,-0.186925,0.220522,-0.357356
26-Jan-2025 14:24:13.038,-0.069028,0.180205,-0.443488
26-Jan-2025 14:24:13.054,0.010996,0.205251,-0.495412
26-Jan-2025 14:24:13.070,0.039706,0.302989,-0.502742
26-Jan-2025 14:24:13.086,0.032987,0.378736,-0.447764
26-Jan-2025 14:24:13.102,0.040317,0.444099,-0.363465
26-Jan-2025 14:24:13.118,0.092241,0.459371,-0.343306
26-Jan-2025 14:24:13.134,0.099571,0.415388,-0.356745
26-Jan-2025 14:24:13.150,0.130114,0.397062,-0.375071
26-Jan-2025 14:24:13.166,0.222355,0.341474,-0.411112
26-Jan-2025 14:24:13.182,0.492357,0.266948,-0.468534
26-Jan-2025 14:24:13.198,0.534507,0.136223,-0.362854
26-Jan-2025 14:24:13.214,0.210138,-0.027489,-0.081856
26-Jan-2025 14:24:13.231,0.012217,-0.017715,-0.080634
26-Jan-2025 14:24:13.247,-0.09896,-0.116064,-0.281609
26-Jan-2025 14:24:13.263,-0.072693,-0.154549,-0.391565
26-Jan-2025 14:24:13.279,0.04948,-0.001222,-0.351248
26-Jan-2025 14:24:13.295,0.087965,0.125227,-0.222355
26-Jan-2025 14:24:13.311,0.058643,0.064752,-0.106901
26-Jan-2025 14:24:13.327,0.025045,-0.226631,-0.023824
26-Jan-2025 14:24:13.343,0.053145,-0.425162,0.033598
26-Jan-2025 14:24:13.359,0.108734,-0.546114,0.078191
26-Jan-2025 14:24:13.375,0.125227,-0.547335,0.087354
26-Jan-2025 14:24:13.391,0.037874,-0.520457,0.081245
26-Jan-2025 14:24:13.407,-0.100793,-0.547335,0.085521
26-Jan-2025 14:24:13.423,-0.281609,-0.634689,0.108123
26-Jan-2025 14:24:13.439,-0.355524,-0.740369,0.109345
26-Jan-2025 14:24:13.455,-0.356745,-0.873537,0.094684
26-Jan-2025 14:24:13.471,-0.290772,-1.034806,0.073915
26-Jan-2025 14:24:13.487,-0.219301,-1.123992,0.053756
26-Jan-2025 14:24:13.503,-0.075136,-1.216844,0.023213
26-Jan-2025 14:24:13.520,0.050091,-1.274876,0.001222
26-Jan-2025 14:24:13.535,0.16249,-1.384221,-0.00672
26-Jan-2025 14:24:13.552,0.241903,-1.397049,-0.014661
26-Jan-2025 14:24:13.568,0.24007,-1.365895,-0.030543
26-Jan-2025 14:24:13.584,0.147219,-1.32008,0.001833
26-Jan-2025 14:24:13.600,0.075747,-1.312749,0.078191
26-Jan-2025 14:24:13.616,0.124006,-1.324356,0.105069
26-Jan-2025 14:24:13.632,0.244957,-1.258382,0.117897
26-Jan-2025 14:24:13.648,0.488081,-1.20707,0.115454
26-Jan-2025 14:24:13.664,0.506407,-1.353067,0.114232
26-Jan-2025 14:24:13.680,0.375682,-1.412931,0.122784
26-Jan-2025 14:24:13.696,0.218079,-1.31336,0.129503
26-Jan-2025 14:24:13.712,0.044593,-1.350012,0.118508
26-Jan-2025 14:24:13.728,-0.059865,-1.599245,0.126449
26-Jan-2025 14:24:13.744,-0.269392,-1.905289,0.15516
26-Jan-2025 14:24:13.760,-0.452651,-1.949882,0.170431
26-Jan-2025 14:24:13.776,-0.723875,-1.90651,0.09896
26-Jan-2025 14:24:13.793,-0.934013,-1.944384,0.060476
26-Jan-2025 14:24:13.809,-1.076955,-2.042733,0.082467
26-Jan-2025 14:24:13.825,-1.225396,-2.197282,0.173486
26-Jan-2025 14:24:13.841,-1.365284,-2.307849,0.248622
26-Jan-2025 14:24:13.857,-1.655445,-2.292577,0.276111
26-Jan-2025 14:24:13.873,-1.866193,-2.003638,0.270613
26-Jan-2025 14:24:13.890,-1.884519,-1.049466,0.236405
26-Jan-2025 14:24:13.906,-1.657888,-0.47281,0.094684
26-Jan-2025 14:24:13.922,-1.08001,-2.906497,-0.653015
26-Jan-2025 14:24:13.938,-0.731817,-4.131893,-0.855822
26-Jan-2025 14:24:13.954,-1.576643,-4.39151,0.042761
26-Jan-2025 14:24:13.970,-2.404366,-4.14411,1.076345
26-Jan-2025 14:24:13.986,-3.300505,-4.488027,1.601689
26-Jan-2025 14:24:14.002,-3.73483,-5.237559,1.755627
26-Jan-2025 14:24:14.018,-3.695735,-6.522819,2.048842
26-Jan-2025 14:24:14.034,-2.838691,-6.779383,3.31089
26-Jan-2025 14:24:14.050,-2.392148,-6.501439,4.819116
26-Jan-2025 14:24:14.065,-2.182011,-5.815437,6.860017
26-Jan-2025 14:24:14.082,-2.238821,-5.741522,6.990131
26-Jan-2025 14:24:14.098,-2.110539,-6.699359,6.018244
26-Jan-2025 14:24:14.114,-1.731192,-7.659029,5.435479
26-Jan-2025 14:24:14.130,1.204015,-10.446406,4.729929
26-Jan-2025 14:24:14.146,1.474018,1.436755,6.685309
26-Jan-2025 14:24:14.163,-4.10196,-2.915049,8.323649
26-Jan-2025 14:24:14.179,-0.362854,-2.772106,3.202766
26-Jan-2025 14:24:14.195,-0.637132,-0.196088,1.815492
26-Jan-2025 14:24:14.211,-2.120313,-0.640798,1.649947
26-Jan-2025 14:24:14.227,-3.242473,0.944398,1.528385
26-Jan-2025 14:24:14.243,-3.547905,1.745853,0.454484
26-Jan-2025 14:24:14.259,-3.50881,2.122757,0.405615
26-Jan-2025 14:24:14.275,-2.433687,1.294423,1.075734
26-Jan-2025 14:24:14.291,-1.265713,0.521679,1.488679
26-Jan-2025 14:24:14.307,-0.533896,-0.284663,1.378723
26-Jan-2025 14:24:14.323,-0.756862,-0.777021,0.999376
26-Jan-2025 14:24:14.339,-0.924239,-1.12277,0.781297
26-Jan-2025 14:24:14.355,-1.153924,-1.32741,0.538172
26-Jan-2025 14:24:14.371,-1.382388,-0.899194,0.2755
26-Jan-2025 14:24:14.387,-1.744631,-0.100793,-0.210138
26-Jan-2025 14:24:14.403,-1.85703,0.19059,-0.567494
26-Jan-2025 14:24:14.419,-2.095268,0.017104,-0.839329
26-Jan-2025 14:24:14.436,-2.310903,-0.051924,-1.026865
26-Jan-2025 14:24:14.452,-2.258369,-0.549779,-1.154535
26-Jan-2025 14:24:14.468,-1.927891,-0.928515,-0.921185
26-Jan-2025 14:24:14.484,-1.335351,-1.131933,-0.386067
26-Jan-2025 14:24:14.500,-0.847881,-0.954782,-0.357356
26-Jan-2025 14:24:14.516,-0.355524,-0.824057,-0.604146
26-Jan-2025 14:24:14.532,0.327424,-0.956004,-0.825279
26-Jan-2025 14:24:14.548,0.782518,-0.842383,-0.679893
26-Jan-2025 14:24:14.564,0.558942,0.12034,-0.43799
26-Jan-2025 14:24:14.580,0.471588,0.617585,-0.319483
26-Jan-2025 14:24:14.596,0.566883,0.456927,-0.368963
26-Jan-2025 14:24:14.612,0.860098,-0.591318,-0.572381
26-Jan-2025 14:24:14.628,1.433701,-1.935221,-0.657902
26-Jan-2025 14:24:14.644,1.824654,-2.443461,-0.532674
26-Jan-2025 14:24:14.660,2.020131,-2.52043,-0.411112
26-Jan-2025 14:24:14.676,1.815492,-2.303573,-0.260839
26-Jan-2025 14:24:14.692,1.315804,-1.926058,-0.037874
26-Jan-2025 14:24:14.708,0.273057,-0.635911,0.151495
26-Jan-2025 14:24:14.725,-0.574213,0.898583,0.122173
26-Jan-2025 14:24:14.740,-1.026865,2.429411,-0.158214
26-Jan-2025 14:24:14.757,-0.941954,2.344501,-0.42394
26-Jan-2025 14:24:14.773,-0.383013,1.075123,-0.483194
26-Jan-2025 14:24:14.789,0.165544,-0.083078,-0.340863
26-Jan-2025 14:24:14.805,0.602924,-0.829555,-0.130114
26-Jan-2025 14:24:14.821,0.688445,-0.810618,-0.045204
26-Jan-2025 14:24:14.837,0.652404,-0.624915,-0.023213
26-Jan-2025 14:24:14.853,0.521068,-0.45876,-0.032376
26-Jan-2025 14:24:14.869,0.45204,-0.378126,-0.050702
26-Jan-2025 14:24:14.885,0.323148,-0.385456,-0.079412
26-Jan-2025 14:24:14.901,0.207694,-0.459982,-0.098349
26-Jan-2025 14:24:14.917,0.059865,-0.473421,-0.109956
26-Jan-2025 14:24:14.933,-0.067806,-0.31032,-0.128282
26-Jan-2025 14:24:14.949,-0.237627,0.069639,-0.118508
26-Jan-2025 14:24:14.965,-0.394008,0.387289,-0.092852
26-Jan-2025 14:24:14.981,-0.602313,0.619417,-0.020159
26-Jan-2025 14:24:14.997,-0.648739,0.587652,0.065973
26-Jan-2025 14:24:15.013,-0.615141,0.449597,0.12034
26-Jan-2025 14:24:15.030,-0.488081,0.295659,0.188757
26-Jan-2025 14:24:15.046,-0.337198,0.21197,0.255953
26-Jan-2025 14:24:15.062,-0.107512,0.062919,0.323759
26-Jan-2025 14:24:15.078,-0.000611,-0.038485,0.329867
26-Jan-2025 14:24:15.094,0.071471,-0.139277,0.290161
26-Jan-2025 14:24:15.110,0.131947,-0.220522,0.238237
26-Jan-2025 14:24:15.126,0.191812,-0.297491,0.201586
26-Jan-2025 14:24:15.142,0.217468,-0.306654,0.170431
26-Jan-2025 14:24:15.158,0.258396,-0.31032,0.105069
26-Jan-2025 14:24:15.174,0.290161,-0.327424,0.059254
26-Jan-2025 14:24:15.190,0.306654,-0.354302,0.045204
26-Jan-2025 14:24:15.206,0.325591,-0.383013,0.046426
26-Jan-2025 14:24:15.222,0.32498,-0.397062,0.052534
26-Jan-2025 14:24:15.238,0.288939,-0.415388,0.069639
26-Jan-2025 14:24:15.254,0.257174,-0.389121,0.073915
26-Jan-2025 14:24:15.270,0.216857,-0.323148,0.059254
26-Jan-2025 14:24:15.287,0.174097,-0.263283,0.031154
26-Jan-2025 14:24:15.303,0.081856,-0.114843,0.006109
26-Jan-2025 14:24:15.319,-0.028711,0.05681,0.004276
26-Jan-2025 14:24:15.335,-0.156382,0.285885,0.012217
26-Jan-2025 14:24:15.351,-0.186925,0.37385,0.014661
26-Jan-2025 14:24:15.367,-0.198531,0.398284,0.01405
26-Jan-2025 14:24:15.383,-0.182649,0.356134,0.025656
26-Jan-2025 14:24:15.399,-0.116675,0.28955,-0.002443
26-Jan-2025 14:24:15.415,-0.042761,0.163101,-0.071471
26-Jan-2025 14:24:15.431,-0.021991,0.066584,-0.101404
26-Jan-2025 14:24:15.447,-0.004887,-0.018326,-0.072082
26-Jan-2025 14:24:15.463,-0.015272,-0.020159,-0.017715
26-Jan-2025 14:24:15.479,-0.037874,0.028711,0.020159
26-Jan-2025 14:24:15.495,-0.028711,0.052534,0.014661
26-Jan-2025 14:24:15.511,-0.00672,0.06353,-0.020769
26-Jan-2025 14:24:15.527,0.026878,0.009774,-0.076969
26-Jan-2025 14:24:15.543,0.055589,-0.069028,-0.095295
26-Jan-2025 14:24:15.559,0.034819,-0.096517,-0.054367
26-Jan-2025 14:24:15.575,-0.006109,-0.054978,0.000611
26-Jan-2025 14:24:15.592,-0.025656,0.017104,0.018937
26-Jan-2025 14:24:15.608,-0.018937,0.017715,0.012217
26-Jan-2025 14:24:15.624,-0.034208,0.065363,0
26-Jan-2025 14:24:15.640,-0.012217,0.025656,0.015272
26-Jan-2025 14:24:15.656,0.037263,-0.036652,0.00733
26-Jan-2025 14:24:15.672,0.037874,-0.043371,-0.00733
26-Jan-2025 14:24:15.688,-0.004276,-0.07086,0.003665
26-Jan-2025 14:24:15.704,-0.065973,-0.031765,0.026267
26-Jan-2025 14:24:15.720,-0.066584,-0.006109,0.040317
26-Jan-2025 14:24:15.736,-0.043982,0.005498,0.020769
26-Jan-2025 14:24:15.752,-0.020159,-0.008552,0
26-Jan-2025 14:24:15.768,0.004276,-0.051924,0.006109
26-Jan-2025 14:24:15.784,0.025045,-0.069639,0.018937
26-Jan-2025 14:24:15.800,0.047037,-0.064141,0.009163
26-Jan-2025 14:24:15.816,0.033598,-0.050702,0.00672
26-Jan-2025 14:24:15.832,0.002443,-0.003054,-0.004887
26-Jan-2025 14:24:15.849,-0.007941,0.007941,-0.00733
26-Jan-2025 14:24:15.865,-0.009163,-0.012217,-0.00733
26-Jan-2025 14:24:15.881,0.001222,-0.055589,-0.004276
26-Jan-2025 14:24:15.897,0.001222,-0.067806,0.01405
26-Jan-2025 14:24:15.913,0.004276,-0.067195,0.026267
26-Jan-2025 14:24:15.929,0.003665,-0.059254,0.024435
26-Jan-2025 14:24:15.945,0.010996,-0.048258,0.00733
26-Jan-2025 14:24:15.961,0.015882,-0.033598,-0.002443
26-Jan-2025 14:24:15.977,0.007941,-0.031765,-0.011606
26-Jan-2025 14:24:15.993,-0.01405,-0.065363,-0.009163
26-Jan-2025 14:24:16.009,-0.03543,-0.060476,0.000611
26-Jan-2025 14:24:16.025,-0.026267,-0.023824,0.004887
26-Jan-2025 14:24:16.041,-0.019548,0.01405,-0.000611
26-Jan-2025 14:24:16.057,-0.004276,0.012828,-0.017104
26-Jan-2025 14:24:16.073,0.011606,-0.015272,-0.021991
26-Jan-2025 14:24:16.089,0.018326,-0.039706,-0.012217
26-Jan-2025 14:24:16.105,0.006109,-0.027489,-0.004276
26-Jan-2025 14:24:16.121,-0.009774,0.019548,-0.002443
26-Jan-2025 14:24:16.137,0,0.016493,-0.001222
26-Jan-2025 14:24:16.154,0.029322,-0.028711,0.008552
26-Jan-2025 14:24:16.170,0.047037,-0.047037,0.017104
26-Jan-2025 14:24:16.186,0.044593,-0.042761,0.020769
26-Jan-2025 14:24:16.202,0.027489,-0.021991,0.017104
26-Jan-2025 14:24:16.218,0.014661,-0.006109,0.018326
26-Jan-2025 14:24:16.234,0.006109,0.00672,0.023824
26-Jan-2025 14:24:16.250,0.013439,0.001833,0.020159
26-Jan-2025 14:24:16.266,0.019548,0.003054,0.013439
26-Jan-2025 14:24:16.282,0.019548,0.010385,0.006109
26-Jan-2025 14:24:16.298,0.018326,0.009774,-0.005498
26-Jan-2025 14:24:16.314,0.017715,0.018326,-0.011606
26-Jan-2025 14:24:16.330,0.000611,0.050702,0.001222
26-Jan-2025 14:24:16.346,-0.013439,0.07086,0.010385
26-Jan-2025 14:24:16.362,-0.010385,0.060476,0.008552
26-Jan-2025 14:24:16.378,0.013439,0.011606,-0.001222
26-Jan-2025 14:24:16.394,0.037263,-0.010996,-0.010385
26-Jan-2025 14:24:16.410,0.047647,-0.020159,-0.007941
26-Jan-2025 14:24:16.426,0.026878,-0.01405,0.001833
26-Jan-2025 14:24:16.443,-0.039706,0.017715,0
26-Jan-2025 14:24:16.459,-0.062919,0.018937,0.003665
26-Jan-2025 14:24:16.475,-0.048258,-0.017715,0.005498
26-Jan-2025 14:24:16.491,-0.026878,-0.027489,0.004276
26-Jan-2025 14:24:16.507,-0.004276,0.000611,0.01405
26-Jan-2025 14:24:16.523,0.013439,0,0.025656
26-Jan-2025 14:24:16.539,0.039095,-0.017104,0.021991
26-Jan-2025 14:24:16.555,0.047037,-0.041539,0.007941
26-Jan-2025 14:24:16.571,0.017104,-0.023213,0.004887
26-Jan-2025 14:24:16.587,-0.026878,0.033598,0.005498
26-Jan-2025 14:24:16.603,-0.036041,0.039706,-0.001222
26-Jan-2025 14:24:16.619,-0.01405,0.003665,-0.012217
26-Jan-2025 14:24:16.635,0.00733,-0.01405,-0.010996
26-Jan-2025 14:24:16.651,0.023213,-0.025656,-0.00733
26-Jan-2025 14:24:16.667,0.020769,-0.064752,-0.000611
26-Jan-2025 14:24:16.683,0.013439,-0.064141,0.005498
26-Jan-2025 14:24:16.699,0.012828,-0.059865,0.006109
26-Jan-2025 14:24:16.716,0.01405,-0.07758,0.008552
26-Jan-2025 14:24:16.732,0.005498,-0.081245,0
26-Jan-2025 14:24:16.748,-0.003665,-0.094684,-0.004887
26-Jan-2025 14:24:16.764,-0.010385,-0.050702,-0.011606
26-Jan-2025 14:24:16.780,-0.006109,-0.051313,-0.018326
26-Jan-2025 14:24:16.796,-0.004276,-0.051313,-0.015882
26-Jan-2025 14:24:16.812,0.000611,-0.054367,-0.010385
26-Jan-2025 14:24:16.828,0.013439,-0.053756,-0.001833
26-Jan-2025 14:24:16.844,0.004887,-0.03543,0.010996
26-Jan-2025 14:24:16.860,-0.008552,-0.010996,0.020769
26-Jan-2025 14:24:16.876,-0.002443,-0.000611,0.000611
26-Jan-2025 14:24:16.892,0.009774,-0.017715,-0.015882
26-Jan-2025 14:24:16.908,0.006109,0.004276,-0.018937
26-Jan-2025 14:24:16.924,-0.012828,0.037874,-0.010385
26-Jan-2025 14:24:16.940,-0.041539,0.045204,0.008552
26-Jan-2025 14:24:16.956,-0.039095,0.047037,0.01405
26-Jan-2025 14:24:16.972,0.001833,-0.001222,0.003054
26-Jan-2025 14:24:16.988,0.031765,-0.036652,0.001833
26-Jan-2025 14:24:17.005,0.025045,-0.054978,0.00733
26-Jan-2025 14:24:17.021,0.009163,-0.036041,0.003054
26-Jan-2025 14:24:17.037,0.003054,-0.033598,-0.002443
26-Jan-2025 14:24:17.053,0.003665,-0.011606,-0.004887
26-Jan-2025 14:24:17.069,-0.001222,0.005498,0.003665
26-Jan-2025 14:24:17.085,0.00672,0.004887,0.005498
26-Jan-2025 14:24:17.101,0.023213,-0.017104,-0.004276
26-Jan-2025 14:24:17.117,0.031154,-0.023213,-0.011606
26-Jan-2025 14:24:17.133,0.017715,-0.001222,-0.001833
26-Jan-2025 14:24:17.149,-0.014661,0.054367,0.00672
26-Jan-2025 14:24:17.165,-0.021991,0.065363,0.001222
26-Jan-2025 14:24:17.181,-0.012828,0.050702,-0.006109
26-Jan-2025 14:24:17.197,0.008552,0.025045,-0.003665
26-Jan-2025 14:24:17.213,0.015882,0.009774,-0.001833
26-Jan-2025 14:24:17.229,0.001833,0.007941,0.003665
26-Jan-2025 14:24:17.245,-0.023213,0.00672,0.016493
26-Jan-2025 14:24:17.261,-0.053145,0.010996,0.011606
26-Jan-2025 14:24:17.277,-0.043982,-0.001222,-0.005498
26-Jan-2025 14:24:17.294,-0.022602,-0.015272,-0.009774
26-Jan-2025 14:24:17.310,-0.00733,0.020159,-0.002443
26-Jan-2025 14:24:17.326,0.020769,0.026878,0.004887
26-Jan-2025 14:24:17.342,0.03543,0.004276,0.009774
26-Jan-2025 14:24:17.358,0.03543,0,0.003665
26-Jan-2025 14:24:17.374,0.008552,0.004887,-0.001833
26-Jan-2025 14:24:17.390,-0.009163,0.020769,0.002443
26-Jan-2025 14:24:17.406,-0.007941,0.014661,0.005498
26-Jan-2025 14:24:17.422,0.003665,-0.007941,0.011606
26-Jan-2025 14:24:17.438,0.023824,-0.018937,0.012217
26-Jan-2025 14:24:17.454,0.028711,-0.014661,0.01405
26-Jan-2025 14:24:17.470,0.025656,-0.021991,0.008552
26-Jan-2025 14:24:17.486,0.023213,-0.029322,0.00672
26-Jan-2025 14:24:17.502,0.016493,-0.005498,0.005498
26-Jan-2025 14:24:17.518,0.013439,0.004887,0.001833
26-Jan-2025 14:24:17.534,0.006109,0.004276,-0.000611
26-Jan-2025 14:24:17.550,-0.010385,-0.026878,0.000611
26-Jan-2025 14:24:17.566,-0.017715,-0.041539,0.008552
26-Jan-2025 14:24:17.582,0,-0.054978,0.007941
26-Jan-2025 14:24:17.599,0.018326,-0.057421,-0.002443
26-Jan-2025 14:24:17.615,0.021991,-0.037263,-0.015272
26-Jan-2025 14:24:17.631,0.007941,-0.006109,-0.012828
26-Jan-2025 14:24:17.647,-0.008552,0.023824,-0.009163
26-Jan-2025 14:24:17.663,-0.010996,0.031154,-0.005498
26-Jan-2025 14:24:17.679,-0.009774,0.015272,0.002443
26-Jan-2025 14:24:17.695,0,0.006109,0.014661
26-Jan-2025 14:24:17.711,0.018937,-0.015272,0.015272
26-Jan-2025 14:24:17.727,0.026267,-0.040928,0.00733
26-Jan-2025 14:24:17.743,0.010385,-0.031765,0.003054
26-Jan-2025 14:24:17.759,-0.020769,-0.010996,0.003665
26-Jan-2025 14:24:17.775,-0.026878,0.012828,0.006109
26-Jan-2025 14:24:17.791,-0.009774,0.037874,0.000611
26-Jan-2025 14:24:17.807,0.009774,0.040317,-0.003054
26-Jan-2025 14:24:17.823,0.020159,0.012828,0
26-Jan-2025 14:24:17.839,0.012217,-0.024435,0.004276
26-Jan-2025 14:24:17.855,0.00672,-0.031765,0.001833
26-Jan-2025 14:24:17.871,0.001222,-0.033598,-0.009163
26-Jan-2025 14:24:17.888,-0.003665,-0.026267,-0.014661
26-Jan-2025 14:24:17.904,-0.001222,0.009163,-0.010385
26-Jan-2025 14:24:17.920,-0.003665,0.018326,-0.004887
26-Jan-2025 14:24:17.936,-0.004887,0.014661,-0.001833
26-Jan-2025 14:24:17.952,-0.005498,0.009774,0.004276
26-Jan-2025 14:24:17.968,-0.002443,0.011606,0.00733
26-Jan-2025 14:24:17.984,-0.003665,-0.004887,0.008552
26-Jan-2025 14:24:18.000,0.00672,-0.0281,0.007941
26-Jan-2025 14:24:18.016,0.019548,-0.036041,0.008552
26-Jan-2025 14:24:18.032,0.023824,-0.039706,0.014661
26-Jan-2025 14:24:18.048,0.017715,-0.015272,0.017104
26-Jan-2025 14:24:18.064,-0.002443,-0.001833,0.018937
26-Jan-2025 14:24:18.080,-0.032987,0.013439,0.008552
26-Jan-2025 14:24:18.096,-0.042761,-0.002443,-0.004276
26-Jan-2025 14:24:18.112,-0.036652,-0.039706,-0.004887
26-Jan-2025 14:24:18.128,-0.024435,-0.028711,0.004276
26-Jan-2025 14:24:18.144,0.013439,0.000611,0.004887
26-Jan-2025 14:24:18.160,0.040928,-0.010385,0.003054
26-Jan-2025 14:24:18.177,0.03543,-0.003665,0.002443
26-Jan-2025 14:24:18.193,0.010996,0.011606,-0.00733
26-Jan-2025 14:24:18.209,-0.01405,0.02138,-0.013439
26-Jan-2025 14:24:18.225,-0.026267,0.028711,-0.004276
26-Jan-2025 14:24:18.241,-0.022602,0.034819,0.002443
26-Jan-2025 14:24:18.257,0.005498,0.007941,0.005498
26-Jan-2025 14:24:18.273,0.029932,-0.024435,0.004887
26-Jan-2025 14:24:18.289,0.034819,-0.034819,0.008552
26-Jan-2025 14:24:18.305,0.015882,-0.020159,0.012217
26-Jan-2025 14:24:18.321,-0.015272,0.01405,0.017715
26-Jan-2025 14:24:18.337,-0.02138,0.020769,0.026267
26-Jan-2025 14:24:18.353,-0.010385,0.000611,0.026878
26-Jan-2025 14:24:18.369,0.018937,-0.05681,0.00672
26-Jan-2025 14:24:18.385,0.012828,-0.084299,0
26-Jan-2025 14:24:18.401,-0.011606,-0.067195,0.009774
26-Jan-2025 14:24:18.417,-0.025045,-0.034819,0.008552
26-Jan-2025 14:24:18.433,-0.016493,-0.006109,-0.009774
26-Jan-2025 14:24:18.450,-0.001222,-0.004276,-0.018326
26-Jan-2025 14:24:18.466,0.009163,-0.00733,-0.015882
26-Jan-2025 14:24:18.482,-0.001222,-0.013439,-0.00733
26-Jan-2025 14:24:18.498,-0.007941,-0.016493,0.006109
26-Jan-2025 14:24:18.514,0.00672,-0.02138,0.003054
26-Jan-2025 14:24:18.530,0.02138,-0.034819,0.001222
26-Jan-2025 14:24:18.546,0.026267,-0.025656,-0.001222
26-Jan-2025 14:24:18.562,0.01405,-0.020159,-0.001222
26-Jan-2025 14:24:18.578,-0.009774,-0.00733,-0.000611
26-Jan-2025 14:24:18.594,-0.02138,-0.004887,0.004887
26-Jan-2025 14:24:18.610,0.002443,-0.017715,0.009774
26-Jan-2025 14:24:18.626,0.028711,-0.031154,0.017104
26-Jan-2025 14:24:18.642,0.036041,-0.04215,0.025656
26-Jan-2025 14:24:18.658,0.02138,-0.033598,0.021991
26-Jan-2025 14:24:18.674,0.004887,-0.018937,0.009163
26-Jan-2025 14:24:18.690,-0.001222,0.000611,-0.009774
26-Jan-2025 14:24:18.706,0,0.011606,-0.016493
26-Jan-2025 14:24:18.722,-0.00733,0.0281,-0.004887
26-Jan-2025 14:24:18.739,-0.003665,0.019548,-0.001833
26-Jan-2025 14:24:18.755,0.009774,-0.01405,-0.002443
26-Jan-2025 14:24:18.771,0.007941,-0.028711,-0.001222
26-Jan-2025 14:24:18.787,-0.003054,0.004276,-0.001222
26-Jan-2025 14:24:18.803,-0.009774,0.026878,0.002443
26-Jan-2025 14:24:18.819,-0.001833,0.023213,0
26-Jan-2025 14:24:18.835,0.003665,0.010385,-0.003665
26-Jan-2025 14:24:18.851,0.003054,0.000611,-0.004887
26-Jan-2025 14:24:18.867,-0.00733,0.001222,0.003665
26-Jan-2025 14:24:18.883,-0.015272,0.028711,0.012828
26-Jan-2025 14:24:18.899,-0.013439,0.050091,0.013439
26-Jan-2025 14:24:18.915,-0.015882,0.028711,0.014661
26-Jan-2025 14:24:18.931,-0.038485,0.009163,0.009774
26-Jan-2025 14:24:18.947,-0.034208,-0.030543,-0.003054
26-Jan-2025 14:24:18.963,-0.017104,-0.067195,-0.006109
26-Jan-2025 14:24:18.979,-0.018937,-0.037263,0.009163
26-Jan-2025 14:24:18.995,-0.013439,0.017715,0.025656
26-Jan-2025 14:24:19.011,-0.003054,0.013439,0.027489
26-Jan-2025 14:24:19.027,0.007941,0.003665,0.016493
26-Jan-2025 14:24:19.044,0.00733,-0.032376,-0.000611
26-Jan-2025 14:24:19.060,-0.005498,-0.037874,0.003054
26-Jan-2025 14:24:19.076,-0.015272,-0.021991,0.012828
26-Jan-2025 14:24:19.092,-0.005498,-0.020769,0.016493
26-Jan-2025 14:24:19.108,0.014661,-0.022602,0.007941
26-Jan-2025 14:24:19.124,0.025656,-0.025656,0.001222
26-Jan-2025 14:24:19.140,0.028711,-0.032376,0.004276
26-Jan-2025 14:24:19.156,0.025045,-0.039095,0.011606
26-Jan-2025 14:24:19.172,0.025045,-0.053756,0.017715
26-Jan-2025 14:24:19.187,0.031154,-0.060476,0.01405
26-Jan-2025 14:24:19.204,0.032376,-0.074526,0.006109
26-Jan-2025 14:24:19.220,0.017104,-0.073304,-0.004887
26-Jan-2025 14:24:19.236,-0.005498,-0.060476,-0.003054
26-Jan-2025 14:24:19.252,-0.003054,-0.043371,0.001222
26-Jan-2025 14:24:19.268,0.006109,-0.039706,0.003665
26-Jan-2025 14:24:19.284,0.013439,-0.037263,0.004276
26-Jan-2025 14:24:19.301,-0.004887,0.029322,-0.006109
26-Jan-2025 14:24:19.316,-0.011606,0.017715,0.021991
26-Jan-2025 14:24:19.333,0.007941,-0.004887,0.024435
26-Jan-2025 14:24:19.349,0.023824,-0.00733,0.009163
26-Jan-2025 14:24:19.365,0.026267,-0.010385,0.001222
26-Jan-2025 14:24:19.381,0.026267,-0.018937,0.004887
26-Jan-2025 14:24:19.397,0.02138,-0.034208,0.013439
26-Jan-2025 14:24:19.413,0.007941,-0.028711,0.019548
26-Jan-2025 14:24:19.429,-0.002443,-0.017715,0.019548
26-Jan-2025 14:24:19.445,0.000611,-0.016493,0.012828
26-Jan-2025 14:24:19.461,0.012217,-0.015272,0.012828
26-Jan-2025 14:24:19.477,0.024435,0.012217,0.013439
26-Jan-2025 14:24:19.493,0.040928,0.02138,0.00733
26-Jan-2025 14:24:19.508,0.039706,0.005498,0
26-Jan-2025 14:24:19.525,0.025045,0.013439,-0.005498
26-Jan-2025 14:24:19.541,0.006109,0.034819,-0.009774
26-Jan-2025 14:24:19.557,0.004276,0.019548,-0.011606
26-Jan-2025 14:24:19.574,0.014661,0.001833,-0.007941
26-Jan-2025 14:24:19.590,0.025045,-0.001222,0
26-Jan-2025 14:24:19.606,0.025656,-0.010996,0.01405
26-Jan-2025 14:24:19.622,0.019548,-0.027489,0.014661
26-Jan-2025 14:24:19.638,0.003054,-0.048869,0.008552
26-Jan-2025 14:24:19.654,-0.012828,-0.017715,0.008552
26-Jan-2025 14:24:19.670,-0.023824,0.043371,0.014661
26-Jan-2025 14:24:19.686,-0.009774,0.027489,0.019548
26-Jan-2025 14:24:19.702,0.008552,0.006109,0.018937
26-Jan-2025 14:24:19.718,0.007941,-0.007941,0.017104
26-Jan-2025 14:24:19.734,-0.003054,-0.014661,0.01405
26-Jan-2025 14:24:19.750,-0.00672,-0.011606,0.010385
26-Jan-2025 14:24:19.766,0.003665,0.002443,0.001833
26-Jan-2025 14:24:19.782,0.003665,0.036041,-0.004276
26-Jan-2025 14:24:19.798,-0.013439,0.041539,0.003054
26-Jan-2025 14:24:19.814,-0.048869,0.040928,0.009774
26-Jan-2025 14:24:19.830,-0.065973,0.025656,0.003054
26-Jan-2025 14:24:19.846,-0.055589,-0.040317,-0.006109
26-Jan-2025 14:24:19.863,-0.040317,-0.083078,-0.005498
26-Jan-2025 14:24:19.879,-0.026267,-0.079412,0.003054
26-Jan-2025 14:24:19.895,-0.013439,-0.050702,0.026267
26-Jan-2025 14:24:19.911,-0.00733,-0.028711,0.034819
26-Jan-2025 14:24:19.927,-0.006109,-0.04215,0.017715
26-Jan-2025 14:24:19.943,-0.017104,-0.059865,0.01405
26-Jan-2025 14:24:19.959,-0.008552,-0.054978,0.034208
26-Jan-2025 14:24:19.975,0.001222,-0.050091,0.051924
26-Jan-2025 14:24:19.991,0.018326,-0.065363,0.045815
26-Jan-2025 14:24:20.007,0.037263,-0.117897,0.04215
26-Jan-2025 14:24:20.023,0.043371,-0.131336,0.024435
26-Jan-2025 14:24:20.039,-0.011606,-0.051924,0.032376
26-Jan-2025 14:24:20.055,-0.043371,0.018326,0.0562
26-Jan-2025 14:24:20.071,-0.018326,0.011606,0.057421
26-Jan-2025 14:24:20.087,0.029932,-0.022602,0.031765
26-Jan-2025 14:24:20.103,0.065363,-0.104458,0.023213
26-Jan-2025 14:24:20.119,0.046426,-0.145386,0.020769
26-Jan-2025 14:24:20.136,0.005498,-0.07025,0.007941
26-Jan-2025 14:24:20.152,-0.003665,-0.030543,-0.015882
26-Jan-2025 14:24:20.168,0.028711,-0.078191,-0.031154
26-Jan-2025 14:24:20.184,0.053145,-0.106291,-0.021991
26-Jan-2025 14:24:20.200,0.061697,-0.084299,-0.015882
26-Jan-2025 14:24:20.216,0.040317,-0.053145,-0.009774
26-Jan-2025 14:24:20.232,0.037874,-0.050702,-0.01405
26-Jan-2025 14:24:20.248,0.051924,-0.078191,-0.028711
26-Jan-2025 14:24:20.264,0.067195,-0.084299,-0.030543
26-Jan-2025 14:24:20.280,0.071471,-0.086743,-0.012828
26-Jan-2025 14:24:20.296,0.059865,-0.086132,-0.003665
26-Jan-2025 14:24:20.312,0.027489,-0.076358,-0.006109
26-Jan-2025 14:24:20.328,0.007941,-0.061697,-0.002443
26-Jan-2025 14:24:20.344,-0.009163,-0.019548,0.00672
26-Jan-2025 14:24:20.360,-0.010996,-0.037263,0.017104
26-Jan-2025 14:24:20.376,-0.001833,-0.0562,0.017715
26-Jan-2025 14:24:20.392,0.010996,-0.0562,0.00672
26-Jan-2025 14:24:20.408,0.015882,-0.059865,0.004887
26-Jan-2025 14:24:20.425,0.025045,-0.048869,0.009163
26-Jan-2025 14:24:20.441,0.030543,-0.039095,0.015882
26-Jan-2025 14:24:20.457,0.023824,-0.031765,0.015272
26-Jan-2025 14:24:20.473,0.015272,-0.032376,0.010996
26-Jan-2025 14:24:20.489,0.001222,-0.032376,-0.003665
26-Jan-2025 14:24:20.505,-0.010385,-0.029932,-0.008552
26-Jan-2025 14:24:20.521,-0.018937,-0.011606,-0.006109
26-Jan-2025 14:24:20.537,-0.028711,0.018326,0.003665
26-Jan-2025 14:24:20.553,-0.029932,0.03543,0.00733
26-Jan-2025 14:24:20.569,-0.0281,0.045815,0.001222
26-Jan-2025 14:24:20.585,-0.016493,0.057421,-0.003054
26-Jan-2025 14:24:20.601,0.003054,0.069639,0.002443
26-Jan-2025 14:24:20.617,0.050091,0.130725,0.025656
26-Jan-2025 14:24:20.633,0.11301,0.282831,0.050702
26-Jan-2025 14:24:20.649,0.075136,0.372017,0.051313
26-Jan-2025 14:24:20.665,-0.073304,0.470366,0.017104
26-Jan-2025 14:24:20.681,-0.181427,0.605978,-0.017104
26-Jan-2025 14:24:20.698,-0.320704,0.746477,-0.044593
26-Jan-2025 14:24:20.714,-0.495412,0.644463,-0.075136
26-Jan-2025 14:24:20.730,-0.494801,0.424551,-0.046426
26-Jan-2025 14:24:20.746,-0.379958,0.278555,0.050702
26-Jan-2025 14:24:20.762,-0.293215,0.195477,0.100793
26-Jan-2025 14:24:20.778,-0.212581,0.12034,0.032987
26-Jan-2025 14:24:20.794,-0.171042,0.144164,-0.069639
26-Jan-2025 14:24:20.810,-0.094684,0.154549,-0.163712
26-Jan-2025 14:24:20.826,-0.031154,0.038485,-0.173486
26-Jan-2025 14:24:20.842,0.032376,0.015882,-0.139888
26-Jan-2025 14:24:20.858,0.061697,-0.007941,-0.119119
26-Jan-2025 14:24:20.874,0.039095,-0.021991,-0.082467
26-Jan-2025 14:24:20.890,-0.045815,-0.01405,-0.046426
26-Jan-2025 14:24:20.906,-0.050091,-0.066584,-0.003665
26-Jan-2025 14:24:20.922,0.037263,-0.138056,0.017104
26-Jan-2025 14:24:20.938,0.09896,-0.161879,0.024435
26-Jan-2025 14:24:20.954,0.118508,-0.136834,0.045204
26-Jan-2025 14:24:20.970,0.11301,-0.18387,0.058032
26-Jan-2025 14:24:20.987,0.109345,-0.175929,0.009774
26-Jan-2025 14:24:21.003,0.087354,-0.152105,-0.023213
26-Jan-2025 14:24:21.019,0.067195,-0.172875,0.033598
26-Jan-2025 14:24:21.035,0.065973,-0.194255,0.054978
26-Jan-2025 14:24:21.051,0.061087,-0.20464,0.04948
26-Jan-2025 14:24:21.067,0.031154,-0.185703,0.062308
26-Jan-2025 14:24:21.083,-0.010996,-0.178984,0.061087
26-Jan-2025 14:24:21.099,-0.058032,-0.141721,0.055589
26-Jan-2025 14:24:21.115,-0.04215,-0.071471,0.067195
26-Jan-2025 14:24:21.131,0.023213,-0.013439,0.094684
26-Jan-2025 14:24:21.147,0.080023,-0.03543,0.109345
26-Jan-2025 14:24:21.163,0.14111,-0.219911,0.099571
26-Jan-2025 14:24:21.179,0.154549,-0.389121,0.054367
26-Jan-2025 14:24:21.195,0.124006,-0.455095,-0.030543
26-Jan-2025 14:24:21.211,0.046426,-0.276111,-0.083689
26-Jan-2025 14:24:21.227,-0.016493,-0.053145,-0.071471
26-Jan-2025 14:24:21.243,-0.085521,0.067195,0.009163
26-Jan-2025 14:24:21.260,-0.068417,0.01405,0.064141
26-Jan-2025 14:24:21.276,0.002443,-0.089797,0.081856
26-Jan-2025 14:24:21.292,0.031765,-0.170431,0.039706
26-Jan-2025 14:24:21.308,0.053756,-0.209527,-0.013439
26-Jan-2025 14:24:21.324,0.102625,-0.177151,-0.01405
26-Jan-2025 14:24:21.340,0.153327,-0.177762,-0.012217
26-Jan-2025 14:24:21.356,0.172264,-0.200975,-0.010996
26-Jan-2025 14:24:21.372,0.145997,-0.177151,-0.017104
26-Jan-2025 14:24:21.388,0.061087,-0.086132,-0.039095
26-Jan-2025 14:24:21.404,0.003054,-0.03543,-0.055589
26-Jan-2025 14:24:21.420,-0.032376,-0.037874,-0.034208
26-Jan-2025 14:24:21.436,-0.013439,-0.086743,-0.004276
26-Jan-2025 14:24:21.452,0.043982,-0.125838,0.00733
26-Jan-2025 14:24:21.468,0.067195,-0.133169,0.007941
26-Jan-2025 14:24:21.484,0.059254,-0.163712,0.013439
26-Jan-2025 14:24:21.500,0.061697,-0.180205,0.010385
26-Jan-2025 14:24:21.516,0.065363,-0.193033,0.011606
26-Jan-2025 14:24:21.532,0.061087,-0.215635,0.015882
26-Jan-2025 14:24:21.549,0.064141,-0.205251,0.026267
26-Jan-2025 14:24:21.565,0.038485,-0.135001,0.038485
26-Jan-2025 14:24:21.581,0.00733,-0.07086,0.045204
26-Jan-2025 14:24:21.597,-0.01405,-0.010996,0.06353
26-Jan-2025 14:24:21.613,-0.01405,0.012828,0.081856
26-Jan-2025 14:24:21.629,0.025656,-0.053145,0.091019
26-Jan-2025 14:24:21.645,0.092241,-0.124617,0.081245
26-Jan-2025 14:24:21.661,0.188757,-0.189979,0.092852
26-Jan-2025 14:24:21.677,0.2474,-0.233351,0.124617
26-Jan-2025 14:24:21.693,0.306043,-0.250455,0.182649
26-Jan-2025 14:24:21.709,0.376293,-0.244346,0.250455
26-Jan-2025 14:24:21.725,0.434325,-0.307876,0.311541
26-Jan-2025 14:24:21.741,0.419054,-0.620028,0.31093
26-Jan-2025 14:24:21.757,0.403171,-0.831388,0.277944
26-Jan-2025 14:24:21.773,0.350637,-1.133766,0.186314
26-Jan-2025 14:24:21.789,0.315817,-1.2706,0.128282
26-Jan-2025 14:24:21.805,0.312152,-1.215622,0.096517
26-Jan-2025 14:24:21.822,0.340252,-1.212568,0.08491
26-Jan-2025 14:24:21.838,0.455095,-1.37689,0.069028
26-Jan-2025 14:24:21.854,0.513127,-1.526552,0.044593
26-Jan-2025 14:24:21.870,0.574824,-1.649336,0.060476
26-Jan-2025 14:24:21.886,0.631024,-1.72997,0.138666
26-Jan-2025 14:24:21.902,0.605367,-1.830152,0.158214
26-Jan-2025 14:24:21.918,0.511294,-1.822211,0.07025
26-Jan-2025 14:24:21.934,0.397673,-1.655445,-0.023213
26-Jan-2025 14:24:21.950,0.255953,-1.345736,-0.114843
26-Jan-2025 14:24:21.966,0.189368,-1.282817,-0.152105
26-Jan-2025 14:24:21.982,0.222966,-1.522276,-0.166766
26-Jan-2025 14:24:21.998,0.266337,-1.557706,-0.198531
26-Jan-2025 14:24:22.014,0.236405,-1.47524,-0.246179
26-Jan-2025 14:24:22.030,0.228464,-1.499674,-0.308487
26-Jan-2025 14:24:22.046,0.232129,-1.496009,-0.386067
26-Jan-2025 14:24:22.062,0.2755,-1.571756,-0.497855
26-Jan-2025 14:24:22.078,0.311541,-1.576032,-0.568105
26-Jan-2025 14:24:22.095,0.329867,-1.48929,-0.569326
26-Jan-2025 14:24:22.111,0.26817,-1.35551,-0.403171
26-Jan-2025 14:24:22.127,0.061697,-1.198518,-0.16921
26-Jan-2025 14:24:22.143,-0.09163,-1.041525,-0.050702
26-Jan-2025 14:24:22.159,-0.238848,-0.822225,-0.07758
26-Jan-2025 14:24:22.175,-0.329867,-0.488692,-0.174707
26-Jan-2025 14:24:22.191,-0.473421,-0.229074,-0.238848
26-Jan-2025 14:24:22.207,-0.574824,-0.023824,-0.224188
26-Jan-2025 14:24:22.223,-0.648739,0.175929,-0.16921
26-Jan-2025 14:24:22.239,-0.704328,0.371406,-0.117897
26-Jan-2025 14:24:22.255,-0.778242,0.46609,-0.131947
26-Jan-2025 14:24:22.271,-0.829555,0.502131,-0.147829
26-Jan-2025 14:24:22.287,-0.836885,0.541837,-0.141721
26-Jan-2025 14:24:22.303,-0.857655,0.672563,-0.131947
26-Jan-2025 14:24:22.319,-0.900415,0.861931,-0.154549
26-Jan-2025 14:24:22.335,-0.966389,1.014647,-0.219301
26-Jan-2025 14:24:22.352,-1.041525,1.048856,-0.262672
26-Jan-2025 14:24:22.368,-1.059851,1.097114,-0.259618
26-Jan-2025 14:24:22.384,-1.020756,1.15087,-0.202807
26-Jan-2025 14:24:22.400,-1.017091,1.265713,-0.103236
26-Jan-2025 14:24:22.416,-0.983493,1.253495,0.004887
26-Jan-2025 14:24:22.432,-0.913244,1.161866,-0.026878
26-Jan-2025 14:24:22.448,-0.969443,1.238224,-0.106901
26-Jan-2025 14:24:22.464,-1.042136,1.244943,-0.167377
26-Jan-2025 14:24:22.480,-1.029308,1.069625,-0.241292
26-Jan-2025 14:24:22.496,-1.013425,1.04458,-0.342085
26-Jan-2025 14:24:22.512,-1.011593,0.862542,-0.456316
26-Jan-2025 14:24:22.528,-1.041525,0.651182,-0.457538
26-Jan-2025 14:24:22.544,-1.205848,0.502742,-0.430049
26-Jan-2025 14:24:22.560,-1.321302,0.53634,-0.419054
26-Jan-2025 14:24:22.576,-1.373225,0.531453,-0.385456
26-Jan-2025 14:24:22.593,-1.352456,0.452651,-0.320093
26-Jan-2025 14:24:22.609,-1.291369,0.392175,-0.266337
26-Jan-2025 14:24:22.625,-1.241278,0.097738,-0.144164
26-Jan-2025 14:24:22.641,-1.284039,-0.208916,-0.081245
26-Jan-2025 14:24:22.657,-1.307863,-0.346971,-0.060476
26-Jan-2025 14:24:22.673,-1.315193,-0.234572,-0.135612
26-Jan-2025 14:24:22.689,-1.320691,0.008552,-0.291383
26-Jan-2025 14:24:22.705,-1.393384,0.060476,-0.394008
26-Jan-2025 14:24:22.721,-1.505172,0.022602,-0.468534
26-Jan-2025 14:24:22.737,-1.632232,0.188757,-0.683558
26-Jan-2025 14:24:22.753,-1.678658,0.390343,-0.757473
26-Jan-2025 14:24:22.769,-1.687821,0.389732,-0.684169
26-Jan-2025 14:24:22.785,-1.662164,0.262672,-0.585209
26-Jan-2025 14:24:22.801,-1.441642,-0.00672,-0.48014
26-Jan-2025 14:24:22.817,-1.144761,-0.186314,-0.398284
26-Jan-2025 14:24:22.833,-0.780075,-0.337808,-0.367741
26-Jan-2025 14:24:22.849,-0.621861,-0.248622,-0.384234
26-Jan-2025 14:24:22.866,-0.609644,0.397673,-0.389732
26-Jan-2025 14:24:22.882,-0.681115,0.907746,-0.347582
26-Jan-2025 14:24:22.898,-0.781907,1.132544,-0.36041
26-Jan-2025 14:24:22.914,-0.753197,1.227839,-0.355524
26-Jan-2025 14:24:22.930,-0.607811,0.939511,-0.368963
26-Jan-2025 14:24:22.946,-0.365297,0.08491,-0.491747
26-Jan-2025 14:24:22.962,-0.11973,-0.193033,-0.52229
26-Jan-2025 14:24:22.978,-0.043982,-0.076969,-0.479529
26-Jan-2025 14:24:22.994,-0.309709,0.116064,-0.421497
26-Jan-2025 14:24:23.010,-0.777631,0.31093,-0.307265
26-Jan-2025 14:24:23.026,-1.001208,0.405004,-0.255953
26-Jan-2025 14:24:23.042,-1.12277,0.439823,-0.210138
26-Jan-2025 14:24:23.058,-1.169807,0.425773,-0.164323
26-Jan-2025 14:24:23.074,-1.195463,0.502131,-0.137445
26-Jan-2025 14:24:23.090,-1.147816,0.729373,-0.07025
26-Jan-2025 14:24:23.106,-1.138042,0.822836,-0.078802
26-Jan-2025 14:24:23.122,-1.241889,0.764192,-0.174097
26-Jan-2025 14:24:23.139,-1.301754,0.640798,-0.263894
26-Jan-2025 14:24:23.155,-1.23578,0.567494,-0.340863
26-Jan-2025 14:24:23.170,-1.112386,0.570548,-0.389732
26-Jan-2025 14:24:23.187,-0.998154,0.510683,-0.434325
26-Jan-2025 14:24:23.203,-0.984715,0.453873,-0.44471
26-Jan-2025 14:24:23.219,-0.999376,0.394619,-0.376904
26-Jan-2025 14:24:23.235,-0.987769,0.400117,-0.375682
26-Jan-2025 14:24:23.251,-0.952339,0.433103,-0.447764
26-Jan-2025 14:24:23.267,-0.971887,0.625526,-0.648128
26-Jan-2025 14:24:23.283,-1.019534,0.791071,-0.796568
26-Jan-2025 14:24:23.299,-1.075123,0.697608,-0.816116
26-Jan-2025 14:24:23.315,-0.96028,0.116675,-0.724486
26-Jan-2025 14:24:23.331,-0.558942,-0.361021,-0.731206
26-Jan-2025 14:24:23.347,-0.357356,-0.441656,-0.844216
26-Jan-2025 14:24:23.363,-0.204029,-0.425773,-0.926683
26-Jan-2025 14:24:23.379,-0.145997,-0.230296,-0.93157
26-Jan-2025 14:24:23.396,-0.188147,0.086743,-0.866207
26-Jan-2025 14:24:23.412,-0.249844,0.170431,-0.827112
26-Jan-2025 14:24:23.428,-0.339641,0.08491,-0.808786
26-Jan-2025 14:24:23.444,-0.535729,0.044593,-0.762971
26-Jan-2025 14:24:23.460,-0.681115,0.022602,-0.78374
26-Jan-2025 14:24:23.476,-0.812451,0.116064,-0.916298
26-Jan-2025 14:24:23.492,-0.838718,0.268781,-1.01648
26-Jan-2025 14:24:23.508,-0.873537,0.471588,-1.114829
26-Jan-2025 14:24:23.524,-0.953561,0.50824,-1.139875
26-Jan-2025 14:24:23.540,-1.12949,0.519235,-1.15759
26-Jan-2025 14:24:23.556,-1.250441,0.389732,-1.16492
26-Jan-2025 14:24:23.572,-1.297478,0.163712,-1.177748
26-Jan-2025 14:24:23.588,-1.240056,-0.054367,-1.226617
26-Jan-2025 14:24:23.604,-1.134377,0.032987,-1.318858
26-Jan-2025 14:24:23.620,-1.095892,0.269392,-1.41232
26-Jan-2025 14:24:23.636,-1.181413,0.491136,-1.412931
26-Jan-2025 14:24:23.652,-1.396438,0.798401,-1.410488
26-Jan-2025 14:24:23.669,-1.539991,1.089784,-1.507615
26-Jan-2025 14:24:23.685,-1.52472,1.328021,-1.656667
26-Jan-2025 14:24:23.701,-1.279152,1.226007,-1.599856
26-Jan-2025 14:24:23.717,-0.81184,0.794125,-1.378112
26-Jan-2025 14:24:23.733,-0.541837,0.492968,-1.259604
26-Jan-2025 14:24:23.749,-0.421497,0.321315,-1.179581
26-Jan-2025 14:24:23.765,-0.426995,0.278555,-1.132544
26-Jan-2025 14:24:23.781,-0.50091,0.214414,-1.166753
26-Jan-2025 14:24:23.797,-0.566272,-0.171042,-1.222952
26-Jan-2025 14:24:23.812,-0.605367,-0.368963,-1.163698
26-Jan-2025 14:24:23.829,-0.710436,-0.432493,-0.973108
26-Jan-2025 14:24:23.845,-0.782518,-0.37446,-0.83994
26-Jan-2025 14:24:23.861,-0.866207,-0.252287,-0.725708
26-Jan-2025 14:24:23.877,-0.919352,-0.257174,-0.715934
26-Jan-2025 14:24:23.893,-0.990213,-0.36713,-0.716545
26-Jan-2025 14:24:23.910,-1.059851,-0.463647,-0.714712
26-Jan-2025 14:24:23.926,-1.15759,-0.642019,-0.708604
26-Jan-2025 14:24:23.942,-1.321302,-1.074512,-0.700052
26-Jan-2025 14:24:23.958,-1.362229,-1.233337,-0.640187
26-Jan-2025 14:24:23.974,-1.201572,-0.966389,-0.493579
26-Jan-2025 14:24:23.990,-0.945619,-0.784962,-0.428217
26-Jan-2025 14:24:24.006,-0.570548,-0.703717,-0.45876
26-Jan-2025 14:24:24.022,-0.349415,-0.761138,-0.492357
26-Jan-2025 14:24:24.038,-0.200364,-1.054964,-0.492968
26-Jan-2025 14:24:24.054,-0.211359,-1.100779,-0.551611
26-Jan-2025 14:24:24.070,-0.163712,-0.703106,-0.715323
26-Jan-2025 14:24:24.086,-0.076358,-0.291994,-0.898583
26-Jan-2025 14:24:24.102,-0.108734,0.013439,-1.021978
26-Jan-2025 14:24:24.118,-0.24679,-0.255342,-0.990823
26-Jan-2025 14:24:24.134,-0.185703,-0.577268,-0.671952
26-Jan-2025 14:24:24.150,-0.023213,-0.807564,-0.119119
26-Jan-2025 14:24:24.166,0.106291,-0.643852,-0.097738
26-Jan-2025 14:24:24.182,-0.025656,-0.174707,-0.456927
26-Jan-2025 14:24:24.199,-0.202196,-0.006109,-0.649961
26-Jan-2025 14:24:24.215,-0.147219,-0.186314,-0.514959
26-Jan-2025 14:24:24.231,0.026267,-0.447153,-0.266337
26-Jan-2025 14:24:24.247,0.07025,-0.613309,0.007941
26-Jan-2025 14:24:24.263,0.002443,-0.671341,0.262061
26-Jan-2025 14:24:24.279,-0.032987,-0.808786,0.6353
26-Jan-2025 14:24:24.295,-0.188147,-1.017091,1.106888
26-Jan-2025 14:24:24.311,-0.271224,-1.069625,1.277319
26-Jan-2025 14:24:24.327,-0.390954,-0.868039,1.279763
26-Jan-2025 14:24:24.343,-0.443488,-0.747088,1.257161
26-Jan-2025 14:24:24.359,-0.50824,-0.730595,1.265102
26-Jan-2025 14:24:24.375,-0.492357,-0.669508,1.430036
26-Jan-2025 14:24:24.391,-0.483805,-0.453262,1.594358
26-Jan-2025 14:24:24.407,-0.425773,-0.475864,1.689653
26-Jan-2025 14:24:24.423,-0.344528,-0.563218,1.838094
26-Jan-2025 14:24:24.439,-0.265726,-0.602924,2.172848
26-Jan-2025 14:24:24.455,-0.221744,-0.519846,2.23821
26-Jan-2025 14:24:24.472,-0.321926,-0.288939,1.977371
26-Jan-2025 14:24:24.488,-0.456316,-0.156382,1.74402
26-Jan-2025 14:24:24.504,-0.650571,-0.125227,1.604132
26-Jan-2025 14:24:24.520,-0.811229,-0.189368,1.817935
26-Jan-2025 14:24:24.536,-0.784351,-0.425162,2.280971
26-Jan-2025 14:24:24.552,-0.636522,-0.439212,2.521041
26-Jan-2025 14:24:24.568,-0.527788,-0.559553,2.586403
26-Jan-2025 14:24:24.584,-0.594372,-0.472199,2.53448
26-Jan-2025 14:24:24.600,-0.643852,-0.258396,2.324342
26-Jan-2025 14:24:24.616,-0.794125,-0.12706,2.105042
26-Jan-2025 14:24:24.632,-0.910189,-0.093462,2.073888
26-Jan-2025 14:24:24.648,-0.884533,-0.111788,2.204613
26-Jan-2025 14:24:24.664,-0.877203,0.087354,2.199726
26-Jan-2025 14:24:24.680,-0.949895,0.610865,1.897958
26-Jan-2025 14:24:24.696,-1.026865,0.725097,1.653001
26-Jan-2025 14:24:24.712,-1.053132,0.717156,1.384832
26-Jan-2025 14:24:24.728,-0.951117,0.719599,1.226007
26-Jan-2025 14:24:24.745,-0.840551,0.824668,0.868039
26-Jan-2025 14:24:24.761,-0.767247,0.941343,0.644463
26-Jan-2025 14:24:24.777,-0.666454,1.144151,0.57177
26-Jan-2025 14:24:24.793,-0.42333,1.272432,0.590707
26-Jan-2025 14:24:24.809,-0.249233,1.244333,0.660345
26-Jan-2025 14:24:24.825,-0.14111,1.182635,0.671341
26-Jan-2025 14:24:24.841,-0.080023,1.112386,0.637743
26-Jan-2025 14:24:24.857,-0.008552,0.980439,0.475253
26-Jan-2025 14:24:24.873,0.009774,1.00243,0.334143
26-Jan-2025 14:24:24.889,0.156382,0.993267,0.172264
26-Jan-2025 14:24:24.905,0.336587,0.98105,0.038485
26-Jan-2025 14:24:24.921,0.478918,0.916909,-0.153938
26-Jan-2025 14:24:24.937,0.512516,0.817338,-0.339641
26-Jan-2025 14:24:24.953,0.52229,0.866818,-0.462425
26-Jan-2025 14:24:24.969,0.582155,1.070236,-0.442266
26-Jan-2025 14:24:24.985,0.651793,1.243722,-0.328645
26-Jan-2025 14:24:25.002,0.756251,1.119105,-0.210749
26-Jan-2025 14:24:25.018,0.837496,0.877203,-0.217468
26-Jan-2025 14:24:25.034,0.930348,0.509462,-0.307265
26-Jan-2025 14:24:25.050,0.973719,0.181427,-0.456927
26-Jan-2025 14:24:25.066,0.956004,-0.065363,-0.675006
26-Jan-2025 14:24:25.082,0.893696,-0.094684,-0.742812
26-Jan-2025 14:24:25.098,0.863153,-0.067195,-0.74098
26-Jan-2025 14:24:25.114,0.930959,-0.000611,-0.733649
26-Jan-2025 14:24:25.130,1.026254,0.059865,-0.760527
26-Jan-2025 14:24:25.146,1.184468,0.090408,-0.849103
26-Jan-2025 14:24:25.162,1.312749,0.160658,-0.842994
26-Jan-2025 14:24:25.178,1.402547,0.535118,-0.722043
26-Jan-2025 14:24:25.194,1.426981,0.707382,-0.554666
26-Jan-2025 14:24:25.210,1.386664,0.858266,-0.264505
26-Jan-2025 14:24:25.226,1.34879,0.948674,-0.065973
26-Jan-2025 14:24:25.242,1.313971,1.12949,0.067806
26-Jan-2025 14:24:25.258,1.381166,1.291369,0.065973
26-Jan-2025 14:24:25.275,1.477683,1.217454,-0.022602
26-Jan-2025 14:24:25.291,1.630399,0.322537,-0.361021
26-Jan-2025 14:24:25.307,1.691486,-0.532064,-0.773966
26-Jan-2025 14:24:25.323,1.714699,-1.685377,-1.160033
26-Jan-2025 14:24:25.339,1.695762,-2.305405,-1.309695
26-Jan-2025 14:24:25.355,1.724473,-2.591901,-1.391551
26-Jan-2025 14:24:25.371,1.860085,-2.394592,-1.401325
26-Jan-2025 14:24:25.387,2.115426,-1.792889,-1.409877
26-Jan-2025 14:24:25.403,2.225382,-1.363451,-1.39827
26-Jan-2025 14:24:25.419,2.152078,-1.251663,-1.452638
26-Jan-2025 14:24:25.435,1.880854,-1.203405,-1.436144
26-Jan-2025 14:24:25.451,1.633454,-0.919963,-1.30603
26-Jan-2025 14:24:25.467,1.522887,-0.609033,-1.124603
26-Jan-2025 14:24:25.483,1.544878,-0.48747,-1.015258
26-Jan-2025 14:24:25.499,1.648725,-0.472199,-0.930348
26-Jan-2025 14:24:25.515,1.731803,-0.494801,-0.944398
26-Jan-2025 14:24:25.531,1.764179,-0.497244,-0.980439
26-Jan-2025 14:24:25.547,1.733025,-0.505796,-1.003041
26-Jan-2025 14:24:25.564,1.752572,-0.541837,-0.908967
26-Jan-2025 14:24:25.580,1.819768,-0.564439,-0.884533
26-Jan-2025 14:24:25.596,1.827709,-0.58582,-1.034195
26-Jan-2025 14:24:25.612,1.782505,-0.557109,-1.113607
26-Jan-2025 14:24:25.628,1.655445,-0.44471,-1.025643
26-Jan-2025 14:24:25.644,1.547933,-0.368963,-0.807564
26-Jan-2025 14:24:25.660,1.535104,-0.398895,-0.729984
26-Jan-2025 14:24:25.676,1.48257,-0.342695,-0.61453
26-Jan-2025 14:24:25.692,1.356121,-0.269392,-0.495412
26-Jan-2025 14:24:25.708,1.188744,-0.187536,-0.373239
26-Jan-2025 14:24:25.724,1.11544,-0.241292,-0.412945
26-Jan-2025 14:24:25.740,0.969443,-0.477697,-0.470977
26-Jan-2025 14:24:25.756,0.863153,-0.497244,-0.464258
26-Jan-2025 14:24:25.772,0.842994,-0.353691,-0.439823
26-Jan-2025 14:24:25.788,0.8827,-0.163712,-0.412334
26-Jan-2025 14:24:25.804,0.877203,-0.133779,-0.350026
26-Jan-2025 14:24:25.820,0.747699,-0.132558,-0.262061
26-Jan-2025 14:24:25.837,0.652404,-0.119119,-0.239459
26-Jan-2025 14:24:25.853,0.546114,-0.175929,-0.271835
26-Jan-2025 14:24:25.869,0.461814,-0.188147,-0.304211
26-Jan-2025 14:24:25.885,0.288939,-0.108123,-0.284052
26-Jan-2025 14:24:25.901,0.143553,-0.170431,-0.236405
26-Jan-2025 14:24:25.917,-0.012828,-0.191201,-0.180816
26-Jan-2025 14:24:25.933,-0.106901,-0.161268,-0.164934
26-Jan-2025 14:24:25.949,-0.214414,-0.238848,-0.205862
26-Jan-2025 14:24:25.965,-0.345139,-0.302378,-0.305433
26-Jan-2025 14:24:25.981,-0.306043,-0.205862,-0.376904
26-Jan-2025 14:24:25.997,-0.083078,-0.109956,-0.426384
26-Jan-2025 14:24:26.013,0.00733,-0.167988,-0.460592
26-Jan-2025 14:24:26.029,-0.146608,-0.39523,-0.491747
26-Jan-2025 14:24:26.045,-0.325591,-0.448986,-0.456316
26-Jan-2025 14:24:26.061,-0.368352,-0.53634,-0.431271
26-Jan-2025 14:24:26.078,-0.295048,-0.499688,-0.40928
26-Jan-2025 14:24:26.094,-0.108734,-0.301157,-0.363465
26-Jan-2025 14:24:26.110,0.057421,-0.365297,-0.398284
26-Jan-2025 14:24:26.126,0.082467,-0.447153,-0.427606
26-Jan-2025 14:24:26.142,-0.055589,-0.433103,-0.467312
26-Jan-2025 14:24:26.158,-0.174097,-0.37385,-0.467312
26-Jan-2025 14:24:26.174,-0.254731,-0.396452,-0.469145
26-Jan-2025 14:24:26.190,-0.187536,-0.435547,-0.488692
26-Jan-2025 14:24:26.206,0.002443,-0.276111,-0.517403
26-Jan-2025 14:24:26.222,-0.081245,-0.205862,-0.444099
26-Jan-2025 14:24:26.238,0.020159,-0.151495,-0.299324
26-Jan-2025 14:24:26.254,-0.016493,-0.150273,-0.277944
26-Jan-2025 14:24:26.270,-0.010385,0.033598,-0.298102
26-Jan-2025 14:24:26.286,-0.009163,0.185703,-0.306043
26-Jan-2025 14:24:26.302,-0.062308,0.33903,-0.274278
26-Jan-2025 14:24:26.318,-0.288328,0.389121,-0.222966
26-Jan-2025 14:24:26.334,-0.496633,0.194866,-0.234572
26-Jan-2025 14:24:26.350,-0.831998,0.218079,-0.156382
26-Jan-2025 14:24:26.367,-0.987158,0.238848,-0.253509
26-Jan-2025 14:24:26.383,-0.86132,0.40256,-0.321926
26-Jan-2025 14:24:26.399,-0.591928,0.410501,-0.280998
26-Jan-2025 14:24:26.415,-0.26145,0.313374,-0.365908
26-Jan-2025 14:24:26.431,-0.185703,0.209527,-0.485027
26-Jan-2025 14:24:26.447,-0.223577,0.285885,-0.492357
26-Jan-2025 14:24:26.463,-0.358578,0.255953,-0.513127
26-Jan-2025 14:24:26.479,-0.38118,0.426995,-0.455095
26-Jan-2025 14:24:26.495,-0.32498,0.50152,-0.419054
26-Jan-2025 14:24:26.511,-0.293826,0.481973,-0.459982
26-Jan-2025 14:24:26.527,-0.433714,0.346971,-0.568716
26-Jan-2025 14:24:26.543,-0.505796,0.266948,-0.633467
26-Jan-2025 14:24:26.559,-0.199753,0.322537,-0.6634
26-Jan-2025 14:24:26.575,0.010385,0.222966,-0.514349
26-Jan-2025 14:24:26.591,0.010996,0.158825,-0.292604
26-Jan-2025 14:24:26.608,-0.050091,0.135612,-0.312152
26-Jan-2025 14:24:26.623,-0.116675,0.04948,-0.390954
26-Jan-2025 14:24:26.640,-0.076358,-0.028711,-0.299324
26-Jan-2025 14:24:26.656,-0.101404,0.007941,-0.215025
26-Jan-2025 14:24:26.672,-0.213803,0.152716,-0.132558
26-Jan-2025 14:24:26.688,-0.180816,0.266948,-0.08491
26-Jan-2025 14:24:26.704,0.14844,0.249844,-0.074526
26-Jan-2025 14:24:26.720,0.446543,0.092852,-0.040317
26-Jan-2025 14:24:26.736,0.783129,0.098349,0.015272
26-Jan-2025 14:24:26.752,0.76236,0.118508,0.161268
26-Jan-2025 14:24:26.768,0.399506,0.18387,0.483805
26-Jan-2025 14:24:26.784,0.108734,0.173486,0.590096
26-Jan-2025 14:24:26.800,-0.104458,0.025656,0.428217
26-Jan-2025 14:24:26.816,-0.169821,-0.213192,0.251066
26-Jan-2025 14:24:26.832,-0.091019,-0.229074,0.306654
26-Jan-2025 14:24:26.848,-0.023824,-0.156382,0.337198
26-Jan-2025 14:24:26.864,-0.009774,-0.066584,0.448986
26-Jan-2025 14:24:26.880,-0.054367,-0.04215,0.512516
26-Jan-2025 14:24:26.896,-0.092852,-0.118508,0.503353
26-Jan-2025 14:24:26.913,-0.175929,-0.414777,0.516792
26-Jan-2025 14:24:26.929,-0.271835,-0.659124,0.530231
26-Jan-2025 14:24:26.945,-0.265726,-0.733649,0.504575
26-Jan-2025 14:24:26.961,-0.200364,-0.772745,0.530231
26-Jan-2025 14:24:26.977,-0.153327,-0.914465,0.561385
26-Jan-2025 14:24:26.993,-0.088575,-1.138653,0.583376
26-Jan-2025 14:24:27.009,-0.045204,-1.413542,0.524733
26-Jan-2025 14:24:27.025,-0.210749,-1.682323,0.474031
26-Jan-2025 14:24:27.041,-0.301157,-1.791668,0.426995
26-Jan-2025 14:24:27.057,-0.182038,-1.861917,0.394008
26-Jan-2025 14:24:27.073,-0.150884,-1.711644,0.371406
26-Jan-2025 14:24:27.089,-0.196699,-1.781283,0.280387
26-Jan-2025 14:24:27.105,-0.138056,-1.837483,0.164934
26-Jan-2025 14:24:27.121,-0.003665,-1.759292,0.130725
26-Jan-2025 14:24:27.137,0.15516,-1.660943,0.211359
26-Jan-2025 14:24:27.153,0.297491,-1.46852,0.159436
26-Jan-2025 14:24:27.170,0.266337,-1.126436,0.0562
26-Jan-2025 14:24:27.186,0.050091,-0.940122,0.005498
26-Jan-2025 14:24:27.202,0.068417,-1.113607,-0.015272
26-Jan-2025 14:24:27.218,0.11973,-1.360397,-0.073915
26-Jan-2025 14:24:27.234,0.028711,-1.41904,-0.034819
26-Jan-2025 14:24:27.250,0.094073,-1.257771,0.107512
26-Jan-2025 14:24:27.266,0.191201,-1.042136,0.086743
26-Jan-2025 14:24:27.282,0.302989,-0.910189,0.086132
26-Jan-2025 14:24:27.298,0.294437,-0.923628,0.107512
26-Jan-2025 14:24:27.314,0.35308,-0.832609,0.185703
26-Jan-2025 14:24:27.330,0.392175,-0.745866,0.243124
26-Jan-2025 14:24:27.346,0.366519,-0.6353,0.265116
26-Jan-2025 14:24:27.362,0.43738,-0.483194,0.245568
26-Jan-2025 14:24:27.378,0.334143,-0.362243,0.257785
26-Jan-2025 14:24:27.394,0.241292,-0.470366,0.245568
26-Jan-2025 14:24:27.411,0.338419,-0.668287,0.093462
26-Jan-2025 14:24:27.427,0.318261,-0.877203,0.020769
26-Jan-2025 14:24:27.443,0.266948,-0.888809,0.053145
26-Jan-2025 14:24:27.459,0.200364,-0.853379,-0.139277
26-Jan-2025 14:24:27.474,0.245568,-0.625526,-0.251066
26-Jan-2025 14:24:27.491,0.174097,-0.524733,-0.26817
26-Jan-2025 14:24:27.507,0.240681,-0.446543,-0.255342
26-Jan-2025 14:24:27.523,0.336587,-0.246179,-0.258396
26-Jan-2025 14:24:27.539,0.321926,0.05681,-0.270002
26-Jan-2025 14:24:27.555,0.385456,0.433103,-0.316428
26-Jan-2025 14:24:27.571,0.40256,0.625526,-0.36041
26-Jan-2025 14:24:27.587,0.470977,0.988991,-0.269392
26-Jan-2025 14:24:27.603,0.39523,1.09406,-0.304211
26-Jan-2025 14:24:27.619,0.378736,1.147816,-0.274278
26-Jan-2025 14:24:27.635,0.406836,1.218676,-0.2474
26-Jan-2025 14:24:27.651,0.444099,1.367116,-0.145997
26-Jan-2025 14:24:27.667,0.48014,1.20707,-0.062919
26-Jan-2025 14:24:27.683,0.327424,0.831998,0.139277
26-Jan-2025 14:24:27.699,0.160658,0.368963,0.373239
26-Jan-2025 14:24:27.716,0.150884,0.365297,0.436158
26-Jan-2025 14:24:27.732,0.168599,0.849103,0.215635
26-Jan-2025 14:24:27.748,0.281609,1.204626,0.038485
26-Jan-2025 14:24:27.764,0.330478,1.427592,-0.109345
26-Jan-2025 14:24:27.780,-0.081856,0.885755,-0.251066
26-Jan-2025 14:24:27.795,-0.491136,0.365908,-0.328035
26-Jan-2025 14:24:27.812,-0.502131,0.328035,-0.287718
26-Jan-2025 14:24:27.828,-0.429438,0.439212,-0.260229
26-Jan-2025 14:24:27.844,-0.284052,0.709825,-0.298713
26-Jan-2025 14:24:27.860,-0.169821,0.728762,-0.312763
26-Jan-2025 14:24:27.876,-0.142942,0.559553,-0.193644
26-Jan-2025 14:24:27.892,-0.191201,0.528398,-0.294437
26-Jan-2025 14:24:27.908,-0.142942,0.587041,-0.408669
26-Jan-2025 14:24:27.924,-0.191201,0.681726,-0.436158
26-Jan-2025 14:24:27.940,-0.244346,0.731817,-0.425162
26-Jan-2025 14:24:27.957,-0.213803,0.728762,-0.406836
26-Jan-2025 14:24:27.973,-0.160047,0.696386,-0.352469
26-Jan-2025 14:24:27.989,-0.133169,0.609033,-0.28955
26-Jan-2025 14:24:28.005,-0.102625,0.591318,-0.208916
26-Jan-2025 14:24:28.021,-0.010385,0.65668,-0.076969
26-Jan-2025 14:24:28.037,0.085521,0.690889,0.069639
26-Jan-2025 14:24:28.053,0.152105,0.618806,0.216857
26-Jan-2025 14:24:28.069,0.158825,0.365908,0.229074
26-Jan-2025 14:24:28.085,0.131947,0.091019,0.166766
26-Jan-2025 14:24:28.101,0.095906,0.097738,0.069028
26-Jan-2025 14:24:28.116,0.069028,0.149051,-0.082467
26-Jan-2025 14:24:28.133,0.07025,0.065363,-0.156382
26-Jan-2025 14:24:28.149,0.106291,0.130114,-0.142332
26-Jan-2025 14:24:28.165,0.196699,0.215635,-0.069639
26-Jan-2025 14:24:28.181,0.321926,0.19059,-0.048258
26-Jan-2025 14:24:28.197,0.425773,0.168599,-0.091019
26-Jan-2025 14:24:28.214,0.459371,0.244346,-0.137445
26-Jan-2025 14:24:28.230,0.492968,0.281609,-0.177151
26-Jan-2025 14:24:28.246,0.502131,0.252287,-0.209527
26-Jan-2025 14:24:28.262,0.467923,0.208305,-0.243735
26-Jan-2025 14:24:28.278,0.412945,0.217468,-0.260839
26-Jan-2025 14:24:28.294,0.38851,0.180816,-0.230907
26-Jan-2025 14:24:28.310,0.468534,0.021991,-0.139888
26-Jan-2025 14:24:28.326,0.444099,-0.194255,-0.089797
26-Jan-2025 14:24:28.342,0.279776,-0.102625,-0.083078
26-Jan-2025 14:24:28.358,0.037874,0.147829,-0.141721
26-Jan-2025 14:24:28.374,-0.248011,0.145997,-0.314596
26-Jan-2025 14:24:28.390,-0.229074,0.017715,-0.36041
26-Jan-2025 14:24:28.406,-0.153938,-0.138056,-0.215025
26-Jan-2025 14:24:28.422,-0.2474,-0.113621,-0.196088
26-Jan-2025 14:24:28.438,-0.447153,0.114232,-0.181427
26-Jan-2025 14:24:28.455,-0.577879,0.269392,-0.12706
26-Jan-2025 14:24:28.470,-0.43799,0.00672,-0.080023
26-Jan-2025 14:24:28.487,-0.25412,-0.32498,-0.094073
26-Jan-2025 14:24:28.503,-0.11973,-0.530231,-0.123395
26-Jan-2025 14:24:28.519,-0.129503,-0.439212,-0.199142
26-Jan-2025 14:24:28.535,-0.178984,-0.403782,-0.318872
26-Jan-2025 14:24:28.551,-0.20464,-0.370184,-0.390343
26-Jan-2025 14:24:28.567,-0.175929,-0.368352,-0.389121
26-Jan-2025 14:24:28.583,-0.094684,-0.475253,-0.335976
26-Jan-2025 14:24:28.599,-0.058643,-0.548557,-0.218079
26-Jan-2025 14:24:28.615,-0.066584,-0.533285,-0.172264
26-Jan-2025 14:24:28.631,-0.069028,-0.521679,-0.167988
26-Jan-2025 14:24:28.647,-0.030543,-0.559553,-0.29627
26-Jan-2025 14:24:28.663,0.19059,-0.734871,-0.252898
26-Jan-2025 14:24:28.679,0.323148,-0.826501,-0.256563
26-Jan-2025 14:24:28.695,0.215025,-0.723264,-0.252287
26-Jan-2025 14:24:28.711,0.223577,-0.808786,-0.051313
26-Jan-2025 14:24:28.728,0.040317,-0.655458,-0.208916
26-Jan-2025 14:24:28.744,-0.053756,-0.625526,-0.151495
26-Jan-2025 14:24:28.760,-0.116064,-0.667065,-0.139888
26-Jan-2025 14:24:28.776,-0.186314,-0.635911,-0.173486
26-Jan-2025 14:24:28.792,-0.28222,-0.562607,-0.187536
26-Jan-2025 14:24:28.808,-0.351248,-0.491747,-0.174097
26-Jan-2025 14:24:28.824,-0.284052,-0.530231,-0.19059
26-Jan-2025 14:24:28.840,-0.242514,-0.573602,-0.252898
26-Jan-2025 14:24:28.856,-0.496023,-0.311541,-0.193644
26-Jan-2025 14:24:28.872,-0.52962,-0.354913,-0.194866
26-Jan-2025 14:24:28.888,-0.441045,-0.36713,-0.144775
26-Jan-2025 14:24:28.904,-0.397673,-0.34575,-0.055589
26-Jan-2025 14:24:28.920,-0.302378,-0.389121,-0.042761
26-Jan-2025 14:24:28.936,-0.178984,-0.383013,0.051313
26-Jan-2025 14:24:28.952,-0.023213,-0.476475,0.153327
26-Jan-2025 14:24:28.969,0.13439,-0.540616,0.100793
26-Jan-2025 14:24:28.985,0.161879,-0.518625,-0.003054
26-Jan-2025 14:24:29.001,0.267559,-0.568716,-0.14844
26-Jan-2025 14:24:29.017,0.34575,-0.574213,-0.200975
26-Jan-2025 14:24:29.033,0.293215,-0.45876,-0.16249
26-Jan-2025 14:24:29.049,0.217468,-0.425773,-0.146608
26-Jan-2025 14:24:29.065,0.202196,-0.504575,-0.19059
26-Jan-2025 14:24:29.081,0.174097,-0.589485,-0.28955
26-Jan-2025 14:24:29.097,0.103236,-0.588874,-0.287718
26-Jan-2025 14:24:29.113,0.023824,-0.389121,-0.161879
26-Jan-2025 14:24:29.129,0.189368,-0.433103,-0.124617
26-Jan-2025 14:24:29.145,0.255953,-0.553444,-0.045204
26-Jan-2025 14:24:29.161,0.262061,-0.624915,0.037263
26-Jan-2025 14:24:29.177,0.285274,-0.607811,0.145997
26-Jan-2025 14:24:29.193,0.245568,-0.646906,0.219301
26-Jan-2025 14:24:29.210,0.216857,-0.70616,0.301767
26-Jan-2025 14:24:29.226,0.152716,-0.689667,0.467312
26-Jan-2025 14:24:29.242,0.142332,-0.723264,0.509462
26-Jan-2025 14:24:29.258,0.200975,-0.784351,0.464868
26-Jan-2025 14:24:29.274,0.243124,-0.816727,0.50152
26-Jan-2025 14:24:29.290,0.40256,-0.98838,0.732427
26-Jan-2025 14:24:29.306,0.196699,-0.923017,0.93218
26-Jan-2025 14:24:29.322,0.064141,-0.918741,1.053132
26-Jan-2025 14:24:29.338,0.112399,-0.9389,0.987158
26-Jan-2025 14:24:29.354,0.295048,-1.003041,0.74098
26-Jan-2025 14:24:29.370,0.216246,-0.764803,0.569937
26-Jan-2025 14:24:29.386,0.04948,-0.525955,0.45876
26-Jan-2025 14:24:29.402,-0.135001,-0.383623,0.439823
26-Jan-2025 14:24:29.418,-0.092852,-0.492357,0.427606
26-Jan-2025 14:24:29.434,0.067806,-0.645685,0.307876
26-Jan-2025 14:24:29.450,0.081245,-0.720821,0.24007
26-Jan-2025 14:24:29.466,0.050702,-0.707993,0.204029
26-Jan-2025 14:24:29.483,-0.023213,-0.588874,0.258396
26-Jan-2025 14:24:29.499,-0.101404,-0.536951,0.337808
26-Jan-2025 14:24:29.515,-0.171042,-0.525344,0.430049
26-Jan-2025 14:24:29.531,-0.128282,-0.492357,0.507018
26-Jan-2025 14:24:29.547,-0.07025,-0.50152,0.565661
26-Jan-2025 14:24:29.563,-0.052534,-0.463647,0.52962
26-Jan-2025 14:24:29.579,-0.18326,-0.089797,0.449597
26-Jan-2025 14:24:29.595,-0.224798,0.138666,0.48014
26-Jan-2025 14:24:29.611,-0.160658,0.203418,0.542448
26-Jan-2025 14:24:29.627,-0.05681,-0.042761,0.563829
26-Jan-2025 14:24:29.643,-0.0281,-0.107512,0.497855
26-Jan-2025 14:24:29.659,-0.054367,-0.000611,0.420886
26-Jan-2025 14:24:29.675,-0.018937,0.008552,0.406225
26-Jan-2025 14:24:29.691,0.001833,-0.131336,0.348804
26-Jan-2025 14:24:29.707,-0.004887,-0.288328,0.228464
26-Jan-2025 14:24:29.723,-0.053756,-0.256563,0.178373
26-Jan-2025 14:24:29.740,-0.061087,-0.125227,0.238237
26-Jan-2025 14:24:29.756,-0.004276,0.048258,0.219301
26-Jan-2025 14:24:29.772,0.010385,-0.073915,0.240681
26-Jan-2025 14:24:29.788,0.014661,-0.280998,0.237016
26-Jan-2025 14:24:29.804,0.012828,-0.270613,0.138666
26-Jan-2025 14:24:29.820,-0.010385,0.124617,0.033598
26-Jan-2025 14:24:29.836,0.004887,0.065973,-0.076969
26-Jan-2025 14:24:29.852,0.066584,-0.064141,-0.167988
26-Jan-2025 14:24:29.868,0.020159,-0.100182,-0.158214
26-Jan-2025 14:24:29.884,0.005498,-0.050091,-0.142332
26-Jan-2025 14:24:29.900,0.089186,0.006109,-0.109956
26-Jan-2025 14:24:29.916,0.061697,-0.088575,-0.076358
26-Jan-2025 14:24:29.932,0.013439,-0.106291,-0.075747
26-Jan-2025 14:24:29.948,0.041539,-0.061087,-0.050091
26-Jan-2025 14:24:29.964,0.069028,0.141721,0.009774
26-Jan-2025 14:24:29.981,0.07086,0.164934,-0.020769
26-Jan-2025 14:24:29.997,0.069028,0.222355,0.015882
26-Jan-2025 14:24:30.013,0.108123,0.115454,0.019548
26-Jan-2025 14:24:30.029,0.164934,-0.005498,0.05681
26-Jan-2025 14:24:30.045,0.204029,-0.095295,-0.03543
26-Jan-2025 14:24:30.061,0.201586,0.015272,-0.045815
26-Jan-2025 14:24:30.077,0.182649,0.032376,0.010996
26-Jan-2025 14:24:30.093,0.149662,0.006109,0.072082
26-Jan-2025 14:24:30.109,0.088575,0.064752,0.100793
26-Jan-2025 14:24:30.125,0.136223,-0.017104,0.095906
26-Jan-2025 14:24:30.141,0.182038,-0.052534,0.061697
26-Jan-2025 14:24:30.157,0.213803,0.002443,-0.04215
26-Jan-2025 14:24:30.173,0.167377,0.133169,-0.005498
26-Jan-2025 14:24:30.189,0.138056,0.03543,0.074526
26-Jan-2025 14:24:30.205,0.140499,-0.075747,0.068417
26-Jan-2025 14:24:30.221,0.123395,-0.131947,0.031154
26-Jan-2025 14:24:30.237,0.136834,-0.101404,0.073915
26-Jan-2025 14:24:30.254,0.167988,0,0.150273
26-Jan-2025 14:24:30.270,0.180816,0.073304,0.097128
26-Jan-2025 14:24:30.286,0.152716,0.406225,-0.044593
26-Jan-2025 14:24:30.302,0.182649,0.592539,-0.141721
26-Jan-2025 14:24:30.318,0.152105,0.634078,-0.097128
26-Jan-2025 14:24:30.334,0.17654,0.349415,-0.005498
26-Jan-2025 14:24:30.350,0.227242,-0.034819,-0.028711
26-Jan-2025 14:24:30.366,0.313374,-0.028711,0.00672
26-Jan-2025 14:24:30.382,0.311541,0.009163,0.045204
26-Jan-2025 14:24:30.398,0.205862,0.164934,0.043371
26-Jan-2025 14:24:30.414,0.128282,0.177762,0.138666
26-Jan-2025 14:24:30.430,-0.065363,0.07086,0.274278
26-Jan-2025 14:24:30.446,-0.145386,0.031765,0.3317
26-Jan-2025 14:24:30.462,-0.172875,-0.001833,0.257174
26-Jan-2025 14:24:30.478,-0.188147,0.02138,0.202807
26-Jan-2025 14:24:30.495,-0.228464,0.081245,0.07758
26-Jan-2025 14:24:30.511,-0.264505,0.076358,0.001222
26-Jan-2025 14:24:30.527,-0.130114,-0.068417,0.004276
26-Jan-2025 14:24:30.543,-0.0562,-0.110567,0.006109
26-Jan-2025 14:24:30.559,0.156382,-0.448986,-0.037874
26-Jan-2025 14:24:30.575,0.058032,-0.384234,0.043982
26-Jan-2025 14:24:30.591,-0.139888,-0.071471,0.109345
26-Jan-2025 14:24:30.607,-0.16921,-0.103236,-0.026267
26-Jan-2025 14:24:30.623,-0.221133,-0.186925,-0.065973
26-Jan-2025 14:24:30.639,-0.207083,-0.241292,-0.143553
26-Jan-2025 14:24:30.655,-0.167988,-0.239459,-0.186925
26-Jan-2025 14:24:30.671,-0.191812,-0.235183,-0.20464
26-Jan-2025 14:24:30.687,-0.133779,-0.266948,-0.149051
26-Jan-2025 14:24:30.703,-0.197309,-0.174707,-0.14111
26-Jan-2025 14:24:30.719,-0.346361,0.018937,-0.149662
26-Jan-2025 14:24:30.735,-0.372017,0.116064,-0.175929
26-Jan-2025 14:24:30.751,-0.331089,0.036652,-0.220522
26-Jan-2025 14:24:30.768,-0.215635,-0.054978,-0.221133
26-Jan-2025 14:24:30.784,-0.207083,-0.004276,-0.17654
26-Jan-2025 14:24:30.800,-0.309709,0.096517,-0.114843
26-Jan-2025 14:24:30.816,-0.368352,0.159436,-0.11973
26-Jan-2025 14:24:30.832,-0.312763,0.123395,-0.189979
26-Jan-2025 14:24:30.848,-0.14844,0.00672,-0.260839
26-Jan-2025 14:24:30.864,-0.133779,0.061697,-0.227853
26-Jan-2025 14:24:30.880,-0.204029,0.327424,-0.182038
26-Jan-2025 14:24:30.896,-0.243124,0.433103,-0.169821
26-Jan-2025 14:24:30.912,-0.251676,0.329867,-0.18326
26-Jan-2025 14:24:30.928,-0.079412,0.125227,-0.193033
26-Jan-2025 14:24:30.944,-0.099571,0.312152,-0.215025
26-Jan-2025 14:24:30.960,-0.080023,0.395841,-0.199142
26-Jan-2025 14:24:30.976,-0.165544,0.161879,-0.193033
26-Jan-2025 14:24:30.992,-0.092852,-0.090408,-0.194255
26-Jan-2025 14:24:31.008,-0.030543,-0.08491,-0.133169
26-Jan-2025 14:24:31.025,0.102014,-0.284663,-0.064141
26-Jan-2025 14:24:31.041,0.112399,-0.371406,-0.075747
26-Jan-2025 14:24:31.057,0.07086,-0.249233,-0.110567
26-Jan-2025 14:24:31.073,0.034819,-0.296881,-0.071471
26-Jan-2025 14:24:31.089,0.044593,-0.425162,-0.024435
26-Jan-2025 14:24:31.105,0.010385,-0.625526,-0.036041
26-Jan-2025 14:24:31.121,-0.034208,-0.541227,-0.088575
26-Jan-2025 14:24:31.137,-0.053145,-0.450819,-0.100182
26-Jan-2025 14:24:31.153,-0.061697,-0.463036,-0.100793
26-Jan-2025 14:24:31.169,-0.165544,-0.345139,-0.064141
26-Jan-2025 14:24:31.185,-0.298713,-0.270613,0.012828
26-Jan-2025 14:24:31.201,-0.287718,-0.160658,0.149051
26-Jan-2025 14:24:31.217,-0.262061,-0.208305,0.210138
26-Jan-2025 14:24:31.233,-0.287107,-0.064752,0.12034
26-Jan-2025 14:24:31.249,-0.271224,0.00733,0.171653
26-Jan-2025 14:24:31.266,-0.260839,-0.082467,0.202196
26-Jan-2025 14:24:31.281,-0.347582,0.073915,0.154549
26-Jan-2025 14:24:31.298,-0.354913,0.211359,0.039706
26-Jan-2025 14:24:31.314,-0.249844,0.24679,0.113621
26-Jan-2025 14:24:31.330,-0.142942,0.225409,0.14844
26-Jan-2025 14:24:31.346,-0.129503,0.238237,0.002443
26-Jan-2025 14:24:31.362,-0.207083,0.097128,-0.150273
26-Jan-2025 14:24:31.378,-0.248622,0.142942,-0.171042
26-Jan-2025 14:24:31.394,-0.262061,0.059254,-0.102625
26-Jan-2025 14:24:31.410,-0.306654,0.03543,-0.003054
26-Jan-2025 14:24:31.426,-0.281609,0.051313,-0.05681
26-Jan-2025 14:24:31.442,-0.307876,0.124006,-0.076358
26-Jan-2025 14:24:31.458,-0.277333,0.008552,-0.051924
26-Jan-2025 14:24:31.474,-0.238848,-0.210138,0.053756
26-Jan-2025 14:24:31.490,-0.259007,-0.257174,0.097128
26-Jan-2025 14:24:31.506,-0.268781,-0.260839,0.019548
26-Jan-2025 14:24:31.522,-0.21197,-0.381791,-0.079412
26-Jan-2025 14:24:31.539,-0.149662,-0.535729,-0.169821
26-Jan-2025 14:24:31.555,-0.126449,-0.675006,-0.321926
26-Jan-2025 14:24:31.571,-0.0562,-0.877203,-0.368352
26-Jan-2025 14:24:31.587,0.059254,-0.934624,-0.380569
26-Jan-2025 14:24:31.602,0.018937,-0.667676,-0.167988
26-Jan-2025 14:24:31.619,-0.00672,-0.494801,-0.047037
26-Jan-2025 14:24:31.635,0.09163,-0.486249,0.053145
26-Jan-2025 14:24:31.651,0.163712,-0.358578,0.100182
26-Jan-2025 14:24:31.667,0.249844,-0.146608,0.234572
26-Jan-2025 14:24:31.683,0.294437,-0.011606,0.170431
26-Jan-2025 14:24:31.699,0.405615,-0.029322,0.059254
26-Jan-2025 14:24:31.715,0.345139,-0.097738,0.037874
26-Jan-2025 14:24:31.731,0.290161,-0.169821,0.150273
26-Jan-2025 14:24:31.747,0.371406,-0.274889,0.201586
26-Jan-2025 14:24:31.763,0.511294,-0.498466,0.078191
26-Jan-2025 14:24:31.780,0.610254,-0.561385,0.0281
26-Jan-2025 14:24:31.796,0.673173,-0.655458,0.028711
26-Jan-2025 14:24:31.812,0.71288,-0.591928,0.098349
26-Jan-2025 14:24:31.828,0.703717,-0.414167,0.147829
26-Jan-2025 14:24:31.844,0.518625,-0.2474,0.099571
26-Jan-2025 14:24:31.860,0.441045,-0.117286,0.041539
26-Jan-2025 14:24:31.876,0.426384,-0.00672,-0.067195
26-Jan-2025 14:24:31.892,0.405004,-0.04948,-0.145997
26-Jan-2025 14:24:31.908,0.361021,-0.09163,-0.191812
26-Jan-2025 14:24:31.924,0.361021,-0.120951,-0.192423
26-Jan-2025 14:24:31.940,0.337808,0.00672,-0.105069
26-Jan-2025 14:24:31.956,0.286496,0.01405,-0.116064
26-Jan-2025 14:24:31.972,0.205251,-0.110567,-0.200975
26-Jan-2025 14:24:31.988,-0.003665,-0.001222,-0.09896
26-Jan-2025 14:24:32.004,-0.018326,0.048258,-0.078191
26-Jan-2025 14:24:32.020,0.025045,-0.114232,-0.037263
26-Jan-2025 14:24:32.036,0.044593,-0.138056,-0.023824
26-Jan-2025 14:24:32.053,0.109956,-0.137445,-0.037874
26-Jan-2025 14:24:32.069,0.123395,-0.111177,-0.083078
26-Jan-2025 14:24:32.085,0.119119,0.028711,-0.142332
26-Jan-2025 14:24:32.101,0.112399,0.064752,-0.189368
26-Jan-2025 14:24:32.117,0.081245,0.166766,-0.239459
26-Jan-2025 14:24:32.133,-0.012828,0.174707,-0.285885
26-Jan-2025 14:24:32.149,-0.05681,0.159436,-0.290772
26-Jan-2025 14:24:32.165,-0.064752,0.089797,-0.270002
26-Jan-2025 14:24:32.181,-0.111788,0.047647,-0.229685
26-Jan-2025 14:24:32.197,-0.187536,0.073915,-0.193033
26-Jan-2025 14:24:32.213,-0.193644,0.08491,-0.164934
26-Jan-2025 14:24:32.229,-0.18387,0.152105,-0.074526
26-Jan-2025 14:24:32.245,-0.179594,0.156992,-0.005498
26-Jan-2025 14:24:32.261,-0.125227,0.118508,-0.001222
26-Jan-2025 14:24:32.277,-0.047037,0.101404,-0.026878
26-Jan-2025 14:24:32.293,0.051313,0.074526,-0.032376
26-Jan-2025 14:24:32.310,0.124006,0.0281,-0.039095
26-Jan-2025 14:24:32.326,0.087965,-0.039706,-0.045815
26-Jan-2025 14:24:32.342,-0.044593,0.109345,0.021991
26-Jan-2025 14:24:32.358,-0.043982,0.15516,0.0281
26-Jan-2025 14:24:32.374,0.23274,-0.151495,-0.100182
26-Jan-2025 14:24:32.390,0.15516,0.012828,-0.080634
26-Jan-2025 14:24:32.406,-0.021991,0.130114,-0.18326
26-Jan-2025 14:24:32.422,-0.197309,0.475864,-0.24679
26-Jan-2025 14:24:32.438,-0.212581,0.634078,-0.272446
26-Jan-2025 14:24:32.454,-0.145386,0.623083,-0.263894
26-Jan-2025 14:24:32.470,-0.108734,0.527788,-0.207694
26-Jan-2025 14:24:32.486,-0.010385,0.309098,-0.100793
26-Jan-2025 14:24:32.502,0.076969,0.266337,-0.062308
26-Jan-2025 14:24:32.518,0.09163,0.446543,-0.079412
26-Jan-2025 14:24:32.534,0.087965,0.51557,-0.087354
26-Jan-2025 14:24:32.551,0.178984,0.578489,-0.054367
26-Jan-2025 14:24:32.567,0.248622,0.562607,-0.042761
26-Jan-2025 14:24:32.583,0.306654,0.492968,-0.003665
26-Jan-2025 14:24:32.599,0.359189,0.426995,0.032376
26-Jan-2025 14:24:32.615,0.35308,0.236405,-0.051924
26-Jan-2025 14:24:32.631,0.338419,0.039706,-0.138056
26-Jan-2025 14:24:32.647,0.384845,-0.094684,-0.16249
26-Jan-2025 14:24:32.663,0.37385,-0.286496,-0.174097
26-Jan-2025 14:24:32.679,0.383013,-0.252898,-0.095906
26-Jan-2025 14:24:32.695,0.514349,0.135612,-0.065973
26-Jan-2025 14:24:32.711,0.518625,0.344528,-0.043371
26-Jan-2025 14:24:32.727,0.332922,0.59987,-0.041539
26-Jan-2025 14:24:32.743,0.149662,0.717156,0.025045
26-Jan-2025 14:24:32.759,0.031765,0.587652,0.050702
26-Jan-2025 14:24:32.775,0.03543,0.400117,0.03543
26-Jan-2025 14:24:32.791,0.018937,0.097738,0.07086
26-Jan-2025 14:24:32.807,-0.040317,-0.013439,0.073915
26-Jan-2025 14:24:32.824,-0.111177,-0.010996,0.092241
26-Jan-2025 14:24:32.840,-0.187536,0.099571,0.101404
26-Jan-2025 14:24:32.856,-0.217468,0.200364,0.125838
26-Jan-2025 14:24:32.872,-0.342695,0.325591,0.123395
26-Jan-2025 14:24:32.888,-0.469755,0.417221,0.089797
26-Jan-2025 14:24:32.904,-0.481362,0.357356,0.086743
26-Jan-2025 14:24:32.920,-0.333532,0.270613,0.133169
26-Jan-2025 14:24:32.936,-0.202807,0.027489,0.163712
26-Jan-2025 14:24:32.952,-0.097128,-0.032376,0.186314
26-Jan-2025 14:24:32.968,-0.016493,-0.058643,0.217468
26-Jan-2025 14:24:32.984,0.026878,-0.145386,0.21869
26-Jan-2025 14:24:33.000,0.076358,-0.226631,0.242514
26-Jan-2025 14:24:33.016,0.177762,-0.42333,0.285885
26-Jan-2025 14:24:33.032,0.26145,-0.639576,0.259007
26-Jan-2025 14:24:33.048,0.181427,-0.656069,0.166766
26-Jan-2025 14:24:33.065,0.000611,-0.519846,0.095295
26-Jan-2025 14:24:33.080,-0.217468,-0.178373,0.018326
26-Jan-2025 14:24:33.097,-0.353691,-0.062308,-0.034819
26-Jan-2025 14:24:33.113,-0.480751,-0.258396,-0.092241
26-Jan-2025 14:24:33.129,-0.446543,-0.37385,-0.09896
26-Jan-2025 14:24:33.145,-0.376293,-0.288328,-0.079412
26-Jan-2025 14:24:33.161,-0.447153,-0.156992,-0.023213
26-Jan-2025 14:24:33.177,-0.477697,-0.194866,-0.031765
26-Jan-2025 14:24:33.193,-0.326202,-0.041539,-0.002443
26-Jan-2025 14:24:33.209,-0.252898,-0.249844,0.031765
26-Jan-2025 14:24:33.225,-0.087965,-0.478307,0.136834
26-Jan-2025 14:24:33.241,-0.0562,-0.445932,0.096517
26-Jan-2025 14:24:33.257,-0.11973,-0.383623,0.106901
26-Jan-2025 14:24:33.273,-0.182649,-0.33903,0.085521
26-Jan-2025 14:24:33.289,-0.283441,-0.256563,0.124006
26-Jan-2025 14:24:33.305,-0.37385,-0.3317,0.18387
26-Jan-2025 14:24:33.321,-0.42394,-0.434936,0.207083
26-Jan-2025 14:24:33.337,-0.50824,-0.446543,0.207083
26-Jan-2025 14:24:33.354,-0.544281,-0.296881,0.198531
26-Jan-2025 14:24:33.370,-0.556498,-0.147219,0.106901
26-Jan-2025 14:24:33.386,-0.563829,-0.083689,0.053756
26-Jan-2025 14:24:33.402,-0.612698,-0.098349,-0.048869
26-Jan-2025 14:24:33.418,-0.574824,-0.125227,-0.055589
26-Jan-2025 14:24:33.434,-0.391565,-0.092852,0.013439
26-Jan-2025 14:24:33.450,-0.304211,-0.251066,0.072693
26-Jan-2025 14:24:33.466,-0.269392,-0.354913,0.103236
26-Jan-2025 14:24:33.482,-0.390954,-0.538172,0.07758
26-Jan-2025 14:24:33.498,-0.401338,-0.510683,0.000611
26-Jan-2025 14:24:33.514,-0.412945,-0.398284,0.003054
26-Jan-2025 14:24:33.530,-0.419664,-0.475864,0.020769
26-Jan-2025 14:24:33.546,-0.312152,-0.6353,0.12034
26-Jan-2025 14:24:33.562,-0.221744,-0.561996,0.180205
26-Jan-2025 14:24:33.578,-0.299324,-0.436769,0.219301
26-Jan-2025 14:24:33.595,-0.439823,-0.489303,0.208305
26-Jan-2025 14:24:33.611,-0.632246,-0.588263,0.180816
26-Jan-2025 14:24:33.627,-0.716545,-0.505186,0.203418
26-Jan-2025 14:24:33.643,-0.901026,-0.508851,0.169821
26-Jan-2025 14:24:33.659,-1.039082,-0.500299,0.147219
26-Jan-2025 14:24:33.675,-1.269378,-0.493579,0.14111
26-Jan-2025 14:24:33.691,-1.547933,-0.199142,0.172875
26-Jan-2025 14:24:33.707,-1.573589,0.012217,0.248011
26-Jan-2025 14:24:33.723,-1.494176,-0.124617,0.279776
26-Jan-2025 14:24:33.739,-1.434922,-0.202807,0.188757
26-Jan-2025 14:24:33.755,-1.420873,-0.207694,0.04948
26-Jan-2025 14:24:33.771,-1.342682,-0.131336,0.043371
26-Jan-2025 14:24:33.787,-1.070847,-0.179594,0.094073
26-Jan-2025 14:24:33.803,-0.883311,-0.398284,0.092852
26-Jan-2025 14:24:33.819,-0.792903,-0.652404,0.025045
26-Jan-2025 14:24:33.835,-0.810618,-0.56505,-0.061087
26-Jan-2025 14:24:33.851,-0.852157,-0.368352,-0.17654
26-Jan-2025 14:24:33.868,-0.991434,-0.368963,-0.271224
26-Jan-2025 14:24:33.884,-1.071458,-0.287107,-0.280998
26-Jan-2025 14:24:33.900,-1.042136,-0.149051,-0.215025
26-Jan-2025 14:24:33.916,-0.96028,-0.127671,-0.154549
26-Jan-2025 14:24:33.932,-0.907746,-0.081245,-0.047037
26-Jan-2025 14:24:33.948,-0.933402,-0.0281,0.111788
26-Jan-2025 14:24:33.964,-1.083064,0.022602,0.24007
26-Jan-2025 14:24:33.980,-1.271211,0.149662,0.215025
26-Jan-2025 14:24:33.996,-1.311528,0.290161,0.295048
26-Jan-2025 14:24:34.012,-1.357343,0.405004,0.298102
26-Jan-2025 14:24:34.028,-1.478905,0.505186,0.266948
26-Jan-2025 14:24:34.044,-1.634065,0.637132,0.286496
26-Jan-2025 14:24:34.060,-1.757459,0.695165,0.334143
26-Jan-2025 14:24:34.076,-2.001805,0.575435,0.412945
26-Jan-2025 14:24:34.092,-2.124589,0.245568,0.483194
26-Jan-2025 14:24:34.108,-2.264477,-0.082467,0.425773
26-Jan-2025 14:24:34.124,-2.276695,-0.02138,0.273057
26-Jan-2025 14:24:34.141,-2.263867,0.141721,0.037263
26-Jan-2025 14:24:34.157,-2.214997,0.172875,-0.076358
26-Jan-2025 14:24:34.173,-2.01219,0.067195,0.009774
26-Jan-2025 14:24:34.189,-1.718364,-0.355524,0.336587
26-Jan-2025 14:24:34.205,-1.446529,-0.594372,0.478307
26-Jan-2025 14:24:34.221,-1.004873,-0.367741,0.299324
26-Jan-2025 14:24:34.237,-0.852768,-0.114843,0.12706
26-Jan-2025 14:24:34.253,-0.8546,0.206472,0.004276
26-Jan-2025 14:24:34.269,-0.89675,0.31032,-0.018326
26-Jan-2025 14:24:34.285,-1.026254,0.309098,-0.009163
26-Jan-2025 14:24:34.301,-1.131322,0.25412,0.001222
26-Jan-2025 14:24:34.317,-1.351234,0.161268,-0.001222
26-Jan-2025 14:24:34.333,-1.543046,0.144775,-0.002443
26-Jan-2025 14:24:34.349,-1.612073,0.215025,0
26-Jan-2025 14:24:34.365,-1.449583,0.262061,0.033598
26-Jan-2025 14:24:34.381,-1.308473,0.184481,0.03543
26-Jan-2025 14:24:34.398,-1.03786,0.210749,0.059254
26-Jan-2025 14:24:34.414,-0.842994,0.260229,0.029322
26-Jan-2025 14:24:34.430,-0.664621,0.18326,0.0281
26-Jan-2025 14:24:34.446,-0.52229,0.198531,0.000611
26-Jan-2025 14:24:34.462,-0.264505,0.329867,0.020769
26-Jan-2025 14:24:34.478,-0.043371,0.394008,0.053145
26-Jan-2025 14:24:34.494,0.177762,0.356745,0.071471
26-Jan-2025 14:24:34.510,0.235183,0.336587,0.099571
26-Jan-2025 14:24:34.526,0.259007,0.414167,0.075136
26-Jan-2025 14:24:34.542,0.26145,0.425162,-0.015882
26-Jan-2025 14:24:34.558,0.231518,0.3598,-0.031154
26-Jan-2025 14:24:34.574,0.09163,0.299935,0.020769
26-Jan-2025 14:24:34.590,-0.037263,0.315817,0.051313
26-Jan-2025 14:24:34.606,-0.122173,0.267559,0.102014
26-Jan-2025 14:24:34.622,-0.067195,0.26817,0.181427
26-Jan-2025 14:24:34.639,0.15516,0.174707,0.202807
26-Jan-2025 14:24:34.655,0.255953,0.041539,0.196699
26-Jan-2025 14:24:34.671,0.32498,0.043371,0.26817
26-Jan-2025 14:24:34.687,0.370795,0.200975,0.205862
26-Jan-2025 14:24:34.703,0.407447,0.477697,0.16249
26-Jan-2025 14:24:34.719,0.295659,0.616363,0.321315
26-Jan-2025 14:24:34.735,0.061087,0.426384,0.475253
26-Jan-2025 14:24:34.751,-0.199753,0.251066,0.618196
26-Jan-2025 14:24:34.767,-0.312152,0.175929,0.6353
26-Jan-2025 14:24:34.783,-0.299935,0.194866,0.591928
26-Jan-2025 14:24:34.799,-0.164323,0.297491,0.479529
26-Jan-2025 14:24:34.815,0.023213,0.397062,0.314596
26-Jan-2025 14:24:34.832,0.142332,0.34575,0.266337
26-Jan-2025 14:24:34.848,0.251066,0.124617,0.329867
26-Jan-2025 14:24:34.864,0.285274,0.038485,0.406225
26-Jan-2025 14:24:34.880,0.356134,0.09163,0.48686
26-Jan-2025 14:24:34.896,0.420275,0.212581,0.46609
26-Jan-2025 14:24:34.912,0.455095,0.120951,0.33903
26-Jan-2025 14:24:34.928,0.334143,-0.001833,0.167377
26-Jan-2025 14:24:34.944,0.194255,0.01405,0.058032
26-Jan-2025 14:24:34.960,-0.020159,-0.058032,-0.042761
26-Jan-2025 14:24:34.976,-0.178373,-0.096517,-0.091019
26-Jan-2025 14:24:34.993,-0.35308,-0.076358,-0.118508
26-Jan-2025 14:24:35.009,-0.397673,-0.022602,-0.111788
26-Jan-2025 14:24:35.025,-0.343306,-0.026267,-0.075747
26-Jan-2025 14:24:35.041,-0.284663,-0.0562,-0.020769
26-Jan-2025 14:24:35.057,-0.26817,-0.040928,0.02138
26-Jan-2025 14:24:35.073,-0.293826,-0.005498,-0.005498
26-Jan-2025 14:24:35.088,-0.309709,-0.006109,-0.054367
26-Jan-2025 14:24:35.105,-0.301157,-0.114232,-0.150884
26-Jan-2025 14:24:35.121,-0.263283,-0.142332,-0.211359
26-Jan-2025 14:24:35.137,-0.236405,-0.193033,-0.234572
26-Jan-2025 14:24:35.153,-0.259618,-0.280998,-0.214414
26-Jan-2025 14:24:35.169,-0.333532,-0.299324,-0.252287
26-Jan-2025 14:24:35.185,-0.420886,-0.345139,-0.248622
26-Jan-2025 14:24:35.201,-0.467923,-0.354302,-0.187536
26-Jan-2025 14:24:35.218,-0.463647,-0.370184,-0.186314
26-Jan-2025 14:24:35.234,-0.443488,-0.422719,-0.24007
26-Jan-2025 14:24:35.250,-0.381791,-0.378126,-0.302989
26-Jan-2025 14:24:35.266,-0.287107,-0.318872,-0.375071
26-Jan-2025 14:24:35.282,-0.224798,-0.329256,-0.456927
26-Jan-2025 14:24:35.298,-0.294437,-0.370795,-0.474642
26-Jan-2025 14:24:35.314,-0.431882,-0.523512,-0.481973
26-Jan-2025 14:24:35.330,-0.445932,-0.570548,-0.548557
26-Jan-2025 14:24:35.346,-0.386067,-0.467923,-0.646906
26-Jan-2025 14:24:35.362,-0.3317,-0.409891,-0.70616
26-Jan-2025 14:24:35.378,-0.252898,-0.428827,-0.764803
26-Jan-2025 14:24:35.394,-0.210749,-0.476475,-0.832609
26-Jan-2025 14:24:35.410,-0.114843,-0.508851,-0.872316
26-Jan-2025 14:24:35.427,-0.062308,-0.552222,-0.847881
26-Jan-2025 14:24:35.443,-0.047647,-0.623693,-0.770301
26-Jan-2025 14:24:35.459,-0.079412,-0.629191,-0.714101
26-Jan-2025 14:24:35.475,-0.159436,-0.610865,-0.679893
26-Jan-2025 14:24:35.491,-0.24007,-0.499077,-0.681726
26-Jan-2025 14:24:35.507,-0.251066,-0.398895,-0.714101
26-Jan-2025 14:24:35.523,-0.264505,-0.351858,-0.767247
26-Jan-2025 14:24:35.539,-0.305433,-0.361021,-0.780075
26-Jan-2025 14:24:35.555,-0.378126,-0.362854,-0.759305
26-Jan-2025 14:24:35.571,-0.414777,-0.311541,-0.75564
26-Jan-2025 14:24:35.587,-0.368352,-0.217468,-0.780075
26-Jan-2025 14:24:35.604,-0.24007,-0.206472,-0.810007
26-Jan-2025 14:24:35.620,-0.072693,-0.361632,-0.896139
26-Jan-2025 14:24:35.636,0.001222,-0.405615,-0.945009
26-Jan-2025 14:24:35.652,0.036041,-0.337808,-0.939511
26-Jan-2025 14:24:35.668,0.051313,-0.248011,-0.907746
26-Jan-2025 14:24:35.684,0.043371,-0.219911,-0.905302
26-Jan-2025 14:24:35.700,0.036652,-0.201586,-0.904691
26-Jan-2025 14:24:35.716,0.000611,-0.201586,-0.891863
26-Jan-2025 14:24:35.732,-0.0562,-0.224798,-0.873537
26-Jan-2025 14:24:35.748,-0.098349,-0.216246,-0.849714
26-Jan-2025 14:24:35.765,-0.106291,-0.210138,-0.829555
26-Jan-2025 14:24:35.781,-0.140499,-0.254731,-0.833831
26-Jan-2025 14:24:35.797,-0.209527,-0.369573,-0.862542
26-Jan-2025 14:24:35.813,-0.273668,-0.365908,-0.905913
26-Jan-2025 14:24:35.829,-0.284663,-0.184481,-0.905913
26-Jan-2025 14:24:35.845,-0.21197,-0.122784,-0.891252
26-Jan-2025 14:24:35.861,-0.114843,-0.121562,-0.869261
26-Jan-2025 14:24:35.877,0.010996,-0.105069,-0.846659
26-Jan-2025 14:24:35.893,0.047647,-0.076358,-0.857044
26-Jan-2025 14:24:35.909,0.040317,-0.039095,-0.836275
26-Jan-2025 14:24:35.926,0.041539,-0.059254,-0.802066
26-Jan-2025 14:24:35.942,0.040928,-0.054978,-0.710436
26-Jan-2025 14:24:35.958,0.048869,-0.013439,-0.623693
26-Jan-2025 14:24:35.974,0.100793,0.034819,-0.540616
26-Jan-2025 14:24:35.990,0.136834,0.024435,-0.519235
26-Jan-2025 14:24:36.006,0.185092,-0.02138,-0.499688
26-Jan-2025 14:24:36.022,0.201586,0.014661,-0.417832
26-Jan-2025 14:24:36.038,0.174097,0.079412,-0.316428
26-Jan-2025 14:24:36.054,0.150884,0.092852,-0.295659
26-Jan-2025 14:24:36.070,0.144775,0.126449,-0.301767
26-Jan-2025 14:24:36.087,0.115454,0.199753,-0.295659
26-Jan-2025 14:24:36.103,0.114232,0.264505,-0.28222
26-Jan-2025 14:24:36.119,0.11301,0.287107,-0.273057
26-Jan-2025 14:24:36.135,0.095295,0.265116,-0.279165
26-Jan-2025 14:24:36.151,0.067806,0.239459,-0.252898
26-Jan-2025 14:24:36.167,0.034819,0.254731,-0.20464
26-Jan-2025 14:24:36.183,-0.010385,0.28955,-0.133779
26-Jan-2025 14:24:36.199,-0.019548,0.31093,-0.097738
26-Jan-2025 14:24:36.215,0.025656,0.313985,-0.09163
26-Jan-2025 14:24:36.231,0.081856,0.290772,-0.085521
26-Jan-2025 14:24:36.247,0.160658,0.271835,-0.047037
26-Jan-2025 14:24:36.264,0.179594,0.283441,-0.016493
26-Jan-2025 14:24:36.280,0.169821,0.262061,0.007941
26-Jan-2025 14:24:36.296,0.149662,0.220522,0.025656
26-Jan-2025 14:24:36.312,0.150884,0.179594,0.0281
26-Jan-2025 14:24:36.328,0.156992,0.131947,0.043371
26-Jan-2025 14:24:36.344,0.130725,0.142942,0.048869
26-Jan-2025 14:24:36.360,0.098349,0.188147,0.033598
26-Jan-2025 14:24:36.376,0.07758,0.199753,0.007941
26-Jan-2025 14:24:36.392,0.059865,0.147219,0.003054
26-Jan-2025 14:24:36.408,0.045815,0.104458,0.010385
26-Jan-2025 14:24:36.424,0.017104,0.089186,0.033598
26-Jan-2025 14:24:36.441,-0.012217,0.117286,0.041539
26-Jan-2025 14:24:36.457,-0.045204,0.112399,0.073915
26-Jan-2025 14:24:36.473,-0.051924,0.115454,0.089797
26-Jan-2025 14:24:36.489,-0.057421,0.103236,0.089186
26-Jan-2025 14:24:36.505,-0.034208,0.067195,0.059865
26-Jan-2025 14:24:36.521,-0.006109,0.040928,0.039095
26-Jan-2025 14:24:36.537,0.0281,0.023824,0
26-Jan-2025 14:24:36.553,0.054367,0.032376,-0.030543
26-Jan-2025 14:24:36.569,0.038485,0.017104,-0.058643
26-Jan-2025 14:24:36.585,-0.007941,0.010996,-0.086743
26-Jan-2025 14:24:36.601,-0.067806,-0.010996,-0.195477
26-Jan-2025 14:24:36.617,-0.072693,-0.044593,-0.19792
26-Jan-2025 14:24:36.634,-0.064141,-0.047647,-0.209527
26-Jan-2025 14:24:36.650,-0.092852,-0.050091,-0.271224
26-Jan-2025 14:24:36.666,-0.137445,-0.043371,-0.318261
26-Jan-2025 14:24:36.682,-0.166155,-0.028711,-0.338419
26-Jan-2025 14:24:36.698,-0.150273,-0.025656,-0.323148
26-Jan-2025 14:24:36.714,-0.097738,-0.045815,-0.271224
26-Jan-2025 14:24:36.730,-0.027489,-0.04948,-0.251676
26-Jan-2025 14:24:36.746,0.027489,-0.026267,-0.292604
26-Jan-2025 14:24:36.762,0.046426,-0.05681,-0.326202
26-Jan-2025 14:24:36.778,0.057421,-0.088575,-0.344528
26-Jan-2025 14:24:36.793,0.067195,-0.080023,-0.377515
26-Jan-2025 14:24:36.810,0.065363,-0.060476,-0.445932
26-Jan-2025 14:24:36.826,0.033598,-0.058643,-0.477697
26-Jan-2025 14:24:36.842,-0.016493,-0.081856,-0.491136
26-Jan-2025 14:24:36.859,-0.106901,-0.163101,-0.48686
26-Jan-2025 14:24:36.875,-0.174097,-0.201586,-0.498466
26-Jan-2025 14:24:36.891,-0.216857,-0.186925,-0.535118
26-Jan-2025 14:24:36.907,-0.219301,-0.179594,-0.545503
26-Jan-2025 14:24:36.923,-0.195477,-0.172875,-0.545503
26-Jan-2025 14:24:36.939,-0.169821,-0.179594,-0.549779
26-Jan-2025 14:24:36.955,-0.163101,-0.181427,-0.561385
26-Jan-2025 14:24:36.971,-0.171042,-0.132558,-0.544892
26-Jan-2025 14:24:36.987,-0.174097,-0.098349,-0.56505
26-Jan-2025 14:24:37.003,-0.158825,-0.178373,-0.54367
26-Jan-2025 14:24:37.019,-0.132558,-0.222966,-0.507629
26-Jan-2025 14:24:37.035,-0.130725,-0.198531,-0.482584
26-Jan-2025 14:24:37.051,-0.132558,-0.184481,-0.471588
26-Jan-2025 14:24:37.067,-0.128893,-0.188757,-0.477697
26-Jan-2025 14:24:37.083,-0.13439,-0.210138,-0.491747
26-Jan-2025 14:24:37.099,-0.185092,-0.259618,-0.474031
26-Jan-2025 14:24:37.114,-0.260839,-0.269392,-0.477086
26-Jan-2025 14:24:37.132,-0.357356,-0.2755,-0.482584
26-Jan-2025 14:24:37.148,-0.41661,-0.285885,-0.48747
26-Jan-2025 14:24:37.164,-0.458149,-0.323148,-0.481973
26-Jan-2025 14:24:37.180,-0.445932,-0.369573,-0.450208
26-Jan-2025 14:24:37.196,-0.426995,-0.439823,-0.422108
26-Jan-2025 14:24:37.212,-0.37385,-0.44471,-0.442877
26-Jan-2025 14:24:37.228,-0.291994,-0.382402,-0.485638
26-Jan-2025 14:24:37.244,-0.170431,-0.309098,-0.514349
26-Jan-2025 14:24:37.260,-0.090408,-0.295048,-0.524733
26-Jan-2025 14:24:37.276,-0.005498,-0.317039,-0.572992
26-Jan-2025 14:24:37.292,0.029932,-0.292604,-0.615141
26-Jan-2025 14:24:37.308,0.047037,-0.241292,-0.67745
26-Jan-2025 14:24:37.324,0.072082,-0.231518,-0.686613
26-Jan-2025 14:24:37.340,0.103236,-0.218079,-0.686002
26-Jan-2025 14:24:37.356,0.199142,-0.20464,-0.733038
26-Jan-2025 14:24:37.372,0.260229,-0.182649,-0.775799
26-Jan-2025 14:24:37.388,0.255953,-0.199753,-0.726319
26-Jan-2025 14:24:37.405,0.020159,-0.352469,-0.651182
26-Jan-2025 14:24:37.421,-0.163712,-0.28955,-0.477697
26-Jan-2025 14:24:37.437,-0.241292,-0.285885,-0.364076
