Timestamp,X,Y,Z
18-Jan-2025 14:36:35.650,-0.390954,-0.125227,0.092852
18-Jan-2025 14:36:35.666,-0.514349,-0.240681,0.130114
18-Jan-2025 14:36:35.682,-0.526566,-0.323148,0.133169
18-Jan-2025 14:36:35.698,-0.42333,-0.346971,0.122173
18-Jan-2025 14:36:35.714,-0.317039,-0.264505,0.11301
18-Jan-2025 14:36:35.730,-0.180816,-0.117286,0.109345
18-Jan-2025 14:36:35.746,-0.102625,-0.098349,0.105069
18-Jan-2025 14:36:35.762,-0.030543,-0.145997,0.108123
18-Jan-2025 14:36:35.778,-0.005498,-0.205862,0.109956
18-Jan-2025 14:36:35.794,-0.00672,-0.257174,0.126449
18-Jan-2025 14:36:35.811,-0.032987,-0.280387,0.125227
18-Jan-2025 14:36:35.827,-0.089797,-0.315817,0.114843
18-Jan-2025 14:36:35.843,-0.147219,-0.33903,0.116064
18-Jan-2025 14:36:35.859,-0.205862,-0.409891,0.114843
18-Jan-2025 14:36:35.875,-0.259007,-0.561385,0.131336
18-Jan-2025 14:36:35.891,-0.252287,-0.725097,0.125838
18-Jan-2025 14:36:35.907,-0.211359,-0.929737,0.101404
18-Jan-2025 14:36:35.923,-0.138666,-0.871094,0.072693
18-Jan-2025 14:36:35.939,-0.046426,-0.611476,-0.025656
18-Jan-2025 14:36:35.955,0.161268,-0.125227,-0.053756
18-Jan-2025 14:36:35.971,0.343306,0.394619,-0.093462
18-Jan-2025 14:36:35.987,0.38851,0.502131,-0.110567
18-Jan-2025 14:36:36.003,0.446543,0.64935,-0.108123
18-Jan-2025 14:36:36.019,0.47281,0.678671,-0.092852
18-Jan-2025 14:36:36.036,0.417221,0.623083,-0.048869
18-Jan-2025 14:36:36.052,0.271835,0.507629,0.011606
18-Jan-2025 14:36:36.068,0.22602,0.412334,0.005498
18-Jan-2025 14:36:36.084,0.177151,0.291994,0.000611
18-Jan-2025 14:36:36.100,0.130114,0.305433,0.000611
18-Jan-2025 14:36:36.116,0.122173,0.242514,-0.012217
18-Jan-2025 14:36:36.132,0.129503,0.09163,-0.022602
18-Jan-2025 14:36:36.148,0.194255,0.07758,-0.072693
18-Jan-2025 14:36:36.164,0.227853,0.161879,-0.064141
18-Jan-2025 14:36:36.180,0.240681,0.136223,-0.010385
18-Jan-2025 14:36:36.196,0.262061,0.033598,0.007941
18-Jan-2025 14:36:36.212,0.307265,-0.058643,-0.019548
18-Jan-2025 14:36:36.228,0.419054,-0.050091,-0.052534
18-Jan-2025 14:36:36.245,0.479529,-0.057421,-0.067806
18-Jan-2025 14:36:36.261,0.518014,-0.048258,-0.081245
18-Jan-2025 14:36:36.277,0.540005,0.020769,-0.109345
18-Jan-2025 14:36:36.293,0.594372,0.061087,-0.128282
18-Jan-2025 14:36:36.309,0.651182,0.103236,-0.140499
18-Jan-2025 14:36:36.325,0.67806,0.191201,-0.118508
18-Jan-2025 14:36:36.341,0.576046,0.06353,-0.058032
18-Jan-2025 14:36:36.357,0.356745,-0.266948,-0.0281
18-Jan-2025 14:36:36.373,0.220522,-0.394008,-0.034819
18-Jan-2025 14:36:36.389,0.153327,-0.420275,-0.048258
18-Jan-2025 14:36:36.405,0.145997,-0.426384,-0.052534
18-Jan-2025 14:36:36.421,0.191812,-0.349415,-0.000611
18-Jan-2025 14:36:36.437,0.298102,-0.124006,0.075747
18-Jan-2025 14:36:36.454,0.328645,-0.067195,0.150884
18-Jan-2025 14:36:36.470,0.405004,-0.048869,0.158214
18-Jan-2025 14:36:36.486,0.456316,-0.07758,0.146608
18-Jan-2025 14:36:36.502,0.496023,-0.098349,0.105069
18-Jan-2025 14:36:36.518,0.48014,-0.130725,0.114232
18-Jan-2025 14:36:36.534,0.507018,-0.129503,0.140499
18-Jan-2025 14:36:36.550,0.530842,-0.037874,0.136223
18-Jan-2025 14:36:36.566,0.565661,-0.005498,0.138666
18-Jan-2025 14:36:36.582,0.538172,0.129503,0.142332
18-Jan-2025 14:36:36.598,0.514959,0.075136,0.101404
18-Jan-2025 14:36:36.614,0.451429,-0.073304,-0.041539
18-Jan-2025 14:36:36.630,0.45204,-0.135001,-0.020769
18-Jan-2025 14:36:36.647,0.364076,-0.230296,-0.05681
18-Jan-2025 14:36:36.663,0.207083,-0.404393,-0.128893
18-Jan-2025 14:36:36.679,0.036652,-0.508851,-0.135612
18-Jan-2025 14:36:36.695,-0.100182,-0.69883,0.006109
18-Jan-2025 14:36:36.711,-0.266948,-1.298699,0.219301
18-Jan-2025 14:36:36.727,-0.535729,-1.441031,0.390954
18-Jan-2025 14:36:36.743,-0.893085,-1.491733,0.587041
18-Jan-2025 14:36:36.759,-1.072068,-1.156368,0.701884
18-Jan-2025 14:36:36.775,-1.154535,-0.629191,1.047023
18-Jan-2025 14:36:36.790,-0.905302,-0.14844,0.720821
18-Jan-2025 14:36:36.807,-0.434936,0.029932,0.460592
18-Jan-2025 14:36:36.823,-0.239459,-0.778853,0.357356
18-Jan-2025 14:36:36.839,-0.199753,-1.054964,0.235794
18-Jan-2025 14:36:36.855,-0.463647,-1.010371,0.065363
18-Jan-2025 14:36:36.872,-0.817338,-0.642019,-0.011606
18-Jan-2025 14:36:36.888,-1.333519,0.119119,0.039706
18-Jan-2025 14:36:36.904,-1.474629,0.362854,0.071471
18-Jan-2025 14:36:36.920,-1.292591,0.135612,0.076358
18-Jan-2025 14:36:36.935,-1.066571,-0.213803,0.151495
18-Jan-2025 14:36:36.952,-0.857044,-0.48686,0.203418
18-Jan-2025 14:36:36.968,-0.816116,-0.492357,0.181427
18-Jan-2025 14:36:36.984,-0.850935,-0.493579,0.099571
18-Jan-2025 14:36:37.000,-0.996321,-0.193033,-0.037263
18-Jan-2025 14:36:37.016,-1.138653,0.210749,0.069028
18-Jan-2025 14:36:37.032,-1.368949,0.164934,0.266948
18-Jan-2025 14:36:37.048,-1.318247,0.144775,0.351858
18-Jan-2025 14:36:37.064,-1.013425,-0.026878,0.142942
18-Jan-2025 14:36:37.080,-0.734871,0.155771,-0.032987
18-Jan-2025 14:36:37.096,-0.632246,-0.020769,-0.11973
18-Jan-2025 14:36:37.113,-0.544892,-0.505796,-0.218079
18-Jan-2025 14:36:37.129,-0.535118,-0.910189,-0.194866
18-Jan-2025 14:36:37.145,-0.447764,-0.687834,-0.164323
18-Jan-2025 14:36:37.161,-0.372017,-0.406225,-0.319483
18-Jan-2025 14:36:37.177,-0.315817,-0.160047,-0.492357
18-Jan-2025 14:36:37.193,-0.450819,-0.239459,-0.440434
18-Jan-2025 14:36:37.209,-0.511294,-0.12034,-0.26817
18-Jan-2025 14:36:37.225,-0.509462,-0.244346,-0.208305
18-Jan-2025 14:36:37.241,-0.301157,-0.358578,-0.191201
18-Jan-2025 14:36:37.257,-0.197309,-0.297491,-0.207083
18-Jan-2025 14:36:37.273,-0.150884,-0.199753,-0.215025
18-Jan-2025 14:36:37.289,-0.140499,-0.164934,-0.188147
18-Jan-2025 14:36:37.306,-0.178373,-0.20464,-0.164934
18-Jan-2025 14:36:37.322,-0.206472,-0.327424,-0.210138
18-Jan-2025 14:36:37.338,-0.175929,-0.462425,-0.24679
18-Jan-2025 14:36:37.354,-0.113621,-0.579711,-0.255953
18-Jan-2025 14:36:37.370,-0.14111,-0.474642,-0.25412
18-Jan-2025 14:36:37.386,-0.255953,-0.32498,-0.318261
18-Jan-2025 14:36:37.402,-0.306043,-0.160047,-0.302378
18-Jan-2025 14:36:37.418,-0.311541,0.092241,-0.276111
18-Jan-2025 14:36:37.434,-0.325591,0.147219,-0.22602
18-Jan-2025 14:36:37.450,-0.401338,0.159436,-0.19792
18-Jan-2025 14:36:37.466,-0.448986,0.089797,-0.227853
18-Jan-2025 14:36:37.482,-0.530842,-0.089797,-0.328645
18-Jan-2025 14:36:37.498,-0.5791,-0.005498,-0.382402
18-Jan-2025 14:36:37.515,-0.695776,-0.004887,-0.277944
18-Jan-2025 14:36:37.531,-0.554666,0.024435,-0.153327
18-Jan-2025 14:36:37.547,-0.369573,0.12034,-0.164934
18-Jan-2025 14:36:37.563,-0.248011,-0.112399,-0.193644
18-Jan-2025 14:36:37.579,-0.20464,-0.066584,-0.213192
18-Jan-2025 14:36:37.595,-0.270002,0.033598,-0.125838
18-Jan-2025 14:36:37.611,-0.348804,0.059865,-0.095906
18-Jan-2025 14:36:37.627,-0.326813,-0.011606,-0.059865
18-Jan-2025 14:36:37.643,-0.225409,-0.163101,-0.027489
18-Jan-2025 14:36:37.659,0.015882,-0.312152,-0.021991
18-Jan-2025 14:36:37.675,0.163712,-0.385456,-0.025045
18-Jan-2025 14:36:37.691,0.202807,-0.337198,-0.009774
18-Jan-2025 14:36:37.707,0.123395,-0.213803,0.005498
18-Jan-2025 14:36:37.724,0.033598,-0.173486,0.010385
18-Jan-2025 14:36:37.740,-0.030543,-0.135612,0.008552
18-Jan-2025 14:36:37.756,-0.078802,-0.059865,0.014661
18-Jan-2025 14:36:37.772,-0.136223,0.061087,-0.054367
18-Jan-2025 14:36:37.788,-0.157603,0.09163,-0.108734
18-Jan-2025 14:36:37.804,-0.05681,-0.089797,-0.136834
18-Jan-2025 14:36:37.820,0.094073,-0.233961,-0.138666
18-Jan-2025 14:36:37.836,0.178373,-0.292604,-0.150273
18-Jan-2025 14:36:37.852,0.114843,-0.271835,-0.131336
18-Jan-2025 14:36:37.868,0.032376,-0.210749,-0.10568
18-Jan-2025 14:36:37.884,0.006109,-0.171042,-0.115454
18-Jan-2025 14:36:37.900,0.047647,-0.17654,-0.136223
18-Jan-2025 14:36:37.917,0.113621,-0.215025,-0.10568
18-Jan-2025 14:36:37.933,0.118508,-0.262672,-0.075136
18-Jan-2025 14:36:37.949,0.04215,-0.321315,-0.080634
18-Jan-2025 14:36:37.965,0.093462,-0.406225,-0.137445
18-Jan-2025 14:36:37.981,0.145386,-0.512516,-0.151495
18-Jan-2025 14:36:37.997,0.248622,-0.31765,-0.150273
18-Jan-2025 14:36:38.013,0.102625,-0.230907,-0.168599
18-Jan-2025 14:36:38.029,-0.031765,-0.033598,-0.16921
18-Jan-2025 14:36:38.045,-0.16249,0.083689,-0.177762
18-Jan-2025 14:36:38.061,-0.265116,0.094073,-0.158825
18-Jan-2025 14:36:38.077,-0.291383,-0.013439,-0.150273
18-Jan-2025 14:36:38.093,-0.198531,-0.278555,-0.209527
18-Jan-2025 14:36:38.109,-0.064752,-0.411723,-0.272446
18-Jan-2025 14:36:38.125,0.031765,-0.375682,-0.236405
18-Jan-2025 14:36:38.142,-0.015882,-0.188757,-0.209527
18-Jan-2025 14:36:38.158,-0.167988,0.012217,-0.149051
18-Jan-2025 14:36:38.174,-0.234572,0.080634,-0.123395
18-Jan-2025 14:36:38.190,-0.229685,-0.103847,-0.098349
18-Jan-2025 14:36:38.206,-0.131947,-0.229685,-0.093462
18-Jan-2025 14:36:38.222,-0.029932,-0.336587,-0.07086
18-Jan-2025 14:36:38.238,-0.014661,-0.482584,0.075747
18-Jan-2025 14:36:38.254,0.113621,-0.177151,0.048258
18-Jan-2025 14:36:38.270,0.07025,-0.022602,-0.030543
18-Jan-2025 14:36:38.286,0.008552,-0.002443,-0.040317
18-Jan-2025 14:36:38.302,-0.048258,0.012217,-0.014661
18-Jan-2025 14:36:38.318,-0.026878,-0.012828,0.07025
18-Jan-2025 14:36:38.335,0.120951,-0.137445,0.115454
18-Jan-2025 14:36:38.351,0.265116,-0.542448,0.198531
18-Jan-2025 14:36:38.367,0.368352,-0.907135,0.26145
18-Jan-2025 14:36:38.383,0.542448,-1.231504,0.110567
18-Jan-2025 14:36:38.399,0.398895,-1.301143,0.084299
18-Jan-2025 14:36:38.415,0.095295,-0.575435,0.221133
18-Jan-2025 14:36:38.431,-0.265116,0.074526,0.255953
18-Jan-2025 14:36:38.447,-0.505186,0.665843,0.232129
18-Jan-2025 14:36:38.463,-0.566272,1.003652,0.234572
18-Jan-2025 14:36:38.479,-0.588874,1.081842,0.258396
18-Jan-2025 14:36:38.495,-0.615141,0.805731,0.234572
18-Jan-2025 14:36:38.511,-0.523512,0.394619,0.142942
18-Jan-2025 14:36:38.527,-0.400117,0.207694,0.064141
18-Jan-2025 14:36:38.543,-0.378736,0.103847,-0.004276
18-Jan-2025 14:36:38.559,-0.320093,0.014661,0.032987
18-Jan-2025 14:36:38.576,-0.191812,-0.128282,0.117897
18-Jan-2025 14:36:38.592,-0.031765,-0.120951,0.061697
18-Jan-2025 14:36:38.608,0.132558,-0.043371,0.029322
18-Jan-2025 14:36:38.624,0.084299,0.230296,-0.015272
18-Jan-2025 14:36:38.640,-0.108734,0.520457,-0.005498
18-Jan-2025 14:36:38.656,-0.295048,0.760527,0.137445
18-Jan-2025 14:36:38.672,-0.334754,0.779464,0.164934
18-Jan-2025 14:36:38.688,-0.328035,0.794125,-0.034819
18-Jan-2025 14:36:38.704,-0.48014,0.525955,-0.07758
18-Jan-2025 14:36:38.720,-0.469145,0.001222,-0.083689
18-Jan-2025 14:36:38.736,-0.343306,-0.068417,-0.090408
18-Jan-2025 14:36:38.752,-0.034208,-0.128893,-0.045815
18-Jan-2025 14:36:38.768,0.29627,-0.158825,0.013439
18-Jan-2025 14:36:38.784,0.685391,-0.332922,0.136834
18-Jan-2025 14:36:38.801,1.160033,-0.74159,0.12034
18-Jan-2025 14:36:38.817,1.495398,-1.229061,-0.015882
18-Jan-2025 14:36:38.833,1.954158,-1.780061,-0.086132
18-Jan-2025 14:36:38.849,2.411696,-1.845424,0.020769
18-Jan-2025 14:36:38.865,2.927266,-1.616349,0.229074
18-Jan-2025 14:36:38.881,3.231477,-1.437366,0.321926
18-Jan-2025 14:36:38.897,3.664581,-0.925461,0.459982
18-Jan-2025 14:36:38.913,3.944968,-1.40499,0.565661
18-Jan-2025 14:36:38.929,4.237572,-1.647504,0.654848
18-Jan-2025 14:36:38.945,4.150829,-1.378112,0.604757
18-Jan-2025 14:36:38.961,3.971235,-0.74159,0.403782
18-Jan-2025 14:36:38.977,3.751323,0.299935,0.29627
18-Jan-2025 14:36:38.993,3.64259,1.021978,0.378126
18-Jan-2025 14:36:39.009,3.717726,1.698205,0.568105
18-Jan-2025 14:36:39.025,3.809356,2.039068,0.586431
18-Jan-2025 14:36:39.042,3.9187,2.420248,0.37385
18-Jan-2025 14:36:39.058,3.835623,2.54853,0.152716
18-Jan-2025 14:36:39.074,3.331659,2.618779,-0.036652
18-Jan-2025 14:36:39.090,2.707355,2.618779,-0.103847
18-Jan-2025 14:36:39.106,1.958434,2.753781,-0.204029
18-Jan-2025 14:36:39.122,1.230283,2.994462,-0.385456
18-Jan-2025 14:36:39.138,0.938289,3.153897,-0.458149
18-Jan-2025 14:36:39.154,0.704938,2.902832,-0.473421
18-Jan-2025 14:36:39.170,0.455095,2.515543,-0.535729
18-Jan-2025 14:36:39.186,0.153327,2.382375,-0.758084
18-Jan-2025 14:36:39.202,0.004887,2.488054,-0.927293
18-Jan-2025 14:36:39.218,-0.279165,2.61939,-1.094671
18-Jan-2025 14:36:39.234,-0.654848,2.56258,-1.147816
18-Jan-2025 14:36:39.250,-1.14354,2.472172,-1.133766
18-Jan-2025 14:36:39.266,-1.321302,1.22173,-1.098947
18-Jan-2025 14:36:39.282,-0.990213,-0.376293,-1.17225
18-Jan-2025 14:36:39.299,-0.474642,-0.95295,-1.076345
18-Jan-2025 14:36:39.315,-0.102014,-1.430646,-0.737314
18-Jan-2025 14:36:39.331,0.091019,-1.513724,-0.217468
18-Jan-2025 14:36:39.347,0,-0.752586,-0.26817
18-Jan-2025 14:36:39.363,-0.600481,-0.530231,-0.455095
18-Jan-2025 14:36:39.379,-0.88942,-0.826501,-0.510072
18-Jan-2025 14:36:39.395,-0.971276,-1.422094,-0.561385
18-Jan-2025 14:36:39.411,-0.897361,-2.134363,-0.433714
18-Jan-2025 14:36:39.427,0.069028,-4.612032,-0.178373
18-Jan-2025 14:36:39.443,2.128254,-6.293745,-0.334754
18-Jan-2025 14:36:39.459,3.470936,-2.021353,-0.348193
18-Jan-2025 14:36:39.475,-0.280998,-0.233961,0.015272
18-Jan-2025 14:36:39.491,-1.099557,0.175929,0.323148
18-Jan-2025 14:36:39.507,-0.5791,0.036652,0.45876
18-Jan-2025 14:36:39.523,0.136834,-0.191812,0.264505
18-Jan-2025 14:36:39.540,0.566883,-0.313985,0.043371
18-Jan-2025 14:36:39.556,0.389732,-0.124006,0.0281
18-Jan-2025 14:36:39.572,0.18326,0.031765,0.029322
18-Jan-2025 14:36:39.588,0.262672,0.01405,-0.048869
18-Jan-2025 14:36:39.603,0.448375,0.001222,-0.250455
18-Jan-2025 14:36:39.620,0.525344,-0.01405,-0.389121
18-Jan-2025 14:36:39.636,0.541837,-0.020159,-0.406836
18-Jan-2025 14:36:39.652,0.593761,-0.000611,-0.150884
18-Jan-2025 14:36:39.668,0.627359,-0.072693,0.048258
18-Jan-2025 14:36:39.684,0.589485,-0.103236,0.067195
18-Jan-2025 14:36:39.700,0.489303,-0.193033,0.121562
18-Jan-2025 14:36:39.716,0.40256,-0.266337,0.237627
18-Jan-2025 14:36:39.732,0.38118,-0.299935,0.274278
18-Jan-2025 14:36:39.748,0.287107,-0.351858,0.199142
18-Jan-2025 14:36:39.764,0.213192,-0.390343,0.153327
18-Jan-2025 14:36:39.781,0.095906,-0.379347,0.106901
18-Jan-2025 14:36:39.796,0.0281,-0.328645,0.001222
18-Jan-2025 14:36:39.812,-0.029932,-0.28955,-0.068417
18-Jan-2025 14:36:39.828,-0.073304,-0.259618,-0.062308
18-Jan-2025 14:36:39.844,-0.068417,-0.21197,-0.017715
18-Jan-2025 14:36:39.861,-0.125227,-0.116675,0.110567
18-Jan-2025 14:36:39.877,-0.167988,-0.125227,0.189368
18-Jan-2025 14:36:39.893,-0.221744,-0.117286,0.347582
18-Jan-2025 14:36:39.909,-0.178984,-0.050091,0.493579
18-Jan-2025 14:36:39.925,-0.102014,-0.160047,0.587652
18-Jan-2025 14:36:39.941,-0.189979,-0.061697,0.403171
18-Jan-2025 14:36:39.957,-0.990823,-0.749532,-0.605978
18-Jan-2025 14:36:39.973,-1.95538,-0.684169,-0.883922
18-Jan-2025 14:36:39.989,-1.47585,-0.171042,-0.160658
18-Jan-2025 14:36:40.005,-0.822836,-0.224188,0.210749
18-Jan-2025 14:36:40.022,-0.491136,-0.034819,0.202196
18-Jan-2025 14:36:40.037,-0.186925,-0.026267,0.161268
18-Jan-2025 14:36:40.053,-0.117286,-0.116675,0.174097
18-Jan-2025 14:36:40.069,-0.038485,-0.199142,0.175929
18-Jan-2025 14:36:40.086,-0.153938,-0.25412,0.194866
18-Jan-2025 14:36:40.102,-0.361632,-0.215635,0.430049
18-Jan-2025 14:36:40.117,-0.350637,-0.208916,0.582155
18-Jan-2025 14:36:40.134,-0.138666,-0.3317,0.39523
18-Jan-2025 14:36:40.150,0.002443,-0.335976,0.146608
18-Jan-2025 14:36:40.166,0.011606,-0.454484,0.051313
18-Jan-2025 14:36:40.182,-0.025045,-0.404393,0.317039
18-Jan-2025 14:36:40.198,-0.128282,-0.326202,0.208305
18-Jan-2025 14:36:40.214,0.072082,-0.513127,0.115454
18-Jan-2025 14:36:40.230,0.122173,-0.596815,0.08491
18-Jan-2025 14:36:40.246,-0.000611,-0.624915,0.12706
18-Jan-2025 14:36:40.262,-0.163101,-0.645685,0.143553
18-Jan-2025 14:36:40.278,-0.357356,-0.569937,0.13439
18-Jan-2025 14:36:40.294,-0.472199,-0.527177,0.132558
18-Jan-2025 14:36:40.310,-0.536951,-0.500299,0.127671
18-Jan-2025 14:36:40.326,-0.582155,-0.50152,0.046426
18-Jan-2025 14:36:40.343,-0.590707,-0.504575,-0.003665
18-Jan-2025 14:36:40.358,-0.594983,-0.417221,0.005498
18-Jan-2025 14:36:40.374,-0.541837,-0.270002,0.026267
18-Jan-2025 14:36:40.391,-0.505186,-0.163712,0.010996
18-Jan-2025 14:36:40.406,-0.499688,-0.177762,-0.003054
18-Jan-2025 14:36:40.423,-0.489303,-0.185703,-0.09163
18-Jan-2025 14:36:40.439,-0.476475,-0.140499,-0.185092
18-Jan-2025 14:36:40.455,-0.455095,-0.033598,-0.276111
18-Jan-2025 14:36:40.471,-0.445321,0.062308,-0.279165
18-Jan-2025 14:36:40.487,-0.38851,0.113621,-0.267559
18-Jan-2025 14:36:40.503,-0.213192,0.104458,-0.344528
18-Jan-2025 14:36:40.519,-0.141721,0.086132,-0.272446
18-Jan-2025 14:36:40.535,-0.051924,0.205251,-0.244957
18-Jan-2025 14:36:40.551,-0.008552,0.225409,-0.259618
18-Jan-2025 14:36:40.567,0.044593,0.203418,-0.292604
18-Jan-2025 14:36:40.584,0.058032,0.205251,-0.179594
18-Jan-2025 14:36:40.599,0.147829,0.186925,-0.164934
18-Jan-2025 14:36:40.616,0.21197,0.194255,-0.110567
18-Jan-2025 14:36:40.631,0.28222,0.180816,-0.106291
18-Jan-2025 14:36:40.648,0.340252,0.179594,-0.11301
18-Jan-2025 14:36:40.664,0.375071,0.17654,-0.185703
18-Jan-2025 14:36:40.680,0.342695,0.12706,-0.163101
18-Jan-2025 14:36:40.696,0.300546,0.09163,-0.189979
18-Jan-2025 14:36:40.712,0.232129,0.06353,-0.122784
18-Jan-2025 14:36:40.728,0.199142,0.088575,-0.066584
18-Jan-2025 14:36:40.744,0.237627,0.260839,-0.06353
18-Jan-2025 14:36:40.760,0.24007,0.287107,-0.106901
18-Jan-2025 14:36:40.776,0.169821,0.295659,-0.142332
18-Jan-2025 14:36:40.792,0.09896,0.332922,-0.179594
18-Jan-2025 14:36:40.808,-0.011606,0.346361,-0.249844
18-Jan-2025 14:36:40.825,-0.066584,0.355524,-0.274278
18-Jan-2025 14:36:40.840,-0.110567,0.383623,-0.273057
18-Jan-2025 14:36:40.856,-0.129503,0.435547,-0.257174
18-Jan-2025 14:36:40.872,-0.142942,0.534507,-0.280998
18-Jan-2025 14:36:40.889,-0.216246,0.499077,-0.221744
18-Jan-2025 14:36:40.905,-0.238237,0.468534,-0.208305
18-Jan-2025 14:36:40.921,-0.262672,0.425773,-0.205251
18-Jan-2025 14:36:40.937,-0.255342,0.405004,-0.336587
18-Jan-2025 14:36:40.953,-0.333532,0.353691,-0.271224
18-Jan-2025 14:36:40.969,-0.351858,0.311541,-0.288328
18-Jan-2025 14:36:40.985,-0.35308,0.187536,-0.287107
18-Jan-2025 14:36:41.001,-0.321315,0.092852,-0.290772
18-Jan-2025 14:36:41.017,-0.316428,0.050702,-0.290772
18-Jan-2025 14:36:41.033,-0.384234,0.073915,-0.263283
18-Jan-2025 14:36:41.049,-0.415999,0.099571,-0.246179
18-Jan-2025 14:36:41.065,-0.399506,0.080634,-0.237627
18-Jan-2025 14:36:41.081,-0.376293,0.040317,-0.249844
18-Jan-2025 14:36:41.097,-0.342695,-0.017715,-0.269392
18-Jan-2025 14:36:41.113,-0.323148,-0.054367,-0.280998
18-Jan-2025 14:36:41.130,-0.321315,-0.051924,-0.28955
18-Jan-2025 14:36:41.146,-0.324369,-0.047647,-0.279776
18-Jan-2025 14:36:41.162,-0.311541,-0.017715,-0.268781
18-Jan-2025 14:36:41.178,-0.2755,0.014661,-0.243124
18-Jan-2025 14:36:41.194,-0.230907,0.00672,-0.229074
18-Jan-2025 14:36:41.210,-0.167377,0.031765,-0.200975
18-Jan-2025 14:36:41.226,-0.119119,0.051924,-0.16921
18-Jan-2025 14:36:41.242,-0.078802,0.108123,-0.150884
18-Jan-2025 14:36:41.258,-0.081856,0.072082,-0.156382
18-Jan-2025 14:36:41.274,-0.122784,0.06353,-0.160658
18-Jan-2025 14:36:41.290,-0.143553,0.061697,-0.139277
18-Jan-2025 14:36:41.306,-0.125838,0.084299,-0.10568
18-Jan-2025 14:36:41.322,-0.111788,0.094073,-0.076358
18-Jan-2025 14:36:41.338,-0.112399,0.112399,-0.050702
18-Jan-2025 14:36:41.354,-0.112399,0.098349,-0.054978
18-Jan-2025 14:36:41.370,-0.11301,0.106901,-0.079412
18-Jan-2025 14:36:41.387,-0.131336,0.145997,-0.115454
18-Jan-2025 14:36:41.402,-0.139277,0.173486,-0.11973
18-Jan-2025 14:36:41.418,-0.138666,0.216246,-0.09896
18-Jan-2025 14:36:41.434,-0.130725,0.243735,-0.067806
18-Jan-2025 14:36:41.450,-0.078802,0.239459,-0.045204
18-Jan-2025 14:36:41.467,-0.053756,0.222966,-0.034208
18-Jan-2025 14:36:41.483,-0.039706,0.227853,-0.003665
18-Jan-2025 14:36:41.499,-0.042761,0.248622,0.00733
18-Jan-2025 14:36:41.515,-0.051924,0.255953,-0.007941
18-Jan-2025 14:36:41.531,-0.111177,0.272446,-0.016493
18-Jan-2025 14:36:41.547,-0.143553,0.296881,-0.008552
18-Jan-2025 14:36:41.563,-0.111177,0.291383,-0.007941
18-Jan-2025 14:36:41.579,-0.072693,0.272446,-0.007941
18-Jan-2025 14:36:41.595,-0.053145,0.252287,0.003054
18-Jan-2025 14:36:41.611,-0.042761,0.257174,0.003665
18-Jan-2025 14:36:41.628,-0.041539,0.230907,0.00733
18-Jan-2025 14:36:41.643,-0.040317,0.209527,0.028711
18-Jan-2025 14:36:41.659,-0.039095,0.227242,0.053145
18-Jan-2025 14:36:41.675,-0.027489,0.199753,0.057421
18-Jan-2025 14:36:41.691,-0.024435,0.141721,0.039095
18-Jan-2025 14:36:41.708,-0.023213,0.069028,0.033598
18-Jan-2025 14:36:41.723,-0.008552,0.044593,0.051924
18-Jan-2025 14:36:41.740,-0.008552,0.034819,0.071471
18-Jan-2025 14:36:41.756,-0.018937,0.025045,0.07086
18-Jan-2025 14:36:41.771,-0.026267,0.010385,0.065973
18-Jan-2025 14:36:41.788,-0.024435,-0.008552,0.07758
18-Jan-2025 14:36:41.804,-0.012828,-0.031765,0.073915
18-Jan-2025 14:36:41.820,-0.010385,-0.054367,0.074526
18-Jan-2025 14:36:41.836,-0.017104,-0.064752,0.081856
18-Jan-2025 14:36:41.852,-0.003054,-0.092852,0.081245
18-Jan-2025 14:36:41.868,0.02138,-0.119119,0.078191
18-Jan-2025 14:36:41.884,0.054367,-0.156992,0.072693
18-Jan-2025 14:36:41.900,0.061697,-0.174707,0.081245
18-Jan-2025 14:36:41.916,0.064752,-0.187536,0.075136
18-Jan-2025 14:36:41.932,0.067195,-0.180816,0.069028
18-Jan-2025 14:36:41.948,0.054367,-0.15516,0.083689
18-Jan-2025 14:36:41.964,0.054367,-0.160047,0.092852
18-Jan-2025 14:36:41.980,0.086132,-0.158214,0.080634
18-Jan-2025 14:36:41.996,0.094073,-0.136223,0.075747
18-Jan-2025 14:36:42.012,0.064752,-0.125227,0.092241
18-Jan-2025 14:36:42.029,0.031154,-0.130725,0.125227
18-Jan-2025 14:36:42.044,0.050702,-0.186925,0.118508
18-Jan-2025 14:36:42.061,0.115454,-0.218079,0.091019
18-Jan-2025 14:36:42.077,0.116064,-0.226631,0.093462
18-Jan-2025 14:36:42.093,0.09896,-0.204029,0.106901
18-Jan-2025 14:36:42.109,0.098349,-0.189368,0.119119
18-Jan-2025 14:36:42.125,0.09896,-0.193033,0.136223
18-Jan-2025 14:36:42.141,0.098349,-0.207694,0.165544
18-Jan-2025 14:36:42.157,0.106291,-0.219301,0.182649
18-Jan-2025 14:36:42.173,0.10568,-0.235183,0.152716
18-Jan-2025 14:36:42.189,0.109345,-0.259618,0.128282
18-Jan-2025 14:36:42.205,0.094684,-0.249844,0.12034
18-Jan-2025 14:36:42.221,0.086743,-0.237016,0.123395
18-Jan-2025 14:36:42.237,0.119119,-0.256563,0.12034
18-Jan-2025 14:36:42.253,0.150273,-0.273668,0.109956
18-Jan-2025 14:36:42.270,0.178984,-0.295048,0.095906
18-Jan-2025 14:36:42.285,0.201586,-0.3036,0.084299
18-Jan-2025 14:36:42.301,0.209527,-0.273057,0.102625
18-Jan-2025 14:36:42.317,0.213803,-0.260229,0.11973
18-Jan-2025 14:36:42.334,0.23274,-0.248622,0.125227
18-Jan-2025 14:36:42.350,0.276111,-0.245568,0.121562
18-Jan-2025 14:36:42.366,0.319483,-0.211359,0.108123
18-Jan-2025 14:36:42.382,0.335365,-0.160047,0.089186
18-Jan-2025 14:36:42.398,0.330478,-0.163712,0.057421
18-Jan-2025 14:36:42.414,0.315206,-0.19792,0.009163
18-Jan-2025 14:36:42.430,0.293215,-0.207694,-0.008552
18-Jan-2025 14:36:42.446,0.237627,-0.182649,-0.031765
18-Jan-2025 14:36:42.462,0.17654,-0.144164,-0.043982
18-Jan-2025 14:36:42.478,0.123395,-0.130725,-0.034208
18-Jan-2025 14:36:42.494,0.11301,-0.167377,-0.019548
18-Jan-2025 14:36:42.510,0.125227,-0.216857,-0.012828
18-Jan-2025 14:36:42.526,0.121562,-0.285885,-0.001222
18-Jan-2025 14:36:42.542,0.091019,-0.314596,0.023213
18-Jan-2025 14:36:42.558,0.027489,-0.357356,0.024435
18-Jan-2025 14:36:42.574,-0.018937,-0.407447,0.007941
18-Jan-2025 14:36:42.591,-0.041539,-0.503964,-0.029322
18-Jan-2025 14:36:42.607,-0.054367,-0.544281,-0.050702
18-Jan-2025 14:36:42.623,-0.103847,-0.582155,-0.067806
18-Jan-2025 14:36:42.639,-0.138056,-0.611476,-0.094684
18-Jan-2025 14:36:42.655,-0.161268,-0.657902,-0.149051
18-Jan-2025 14:36:42.671,-0.161879,-0.707993,-0.181427
18-Jan-2025 14:36:42.687,-0.16921,-0.738536,-0.200364
18-Jan-2025 14:36:42.703,-0.172875,-0.789238,-0.211359
18-Jan-2025 14:36:42.719,-0.171042,-0.816116,-0.222355
18-Jan-2025 14:36:42.735,-0.154549,-0.855211,-0.263894
18-Jan-2025 14:36:42.751,-0.139277,-0.919963,-0.285274
18-Jan-2025 14:36:42.767,-0.127671,-0.970665,-0.277944
18-Jan-2025 14:36:42.783,-0.100182,-0.99571,-0.259618
18-Jan-2025 14:36:42.799,-0.066584,-1.012204,-0.230907
18-Jan-2025 14:36:42.815,-0.05681,-1.003652,-0.209527
18-Jan-2025 14:36:42.832,-0.048258,-0.992045,-0.18326
18-Jan-2025 14:36:42.847,-0.034819,-0.985937,-0.16921
18-Jan-2025 14:36:42.864,-0.04215,-1.014036,-0.14111
18-Jan-2025 14:36:42.880,-0.067806,-1.014036,-0.058643
18-Jan-2025 14:36:42.896,-0.012217,-0.99571,0.004887
18-Jan-2025 14:36:42.912,0.083078,-0.99571,0.073915
18-Jan-2025 14:36:42.928,0.083078,-0.966389,0.102014
18-Jan-2025 14:36:42.944,0.026878,-0.895528,0.133779
18-Jan-2025 14:36:42.960,-0.012828,-0.876592,0.106291
18-Jan-2025 14:36:42.976,-0.037263,-0.881479,0.117286
18-Jan-2025 14:36:42.992,-0.051924,-0.890031,0.117897
18-Jan-2025 14:36:43.008,-0.065973,-0.883922,0.113621
18-Jan-2025 14:36:43.024,-0.100793,-0.870483,0.12034
18-Jan-2025 14:36:43.040,-0.114843,-0.892474,0.128893
18-Jan-2025 14:36:43.056,-0.105069,-0.951728,0.12706
18-Jan-2025 14:36:43.073,-0.091019,-0.979217,0.132558
18-Jan-2025 14:36:43.088,-0.116675,-0.967611,0.159436
18-Jan-2025 14:36:43.105,-0.136223,-0.969443,0.153938
18-Jan-2025 14:36:43.121,-0.138666,-0.979217,0.116675
18-Jan-2025 14:36:43.137,-0.131947,-1.011593,0.083689
18-Jan-2025 14:36:43.153,-0.154549,-1.003041,0.068417
18-Jan-2025 14:36:43.169,-0.205862,-0.983493,0.054978
18-Jan-2025 14:36:43.185,-0.245568,-0.994489,0.03543
18-Jan-2025 14:36:43.201,-0.241292,-1.026254,0.020769
18-Jan-2025 14:36:43.217,-0.231518,-1.036638,0.024435
18-Jan-2025 14:36:43.233,-0.234572,-1.038471,0.009163
18-Jan-2025 14:36:43.249,-0.234572,-1.060462,-0.00733
18-Jan-2025 14:36:43.265,-0.232129,-1.067182,-0.025045
18-Jan-2025 14:36:43.281,-0.242514,-1.029308,0.044593
18-Jan-2025 14:36:43.297,-0.278555,-1.027475,-0.011606
18-Jan-2025 14:36:43.314,-0.3036,-1.003652,-0.024435
18-Jan-2025 14:36:43.329,-0.333532,-0.992656,-0.012217
18-Jan-2025 14:36:43.345,-0.359189,-0.98105,0.004887
18-Jan-2025 14:36:43.361,-0.365297,-0.991434,0.007941
18-Jan-2025 14:36:43.377,-0.348804,-0.996932,0.017715
18-Jan-2025 14:36:43.394,-0.333532,-0.977995,0.089186
18-Jan-2025 14:36:43.409,-0.331089,-0.954782,0.097128
18-Jan-2025 14:36:43.425,-0.326202,-0.902859,0.078191
18-Jan-2025 14:36:43.442,-0.337198,-0.836275,0.050702
18-Jan-2025 14:36:43.458,-0.362854,-0.792292,-0.020159
18-Jan-2025 14:36:43.474,-0.34575,-0.711047,-0.068417
18-Jan-2025 14:36:43.490,-0.312152,-0.683558,-0.086743
18-Jan-2025 14:36:43.506,-0.306043,-0.662178,-0.097128
18-Jan-2025 14:36:43.522,-0.3036,-0.621861,-0.100793
18-Jan-2025 14:36:43.538,-0.31032,-0.585209,-0.109345
18-Jan-2025 14:36:43.554,-0.338419,-0.518014,-0.116064
18-Jan-2025 14:36:43.570,-0.364076,-0.469755,-0.12706
18-Jan-2025 14:36:43.586,-0.390954,-0.410501,-0.142942
18-Jan-2025 14:36:43.602,-0.408058,-0.384234,-0.135001
18-Jan-2025 14:36:43.618,-0.43066,-0.361632,-0.108734
18-Jan-2025 14:36:43.635,-0.431271,-0.356134,-0.102014
18-Jan-2025 14:36:43.650,-0.426995,-0.3317,-0.085521
18-Jan-2025 14:36:43.667,-0.43799,-0.298713,-0.067195
18-Jan-2025 14:36:43.683,-0.442877,-0.287718,-0.051924
18-Jan-2025 14:36:43.698,-0.411112,-0.29627,-0.053145
18-Jan-2025 14:36:43.715,-0.405004,-0.285274,-0.045815
18-Jan-2025 14:36:43.731,-0.42333,-0.249844,-0.022602
18-Jan-2025 14:36:43.747,-0.441045,-0.243124,-0.005498
18-Jan-2025 14:36:43.763,-0.469145,-0.24679,-0.010385
18-Jan-2025 14:36:43.779,-0.514349,-0.230907,-0.018326
18-Jan-2025 14:36:43.795,-0.526566,-0.282831,-0.029932
18-Jan-2025 14:36:43.811,-0.536951,-0.320093,-0.038485
18-Jan-2025 14:36:43.827,-0.578489,-0.308487,-0.040928
18-Jan-2025 14:36:43.843,-0.627969,-0.262061,-0.045815
18-Jan-2025 14:36:43.859,-0.681115,-0.208916,-0.051313
18-Jan-2025 14:36:43.876,-0.717156,-0.178373,-0.076358
18-Jan-2025 14:36:43.891,-0.755029,-0.156992,-0.097128
18-Jan-2025 14:36:43.907,-0.816727,-0.163712,-0.119119
18-Jan-2025 14:36:43.924,-0.832609,-0.185092,-0.154549
18-Jan-2025 14:36:43.940,-0.850935,-0.186314,-0.200364
18-Jan-2025 14:36:43.956,-0.872926,-0.175929,-0.215025
18-Jan-2025 14:36:43.972,-0.894918,-0.200364,-0.235794
18-Jan-2025 14:36:43.988,-0.907746,-0.246179,-0.265116
18-Jan-2025 14:36:44.004,-0.946841,-0.322537,-0.313374
18-Jan-2025 14:36:44.020,-0.999376,-0.394619,-0.337198
18-Jan-2025 14:36:44.036,-1.05863,-0.440434,-0.357356
18-Jan-2025 14:36:44.052,-1.147205,-0.349415,-0.34575
18-Jan-2025 14:36:44.068,-1.216233,-0.243735,-0.296881
18-Jan-2025 14:36:44.084,-1.209513,-0.26145,-0.249233
18-Jan-2025 14:36:44.100,-1.188744,-0.352469,-0.214414
18-Jan-2025 14:36:44.116,-1.210735,-0.417832,-0.246179
18-Jan-2025 14:36:44.132,-1.233337,-0.284052,-0.320704
18-Jan-2025 14:36:44.148,-1.22112,-0.138056,-0.42394
18-Jan-2025 14:36:44.164,-1.152703,0.026267,-0.448986
18-Jan-2025 14:36:44.180,-1.047634,0.079412,-0.419054
18-Jan-2025 14:36:44.197,-0.937067,-0.12034,-0.342695
18-Jan-2025 14:36:44.213,-0.846048,-0.156992,-0.282831
18-Jan-2025 14:36:44.228,-0.785573,-0.07086,-0.191812
18-Jan-2025 14:36:44.245,-0.762971,0.004276,-0.141721
18-Jan-2025 14:36:44.261,-0.718378,0.07025,-0.115454
18-Jan-2025 14:36:44.277,-0.700052,0.058032,-0.080023
18-Jan-2025 14:36:44.293,-0.67806,-0.064752,-0.146608
18-Jan-2025 14:36:44.309,-0.638354,-0.163712,-0.202807
18-Jan-2025 14:36:44.325,-0.593761,-0.225409,-0.229074
18-Jan-2025 14:36:44.341,-0.543059,-0.249844,-0.229074
18-Jan-2025 14:36:44.357,-0.421497,-0.269392,-0.214414
18-Jan-2025 14:36:44.373,-0.328035,-0.3036,-0.199753
18-Jan-2025 14:36:44.389,-0.234572,-0.36713,-0.207694
18-Jan-2025 14:36:44.404,-0.135001,-0.476475,-0.249233
18-Jan-2025 14:36:44.421,-0.069639,-0.540005,-0.293215
18-Jan-2025 14:36:44.438,0.008552,-0.570548,-0.384234
18-Jan-2025 14:36:44.454,0.07086,-0.587652,-0.392175
18-Jan-2025 14:36:44.469,0.138666,-0.651793,-0.405615
18-Jan-2025 14:36:44.486,0.215635,-0.702495,-0.444099
18-Jan-2025 14:36:44.502,0.255953,-0.701884,-0.387289
18-Jan-2025 14:36:44.518,0.286496,-0.700662,-0.369573
18-Jan-2025 14:36:44.534,0.320093,-0.715934,-0.351248
18-Jan-2025 14:36:44.550,0.397062,-0.772134,-0.379347
18-Jan-2025 14:36:44.566,0.468534,-0.816116,-0.40256
18-Jan-2025 14:36:44.582,0.535118,-0.883922,-0.436158
18-Jan-2025 14:36:44.598,0.554055,-0.953561,-0.479529
18-Jan-2025 14:36:44.614,0.609033,-1.062906,-0.509462
18-Jan-2025 14:36:44.630,0.722043,-1.134377,-0.495412
18-Jan-2025 14:36:44.646,0.922406,-1.197907,-0.457538
18-Jan-2025 14:36:44.662,1.02381,-1.188744,-0.447153
18-Jan-2025 14:36:44.679,1.072068,-1.188744,-0.508851
18-Jan-2025 14:36:44.695,1.094671,-1.264491,-0.62858
18-Jan-2025 14:36:44.710,1.152703,-1.34818,-0.753197
18-Jan-2025 14:36:44.727,1.250441,-1.442253,-0.864374
18-Jan-2025 14:36:44.742,1.317636,-1.456914,-0.891863
18-Jan-2025 14:36:44.759,1.360397,-1.444085,-0.891863
18-Jan-2025 14:36:44.775,1.375669,-1.458135,-0.885755
18-Jan-2025 14:36:44.791,1.361619,-1.458135,-0.869872
18-Jan-2025 14:36:44.807,1.345125,-1.469131,-0.863153
18-Jan-2025 14:36:44.823,1.367116,-1.494787,-0.833831
18-Jan-2025 14:36:44.839,1.414764,-1.504561,-0.778242
18-Jan-2025 14:36:44.855,1.466687,-1.48257,-0.699441
18-Jan-2025 14:36:44.871,1.45447,-1.453859,-0.6634
18-Jan-2025 14:36:44.887,1.402547,-1.405601,-0.625526
18-Jan-2025 14:36:44.903,1.314582,-1.324967,-0.537561
18-Jan-2025 14:36:44.920,1.276708,-1.280984,-0.457538
18-Jan-2025 14:36:44.935,1.286482,-1.232726,-0.385456
18-Jan-2025 14:36:44.951,1.29931,-1.183857,-0.347582
18-Jan-2025 14:36:44.967,1.32008,-1.113607,-0.282831
18-Jan-2025 14:36:44.984,1.323745,-1.032973,-0.238848
18-Jan-2025 14:36:45.000,1.262048,-0.947452,-0.191201
18-Jan-2025 14:36:45.016,1.158811,-0.893696,-0.158825
18-Jan-2025 14:36:45.032,0.98105,-0.858266,-0.155771
18-Jan-2025 14:36:45.048,0.86132,-0.830166,-0.150884
18-Jan-2025 14:36:45.064,0.747088,-0.753808,-0.144164
18-Jan-2025 14:36:45.080,0.686002,-0.691499,-0.405004
18-Jan-2025 14:36:45.096,0.665232,-0.688445,-0.499688
18-Jan-2025 14:36:45.112,0.459371,-0.591318,-0.323148
18-Jan-2025 14:36:45.128,0.337808,-0.533896,-0.180816
18-Jan-2025 14:36:45.144,0.256563,-0.412334,-0.032376
18-Jan-2025 14:36:45.161,0.212581,-0.349415,-0.045204
18-Jan-2025 14:36:45.176,0.146608,-0.3036,-0.030543
18-Jan-2025 14:36:45.193,0.102625,-0.307265,0.034819
18-Jan-2025 14:36:45.209,0.069028,-0.350637,0.200364
18-Jan-2025 14:36:45.225,0.047037,-0.378126,0.28222
18-Jan-2025 14:36:45.241,-0.022602,-0.378736,0.3317
18-Jan-2025 14:36:45.257,-0.047647,-0.398284,0.396452
18-Jan-2025 14:36:45.273,-0.021991,-0.417832,0.425773
18-Jan-2025 14:36:45.289,0.023824,-0.445932,0.485027
18-Jan-2025 14:36:45.305,0.068417,-0.474031,0.499077
18-Jan-2025 14:36:45.321,0.158825,-0.532674,0.518014
18-Jan-2025 14:36:45.337,0.232129,-0.576657,0.535729
18-Jan-2025 14:36:45.353,0.34575,-0.659734,0.609644
18-Jan-2025 14:36:45.369,0.410501,-0.737925,0.645074
18-Jan-2025 14:36:45.385,0.518625,-0.836275,0.646295
18-Jan-2025 14:36:45.402,0.58582,-0.908967,0.645074
18-Jan-2025 14:36:45.417,0.608422,-0.96028,0.652404
18-Jan-2025 14:36:45.434,0.638965,-1.022588,0.647517
18-Jan-2025 14:36:45.450,0.670119,-1.08734,0.620639
18-Jan-2025 14:36:45.466,0.674395,-1.188744,0.587041
18-Jan-2025 14:36:45.482,0.645685,-1.243722,0.564439
18-Jan-2025 14:36:45.498,0.519235,-1.229672,0.524733
18-Jan-2025 14:36:45.514,0.349415,-1.141096,0.469145
18-Jan-2025 14:36:45.530,0.192423,-1.063516,0.313374
18-Jan-2025 14:36:45.546,0.184481,-1.014036,0.362243
18-Jan-2025 14:36:45.562,0.307876,-1.149648,0.318872
18-Jan-2025 14:36:45.578,0.420886,-1.237613,0.249233
18-Jan-2025 14:36:45.594,0.489303,-1.307863,0.220522
18-Jan-2025 14:36:45.610,0.365908,-1.282817,0.248622
18-Jan-2025 14:36:45.626,0.109956,-1.19302,0.350637
18-Jan-2025 14:36:45.643,-0.168599,-1.128879,0.418443
18-Jan-2025 14:36:45.658,-0.246179,-1.180802,0.43738
18-Jan-2025 14:36:45.675,-0.213192,-1.259604,0.40256
18-Jan-2025 14:36:45.690,-0.191201,-1.211957,0.366519
18-Jan-2025 14:36:45.707,-0.21197,-1.159422,0.354913
18-Jan-2025 14:36:45.723,-0.227242,-1.112386,0.328645
18-Jan-2025 14:36:45.739,-0.242514,-1.134377,0.229685
18-Jan-2025 14:36:45.755,-0.293215,-1.140485,0.177151
18-Jan-2025 14:36:45.771,-0.337808,-1.084286,0.210138
18-Jan-2025 14:36:45.787,-0.25412,-1.068403,0.276722
18-Jan-2025 14:36:45.803,-0.055589,-1.17164,0.240681
18-Jan-2025 14:36:45.819,0.193033,-1.296256,0.133169
18-Jan-2025 14:36:45.835,0.273057,-1.307252,0.22602
18-Jan-2025 14:36:45.851,0.301767,-1.266935,0.341474
18-Jan-2025 14:36:45.867,0.335365,-1.267545,0.371406
18-Jan-2025 14:36:45.884,0.434936,-1.310306,0.37446
18-Jan-2025 14:36:45.899,0.478307,-1.297478,0.375071
18-Jan-2025 14:36:45.915,0.463036,-1.234559,0.36713
18-Jan-2025 14:36:45.932,0.509462,-1.177137,0.097128
18-Jan-2025 14:36:45.947,0.473421,-1.192409,0.078802
18-Jan-2025 14:36:45.964,0.339641,-1.152703,0.10568
18-Jan-2025 14:36:45.980,0.232129,-1.257771,0.14111
18-Jan-2025 14:36:45.996,0.034819,-1.315193,0.235794
18-Jan-2025 14:36:46.012,-0.068417,-1.254106,0.31032
18-Jan-2025 14:36:46.028,-0.114232,-1.167974,0.264505
18-Jan-2025 14:36:46.044,-0.141721,-1.042747,0.117897
18-Jan-2025 14:36:46.060,-0.246179,-1.038471,-0.129503
18-Jan-2025 14:36:46.076,-0.283441,-1.109942,-0.231518
18-Jan-2025 14:36:46.092,-0.268781,-1.100779,-0.228464
18-Jan-2025 14:36:46.108,-0.17654,-1.099557,-0.11973
18-Jan-2025 14:36:46.125,-0.078191,-1.068403,-0.050702
18-Jan-2025 14:36:46.140,0.025656,-0.964556,-0.064752
18-Jan-2025 14:36:46.156,0.032376,-0.894918,-0.085521
18-Jan-2025 14:36:46.173,-0.025656,-0.881479,-0.114232
18-Jan-2025 14:36:46.188,-0.029932,-0.990213,-0.31765
18-Jan-2025 14:36:46.205,-0.043371,-0.857044,-0.263283
18-Jan-2025 14:36:46.221,-0.044593,-0.771523,-0.356745
18-Jan-2025 14:36:46.237,0.036041,-0.787405,-0.452651
18-Jan-2025 14:36:46.253,0.014661,-0.713491,-0.403171
18-Jan-2025 14:36:46.269,-0.025656,-0.750143,-0.428827
18-Jan-2025 14:36:46.285,-0.064752,-0.789238,-0.461203
18-Jan-2025 14:36:46.301,-0.12034,-0.723264,-0.333532
18-Jan-2025 14:36:46.317,-0.135001,-0.666454,-0.276722
18-Jan-2025 14:36:46.333,-0.169821,-0.680504,-0.219301
18-Jan-2025 14:36:46.349,-0.229685,-0.69883,-0.173486
18-Jan-2025 14:36:46.365,-0.254731,-0.756251,-0.207083
18-Jan-2025 14:36:46.381,-0.224188,-0.79779,-0.322537
18-Jan-2025 14:36:46.397,-0.170431,-0.812451,-0.397673
18-Jan-2025 14:36:46.413,-0.106291,-0.770912,-0.411112
18-Jan-2025 14:36:46.429,-0.121562,-0.820392,-0.379958
18-Jan-2025 14:36:46.446,-0.081856,-0.841772,-0.296881
18-Jan-2025 14:36:46.461,-0.068417,-0.764192,-0.153327
18-Jan-2025 14:36:46.478,-0.095906,-0.751975,-0.086132
18-Jan-2025 14:36:46.494,-0.131336,-0.869872,-0.095295
18-Jan-2025 14:36:46.510,-0.153938,-0.885144,-0.181427
18-Jan-2025 14:36:46.526,-0.145386,-0.85399,-0.334754
18-Jan-2025 14:36:46.542,-0.146608,-0.904691,-0.412945
18-Jan-2025 14:36:46.558,-0.182038,-1.028697,-0.477086
18-Jan-2025 14:36:46.574,-0.237016,-1.076955,-0.554055
18-Jan-2025 14:36:46.590,-0.267559,-1.111775,-0.596815
18-Jan-2025 14:36:46.606,-0.189979,-1.103834,-0.631635
18-Jan-2025 14:36:46.622,-0.025045,-1.086118,-0.571159
18-Jan-2025 14:36:46.638,0.140499,-1.075734,-0.399506
18-Jan-2025 14:36:46.654,0.238237,-1.10811,-0.328645
18-Jan-2025 14:36:46.670,0.346361,-1.215622,-0.302378
18-Jan-2025 14:36:46.687,0.407447,-1.275487,-0.317039
18-Jan-2025 14:36:46.703,0.419664,-1.202794,-0.418443
18-Jan-2025 14:36:46.718,0.39523,-1.084897,-0.45204
18-Jan-2025 14:36:46.735,0.37385,-1.003041,-0.294437
18-Jan-2025 14:36:46.751,0.375682,-1.024421,-0.139277
18-Jan-2025 14:36:46.767,0.321315,-0.956004,0.10568
18-Jan-2025 14:36:46.783,0.292604,-0.933402,0.229074
18-Jan-2025 14:36:46.799,0.274889,-0.934624,0.230907
18-Jan-2025 14:36:46.815,0.178984,-0.885755,0.197309
18-Jan-2025 14:36:46.831,0.089797,-0.832609,0.195477
18-Jan-2025 14:36:46.847,0,-0.795957,0.262672
18-Jan-2025 14:36:46.863,-0.066584,-0.712269,0.295659
18-Jan-2025 14:36:46.879,-0.129503,-0.499688,0.535729
18-Jan-2025 14:36:46.895,-0.194255,-0.433714,0.689667
18-Jan-2025 14:36:46.911,-0.242514,-0.307265,0.800233
18-Jan-2025 14:36:46.928,-0.214414,-0.252898,0.742201
18-Jan-2025 14:36:46.943,-0.137445,-0.201586,0.62125
18-Jan-2025 14:36:46.959,-0.074526,-0.215635,0.474642
18-Jan-2025 14:36:46.976,-0.001833,-0.188147,0.195477
18-Jan-2025 14:36:46.992,0.080634,-0.087965,0.023824
18-Jan-2025 14:36:47.008,0.086743,-0.001222,0.053145
18-Jan-2025 14:36:47.024,-0.016493,0.045204,0.122784
18-Jan-2025 14:36:47.040,-0.093462,0.018326,0.133169
18-Jan-2025 14:36:47.056,-0.122784,-0.042761,0.159436
18-Jan-2025 14:36:47.072,-0.117897,0.053145,0.152716
18-Jan-2025 14:36:47.088,-0.166766,0.034208,0.12034
18-Jan-2025 14:36:47.104,-0.234572,0.006109,0.120951
18-Jan-2025 14:36:47.120,-0.302378,-0.007941,0.137445
18-Jan-2025 14:36:47.136,-0.301157,-0.034819,0.102625
18-Jan-2025 14:36:47.153,-0.265116,-0.130114,-0.094684
18-Jan-2025 14:36:47.169,-0.296881,-0.163712,-0.221133
18-Jan-2025 14:36:47.184,-0.3036,-0.19792,-0.256563
18-Jan-2025 14:36:47.201,-0.254731,-0.228464,-0.193644
18-Jan-2025 14:36:47.217,-0.131336,-0.252898,-0.130725
18-Jan-2025 14:36:47.233,-0.009163,-0.214414,-0.068417
18-Jan-2025 14:36:47.249,0.060476,-0.235183,-0.019548
18-Jan-2025 14:36:47.265,-0.013439,-0.461814,-0.092241
18-Jan-2025 14:36:47.281,-0.334754,-0.61453,-0.212581
18-Jan-2025 14:36:47.297,-0.781297,-0.624915,-0.229074
18-Jan-2025 14:36:47.313,-0.695776,-0.478918,-0.142332
18-Jan-2025 14:36:47.329,-0.307265,-0.508851,-0.085521
18-Jan-2025 14:36:47.345,0,-0.624304,0.009163
18-Jan-2025 14:36:47.361,0.015882,-0.657902,0.163712
18-Jan-2025 14:36:47.377,0.067806,-0.673173,0.26145
18-Jan-2025 14:36:47.393,0.182038,-0.731817,0.2474
18-Jan-2025 14:36:47.410,0.302378,-0.773355,0.260839
18-Jan-2025 14:36:47.426,0.382402,-0.80451,0.287718
18-Jan-2025 14:36:47.441,0.519846,-0.800233,0.304211
18-Jan-2025 14:36:47.458,0.591318,-0.74831,0.330478
18-Jan-2025 14:36:47.474,0.587041,-0.667676,0.379958
18-Jan-2025 14:36:47.490,0.558942,-0.603535,0.440434
18-Jan-2025 14:36:47.506,0.584598,-0.553444,0.431271
18-Jan-2025 14:36:47.522,0.514349,-0.362243,0.389732
18-Jan-2025 14:36:47.538,0.344528,-0.24007,0.338419
18-Jan-2025 14:36:47.554,0.047647,-0.165544,0.215025
18-Jan-2025 14:36:47.569,-0.045204,-0.222966,0.068417
18-Jan-2025 14:36:47.586,-0.085521,-0.264505,-0.048258
18-Jan-2025 14:36:47.602,-0.196699,-0.20464,-0.072693
18-Jan-2025 14:36:47.618,-0.281609,-0.208916,-0.04948
18-Jan-2025 14:36:47.634,-0.260839,-0.171042,0.018937
18-Jan-2025 14:36:47.651,-0.174707,-0.091019,0.103236
18-Jan-2025 14:36:47.666,-0.094684,-0.048869,0.152716
18-Jan-2025 14:36:47.683,-0.042761,-0.072082,0.215635
18-Jan-2025 14:36:47.699,-0.001833,-0.160047,0.205862
18-Jan-2025 14:36:47.715,0.018937,-0.238237,0.125838
18-Jan-2025 14:36:47.731,0.003665,-0.298102,0.065363
18-Jan-2025 14:36:47.747,-0.069639,-0.260839,0.073915
18-Jan-2025 14:36:47.763,-0.150273,-0.212581,0.071471
18-Jan-2025 14:36:47.779,-0.185703,-0.143553,0.051924
18-Jan-2025 14:36:47.795,-0.243124,-0.098349,0.000611
18-Jan-2025 14:36:47.811,-0.265116,-0.124006,-0.095295
18-Jan-2025 14:36:47.827,-0.277944,-0.11301,-0.139888
18-Jan-2025 14:36:47.843,-0.262672,-0.09163,-0.149051
18-Jan-2025 14:36:47.859,-0.224798,-0.086743,-0.18387
18-Jan-2025 14:36:47.875,-0.159436,-0.12034,-0.227853
18-Jan-2025 14:36:47.892,-0.106901,-0.139277,-0.210749
18-Jan-2025 14:36:47.907,-0.051313,-0.092241,-0.152105
18-Jan-2025 14:36:47.924,-0.01405,-0.054367,-0.123395
18-Jan-2025 14:36:47.940,0.111177,-0.05681,-0.121562
18-Jan-2025 14:36:47.956,0.22602,-0.088575,-0.044593
18-Jan-2025 14:36:47.972,0.248622,-0.11973,0.009163
18-Jan-2025 14:36:47.988,0.189368,-0.151495,-0.004276
18-Jan-2025 14:36:48.004,0.141721,-0.187536,-0.037874
18-Jan-2025 14:36:48.020,0.18387,-0.180205,-0.263894
18-Jan-2025 14:36:48.036,0.254731,-0.229685,-0.434936
18-Jan-2025 14:36:48.052,0.272446,-0.286496,-0.503964
18-Jan-2025 14:36:48.068,0.285885,-0.33903,-0.441045
18-Jan-2025 14:36:48.084,0.365908,-0.453873,-0.302989
18-Jan-2025 14:36:48.100,0.399506,-0.555887,-0.246179
18-Jan-2025 14:36:48.116,0.311541,-0.524733,-0.236405
18-Jan-2025 14:36:48.133,0.221133,-0.442266,-0.246179
18-Jan-2025 14:36:48.148,0.180816,-0.547335,-0.227242
18-Jan-2025 14:36:48.165,0.124006,-0.598648,-0.111177
18-Jan-2025 14:36:48.181,0.158825,-0.632856,-0.020159
18-Jan-2025 14:36:48.197,0.305433,-0.630413,0.082467
18-Jan-2025 14:36:48.213,0.38851,-0.582765,0.141721
18-Jan-2025 14:36:48.229,0.389732,-0.55772,0.158214
18-Jan-2025 14:36:48.245,0.313985,-0.511294,0.158825
18-Jan-2025 14:36:48.261,0.178984,-0.455705,0.243124
18-Jan-2025 14:36:48.277,0.09896,-0.400117,0.326813
18-Jan-2025 14:36:48.293,0.047037,-0.317039,0.346971
18-Jan-2025 14:36:48.309,0.010996,-0.253509,0.338419
18-Jan-2025 14:36:48.325,-0.099571,-0.16921,0.385456
18-Jan-2025 14:36:48.341,-0.228464,-0.164323,0.401949
18-Jan-2025 14:36:48.357,-0.356745,-0.204029,0.349415
18-Jan-2025 14:36:48.374,-0.500299,-0.245568,0.23274
18-Jan-2025 14:36:48.389,-0.53634,-0.243735,0.133169
18-Jan-2025 14:36:48.406,-0.525344,-0.463647,0.016493
18-Jan-2025 14:36:48.421,-0.499077,-0.735482,-0.036652
18-Jan-2025 14:36:48.437,-0.42394,-1.000597,0.003665
18-Jan-2025 14:36:48.454,-0.383623,-1.011593,-0.036652
18-Jan-2025 14:36:48.470,-0.348804,-0.986547,-0.037263
18-Jan-2025 14:36:48.486,-0.263894,-1.081231,-0.045815
18-Jan-2025 14:36:48.502,-0.150273,-1.202183,0.075747
18-Jan-2025 14:36:48.518,-0.114232,-1.277319,0.18387
18-Jan-2025 14:36:48.534,-0.087965,-1.394605,0.233351
18-Jan-2025 14:36:48.550,-0.135001,-1.486235,0.229074
18-Jan-2025 14:36:48.566,-0.238237,-1.488679,0.216246
18-Jan-2025 14:36:48.582,-0.3598,-1.507615,0.196699
18-Jan-2025 14:36:48.598,-0.415388,-1.47524,0.191812
18-Jan-2025 14:36:48.614,-0.390954,-1.447751,0.197309
18-Jan-2025 14:36:48.630,-0.337198,-1.461801,0.200975
18-Jan-2025 14:36:48.646,-0.273668,-1.465466,0.206472
18-Jan-2025 14:36:48.663,-0.213192,-1.477072,0.209527
18-Jan-2025 14:36:48.678,-0.11301,-1.508226,0.218079
18-Jan-2025 14:36:48.695,-0.081245,-1.481959,0.233351
18-Jan-2025 14:36:48.710,-0.048869,-1.434922,0.264505
18-Jan-2025 14:36:48.726,0.019548,-1.379945,0.301767
18-Jan-2025 14:36:48.743,0.092241,-1.303586,0.323148
18-Jan-2025 14:36:48.759,0.137445,-1.248609,0.339641
18-Jan-2025 14:36:48.775,0.094073,-1.20035,0.339641
18-Jan-2025 14:36:48.791,0.106291,-1.199739,0.318261
18-Jan-2025 14:36:48.807,0.155771,-1.169807,0.304211
18-Jan-2025 14:36:48.823,0.164934,-1.050077,0.321926
18-Jan-2025 14:36:48.839,0.146608,-0.973108,0.315817
18-Jan-2025 14:36:48.855,0.193644,-0.913854,0.309098
18-Jan-2025 14:36:48.871,0.206472,-0.875981,0.278555
18-Jan-2025 14:36:48.887,0.126449,-0.823446,0.174707
18-Jan-2025 14:36:48.904,-0.002443,-0.722043,0.00733
18-Jan-2025 14:36:48.920,-0.047037,-0.59987,-0.000611
18-Jan-2025 14:36:48.936,-0.067806,-0.442266,0.027489
18-Jan-2025 14:36:48.951,-0.04948,-0.426995,0.007941
18-Jan-2025 14:36:48.968,0.030543,-0.619417,-0.012217
18-Jan-2025 14:36:48.984,0.068417,-0.78374,-0.062919
18-Jan-2025 14:36:49.000,0.088575,-0.834442,-0.202196
18-Jan-2025 14:36:49.016,0.094073,-0.799623,-0.309709
18-Jan-2025 14:36:49.032,0.094684,-0.67073,-0.387289
18-Jan-2025 14:36:49.048,0.050702,-0.483194,-0.335365
18-Jan-2025 14:36:49.064,-0.01405,-0.309709,-0.231518
18-Jan-2025 14:36:49.080,-0.102014,-0.182038,-0.116675
18-Jan-2025 14:36:49.097,-0.153327,-0.135612,-0.023824
18-Jan-2025 14:36:49.112,-0.093462,-0.156382,0.018937
18-Jan-2025 14:36:49.128,-0.000611,-0.166155,0.006109
18-Jan-2025 14:36:49.144,0.0562,-0.096517,-0.053145
18-Jan-2025 14:36:49.161,-0.016493,0.117286,-0.067806
18-Jan-2025 14:36:49.177,-0.173486,0.528398,-0.023824
18-Jan-2025 14:36:49.193,-0.228464,0.78374,-0.005498
18-Jan-2025 14:36:49.209,-0.194255,1.004873,-0.062919
18-Jan-2025 14:36:49.225,-0.126449,1.114829,-0.081856
18-Jan-2025 14:36:49.241,-0.036652,1.198518,0.013439
18-Jan-2025 14:36:49.257,0.057421,1.375669,0.178373
18-Jan-2025 14:36:49.273,0.094073,1.552819,0.228464
18-Jan-2025 14:36:49.289,0.06353,1.778229,0.284052
18-Jan-2025 14:36:49.305,0.023824,1.97004,0.31032
18-Jan-2025 14:36:49.321,0.009774,2.165517,0.241903
18-Jan-2025 14:36:49.337,0.010385,2.277916,0.138056
18-Jan-2025 14:36:49.353,0.032376,2.447737,0.001833
18-Jan-2025 14:36:49.369,0.097738,2.546697,-0.076358
18-Jan-2025 14:36:49.386,0.109345,2.668259,-0.069028
18-Jan-2025 14:36:49.402,0.044593,2.752559,-0.001833
18-Jan-2025 14:36:49.418,0.025045,2.816089,0.023824
18-Jan-2025 14:36:49.434,0.072693,2.910773,-0.021991
18-Jan-2025 14:36:49.450,0.132558,2.904664,-0.038485
18-Jan-2025 14:36:49.466,0.180205,2.923601,0.065363
18-Jan-2025 14:36:49.482,0.186314,2.942538,0.150273
18-Jan-2025 14:36:49.498,0.213803,2.931542,0.19059
18-Jan-2025 14:36:49.514,0.24007,2.904664,0.152105
18-Jan-2025 14:36:49.530,0.216857,2.920547,0.075136
18-Jan-2025 14:36:49.546,0.16921,2.918714,0.047647
18-Jan-2025 14:36:49.562,0.150273,2.905886,-0.040317
18-Jan-2025 14:36:49.578,0.15516,2.866791,-0.128282
18-Jan-2025 14:36:49.594,0.14844,2.863125,-0.156992
18-Jan-2025 14:36:49.610,0.213192,2.822808,-0.153327
18-Jan-2025 14:36:49.627,0.280998,2.72507,-0.163101
18-Jan-2025 14:36:49.642,0.337808,2.581517,-0.199142
18-Jan-2025 14:36:49.659,0.343306,2.44957,-0.224188
18-Jan-2025 14:36:49.674,0.375071,2.306016,-0.248622
18-Jan-2025 14:36:49.691,0.427606,2.219273,-0.291383
18-Jan-2025 14:36:49.707,0.56505,2.076942,-0.419664
18-Jan-2025 14:36:49.723,0.695165,1.955991,-0.560163
18-Jan-2025 14:36:49.739,0.535729,2.048842,-0.605367
18-Jan-2025 14:36:49.755,0.210138,2.267532,-0.786794
18-Jan-2025 14:36:49.771,0.009163,2.460565,-0.767247
18-Jan-2025 14:36:49.787,0.041539,2.56319,-0.539394
18-Jan-2025 14:36:49.803,0.161268,2.525928,-0.335976
18-Jan-2025 14:36:49.819,0.201586,2.554028,-0.271224
18-Jan-2025 14:36:49.835,0.238848,2.805093,-0.376904
18-Jan-2025 14:36:49.851,0.175318,2.962697,-0.513127
18-Jan-2025 14:36:49.867,0.04948,2.950479,-0.486249
18-Jan-2025 14:36:49.883,-0.170431,2.898556,-0.22602
18-Jan-2025 14:36:49.900,-0.288939,2.750726,0.072082
18-Jan-2025 14:36:49.915,-0.349415,2.502104,0.376293
18-Jan-2025 14:36:49.932,-0.094073,2.332283,0.671952
18-Jan-2025 14:36:49.948,0.009774,2.263867,0.583987
18-Jan-2025 14:36:49.964,0.025656,2.222939,0.250455
18-Jan-2025 14:36:49.980,-0.04215,2.274862,-0.050091
18-Jan-2025 14:36:49.996,-0.348193,2.256536,-0.034819
18-Jan-2025 14:36:50.012,-0.325591,2.214997,0.117286
18-Jan-2025 14:36:50.028,-0.010385,2.101377,0.237016
18-Jan-2025 14:36:50.044,0.199142,2.029905,0.26817
18-Jan-2025 14:36:50.060,0.26145,1.809994,0.229685
18-Jan-2025 14:36:50.076,0.227853,1.611462,0.182649
18-Jan-2025 14:36:50.092,0.171653,1.518611,0.20464
18-Jan-2025 14:36:50.108,0.139277,1.428814,0.301767
18-Jan-2025 14:36:50.124,0.14844,1.437977,0.36041
18-Jan-2025 14:36:50.141,0.116064,1.445307,0.308487
18-Jan-2025 14:36:50.156,0.07025,1.46119,0.301767
18-Jan-2025 14:36:50.172,0.045815,1.312139,0.265116
18-Jan-2025 14:36:50.188,0.072082,1.268767,0.222355
18-Jan-2025 14:36:50.205,0.133169,1.116662,0.188757
18-Jan-2025 14:36:50.221,0.135612,1.034195,0.193644
18-Jan-2025 14:36:50.236,0.111177,1.012204,0.197309
18-Jan-2025 14:36:50.253,0.023213,0.874759,0.215635
18-Jan-2025 14:36:50.269,0.029322,0.825279,0.174097
18-Jan-2025 14:36:50.285,0.00672,0.766025,0.108123
18-Jan-2025 14:36:50.301,0.004276,0.71288,0.124006
18-Jan-2025 14:36:50.317,0.031154,0.592539,0.164934
18-Jan-2025 14:36:50.333,0.040317,0.488081,0.124617
18-Jan-2025 14:36:50.349,0.034819,0.366519,0.019548
18-Jan-2025 14:36:50.365,0.019548,0.283441,-0.054978
18-Jan-2025 14:36:50.381,-0.00672,0.18326,-0.082467
18-Jan-2025 14:36:50.397,0.028711,0.136834,-0.039706
18-Jan-2025 14:36:50.413,0.122173,0.094684,0.026267
18-Jan-2025 14:36:50.429,0.319483,-0.015272,0.133779
18-Jan-2025 14:36:50.445,0.514349,-0.153938,0.178373
18-Jan-2025 14:36:50.462,0.672563,-0.257785,0.161879
18-Jan-2025 14:36:50.478,0.687834,-0.281609,0.133779
18-Jan-2025 14:36:50.494,0.709825,-0.28955,0.105069
18-Jan-2025 14:36:50.510,0.64263,-0.238237,0.108734
18-Jan-2025 14:36:50.526,0.39523,-0.182649,0.09163
18-Jan-2025 14:36:50.542,0.246179,-0.229685,0.047647
18-Jan-2025 14:36:50.558,0.163712,-0.248622,-0.080023
18-Jan-2025 14:36:50.574,0.150884,-0.26817,-0.259007
18-Jan-2025 14:36:50.590,0.117286,-0.26817,-0.426995
18-Jan-2025 14:36:50.606,0.058643,-0.150884,-0.489914
18-Jan-2025 14:36:50.622,0.0281,0.030543,-0.359189
18-Jan-2025 14:36:50.638,0.040317,0.265116,-0.174707
18-Jan-2025 14:36:50.654,0.060476,0.352469,-0.136834
18-Jan-2025 14:36:50.670,0.058032,0.353691,-0.114232
18-Jan-2025 14:36:50.686,0.015272,0.393397,-0.100793
18-Jan-2025 14:36:50.703,-0.043982,0.540616,-0.093462
18-Jan-2025 14:36:50.718,-0.072082,0.678671,-0.13439
18-Jan-2025 14:36:50.734,-0.08491,0.893696,-0.229685
18-Jan-2025 14:36:50.751,-0.060476,1.020145,-0.293215
18-Jan-2025 14:36:50.767,-0.018326,1.120938,-0.291383
18-Jan-2025 14:36:50.783,0.012217,1.113607,-0.298713
18-Jan-2025 14:36:50.799,0.004887,1.116051,-0.317039
18-Jan-2025 14:36:50.815,0.006109,1.183246,-0.28955
18-Jan-2025 14:36:50.831,0.021991,1.197907,-0.255342
18-Jan-2025 14:36:50.847,0.05681,1.118494,-0.270002
18-Jan-2025 14:36:50.863,0.097738,1.03786,-0.301767
18-Jan-2025 14:36:50.879,0.131336,1.004262,-0.28222
18-Jan-2025 14:36:50.895,0.146608,0.949895,-0.230296
18-Jan-2025 14:36:50.911,0.169821,0.887587,-0.169821
18-Jan-2025 14:36:50.927,0.175929,0.886365,-0.151495
18-Jan-2025 14:36:50.944,0.13439,0.882089,-0.153327
18-Jan-2025 14:36:50.960,0.067195,0.844827,-0.151495
18-Jan-2025 14:36:50.975,0.032376,0.786794,-0.146608
18-Jan-2025 14:36:50.991,-0.004276,0.707382,-0.10568
18-Jan-2025 14:36:51.007,-0.0281,0.662178,-0.072693
18-Jan-2025 14:36:51.024,-0.009163,0.634689,-0.084299
18-Jan-2025 14:36:51.040,-0.029932,0.673784,-0.09163
18-Jan-2025 14:36:51.056,-0.054978,0.683558,-0.16921
18-Jan-2025 14:36:51.072,-0.036041,0.640798,-0.207694
18-Jan-2025 14:36:51.088,0.002443,0.574824,-0.258396
18-Jan-2025 14:36:51.104,0.028711,0.488081,-0.366519
18-Jan-2025 14:36:51.120,0.026267,0.389121,-0.457538
18-Jan-2025 14:36:51.136,0.028711,0.214414,-0.593761
18-Jan-2025 14:36:51.152,0.105069,0.066584,-0.720821
18-Jan-2025 14:36:51.168,0.099571,-0.096517,-0.877813
18-Jan-2025 14:36:51.185,-0.082467,-0.132558,-0.884533
18-Jan-2025 14:36:51.200,-0.326202,-0.213192,-0.762971
18-Jan-2025 14:36:51.216,-0.378126,-0.276111,-0.725097
18-Jan-2025 14:36:51.233,-0.216857,-0.144164,-0.69883
18-Jan-2025 14:36:51.249,0.001833,0.072693,-0.67745
18-Jan-2025 14:36:51.265,0.269392,0.344528,-0.660956
18-Jan-2025 14:36:51.281,0.38118,0.491747,-0.624915
18-Jan-2025 14:36:51.297,0.408058,0.587652,-0.546114
18-Jan-2025 14:36:51.313,0.322537,0.612698,-0.355524
18-Jan-2025 14:36:51.329,0.172875,0.541227,-0.126449
18-Jan-2025 14:36:51.345,-0.031765,0.237627,0.122784
18-Jan-2025 14:36:51.361,-0.061087,0.045204,0.208305
18-Jan-2025 14:36:51.377,0.147219,-0.116675,0.136834
18-Jan-2025 14:36:51.393,0.306043,-0.197309,-0.061087
18-Jan-2025 14:36:51.409,0.323759,-0.158214,-0.392175
18-Jan-2025 14:36:51.426,0.184481,-0.106291,-0.560774
18-Jan-2025 14:36:51.441,0.019548,-0.168599,-0.561996
18-Jan-2025 14:36:51.458,-0.021991,-0.420886,-0.439212
18-Jan-2025 14:36:51.474,0.045815,-0.666454,-0.339641
18-Jan-2025 14:36:51.490,0.101404,-0.937067,-0.217468
18-Jan-2025 14:36:51.506,0.083078,-1.064127,-0.142332
18-Jan-2025 14:36:51.521,0.024435,-1.187522,-0.059254
18-Jan-2025 14:36:51.538,0.0281,-1.273043,0.001222
18-Jan-2025 14:36:51.554,-0.00733,-1.32008,0.033598
18-Jan-2025 14:36:51.570,-0.089186,-1.307863,0.067195
18-Jan-2025 14:36:51.586,-0.180816,-1.260826,0.138666
18-Jan-2025 14:36:51.602,-0.200364,-1.244333,0.178984
18-Jan-2025 14:36:51.618,-0.167988,-1.265102,0.186314
18-Jan-2025 14:36:51.634,-0.118508,-1.31336,0.192423
18-Jan-2025 14:36:51.650,-0.076969,-1.351234,0.216246
18-Jan-2025 14:36:51.666,-0.064141,-1.378723,0.274889
18-Jan-2025 14:36:51.682,-0.065973,-1.337184,0.32498
18-Jan-2025 14:36:51.697,-0.093462,-1.226007,0.385456
18-Jan-2025 14:36:51.714,-0.080634,-1.154535,0.389121
18-Jan-2025 14:36:51.730,-0.053756,-1.058019,0.345139
18-Jan-2025 14:36:51.747,-0.032376,-0.965167,0.370795
18-Jan-2025 14:36:51.763,-0.000611,-0.841772,0.415388
18-Jan-2025 14:36:51.778,-0.004276,-0.830777,0.403782
18-Jan-2025 14:36:51.795,-0.081245,-0.869261,0.379958
18-Jan-2025 14:36:51.811,-0.111788,-0.873537,0.380569
18-Jan-2025 14:36:51.827,-0.029932,-0.904081,0.391565
18-Jan-2025 14:36:51.843,0.080634,-0.953561,0.410501
18-Jan-2025 14:36:51.859,0.144775,-1.054353,0.44471
18-Jan-2025 14:36:51.875,0.278555,-1.126436,0.563218
18-Jan-2025 14:36:51.891,0.418443,-1.154535,0.589485
18-Jan-2025 14:36:51.907,0.594983,-1.206459,0.599259
18-Jan-2025 14:36:51.923,0.693332,-1.230893,0.594372
18-Jan-2025 14:36:51.939,0.745866,-1.128268,0.598648
18-Jan-2025 14:36:51.955,0.665232,-1.011593,0.615141
18-Jan-2025 14:36:51.971,0.43799,-0.947452,0.637132
18-Jan-2025 14:36:51.988,0.004887,-1.025032,0.661567
18-Jan-2025 14:36:52.003,-0.250455,-1.204015,0.660345
18-Jan-2025 14:36:52.020,-0.401949,-1.472796,0.611476
18-Jan-2025 14:36:52.036,-0.389732,-1.607186,0.521679
18-Jan-2025 14:36:52.052,-0.319483,-1.739744,0.350637
18-Jan-2025 14:36:52.068,-0.233961,-1.756848,0.280998
18-Jan-2025 14:36:52.084,-0.140499,-1.629178,0.306654
18-Jan-2025 14:36:52.100,-0.172875,-1.492344,0.362243
18-Jan-2025 14:36:52.116,-0.314596,-1.401325,0.417832
18-Jan-2025 14:36:52.132,-0.450208,-1.416597,0.41661
18-Jan-2025 14:36:52.148,-0.38118,-1.505172,0.392175
18-Jan-2025 14:36:52.164,-0.276111,-1.625512,0.315817
18-Jan-2025 14:36:52.180,-0.328645,-1.608408,0.208305
18-Jan-2025 14:36:52.196,-0.450208,-1.478294,0.110567
18-Jan-2025 14:36:52.212,-0.486249,-1.377501,0.045204
18-Jan-2025 14:36:52.229,-0.428827,-1.294423,-0.008552
18-Jan-2025 14:36:52.244,-0.342085,-1.246165,0.00733
18-Jan-2025 14:36:52.261,-0.264505,-1.182024,0.00672
18-Jan-2025 14:36:52.277,-0.281609,-1.205848,0.078191
18-Jan-2025 14:36:52.293,-0.345139,-1.102001,0.128893
18-Jan-2025 14:36:52.309,-0.422719,-0.966389,0.177762
18-Jan-2025 14:36:52.325,-0.456316,-0.830777,0.182649
18-Jan-2025 14:36:52.341,-0.401949,-0.758695,0.081245
18-Jan-2025 14:36:52.357,-0.365908,-0.757473,-0.046426
18-Jan-2025 14:36:52.373,-0.351858,-0.69883,-0.149662
18-Jan-2025 14:36:52.389,-0.306654,-0.64935,-0.193644
18-Jan-2025 14:36:52.405,-0.224188,-0.554666,-0.218079
18-Jan-2025 14:36:52.421,-0.178373,-0.512516,-0.219911
18-Jan-2025 14:36:52.437,-0.130725,-0.50091,-0.201586
18-Jan-2025 14:36:52.453,-0.102014,-0.493579,-0.194255
18-Jan-2025 14:36:52.469,-0.06353,-0.483805,-0.220522
18-Jan-2025 14:36:52.485,0.001222,-0.50091,-0.317039
18-Jan-2025 14:36:52.501,0.042761,-0.538783,-0.372017
18-Jan-2025 14:36:52.517,0.124617,-0.637132,-0.461203
18-Jan-2025 14:36:52.534,0.274889,-0.65668,-0.555887
18-Jan-2025 14:36:52.550,0.426384,-0.505186,-0.611476
18-Jan-2025 14:36:52.565,0.288328,-0.361021,-0.517403
18-Jan-2025 14:36:52.582,0.036041,-0.343917,-0.324369
18-Jan-2025 14:36:52.598,-0.043371,-0.329867,-0.091019
18-Jan-2025 14:36:52.614,0.155771,-0.172264,0.095295
18-Jan-2025 14:36:52.630,0.382402,-0.081856,0.191812
18-Jan-2025 14:36:52.646,0.507629,-0.004887,0.228464
18-Jan-2025 14:36:52.662,0.529009,0.053756,0.200975
18-Jan-2025 14:36:52.678,0.497244,0.043982,0.234572
18-Jan-2025 14:36:52.694,0.43738,-0.028711,0.418443
18-Jan-2025 14:36:52.710,0.392175,-0.092852,0.598037
18-Jan-2025 14:36:52.726,0.346361,-0.18387,0.737925
18-Jan-2025 14:36:52.742,0.293826,-0.250455,0.743423
18-Jan-2025 14:36:52.758,0.215025,-0.28222,0.622472
18-Jan-2025 14:36:52.775,0.178373,-0.260229,0.502131
18-Jan-2025 14:36:52.791,0.135001,-0.227853,0.40256
18-Jan-2025 14:36:52.806,0.092852,-0.273668,0.381791
18-Jan-2025 14:36:52.822,0.043371,-0.375071,0.396452
18-Jan-2025 14:36:52.839,0.018937,-0.51557,0.467312
18-Jan-2025 14:36:52.855,0.053145,-0.618196,0.535118
18-Jan-2025 14:36:52.871,0.124617,-0.747088,0.587652
18-Jan-2025 14:36:52.887,0.161879,-0.763582,0.591928
18-Jan-2025 14:36:52.903,0.229074,-0.76236,0.538783
18-Jan-2025 14:36:52.919,0.185703,-0.743423,0.503353
18-Jan-2025 14:36:52.935,0.002443,-0.774577,0.478918
18-Jan-2025 14:36:52.951,-0.137445,-0.778853,0.456927
18-Jan-2025 14:36:52.967,-0.26145,-0.695165,0.397062
18-Jan-2025 14:36:52.983,-0.330478,-0.641409,0.321926
18-Jan-2025 14:36:52.999,-0.370795,-0.656069,0.271835
18-Jan-2025 14:36:53.015,-0.22602,-0.750143,0.235183
18-Jan-2025 14:36:53.032,-0.048258,-0.799623,0.213192
18-Jan-2025 14:36:53.048,0.064752,-0.810618,0.181427
18-Jan-2025 14:36:53.063,0.041539,-0.789849,0.170431
18-Jan-2025 14:36:53.080,-0.031765,-0.76236,0.19059
18-Jan-2025 14:36:53.096,-0.097738,-0.775799,0.207694
18-Jan-2025 14:36:53.112,-0.201586,-0.826501,0.235794
18-Jan-2025 14:36:53.128,-0.221744,-0.847881,0.255953
18-Jan-2025 14:36:53.144,-0.140499,-0.863153,0.270613
18-Jan-2025 14:36:53.160,0.010996,-0.91752,0.206472
18-Jan-2025 14:36:53.176,0.098349,-1.00976,0.133779
18-Jan-2025 14:36:53.192,0.143553,-1.131322,0.085521
18-Jan-2025 14:36:53.208,0.160047,-1.165531,0.116064
18-Jan-2025 14:36:53.224,0.257785,-1.128268,0.133169
18-Jan-2025 14:36:53.240,0.3036,-1.036638,0.119119
18-Jan-2025 14:36:53.256,0.234572,-0.902248,0.105069
18-Jan-2025 14:36:53.273,0.054367,-0.894918,0.086743
18-Jan-2025 14:36:53.288,-0.343917,-0.956004,0.086132
18-Jan-2025 14:36:53.304,-0.548557,-1.10872,0.100793
18-Jan-2025 14:36:53.321,-0.627969,-1.350012,0.069639
18-Jan-2025 14:36:53.336,-0.558331,-1.610852,-0.092852
18-Jan-2025 14:36:53.353,-0.364076,-1.698816,-0.249844
18-Jan-2025 14:36:53.369,-0.097128,-1.622458,-0.262061
18-Jan-2025 14:36:53.385,0.029932,-1.463022,-0.072693
18-Jan-2025 14:36:53.401,0.036041,-1.244943,0.268781
18-Jan-2025 14:36:53.417,-0.106901,-1.203405,0.47281
18-Jan-2025 14:36:53.433,-0.387899,-1.243111,0.521679
18-Jan-2025 14:36:53.449,-0.585209,-1.311528,0.478307
18-Jan-2025 14:36:53.465,-0.757473,-1.279763,0.306654
18-Jan-2025 14:36:53.481,-0.8827,-1.190576,0.11301
18-Jan-2025 14:36:53.497,-0.959058,-1.128879,-0.142942
18-Jan-2025 14:36:53.514,-0.818559,-1.032973,-0.46609
18-Jan-2025 14:36:53.529,-0.568105,-0.913854,-0.531453
18-Jan-2025 14:36:53.546,-0.309098,-0.825279,-0.419664
18-Jan-2025 14:36:53.562,-0.251676,-0.858266,-0.312763
18-Jan-2025 14:36:53.578,-0.274278,-0.91813,-0.196088
18-Jan-2025 14:36:53.594,-0.301767,-0.950506,-0.116675
18-Jan-2025 14:36:53.610,-0.322537,-0.976774,-0.119119
18-Jan-2025 14:36:53.626,-0.295659,-1.056186,-0.197309
18-Jan-2025 14:36:53.642,-0.237016,-1.12277,-0.290772
18-Jan-2025 14:36:53.658,-0.202196,-1.097725,-0.334143
18-Jan-2025 14:36:53.674,-0.174707,-1.053743,-0.357356
18-Jan-2025 14:36:53.690,-0.128282,-1.026865,-0.3598
18-Jan-2025 14:36:53.706,-0.083078,-1.031751,-0.33903
18-Jan-2025 14:36:53.722,-0.054978,-1.036027,-0.262672
18-Jan-2025 14:36:53.738,-0.043982,-1.041525,-0.212581
18-Jan-2025 14:36:53.754,-0.014661,-1.020756,-0.206472
18-Jan-2025 14:36:53.770,0.006109,-0.997543,-0.215635
18-Jan-2025 14:36:53.786,0.009163,-0.964556,-0.214414
18-Jan-2025 14:36:53.802,0.000611,-0.983493,-0.224798
18-Jan-2025 14:36:53.819,0.02138,-1.069625,-0.306654
18-Jan-2025 14:36:53.835,0.109345,-1.149648,-0.424551
18-Jan-2025 14:36:53.850,0.208916,-1.163698,-0.544892
18-Jan-2025 14:36:53.866,0.271224,-1.082453,-0.610865
18-Jan-2025 14:36:53.883,0.283441,-1.00976,-0.461814
18-Jan-2025 14:36:53.899,0.260229,-0.958448,-0.172875
18-Jan-2025 14:36:53.915,0.222966,-0.904081,-0.033598
18-Jan-2025 14:36:53.931,0.114232,-0.875981,0.026267
18-Jan-2025 14:36:53.947,0.058643,-0.938289,-0.003665
18-Jan-2025 14:36:53.963,0.08491,-1.017091,0.015882
18-Jan-2025 14:36:53.979,0.16921,-1.073901,0.11973
18-Jan-2025 14:36:53.995,0.265726,-1.182024,0.302989
18-Jan-2025 14:36:54.011,0.204029,-1.274876,0.446543
18-Jan-2025 14:36:54.027,0.074526,-1.362229,0.569937
18-Jan-2025 14:36:54.043,-0.022602,-1.513113,0.650571
18-Jan-2025 14:36:54.059,-0.072693,-1.598634,0.65668
18-Jan-2025 14:36:54.076,-0.15516,-1.673771,0.518014
18-Jan-2025 14:36:54.092,-0.171042,-1.688432,0.334143
18-Jan-2025 14:36:54.107,-0.177151,-1.737912,0.160658
18-Jan-2025 14:36:54.124,-0.20464,-1.838704,0.123395
18-Jan-2025 14:36:54.140,-0.222966,-2.026851,0.12706
18-Jan-2025 14:36:54.156,-0.199142,-2.189952,0.143553
18-Jan-2025 14:36:54.172,-0.114232,-2.376266,0.204029
18-Jan-2025 14:36:54.188,0.00672,-2.556471,0.345139
18-Jan-2025 14:36:54.204,0.032987,-2.59129,0.43066
18-Jan-2025 14:36:54.220,0.001833,-2.539978,0.505796
18-Jan-2025 14:36:54.236,-0.034208,-2.479502,0.505796
18-Jan-2025 14:36:54.252,-0.0562,-2.387261,0.463647
18-Jan-2025 14:36:54.268,-0.04215,-2.368935,0.428827
18-Jan-2025 14:36:54.284,-0.023824,-2.357329,0.398895
18-Jan-2025 14:36:54.300,-0.002443,-2.329229,0.375071
18-Jan-2025 14:36:54.317,-0.031154,-2.19545,0.344528
18-Jan-2025 14:36:54.333,-0.080634,-2.06167,0.321315
18-Jan-2025 14:36:54.349,-0.136834,-1.8778,0.285885
18-Jan-2025 14:36:54.365,-0.139888,-1.73669,0.257785
18-Jan-2025 14:36:54.381,-0.098349,-1.612073,0.246179
18-Jan-2025 14:36:54.397,-0.052534,-1.466687,0.19792
18-Jan-2025 14:36:54.413,-0.047647,-1.370782,0.168599
18-Jan-2025 14:36:54.429,-0.03543,-1.265102,0.12706
18-Jan-2025 14:36:54.445,-0.018937,-1.17225,0.098349
18-Jan-2025 14:36:54.461,0.013439,-1.027475,0.092241
18-Jan-2025 14:36:54.477,0.06353,-0.913854,0.122173
18-Jan-2025 14:36:54.493,0.120951,-0.759916,0.155771
18-Jan-2025 14:36:54.509,0.106291,-0.696997,0.144164
18-Jan-2025 14:36:54.525,0.067195,-0.684169,0.117897
18-Jan-2025 14:36:54.541,0.028711,-0.598648,0.146608
18-Jan-2025 14:36:54.558,0.044593,-0.530842,0.199142
18-Jan-2025 14:36:54.574,0.149662,-0.457538,0.216246
18-Jan-2025 14:36:54.590,0.31765,-0.396452,0.198531
18-Jan-2025 14:36:54.606,0.428217,-0.323148,0.221133
18-Jan-2025 14:36:54.622,0.459371,-0.23274,0.238848
18-Jan-2025 14:36:54.638,0.507629,0.009774,0.251066
18-Jan-2025 14:36:54.654,0.488081,0.164323,0.224188
18-Jan-2025 14:36:54.670,0.3317,0.194866,0.128282
18-Jan-2025 14:36:54.686,0.187536,0.072693,0.054367
18-Jan-2025 14:36:54.702,0.078802,-0.151495,-0.013439
18-Jan-2025 14:36:54.718,0.032376,-0.42394,-0.105069
18-Jan-2025 14:36:54.734,0.087354,-0.531453,-0.138666
18-Jan-2025 14:36:54.750,0.227853,-0.491747,-0.151495
18-Jan-2025 14:36:54.766,0.326813,-0.389121,-0.107512
18-Jan-2025 14:36:54.782,0.325591,-0.26145,0.041539
18-Jan-2025 14:36:54.799,0.222966,-0.210138,0.164323
18-Jan-2025 14:36:54.815,0.025656,-0.170431,0.215025
18-Jan-2025 14:36:54.831,-0.116064,-0.191812,0.231518
18-Jan-2025 14:36:54.847,-0.215025,-0.187536,0.259618
18-Jan-2025 14:36:54.862,-0.270002,-0.137445,0.265726
18-Jan-2025 14:36:54.879,-0.36713,-0.09163,0.230296
18-Jan-2025 14:36:54.895,-0.398895,-0.058643,0.156992
18-Jan-2025 14:36:54.911,-0.343917,0.007941,0.025656
18-Jan-2025 14:36:54.927,-0.175318,0.144164,-0.161879
18-Jan-2025 14:36:54.943,-0.078802,0.232129,-0.246179
18-Jan-2025 14:36:54.959,-0.064141,0.271835,-0.262061
18-Jan-2025 14:36:54.975,-0.127671,0.330478,-0.21869
18-Jan-2025 14:36:54.991,-0.244346,0.483194,-0.143553
18-Jan-2025 14:36:55.007,-0.311541,0.601091,-0.111788
18-Jan-2025 14:36:55.023,-0.342085,0.699441,-0.120951
18-Jan-2025 14:36:55.040,-0.334754,0.700052,-0.133779
18-Jan-2025 14:36:55.055,-0.287107,0.600481,-0.175929
18-Jan-2025 14:36:55.072,-0.271224,0.603535,-0.254731
18-Jan-2025 14:36:55.088,-0.262672,0.718988,-0.262061
18-Jan-2025 14:36:55.103,-0.249844,0.799623,-0.222355
18-Jan-2025 14:36:55.120,-0.21869,0.844216,-0.181427
18-Jan-2025 14:36:55.136,-0.129503,0.96028,-0.144775
18-Jan-2025 14:36:55.152,-0.115454,0.859487,-0.141721
18-Jan-2025 14:36:55.168,-0.141721,0.817949,-0.138056
18-Jan-2025 14:36:55.183,-0.147219,0.803899,-0.135612
18-Jan-2025 14:36:55.200,-0.136223,0.90347,-0.119119
18-Jan-2025 14:36:55.216,-0.139888,0.992045,-0.036041
18-Jan-2025 14:36:55.232,-0.155771,1.112386,0.004887
18-Jan-2025 14:36:55.248,-0.132558,1.215011,0.017104
18-Jan-2025 14:36:55.264,-0.0562,1.226007,-0.072693
18-Jan-2025 14:36:55.281,0.060476,1.321302,-0.163712
18-Jan-2025 14:36:55.296,0.128893,1.388497,-0.217468
18-Jan-2025 14:36:55.312,0.227853,1.287093,-0.349415
18-Jan-2025 14:36:55.329,0.301157,1.106888,-0.485638
18-Jan-2025 14:36:55.345,0.244346,1.034806,-0.610865
18-Jan-2025 14:36:55.361,0.097738,1.05924,-0.672563
18-Jan-2025 14:36:55.376,-0.031765,1.00976,-0.70616
18-Jan-2025 14:36:55.393,-0.076358,1.138042,-0.620028
18-Jan-2025 14:36:55.409,0.034208,1.310306,-0.510072
18-Jan-2025 14:36:55.425,0.242514,1.469131,-0.372628
18-Jan-2025 14:36:55.441,0.3317,1.587639,-0.309709
18-Jan-2025 14:36:55.457,0.370795,1.717142,-0.257785
18-Jan-2025 14:36:55.473,0.371406,1.771509,-0.163712
18-Jan-2025 14:36:55.489,0.313985,1.86375,0.128893
18-Jan-2025 14:36:55.505,0.220522,1.917506,0.404393
18-Jan-2025 14:36:55.521,0.039706,1.859474,0.611476
18-Jan-2025 14:36:55.537,-0.100182,1.797166,0.59987
18-Jan-2025 14:36:55.553,-0.135001,1.853976,0.474031
18-Jan-2025 14:36:55.569,0.100182,2.136807,0.534507
18-Jan-2025 14:36:55.585,0.224188,2.296853,0.57177
18-Jan-2025 14:36:55.602,0.114232,2.33656,0.45876
18-Jan-2025 14:36:55.618,-0.026267,2.284025,0.350637
18-Jan-2025 14:36:55.634,-0.108734,2.139861,0.335365
18-Jan-2025 14:36:55.650,-0.078191,2.006692,0.398284
18-Jan-2025 14:36:55.666,0.065973,1.788613,0.408058
18-Jan-2025 14:36:55.682,0.154549,1.632843,0.297491
18-Jan-2025 14:36:55.698,0.168599,1.419651,0.215635
18-Jan-2025 14:36:55.714,0.09896,1.309695,0.223577
18-Jan-2025 14:36:55.730,0.042761,1.276098,0.270002
18-Jan-2025 14:36:55.746,0.028711,1.240667,0.33903
18-Jan-2025 14:36:55.762,0.016493,1.20035,0.344528
18-Jan-2025 14:36:55.778,-0.018937,1.036027,0.245568
18-Jan-2025 14:36:55.794,-0.024435,0.857044,0.147829
18-Jan-2025 14:36:55.810,0.026267,0.618196,0.069028
18-Jan-2025 14:36:55.826,0.085521,0.470977,0.062919
18-Jan-2025 14:36:55.843,0.132558,0.278555,0.067195
18-Jan-2025 14:36:55.859,0.144775,0.111788,0.047037
18-Jan-2025 14:36:55.875,0.12034,-0.089186,0.032376
18-Jan-2025 14:36:55.891,0.108734,-0.210749,0.065973
18-Jan-2025 14:36:55.907,0.108734,-0.254731,0.153327
18-Jan-2025 14:36:55.923,0.123395,-0.31765,0.304822
18-Jan-2025 14:36:55.939,0.119119,-0.408669,0.362243
18-Jan-2025 14:36:55.955,0.155771,-0.635911,0.312763
18-Jan-2025 14:36:55.971,0.24007,-0.824057,0.266337
18-Jan-2025 14:36:55.987,0.398284,-0.982882,0.221744
18-Jan-2025 14:36:56.003,0.439212,-0.949285,0.223577
18-Jan-2025 14:36:56.019,0.375682,-0.851546,0.24007
18-Jan-2025 14:36:56.035,0.290772,-0.789849,0.208305
18-Jan-2025 14:36:56.051,0.117286,-0.679893,0.135612
18-Jan-2025 14:36:56.067,-0.012217,-0.704328,0.112399
18-Jan-2025 14:36:56.084,-0.127671,-0.838718,0.050091
18-Jan-2025 14:36:56.100,-0.292604,-1.011593,-0.108123
18-Jan-2025 14:36:56.116,-0.362854,-1.095892,-0.226631
18-Jan-2025 14:36:56.132,-0.286496,-1.144761,-0.29627
18-Jan-2025 14:36:56.148,-0.132558,-1.067182,-0.239459
18-Jan-2025 14:36:56.164,0.085521,-0.938289,-0.079412
18-Jan-2025 14:36:56.180,0.15516,-0.898583,-0.002443
18-Jan-2025 14:36:56.196,0.099571,-0.902248,0.010385
18-Jan-2025 14:36:56.212,-0.005498,-0.971887,-0.025045
18-Jan-2025 14:36:56.228,-0.154549,-1.100168,-0.06353
18-Jan-2025 14:36:56.244,-0.230907,-1.10811,-0.081856
18-Jan-2025 14:36:56.260,-0.297491,-1.041525,-0.133169
18-Jan-2025 14:36:56.276,-0.311541,-0.912633,-0.241903
18-Jan-2025 14:36:56.292,-0.208916,-0.843605,-0.358578
18-Jan-2025 14:36:56.308,-0.07086,-0.836275,-0.454484
18-Jan-2025 14:36:56.325,-0.042761,-0.864985,-0.408669
18-Jan-2025 14:36:56.340,-0.039706,-0.863763,-0.314596
18-Jan-2025 14:36:56.356,-0.061697,-0.836885,-0.271835
18-Jan-2025 14:36:56.373,-0.153327,-0.747088,-0.219911
18-Jan-2025 14:36:56.389,-0.22602,-0.650571,-0.160658
18-Jan-2025 14:36:56.405,-0.263283,-0.519846,-0.094684
18-Jan-2025 14:36:56.421,-0.240681,-0.464868,-0.123395
18-Jan-2025 14:36:56.437,-0.204029,-0.406225,-0.195477
18-Jan-2025 14:36:56.453,-0.14111,-0.28955,-0.272446
18-Jan-2025 14:36:56.469,-0.085521,-0.196088,-0.277944
18-Jan-2025 14:36:56.485,-0.050091,-0.13439,-0.273668
18-Jan-2025 14:36:56.501,-0.054367,-0.137445,-0.287718
18-Jan-2025 14:36:56.517,-0.086743,-0.125227,-0.325591
18-Jan-2025 14:36:56.533,-0.128282,-0.06353,-0.296881
18-Jan-2025 14:36:56.549,-0.186314,0.028711,-0.226631
18-Jan-2025 14:36:56.566,-0.186314,0.058032,-0.214414
18-Jan-2025 14:36:56.581,-0.159436,0.108734,-0.238237
18-Jan-2025 14:36:56.598,-0.117897,0.145997,-0.292604
18-Jan-2025 14:36:56.614,-0.040928,0.180816,-0.365297
18-Jan-2025 14:36:56.629,0.170431,0.209527,-0.465479
18-Jan-2025 14:36:56.646,0.243124,0.252287,-0.505186
18-Jan-2025 14:36:56.662,0.090408,0.296881,-0.43066
18-Jan-2025 14:36:56.678,-0.079412,0.315206,-0.340863
18-Jan-2025 14:36:56.694,-0.149051,0.413556,-0.263283
18-Jan-2025 14:36:56.710,-0.054367,0.566272,-0.229074
18-Jan-2025 14:36:56.726,0.097738,0.76236,-0.158825
18-Jan-2025 14:36:56.742,0.182038,0.83322,-0.110567
18-Jan-2025 14:36:56.758,0.260839,0.909578,-0.030543
18-Jan-2025 14:36:56.774,0.283441,1.004873,0.053145
18-Jan-2025 14:36:56.790,0.242514,1.105055,0.160047
18-Jan-2025 14:36:56.807,0.137445,1.199129,0.302378
18-Jan-2025 14:36:56.822,0.045815,1.212568,0.41661
18-Jan-2025 14:36:56.839,-0.044593,1.167974,0.510683
18-Jan-2025 14:36:56.854,-0.047037,1.137431,0.52229
18-Jan-2025 14:36:56.871,0.034208,1.131933,0.461814
18-Jan-2025 14:36:56.887,0.092241,1.177748,0.400117
18-Jan-2025 14:36:56.903,0.098349,1.252885,0.331089
18-Jan-2025 14:36:56.919,0.032987,1.279763,0.268781
18-Jan-2025 14:36:56.935,-0.080023,1.289536,0.207083
18-Jan-2025 14:36:56.951,-0.175929,1.293813,0.186314
18-Jan-2025 14:36:56.967,-0.098349,1.27793,0.198531
18-Jan-2025 14:36:56.983,0.025045,1.166753,0.193644
18-Jan-2025 14:36:56.999,0.00733,1.05191,0.178373
18-Jan-2025 14:36:57.015,-0.021991,0.955393,0.180816
18-Jan-2025 14:36:57.031,-0.02138,0.919963,0.189979
18-Jan-2025 14:36:57.048,-0.047647,0.925461,0.202807
18-Jan-2025 14:36:57.063,-0.085521,0.918741,0.195477
18-Jan-2025 14:36:57.079,-0.10568,0.883311,0.158825
18-Jan-2025 14:36:57.096,-0.079412,0.840551,0.111177
18-Jan-2025 14:36:57.112,-0.053145,0.816116,0.072693
18-Jan-2025 14:36:57.128,-0.014661,0.75564,0.047037
18-Jan-2025 14:36:57.144,0.051313,0.655458,0.041539
18-Jan-2025 14:36:57.160,0.130114,0.508851,0.039095
18-Jan-2025 14:36:57.176,0.145386,0.425162,0.062308
18-Jan-2025 14:36:57.192,0.171653,0.320093,0.12034
18-Jan-2025 14:36:57.208,0.200975,0.284052,0.171042
18-Jan-2025 14:36:57.224,0.22602,0.260839,0.21869
18-Jan-2025 14:36:57.240,0.272446,0.206472,0.207083
18-Jan-2025 14:36:57.256,0.333532,0.082467,0.175929
18-Jan-2025 14:36:57.272,0.368352,-0.012217,0.191201
18-Jan-2025 14:36:57.288,0.413556,-0.08491,0.231518
18-Jan-2025 14:36:57.304,0.544281,-0.163712,0.241903
18-Jan-2025 14:36:57.320,0.650571,-0.194866,0.178984
18-Jan-2025 14:36:57.336,0.617585,-0.180205,0.097128
18-Jan-2025 14:36:57.352,0.521679,-0.210138,0.032376
18-Jan-2025 14:36:57.369,0.420275,-0.222355,-0.016493
18-Jan-2025 14:36:57.385,0.327424,-0.168599,0.010385
18-Jan-2025 14:36:57.401,0.229685,-0.13439,-0.017715
18-Jan-2025 14:36:57.417,0.173486,-0.137445,-0.131947
18-Jan-2025 14:36:57.433,0.117897,-0.177151,-0.350026
18-Jan-2025 14:36:57.449,0.138666,-0.186925,-0.481973
18-Jan-2025 14:36:57.465,0.224188,-0.141721,-0.526566
18-Jan-2025 14:36:57.481,0.307876,0.04948,-0.459982
18-Jan-2025 14:36:57.497,0.262061,0.204029,-0.391565
18-Jan-2025 14:36:57.513,0.086743,0.37385,-0.284052
18-Jan-2025 14:36:57.529,-0.04215,0.435547,-0.255953
18-Jan-2025 14:36:57.545,-0.14844,0.511294,-0.302989
18-Jan-2025 14:36:57.561,-0.18326,0.587041,-0.383013
18-Jan-2025 14:36:57.577,-0.159436,0.717156,-0.503353
18-Jan-2025 14:36:57.593,-0.089186,0.824668,-0.581544
18-Jan-2025 14:36:57.610,0.004887,0.970054,-0.590707
18-Jan-2025 14:36:57.625,0.00672,1.076345,-0.524122
18-Jan-2025 14:36:57.641,-0.017715,1.204015,-0.451429
18-Jan-2025 14:36:57.658,-0.037263,1.255939,-0.410501
18-Jan-2025 14:36:57.674,-0.08491,1.250441,-0.38118
18-Jan-2025 14:36:57.690,-0.105069,1.247387,-0.299324
18-Jan-2025 14:36:57.706,-0.044593,1.285871,-0.263283
18-Jan-2025 14:36:57.722,0.037874,1.35551,-0.26817
18-Jan-2025 14:36:57.738,0.067195,1.437977,-0.256563
18-Jan-2025 14:36:57.754,0.080634,1.588861,-0.189979
18-Jan-2025 14:36:57.770,0.083078,1.691486,-0.151495
18-Jan-2025 14:36:57.786,0.072693,1.788003,-0.165544
18-Jan-2025 14:36:57.802,0.071471,1.860085,-0.244346
18-Jan-2025 14:36:57.818,0.100793,1.929723,-0.341474
18-Jan-2025 14:36:57.834,0.178373,1.993864,-0.415999
18-Jan-2025 14:36:57.851,0.239459,2.032959,-0.440434
18-Jan-2025 14:36:57.866,0.296881,2.073888,-0.450819
18-Jan-2025 14:36:57.883,0.333532,2.130698,-0.469755
18-Jan-2025 14:36:57.898,0.376293,2.211943,-0.500299
18-Jan-2025 14:36:57.915,0.401338,2.24493,-0.519846
18-Jan-2025 14:36:57.931,0.432493,2.229658,-0.533896
18-Jan-2025 14:36:57.947,0.372017,2.222939,-0.542448
18-Jan-2025 14:36:57.963,0.215025,2.2095,-0.527177
18-Jan-2025 14:36:57.979,-0.061697,2.194228,-0.455095
18-Jan-2025 14:36:57.995,-0.21197,2.186898,-0.361632
18-Jan-2025 14:36:58.011,-0.277333,2.16063,-0.255953
18-Jan-2025 14:36:58.027,-0.274889,2.158187,-0.218079
18-Jan-2025 14:36:58.043,-0.251066,2.185676,-0.218079
18-Jan-2025 14:36:58.059,-0.207694,2.178956,-0.235183
18-Jan-2025 14:36:58.075,-0.151495,2.128254,-0.25412
18-Jan-2025 14:36:58.092,-0.152105,2.094046,-0.253509
18-Jan-2025 14:36:58.107,-0.206472,2.088548,-0.202807
18-Jan-2025 14:36:58.123,-0.260229,2.123978,-0.122784
18-Jan-2025 14:36:58.139,-0.307265,2.186287,-0.057421
18-Jan-2025 14:36:58.155,-0.379347,2.267532,-0.087965
18-Jan-2025 14:36:58.172,-0.435547,2.304795,-0.166155
18-Jan-2025 14:36:58.188,-0.469145,2.301129,-0.286496
18-Jan-2025 14:36:58.204,-0.447153,2.293188,-0.315817
18-Jan-2025 14:36:58.220,-0.352469,2.289523,-0.325591
18-Jan-2025 14:36:58.236,-0.263894,2.274862,-0.320704
18-Jan-2025 14:36:58.252,-0.178984,2.260812,-0.28222
18-Jan-2025 14:36:58.268,-0.113621,2.326175,-0.235183
18-Jan-2025 14:36:58.284,-0.023824,2.39337,-0.25412
18-Jan-2025 14:36:58.300,-0.036041,2.40009,-0.297491
18-Jan-2025 14:36:58.316,-0.091019,2.381153,-0.304211
18-Jan-2025 14:36:58.333,-0.034208,2.373211,-0.24679
18-Jan-2025 14:36:58.348,0.087965,2.387872,-0.202196
18-Jan-2025 14:36:58.364,0.19792,2.382375,-0.150273
18-Jan-2025 14:36:58.381,0.233961,2.337781,-0.103847
18-Jan-2025 14:36:58.396,0.282831,2.263256,-0.047037
18-Jan-2025 14:36:58.413,0.339641,2.22355,-0.031765
18-Jan-2025 14:36:58.428,0.389121,2.183232,-0.025045
18-Jan-2025 14:36:58.445,0.387289,2.178345,-0.020769
18-Jan-2025 14:36:58.461,0.326813,2.169793,0.013439
18-Jan-2025 14:36:58.477,0.241903,2.151467,0.050702
18-Jan-2025 14:36:58.493,0.175929,2.107485,0.095906
18-Jan-2025 14:36:58.509,0.171653,2.042733,0.106291
18-Jan-2025 14:36:58.525,0.211359,1.987145,0.109345
18-Jan-2025 14:36:58.541,0.284663,1.921171,0.098349
18-Jan-2025 14:36:58.557,0.335365,1.874135,0.075747
18-Jan-2025 14:36:58.574,0.337198,1.849089,0.052534
18-Jan-2025 14:36:58.589,0.3036,1.81427,0.040928
18-Jan-2025 14:36:58.605,0.266337,1.733636,0.026267
18-Jan-2025 14:36:58.621,0.25412,1.69454,0.030543
18-Jan-2025 14:36:58.637,0.245568,1.638341,-0.022602
18-Jan-2025 14:36:58.654,0.222966,1.590082,-0.088575
18-Jan-2025 14:36:58.669,0.199142,1.534493,-0.125227
18-Jan-2025 14:36:58.686,0.218079,1.442864,-0.150884
18-Jan-2025 14:36:58.702,0.260229,1.379945,-0.147219
18-Jan-2025 14:36:58.718,0.326202,1.308473,-0.117286
18-Jan-2025 14:36:58.734,0.390343,1.248609,-0.095295
18-Jan-2025 14:36:58.750,0.493579,1.164309,-0.086743
18-Jan-2025 14:36:58.766,0.525955,1.137431,-0.073915
18-Jan-2025 14:36:58.782,0.465479,1.130712,-0.034208
18-Jan-2025 14:36:58.798,0.429438,1.086118,-0.020159
18-Jan-2025 14:36:58.814,0.441656,1.06596,-0.000611
18-Jan-2025 14:36:58.830,0.468534,1.09406,0.032987
18-Jan-2025 14:36:58.845,0.477697,1.117272,0.051313
18-Jan-2025 14:36:58.862,0.43738,1.131933,-0.017104
18-Jan-2025 14:36:58.878,0.394619,1.140485,-0.048869
18-Jan-2025 14:36:58.895,0.386678,1.095281,-0.131336
18-Jan-2025 14:36:58.911,0.354913,1.054353,-0.234572
18-Jan-2025 14:36:58.926,0.210749,1.007928,-0.334754
18-Jan-2025 14:36:58.943,0.114843,1.012204,-0.337808
18-Jan-2025 14:36:58.959,0.131947,1.032362,-0.276111
18-Jan-2025 14:36:58.975,0.171042,0.991434,-0.160047
18-Jan-2025 14:36:58.991,0.248622,0.933402,0.00733
18-Jan-2025 14:36:59.007,0.318872,0.974941,0.065973
18-Jan-2025 14:36:59.023,0.283441,0.985937,0.00733
18-Jan-2025 14:36:59.039,0.100182,0.831388,-0.111788
18-Jan-2025 14:36:59.055,-0.039706,0.721432,-0.128893
18-Jan-2025 14:36:59.071,-0.165544,0.707993,-0.039095
18-Jan-2025 14:36:59.087,-0.210749,0.754419,0.045204
18-Jan-2025 14:36:59.103,-0.243735,0.793514,0.104458
18-Jan-2025 14:36:59.119,-0.274278,0.793514,0.078191
18-Jan-2025 14:36:59.136,-0.298713,0.779464,0.083689
18-Jan-2025 14:36:59.151,-0.285885,0.759305,0.109956
18-Jan-2025 14:36:59.167,-0.239459,0.744034,0.122173
18-Jan-2025 14:36:59.183,-0.185703,0.713491,0.108123
18-Jan-2025 14:36:59.200,-0.194866,0.667676,0.078191
18-Jan-2025 14:36:59.216,-0.213803,0.622472,0.034208
18-Jan-2025 14:36:59.232,-0.188757,0.632246,0.017104
18-Jan-2025 14:36:59.248,-0.153938,0.633467,-0.00733
18-Jan-2025 14:36:59.264,-0.150273,0.601702,-0.062308
18-Jan-2025 14:36:59.280,-0.14844,0.544892,-0.126449
18-Jan-2025 14:36:59.296,-0.131947,0.491136,-0.156992
18-Jan-2025 14:36:59.312,-0.086743,0.380569,-0.189979
18-Jan-2025 14:36:59.328,-0.069028,0.309709,-0.18387
18-Jan-2025 14:36:59.344,-0.067806,0.277333,-0.11973
18-Jan-2025 14:36:59.360,-0.090408,0.265116,-0.097128
18-Jan-2025 14:36:59.377,-0.116064,0.249233,-0.100182
18-Jan-2025 14:36:59.392,-0.127671,0.217468,-0.104458
18-Jan-2025 14:36:59.408,-0.114843,0.193644,-0.116064
18-Jan-2025 14:36:59.425,-0.066584,0.161268,-0.131336
18-Jan-2025 14:36:59.441,-0.023213,0.125838,-0.153327
18-Jan-2025 14:36:59.457,-0.008552,0.095906,-0.141721
18-Jan-2025 14:36:59.473,-0.012828,0.102625,-0.122173
18-Jan-2025 14:36:59.487,-0.005498,0.112399,-0.094684
18-Jan-2025 14:36:59.505,0.013439,0.102014,-0.09896
18-Jan-2025 14:36:59.521,0.0562,0.086132,-0.138666
18-Jan-2025 14:36:59.537,0.171653,0.075136,-0.236405
18-Jan-2025 14:36:59.553,0.28222,0.022602,-0.328035
18-Jan-2025 14:36:59.569,0.392175,-0.069028,-0.408058
18-Jan-2025 14:36:59.585,0.384234,-0.168599,-0.419054
18-Jan-2025 14:36:59.601,0.279165,-0.332311,-0.403171
18-Jan-2025 14:36:59.617,0.21869,-0.372017,-0.433103
18-Jan-2025 14:36:59.633,0.103847,-0.334754,-0.480751
18-Jan-2025 14:36:59.649,0.057421,-0.299324,-0.500299
18-Jan-2025 14:36:59.665,0.178984,-0.153327,-0.483194
18-Jan-2025 14:36:59.682,0.347582,-0.029322,-0.443488
18-Jan-2025 14:36:59.698,0.482584,0.060476,-0.396452
18-Jan-2025 14:36:59.714,0.568716,0.156382,-0.315206
18-Jan-2025 14:36:59.730,0.617585,0.196088,-0.25412
18-Jan-2025 14:36:59.746,0.656069,0.232129,-0.133169
18-Jan-2025 14:36:59.762,0.615141,0.243124,0.003054
18-Jan-2025 14:36:59.778,0.43738,0.173486,0.151495
18-Jan-2025 14:36:59.794,0.255342,0.090408,0.199142
18-Jan-2025 14:36:59.810,0.058643,0.048869,0.201586
18-Jan-2025 14:36:59.826,-0.034819,0.117897,0.107512
18-Jan-2025 14:36:59.842,-0.143553,0.249233,-0.047037
18-Jan-2025 14:36:59.858,-0.241292,0.315206,-0.061697
18-Jan-2025 14:36:59.874,-0.326202,0.340252,0.001833
18-Jan-2025 14:36:59.890,-0.377515,0.340252,0.065363
18-Jan-2025 14:36:59.906,-0.36041,0.28222,0.0562
18-Jan-2025 14:36:59.922,-0.252287,0.172875,0.037263
18-Jan-2025 14:36:59.939,-0.125227,0.090408,0.036652
18-Jan-2025 14:36:59.954,0.02138,0.02138,0.048258
18-Jan-2025 14:36:59.971,0.078802,-0.001222,0.073915
18-Jan-2025 14:36:59.987,0.062919,-0.006109,0.127671
18-Jan-2025 14:37:00.003,-0.015272,0.023824,0.163712
18-Jan-2025 14:37:00.019,-0.164934,0.010385,0.195477
18-Jan-2025 14:37:00.035,-0.270613,-0.001833,0.213803
18-Jan-2025 14:37:00.051,-0.343306,-0.019548,0.228464
18-Jan-2025 14:37:00.067,-0.383623,-0.027489,0.262672
18-Jan-2025 14:37:00.083,-0.362854,-0.029932,0.286496
18-Jan-2025 14:37:00.099,-0.311541,-0.023213,0.285274
18-Jan-2025 14:37:00.115,-0.246179,-0.05681,0.263894
18-Jan-2025 14:37:00.131,-0.114843,-0.113621,0.251066
18-Jan-2025 14:37:00.147,-0.040317,-0.157603,0.265116
18-Jan-2025 14:37:00.163,0.003665,-0.182038,0.2755
18-Jan-2025 14:37:00.180,0.007941,-0.203418,0.277944
18-Jan-2025 14:37:00.195,-0.007941,-0.224798,0.3036
18-Jan-2025 14:37:00.211,-0.00672,-0.2474,0.357356
18-Jan-2025 14:37:00.228,0.029322,-0.274278,0.365908
18-Jan-2025 14:37:00.244,0.126449,-0.322537,0.337198
18-Jan-2025 14:37:00.260,0.187536,-0.361632,0.323759
18-Jan-2025 14:37:00.276,0.335365,-0.395841,0.323759
18-Jan-2025 14:37:00.292,0.373239,-0.495412,0.351248
18-Jan-2025 14:37:00.308,0.315206,-0.615752,0.357356
18-Jan-2025 14:37:00.324,0.341474,-0.566883,0.317039
18-Jan-2025 14:37:00.340,0.425162,-0.376293,0.276722
18-Jan-2025 14:37:00.356,0.450208,-0.300546,0.232129
18-Jan-2025 14:37:00.372,0.398895,-0.243735,0.189979
18-Jan-2025 14:37:00.388,0.268781,-0.215025,0.128282
18-Jan-2025 14:37:00.404,0.161268,-0.235183,0.099571
18-Jan-2025 14:37:00.420,0.065973,-0.335976,0.080023
18-Jan-2025 14:37:00.436,0.017104,-0.477697,0.017104
18-Jan-2025 14:37:00.452,-0.057421,-0.647517,-0.100793
18-Jan-2025 14:37:00.468,-0.07758,-0.742812,-0.166155
18-Jan-2025 14:37:00.484,-0.124617,-0.689667,-0.152716
18-Jan-2025 14:37:00.501,-0.186314,-0.554055,-0.04948
18-Jan-2025 14:37:00.516,-0.279165,-0.453262,0.066584
18-Jan-2025 14:37:00.533,-0.309709,-0.431882,0.057421
18-Jan-2025 14:37:00.549,-0.212581,-0.439212,-0.010385
18-Jan-2025 14:37:00.565,-0.07086,-0.461814,-0.064752
18-Jan-2025 14:37:00.581,-0.108123,-0.477086,-0.046426
18-Jan-2025 14:37:00.597,-0.270002,-0.489914,-0.024435
18-Jan-2025 14:37:00.613,-0.419054,-0.436769,-0.036652
18-Jan-2025 14:37:00.629,-0.518014,-0.298713,-0.12034
18-Jan-2025 14:37:00.645,-0.491747,-0.168599,-0.221744
18-Jan-2025 14:37:00.661,-0.324369,-0.101404,-0.230296
18-Jan-2025 14:37:00.677,-0.199753,-0.089186,-0.19792
18-Jan-2025 14:37:00.693,-0.136223,-0.064752,-0.205862
18-Jan-2025 14:37:00.709,-0.142942,-0.086743,-0.251676
18-Jan-2025 14:37:00.725,-0.175929,-0.114843,-0.279776
18-Jan-2025 14:37:00.742,-0.19059,-0.12706,-0.25412
18-Jan-2025 14:37:00.758,-0.191812,-0.111177,-0.223577
18-Jan-2025 14:37:00.773,-0.19792,-0.06353,-0.17654
18-Jan-2025 14:37:00.790,-0.186314,-0.00733,-0.135612
18-Jan-2025 14:37:00.806,-0.100793,0.039095,-0.092241
18-Jan-2025 14:37:00.822,-0.008552,0.052534,-0.090408
18-Jan-2025 14:37:00.838,0.094073,0.008552,-0.143553
18-Jan-2025 14:37:00.854,0.12034,-0.039706,-0.188757
18-Jan-2025 14:37:00.870,0.099571,-0.037874,-0.194866
18-Jan-2025 14:37:00.886,0.06353,-0.009774,-0.155771
18-Jan-2025 14:37:00.902,0.037874,0.015882,-0.124006
18-Jan-2025 14:37:00.918,0.012217,0.045204,-0.130725
18-Jan-2025 14:37:00.934,0.065363,0.124617,-0.140499
18-Jan-2025 14:37:00.950,0.259618,0.131947,-0.206472
18-Jan-2025 14:37:00.966,0.318261,0.071471,-0.25412
18-Jan-2025 14:37:00.983,0.342695,0.00733,-0.309098
18-Jan-2025 14:37:00.998,0.366519,0.066584,-0.31765
18-Jan-2025 14:37:01.014,0.39523,0.074526,-0.334754
18-Jan-2025 14:37:01.030,0.376904,0.14111,-0.248622
18-Jan-2025 14:37:01.047,0.419664,0.235183,-0.163101
18-Jan-2025 14:37:01.063,0.542448,0.24007,-0.171042
18-Jan-2025 14:37:01.078,0.50091,0.241292,-0.174097
18-Jan-2025 14:37:01.095,0.317039,0.25412,-0.07086
18-Jan-2025 14:37:01.111,0.167377,0.291994,0.072693
18-Jan-2025 14:37:01.127,-0.027489,0.361021,0.237016
18-Jan-2025 14:37:01.143,-0.16921,0.362243,0.285885
18-Jan-2025 14:37:01.159,-0.304822,0.298713,0.234572
18-Jan-2025 14:37:01.175,-0.301767,0.233961,0.113621
18-Jan-2025 14:37:01.191,-0.110567,0.302378,0.072082
18-Jan-2025 14:37:01.207,0.064141,0.368352,0.100182
18-Jan-2025 14:37:01.223,0.073304,0.372628,-0.029932
18-Jan-2025 14:37:01.239,-0.073304,0.334754,-0.265726
18-Jan-2025 14:37:01.255,-0.15516,0.259007,-0.273057
18-Jan-2025 14:37:01.271,-0.187536,0.140499,-0.161268
18-Jan-2025 14:37:01.287,-0.136834,0.071471,-0.06353
18-Jan-2025 14:37:01.304,-0.046426,-0.089797,-0.040317
18-Jan-2025 14:37:01.319,-0.010996,-0.202196,-0.030543
18-Jan-2025 14:37:01.336,-0.017715,-0.244957,0.04215
18-Jan-2025 14:37:01.352,-0.055589,-0.251066,0.116675
18-Jan-2025 14:37:01.368,-0.169821,-0.237627,0.171042
18-Jan-2025 14:37:01.384,-0.28955,-0.236405,0.158825
18-Jan-2025 14:37:01.400,-0.398284,-0.226631,0.126449
18-Jan-2025 14:37:01.416,-0.472199,-0.238237,0.05681
18-Jan-2025 14:37:01.432,-0.435547,-0.280998,0.00672
18-Jan-2025 14:37:01.448,-0.273057,-0.373239,-0.020769
18-Jan-2025 14:37:01.464,-0.138056,-0.445932,-0.019548
18-Jan-2025 14:37:01.480,-0.031154,-0.530231,-0.008552
18-Jan-2025 14:37:01.496,-0.013439,-0.526566,0.047647
18-Jan-2025 14:37:01.512,-0.018326,-0.486249,0.143553
18-Jan-2025 14:37:01.528,-0.024435,-0.489914,0.196088
18-Jan-2025 14:37:01.545,-0.031154,-0.545503,0.193644
18-Jan-2025 14:37:01.560,-0.020159,-0.588263,0.14111
18-Jan-2025 14:37:01.576,0.040928,-0.563218,0.127671
18-Jan-2025 14:37:01.593,0.219301,-0.616974,0.151495
18-Jan-2025 14:37:01.609,0.250455,-0.662178,0.195477
18-Jan-2025 14:37:01.625,0.266948,-0.681115,0.188147
18-Jan-2025 14:37:01.640,0.241292,-0.585209,0.204029
18-Jan-2025 14:37:01.657,0.188147,-0.513738,0.224798
18-Jan-2025 14:37:01.673,0.111788,-0.474031,0.202807
18-Jan-2025 14:37:01.689,0.024435,-0.456316,0.152716
18-Jan-2025 14:37:01.705,0.001222,-0.508851,0.153327
18-Jan-2025 14:37:01.721,-0.062308,-0.601702,0.14844
18-Jan-2025 14:37:01.737,-0.225409,-0.788627,0.082467
18-Jan-2025 14:37:01.753,-0.354913,-0.941343,0.026878
18-Jan-2025 14:37:01.769,-0.464258,-1.07329,0.069639
18-Jan-2025 14:37:01.785,-0.429438,-1.069625,0.161268
18-Jan-2025 14:37:01.801,-0.263894,-1.003041,0.308487
18-Jan-2025 14:37:01.817,-0.185703,-0.945009,0.390343
18-Jan-2025 14:37:01.833,-0.211359,-0.907135,0.376904
18-Jan-2025 14:37:01.850,-0.167988,-0.911411,0.294437
18-Jan-2025 14:37:01.866,-0.018937,-0.894918,0.186314
18-Jan-2025 14:37:01.881,0.018326,-0.881479,0.104458
18-Jan-2025 14:37:01.898,-0.055589,-0.899194,0.079412
18-Jan-2025 14:37:01.914,-0.236405,-0.862542,0.131947
18-Jan-2025 14:37:01.930,-0.390343,-0.775188,0.182649
18-Jan-2025 14:37:01.946,-0.532064,-0.647517,0.189979
18-Jan-2025 14:37:01.962,-0.507018,-0.588263,0.159436
18-Jan-2025 14:37:01.978,-0.285885,-0.565661,0.090408
18-Jan-2025 14:37:01.994,-0.135612,-0.557109,0.081245
18-Jan-2025 14:37:02.010,-0.058032,-0.50824,0.04215
18-Jan-2025 14:37:02.026,-0.09163,-0.461203,0.013439
18-Jan-2025 14:37:02.042,-0.147219,-0.414777,0.004276
18-Jan-2025 14:37:02.058,-0.198531,-0.350026,0.012828
18-Jan-2025 14:37:02.074,-0.195477,-0.307265,0.028711
18-Jan-2025 14:37:02.090,-0.135612,-0.256563,0.039706
18-Jan-2025 14:37:02.107,-0.068417,-0.218079,0.028711
18-Jan-2025 14:37:02.123,0.014661,-0.202196,-0.009774
18-Jan-2025 14:37:02.138,0.083078,-0.196088,-0.057421
18-Jan-2025 14:37:02.155,0.136223,-0.13439,-0.081856
18-Jan-2025 14:37:02.171,0.153938,-0.069639,-0.050702
18-Jan-2025 14:37:02.187,0.161879,-0.003054,0.024435
18-Jan-2025 14:37:02.203,0.143553,0.123395,0.089186
18-Jan-2025 14:37:02.219,0.139277,0.225409,0.113621
18-Jan-2025 14:37:02.235,0.053756,0.37446,0.115454
18-Jan-2025 14:37:02.251,-0.046426,0.483194,0.075136
18-Jan-2025 14:37:02.267,0.003665,0.6634,-0.07758
18-Jan-2025 14:37:02.283,0.210138,0.751364,-0.174097
18-Jan-2025 14:37:02.299,0.37385,0.853379,-0.269392
18-Jan-2025 14:37:02.315,0.396452,0.881479,-0.327424
18-Jan-2025 14:37:02.331,0.379958,0.81917,-0.406225
18-Jan-2025 14:37:02.348,0.291994,0.921796,-0.40256
18-Jan-2025 14:37:02.363,0.258396,0.996321,-0.378126
18-Jan-2025 14:37:02.380,0.237016,1.007928,-0.3317
18-Jan-2025 14:37:02.396,0.174097,1.110553,-0.266337
18-Jan-2025 14:37:02.411,0.084299,1.299921,-0.151495
18-Jan-2025 14:37:02.428,0.072082,1.423316,-0.071471
18-Jan-2025 14:37:02.444,0.184481,1.488679,0.031154
18-Jan-2025 14:37:02.460,0.28222,1.527774,0.144164
18-Jan-2025 14:37:02.476,0.372017,1.477683,0.257174
18-Jan-2025 14:37:02.492,0.361632,1.382999,0.296881
18-Jan-2025 14:37:02.508,0.258396,1.233948,0.246179
18-Jan-2025 14:37:02.524,0.144775,1.177137,0.146608
18-Jan-2025 14:37:02.540,0.033598,1.1863,0.020159
18-Jan-2025 14:37:02.556,0.025656,1.277319,0.053145
18-Jan-2025 14:37:02.572,-0.002443,1.365895,-0.028711
18-Jan-2025 14:37:02.588,-0.07086,1.47524,-0.187536
18-Jan-2025 14:37:02.604,-0.094073,1.459968,-0.263283
18-Jan-2025 14:37:02.620,-0.131336,1.396438,-0.258396
18-Jan-2025 14:37:02.636,-0.144775,1.317636,-0.193033
18-Jan-2025 14:37:02.653,-0.101404,1.197296,-0.075136
18-Jan-2025 14:37:02.669,0.002443,1.102001,0.016493
18-Jan-2025 14:37:02.685,0.177151,1.043358,0.037263
18-Jan-2025 14:37:02.701,0.241903,1.063516,0.022602
18-Jan-2025 14:37:02.717,0.264505,1.026865,-0.031765
18-Jan-2025 14:37:02.733,0.258396,1.015258,-0.051924
18-Jan-2025 14:37:02.749,0.217468,1.036027,-0.017715
18-Jan-2025 14:37:02.765,0.116064,1.036638,0.041539
18-Jan-2025 14:37:02.781,0.009774,0.998154,0.062919
18-Jan-2025 14:37:02.797,-0.086132,0.864374,0.031154
18-Jan-2025 14:37:02.813,-0.112399,0.789238,0
18-Jan-2025 14:37:02.829,-0.084299,0.696386,0.037874
18-Jan-2025 14:37:02.845,0.039095,0.651182,0.112399
18-Jan-2025 14:37:02.861,0.266337,0.61453,0.202807
18-Jan-2025 14:37:02.877,0.377515,0.542448,0.213192
18-Jan-2025 14:37:02.893,0.389121,0.431882,0.174097
18-Jan-2025 14:37:02.910,0.371406,0.394008,0.186314
18-Jan-2025 14:37:02.925,0.441045,0.403171,0.204029
18-Jan-2025 14:37:02.941,0.603535,0.54367,0.222966
18-Jan-2025 14:37:02.957,0.630413,0.640187,0.19059
18-Jan-2025 14:37:02.973,0.549168,0.594983,0.100182
18-Jan-2025 14:37:02.990,0.481362,0.474642,0.062308
18-Jan-2025 14:37:03.006,0.429438,0.335365,-0.025656
18-Jan-2025 14:37:03.022,0.385456,0.352469,-0.091019
18-Jan-2025 14:37:03.038,0.290772,0.428827,-0.10568
18-Jan-2025 14:37:03.054,0.219301,0.514959,-0.084299
18-Jan-2025 14:37:03.070,0.237016,0.697608,-0.054978
18-Jan-2025 14:37:03.086,0.315206,0.820392,-0.078191
18-Jan-2025 14:37:03.102,0.318261,0.899805,-0.100793
18-Jan-2025 14:37:03.118,0.245568,1.049466,-0.195477
18-Jan-2025 14:37:03.134,0.201586,1.170418,-0.287107
18-Jan-2025 14:37:03.151,0.114232,1.328632,-0.345139
18-Jan-2025 14:37:03.166,0.023213,1.408044,-0.332922
18-Jan-2025 14:37:03.183,-0.05681,1.494787,-0.318261
18-Jan-2025 14:37:03.199,-0.066584,1.580919,-0.32498
18-Jan-2025 14:37:03.215,-0.089797,1.732414,-0.342085
18-Jan-2025 14:37:03.231,-0.107512,1.849089,-0.328645
18-Jan-2025 14:37:03.247,-0.081245,1.959045,-0.295048
18-Jan-2025 14:37:03.263,0.003665,2.094657,-0.219301
18-Jan-2025 14:37:03.279,0.050702,2.115426,-0.209527
18-Jan-2025 14:37:03.295,0.007941,2.178345,-0.280387
18-Jan-2025 14:37:03.311,-0.017104,2.214997,-0.337808
18-Jan-2025 14:37:03.327,0.0281,2.260201,-0.400117
18-Jan-2025 14:37:03.343,0.109956,2.291356,-0.419664
18-Jan-2025 14:37:03.359,0.243735,2.310292,-0.443488
18-Jan-2025 14:37:03.375,0.322537,2.338392,-0.472199
18-Jan-2025 14:37:03.392,0.391565,2.355496,-0.574824
18-Jan-2025 14:37:03.407,0.378736,2.412918,-0.657291
18-Jan-2025 14:37:03.423,0.342085,2.477059,-0.715323
18-Jan-2025 14:37:03.440,0.326813,2.525317,-0.702495
18-Jan-2025 14:37:03.456,0.358578,2.559525,-0.67806
18-Jan-2025 14:37:03.472,0.456927,2.572354,-0.710436
18-Jan-2025 14:37:03.488,0.510683,2.515543,-0.773355
18-Jan-2025 14:37:03.504,0.444099,2.334727,-0.885755
18-Jan-2025 14:37:03.520,0.273668,2.214386,-0.932791
18-Jan-2025 14:37:03.536,-0.000611,2.11787,-0.89675
18-Jan-2025 14:37:03.552,-0.147829,2.104431,-0.784962
18-Jan-2025 14:37:03.568,-0.202807,2.153911,-0.529009
18-Jan-2025 14:37:03.584,-0.157603,2.168572,-0.362854
18-Jan-2025 14:37:03.600,-0.088575,2.139861,-0.276722
18-Jan-2025 14:37:03.616,-0.043371,2.037235,-0.251676
18-Jan-2025 14:37:03.632,-0.015882,1.943773,-0.274889
18-Jan-2025 14:37:03.648,0.052534,1.84237,-0.254731
18-Jan-2025 14:37:03.664,0.079412,1.761124,-0.269392
18-Jan-2025 14:37:03.680,0.009163,1.653001,-0.323148
18-Jan-2025 14:37:03.696,-0.064752,1.570535,-0.318261
18-Jan-2025 14:37:03.713,-0.115454,1.521665,-0.268781
18-Jan-2025 14:37:03.728,-0.179594,1.533883,-0.172264
18-Jan-2025 14:37:03.744,-0.198531,1.620625,-0.062308
18-Jan-2025 14:37:03.761,-0.153327,1.634675,-0.043982
18-Jan-2025 14:37:03.777,-0.055589,1.667051,-0.032376
18-Jan-2025 14:37:03.793,0.082467,1.706758,0.037263
18-Jan-2025 14:37:03.809,0.160047,1.743409,0.086743
18-Jan-2025 14:37:03.825,0.229685,1.790446,0.11973
18-Jan-2025 14:37:03.841,0.252287,1.830152,0.114232
18-Jan-2025 14:37:03.857,0.207083,1.897958,0.092241
18-Jan-2025 14:37:03.873,0.12706,1.912619,0.067195
18-Jan-2025 14:37:03.889,0.052534,1.97004,0.040317
18-Jan-2025 14:37:03.905,0.102625,2.039068,0.032376
18-Jan-2025 14:37:03.921,0.124617,2.149024,0.054978
18-Jan-2025 14:37:03.937,0.087354,2.165517,0.050091
18-Jan-2025 14:37:03.954,0.127671,2.130698,-0.017104
18-Jan-2025 14:37:03.970,0.244957,2.144137,-0.087354
18-Jan-2025 14:37:03.986,0.3036,2.133142,-0.107512
18-Jan-2025 14:37:04.002,0.290772,2.067168,-0.099571
18-Jan-2025 14:37:04.018,0.262672,2.006692,-0.059865
18-Jan-2025 14:37:04.034,0.293826,1.94866,0.0281
18-Jan-2025 14:37:04.050,0.327424,1.923615,0.073915
18-Jan-2025 14:37:04.066,0.311541,1.868637,0.074526
18-Jan-2025 14:37:04.082,0.266337,1.813659,0.067195
18-Jan-2025 14:37:04.098,0.238848,1.749518,0.054367
18-Jan-2025 14:37:04.114,0.234572,1.700038,0.043982
18-Jan-2025 14:37:04.130,0.243124,1.690264,0.037874
18-Jan-2025 14:37:04.146,0.23274,1.66644,0.004887
18-Jan-2025 14:37:04.162,0.199142,1.642617,-0.018937
18-Jan-2025 14:37:04.178,0.175318,1.604132,-0.039095
18-Jan-2025 14:37:04.195,0.160658,1.576032,-0.050091
18-Jan-2025 14:37:04.211,0.123395,1.521055,-0.072082
18-Jan-2025 14:37:04.227,0.09896,1.452027,-0.065973
18-Jan-2025 14:37:04.243,0.114232,1.353067,-0.055589
18-Jan-2025 14:37:04.259,0.164323,1.280984,-0.074526
18-Jan-2025 14:37:04.275,0.2474,1.208291,-0.126449
18-Jan-2025 14:37:04.291,0.304211,1.168585,-0.158825
18-Jan-2025 14:37:04.307,0.364076,1.145372,-0.167377
18-Jan-2025 14:37:04.323,0.459371,1.139264,-0.207694
18-Jan-2025 14:37:04.339,0.512516,1.145983,-0.2755
18-Jan-2025 14:37:04.355,0.497244,1.151481,-0.304211
18-Jan-2025 14:37:04.371,0.438601,1.131322,-0.290161
18-Jan-2025 14:37:04.387,0.361632,1.086729,-0.290772
18-Jan-2025 14:37:04.403,0.315206,1.040303,-0.299324
18-Jan-2025 14:37:04.419,0.291383,0.900415,-0.315206
18-Jan-2025 14:37:04.436,0.320704,0.781297,-0.321315
18-Jan-2025 14:37:04.452,0.401949,0.679893,-0.329256
18-Jan-2025 14:37:04.468,0.476475,0.591318,-0.304211
18-Jan-2025 14:37:04.484,0.478918,0.532674,-0.292604
18-Jan-2025 14:37:04.500,0.396452,0.467312,-0.299935
18-Jan-2025 14:37:04.516,0.270613,0.415388,-0.309709
18-Jan-2025 14:37:04.532,0.087965,0.329867,-0.288328
18-Jan-2025 14:37:04.548,-0.026267,0.273668,-0.220522
18-Jan-2025 14:37:04.564,-0.120951,0.288328,-0.131947
18-Jan-2025 14:37:04.580,-0.153327,0.252898,-0.130114
18-Jan-2025 14:37:04.596,-0.144164,0.06353,-0.200364
18-Jan-2025 14:37:04.612,-0.16921,-0.0281,-0.244346
18-Jan-2025 14:37:04.628,-0.21197,-0.07086,-0.241292
18-Jan-2025 14:37:04.644,-0.346361,-0.163712,-0.122784
18-Jan-2025 14:37:04.660,-0.488081,-0.2474,0.018326
18-Jan-2025 14:37:04.677,-0.547946,-0.326202,0.12706
18-Jan-2025 14:37:04.693,-0.506407,-0.315206,0.164323
18-Jan-2025 14:37:04.709,-0.422108,-0.231518,0.237627
18-Jan-2025 14:37:04.725,-0.40256,-0.193033,0.276722
18-Jan-2025 14:37:04.741,-0.43799,-0.227853,0.288939
18-Jan-2025 14:37:04.757,-0.452651,-0.301157,0.258396
18-Jan-2025 14:37:04.773,-0.408058,-0.351858,0.185703
18-Jan-2025 14:37:04.789,-0.321926,-0.378126,0.113621
18-Jan-2025 14:37:04.805,-0.244346,-0.376904,0.047037
18-Jan-2025 14:37:04.821,-0.21197,-0.355524,-0.020769
18-Jan-2025 14:37:04.837,-0.227853,-0.305433,-0.036041
18-Jan-2025 14:37:04.853,-0.24007,-0.255342,-0.031154
18-Jan-2025 14:37:04.869,-0.233351,-0.222355,-0.040928
18-Jan-2025 14:37:04.885,-0.214414,-0.191812,-0.052534
18-Jan-2025 14:37:04.901,-0.193033,-0.149662,-0.075136
18-Jan-2025 14:37:04.918,-0.146608,-0.073304,-0.131947
18-Jan-2025 14:37:04.933,-0.102625,-0.040928,-0.149051
18-Jan-2025 14:37:04.949,-0.065973,0.024435,-0.130114
18-Jan-2025 14:37:04.966,-0.045815,0.059865,-0.081856
18-Jan-2025 14:37:04.982,-0.026878,0.122784,-0.028711
18-Jan-2025 14:37:04.998,-0.028711,0.238848,0.023213
18-Jan-2025 14:37:05.014,-0.064752,0.291994,0.00672
18-Jan-2025 14:37:05.030,-0.109956,0.33903,-0.086132
18-Jan-2025 14:37:05.046,-0.083689,0.361021,-0.11973
18-Jan-2025 14:37:05.062,0.01405,0.405004,-0.128893
18-Jan-2025 14:37:05.078,0.103847,0.425773,-0.139888
18-Jan-2025 14:37:05.094,0.249233,0.397062,-0.172264
18-Jan-2025 14:37:05.110,0.369573,0.372628,-0.231518
18-Jan-2025 14:37:05.126,0.460592,0.326202,-0.257785
18-Jan-2025 14:37:05.142,0.477697,0.315817,-0.221133
18-Jan-2025 14:37:05.159,0.458149,0.443488,-0.177151
18-Jan-2025 14:37:05.174,0.380569,0.632856,-0.09163
18-Jan-2025 14:37:05.191,0.287718,0.759916,-0.012217
18-Jan-2025 14:37:05.207,0.202196,0.971276,0.106291
18-Jan-2025 14:37:05.223,0.205862,1.152703,0.179594
18-Jan-2025 14:37:05.239,0.231518,1.398881,0.263283
18-Jan-2025 14:37:05.255,0.186314,1.483181,0.397062
18-Jan-2025 14:37:05.271,0.047037,1.422705,0.610865
18-Jan-2025 14:37:05.287,-0.005498,1.317025,0.670119
18-Jan-2025 14:37:05.303,0.086743,1.258993,0.64935
18-Jan-2025 14:37:05.319,0.197309,1.287704,0.549168
18-Jan-2025 14:37:05.335,0.229685,1.367116,0.342085
18-Jan-2025 14:37:05.351,0.137445,1.46852,0.03543
18-Jan-2025 14:37:05.367,0.037874,1.531439,-0.02138
18-Jan-2025 14:37:05.383,-0.015882,1.533883,0.168599
18-Jan-2025 14:37:05.400,0.053756,1.538159,0.338419
18-Jan-2025 14:37:05.415,0.237016,1.455692,0.470977
18-Jan-2025 14:37:05.432,0.282831,1.323134,0.471588
18-Jan-2025 14:37:05.447,0.258396,1.160644,0.356745
18-Jan-2025 14:37:05.463,0.259618,1.012204,0.242514
18-Jan-2025 14:37:05.480,0.229685,0.82589,0.131336
18-Jan-2025 14:37:05.495,0.095295,0.822836,0.154549
18-Jan-2025 14:37:05.512,-0.055589,0.866818,0.235183
18-Jan-2025 14:37:05.528,-0.152716,0.827112,0.359189
18-Jan-2025 14:37:05.544,-0.138056,0.763582,0.356134
18-Jan-2025 14:37:05.560,-0.054367,0.642019,0.288328
18-Jan-2025 14:37:05.576,0.009774,0.512516,0.223577
18-Jan-2025 14:37:05.592,0.069028,0.296881,0.138056
18-Jan-2025 14:37:05.608,0.098349,0.084299,0.084299
18-Jan-2025 14:37:05.624,0.115454,-0.121562,0.089797
18-Jan-2025 14:37:05.640,0.122173,-0.202196,0.135001
18-Jan-2025 14:37:05.656,0.119119,-0.290161,0.205251
18-Jan-2025 14:37:05.672,0.135001,-0.408058,0.268781
18-Jan-2025 14:37:05.688,0.160047,-0.430049,0.332922
18-Jan-2025 14:37:05.704,0.193033,-0.444099,0.366519
18-Jan-2025 14:37:05.721,0.209527,-0.498466,0.321315
18-Jan-2025 14:37:05.737,0.210138,-0.641409,0.229074
18-Jan-2025 14:37:05.753,0.195477,-0.770912,0.178984
18-Jan-2025 14:37:05.769,0.193033,-0.918741,0.096517
18-Jan-2025 14:37:05.785,0.158825,-0.890031,0.04215
18-Jan-2025 14:37:05.801,0.07758,-0.799623,-0.050091
18-Jan-2025 14:37:05.817,-0.027489,-0.717767,-0.106901
18-Jan-2025 14:37:05.833,-0.152105,-0.662178,-0.07758
18-Jan-2025 14:37:05.849,-0.263283,-0.730595,-0.00672
18-Jan-2025 14:37:05.865,-0.334143,-0.841161,-0.017715
18-Jan-2025 14:37:05.881,-0.433714,-0.961502,-0.115454
18-Jan-2025 14:37:05.897,-0.444099,-1.047634,-0.216246
18-Jan-2025 14:37:05.913,-0.274889,-1.141707,-0.348193
18-Jan-2025 14:37:05.930,-0.069639,-1.277319,-0.38118
18-Jan-2025 14:37:05.945,-0.042761,-1.251052,-0.2755
18-Jan-2025 14:37:05.962,-0.220522,-1.20035,-0.115454
18-Jan-2025 14:37:05.977,-0.401338,-1.185689,0.043371
18-Jan-2025 14:37:05.994,-0.344528,-1.163698,0.087965
18-Jan-2025 14:37:06.010,-0.241292,-1.152703,-0.03543
18-Jan-2025 14:37:06.026,-0.202196,-1.244333,-0.428827
18-Jan-2025 14:37:06.042,-0.336587,-1.177748,-0.627359
18-Jan-2025 14:37:06.058,-0.535118,-0.973719,-0.551
18-Jan-2025 14:37:06.074,-0.523512,-0.916298,-0.467312
18-Jan-2025 14:37:06.090,-0.381791,-0.888198,-0.415388
18-Jan-2025 14:37:06.106,-0.270613,-0.864374,-0.390343
18-Jan-2025 14:37:06.122,-0.171042,-0.821614,-0.342695
18-Jan-2025 14:37:06.138,-0.144164,-0.799012,-0.274278
18-Jan-2025 14:37:06.154,-0.15516,-0.803899,-0.168599
18-Jan-2025 14:37:06.170,-0.177151,-0.781907,-0.099571
18-Jan-2025 14:37:06.186,-0.195477,-0.700662,-0.041539
18-Jan-2025 14:37:06.203,-0.21197,-0.588263,0.087354
18-Jan-2025 14:37:06.218,-0.180816,-0.538172,0.151495
18-Jan-2025 14:37:06.235,-0.087965,-0.480751,0.124617
18-Jan-2025 14:37:06.251,-0.103236,-0.417221,0.053145
18-Jan-2025 14:37:06.267,-0.152716,-0.285885,-0.043982
18-Jan-2025 14:37:06.283,-0.120951,-0.175318,-0.090408
18-Jan-2025 14:37:06.299,-0.076358,0.019548,-0.102014
18-Jan-2025 14:37:06.315,-0.098349,0.136223,-0.079412
18-Jan-2025 14:37:06.331,-0.145386,0.241903,-0.068417
18-Jan-2025 14:37:06.347,-0.117897,0.311541,-0.117286
18-Jan-2025 14:37:06.363,-0.036652,0.450819,-0.214414
18-Jan-2025 14:37:06.379,0.010385,0.571159,-0.288328
18-Jan-2025 14:37:06.395,0.03543,0.673784,-0.349415
18-Jan-2025 14:37:06.411,0.090408,0.793514,-0.326813
18-Jan-2025 14:37:06.427,0.139888,0.840551,-0.31093
18-Jan-2025 14:37:06.444,0.26145,0.775799,-0.383013
18-Jan-2025 14:37:06.459,0.406225,0.737925,-0.491136
18-Jan-2025 14:37:06.476,0.394008,0.803899,-0.57177
18-Jan-2025 14:37:06.492,0.215025,0.880868,-0.576046
18-Jan-2025 14:37:06.508,0.0281,0.883922,-0.522901
18-Jan-2025 14:37:06.524,-0.011606,0.904081,-0.439212
18-Jan-2025 14:37:06.540,0.025656,0.99571,-0.342695
18-Jan-2025 14:37:06.556,0.12706,1.16492,-0.238848
18-Jan-2025 14:37:06.572,0.206472,1.257161,-0.189368
18-Jan-2025 14:37:06.588,0.34575,1.356121,-0.156992
18-Jan-2025 14:37:06.604,0.479529,1.450805,-0.051313
18-Jan-2025 14:37:06.620,0.640798,1.538159,0.221133
18-Jan-2025 14:37:06.635,0.657902,1.522276,0.448986
18-Jan-2025 14:37:06.652,0.582155,1.373836,0.605367
18-Jan-2025 14:37:06.668,0.506407,1.230893,0.567494
18-Jan-2025 14:37:06.685,0.415388,1.064738,0.415388
18-Jan-2025 14:37:06.700,0.311541,1.003652,0.244346
18-Jan-2025 14:37:06.716,0.196088,1.120327,0.054367
18-Jan-2025 14:37:06.733,-0.032376,1.331686,-0.131947
18-Jan-2025 14:37:06.749,-0.188147,1.361008,-0.141721
18-Jan-2025 14:37:06.765,-0.325591,1.343293,-0.052534
18-Jan-2025 14:37:06.781,-0.419054,1.346347,0.001222
18-Jan-2025 14:37:06.797,-0.490525,1.209513,0.037874
18-Jan-2025 14:37:06.813,-0.251066,1.070236,0.080634
18-Jan-2025 14:37:06.829,0.145386,0.899194,0.109345
18-Jan-2025 14:37:06.846,0.341474,0.761138,0.07086
18-Jan-2025 14:37:06.861,0.353691,0.618196,-0.018326
18-Jan-2025 14:37:06.877,0.222966,0.551611,-0.032987
18-Jan-2025 14:37:06.893,0.046426,0.521068,0.041539
18-Jan-2025 14:37:06.909,-0.14111,0.500299,0.218079
18-Jan-2025 14:37:06.926,-0.19059,0.441656,0.271835
18-Jan-2025 14:37:06.941,-0.125227,0.287107,0.177151
18-Jan-2025 14:37:06.956,-0.009774,0.152105,0.100182
18-Jan-2025 14:37:06.974,0.103236,-0.0281,0.065363
18-Jan-2025 14:37:06.990,0.11301,-0.16249,0.097128
18-Jan-2025 14:37:07.006,0.058643,-0.294437,0.18387
18-Jan-2025 14:37:07.022,0.017104,-0.340863,0.276722
18-Jan-2025 14:37:07.038,-0.012217,-0.37385,0.393397
18-Jan-2025 14:37:07.054,-0.006109,-0.350637,0.43738
18-Jan-2025 14:37:07.070,0.051924,-0.427606,0.433714
18-Jan-2025 14:37:07.086,0.079412,-0.526566,0.411723
18-Jan-2025 14:37:07.102,0.066584,-0.610865,0.382402
18-Jan-2025 14:37:07.118,0.19059,-0.646906,0.298102
18-Jan-2025 14:37:07.134,0.301767,-0.612698,0.22602
18-Jan-2025 14:37:07.150,0.341474,-0.736093,0.199142
18-Jan-2025 14:37:07.167,0.212581,-0.831388,0.16921
18-Jan-2025 14:37:07.182,-0.05681,-0.833831,-0.004887
18-Jan-2025 14:37:07.198,-0.150273,-0.793514,-0.136223
18-Jan-2025 14:37:07.215,-0.160047,-0.744645,-0.210138
18-Jan-2025 14:37:07.231,-0.172264,-0.841161,-0.321926
18-Jan-2025 14:37:07.247,-0.17654,-0.935235,-0.425773
18-Jan-2025 14:37:07.263,-0.059254,-0.959058,-0.424551
18-Jan-2025 14:37:07.279,0.090408,-0.829555,-0.287107
18-Jan-2025 14:37:07.295,0.195477,-0.644463,-0.044593
18-Jan-2025 14:37:07.311,0.169821,-0.541227,0.073915
18-Jan-2025 14:37:07.328,0.142942,-0.568716,-0.004276
18-Jan-2025 14:37:07.343,0.125838,-0.623693,-0.245568
18-Jan-2025 14:37:07.359,0.043371,-0.59315,-0.643852
18-Jan-2025 14:37:07.375,-0.064141,-0.561385,-0.807564
18-Jan-2025 14:37:07.391,-0.131336,-0.590096,-0.795347
18-Jan-2025 14:37:07.408,-0.15516,-0.627359,-0.672563
18-Jan-2025 14:37:07.423,-0.192423,-0.526566,-0.531453
18-Jan-2025 14:37:07.440,-0.155771,-0.401338,-0.298102
18-Jan-2025 14:37:07.456,-0.10568,-0.379347,-0.178373
18-Jan-2025 14:37:07.472,-0.108734,-0.329256,-0.178984
18-Jan-2025 14:37:07.488,-0.109345,-0.326202,-0.227853
18-Jan-2025 14:37:07.504,-0.094684,-0.36041,-0.29627
18-Jan-2025 14:37:07.520,-0.11301,-0.279165,-0.321926
18-Jan-2025 14:37:07.536,-0.146608,-0.097738,-0.301157
18-Jan-2025 14:37:07.552,-0.152105,0.025045,-0.284663
18-Jan-2025 14:37:07.568,-0.149051,0.16249,-0.291994
18-Jan-2025 14:37:07.584,-0.136223,0.273057,-0.302378
18-Jan-2025 14:37:07.600,-0.092852,0.312763,-0.306654
18-Jan-2025 14:37:07.616,-0.026878,0.39523,-0.29627
18-Jan-2025 14:37:07.632,0.017104,0.459371,-0.278555
18-Jan-2025 14:37:07.649,0.026878,0.563218,-0.293215
18-Jan-2025 14:37:07.664,0.009774,0.664621,-0.3036
18-Jan-2025 14:37:07.680,-0.016493,0.855211,-0.339641
18-Jan-2025 14:37:07.697,0.00733,1.003652,-0.371406
18-Jan-2025 14:37:07.713,0.090408,1.023199,-0.525955
18-Jan-2025 14:37:07.729,0.191812,1.08001,-0.604757
18-Jan-2025 14:37:07.745,0.215025,1.196074,-0.595594
18-Jan-2025 14:37:07.761,0.061087,1.295034,-0.568716
18-Jan-2025 14:37:07.777,-0.135612,1.393384,-0.533285
18-Jan-2025 14:37:07.793,-0.231518,1.528996,-0.481973
18-Jan-2025 14:37:07.809,-0.16921,1.632843,-0.446543
18-Jan-2025 14:37:07.825,-0.118508,1.768455,-0.356745
18-Jan-2025 14:37:07.841,-0.149051,1.856419,-0.308487
18-Jan-2025 14:37:07.857,-0.212581,1.872913,-0.244957
18-Jan-2025 14:37:07.873,-0.248011,1.806939,-0.211359
18-Jan-2025 14:37:07.890,-0.306043,1.832596,-0.071471
18-Jan-2025 14:37:07.905,-0.271224,1.908954,0.04948
18-Jan-2025 14:37:07.921,-0.196699,1.943162,0.255342
18-Jan-2025 14:37:07.938,-0.171042,1.888184,0.45204
18-Jan-2025 14:37:07.954,-0.12034,1.795944,0.539394
18-Jan-2025 14:37:07.970,0.053145,1.74402,0.415999
18-Jan-2025 14:37:07.986,0.193033,1.819768,0.284663
18-Jan-2025 14:37:08.002,0.237016,1.973095,0.32498
18-Jan-2025 14:37:08.018,0.167377,2.001194,0.394008
18-Jan-2025 14:37:08.034,-0.020769,1.931556,0.37446
18-Jan-2025 14:37:08.050,-0.158214,1.838094,0.251676
18-Jan-2025 14:37:08.066,-0.193644,1.711644,0.040928
18-Jan-2025 14:37:08.082,-0.067806,1.638341,-0.012217
18-Jan-2025 14:37:08.098,0.125838,1.539991,-0.00733
18-Jan-2025 14:37:08.114,0.198531,1.466077,0.05681
18-Jan-2025 14:37:08.131,0.182649,1.377501,0.11973
18-Jan-2025 14:37:08.146,0.075747,1.2706,0.108734
18-Jan-2025 14:37:08.162,-0.026878,1.216233,0.083078
18-Jan-2025 14:37:08.178,-0.138056,1.173472,0.084299
18-Jan-2025 14:37:08.195,-0.150884,1.153314,0.064141
18-Jan-2025 14:37:08.211,-0.139888,1.13682,-0.026878
18-Jan-2025 14:37:08.227,-0.08491,1.148427,-0.07758
18-Jan-2025 14:37:08.243,0.030543,1.065349,-0.111788
18-Jan-2025 14:37:08.259,0.111788,0.982882,-0.100793
18-Jan-2025 14:37:08.275,0.163101,0.873537,-0.086743
18-Jan-2025 14:37:08.291,0.181427,0.761138,-0.052534
18-Jan-2025 14:37:08.307,0.177762,0.709825,-0.050702
18-Jan-2025 14:37:08.323,0.196088,0.674395,-0.033598
18-Jan-2025 14:37:08.339,0.262672,0.698219,0.012217
18-Jan-2025 14:37:08.355,0.455095,0.84727,0.174097
18-Jan-2025 14:37:08.372,0.514959,0.855822,0.259618
18-Jan-2025 14:37:08.387,0.383623,0.75564,0.241292
18-Jan-2025 14:37:08.403,0.281609,0.578489,0.091019
18-Jan-2025 14:37:08.419,0.256563,0.456927,-0.053756
18-Jan-2025 14:37:08.435,0.221133,0.376904,-0.110567
18-Jan-2025 14:37:08.452,0.166766,0.285885,-0.169821
18-Jan-2025 14:37:08.468,0.106901,0.244957,-0.200975
18-Jan-2025 14:37:08.484,0.094073,0.31032,-0.157603
18-Jan-2025 14:37:08.500,0.140499,0.43738,-0.069028
18-Jan-2025 14:37:08.516,0.196699,0.516181,-0.0281
18-Jan-2025 14:37:08.532,0.238848,0.523512,0.030543
18-Jan-2025 14:37:08.548,0.33903,0.610254,-0.009774
18-Jan-2025 14:37:08.564,0.394619,0.728151,-0.0281
18-Jan-2025 14:37:08.580,0.350637,0.817949,-0.0562
18-Jan-2025 14:37:08.596,0.172264,0.806953,-0.208916
18-Jan-2025 14:37:08.612,0.010385,0.705549,-0.337198
18-Jan-2025 14:37:08.628,-0.11301,0.62125,-0.386678
18-Jan-2025 14:37:08.644,-0.230296,0.705549,-0.344528
18-Jan-2025 14:37:08.660,-0.280387,0.887587,-0.299935
18-Jan-2025 14:37:08.676,-0.31765,1.097114,-0.265116
18-Jan-2025 14:37:08.693,-0.340252,1.224174,-0.210138
18-Jan-2025 14:37:08.708,-0.350637,1.307863,-0.133169
18-Jan-2025 14:37:08.724,-0.286496,1.382999,-0.124617
18-Jan-2025 14:37:08.741,-0.158825,1.395216,-0.172264
18-Jan-2025 14:37:08.756,-0.117286,1.372614,-0.230907
18-Jan-2025 14:37:08.773,-0.07025,1.39827,-0.331089
18-Jan-2025 14:37:08.789,-0.048869,1.450194,-0.40256
18-Jan-2025 14:37:08.805,0.010385,1.608408,-0.414167
18-Jan-2025 14:37:08.821,0.010385,1.789224,-0.401949
18-Jan-2025 14:37:08.837,-0.030543,1.895515,-0.405615
18-Jan-2025 14:37:08.853,-0.044593,2.006082,-0.456927
18-Jan-2025 14:37:08.869,0.016493,2.070833,-0.540005
18-Jan-2025 14:37:08.885,0.109956,2.109318,-0.678671
18-Jan-2025 14:37:08.901,0.169821,2.089159,-0.805731
18-Jan-2025 14:37:08.917,0.178984,2.034181,-0.871094
18-Jan-2025 14:37:08.934,0.040317,2.028073,-0.764803
18-Jan-2025 14:37:08.949,-0.189979,2.023186,-0.591318
18-Jan-2025 14:37:08.965,-0.425773,1.923004,-0.414777
18-Jan-2025 14:37:08.981,-0.48747,1.846035,-0.378736
18-Jan-2025 14:37:08.997,-0.490525,1.915063,-0.365908
18-Jan-2025 14:37:09.014,-0.438601,1.999362,-0.34575
18-Jan-2025 14:37:09.029,-0.259007,2.051286,-0.277944
18-Jan-2025 14:37:09.046,-0.111177,2.013412,-0.182649
18-Jan-2025 14:37:09.062,0.011606,1.908343,-0.064752
18-Jan-2025 14:37:09.078,0.034208,1.817935,-0.029322
18-Jan-2025 14:37:09.094,0.02138,1.712866,-0.040928
18-Jan-2025 14:37:09.110,-0.020769,1.682934,-0.046426
18-Jan-2025 14:37:09.126,-0.097738,1.690264,-0.045204
18-Jan-2025 14:37:09.142,-0.164323,1.723251,-0.031154
18-Jan-2025 14:37:09.158,-0.116675,1.75074,-0.037874
18-Jan-2025 14:37:09.174,0.009774,1.816102,-0.020769
18-Jan-2025 14:37:09.190,0.087965,1.833817,0.00733
18-Jan-2025 14:37:09.206,0.150273,1.710423,-0.00733
18-Jan-2025 14:37:09.222,0.153938,1.631621,-0.007941
18-Jan-2025 14:37:09.238,0.126449,1.41232,0.174707
18-Jan-2025 14:37:09.255,0.139888,1.496009,0.26817
18-Jan-2025 14:37:09.270,0.161268,1.619404,0.277944
18-Jan-2025 14:37:09.286,0.098349,1.739133,0.237627
18-Jan-2025 14:37:09.303,0.060476,1.789835,0.15516
18-Jan-2025 14:37:09.319,0.026878,1.857641,0.026878
18-Jan-2025 14:37:09.335,0.024435,1.861306,-0.037263
18-Jan-2025 14:37:09.351,0.062308,1.864972,-0.039095
18-Jan-2025 14:37:09.367,0.100182,1.910787,-0.015882
18-Jan-2025 14:37:09.383,0.154549,1.964543,0.012217
18-Jan-2025 14:37:09.399,0.206472,1.980425,0.029322
18-Jan-2025 14:37:09.415,0.26817,1.988366,0.061087
18-Jan-2025 14:37:09.431,0.3036,1.986534,0.050091
18-Jan-2025 14:37:09.447,0.321315,1.998751,0.025656
18-Jan-2025 14:37:09.463,0.329256,2.027462,0.026878
18-Jan-2025 14:37:09.479,0.334754,2.025018,0.048258
18-Jan-2025 14:37:09.496,0.337808,2.003027,0.048258
18-Jan-2025 14:37:09.511,0.317039,1.940108,0.039095
18-Jan-2025 14:37:09.527,0.299935,1.919339,-0.013439
18-Jan-2025 14:37:09.543,0.354913,1.965153,-0.069028
18-Jan-2025 14:37:09.559,0.405004,1.857641,-0.116064
18-Jan-2025 14:37:09.576,0.342695,1.696373,-0.125838
18-Jan-2025 14:37:09.591,0.281609,1.564426,-0.132558
18-Jan-2025 14:37:09.607,0.293826,1.566869,-0.133169
18-Jan-2025 14:37:09.624,0.334754,1.624902,-0.100182
18-Jan-2025 14:37:09.640,0.377515,1.624291,-0.031765
18-Jan-2025 14:37:09.656,0.397673,1.570535,-0.005498
18-Jan-2025 14:37:09.672,0.470977,1.511281,0.036041
18-Jan-2025 14:37:09.688,0.545503,1.516778,0.132558
18-Jan-2025 14:37:09.704,0.597426,1.557706,0.217468
18-Jan-2025 14:37:09.720,0.590707,1.566258,0.194866
18-Jan-2025 14:37:09.736,0.529009,1.590693,0.127671
18-Jan-2025 14:37:09.752,0.476475,1.594358,0.062919
18-Jan-2025 14:37:09.768,0.356134,1.580308,-0.04215
18-Jan-2025 14:37:09.784,0.254731,1.58153,-0.098349
18-Jan-2025 14:37:09.800,0.194255,1.587639,-0.097128
18-Jan-2025 14:37:09.817,0.23274,1.576032,-0.021991
18-Jan-2025 14:37:09.832,0.301157,1.508837,0.003054
18-Jan-2025 14:37:09.848,0.340863,1.375669,-0.088575
18-Jan-2025 14:37:09.864,0.328645,1.289536,-0.153327
18-Jan-2025 14:37:09.880,0.278555,1.229672,-0.177762
18-Jan-2025 14:37:09.897,0.211359,1.195463,-0.161268
18-Jan-2025 14:37:09.912,0.110567,1.144151,-0.076358
18-Jan-2025 14:37:09.929,0.05681,1.107499,-0.026878
18-Jan-2025 14:37:09.945,0.027489,1.072068,-0.000611
18-Jan-2025 14:37:09.961,-0.030543,0.969443,-0.004276
18-Jan-2025 14:37:09.977,-0.124617,0.836275,-0.055589
18-Jan-2025 14:37:09.993,-0.24679,0.688445,-0.105069
18-Jan-2025 14:37:10.009,-0.295048,0.644463,-0.117286
18-Jan-2025 14:37:10.025,-0.306043,0.627359,-0.058032
18-Jan-2025 14:37:10.041,-0.295048,0.601702,-0.002443
18-Jan-2025 14:37:10.057,-0.296881,0.564439,0.03543
18-Jan-2025 14:37:10.073,-0.31093,0.503353,0.05681
18-Jan-2025 14:37:10.089,-0.3317,0.365297,0.04215
18-Jan-2025 14:37:10.105,-0.340252,0.26145,0.033598
18-Jan-2025 14:37:10.121,-0.334143,0.182649,0.021991
18-Jan-2025 14:37:10.138,-0.318261,0.125227,-0.021991
18-Jan-2025 14:37:10.153,-0.305433,0.111788,-0.043982
18-Jan-2025 14:37:10.169,-0.299324,0.128893,-0.09163
18-Jan-2025 14:37:10.185,-0.320704,0.128893,-0.151495
18-Jan-2025 14:37:10.201,-0.328035,0.130725,-0.2474
18-Jan-2025 14:37:10.218,-0.315817,0.126449,-0.334143
18-Jan-2025 14:37:10.233,-0.273668,0.152716,-0.431271
18-Jan-2025 14:37:10.250,-0.265116,0.128893,-0.404393
18-Jan-2025 14:37:10.266,-0.295659,0.133169,-0.401949
18-Jan-2025 14:37:10.282,-0.3036,0.115454,-0.45876
18-Jan-2025 14:37:10.298,-0.302989,0.153327,-0.504575
18-Jan-2025 14:37:10.314,-0.274889,0.167377,-0.558942
18-Jan-2025 14:37:10.330,-0.224188,0.185703,-0.55772
18-Jan-2025 14:37:10.346,-0.086132,0.198531,-0.545503
18-Jan-2025 14:37:10.362,0.017715,0.208916,-0.513127
18-Jan-2025 14:37:10.378,0.023824,0.19059,-0.384845
18-Jan-2025 14:37:10.394,0.047647,0.185092,-0.315206
18-Jan-2025 14:37:10.410,0.145997,0.194255,-0.283441
18-Jan-2025 14:37:10.426,0.187536,0.200364,-0.280998
18-Jan-2025 14:37:10.442,0.188147,0.164323,-0.316428
18-Jan-2025 14:37:10.459,0.116675,0.107512,-0.334754
18-Jan-2025 14:37:10.474,0.103236,0.098349,-0.304822
18-Jan-2025 14:37:10.490,0.135001,0.213192,-0.319483
18-Jan-2025 14:37:10.506,0.215025,0.332311,-0.412334
18-Jan-2025 14:37:10.522,0.299935,0.212581,-0.415388
18-Jan-2025 14:37:10.539,0.376904,0.069639,-0.377515
18-Jan-2025 14:37:10.555,0.385456,-0.108123,-0.371406
18-Jan-2025 14:37:10.571,0.312763,-0.202807,-0.37385
18-Jan-2025 14:37:10.587,0.146608,-0.182038,-0.42333
18-Jan-2025 14:37:10.603,0.019548,-0.085521,-0.425773
18-Jan-2025 14:37:10.619,0.003054,-0.045204,-0.347582
18-Jan-2025 14:37:10.635,0.087354,0.010996,-0.217468
18-Jan-2025 14:37:10.651,0.167377,0.09163,-0.156992
18-Jan-2025 14:37:10.667,0.29627,0.182649,-0.047647
18-Jan-2025 14:37:10.683,0.445932,0.257174,0.040928
18-Jan-2025 14:37:10.700,0.622472,0.364076,0.180205
18-Jan-2025 14:37:10.715,0.623083,0.400728,0.32498
18-Jan-2025 14:37:10.731,0.419054,0.340863,0.457538
18-Jan-2025 14:37:10.747,0.152716,0.266948,0.496023
18-Jan-2025 14:37:10.763,-0.119119,0.21869,0.459371
18-Jan-2025 14:37:10.780,-0.323759,0.311541,0.390343
18-Jan-2025 14:37:10.795,-0.415388,0.36713,0.241903
18-Jan-2025 14:37:10.811,-0.399506,0.403171,0.016493
18-Jan-2025 14:37:10.828,-0.315206,0.366519,0.058032
18-Jan-2025 14:37:10.844,-0.244957,0.229074,0.199142
18-Jan-2025 14:37:10.860,-0.201586,0.108123,0.262061
18-Jan-2025 14:37:10.876,-0.11973,-0.041539,0.251676
18-Jan-2025 14:37:10.892,-0.067195,-0.174707,0.260229
18-Jan-2025 14:37:10.908,-0.047037,-0.234572,0.369573
18-Jan-2025 14:37:10.924,-0.057421,-0.216857,0.445321
18-Jan-2025 14:37:10.940,-0.054367,-0.26145,0.505186
18-Jan-2025 14:37:10.956,-0.062919,-0.42394,0.622472
18-Jan-2025 14:37:10.972,-0.075747,-0.546724,0.654848
18-Jan-2025 14:37:10.988,-0.09896,-0.653626,0.654237
18-Jan-2025 14:37:11.004,-0.198531,-0.885755,0.632856
18-Jan-2025 14:37:11.021,-0.610865,-0.838107,0.629802
18-Jan-2025 14:37:11.036,-0.74098,-0.572381,0.566272
18-Jan-2025 14:37:11.052,-0.527788,-0.218079,0.45876
18-Jan-2025 14:37:11.068,-0.147219,-0.304211,0.413556
18-Jan-2025 14:37:11.084,0.250455,-0.722043,0.397673
18-Jan-2025 14:37:11.101,0.452651,-1.237002,0.451429
18-Jan-2025 14:37:11.116,0.394008,-1.494787,0.497855
18-Jan-2025 14:37:11.132,0.318872,-1.526552,0.527788
18-Jan-2025 14:37:11.149,0.318872,-1.408655,0.574213
18-Jan-2025 14:37:11.165,0.354302,-1.367116,0.551611
18-Jan-2025 14:37:11.181,0.291994,-1.58825,0.415388
18-Jan-2025 14:37:11.197,0.071471,-2.003027,0.228464
18-Jan-2025 14:37:11.213,-0.025656,-2.051896,0.053145
18-Jan-2025 14:37:11.229,-0.108123,-2.098933,-0.153938
18-Jan-2025 14:37:11.245,-0.243124,-2.433076,-0.281609
18-Jan-2025 14:37:11.260,-0.37446,-2.290745,-0.053145
18-Jan-2025 14:37:11.277,-0.615752,-1.80755,0.411112
18-Jan-2025 14:37:11.293,-0.653015,-1.389108,0.594372
18-Jan-2025 14:37:11.309,-0.611476,-0.823446,0.602924
18-Jan-2025 14:37:11.325,-0.55039,-0.343306,0.609644
18-Jan-2025 14:37:11.342,-0.420275,0.547335,0.71288
18-Jan-2025 14:37:11.357,-0.591318,0.192423,0.532064
18-Jan-2025 14:37:11.373,-0.288328,-0.985326,-0.168599
18-Jan-2025 14:37:11.389,-0.18326,-1.295645,-0.499077
18-Jan-2025 14:37:11.405,-0.089797,-1.337795,-0.504575
18-Jan-2025 14:37:11.422,0.013439,-1.32741,-0.396452
18-Jan-2025 14:37:11.437,-0.009163,-1.350012,-0.355524
18-Jan-2025 14:37:11.453,-0.213803,-1.296256,-0.384234
18-Jan-2025 14:37:11.470,-0.370795,-1.133766,-0.378736
18-Jan-2025 14:37:11.486,-0.466701,-0.744645,-0.277944
18-Jan-2025 14:37:11.502,-0.447153,-0.394008,-0.237016
18-Jan-2025 14:37:11.518,-0.364687,-0.175929,-0.224188
18-Jan-2025 14:37:11.534,-0.276722,-0.115454,-0.223577
18-Jan-2025 14:37:11.550,-0.147829,-0.055589,-0.266337
18-Jan-2025 14:37:11.566,-0.064141,-0.031154,-0.295659
18-Jan-2025 14:37:11.581,-0.018937,0.095906,-0.335976
18-Jan-2025 14:37:11.598,-0.037263,0.175929,-0.394008
18-Jan-2025 14:37:11.614,-0.075747,0.241903,-0.42394
18-Jan-2025 14:37:11.630,-0.117286,0.269392,-0.400117
18-Jan-2025 14:37:11.646,-0.121562,0.265116,-0.379347
18-Jan-2025 14:37:11.663,-0.118508,0.2474,-0.306654
18-Jan-2025 14:37:11.678,-0.076969,0.314596,-0.283441
18-Jan-2025 14:37:11.694,-0.048869,0.414777,-0.364076
18-Jan-2025 14:37:11.710,-0.067195,0.474642,-0.376293
18-Jan-2025 14:37:11.726,-0.054367,0.51557,-0.41661
18-Jan-2025 14:37:11.743,-0.04215,0.544281,-0.398284
18-Jan-2025 14:37:11.757,-0.051313,0.612087,-0.316428
18-Jan-2025 14:37:11.775,-0.096517,0.647517,-0.359189
18-Jan-2025 14:37:11.791,-0.151495,0.672563,-0.386067
18-Jan-2025 14:37:11.807,-0.186314,0.702495,-0.349415
18-Jan-2025 14:37:11.823,-0.144164,0.67806,-0.334143
18-Jan-2025 14:37:11.839,-0.066584,0.675617,-0.356134
18-Jan-2025 14:37:11.855,-0.036041,0.723875,-0.405615
18-Jan-2025 14:37:11.871,-0.045204,0.745256,-0.483805
18-Jan-2025 14:37:11.887,-0.076358,0.73426,-0.505186
18-Jan-2025 14:37:11.902,-0.087354,0.715323,-0.517403
18-Jan-2025 14:37:11.919,0.002443,0.665843,-0.483805
18-Jan-2025 14:37:11.935,0.196088,0.555277,-0.474031
18-Jan-2025 14:37:11.951,0.39523,0.242514,-0.349415
18-Jan-2025 14:37:11.967,0.411723,0.092852,-0.287718
18-Jan-2025 14:37:11.984,0.205251,0.122784,-0.259007
18-Jan-2025 14:37:11.999,-0.036041,0.208305,-0.239459
18-Jan-2025 14:37:12.015,-0.260229,0.328645,-0.177762
18-Jan-2025 14:37:12.031,-0.295659,0.354913,-0.097128
18-Jan-2025 14:37:12.047,-0.244957,0.442877,0.014661
18-Jan-2025 14:37:12.064,-0.218079,0.524122,0.114843
18-Jan-2025 14:37:12.080,-0.177151,0.592539,0.195477
18-Jan-2025 14:37:12.096,-0.081856,0.602924,0.211359
18-Jan-2025 14:37:12.112,0.017715,0.509462,0.213192
18-Jan-2025 14:37:12.128,0.14111,0.304211,0.185703
18-Jan-2025 14:37:12.144,0.181427,0.17654,0.150884
18-Jan-2025 14:37:12.160,0.193033,0.173486,0.091019
18-Jan-2025 14:37:12.176,0.180205,0.256563,0.108734
18-Jan-2025 14:37:12.192,0.075136,0.294437,0.149662
18-Jan-2025 14:37:12.208,-0.016493,0.215025,0.195477
18-Jan-2025 14:37:12.225,-0.06353,-0.016493,0.341474
18-Jan-2025 14:37:12.240,-0.082467,-0.126449,0.426995
18-Jan-2025 14:37:12.256,-0.074526,-0.133169,0.477697
18-Jan-2025 14:37:12.272,-0.002443,-0.14111,0.468534
18-Jan-2025 14:37:12.288,0.050702,-0.150273,0.401949
18-Jan-2025 14:37:12.305,0.105069,-0.117286,0.298102
18-Jan-2025 14:37:12.320,0.110567,-0.103847,0.278555
18-Jan-2025 14:37:12.336,0.059865,-0.109345,0.306654
18-Jan-2025 14:37:12.353,0.012217,-0.016493,0.350637
18-Jan-2025 14:37:12.369,-0.029322,0.045815,0.410501
18-Jan-2025 14:37:12.385,-0.042761,0.000611,0.420886
18-Jan-2025 14:37:12.401,-0.015272,-0.039095,0.378736
18-Jan-2025 14:37:12.417,0.01405,0.003054,0.317039
18-Jan-2025 14:37:12.433,-0.001833,0.050091,0.251066
18-Jan-2025 14:37:12.449,0.012217,0.036652,0.155771
18-Jan-2025 14:37:12.465,0.073304,0.036652,0.128282
18-Jan-2025 14:37:12.481,0.187536,0.034208,0.172875
18-Jan-2025 14:37:12.497,0.238848,0.076969,0.194255
18-Jan-2025 14:37:12.513,0.257785,0.080023,0.142332
18-Jan-2025 14:37:12.529,0.266948,0.017715,0.100182
18-Jan-2025 14:37:12.546,0.282831,-0.083689,0.094684
18-Jan-2025 14:37:12.561,0.284663,-0.147219,0.103236
18-Jan-2025 14:37:12.577,0.279776,-0.26145,0.069028
18-Jan-2025 14:37:12.593,0.344528,-0.37446,0.050702
18-Jan-2025 14:37:12.609,0.420275,-0.372628,0.119119
18-Jan-2025 14:37:12.626,0.497244,-0.561996,0.233961
18-Jan-2025 14:37:12.642,0.59315,-0.732427,0.320704
18-Jan-2025 14:37:12.658,0.653626,-0.824057,0.412334
18-Jan-2025 14:37:12.674,0.540616,-0.980439,0.445932
18-Jan-2025 14:37:12.690,0.193644,-1.190576,0.389121
18-Jan-2025 14:37:12.706,-0.111177,-1.152092,0.219301
18-Jan-2025 14:37:12.722,-0.398895,-1.093449,-0.07758
18-Jan-2025 14:37:12.738,-0.509462,-1.146594,-0.292604
18-Jan-2025 14:37:12.754,-0.559553,-1.265713,-0.451429
18-Jan-2025 14:37:12.770,-0.375682,-1.487457,-0.442266
18-Jan-2025 14:37:12.787,-0.115454,-1.531439,-0.328645
18-Jan-2025 14:37:12.802,0.163101,-1.477683,-0.196699
18-Jan-2025 14:37:12.818,0.291994,-1.42637,-0.163712
18-Jan-2025 14:37:12.834,0.383623,-1.407434,-0.210138
18-Jan-2025 14:37:12.850,0.311541,-1.48929,-0.307876
18-Jan-2025 14:37:12.867,0.045815,-1.82832,-0.505796
18-Jan-2025 14:37:12.882,-0.157603,-1.884519,-0.534507
18-Jan-2025 14:37:12.898,-0.32498,-1.444085,-0.414777
18-Jan-2025 14:37:12.915,-0.384845,-1.043358,-0.319483
18-Jan-2025 14:37:12.931,-0.472199,-0.863763,-0.251066
18-Jan-2025 14:37:12.947,-0.612087,-0.893696,-0.169821
18-Jan-2025 14:37:12.963,-0.567494,-0.91752,-0.111177
18-Jan-2025 14:37:12.979,-0.398895,-0.842994,-0.089797
18-Jan-2025 14:37:12.995,-0.274278,-0.797179,-0.111177
18-Jan-2025 14:37:13.011,-0.158825,-0.722043,-0.219301
18-Jan-2025 14:37:13.027,-0.102625,-0.660345,-0.32498
18-Jan-2025 14:37:13.043,-0.064141,-0.520457,-0.36713
18-Jan-2025 14:37:13.059,-0.043982,-0.365297,-0.313374
18-Jan-2025 14:37:13.075,-0.032376,-0.258396,-0.326202
18-Jan-2025 14:37:13.091,-0.057421,-0.19792,-0.356745
18-Jan-2025 14:37:13.108,-0.097738,-0.194866,-0.329256
18-Jan-2025 14:37:13.123,-0.150273,-0.194255,-0.228464
18-Jan-2025 14:37:13.139,-0.169821,-0.150884,-0.213192
18-Jan-2025 14:37:13.155,-0.167988,-0.089797,-0.228464
18-Jan-2025 14:37:13.172,-0.156382,0.024435,-0.235183
18-Jan-2025 14:37:13.188,-0.143553,0.229685,-0.191812
18-Jan-2025 14:37:13.204,-0.144775,0.349415,-0.153327
18-Jan-2025 14:37:13.220,-0.19059,0.428827,-0.297491
18-Jan-2025 14:37:13.236,-0.238848,0.376293,-0.368963
18-Jan-2025 14:37:13.252,-0.196699,0.519235,-0.252898
18-Jan-2025 14:37:13.268,-0.073304,0.583987,0.087965
18-Jan-2025 14:37:13.284,-0.025045,0.547946,0.313985
18-Jan-2025 14:37:13.300,-0.123395,0.563829,0.433103
18-Jan-2025 14:37:13.316,-0.340252,0.643852,0.476475
18-Jan-2025 14:37:13.332,-0.629191,0.862542,0.560774
18-Jan-2025 14:37:13.349,-0.703717,1.070236,0.668897
18-Jan-2025 14:37:13.364,-0.61392,1.194242,0.723875
18-Jan-2025 14:37:13.380,-0.48014,1.158811,0.671952
18-Jan-2025 14:37:13.396,-0.415999,1.25655,0.551
18-Jan-2025 14:37:13.412,-0.486249,1.505172,0.440434
18-Jan-2025 14:37:13.429,-0.474031,1.684766,0.293826
18-Jan-2025 14:37:13.445,-0.255953,1.660332,0.100793
18-Jan-2025 14:37:13.461,-0.025656,1.597413,-0.036041
18-Jan-2025 14:37:13.477,0.250455,1.624902,-0.200975
18-Jan-2025 14:37:13.493,0.382402,1.642617,-0.262672
18-Jan-2025 14:37:13.509,0.215025,1.704925,-0.128282
18-Jan-2025 14:37:13.525,-0.003665,1.733025,-0.037263
18-Jan-2025 14:37:13.541,-0.169821,1.827098,0.080023
18-Jan-2025 14:37:13.557,-0.197309,1.953547,0.196699
18-Jan-2025 14:37:13.573,-0.117897,1.97004,0.304211
18-Jan-2025 14:37:13.590,-0.0281,1.83565,0.387289
18-Jan-2025 14:37:13.605,0.042761,1.707368,0.45204
18-Jan-2025 14:37:13.621,0.05681,1.648114,0.408058
18-Jan-2025 14:37:13.637,0.074526,1.611462,0.390954
18-Jan-2025 14:37:13.653,0.086132,1.569924,0.365297
18-Jan-2025 14:37:13.670,0.11973,1.550376,0.327424
18-Jan-2025 14:37:13.685,0.168599,1.453248,0.286496
18-Jan-2025 14:37:13.702,0.19059,1.346347,0.287718
18-Jan-2025 14:37:13.718,0.194866,1.205848,0.330478
18-Jan-2025 14:37:13.734,0.208305,1.165531,0.387899
18-Jan-2025 14:37:13.750,0.242514,1.069014,0.394619
18-Jan-2025 14:37:13.766,0.249844,0.945619,0.368352
18-Jan-2025 14:37:13.782,0.230907,0.842383,0.339641
18-Jan-2025 14:37:13.798,0.239459,0.69211,0.3598
18-Jan-2025 14:37:13.814,0.293826,0.609033,0.394619
18-Jan-2025 14:37:13.831,0.346971,0.521068,0.397673
18-Jan-2025 14:37:13.846,0.318872,0.453262,0.354302
18-Jan-2025 14:37:13.862,0.280998,0.32498,0.29627
18-Jan-2025 14:37:13.878,0.361632,0.174707,0.304822
18-Jan-2025 14:37:13.894,0.555887,-0.04948,0.414167
18-Jan-2025 14:37:13.911,0.638354,-0.109956,0.533285
18-Jan-2025 14:37:13.927,0.482584,-0.106291,0.618196
18-Jan-2025 14:37:13.943,0.233351,-0.080023,0.513738
18-Jan-2025 14:37:13.959,-0.016493,-0.092241,0.349415
18-Jan-2025 14:37:13.975,-0.221744,-0.124006,0.068417
18-Jan-2025 14:37:13.991,-0.24007,-0.18326,-0.156382
18-Jan-2025 14:37:14.007,-0.098349,-0.301157,-0.350637
18-Jan-2025 14:37:14.023,0.04215,-0.319483,-0.364076
18-Jan-2025 14:37:14.039,0.248011,-0.319483,-0.328035
18-Jan-2025 14:37:14.055,0.362243,-0.394619,-0.353691
18-Jan-2025 14:37:14.071,0.32498,-0.448375,-0.334143
18-Jan-2025 14:37:14.087,0.171042,-0.430049,-0.314596
18-Jan-2025 14:37:14.103,-0.020769,-0.419664,-0.332311
18-Jan-2025 14:37:14.119,-0.213803,-0.414777,-0.466701
18-Jan-2025 14:37:14.136,-0.302378,-0.335365,-0.425773
18-Jan-2025 14:37:14.152,-0.380569,-0.171042,-0.197309
18-Jan-2025 14:37:14.168,-0.419664,0.030543,-0.072693
18-Jan-2025 14:37:14.184,-0.406225,0.161268,-0.02138
18-Jan-2025 14:37:14.200,-0.350637,0.226631,-0.040317
18-Jan-2025 14:37:14.216,-0.268781,0.36713,-0.105069
18-Jan-2025 14:37:14.232,-0.189979,0.461203,-0.146608
18-Jan-2025 14:37:14.248,-0.10568,0.537561,-0.152716
18-Jan-2025 14:37:14.264,-0.079412,0.558942,-0.177762
18-Jan-2025 14:37:14.280,-0.074526,0.563829,-0.215025
18-Jan-2025 14:37:14.296,-0.071471,0.590096,-0.224798
18-Jan-2025 14:37:14.312,-0.04215,0.620028,-0.224798
18-Jan-2025 14:37:14.328,0.043982,0.675006,-0.210138
18-Jan-2025 14:37:14.344,0.125227,0.742812,-0.205862
18-Jan-2025 14:37:14.360,0.193033,0.814283,-0.264505
18-Jan-2025 14:37:14.376,0.170431,0.846048,-0.347582
18-Jan-2025 14:37:14.393,0.142332,0.855211,-0.451429
18-Jan-2025 14:37:14.409,0.138666,0.873537,-0.524122
18-Jan-2025 14:37:14.425,0.173486,0.913244,-0.554666
18-Jan-2025 14:37:14.441,0.163101,0.954172,-0.55772
18-Jan-2025 14:37:14.457,0.130114,0.968221,-0.568105
18-Jan-2025 14:37:14.473,0.097128,1.015869,-0.568716
18-Jan-2025 14:37:14.489,0.14111,1.078177,-0.570548
18-Jan-2025 14:37:14.505,0.196088,1.144151,-0.523512
18-Jan-2025 14:37:14.521,0.171653,1.223563,-0.483805
18-Jan-2025 14:37:14.537,0.147829,1.282817,-0.499688
18-Jan-2025 14:37:14.553,0.130725,1.401325,-0.473421
18-Jan-2025 14:37:14.569,0.197309,1.556485,-0.459982
18-Jan-2025 14:37:14.585,0.326813,1.558928,-0.465479
18-Jan-2025 14:37:14.601,0.587652,1.508837,-0.348193
18-Jan-2025 14:37:14.617,0.844216,1.299921,-0.363465
18-Jan-2025 14:37:14.634,0.745256,1.029919,-0.524733
18-Jan-2025 14:37:14.649,0.281609,1.06596,-0.474031
18-Jan-2025 14:37:14.665,-0.166766,1.47524,-0.391565
18-Jan-2025 14:37:14.682,-0.364076,1.696373,-0.376904
18-Jan-2025 14:37:14.698,-0.254731,1.565648,-0.45876
18-Jan-2025 14:37:14.714,-0.199142,1.529607,-0.411112
18-Jan-2025 14:37:14.730,-0.221133,1.513724,-0.006109
18-Jan-2025 14:37:14.746,-0.165544,1.445307,0.405615
18-Jan-2025 14:37:14.762,-0.095295,1.297478,0.461203
18-Jan-2025 14:37:14.778,-0.014661,1.2425,0.369573
18-Jan-2025 14:37:14.794,0.036041,1.34818,0.268781
18-Jan-2025 14:37:14.810,0.051924,1.564426,0.094073
18-Jan-2025 14:37:14.826,-0.003665,1.817324,-0.147829
18-Jan-2025 14:37:14.842,-0.074526,1.923004,-0.277944
18-Jan-2025 14:37:14.859,-0.158825,1.944384,-0.317039
18-Jan-2025 14:37:14.875,-0.216857,2.041512,-0.251676
18-Jan-2025 14:37:14.890,-0.241292,2.229658,-0.122173
18-Jan-2025 14:37:14.907,-0.191812,2.358551,-0.043371
18-Jan-2025 14:37:14.923,-0.05681,2.483778,0.04215
18-Jan-2025 14:37:14.939,0.023213,2.543643,0.045204
18-Jan-2025 14:37:14.955,0.048258,2.565634,-0.023213
18-Jan-2025 14:37:14.971,0.004887,2.533869,-0.114232
18-Jan-2025 14:37:14.987,-0.036652,2.490498,-0.199142
18-Jan-2025 14:37:15.003,-0.051924,2.434298,-0.274889
18-Jan-2025 14:37:15.019,-0.032987,2.398257,-0.258396
18-Jan-2025 14:37:15.036,0.030543,2.420248,-0.178373
18-Jan-2025 14:37:15.051,0.080023,2.433687,-0.107512
18-Jan-2025 14:37:15.067,0.093462,2.377487,-0.066584
18-Jan-2025 14:37:15.084,0.053145,2.362827,-0.106291
18-Jan-2025 14:37:15.099,-0.012828,2.345722,-0.182038
18-Jan-2025 14:37:15.116,-0.040317,2.379931,-0.206472
18-Jan-2025 14:37:15.132,-0.054367,2.483167,-0.186925
18-Jan-2025 14:37:15.148,-0.046426,2.521652,-0.15516
18-Jan-2025 14:37:15.164,-0.023824,2.507602,-0.130114
18-Jan-2025 14:37:15.180,0.020769,2.474004,-0.114843
18-Jan-2025 14:37:15.196,0.060476,2.469117,-0.113621
18-Jan-2025 14:37:15.212,0.091019,2.469728,-0.113621
18-Jan-2025 14:37:15.228,0.099571,2.47095,-0.114843
18-Jan-2025 14:37:15.244,0.095295,2.469728,-0.135001
18-Jan-2025 14:37:15.260,0.105069,2.453235,-0.15516
18-Jan-2025 14:37:15.276,0.142942,2.409253,-0.16921
18-Jan-2025 14:37:15.292,0.164323,2.389094,-0.167988
18-Jan-2025 14:37:15.308,0.184481,2.381764,-0.152716
18-Jan-2025 14:37:15.324,0.196088,2.377487,-0.139888
18-Jan-2025 14:37:15.340,0.158825,2.337781,-0.165544
18-Jan-2025 14:37:15.357,0.058032,2.280971,-0.217468
18-Jan-2025 14:37:15.372,0.020769,2.243097,-0.242514
18-Jan-2025 14:37:15.388,-0.023824,2.240043,-0.257174
18-Jan-2025 14:37:15.405,-0.010996,2.281582,-0.276722
18-Jan-2025 14:37:15.421,0.004276,2.397035,-0.302378
18-Jan-2025 14:37:15.437,-0.021991,2.519819,-0.309709
18-Jan-2025 14:37:15.453,-0.046426,2.64077,-0.318872
18-Jan-2025 14:37:15.469,-0.06353,2.655431,-0.311541
18-Jan-2025 14:37:15.485,-0.044593,2.686585,-0.325591
18-Jan-2025 14:37:15.501,0.025656,2.629775,-0.391565
18-Jan-2025 14:37:15.517,0.032376,2.429411,-0.316428
18-Jan-2025 14:37:15.533,0.207083,2.420859,-0.31032
18-Jan-2025 14:37:15.549,0.324369,2.314569,-0.337198
18-Jan-2025 14:37:15.566,0.248622,2.106874,-0.274278
18-Jan-2025 14:37:15.581,0.129503,2.019521,-0.207694
18-Jan-2025 14:37:15.598,-0.023824,1.975538,-0.123395
18-Jan-2025 14:37:15.613,-0.130114,1.972484,-0.016493
18-Jan-2025 14:37:15.630,-0.26145,1.992032,0.102625
18-Jan-2025 14:37:15.646,-0.280998,1.976149,0.149051
18-Jan-2025 14:37:15.662,-0.163101,1.946828,0.250455
18-Jan-2025 14:37:15.678,-0.061697,1.969429,0.29627
18-Jan-2025 14:37:15.694,0.004887,1.980425,0.242514
18-Jan-2025 14:37:15.710,0.01405,1.858863,0.152105
18-Jan-2025 14:37:15.726,-0.043371,1.723251,0.113621
18-Jan-2025 14:37:15.742,-0.140499,1.584584,0.07086
18-Jan-2025 14:37:15.758,-0.187536,1.51067,0.080023
18-Jan-2025 14:37:15.774,-0.231518,1.500896,0.161268
18-Jan-2025 14:37:15.790,-0.264505,1.579697,0.254731
18-Jan-2025 14:37:15.806,-0.307876,1.629789,0.273668
18-Jan-2025 14:37:15.822,-0.336587,1.549154,0.178984
18-Jan-2025 14:37:15.839,-0.36041,1.53205,0.14111
18-Jan-2025 14:37:15.855,-0.368963,1.577254,0.087354
18-Jan-2025 14:37:15.871,-0.363465,1.593747,-0.005498
18-Jan-2025 14:37:15.887,-0.368963,1.47585,-0.12706
18-Jan-2025 14:37:15.903,-0.398284,1.34818,-0.180205
18-Jan-2025 14:37:15.919,-0.407447,1.239446,-0.185703
18-Jan-2025 14:37:15.935,-0.398895,1.182024,-0.174707
18-Jan-2025 14:37:15.951,-0.421497,1.103223,-0.179594
18-Jan-2025 14:37:15.967,-0.45204,1.064127,-0.197309
18-Jan-2025 14:37:15.983,-0.445321,1.015258,-0.199753
18-Jan-2025 14:37:15.999,-0.413556,0.991434,-0.188757
18-Jan-2025 14:37:16.015,-0.370184,0.970054,-0.173486
18-Jan-2025 14:37:16.031,-0.346361,0.937067,-0.187536
18-Jan-2025 14:37:16.048,-0.338419,0.892474,-0.213803
18-Jan-2025 14:37:16.064,-0.363465,0.858877,-0.23274
18-Jan-2025 14:37:16.080,-0.406836,0.852768,-0.228464
18-Jan-2025 14:37:16.096,-0.469145,0.813062,-0.223577
18-Jan-2025 14:37:16.112,-0.470977,0.770301,-0.231518
18-Jan-2025 14:37:16.128,-0.315817,0.675617,-0.270002
18-Jan-2025 14:37:16.144,-0.124006,0.608422,-0.323148
18-Jan-2025 14:37:16.160,0.027489,0.51557,-0.439212
18-Jan-2025 14:37:16.176,0.079412,0.401949,-0.536951
18-Jan-2025 14:37:16.192,0.17654,0.095295,-0.660956
18-Jan-2025 14:37:16.208,0.122784,-0.039706,-0.673784
18-Jan-2025 14:37:16.224,-0.019548,-0.033598,-0.610254
18-Jan-2025 14:37:16.241,-0.156992,0,-0.549779
18-Jan-2025 14:37:16.257,-0.193644,0.009774,-0.555887
18-Jan-2025 14:37:16.272,-0.279776,0.054978,-0.55039
18-Jan-2025 14:37:16.288,-0.389732,0.111177,-0.559553
18-Jan-2025 14:37:16.305,-0.441045,0.185703,-0.565661
18-Jan-2025 14:37:16.321,-0.317039,0.191812,-0.506407
18-Jan-2025 14:37:16.337,0.064752,0.138056,-0.33903
18-Jan-2025 14:37:16.353,0.383013,0.092852,-0.143553
18-Jan-2025 14:37:16.369,0.618196,0.040317,0.125838
18-Jan-2025 14:37:16.385,0.633467,0.015882,0.250455
18-Jan-2025 14:37:16.401,0.531453,0.065973,0.299935
18-Jan-2025 14:37:16.417,0.397062,0.023824,0.313985
18-Jan-2025 14:37:16.433,0.270002,-0.075136,0.306654
18-Jan-2025 14:37:16.449,0.18387,-0.337808,0.304211
18-Jan-2025 14:37:16.465,0.177762,-0.559553,0.362854
18-Jan-2025 14:37:16.482,0.185703,-0.785573,0.395841
18-Jan-2025 14:37:16.498,0.178984,-0.897972,0.440434
18-Jan-2025 14:37:16.513,0.141721,-0.999376,0.463036
18-Jan-2025 14:37:16.530,0.145386,-1.089173,0.447764
18-Jan-2025 14:37:16.546,0.242514,-1.267545,0.373239
18-Jan-2025 14:37:16.562,0.32498,-1.378112,0.285885
18-Jan-2025 14:37:16.578,0.36713,-1.470353,0.193644
18-Jan-2025 14:37:16.594,0.392175,-1.536937,0.119119
18-Jan-2025 14:37:16.610,0.425162,-1.56748,0.097738
18-Jan-2025 14:37:16.626,0.451429,-1.621236,0.114232
18-Jan-2025 14:37:16.642,0.430049,-1.647504,0.172264
18-Jan-2025 14:37:16.658,0.338419,-1.764179,0.158214
18-Jan-2025 14:37:16.674,0.266948,-1.751961,0.170431
18-Jan-2025 14:37:16.690,0.189979,-1.679879,0.210138
18-Jan-2025 14:37:16.706,0.133169,-1.626734,0.235794
18-Jan-2025 14:37:16.723,0.072693,-1.585195,0.223577
18-Jan-2025 14:37:16.738,0.062308,-1.582141,0.18326
18-Jan-2025 14:37:16.755,0.069639,-1.596191,0.123395
18-Jan-2025 14:37:16.771,0.065973,-1.568091,0.054978
18-Jan-2025 14:37:16.787,0.031765,-1.503339,0.037263
18-Jan-2025 14:37:16.803,-0.023824,-1.417207,0.032376
18-Jan-2025 14:37:16.819,-0.0281,-1.362229,0.025045
18-Jan-2025 14:37:16.835,-0.012828,-1.29931,0.040317
18-Jan-2025 14:37:16.851,-0.001833,-1.254717,0.082467
18-Jan-2025 14:37:16.867,0.005498,-1.207681,0.153327
18-Jan-2025 14:37:16.883,-0.01405,-1.156979,0.200364
18-Jan-2025 14:37:16.899,-0.072082,-1.100779,0.214414
18-Jan-2025 14:37:16.915,-0.074526,-1.04519,0.241292
18-Jan-2025 14:37:16.931,0.0281,-0.985937,0.321315
18-Jan-2025 14:37:16.947,0.186314,-0.923017,0.480751
18-Jan-2025 14:37:16.964,0.305433,-0.826501,0.589485
18-Jan-2025 14:37:16.979,0.453262,-0.836885,0.72754
18-Jan-2025 14:37:16.995,0.519846,-0.919352,0.801455
18-Jan-2025 14:37:17.012,0.46609,-0.809396,0.809396
18-Jan-2025 14:37:17.028,0.420886,-0.702495,0.823446
18-Jan-2025 14:37:17.044,0.380569,-0.675617,0.905302
18-Jan-2025 14:37:17.060,0.169821,-0.700662,0.926683
18-Jan-2025 14:37:17.076,-0.257174,-0.728762,0.722043
18-Jan-2025 14:37:17.092,-0.489914,-0.719599,0.563829
18-Jan-2025 14:37:17.108,-0.560774,-0.618806,0.475864
18-Jan-2025 14:37:17.124,-0.434325,-0.505186,0.375071
18-Jan-2025 14:37:17.140,-0.279776,-0.436769,0.297491
18-Jan-2025 14:37:17.156,-0.106901,-0.348193,0.19792
18-Jan-2025 14:37:17.172,-0.050091,-0.299324,0.158214
18-Jan-2025 14:37:17.188,0.00672,-0.278555,0.120951
18-Jan-2025 14:37:17.205,0.100182,-0.308487,0.069639
18-Jan-2025 14:37:17.220,0.221744,-0.31093,-0.011606
18-Jan-2025 14:37:17.236,0.215635,-0.26817,-0.051313
18-Jan-2025 14:37:17.253,0.017715,-0.280998,-0.195477
18-Jan-2025 14:37:17.268,-0.19059,-0.301767,-0.206472
18-Jan-2025 14:37:17.285,-0.328645,-0.189368,-0.048258
18-Jan-2025 14:37:17.301,-0.377515,0.020159,0.164934
18-Jan-2025 14:37:17.317,-0.319483,0.19059,0.219911
18-Jan-2025 14:37:17.333,-0.215025,0.456927,0.240681
18-Jan-2025 14:37:17.349,-0.182038,0.639576,0.207694
18-Jan-2025 14:37:17.365,-0.135001,0.773966,0.09163
18-Jan-2025 14:37:17.381,-0.072693,0.765414,0.00672
18-Jan-2025 14:37:17.397,-0.026267,0.779464,-0.095295
18-Jan-2025 14:37:17.413,-0.046426,0.761749,-0.155771
18-Jan-2025 14:37:17.429,-0.093462,0.703106,-0.217468
18-Jan-2025 14:37:17.446,-0.104458,0.716545,-0.262672
18-Jan-2025 14:37:17.461,-0.089797,0.739147,-0.280998
18-Jan-2025 14:37:17.477,-0.052534,0.780686,-0.31093
18-Jan-2025 14:37:17.493,-0.017104,0.822836,-0.332311
18-Jan-2025 14:37:17.509,0.026878,0.867429,-0.365297
18-Jan-2025 14:37:17.526,0.04215,0.882089,-0.415999
18-Jan-2025 14:37:17.542,0.068417,0.831998,-0.470366
18-Jan-2025 14:37:17.558,0.099571,0.773966,-0.491136
18-Jan-2025 14:37:17.574,0.117286,0.748921,-0.511294
18-Jan-2025 14:37:17.590,0.106291,0.720821,-0.513738
18-Jan-2025 14:37:17.606,0.09896,0.694554,-0.542448
18-Jan-2025 14:37:17.622,0.113621,0.695776,-0.566272
18-Jan-2025 14:37:17.638,0.116675,0.707382,-0.571159
18-Jan-2025 14:37:17.654,0.100793,0.756862,-0.581544
18-Jan-2025 14:37:17.670,0.091019,0.794736,-0.591928
18-Jan-2025 14:37:17.687,0.13439,0.818559,-0.599259
18-Jan-2025 14:37:17.702,0.225409,0.848492,-0.620639
18-Jan-2025 14:37:17.718,0.461203,0.786184,-0.650571
18-Jan-2025 14:37:17.735,0.684169,0.669508,-0.671952
18-Jan-2025 14:37:17.750,0.662178,0.585209,-0.701273
18-Jan-2025 14:37:17.767,0.346971,0.597426,-0.770301
18-Jan-2025 14:37:17.783,0.008552,0.642019,-0.895528
18-Jan-2025 14:37:17.799,-0.022602,0.651793,-0.865596
18-Jan-2025 14:37:17.815,-0.003054,0.668287,-0.730595
18-Jan-2025 14:37:17.831,0.045204,0.91813,-0.535118
18-Jan-2025 14:37:17.847,0.092241,1.104444,-0.414777
18-Jan-2025 14:37:17.863,0.207694,1.138042,-0.243735
18-Jan-2025 14:37:17.879,0.334143,1.020145,-0.094073
18-Jan-2025 14:37:17.895,0.464258,0.878424,0.078802
18-Jan-2025 14:37:17.911,0.517403,0.822225,0.143553
18-Jan-2025 14:37:17.927,0.502131,0.778853,0.155771
18-Jan-2025 14:37:17.943,0.386678,0.763582,0.10568
18-Jan-2025 14:37:17.959,0.220522,0.750143,0.060476
18-Jan-2025 14:37:17.975,0.043371,0.705549,0.073304
18-Jan-2025 14:37:17.991,-0.012217,0.64935,0.12034
18-Jan-2025 14:37:18.008,-0.023213,0.596204,0.15516
18-Jan-2025 14:37:18.023,-0.017104,0.56505,0.174097
18-Jan-2025 14:37:18.039,0.006109,0.52962,0.153327
18-Jan-2025 14:37:18.056,0.026267,0.468534,0.127671
18-Jan-2025 14:37:18.072,0.01405,0.38118,0.135612
18-Jan-2025 14:37:18.088,0.003665,0.380569,0.159436
18-Jan-2025 14:37:18.104,-0.021991,0.412945,0.178373
18-Jan-2025 14:37:18.120,-0.061087,0.433103,0.182649
18-Jan-2025 14:37:18.136,-0.085521,0.469755,0.179594
18-Jan-2025 14:37:18.152,-0.076358,0.42394,0.16921
18-Jan-2025 14:37:18.169,-0.065363,0.326813,0.141721
18-Jan-2025 14:37:18.184,-0.0562,0.179594,0.075136
18-Jan-2025 14:37:18.200,-0.057421,0.051924,0.045204
18-Jan-2025 14:37:18.216,-0.083689,-0.023213,0.040928
18-Jan-2025 14:37:18.233,-0.124617,-0.04948,0.064752
18-Jan-2025 14:37:18.249,-0.186314,-0.065363,0.109956
18-Jan-2025 14:37:18.265,-0.19792,-0.072082,0.137445
18-Jan-2025 14:37:18.281,-0.15516,-0.084299,0.186314
18-Jan-2025 14:37:18.297,-0.095906,-0.120951,0.205251
18-Jan-2025 14:37:18.313,-0.027489,-0.165544,0.197309
18-Jan-2025 14:37:18.329,0.037263,-0.229074,0.153327
18-Jan-2025 14:37:18.345,0.040928,-0.323148,0.111177
18-Jan-2025 14:37:18.361,0.017104,-0.383013,0.09163
18-Jan-2025 14:37:18.377,0.061087,-0.391565,0.124006
18-Jan-2025 14:37:18.393,0.283441,-0.484416,0.185703
18-Jan-2025 14:37:18.410,0.478307,-0.552222,0.22602
18-Jan-2025 14:37:18.425,0.517403,-0.513127,0.277333
18-Jan-2025 14:37:18.441,0.463647,-0.488692,0.329256
18-Jan-2025 14:37:18.457,0.2755,-0.573602,0.364687
18-Jan-2025 14:37:18.474,-0.017104,-0.629802,0.305433
18-Jan-2025 14:37:18.490,-0.332311,-0.644463,0.197309
18-Jan-2025 14:37:18.506,-0.445321,-0.687223,0.112399
18-Jan-2025 14:37:18.522,-0.511294,-0.76236,0.018326
18-Jan-2025 14:37:18.538,-0.431271,-0.830777,-0.061697
18-Jan-2025 14:37:18.553,-0.229074,-0.91752,-0.090408
18-Jan-2025 14:37:18.570,0.043982,-0.973108,-0.139277
18-Jan-2025 14:37:18.586,0.203418,-0.911411,-0.164323
18-Jan-2025 14:37:18.602,0.336587,-0.813062,-0.153327
18-Jan-2025 14:37:18.618,0.340252,-0.83322,-0.174097
18-Jan-2025 14:37:18.634,0.131336,-0.947452,-0.238237
18-Jan-2025 14:37:18.651,-0.11301,-1.003041,-0.304822
18-Jan-2025 14:37:18.666,-0.287107,-1.036027,-0.446543
18-Jan-2025 14:37:18.682,-0.401949,-0.965778,-0.258396
18-Jan-2025 14:37:18.698,-0.428217,-0.759305,-0.110567
18-Jan-2025 14:37:18.714,-0.426384,-0.557109,-0.108734
18-Jan-2025 14:37:18.731,-0.412334,-0.469755,-0.09163
18-Jan-2025 14:37:18.747,-0.340252,-0.380569,-0.098349
18-Jan-2025 14:37:18.763,-0.2474,-0.326202,-0.129503
18-Jan-2025 14:37:18.779,-0.117897,-0.243735,-0.199142
18-Jan-2025 14:37:18.795,-0.050091,-0.175929,-0.249233
18-Jan-2025 14:37:18.811,-0.026267,-0.074526,-0.281609
18-Jan-2025 14:37:18.827,-0.052534,-0.048258,-0.336587
18-Jan-2025 14:37:18.843,-0.067195,-0.026878,-0.408669
18-Jan-2025 14:37:18.859,-0.117897,-0.078802,-0.377515
18-Jan-2025 14:37:18.874,-0.131336,0.037874,-0.271224
18-Jan-2025 14:37:18.892,-0.115454,0.283441,-0.194255
18-Jan-2025 14:37:18.907,-0.086743,0.398284,-0.180816
18-Jan-2025 14:37:18.923,-0.032987,0.456316,-0.211359
18-Jan-2025 14:37:18.940,0.022602,0.470977,-0.255342
18-Jan-2025 14:37:18.956,0.09163,0.494801,-0.278555
18-Jan-2025 14:37:18.972,0.11973,0.522901,-0.271224
18-Jan-2025 14:37:18.988,0.12706,0.548557,-0.271224
18-Jan-2025 14:37:19.004,0.096517,0.603535,-0.274889
18-Jan-2025 14:37:19.020,0.044593,0.681115,-0.284663
18-Jan-2025 14:37:19.036,0.041539,0.737314,-0.331089
18-Jan-2025 14:37:19.052,0.187536,0.672563,-0.332922
18-Jan-2025 14:37:19.068,0.387289,0.588263,-0.348804
18-Jan-2025 14:37:19.084,0.299324,0.591928,-0.343917
18-Jan-2025 14:37:19.100,-0.040317,0.767247,-0.276722
18-Jan-2025 14:37:19.116,-0.26145,0.912633,-0.279165
18-Jan-2025 14:37:19.133,-0.350637,1.15087,-0.401338
18-Jan-2025 14:37:19.148,-0.31093,1.237613,-0.452651
18-Jan-2025 14:37:19.164,-0.234572,1.400714,-0.320704
18-Jan-2025 14:37:19.181,-0.3036,1.450805,-0.136223
18-Jan-2025 14:37:19.197,-0.3598,1.48929,0.081856
18-Jan-2025 14:37:19.213,-0.263894,1.492344,0.125227
18-Jan-2025 14:37:19.229,-0.160047,1.44714,0.096517
18-Jan-2025 14:37:19.245,-0.136223,1.343293,0.07758
18-Jan-2025 14:37:19.261,-0.132558,1.260826,0.083078
18-Jan-2025 14:37:19.277,-0.085521,1.136209,0.091019
18-Jan-2025 14:37:19.293,-0.086743,1.085508,0.065363
18-Jan-2025 14:37:19.309,-0.182649,1.061684,0.088575
18-Jan-2025 14:37:19.325,-0.25412,1.073901,0.186314
18-Jan-2025 14:37:19.341,-0.251066,1.131322,0.34575
18-Jan-2025 14:37:19.357,-0.232129,1.138653,0.383623
18-Jan-2025 14:37:19.374,-0.186925,1.058019,0.342085
18-Jan-2025 14:37:19.389,-0.125227,0.963335,0.235794
18-Jan-2025 14:37:19.405,-0.100182,0.874148,0.168599
18-Jan-2025 14:37:19.421,-0.124006,0.816727,0.195477
18-Jan-2025 14:37:19.438,-0.118508,0.805731,0.235794
18-Jan-2025 14:37:19.454,-0.065973,0.74831,0.266948
18-Jan-2025 14:37:19.470,-0.037263,0.728762,0.259007
18-Jan-2025 14:37:19.486,-0.022602,0.696386,0.237627
18-Jan-2025 14:37:19.502,-0.020769,0.64263,0.218079
18-Jan-2025 14:37:19.518,-0.009163,0.554055,0.185703
18-Jan-2025 14:37:19.534,0.00672,0.498466,0.186925
18-Jan-2025 14:37:19.550,0.037874,0.469755,0.224798
18-Jan-2025 14:37:19.566,0.125227,0.409891,0.276111
18-Jan-2025 14:37:19.582,0.18326,0.342695,0.288939
18-Jan-2025 14:37:19.598,0.210138,0.260229,0.280998
18-Jan-2025 14:37:19.615,0.229074,0.189979,0.246179
18-Jan-2025 14:37:19.630,0.240681,0.108123,0.180816
18-Jan-2025 14:37:19.646,0.243735,0.059254,0.152105
18-Jan-2025 14:37:19.662,0.286496,-0.004887,0.137445
18-Jan-2025 14:37:19.679,0.345139,-0.045204,0.173486
18-Jan-2025 14:37:19.695,0.448375,-0.129503,0.239459
18-Jan-2025 14:37:19.711,0.494801,-0.170431,0.269392
18-Jan-2025 14:37:19.727,0.43738,-0.191812,0.260229
18-Jan-2025 14:37:19.743,0.317039,-0.32498,0.205862
18-Jan-2025 14:37:19.759,0.21869,-0.459371,0.14844
18-Jan-2025 14:37:19.775,0.033598,-0.505796,0.109345
18-Jan-2025 14:37:19.791,-0.027489,-0.439823,0.073304
18-Jan-2025 14:37:19.807,0.055589,-0.387289,0.004887
18-Jan-2025 14:37:19.823,0.113621,-0.349415,-0.043982
18-Jan-2025 14:37:19.839,0.144775,-0.238237,-0.103236
18-Jan-2025 14:37:19.856,0.205862,-0.156992,-0.166155
18-Jan-2025 14:37:19.871,0.314596,-0.091019,-0.26817
18-Jan-2025 14:37:19.888,0.354913,-0.031765,-0.343917
18-Jan-2025 14:37:19.904,0.362854,0.030543,-0.383623
18-Jan-2025 14:37:19.920,0.334754,0.06353,-0.369573
18-Jan-2025 14:37:19.936,0.279165,0.019548,-0.326813
18-Jan-2025 14:37:19.952,0.145997,-0.036652,-0.246179
18-Jan-2025 14:37:19.968,0.017715,0.028711,-0.195477
18-Jan-2025 14:37:19.984,-0.126449,0.239459,-0.119119
18-Jan-2025 14:37:20.000,-0.185092,0.442877,-0.07086
18-Jan-2025 14:37:20.016,-0.213192,0.659734,-0.053145
18-Jan-2025 14:37:20.032,-0.202196,0.788016,-0.076969
18-Jan-2025 14:37:20.048,-0.136834,0.9108,-0.133169
18-Jan-2025 14:37:20.064,-0.099571,0.979217,-0.195477
18-Jan-2025 14:37:20.080,-0.100182,1.074512,-0.244957
18-Jan-2025 14:37:20.097,-0.12706,1.088562,-0.368352
18-Jan-2025 14:37:20.113,-0.131947,1.062906,-0.443488
18-Jan-2025 14:37:20.128,-0.092852,1.05191,-0.449597
18-Jan-2025 14:37:20.145,-0.044593,1.103834,-0.394008
18-Jan-2025 14:37:20.161,0.046426,1.213178,-0.274889
18-Jan-2025 14:37:20.177,0.050702,1.30603,-0.222966
18-Jan-2025 14:37:20.193,0.013439,1.414764,-0.253509
18-Jan-2025 14:37:20.209,0.037874,1.449583,-0.299935
18-Jan-2025 14:37:20.225,0.072082,1.497842,-0.346361
18-Jan-2025 14:37:20.241,0.072693,1.563204,-0.389121
18-Jan-2025 14:37:20.257,0.096517,1.63773,-0.454484
18-Jan-2025 14:37:20.273,0.17654,1.676825,-0.461814
18-Jan-2025 14:37:20.289,0.343306,1.690264,-0.429438
18-Jan-2025 14:37:20.305,0.547335,1.649336,-0.358578
18-Jan-2025 14:37:20.321,0.450208,1.68721,-0.299324
18-Jan-2025 14:37:20.338,-0.004276,1.896737,-0.293826
18-Jan-2025 14:37:20.353,-0.296881,2.02624,-0.372017
18-Jan-2025 14:37:20.369,-0.447153,2.1252,-0.425773
18-Jan-2025 14:37:20.386,-0.439823,2.249817,-0.412334
18-Jan-2025 14:37:20.402,-0.384845,2.346944,-0.359189
18-Jan-2025 14:37:20.418,-0.342085,2.354886,-0.335365
18-Jan-2025 14:37:20.434,-0.307876,2.345112,-0.309098
18-Jan-2025 14:37:20.450,-0.293215,2.375044,-0.260839
18-Jan-2025 14:37:20.466,-0.288939,2.431244,-0.25412
18-Jan-2025 14:37:20.482,-0.337808,2.489887,-0.279776
18-Jan-2025 14:37:20.498,-0.377515,2.539367,-0.317039
18-Jan-2025 14:37:20.514,-0.362854,2.588847,-0.351248
18-Jan-2025 14:37:20.530,-0.323148,2.580295,-0.362854
18-Jan-2025 14:37:20.546,-0.278555,2.584571,-0.357967
18-Jan-2025 14:37:20.562,-0.25412,2.610227,-0.342695
18-Jan-2025 14:37:20.579,-0.239459,2.650544,-0.316428
18-Jan-2025 14:37:20.594,-0.254731,2.684753,-0.31032
18-Jan-2025 14:37:20.610,-0.281609,2.71835,-0.321315
18-Jan-2025 14:37:20.627,-0.300546,2.730568,-0.341474
18-Jan-2025 14:37:20.643,-0.312763,2.707966,-0.335365
18-Jan-2025 14:37:20.659,-0.313374,2.696359,-0.346971
18-Jan-2025 14:37:20.675,-0.301157,2.665816,-0.340863
18-Jan-2025 14:37:20.691,-0.268781,2.637105,-0.304822
18-Jan-2025 14:37:20.707,-0.244957,2.625499,-0.265116
18-Jan-2025 14:37:20.723,-0.225409,2.625499,-0.21197
18-Jan-2025 14:37:20.740,-0.213192,2.641992,-0.150884
18-Jan-2025 14:37:20.755,-0.166766,2.685364,-0.054978
18-Jan-2025 14:37:20.771,-0.112399,2.705522,-0.006109
18-Jan-2025 14:37:20.787,-0.07758,2.714074,0.024435
18-Jan-2025 14:37:20.803,-0.06353,2.737898,0.061087
18-Jan-2025 14:37:20.820,-0.065363,2.744007,0.08491
18-Jan-2025 14:37:20.835,-0.067195,2.726902,0.117897
18-Jan-2025 14:37:20.852,-0.071471,2.676201,0.152716
18-Jan-2025 14:37:20.868,-0.097128,2.56258,0.195477
18-Jan-2025 14:37:20.884,-0.138666,2.478891,0.214414
18-Jan-2025 14:37:20.900,-0.18326,2.395813,0.238237
18-Jan-2025 14:37:20.916,-0.143553,2.351831,0.267559
18-Jan-2025 14:37:20.932,-0.131336,2.207667,0.284663
18-Jan-2025 14:37:20.948,-0.141721,2.089159,0.270002
18-Jan-2025 14:37:20.964,-0.106291,1.982869,0.253509
18-Jan-2025 14:37:20.981,-0.034208,1.896737,0.240681
18-Jan-2025 14:37:20.996,-0.0281,1.833817,0.224798
18-Jan-2025 14:37:21.012,-0.051924,1.678658,0.195477
18-Jan-2025 14:37:21.029,-0.072693,1.568702,0.171653
18-Jan-2025 14:37:21.045,-0.081856,1.467909,0.144775
18-Jan-2025 14:37:21.061,-0.060476,1.414764,0.124617
18-Jan-2025 14:37:21.077,0.00672,1.354288,0.126449
18-Jan-2025 14:37:21.093,0.067195,1.295034,0.125838
18-Jan-2025 14:37:21.109,0.167988,1.215622,0.118508
18-Jan-2025 14:37:21.125,0.237016,1.161255,0.113621
18-Jan-2025 14:37:21.141,0.251676,1.126436,0.093462
18-Jan-2025 14:37:21.157,0.196699,1.111775,0.064141
18-Jan-2025 14:37:21.173,0.131947,1.09406,0.041539
18-Jan-2025 14:37:21.189,0.042761,1.056797,0.007941
18-Jan-2025 14:37:21.205,0.036652,1.039082,-0.015272
18-Jan-2025 14:37:21.221,0.11973,0.997543,-0.078191
18-Jan-2025 14:37:21.237,0.180816,0.940732,-0.161268
18-Jan-2025 14:37:21.254,0.224798,0.821614,-0.251676
18-Jan-2025 14:37:21.270,0.212581,0.803899,-0.298713
18-Jan-2025 14:37:21.286,0.123395,0.84727,-0.312152
18-Jan-2025 14:37:21.302,0.041539,0.887587,-0.302989
18-Jan-2025 14:37:21.318,-0.025656,0.939511,-0.284052
18-Jan-2025 14:37:21.334,-0.04215,0.967,-0.266337
18-Jan-2025 14:37:21.350,0.032987,0.920574,-0.278555
18-Jan-2025 14:37:21.366,0.21197,0.842383,-0.285885
18-Jan-2025 14:37:21.382,0.26817,0.828944,-0.257174
18-Jan-2025 14:37:21.398,0.137445,0.78374,-0.210138
18-Jan-2025 14:37:21.414,-0.072082,0.698219,-0.207694
18-Jan-2025 14:37:21.430,-0.380569,0.591318,-0.180205
18-Jan-2025 14:37:21.446,-0.591318,0.591318,-0.123395
18-Jan-2025 14:37:21.463,-0.784962,0.667676,-0.053145
18-Jan-2025 14:37:21.478,-0.836275,0.77641,0.034819
18-Jan-2025 14:37:21.494,-0.794125,0.901026,0.108123
18-Jan-2025 14:37:21.511,-0.629191,1.014036,0.202196
18-Jan-2025 14:37:21.526,-0.466701,1.037249,0.230907
18-Jan-2025 14:37:21.543,-0.288328,1.025643,0.189979
18-Jan-2025 14:37:21.559,-0.199142,0.998154,0.119119
18-Jan-2025 14:37:21.575,-0.131336,0.923017,0.025656
18-Jan-2025 14:37:21.591,-0.105069,0.852157,-0.009163
18-Jan-2025 14:37:21.607,-0.09896,0.788016,-0.009774
18-Jan-2025 14:37:21.623,-0.107512,0.755029,0.012828
18-Jan-2025 14:37:21.639,-0.118508,0.767858,0.051313
18-Jan-2025 14:37:21.655,-0.123395,0.793514,0.078802
18-Jan-2025 14:37:21.671,-0.138666,0.817949,0.095906
18-Jan-2025 14:37:21.687,-0.153327,0.832609,0.088575
18-Jan-2025 14:37:21.704,-0.131947,0.865596,0.064752
18-Jan-2025 14:37:21.719,-0.12034,0.82589,0.009774
18-Jan-2025 14:37:21.735,-0.150273,0.764803,-0.03543
18-Jan-2025 14:37:21.752,-0.125227,0.739758,-0.139277
18-Jan-2025 14:37:21.767,-0.087965,0.764803,-0.207083
18-Jan-2025 14:37:21.784,-0.087965,0.821003,-0.270613
18-Jan-2025 14:37:21.799,-0.097738,0.850324,-0.299935
18-Jan-2025 14:37:21.816,-0.091019,0.859487,-0.312152
18-Jan-2025 14:37:21.832,-0.083689,0.841772,-0.317039
18-Jan-2025 14:37:21.848,-0.053756,0.822225,-0.326813
18-Jan-2025 14:37:21.864,0.036652,0.799623,-0.373239
18-Jan-2025 14:37:21.880,0.124617,0.792903,-0.412334
18-Jan-2025 14:37:21.896,0.250455,0.752586,-0.462425
18-Jan-2025 14:37:21.912,0.372017,0.681115,-0.488081
18-Jan-2025 14:37:21.928,0.568716,0.529009,-0.500299
18-Jan-2025 14:37:21.945,0.616974,0.461203,-0.503964
18-Jan-2025 14:37:21.960,0.489303,0.403171,-0.52229
18-Jan-2025 14:37:21.976,0.322537,0.353691,-0.637132
18-Jan-2025 14:37:21.992,0.106901,0.2474,-0.72021
18-Jan-2025 14:37:22.008,0.048869,0.312763,-0.592539
18-Jan-2025 14:37:22.025,0.094684,0.488692,-0.350026
18-Jan-2025 14:37:22.041,0.153938,0.627359,-0.149662
18-Jan-2025 14:37:22.057,0.252898,0.59987,-0.013439
18-Jan-2025 14:37:22.073,0.468534,0.518014,0.188757
18-Jan-2025 14:37:22.089,0.531453,0.428217,0.343306
18-Jan-2025 14:37:22.105,0.453262,0.313374,0.438601
18-Jan-2025 14:37:22.121,0.389121,0.240681,0.434325
18-Jan-2025 14:37:22.137,0.299935,0.203418,0.42394
18-Jan-2025 14:37:22.153,0.19792,0.197309,0.386678
18-Jan-2025 14:37:22.169,0.043982,0.146608,0.312763
18-Jan-2025 14:37:22.186,-0.054978,0.001222,0.124006
18-Jan-2025 14:37:22.201,-0.129503,-0.270002,-0.111177
18-Jan-2025 14:37:22.217,-0.125227,-0.367741,0.008552
18-Jan-2025 14:37:22.233,-0.068417,-0.278555,0.379347
18-Jan-2025 14:37:22.249,0.018326,-0.210749,0.472199
18-Jan-2025 14:37:22.266,0.051924,-0.276722,0.38851
18-Jan-2025 14:37:22.281,0.092852,-0.427606,0.308487
18-Jan-2025 14:37:22.298,0.103847,-0.489303,0.277333
18-Jan-2025 14:37:22.314,0.101404,-0.498466,0.258396
18-Jan-2025 14:37:22.330,0.102625,-0.463647,0.2474
18-Jan-2025 14:37:22.346,0.122784,-0.397062,0.229685
18-Jan-2025 14:37:22.362,0.136834,-0.344528,0.2474
18-Jan-2025 14:37:22.378,0.11973,-0.34575,0.192423
18-Jan-2025 14:37:22.394,0.108123,-0.338419,0.136223
18-Jan-2025 14:37:22.410,0.117897,-0.356134,0.115454
18-Jan-2025 14:37:22.427,0.117286,-0.366519,0.079412
18-Jan-2025 14:37:22.442,0.102625,-0.368963,0.047647
18-Jan-2025 14:37:22.458,0.107512,-0.364687,0.027489
18-Jan-2025 14:37:22.474,0.124006,-0.366519,0.046426
18-Jan-2025 14:37:22.490,0.155771,-0.376293,0.061087
18-Jan-2025 14:37:22.507,0.178984,-0.389121,0.062308
18-Jan-2025 14:37:22.522,0.26817,-0.373239,0.069028
18-Jan-2025 14:37:22.538,0.270613,-0.404393,0.057421
18-Jan-2025 14:37:22.555,0.216857,-0.469145,0.039095
18-Jan-2025 14:37:22.571,0.218079,-0.522901,0.016493
18-Jan-2025 14:37:22.587,0.235183,-0.522901,0.01405
18-Jan-2025 14:37:22.603,0.189368,-0.492357,0.034819
18-Jan-2025 14:37:22.619,0.181427,-0.527788,0.103847
18-Jan-2025 14:37:22.635,0.245568,-0.564439,0.215025
18-Jan-2025 14:37:22.651,0.361021,-0.57177,0.296881
18-Jan-2025 14:37:22.668,0.478307,-0.541837,0.414167
18-Jan-2025 14:37:22.683,0.420275,-0.485638,0.466701
18-Jan-2025 14:37:22.699,0.215025,-0.552222,0.459982
18-Jan-2025 14:37:22.715,0.039095,-0.637743,0.389732
18-Jan-2025 14:37:22.731,-0.158214,-0.713491,0.279165
18-Jan-2025 14:37:22.748,-0.356745,-0.711658,0.191201
18-Jan-2025 14:37:22.763,-0.438601,-0.739758,0.128893
18-Jan-2025 14:37:22.780,-0.474031,-0.823446,0.001222
18-Jan-2025 14:37:22.796,-0.385456,-0.927293,-0.095906
18-Jan-2025 14:37:22.812,-0.167377,-0.998154,-0.196088
18-Jan-2025 14:37:22.828,-0.034819,-0.977384,-0.244346
18-Jan-2025 14:37:22.844,0.080023,-1.021978,-0.316428
18-Jan-2025 14:37:22.860,0.111788,-1.117883,-0.364076
18-Jan-2025 14:37:22.876,-0.066584,-1.247387,-0.429438
18-Jan-2025 14:37:22.892,-0.329867,-1.34879,-0.599259
18-Jan-2025 14:37:22.909,-0.522901,-1.289536,-0.594372
18-Jan-2025 14:37:22.924,-0.714101,-1.094671,-0.378736
18-Jan-2025 14:37:22.941,-0.871094,-1.021978,-0.297491
18-Jan-2025 14:37:22.957,-0.882089,-0.855211,-0.298102
18-Jan-2025 14:37:22.973,-0.781907,-0.710436,-0.255953
18-Jan-2025 14:37:22.989,-0.585209,-0.489914,-0.189368
18-Jan-2025 14:37:23.005,-0.403782,-0.350637,-0.157603
18-Jan-2025 14:37:23.021,-0.178373,-0.187536,-0.158825
18-Jan-2025 14:37:23.037,-0.067806,-0.13439,-0.16249
18-Jan-2025 14:37:23.053,-0.02138,-0.106291,-0.14844
18-Jan-2025 14:37:23.069,-0.029322,-0.094684,-0.167377
18-Jan-2025 14:37:23.085,-0.040928,-0.116064,-0.203418
18-Jan-2025 14:37:23.101,-0.023824,-0.129503,-0.182649
18-Jan-2025 14:37:23.117,0.00672,-0.097738,-0.131336
18-Jan-2025 14:37:23.133,0.048869,-0.061087,-0.079412
18-Jan-2025 14:37:23.150,0.099571,-0.036652,-0.050702
18-Jan-2025 14:37:23.165,0.174707,-0.01405,-0.014661
18-Jan-2025 14:37:23.182,0.185703,-0.04215,-0.03543
18-Jan-2025 14:37:23.198,0.156382,-0.081245,-0.114843
18-Jan-2025 14:37:23.214,0.141721,-0.075747,-0.181427
18-Jan-2025 14:37:23.230,0.133779,0.013439,-0.241903
18-Jan-2025 14:37:23.246,0.17654,0.067195,-0.28222
18-Jan-2025 14:37:23.262,0.34575,0.059254,-0.311541
18-Jan-2025 14:37:23.278,0.596815,-0.002443,-0.319483
18-Jan-2025 14:37:23.294,0.518014,0.029932,-0.285274
18-Jan-2025 14:37:23.310,0.194866,0.186314,-0.257174
18-Jan-2025 14:37:23.326,0.014661,0.243735,-0.28222
18-Jan-2025 14:37:23.342,-0.05681,0.293215,-0.329867
18-Jan-2025 14:37:23.358,-0.083689,0.382402,-0.325591
18-Jan-2025 14:37:23.374,-0.160658,0.51557,-0.288328
18-Jan-2025 14:37:23.391,-0.145386,0.565661,-0.264505
18-Jan-2025 14:37:23.406,0.111788,0.519846,-0.175929
18-Jan-2025 14:37:23.422,0.352469,0.488081,-0.07758
18-Jan-2025 14:37:23.438,0.442877,0.510683,-0.017104
18-Jan-2025 14:37:23.454,0.313374,0.514349,-0.021991
18-Jan-2025 14:37:23.471,0.181427,0.461203,-0.059254
18-Jan-2025 14:37:23.487,0.031154,0.337808,-0.098349
18-Jan-2025 14:37:23.503,-0.098349,0.237016,-0.122784
18-Jan-2025 14:37:23.519,-0.237627,0.170431,-0.099571
18-Jan-2025 14:37:23.535,-0.291383,0.259007,0.011606
18-Jan-2025 14:37:23.551,-0.369573,0.320093,0.145997
18-Jan-2025 14:37:23.567,-0.355524,0.337198,0.185703
18-Jan-2025 14:37:23.583,-0.257174,0.368963,0.173486
18-Jan-2025 14:37:23.599,-0.204029,0.357967,0.103236
18-Jan-2025 14:37:23.615,-0.159436,0.341474,0.018326
18-Jan-2025 14:37:23.632,-0.079412,0.298713,-0.059865
18-Jan-2025 14:37:23.647,-0.020159,0.259007,-0.085521
18-Jan-2025 14:37:23.663,0.020769,0.17654,-0.120951
18-Jan-2025 14:37:23.680,0,0.09896,-0.150884
18-Jan-2025 14:37:23.696,-0.047647,-0.010385,-0.14844
18-Jan-2025 14:37:23.712,-0.047037,-0.087354,-0.116064
18-Jan-2025 14:37:23.728,0.015272,-0.171653,-0.059865
18-Jan-2025 14:37:23.744,0.065363,-0.199753,-0.010996
18-Jan-2025 14:37:23.760,0.135001,-0.215025,0.059865
18-Jan-2025 14:37:23.776,0.189979,-0.241903,0.097128
18-Jan-2025 14:37:23.792,0.251066,-0.280387,0.111177
18-Jan-2025 14:37:23.808,0.31032,-0.327424,0.107512
18-Jan-2025 14:37:23.824,0.295048,-0.34575,0.081856
18-Jan-2025 14:37:23.840,0.206472,-0.375682,0.047647
18-Jan-2025 14:37:23.856,0.164934,-0.41661,0.045815
18-Jan-2025 14:37:23.873,0.285885,-0.474642,0.083689
18-Jan-2025 14:37:23.888,0.495412,-0.489303,0.163712
18-Jan-2025 14:37:23.905,0.662789,-0.519846,0.216857
18-Jan-2025 14:37:23.921,0.567494,-0.520457,0.251066
18-Jan-2025 14:37:23.937,0.209527,-0.489914,0.290772
18-Jan-2025 14:37:23.953,-0.11973,-0.457538,0.288328
18-Jan-2025 14:37:23.969,-0.36041,-0.42333,0.288939
18-Jan-2025 14:37:23.985,-0.488692,-0.444099,0.342695
18-Jan-2025 14:37:24.001,-0.49419,-0.493579,0.375682
18-Jan-2025 14:37:24.017,-0.48747,-0.57177,0.379958
18-Jan-2025 14:37:24.033,-0.489303,-0.633467,0.364687
18-Jan-2025 14:37:24.049,-0.400117,-0.682336,0.343917
18-Jan-2025 14:37:24.065,-0.229074,-0.69211,0.308487
18-Jan-2025 14:37:24.081,0.054367,-0.68478,0.186925
18-Jan-2025 14:37:24.097,0.224188,-0.689667,0.153938
18-Jan-2025 14:37:24.114,0.312763,-0.730595,0.161879
18-Jan-2025 14:37:24.130,0.238237,-0.821003,0.147829
18-Jan-2025 14:37:24.146,0.073304,-0.898583,0.103236
18-Jan-2025 14:37:24.162,-0.082467,-0.799623,0.045204
18-Jan-2025 14:37:24.178,-0.11973,-0.757473,0.133169
18-Jan-2025 14:37:24.194,-0.251066,-0.811229,0.175318
18-Jan-2025 14:37:24.210,-0.234572,-0.756251,0.177151
18-Jan-2025 14:37:24.226,-0.064141,-0.62858,0.228464
18-Jan-2025 14:37:24.242,-0.003054,-0.561996,0.253509
18-Jan-2025 14:37:24.258,-0.059254,-0.46609,0.178373
18-Jan-2025 14:37:24.274,-0.111177,-0.438601,0.073915
18-Jan-2025 14:37:24.290,-0.121562,-0.414167,-0.064141
18-Jan-2025 14:37:24.306,-0.097738,-0.344528,-0.106291
18-Jan-2025 14:37:24.322,-0.04215,-0.299935,-0.127671
18-Jan-2025 14:37:24.338,0.050702,-0.260229,-0.142332
18-Jan-2025 14:37:24.355,0.103236,-0.220522,-0.153938
18-Jan-2025 14:37:24.371,0.111177,-0.156382,-0.152105
18-Jan-2025 14:37:24.387,0.07758,-0.107512,-0.141721
18-Jan-2025 14:37:24.403,0.017104,-0.029322,-0.160658
18-Jan-2025 14:37:24.419,-0.006109,0.036041,-0.18387
18-Jan-2025 14:37:24.435,0.013439,0.131336,-0.199142
18-Jan-2025 14:37:24.451,0.04215,0.202807,-0.200975
18-Jan-2025 14:37:24.467,0.067195,0.255953,-0.222966
18-Jan-2025 14:37:24.483,0.086132,0.269392,-0.232129
18-Jan-2025 14:37:24.499,0.073304,0.271835,-0.221744
18-Jan-2025 14:37:24.515,-0.003665,0.281609,-0.205251
18-Jan-2025 14:37:24.531,-0.048258,0.301767,-0.19792
18-Jan-2025 14:37:24.547,-0.07025,0.340863,-0.184481
18-Jan-2025 14:37:24.563,-0.07086,0.387289,-0.189979
18-Jan-2025 14:37:24.579,0.012828,0.40928,-0.18387
18-Jan-2025 14:37:24.596,0.199753,0.362243,-0.154549
18-Jan-2025 14:37:24.611,0.409891,0.302989,-0.128893
18-Jan-2025 14:37:24.627,0.343917,0.273057,-0.11301
18-Jan-2025 14:37:24.643,0.112399,0.248011,-0.129503
18-Jan-2025 14:37:24.660,-0.000611,0.249233,-0.146608
18-Jan-2025 14:37:24.676,-0.067806,0.276722,-0.142942
18-Jan-2025 14:37:24.692,-0.09896,0.375682,-0.116675
18-Jan-2025 14:37:24.707,-0.076358,0.445932,-0.089797
18-Jan-2025 14:37:24.724,-0.052534,0.527177,-0.032376
18-Jan-2025 14:37:24.740,-0.045204,0.598648,0.00733
18-Jan-2025 14:37:24.756,-0.064752,0.738536,0.057421
18-Jan-2025 14:37:24.772,-0.130114,0.84727,0.062919
18-Jan-2025 14:37:24.788,-0.212581,0.935235,0.024435
18-Jan-2025 14:37:24.804,-0.208305,0.960891,-0.003054
18-Jan-2025 14:37:24.820,-0.170431,0.957837,-0.010996
18-Jan-2025 14:37:24.837,-0.154549,0.929126,-0.062308
18-Jan-2025 14:37:24.852,-0.133779,0.926072,-0.125838
18-Jan-2025 14:37:24.869,-0.086132,0.863763,-0.024435
18-Jan-2025 14:37:24.885,-0.072693,0.902859,0.030543
18-Jan-2025 14:37:24.901,-0.149051,0.95295,0.037263
18-Jan-2025 14:37:24.917,-0.210749,0.96028,0.024435
18-Jan-2025 14:37:24.933,-0.231518,0.968221,0.029322
18-Jan-2025 14:37:24.949,-0.198531,0.969443,0.06353
18-Jan-2025 14:37:24.965,-0.135001,0.967611,0.090408
18-Jan-2025 14:37:24.981,-0.115454,0.934013,0.087354
18-Jan-2025 14:37:24.997,-0.153327,0.845438,0.068417
18-Jan-2025 14:37:25.013,-0.208305,0.783129,0.055589
18-Jan-2025 14:37:25.029,-0.240681,0.775188,0.094684
18-Jan-2025 14:37:25.045,-0.212581,0.752586,0.171042
18-Jan-2025 14:37:25.062,-0.225409,0.680504,0.18387
18-Jan-2025 14:37:25.078,-0.219301,0.623083,0.200364
18-Jan-2025 14:37:25.094,-0.166155,0.618806,0.233351
18-Jan-2025 14:37:25.110,-0.129503,0.638354,0.279165
18-Jan-2025 14:37:25.126,-0.142332,0.676839,0.300546
18-Jan-2025 14:37:25.142,-0.140499,0.723264,0.302378
18-Jan-2025 14:37:25.158,-0.100793,0.72021,0.287107
18-Jan-2025 14:37:25.174,0.036652,0.696386,0.235183
18-Jan-2025 14:37:25.190,0.12034,0.702495,0.219301
18-Jan-2025 14:37:25.206,0.180205,0.680504,0.201586
18-Jan-2025 14:37:25.222,0.210138,0.668897,0.187536
18-Jan-2025 14:37:25.239,0.224798,0.64263,0.188757
18-Jan-2025 14:37:25.254,0.262061,0.580322,0.193033
18-Jan-2025 14:37:25.270,0.274278,0.539394,0.219911
18-Jan-2025 14:37:25.286,0.260229,0.502742,0.257785
18-Jan-2025 14:37:25.303,0.305433,0.485027,0.292604
18-Jan-2025 14:37:25.319,0.335365,0.425773,0.299324
18-Jan-2025 14:37:25.335,0.350637,0.375071,0.249844
18-Jan-2025 14:37:25.351,0.428827,0.243124,0.150884
18-Jan-2025 14:37:25.367,0.424551,0.157603,0.069028
18-Jan-2025 14:37:25.383,0.28955,0.057421,-0.008552
18-Jan-2025 14:37:25.399,0.090408,-0.015272,-0.083078
18-Jan-2025 14:37:25.415,0.016493,-0.013439,-0.065973
18-Jan-2025 14:37:25.431,-0.003665,0.054978,-0.04215
18-Jan-2025 14:37:25.447,-0.006109,0.103236,-0.073304
18-Jan-2025 14:37:25.463,0.003054,0.142942,-0.125838
18-Jan-2025 14:37:25.480,0.061697,0.175929,-0.166766
18-Jan-2025 14:37:25.495,0.180205,0.249233,-0.21197
18-Jan-2025 14:37:25.512,0.23274,0.257174,-0.244957
18-Jan-2025 14:37:25.527,0.188147,0.173486,-0.249844
18-Jan-2025 14:37:25.543,0.080634,0.169821,-0.265726
18-Jan-2025 14:37:25.560,-0.062308,0.221744,-0.28955
18-Jan-2025 14:37:25.576,-0.230907,0.370184,-0.277333
18-Jan-2025 14:37:25.592,-0.342085,0.505796,-0.186925
18-Jan-2025 14:37:25.608,-0.498466,0.568105,-0.173486
18-Jan-2025 14:37:25.624,-0.532674,0.618806,-0.244346
18-Jan-2025 14:37:25.640,-0.505186,0.869872,-0.237016
18-Jan-2025 14:37:25.656,-0.465479,1.061073,-0.18326
18-Jan-2025 14:37:25.672,-0.389732,1.330464,-0.114232
18-Jan-2025 14:37:25.688,-0.317039,1.522887,-0.109956
18-Jan-2025 14:37:25.704,-0.24679,1.670716,-0.13439
18-Jan-2025 14:37:25.721,-0.224798,1.712255,-0.16921
18-Jan-2025 14:37:25.736,-0.202807,1.743409,-0.222355
18-Jan-2025 14:37:25.753,-0.160658,1.776396,-0.245568
18-Jan-2025 14:37:25.768,-0.120951,1.806329,-0.212581
18-Jan-2025 14:37:25.784,-0.074526,1.852143,-0.143553
18-Jan-2025 14:37:25.801,-0.07758,1.880854,-0.127671
18-Jan-2025 14:37:25.817,-0.100793,1.918117,-0.142332
18-Jan-2025 14:37:25.833,-0.086743,1.923004,-0.161879
18-Jan-2025 14:37:25.849,-0.128282,1.910787,-0.217468
18-Jan-2025 14:37:25.865,-0.14844,1.908343,-0.2474
18-Jan-2025 14:37:25.881,-0.096517,1.923615,-0.252287
18-Jan-2025 14:37:25.897,-0.080634,1.98409,-0.231518
18-Jan-2025 14:37:25.913,-0.094684,2.057394,-0.201586
18-Jan-2025 14:37:25.929,-0.080023,2.171626,-0.177762
18-Jan-2025 14:37:25.945,-0.012828,2.230269,-0.170431
18-Jan-2025 14:37:25.962,0.179594,2.262645,-0.154549
18-Jan-2025 14:37:25.978,0.299935,2.249206,-0.158214
18-Jan-2025 14:37:25.993,0.100793,2.263867,-0.205251
18-Jan-2025 14:37:26.009,-0.237627,2.33656,-0.276111
18-Jan-2025 14:37:26.026,-0.590096,2.403755,-0.32498
18-Jan-2025 14:37:26.042,-0.731817,2.448959,-0.323759
18-Jan-2025 14:37:26.058,-0.881479,2.538756,-0.314596
18-Jan-2025 14:37:26.074,-0.967611,2.605951,-0.321315
18-Jan-2025 14:37:26.090,-0.968832,2.63344,-0.394008
18-Jan-2025 14:37:26.106,-0.852157,2.599843,-0.467312
18-Jan-2025 14:37:26.122,-0.71288,2.601675,-0.466701
18-Jan-2025 14:37:26.138,-0.547946,2.645046,-0.329256
18-Jan-2025 14:37:26.154,-0.504575,2.683531,-0.315206
18-Jan-2025 14:37:26.170,-0.585209,2.687196,-0.363465
18-Jan-2025 14:37:26.186,-0.667065,2.595567,-0.438601
18-Jan-2025 14:37:26.203,-0.725097,2.489887,-0.489914
18-Jan-2025 14:37:26.218,-0.711047,2.459343,-0.440434
18-Jan-2025 14:37:26.235,-0.654237,2.4007,-0.285885
18-Jan-2025 14:37:26.251,-0.602313,2.340225,-0.133169
18-Jan-2025 14:37:26.267,-0.526566,2.354275,0.003054
18-Jan-2025 14:37:26.283,-0.46609,2.441018,0.095906
18-Jan-2025 14:37:26.299,-0.479529,2.459954,0.104458
18-Jan-2025 14:37:26.315,-0.514959,2.434298,0.092241
18-Jan-2025 14:37:26.331,-0.510683,2.394592,0.098349
18-Jan-2025 14:37:26.347,-0.456316,2.35122,0.111177
18-Jan-2025 14:37:26.363,-0.387899,2.349388,0.155771
18-Jan-2025 14:37:26.379,-0.307876,2.401922,0.221744
18-Jan-2025 14:37:26.395,-0.267559,2.447126,0.243124
18-Jan-2025 14:37:26.411,-0.218079,2.483778,0.280387
18-Jan-2025 14:37:26.428,-0.178373,2.516154,0.306654
18-Jan-2025 14:37:26.444,-0.146608,2.536923,0.311541
18-Jan-2025 14:37:26.459,-0.080023,2.518597,0.311541
18-Jan-2025 14:37:26.475,-0.039095,2.49905,0.308487
18-Jan-2025 14:37:26.492,-0.051924,2.420859,0.298713
18-Jan-2025 14:37:26.508,-0.08491,2.329229,0.301767
18-Jan-2025 14:37:26.524,-0.102014,2.212554,0.302989
18-Jan-2025 14:37:26.540,-0.100793,2.138639,0.288328
18-Jan-2025 14:37:26.556,-0.111788,2.071444,0.265116
18-Jan-2025 14:37:26.572,-0.126449,2.047009,0.249844
18-Jan-2025 14:37:26.588,-0.143553,2.012801,0.251066
18-Jan-2025 14:37:26.605,-0.155771,1.980425,0.269392
18-Jan-2025 14:37:26.621,-0.152105,1.954769,0.298713
18-Jan-2025 14:37:26.637,-0.081856,1.940719,0.328645
18-Jan-2025 14:37:26.653,0.015272,1.911397,0.342085
18-Jan-2025 14:37:26.669,0.080023,1.836872,0.329256
18-Jan-2025 14:37:26.685,0.139888,1.766011,0.304822
18-Jan-2025 14:37:26.701,0.302378,1.670716,0.2755
18-Jan-2025 14:37:26.717,0.385456,1.605354,0.263894
18-Jan-2025 14:37:26.733,0.362243,1.550376,0.240681
18-Jan-2025 14:37:26.749,0.26817,1.556485,0.213803
18-Jan-2025 14:37:26.765,0.114232,1.571756,0.175929
18-Jan-2025 14:37:26.781,0.040317,1.591915,0.172264
18-Jan-2025 14:37:26.797,0.031154,1.615128,0.185092
18-Jan-2025 14:37:26.813,0.047647,1.519833,0.161268
18-Jan-2025 14:37:26.829,0.045204,1.425149,0.120951
18-Jan-2025 14:37:26.846,0.08491,1.271211,0.051924
18-Jan-2025 14:37:26.861,0.143553,1.170418,0.046426
18-Jan-2025 14:37:26.878,0.205251,1.049466,0.059254
18-Jan-2025 14:37:26.894,0.241292,0.951728,0.082467
18-Jan-2025 14:37:26.910,0.265116,0.86865,0.086743
18-Jan-2025 14:37:26.926,0.205251,0.817949,0.059254
18-Jan-2025 14:37:26.942,0.061697,0.749532,0.050702
18-Jan-2025 14:37:26.958,-0.059865,0.658513,0.074526
18-Jan-2025 14:37:26.974,-0.226631,0.541227,0.103847
18-Jan-2025 14:37:26.990,-0.326813,0.504575,0.144164
18-Jan-2025 14:37:27.006,-0.401949,0.524733,0.181427
18-Jan-2025 14:37:27.022,-0.420275,0.56505,0.255342
18-Jan-2025 14:37:27.038,-0.369573,0.584598,0.332922
18-Jan-2025 14:37:27.054,-0.266948,0.62125,0.419054
18-Jan-2025 14:37:27.070,-0.194866,0.653015,0.439823
18-Jan-2025 14:37:27.087,-0.117286,0.666454,0.419054
18-Jan-2025 14:37:27.102,-0.073915,0.646906,0.372017
18-Jan-2025 14:37:27.118,-0.047647,0.567494,0.290772
18-Jan-2025 14:37:27.134,-0.053756,0.486249,0.232129
18-Jan-2025 14:37:27.151,-0.067195,0.392175,0.182649
18-Jan-2025 14:37:27.167,-0.072693,0.349415,0.186314
18-Jan-2025 14:37:27.183,-0.05681,0.393397,0.198531
18-Jan-2025 14:37:27.199,-0.034208,0.418443,0.204029
18-Jan-2025 14:37:27.215,-0.055589,0.436158,0.166155
18-Jan-2025 14:37:27.231,-0.125838,0.450208,0.076358
18-Jan-2025 14:37:27.247,-0.153938,0.459371,0.008552
18-Jan-2025 14:37:27.263,-0.135612,0.450819,-0.047037
18-Jan-2025 14:37:27.279,-0.116064,0.44471,-0.075747
18-Jan-2025 14:37:27.295,-0.107512,0.406836,-0.102625
18-Jan-2025 14:37:27.311,-0.119119,0.356134,-0.129503
18-Jan-2025 14:37:27.328,-0.128893,0.312152,-0.170431
18-Jan-2025 14:37:27.344,-0.114843,0.321926,-0.191812
18-Jan-2025 14:37:27.360,-0.082467,0.324369,-0.207083
18-Jan-2025 14:37:27.375,-0.050702,0.264505,-0.217468
18-Jan-2025 14:37:27.392,-0.022602,0.205251,-0.236405
18-Jan-2025 14:37:27.408,0.011606,0.146608,-0.248011
18-Jan-2025 14:37:27.424,0.020159,0.116675,-0.245568
18-Jan-2025 14:37:27.440,0.015272,0.079412,-0.19792
18-Jan-2025 14:37:27.456,0.015272,0.022602,-0.188147
18-Jan-2025 14:37:27.472,0.025656,-0.105069,-0.227853
18-Jan-2025 14:37:27.488,0.0281,-0.202807,-0.271224
18-Jan-2025 14:37:27.504,0.081245,-0.178984,-0.299935
18-Jan-2025 14:37:27.520,0.196088,-0.158825,-0.33903
18-Jan-2025 14:37:27.536,0.237016,-0.158825,-0.361632
18-Jan-2025 14:37:27.552,0.339641,-0.156992,-0.390343
18-Jan-2025 14:37:27.569,0.493579,-0.179594,-0.397673
18-Jan-2025 14:37:27.585,0.595594,-0.246179,-0.375071
18-Jan-2025 14:37:27.601,0.456316,-0.273668,-0.309098
18-Jan-2025 14:37:27.616,0.171042,-0.170431,-0.188757
18-Jan-2025 14:37:27.633,0.064752,-0.111788,-0.235183
18-Jan-2025 14:37:27.649,0.101404,-0.09163,-0.304822
18-Jan-2025 14:37:27.665,0.169821,0.062308,-0.276111
18-Jan-2025 14:37:27.681,0.231518,0.243124,-0.224188
18-Jan-2025 14:37:27.697,0.296881,0.337198,-0.213192
18-Jan-2025 14:37:27.713,0.295048,0.384234,-0.250455
18-Jan-2025 14:37:27.729,0.189979,0.448375,-0.328645
18-Jan-2025 14:37:27.745,0.103236,0.521679,-0.38851
18-Jan-2025 14:37:27.761,0.067195,0.604757,-0.513738
18-Jan-2025 14:37:27.777,0.059865,0.629802,-0.536951
18-Jan-2025 14:37:27.793,-0.026878,0.492357,-0.376293
18-Jan-2025 14:37:27.810,-0.080634,0.37446,-0.194255
18-Jan-2025 14:37:27.826,-0.04948,0.301767,-0.112399
18-Jan-2025 14:37:27.842,-0.032987,0.309098,-0.103847
18-Jan-2025 14:37:27.858,-0.047037,0.300546,-0.102625
18-Jan-2025 14:37:27.874,-0.106901,0.249233,-0.053145
18-Jan-2025 14:37:27.890,-0.14844,0.259618,0.020159
18-Jan-2025 14:37:27.906,-0.18387,0.273057,0.053145
18-Jan-2025 14:37:27.922,-0.194255,0.291383,0.060476
18-Jan-2025 14:37:27.938,-0.202807,0.362243,0.052534
18-Jan-2025 14:37:27.954,-0.209527,0.383013,0.048869
18-Jan-2025 14:37:27.970,-0.221744,0.331089,0.052534
18-Jan-2025 14:37:27.986,-0.222355,0.274889,0.060476
18-Jan-2025 14:37:28.002,-0.213192,0.200975,0.075747
18-Jan-2025 14:37:28.018,-0.208305,0.125838,0.12034
18-Jan-2025 14:37:28.034,-0.208916,0.076358,0.164934
18-Jan-2025 14:37:28.051,-0.194255,0.065973,0.208305
18-Jan-2025 14:37:28.066,-0.179594,0.095295,0.233961
18-Jan-2025 14:37:28.083,-0.166155,0.127671,0.285274
18-Jan-2025 14:37:28.099,-0.14844,0.124617,0.315817
18-Jan-2025 14:37:28.115,-0.107512,0.107512,0.309709
18-Jan-2025 14:37:28.131,-0.074526,0.111177,0.316428
18-Jan-2025 14:37:28.147,-0.045204,0.067806,0.325591
18-Jan-2025 14:37:28.163,-0.003054,0.026878,0.332311
18-Jan-2025 14:37:28.179,0.112399,-0.006109,0.381791
18-Jan-2025 14:37:28.195,0.205251,-0.011606,0.405615
18-Jan-2025 14:37:28.212,0.254731,0.018326,0.44471
18-Jan-2025 14:37:28.227,0.227242,0.025656,0.433103
18-Jan-2025 14:37:28.243,0.166766,-0.0281,0.336587
18-Jan-2025 14:37:28.260,0.113621,-0.139888,0.278555
18-Jan-2025 14:37:28.275,0.168599,-0.172875,0.304211
18-Jan-2025 14:37:28.292,0.304211,-0.290772,0.324369
18-Jan-2025 14:37:28.307,0.329867,-0.343917,0.34575
18-Jan-2025 14:37:28.324,0.410501,-0.342085,0.369573
18-Jan-2025 14:37:28.340,0.514349,-0.352469,0.376293
18-Jan-2025 14:37:28.356,0.514959,-0.428217,0.37385
18-Jan-2025 14:37:28.372,0.392786,-0.408058,0.482584
18-Jan-2025 14:37:28.388,0.178373,-0.383013,0.42333
18-Jan-2025 14:37:28.404,-0.102625,-0.456927,0.178373
18-Jan-2025 14:37:28.420,-0.231518,-0.483194,0.072693
18-Jan-2025 14:37:28.436,-0.3317,-0.445932,-0.017104
18-Jan-2025 14:37:28.453,-0.323148,-0.478918,-0.06353
18-Jan-2025 14:37:28.468,-0.125838,-0.554666,-0.085521
18-Jan-2025 14:37:28.484,0.073304,-0.524733,-0.128893
18-Jan-2025 14:37:28.501,0.211359,-0.392786,-0.161879
18-Jan-2025 14:37:28.517,0.255953,-0.3036,-0.163101
18-Jan-2025 14:37:28.533,0.309098,-0.3036,-0.182038
18-Jan-2025 14:37:28.549,0.233351,-0.425162,-0.208305
18-Jan-2025 14:37:28.565,0.013439,-0.610254,-0.224188
18-Jan-2025 14:37:28.581,-0.093462,-0.613309,-0.313985
18-Jan-2025 14:37:28.597,-0.193644,-0.57177,-0.230907
18-Jan-2025 14:37:28.613,-0.387289,-0.517403,-0.054367
18-Jan-2025 14:37:28.629,-0.428217,-0.531453,-0.06353
18-Jan-2025 14:37:28.645,-0.352469,-0.422719,-0.046426
18-Jan-2025 14:37:28.661,-0.279776,-0.293215,-0.022602
18-Jan-2025 14:37:28.677,-0.174707,-0.139277,-0.052534
18-Jan-2025 14:37:28.694,-0.095906,-0.095906,-0.091019
18-Jan-2025 14:37:28.709,-0.032376,-0.072693,-0.175929
18-Jan-2025 14:37:28.725,-0.027489,-0.084299,-0.245568
18-Jan-2025 14:37:28.741,-0.03543,-0.112399,-0.301767
18-Jan-2025 14:37:28.757,-0.026267,-0.09163,-0.277944
18-Jan-2025 14:37:28.774,-0.01405,-0.05681,-0.215635
18-Jan-2025 14:37:28.790,-0.030543,0.028711,-0.140499
18-Jan-2025 14:37:28.806,-0.054367,0.073915,-0.105069
18-Jan-2025 14:37:28.822,-0.047647,0.12034,-0.094073
18-Jan-2025 14:37:28.838,-0.038485,0.171042,-0.097738
18-Jan-2025 14:37:28.854,-0.034819,0.187536,-0.121562
18-Jan-2025 14:37:28.870,-0.010385,0.168599,-0.151495
18-Jan-2025 14:37:28.886,0.033598,0.164934,-0.186925
18-Jan-2025 14:37:28.902,0.034208,0.182649,-0.197309
18-Jan-2025 14:37:28.918,-0.012217,0.155771,-0.207083
18-Jan-2025 14:37:28.935,-0.041539,0.164934,-0.221133
18-Jan-2025 14:37:28.950,-0.050702,0.199142,-0.213803
18-Jan-2025 14:37:28.966,-0.067806,0.264505,-0.172264
18-Jan-2025 14:37:28.982,-0.081856,0.344528,-0.175929
18-Jan-2025 14:37:28.998,-0.102014,0.434936,-0.227853
18-Jan-2025 14:37:29.015,-0.102625,0.482584,-0.284663
18-Jan-2025 14:37:29.031,-0.0562,0.544281,-0.370795
18-Jan-2025 14:37:29.047,0.012828,0.552833,-0.430049
18-Jan-2025 14:37:29.063,0.216246,0.49419,-0.455705
18-Jan-2025 14:37:29.079,0.43066,0.45876,-0.471588
18-Jan-2025 14:37:29.095,0.430049,0.462425,-0.503964
18-Jan-2025 14:37:29.111,0.126449,0.478918,-0.497244
18-Jan-2025 14:37:29.127,-0.132558,0.569937,-0.470366
18-Jan-2025 14:37:29.143,-0.210749,0.676228,-0.42333
18-Jan-2025 14:37:29.159,-0.171653,0.695165,-0.342695
18-Jan-2025 14:37:29.176,-0.238848,0.704328,-0.216857
18-Jan-2025 14:37:29.192,-0.317039,0.676228,-0.103236
18-Jan-2025 14:37:29.207,-0.23274,0.810007,-0.073915
18-Jan-2025 14:37:29.224,-0.061087,0.913244,0.001833
18-Jan-2025 14:37:29.240,0.166155,0.953561,0.314596
18-Jan-2025 14:37:29.256,0.229074,0.865596,0.406836
18-Jan-2025 14:37:29.272,0.152716,0.846048,0.256563
18-Jan-2025 14:37:29.288,0.058643,0.841161,0.180205
18-Jan-2025 14:37:29.304,-0.009163,0.687834,0.145997
18-Jan-2025 14:37:29.320,-0.069639,0.36713,0.147829
18-Jan-2025 14:37:29.336,-0.089186,0.215025,0.180816
18-Jan-2025 14:37:29.352,-0.144164,0.17654,0.307265
18-Jan-2025 14:37:29.368,-0.182649,0.229074,0.390954
18-Jan-2025 14:37:29.384,-0.182038,0.302378,0.491747
18-Jan-2025 14:37:29.400,-0.166766,0.296881,0.45876
18-Jan-2025 14:37:29.417,-0.164323,0.244346,0.372017
18-Jan-2025 14:37:29.433,-0.157603,0.216857,0.353691
18-Jan-2025 14:37:29.448,-0.14844,0.180816,0.336587
18-Jan-2025 14:37:29.465,-0.145997,0.158214,0.315817
18-Jan-2025 14:37:29.481,-0.146608,0.182649,0.338419
18-Jan-2025 14:37:29.497,-0.102014,0.297491,0.339641
18-Jan-2025 14:37:29.513,-0.050702,0.337198,0.370184
18-Jan-2025 14:37:29.529,-0.00733,0.314596,0.351858
18-Jan-2025 14:37:29.545,0.012217,0.277333,0.376293
18-Jan-2025 14:37:29.561,0.047037,0.216857,0.424551
18-Jan-2025 14:37:29.577,0.095906,0.232129,0.472199
18-Jan-2025 14:37:29.593,0.096517,0.177762,0.535118
18-Jan-2025 14:37:29.609,0.064141,0.150884,0.538172
18-Jan-2025 14:37:29.625,0.04215,0.078802,0.554055
18-Jan-2025 14:37:29.641,0.039706,-0.12034,0.605367
18-Jan-2025 14:37:29.658,0.034819,-0.221133,0.623693
18-Jan-2025 14:37:29.674,0.009163,-0.273057,0.634078
18-Jan-2025 14:37:29.689,-0.013439,-0.348193,0.62858
18-Jan-2025 14:37:29.705,0.01405,-0.411112,0.519846
18-Jan-2025 14:37:29.722,0.09896,-0.411112,0.397673
18-Jan-2025 14:37:29.738,0.196699,-0.346361,0.217468
18-Jan-2025 14:37:29.754,0.279776,-0.282831,0.076358
18-Jan-2025 14:37:29.770,0.330478,-0.418443,-0.029322
18-Jan-2025 14:37:29.786,0.293826,-0.542448,-0.019548
18-Jan-2025 14:37:29.802,0.146608,-0.69211,-0.054367
18-Jan-2025 14:37:29.818,-0.096517,-0.808175,-0.115454
18-Jan-2025 14:37:29.834,-0.161268,-0.838718,-0.086132
18-Jan-2025 14:37:29.850,-0.122173,-0.928515,0.010996
18-Jan-2025 14:37:29.866,-0.108123,-1.007928,-0.00733
18-Jan-2025 14:37:29.882,-0.110567,-1.131322,-0.122784
18-Jan-2025 14:37:29.899,-0.06353,-1.113607,-0.186925
18-Jan-2025 14:37:29.914,0.045204,-0.888198,-0.177762
18-Jan-2025 14:37:29.931,0.097128,-0.715934,-0.210138
18-Jan-2025 14:37:29.947,0.156382,-0.643852,-0.276722
18-Jan-2025 14:37:29.963,0.206472,-0.679282,-0.346971
18-Jan-2025 14:37:29.979,0.174707,-0.752586,-0.463036
18-Jan-2025 14:37:29.995,0.046426,-0.756862,-0.659124
18-Jan-2025 14:37:30.011,-0.073304,-0.791071,-0.827722
18-Jan-2025 14:37:30.027,-0.102014,-0.687223,-0.742812
18-Jan-2025 14:37:30.043,-0.087354,-0.571159,-0.571159
18-Jan-2025 14:37:30.059,-0.186314,-0.608422,-0.34575
18-Jan-2025 14:37:30.075,-0.26817,-0.64935,-0.205251
18-Jan-2025 14:37:30.091,-0.259007,-0.594372,-0.053756
18-Jan-2025 14:37:30.107,-0.194866,-0.467312,0.046426
18-Jan-2025 14:37:30.123,-0.108734,-0.311541,0.105069
18-Jan-2025 14:37:30.140,-0.045204,-0.277944,0.064141
18-Jan-2025 14:37:30.155,-0.015882,-0.288939,-0.047647
18-Jan-2025 14:37:30.171,-0.033598,-0.320093,-0.201586
18-Jan-2025 14:37:30.188,-0.07758,-0.361632,-0.244346
18-Jan-2025 14:37:30.204,-0.110567,-0.342695,-0.24679
18-Jan-2025 14:37:30.220,-0.089186,-0.281609,-0.194866
18-Jan-2025 14:37:30.236,-0.00672,-0.199753,-0.109956
18-Jan-2025 14:37:30.252,0.062919,-0.138056,-0.076969
18-Jan-2025 14:37:30.268,0.11973,-0.058032,-0.081856
18-Jan-2025 14:37:30.284,0.14111,0.007941,-0.106901
18-Jan-2025 14:37:30.300,0.121562,0.087354,-0.171042
18-Jan-2025 14:37:30.316,0.09163,0.155771,-0.207083
18-Jan-2025 14:37:30.332,0.072082,0.287718,-0.221133
18-Jan-2025 14:37:30.348,0.067195,0.502131,-0.3317
18-Jan-2025 14:37:30.364,0.147219,0.556498,-0.549168
18-Jan-2025 14:37:30.381,0.389732,0.482584,-0.537561
18-Jan-2025 14:37:30.397,0.569937,0.461814,-0.48747
18-Jan-2025 14:37:30.413,0.337808,0.80451,-0.083689
18-Jan-2025 14:37:30.428,-0.027489,1.262048,-0.018326
18-Jan-2025 14:37:30.445,-0.323148,1.337184,-0.28222
18-Jan-2025 14:37:30.461,-0.324369,1.050077,-0.485638
18-Jan-2025 14:37:30.477,-0.284052,1.036027,-0.368963
18-Jan-2025 14:37:30.493,-0.319483,1.245554,-0.19792
18-Jan-2025 14:37:30.509,-0.345139,1.393994,-0.062919
18-Jan-2025 14:37:30.525,-0.276722,1.474018,0.000611
18-Jan-2025 14:37:30.540,-0.157603,1.500285,0.026267
18-Jan-2025 14:37:30.557,0.015272,1.491733,0.045204
18-Jan-2025 14:37:30.573,0.064752,1.500285,-0.034208
18-Jan-2025 14:37:30.589,0.044593,1.455081,-0.199753
18-Jan-2025 14:37:30.605,0.012217,1.406212,-0.276722
18-Jan-2025 14:37:30.622,-0.04948,1.406823,-0.284663
18-Jan-2025 14:37:30.638,-0.116064,1.467909,-0.238848
18-Jan-2025 14:37:30.654,-0.174097,1.488679,-0.116675
18-Jan-2025 14:37:30.670,-0.220522,1.465466,0.036652
18-Jan-2025 14:37:30.686,-0.259007,1.459968,0.137445
18-Jan-2025 14:37:30.702,-0.260229,1.422705,0.210749
18-Jan-2025 14:37:30.718,-0.224188,1.380556,0.220522
18-Jan-2025 14:37:30.734,-0.186314,1.373225,0.188147
18-Jan-2025 14:37:30.750,-0.174707,1.384221,0.146608
18-Jan-2025 14:37:30.766,-0.177151,1.360397,0.110567
18-Jan-2025 14:37:30.783,-0.180205,1.305419,0.089797
18-Jan-2025 14:37:30.798,-0.192423,1.200961,0.059865
18-Jan-2025 14:37:30.814,-0.187536,1.132544,0.054978
18-Jan-2025 14:37:30.830,-0.200364,1.017091,0.135001
18-Jan-2025 14:37:30.846,-0.238237,0.920574,0.158214
18-Jan-2025 14:37:30.863,-0.219301,0.879646,0.196699
18-Jan-2025 14:37:30.878,-0.117897,0.877813,0.240681
18-Jan-2025 14:37:30.894,0.009774,0.860709,0.263894
18-Jan-2025 14:37:30.911,0.133169,0.841772,0.254731
18-Jan-2025 14:37:30.927,0.188147,0.807564,0.191812
18-Jan-2025 14:37:30.943,0.246179,0.69211,0.120951
18-Jan-2025 14:37:30.959,0.269392,0.596204,0.106901
18-Jan-2025 14:37:30.975,0.281609,0.541227,0.113621
18-Jan-2025 14:37:30.991,0.340252,0.521068,0.126449
18-Jan-2025 14:37:31.007,0.465479,0.520457,0.17654
18-Jan-2025 14:37:31.023,0.485638,0.542448,0.222966
18-Jan-2025 14:37:31.039,0.445321,0.518014,0.263283
18-Jan-2025 14:37:31.055,0.377515,0.45876,0.334143
18-Jan-2025 14:37:31.072,0.207694,0.406836,0.323759
18-Jan-2025 14:37:31.087,-0.112399,0.279165,0.147829
18-Jan-2025 14:37:31.104,-0.196088,0.175318,0.033598
18-Jan-2025 14:37:31.119,-0.14111,0.079412,-0.05681
18-Jan-2025 14:37:31.136,-0.130725,0.161268,-0.075136
18-Jan-2025 14:37:31.152,-0.171653,0.31032,-0.073915
18-Jan-2025 14:37:31.168,-0.108734,0.383013,-0.089186
18-Jan-2025 14:37:31.184,0.103847,0.443488,-0.122173
18-Jan-2025 14:37:31.200,0.254731,0.470977,-0.161879
18-Jan-2025 14:37:31.216,0.295048,0.475253,-0.215635
18-Jan-2025 14:37:31.232,0.211359,0.436769,-0.224798
18-Jan-2025 14:37:31.248,0.036041,0.457538,-0.24007
18-Jan-2025 14:37:31.265,-0.2755,0.395841,-0.256563
18-Jan-2025 14:37:31.280,-0.384234,0.453873,-0.186314
18-Jan-2025 14:37:31.296,-0.412334,0.967,0.003054
18-Jan-2025 14:37:31.312,-0.477697,1.232726,0.067806
18-Jan-2025 14:37:31.328,-0.453873,1.342071,0.136834
18-Jan-2025 14:37:31.345,-0.411112,1.421483,0.103236
18-Jan-2025 14:37:31.360,-0.327424,1.610241,0.050091
18-Jan-2025 14:37:31.376,-0.248622,1.844813,-0.023824
18-Jan-2025 14:37:31.393,-0.155771,2.032959,-0.125227
18-Jan-2025 14:37:31.409,-0.043371,2.109929,-0.307265
18-Jan-2025 14:37:31.425,-0.009163,2.014023,-0.399506
18-Jan-2025 14:37:31.441,-0.062308,2.045788,-0.395841
18-Jan-2025 14:37:31.457,-0.095906,2.108096,-0.325591
18-Jan-2025 14:37:31.473,-0.053756,2.149024,-0.219301
18-Jan-2025 14:37:31.489,-0.011606,2.144137,-0.167988
18-Jan-2025 14:37:31.506,-0.012217,2.193006,-0.15516
18-Jan-2025 14:37:31.521,-0.001833,2.337781,-0.16249
18-Jan-2025 14:37:31.537,0.205251,2.552195,-0.153938
18-Jan-2025 14:37:31.553,0.357967,2.643214,-0.14844
18-Jan-2025 14:37:31.569,0.193644,2.83136,-0.255342
18-Jan-2025 14:37:31.586,0.108734,2.80998,-0.44471
18-Jan-2025 14:37:31.601,0.215025,2.835636,-0.591318
18-Jan-2025 14:37:31.618,0.32498,2.431244,-0.730595
18-Jan-2025 14:37:31.634,0.351248,2.479502,-0.789849
18-Jan-2025 14:37:31.650,0.340252,2.376266,-0.798401
18-Jan-2025 14:37:31.666,0.086132,2.440407,-0.824668
18-Jan-2025 14:37:31.682,-0.368963,2.524706,-0.831388
18-Jan-2025 14:37:31.698,-0.596204,2.481946,-0.816727
18-Jan-2025 14:37:31.714,-0.714712,2.510045,-0.702495
18-Jan-2025 14:37:31.730,-0.771523,2.463619,-0.598648
18-Jan-2025 14:37:31.746,-0.831998,2.445294,-0.50152
18-Jan-2025 14:37:31.762,-0.888198,2.457511,-0.356134
18-Jan-2025 14:37:31.778,-0.883311,2.426357,-0.321315
18-Jan-2025 14:37:31.794,-0.795347,2.404976,-0.281609
18-Jan-2025 14:37:31.810,-0.655458,2.397646,-0.232129
18-Jan-2025 14:37:31.827,-0.51557,2.397035,-0.191201
18-Jan-2025 14:37:31.842,-0.460592,2.370157,-0.19059
18-Jan-2025 14:37:31.859,-0.450208,2.26631,-0.103236
18-Jan-2025 14:37:31.875,-0.456316,2.196061,-0.026878
18-Jan-2025 14:37:31.891,-0.428217,2.23088,0.109345
18-Jan-2025 14:37:31.907,-0.334143,2.452013,0.285885
18-Jan-2025 14:37:31.923,-0.225409,2.485,0.413556
18-Jan-2025 14:37:31.939,-0.189979,2.335338,0.534507
18-Jan-2025 14:37:31.955,-0.088575,2.293799,0.631635
18-Jan-2025 14:37:31.971,0.087965,2.396424,0.597426
18-Jan-2025 14:37:31.987,0.229685,2.378098,0.536951
18-Jan-2025 14:37:32.003,0.20464,2.345112,0.371406
18-Jan-2025 14:37:32.019,0.161879,2.317623,0.290772
18-Jan-2025 14:37:32.035,0.216857,2.353053,0.13439
18-Jan-2025 14:37:32.051,0.249844,2.382985,0.053145
18-Jan-2025 14:37:32.068,0.335365,2.35122,-0.097738
18-Jan-2025 14:37:32.083,0.444099,2.304184,-0.236405
18-Jan-2025 14:37:32.099,0.568105,2.133142,-0.293826
18-Jan-2025 14:37:32.115,0.485638,2.127033,0.089797
18-Jan-2025 14:37:32.132,0.419054,2.163074,0.286496
18-Jan-2025 14:37:32.148,0.357356,2.222939,0.497244
18-Jan-2025 14:37:32.164,0.252898,2.13192,0.459982
18-Jan-2025 14:37:32.180,0.105069,1.97676,0.386678
18-Jan-2025 14:37:32.196,0.114843,1.847867,0.231518
18-Jan-2025 14:37:32.212,0.131336,1.629178,0.050091
18-Jan-2025 14:37:32.228,0.111788,1.505172,-0.029322
18-Jan-2025 14:37:32.244,0.095906,1.463022,-0.092241
18-Jan-2025 14:37:32.260,0.107512,1.445918,-0.089186
18-Jan-2025 14:37:32.276,0.094073,1.420262,-0.072082
18-Jan-2025 14:37:32.292,0.076358,1.26388,-0.069028
18-Jan-2025 14:37:32.309,0.128282,1.16492,-0.088575
18-Jan-2025 14:37:32.325,0.248622,1.05863,-0.168599
18-Jan-2025 14:37:32.340,0.302989,1.014036,-0.225409
18-Jan-2025 14:37:32.356,0.301767,0.985326,-0.312763
18-Jan-2025 14:37:32.372,0.329256,1.008538,-0.392175
18-Jan-2025 14:37:32.389,0.456316,1.010982,-0.408669
18-Jan-2025 14:37:32.405,0.547946,1.051299,-0.383623
18-Jan-2025 14:37:32.421,0.463647,1.15759,-0.364076
18-Jan-2025 14:37:32.437,0.246179,1.167974,-0.351858
18-Jan-2025 14:37:32.453,0.025656,1.152092,-0.372628
18-Jan-2025 14:37:32.469,-0.135001,1.145372,-0.326813
18-Jan-2025 14:37:32.485,-0.180816,1.080621,-0.236405
18-Jan-2025 14:37:32.501,-0.138666,0.894918,-0.12034
18-Jan-2025 14:37:32.517,-0.054367,0.778242,-0.029932
18-Jan-2025 14:37:32.533,0.090408,0.687834,0.020769
18-Jan-2025 14:37:32.550,0.156382,0.720821,0.013439
18-Jan-2025 14:37:32.565,0.194255,0.761749,0.03543
18-Jan-2025 14:37:32.581,0.139277,0.69883,0.026878
18-Jan-2025 14:37:32.598,-0.017715,0.538172,-0.045204
18-Jan-2025 14:37:32.614,-0.159436,0.456927,-0.103847
18-Jan-2025 14:37:32.630,-0.3317,0.325591,-0.161879
18-Jan-2025 14:37:32.646,-0.525344,0.309098,-0.145386
18-Jan-2025 14:37:32.662,-0.591318,0.372017,-0.067806
18-Jan-2025 14:37:32.678,-0.5791,0.47281,0.069028
18-Jan-2025 14:37:32.694,-0.549168,0.518625,0.158214
18-Jan-2025 14:37:32.710,-0.50152,0.53634,0.268781
18-Jan-2025 14:37:32.726,-0.464258,0.584598,0.354302
18-Jan-2025 14:37:32.742,-0.370184,0.578489,0.387899
18-Jan-2025 14:37:32.758,-0.313374,0.506407,0.308487
18-Jan-2025 14:37:32.774,-0.272446,0.481362,0.186314
18-Jan-2025 14:37:32.791,-0.263283,0.514349,0.02138
18-Jan-2025 14:37:32.807,-0.230296,0.502742,-0.059865
18-Jan-2025 14:37:32.823,-0.151495,0.463036,-0.139277
18-Jan-2025 14:37:32.839,-0.118508,0.43738,-0.149051
18-Jan-2025 14:37:32.855,-0.089797,0.431882,-0.144775
18-Jan-2025 14:37:32.871,-0.073304,0.428217,-0.167377
18-Jan-2025 14:37:32.887,-0.058032,0.417221,-0.223577
18-Jan-2025 14:37:32.903,-0.060476,0.400117,-0.28222
18-Jan-2025 14:37:32.919,-0.086132,0.368352,-0.321926
18-Jan-2025 14:37:32.935,-0.091019,0.339641,-0.307876
18-Jan-2025 14:37:32.951,-0.058032,0.357356,-0.308487
18-Jan-2025 14:37:32.967,-0.020769,0.435547,-0.318261
18-Jan-2025 14:37:32.983,0.012217,0.529009,-0.328645
18-Jan-2025 14:37:32.999,0.048869,0.581544,-0.363465
18-Jan-2025 14:37:33.015,0.078191,0.579711,-0.409891
18-Jan-2025 14:37:33.032,0.127671,0.646295,-0.419664
18-Jan-2025 14:37:33.047,0.18387,0.630413,-0.417832
18-Jan-2025 14:37:33.064,0.294437,0.639576,-0.521068
18-Jan-2025 14:37:33.079,0.295659,0.651182,-0.626748
18-Jan-2025 14:37:33.096,0.14844,0.660345,-0.638354
18-Jan-2025 14:37:33.112,0.06353,0.733649,-0.622472
18-Jan-2025 14:37:33.128,0.00672,0.747699,-0.665232
18-Jan-2025 14:37:33.144,-0.08491,0.785573,-0.604757
18-Jan-2025 14:37:33.160,-0.071471,0.775799,-0.47281
18-Jan-2025 14:37:33.176,-0.058032,0.770301,-0.276111
18-Jan-2025 14:37:33.192,-0.076358,0.806342,-0.161879
18-Jan-2025 14:37:33.208,-0.05681,0.959669,-0.058032
18-Jan-2025 14:37:33.224,-0.029932,1.081842,0.007941
18-Jan-2025 14:37:33.240,-0.061697,1.074512,0.2755
18-Jan-2025 14:37:33.256,-0.028711,0.942565,0.482584
18-Jan-2025 14:37:33.273,0.045204,0.789238,0.616363
18-Jan-2025 14:37:33.288,0.076358,0.696386,0.602924
18-Jan-2025 14:37:33.304,0.055589,0.652404,0.484416
18-Jan-2025 14:37:33.321,-0.008552,0.645074,0.282831
18-Jan-2025 14:37:33.337,-0.069028,0.714101,0.325591
18-Jan-2025 14:37:33.353,-0.200975,0.603535,0.400728
18-Jan-2025 14:37:33.369,-0.265726,0.569937,0.428827
18-Jan-2025 14:37:33.385,-0.193033,0.458149,0.377515
18-Jan-2025 14:37:33.401,-0.109345,0.263894,0.273668
18-Jan-2025 14:37:33.417,-0.051924,0.021991,0.195477
18-Jan-2025 14:37:33.433,-0.03543,-0.09163,0.193644
18-Jan-2025 14:37:33.449,-0.064752,-0.145386,0.230907
18-Jan-2025 14:37:33.465,-0.116675,-0.141721,0.270613
18-Jan-2025 14:37:33.481,-0.164934,-0.106901,0.286496
18-Jan-2025 14:37:33.497,-0.221744,-0.086743,0.276722
18-Jan-2025 14:37:33.513,-0.234572,-0.13439,0.256563
18-Jan-2025 14:37:33.529,-0.219301,-0.212581,0.202807
18-Jan-2025 14:37:33.545,-0.207694,-0.296881,0.170431
18-Jan-2025 14:37:33.562,-0.163712,-0.432493,0.143553
18-Jan-2025 14:37:33.578,-0.109956,-0.526566,0.171653
18-Jan-2025 14:37:33.594,-0.051924,-0.634078,0.235794
18-Jan-2025 14:37:33.609,-0.026878,-0.709825,0.301157
18-Jan-2025 14:37:33.626,0.00672,-0.780686,0.395841
18-Jan-2025 14:37:33.641,0.040317,-0.82589,0.42394
18-Jan-2025 14:37:33.658,0.086132,-0.874148,0.422108
18-Jan-2025 14:37:33.674,0.168599,-0.954172,0.42394
18-Jan-2025 14:37:33.690,0.201586,-1.022588,0.431882
18-Jan-2025 14:37:33.706,0.218079,-1.128268,0.426995
18-Jan-2025 14:37:33.722,0.234572,-1.241278,0.428217
18-Jan-2025 14:37:33.738,0.246179,-1.386053,0.455705
18-Jan-2025 14:37:33.754,0.2755,-1.470353,0.493579
18-Jan-2025 14:37:33.770,0.38118,-1.502118,0.525344
18-Jan-2025 14:37:33.786,0.502131,-1.449583,0.534507
18-Jan-2025 14:37:33.802,0.53634,-1.275487,0.582765
18-Jan-2025 14:37:33.818,0.322537,-1.296867,0.571159
18-Jan-2025 14:37:33.835,0.242514,-1.206459,0.533896
18-Jan-2025 14:37:33.851,0.081856,-1.215622,0.518625
18-Jan-2025 14:37:33.866,-0.067806,-1.232115,0.450208
18-Jan-2025 14:37:33.883,-0.186925,-1.295645,0.320093
18-Jan-2025 14:37:33.898,-0.273668,-1.420262,0.215635
18-Jan-2025 14:37:33.915,-0.363465,-1.584584,0.09896
18-Jan-2025 14:37:33.931,-0.280387,-1.651169,0.047647
18-Jan-2025 14:37:33.947,0.015272,-1.474018,0.034819
18-Jan-2025 14:37:33.963,0.185703,-1.251052,0.104458
18-Jan-2025 14:37:33.979,0.233961,-1.086118,0.200975
18-Jan-2025 14:37:33.995,0.191201,-1.031141,0.241903
18-Jan-2025 14:37:34.011,0.142942,-0.957837,0.168599
18-Jan-2025 14:37:34.026,0.00733,-0.947452,-0.078802
18-Jan-2025 14:37:34.043,-0.125227,-0.943176,-0.235794
18-Jan-2025 14:37:34.059,-0.283441,-0.888809,-0.266948
18-Jan-2025 14:37:34.076,-0.370184,-0.808786,-0.248622
18-Jan-2025 14:37:34.092,-0.343306,-0.691499,-0.295048
18-Jan-2025 14:37:34.107,-0.262061,-0.602924,-0.348193
18-Jan-2025 14:37:34.124,-0.179594,-0.346971,-0.228464
18-Jan-2025 14:37:34.140,-0.133169,-0.184481,-0.11301
18-Jan-2025 14:37:34.156,-0.115454,-0.111177,-0.072082
18-Jan-2025 14:37:34.172,-0.11301,-0.128893,-0.133169
18-Jan-2025 14:37:34.188,-0.119119,-0.138056,-0.237016
18-Jan-2025 14:37:34.204,-0.130725,-0.088575,-0.373239
18-Jan-2025 14:37:34.220,-0.13439,0.003665,-0.433103
18-Jan-2025 14:37:34.236,-0.135612,0.100793,-0.385456
18-Jan-2025 14:37:34.252,-0.11301,0.084299,-0.301767
18-Jan-2025 14:37:34.268,-0.079412,-0.019548,-0.230907
18-Jan-2025 14:37:34.284,-0.073304,-0.02138,-0.237016
18-Jan-2025 14:37:34.300,-0.04948,0.039095,-0.266948
18-Jan-2025 14:37:34.317,-0.018326,0.073304,-0.304211
18-Jan-2025 14:37:34.332,-0.012828,0.057421,-0.329256
18-Jan-2025 14:37:34.347,-0.055589,0.023824,-0.350637
18-Jan-2025 14:37:34.364,-0.102625,0.030543,-0.340252
18-Jan-2025 14:37:34.380,-0.147219,0.042761,-0.295048
18-Jan-2025 14:37:34.397,-0.172264,0.064752,-0.265726
18-Jan-2025 14:37:34.412,-0.19792,0.150884,-0.231518
18-Jan-2025 14:37:34.429,-0.207694,0.205251,-0.219911
18-Jan-2025 14:37:34.445,-0.207083,0.207694,-0.263283
18-Jan-2025 14:37:34.461,-0.185092,0.180205,-0.358578
18-Jan-2025 14:37:34.477,-0.023213,0.211359,-0.50152
18-Jan-2025 14:37:34.493,0.130725,0.269392,-0.610254
18-Jan-2025 14:37:34.509,0.139888,0.323759,-0.634689
18-Jan-2025 14:37:34.525,-0.009774,0.421497,-0.535729
18-Jan-2025 14:37:34.541,-0.150273,0.507018,-0.357967
18-Jan-2025 14:37:34.558,-0.213192,0.6634,-0.179594
18-Jan-2025 14:37:34.573,-0.144775,0.764192,-0.124617
18-Jan-2025 14:37:34.589,-0.127671,0.869872,-0.039706
18-Jan-2025 14:37:34.605,-0.142942,0.948063,0.069639
18-Jan-2025 14:37:34.622,-0.04948,0.998765,0.174707
18-Jan-2025 14:37:34.638,0.034208,1.042136,0.282831
18-Jan-2025 14:37:34.653,0.040928,1.081231,0.505186
18-Jan-2025 14:37:34.670,0.006109,0.987769,0.593761
18-Jan-2025 14:37:34.686,-0.003054,0.83994,0.574824
18-Jan-2025 14:37:34.702,0.026267,0.761138,0.502742
18-Jan-2025 14:37:34.718,0.08491,0.908357,0.632246
18-Jan-2025 14:37:34.734,0.083689,0.895528,0.732427
18-Jan-2025 14:37:34.750,-0.041539,0.827112,0.64935
18-Jan-2025 14:37:34.766,-0.22602,0.723264,0.444099
18-Jan-2025 14:37:34.782,-0.238848,0.718988,0.439212
18-Jan-2025 14:37:34.799,-0.13439,0.599259,0.405615
18-Jan-2025 14:37:34.814,-0.050702,0.474031,0.255342
18-Jan-2025 14:37:34.830,-0.029932,0.301157,0.055589
18-Jan-2025 14:37:34.846,0.009774,0.256563,-0.00733
18-Jan-2025 14:37:34.862,0.037263,0.251066,-0.001222
18-Jan-2025 14:37:34.879,-0.01405,0.308487,0.081245
18-Jan-2025 14:37:34.894,-0.072082,0.350026,0.136834
18-Jan-2025 14:37:34.910,-0.094684,0.404393,0.17654
18-Jan-2025 14:37:34.927,-0.065973,0.420275,0.17654
18-Jan-2025 14:37:34.943,-0.025656,0.366519,0.122784
18-Jan-2025 14:37:34.959,0.00733,0.238848,0.054978
18-Jan-2025 14:37:34.975,0.071471,0.010996,0.003054
18-Jan-2025 14:37:34.991,0.152716,-0.159436,0.003665
18-Jan-2025 14:37:35.007,0.276111,-0.362243,0.050091
18-Jan-2025 14:37:35.023,0.345139,-0.457538,0.094073
18-Jan-2025 14:37:35.039,0.352469,-0.524122,0.154549
18-Jan-2025 14:37:35.055,0.329867,-0.559553,0.233351
18-Jan-2025 14:37:35.071,0.31032,-0.616974,0.343306
18-Jan-2025 14:37:35.087,0.312763,-0.632246,0.392175
18-Jan-2025 14:37:35.103,0.298102,-0.737314,0.330478
18-Jan-2025 14:37:35.120,0.267559,-0.781907,0.309098
18-Jan-2025 14:37:35.135,0.16249,-0.793514,0.328035
18-Jan-2025 14:37:35.151,-0.034819,-0.821614,0.343306
18-Jan-2025 14:37:35.168,-0.144164,-0.824668,0.332922
18-Jan-2025 14:37:35.184,-0.229685,-0.873537,0.254731
18-Jan-2025 14:37:35.200,-0.333532,-0.990823,0.150273
18-Jan-2025 14:37:35.216,-0.389732,-1.084897,0.116064
18-Jan-2025 14:37:35.232,-0.412334,-1.202183,0.14844
18-Jan-2025 14:37:35.248,-0.34575,-1.271821,0.186314
18-Jan-2025 14:37:35.264,-0.156382,-1.315193,0.121562
18-Jan-2025 14:37:35.280,-0.02138,-1.251663,0.095906
18-Jan-2025 14:37:35.296,0.039095,-1.16492,0.100793
18-Jan-2025 14:37:35.312,-0.026267,-1.140485,0.116064
18-Jan-2025 14:37:35.328,-0.109345,-1.133766,0.129503
18-Jan-2025 14:37:35.344,-0.124617,-1.121549,0.092852
18-Jan-2025 14:37:35.361,-0.216857,-0.993267,-0.002443
18-Jan-2025 14:37:35.376,-0.322537,-0.873537,-0.084299
18-Jan-2025 14:37:35.392,-0.396452,-0.838107,-0.144164
18-Jan-2025 14:37:35.409,-0.393397,-0.827112,-0.218079
18-Jan-2025 14:37:35.425,-0.352469,-0.819781,-0.263283
18-Jan-2025 14:37:35.441,-0.257785,-0.826501,-0.309709
18-Jan-2025 14:37:35.457,-0.173486,-0.863153,-0.300546
18-Jan-2025 14:37:35.473,-0.100182,-0.890642,-0.227853
18-Jan-2025 14:37:35.489,-0.086743,-0.91813,-0.171653
18-Jan-2025 14:37:35.505,-0.115454,-0.956615,-0.14111
18-Jan-2025 14:37:35.521,-0.146608,-0.918741,-0.14111
18-Jan-2025 14:37:35.537,-0.158825,-0.841772,-0.147829
18-Jan-2025 14:37:35.553,-0.133779,-0.764803,-0.167988
18-Jan-2025 14:37:35.569,-0.096517,-0.709825,-0.177762
18-Jan-2025 14:37:35.585,-0.043371,-0.612698,-0.16249
18-Jan-2025 14:37:35.602,-0.009774,-0.525955,-0.149662
18-Jan-2025 14:37:35.617,0.027489,-0.394619,-0.145386
18-Jan-2025 14:37:35.634,0.061087,-0.301767,-0.154549
18-Jan-2025 14:37:35.650,0.095295,-0.238237,-0.196699
18-Jan-2025 14:37:35.666,0.08491,-0.223577,-0.221133
18-Jan-2025 14:37:35.682,0.037874,-0.191201,-0.232129
18-Jan-2025 14:37:35.698,-0.002443,-0.116064,-0.231518
18-Jan-2025 14:37:35.714,-0.018937,-0.010996,-0.241903
18-Jan-2025 14:37:35.730,0.095295,0.250455,-0.285885
18-Jan-2025 14:37:35.746,0.22602,0.398284,-0.350637
18-Jan-2025 14:37:35.762,0.337198,0.55772,-0.471588
18-Jan-2025 14:37:35.778,0.31765,0.595594,-0.545503
18-Jan-2025 14:37:35.794,0.124006,0.560774,-0.566883
18-Jan-2025 14:37:35.810,-0.095295,0.530231,-0.522901
18-Jan-2025 14:37:35.826,-0.325591,0.609644,-0.386067
18-Jan-2025 14:37:35.843,-0.321315,0.729373,-0.317039
18-Jan-2025 14:37:35.858,-0.31093,0.925461,-0.265116
18-Jan-2025 14:37:35.874,-0.375682,1.112386,-0.179594
18-Jan-2025 14:37:35.891,-0.397062,1.310306,-0.034819
18-Jan-2025 14:37:35.906,-0.24679,1.491733,0.142332
18-Jan-2025 14:37:35.923,-0.097738,1.536937,0.277333
18-Jan-2025 14:37:35.939,0.039706,1.425149,0.376904
18-Jan-2025 14:37:35.955,0.142942,1.280984,0.312152
18-Jan-2025 14:37:35.971,0.235183,1.202794,0.110567
18-Jan-2025 14:37:35.987,0.268781,1.342682,0.073304
18-Jan-2025 14:37:36.003,0.186314,1.549765,0.18387
18-Jan-2025 14:37:36.019,0.041539,1.578476,0.268781
18-Jan-2025 14:37:36.035,-0.154549,1.478294,0.185703
18-Jan-2025 14:37:36.051,-0.20464,1.430646,0.161879
18-Jan-2025 14:37:36.067,-0.154549,1.357953,0.201586
18-Jan-2025 14:37:36.084,-0.018937,1.134377,0.199142
18-Jan-2025 14:37:36.099,0.071471,0.885755,0.167377
18-Jan-2025 14:37:36.116,0.171653,0.794736,0.123395
18-Jan-2025 14:37:36.132,0.166766,0.718378,0.106291
18-Jan-2025 14:37:36.148,0.151495,0.641409,0.129503
18-Jan-2025 14:37:36.164,0.127671,0.634689,0.166766
18-Jan-2025 14:37:36.180,0.09896,0.687834,0.188757
18-Jan-2025 14:37:36.196,0.108734,0.731206,0.177151
18-Jan-2025 14:37:36.212,0.135612,0.734871,0.136223
18-Jan-2025 14:37:36.228,0.158825,0.690889,0.098349
18-Jan-2025 14:37:36.244,0.191201,0.605367,0.065363
18-Jan-2025 14:37:36.260,0.233961,0.513127,0.062308
18-Jan-2025 14:37:36.276,0.25412,0.485638,0.095295
18-Jan-2025 14:37:36.292,0.240681,0.43799,0.18387
18-Jan-2025 14:37:36.308,0.20464,0.380569,0.244346
18-Jan-2025 14:37:36.325,0.143553,0.311541,0.309098
18-Jan-2025 14:37:36.341,0.102014,0.265116,0.345139
18-Jan-2025 14:37:36.356,0.067195,0.133169,0.408058
18-Jan-2025 14:37:36.373,0.069639,0.001833,0.471588
18-Jan-2025 14:37:36.388,0.188147,-0.078802,0.586431
18-Jan-2025 14:37:36.405,0.282831,-0.130114,0.64263
18-Jan-2025 14:37:36.421,0.245568,-0.18326,0.693332
18-Jan-2025 14:37:36.437,0.108734,-0.393397,0.82589
18-Jan-2025 14:37:36.453,0.017715,-0.332922,0.904691
18-Jan-2025 14:37:36.469,-0.062919,-0.460592,0.891252
18-Jan-2025 14:37:36.485,-0.101404,-0.496633,0.808175
18-Jan-2025 14:37:36.501,-0.105069,-0.526566,0.554055
18-Jan-2025 14:37:36.517,-0.089186,-0.603535,0.266948
18-Jan-2025 14:37:36.533,-0.01405,-0.640187,-0.10568
18-Jan-2025 14:37:36.549,0.028711,-0.531453,-0.290161
18-Jan-2025 14:37:36.566,0.140499,-0.355524,-0.346971
18-Jan-2025 14:37:36.581,0.244957,-0.238848,-0.305433
18-Jan-2025 14:37:36.597,0.324369,-0.097128,-0.252898
18-Jan-2025 14:37:36.614,0.238237,0.013439,-0.219911
18-Jan-2025 14:37:36.629,0.110567,0.09163,-0.288328
18-Jan-2025 14:37:36.646,0.048869,0.191812,-0.453262
18-Jan-2025 14:37:36.662,0.079412,0.293215,-0.565661
18-Jan-2025 14:37:36.678,0.129503,0.551611,-0.573602
18-Jan-2025 14:37:36.694,0.153327,0.780075,-0.587652
18-Jan-2025 14:37:36.710,0.11973,0.998154,-0.680504
18-Jan-2025 14:37:36.726,0.075136,1.125825,-0.638965
18-Jan-2025 14:37:36.742,0.011606,1.277319,-0.496023
18-Jan-2025 14:37:36.758,-0.01405,1.361619,-0.370795
18-Jan-2025 14:37:36.774,-0.038485,1.445918,-0.243124
18-Jan-2025 14:37:36.790,-0.003054,1.492955,-0.153938
18-Jan-2025 14:37:36.807,0.061087,1.4899,-0.193033
18-Jan-2025 14:37:36.822,0.141721,1.504561,-0.267559
18-Jan-2025 14:37:36.839,0.169821,1.552209,-0.300546
18-Jan-2025 14:37:36.855,0.184481,1.624291,-0.298713
18-Jan-2025 14:37:36.871,0.195477,1.71592,-0.265726
18-Jan-2025 14:37:36.887,0.194255,1.770288,-0.217468
18-Jan-2025 14:37:36.903,0.215025,1.781283,-0.216246
18-Jan-2025 14:37:36.919,0.24007,1.76479,-0.251676
18-Jan-2025 14:37:36.935,0.244346,1.755016,-0.336587
18-Jan-2025 14:37:36.951,0.248011,1.731803,-0.415388
18-Jan-2025 14:37:36.967,0.243735,1.71592,-0.533285
18-Jan-2025 14:37:36.983,0.216857,1.727527,-0.61392
18-Jan-2025 14:37:36.999,0.194255,1.790446,-0.657291
18-Jan-2025 14:37:37.015,0.222355,1.850311,-0.6634
18-Jan-2025 14:37:37.031,0.302378,1.974927,-0.627359
18-Jan-2025 14:37:37.048,0.361632,2.0971,-0.623083
18-Jan-2025 14:37:37.063,0.447764,2.169793,-0.675006
18-Jan-2025 14:37:37.079,0.527177,2.176513,-0.74159
18-Jan-2025 14:37:37.095,0.539394,2.202169,-0.794736
18-Jan-2025 14:37:37.111,0.408058,2.236378,-0.888809
18-Jan-2025 14:37:37.128,0.216246,2.172237,-0.913244
18-Jan-2025 14:37:37.143,-0.015882,2.218663,-0.78374
18-Jan-2025 14:37:37.160,-0.126449,2.265699,-0.684169
18-Jan-2025 14:37:37.176,-0.20464,2.264477,-0.643241
18-Jan-2025 14:37:37.191,-0.249233,2.256536,-0.688445
18-Jan-2025 14:37:37.208,-0.277333,2.241875,-0.750143
18-Jan-2025 14:37:37.224,-0.274278,2.246762,-0.746477
18-Jan-2025 14:37:37.240,-0.293215,2.305405,-0.629191
18-Jan-2025 14:37:37.256,-0.336587,2.349999,-0.497244
18-Jan-2025 14:37:37.272,-0.40928,2.385429,-0.408669
18-Jan-2025 14:37:37.289,-0.533285,2.403144,-0.326813
18-Jan-2025 14:37:37.304,-0.612087,2.389705,-0.364687
18-Jan-2025 14:37:37.320,-0.735482,2.44957,-0.623693
18-Jan-2025 14:37:37.337,-0.821003,2.517987,-0.683558
18-Jan-2025 14:37:37.353,-0.805731,2.558914,-0.655458
18-Jan-2025 14:37:37.369,-0.733649,2.64749,-0.61392
18-Jan-2025 14:37:37.385,-0.571159,2.771496,-0.569326
18-Jan-2025 14:37:37.401,-0.44471,2.723848,-0.486249
18-Jan-2025 14:37:37.417,-0.396452,2.390927,-0.367741
18-Jan-2025 14:37:37.433,-0.415999,2.198504,-0.376904
18-Jan-2025 14:37:37.449,-0.485638,2.067779,-0.405615
18-Jan-2025 14:37:37.465,-0.482584,2.118481,-0.377515
18-Jan-2025 14:37:37.481,-0.455705,2.166739,-0.305433
18-Jan-2025 14:37:37.497,-0.379347,2.167961,-0.19059
18-Jan-2025 14:37:37.512,-0.262061,2.171015,-0.122784
18-Jan-2025 14:37:37.530,-0.113621,2.242486,0.012217
18-Jan-2025 14:37:37.545,-0.050702,2.28708,0.133169
18-Jan-2025 14:37:37.561,0.006109,2.319455,0.266948
18-Jan-2025 14:37:37.577,0.047037,2.309071,0.336587
18-Jan-2025 14:37:37.593,0.117897,2.243708,0.424551
18-Jan-2025 14:37:37.610,0.164323,2.227826,0.436769
18-Jan-2025 14:37:37.626,0.188757,2.23821,0.409891
18-Jan-2025 14:37:37.642,0.205251,2.228436,0.384845
18-Jan-2025 14:37:37.658,0.213192,2.189952,0.401949
18-Jan-2025 14:37:37.674,0.221744,2.133142,0.447764
18-Jan-2025 14:37:37.690,0.217468,2.08244,0.478918
18-Jan-2025 14:37:37.706,0.18387,2.010968,0.48014
18-Jan-2025 14:37:37.722,0.160047,1.96271,0.459371
18-Jan-2025 14:37:37.738,0.149051,1.928502,0.410501
18-Jan-2025 14:37:37.754,0.11973,1.880243,0.361632
18-Jan-2025 14:37:37.770,0.102625,1.803885,0.262061
18-Jan-2025 14:37:37.786,0.111177,1.751351,0.216246
18-Jan-2025 14:37:37.802,0.102625,1.685988,0.208916
18-Jan-2025 14:37:37.818,0.071471,1.579697,0.213803
18-Jan-2025 14:37:37.833,0.072693,1.494787,0.221133
18-Jan-2025 14:37:37.851,0.108734,1.433701,0.169821
18-Jan-2025 14:37:37.867,0.170431,1.409266,0.091019
18-Jan-2025 14:37:37.882,0.309709,1.378723,-0.004276
18-Jan-2025 14:37:37.899,0.366519,1.365895,-0.048869
18-Jan-2025 14:37:37.915,0.397673,1.366506,-0.124006
18-Jan-2025 14:37:37.931,0.42333,1.372003,-0.216857
18-Jan-2025 14:37:37.947,0.470366,1.411099,-0.339641
18-Jan-2025 14:37:37.963,0.429438,1.51067,-0.398284
18-Jan-2025 14:37:37.979,0.31765,1.598634,-0.396452
18-Jan-2025 14:37:37.995,0.152716,1.64506,-0.31765
18-Jan-2025 14:37:38.011,0.07086,1.601689,-0.291994
18-Jan-2025 14:37:38.027,0.037263,1.488068,-0.33903
18-Jan-2025 14:37:38.043,0.064752,1.367116,-0.383623
18-Jan-2025 14:37:38.059,0.142942,1.258993,-0.31765
18-Jan-2025 14:37:38.075,0.222355,1.25655,-0.195477
18-Jan-2025 14:37:38.092,0.284052,1.302365,-0.058643
18-Jan-2025 14:37:38.108,0.271835,1.33413,0.000611
18-Jan-2025 14:37:38.124,0.199753,1.301754,-0.012217
18-Jan-2025 14:37:38.140,0.138056,1.231504,-0.078802
18-Jan-2025 14:37:38.156,0.069639,1.152092,-0.133779
18-Jan-2025 14:37:38.172,-0.080023,1.091616,-0.166766
18-Jan-2025 14:37:38.188,-0.225409,1.183857,-0.166155
18-Jan-2025 14:37:38.204,-0.381791,1.142318,-0.086132
18-Jan-2025 14:37:38.220,-0.415388,1.091616,0.00672
18-Jan-2025 14:37:38.236,-0.430049,1.136209,0.122784
18-Jan-2025 14:37:38.253,-0.403782,1.244333,0.192423
18-Jan-2025 14:37:38.268,-0.362243,1.269989,0.198531
18-Jan-2025 14:37:38.284,-0.342085,1.253495,0.178373
18-Jan-2025 14:37:38.300,-0.306654,1.325578,0.157603
18-Jan-2025 14:37:38.317,-0.251676,1.339628,0.088575
18-Jan-2025 14:37:38.333,-0.213803,1.271821,-0.006109
18-Jan-2025 14:37:38.349,-0.178984,1.1863,-0.133169
18-Jan-2025 14:37:38.365,-0.164934,1.152092,-0.200364
18-Jan-2025 14:37:38.381,-0.150273,1.075734,-0.290161
18-Jan-2025 14:37:38.397,-0.138056,1.075123,-0.341474
18-Jan-2025 14:37:38.413,-0.108734,1.080621,-0.386067
18-Jan-2025 14:37:38.429,-0.129503,1.107499,-0.406836
18-Jan-2025 14:37:38.445,-0.196699,1.119105,-0.447153
18-Jan-2025 14:37:38.461,-0.210749,1.10872,-0.461203
18-Jan-2025 14:37:38.477,-0.149662,1.056186,-0.425162
18-Jan-2025 14:37:38.494,-0.081245,1.05924,-0.43738
18-Jan-2025 14:37:38.509,-0.036652,1.116051,-0.461203
18-Jan-2025 14:37:38.525,0.002443,1.142929,-0.56505
18-Jan-2025 14:37:38.541,0.036041,1.105055,-0.700662
18-Jan-2025 14:37:38.557,0.075136,1.14354,-0.905302
18-Jan-2025 14:37:38.574,0.067195,1.169196,-1.031751
18-Jan-2025 14:37:38.589,-0.036652,1.203405,-1.088562
18-Jan-2025 14:37:38.605,-0.18326,1.163698,-1.040303
18-Jan-2025 14:37:38.622,-0.431882,1.040914,-0.899194
18-Jan-2025 14:37:38.638,-0.62858,0.877813,-0.761138
18-Jan-2025 14:37:38.654,-0.795347,0.45876,-0.488081
18-Jan-2025 14:37:38.670,-0.587652,0.24007,-0.186925
18-Jan-2025 14:37:38.686,-0.067195,0.155771,-0.002443
18-Jan-2025 14:37:38.702,0.586431,0.212581,-0.095295
18-Jan-2025 14:37:38.718,0.590096,0.221744,-0.136223
18-Jan-2025 14:37:38.735,0.202807,0.040928,-0.106901
18-Jan-2025 14:37:38.750,0.065363,-0.252287,-0.157603
18-Jan-2025 14:37:38.766,0.130725,-0.612087,-0.233351
18-Jan-2025 14:37:38.782,0.152105,-0.745866,-0.24007
18-Jan-2025 14:37:38.798,0.05681,-0.695776,-0.00733
18-Jan-2025 14:37:38.815,-0.044593,-0.488692,0.316428
18-Jan-2025 14:37:38.830,-0.144775,-0.199142,0.780686
18-Jan-2025 14:37:38.847,-0.109956,-0.083689,1.038471
18-Jan-2025 14:37:38.863,0.008552,-0.004887,1.159422
18-Jan-2025 14:37:38.879,0.127671,0.009774,1.130712
18-Jan-2025 14:37:38.895,0.163712,-0.051924,1.004262
18-Jan-2025 14:37:38.911,0.196088,-0.193033,0.629191
18-Jan-2025 14:37:38.927,0.207694,-0.242514,0.288328
18-Jan-2025 14:37:38.943,0.197309,-0.081245,0.032376
18-Jan-2025 14:37:38.959,0.133779,0.133169,-0.026878
18-Jan-2025 14:37:38.976,-0.011606,0.403171,0.012217
18-Jan-2025 14:37:38.991,-0.097738,0.544281,0.135612
18-Jan-2025 14:37:39.007,-0.127671,0.631024,0.331089
18-Jan-2025 14:37:39.023,-0.106291,0.615752,0.465479
18-Jan-2025 14:37:39.039,-0.055589,0.496023,0.520457
18-Jan-2025 14:37:39.056,0.040317,0.181427,0.477697
18-Jan-2025 14:37:39.071,0.109956,0.037874,0.456927
18-Jan-2025 14:37:39.088,0.118508,0.280998,0.33903
18-Jan-2025 14:37:39.104,0.00733,0.284663,0.253509
18-Jan-2025 14:37:39.120,-0.09896,0.147829,0.248622
18-Jan-2025 14:37:39.136,-0.09896,0.135612,0.266948
18-Jan-2025 14:37:39.152,-0.017715,0.161268,0.249233
18-Jan-2025 14:37:39.168,0.018326,0.128282,0.208916
18-Jan-2025 14:37:39.184,0.022602,0.031765,0.132558
18-Jan-2025 14:37:39.200,0.022602,-0.032987,0.097128
18-Jan-2025 14:37:39.217,0.040317,-0.129503,0.100182
18-Jan-2025 14:37:39.232,0.11973,-0.306043,0.155771
18-Jan-2025 14:37:39.248,0.193644,-0.453262,0.226631
18-Jan-2025 14:37:39.264,0.285274,-0.59315,0.323148
18-Jan-2025 14:37:39.280,0.328035,-0.643852,0.349415
18-Jan-2025 14:37:39.297,0.33903,-0.667676,0.317039
18-Jan-2025 14:37:39.313,0.291383,-0.691499,0.299324
18-Jan-2025 14:37:39.328,0.252898,-0.805731,0.370184
18-Jan-2025 14:37:39.345,0.309709,-0.887587,0.368963
18-Jan-2025 14:37:39.361,0.384234,-0.944398,0.352469
18-Jan-2025 14:37:39.377,0.474031,-1.078177,0.351248
18-Jan-2025 14:37:39.393,0.529009,-1.179581,0.385456
18-Jan-2025 14:37:39.409,0.634078,-1.25655,0.434325
18-Jan-2025 14:37:39.425,0.698219,-1.271211,0.466701
18-Jan-2025 14:37:39.441,0.709825,-1.244943,0.464258
18-Jan-2025 14:37:39.457,0.605978,-1.212568,0.429438
18-Jan-2025 14:37:39.473,0.325591,-1.180192,0.36041
18-Jan-2025 14:37:39.489,0.116675,-1.161866,0.336587
18-Jan-2025 14:37:39.505,-0.083689,-1.233337,0.250455
18-Jan-2025 14:37:39.521,-0.159436,-1.345125,0.147219
18-Jan-2025 14:37:39.538,-0.110567,-1.385442,0.042761
18-Jan-2025 14:37:39.553,0.048258,-1.357953,0.004276
18-Jan-2025 14:37:39.570,0.220522,-1.294423,0.029322
18-Jan-2025 14:37:39.585,0.320704,-1.159422,0.177762
18-Jan-2025 14:37:39.602,0.311541,-1.028086,0.280998
18-Jan-2025 14:37:39.618,0.277333,-0.822225,0.312763
18-Jan-2025 14:37:39.634,0.221744,-0.758084,0.23274
18-Jan-2025 14:37:39.650,0.078802,-0.702495,-0.027489
18-Jan-2025 14:37:39.666,-0.067195,-0.669508,-0.243124
18-Jan-2025 14:37:39.682,-0.167377,-0.852768,-0.40256
18-Jan-2025 14:37:39.698,-0.244957,-0.81917,-0.47281
18-Jan-2025 14:37:39.714,-0.257785,-0.667676,-0.450208
18-Jan-2025 14:37:39.730,-0.145386,-0.483194,-0.356134
18-Jan-2025 14:37:39.746,-0.050091,-0.420275,-0.274278
18-Jan-2025 14:37:39.762,0,-0.422108,-0.199142
18-Jan-2025 14:37:39.779,-0.023213,-0.414777,-0.174097
18-Jan-2025 14:37:39.794,-0.062308,-0.409891,-0.195477
18-Jan-2025 14:37:39.810,-0.100182,-0.372628,-0.213803
18-Jan-2025 14:37:39.826,-0.152716,-0.299324,-0.171042
18-Jan-2025 14:37:39.842,-0.166155,-0.268781,-0.117286
18-Jan-2025 14:37:39.859,-0.186314,-0.233351,-0.118508
18-Jan-2025 14:37:39.875,-0.228464,-0.124006,-0.151495
18-Jan-2025 14:37:39.891,-0.191201,0.069028,-0.175929
18-Jan-2025 14:37:39.907,-0.093462,0.194866,-0.11973
18-Jan-2025 14:37:39.923,-0.112399,0.21197,-0.083078
18-Jan-2025 14:37:39.939,-0.189368,0.194255,-0.111788
18-Jan-2025 14:37:39.955,-0.205251,0.197309,-0.152105
18-Jan-2025 14:37:39.971,-0.201586,0.191201,-0.159436
18-Jan-2025 14:37:39.987,-0.214414,0.186925,-0.156382
18-Jan-2025 14:37:40.003,-0.276111,0.231518,-0.137445
18-Jan-2025 14:37:40.020,-0.334143,0.271224,-0.102625
18-Jan-2025 14:37:40.035,-0.376904,0.359189,-0.079412
18-Jan-2025 14:37:40.051,-0.401338,0.418443,-0.094684
18-Jan-2025 14:37:40.068,-0.433714,0.448986,-0.116675
18-Jan-2025 14:37:40.083,-0.420275,0.44471,-0.196699
18-Jan-2025 14:37:40.100,-0.349415,0.442877,-0.248011
18-Jan-2025 14:37:40.116,-0.105069,0.401949,-0.342085
18-Jan-2025 14:37:40.132,0.111788,0.37385,-0.429438
18-Jan-2025 14:37:40.148,0.158825,0.384845,-0.445321
18-Jan-2025 14:37:40.164,0.089186,0.355524,-0.52962
18-Jan-2025 14:37:40.180,-0.136223,0.36713,-0.514959
18-Jan-2025 14:37:40.196,-0.233961,0.495412,-0.446543
18-Jan-2025 14:37:40.212,-0.197309,0.638354,-0.231518
18-Jan-2025 14:37:40.228,-0.21197,0.709825,-0.066584
18-Jan-2025 14:37:40.244,-0.256563,0.806953,0.084299
18-Jan-2025 14:37:40.261,-0.227242,0.957226,0.213192
18-Jan-2025 14:37:40.276,-0.155771,1.070236,0.291383
18-Jan-2025 14:37:40.292,-0.116064,1.102612,0.454484
18-Jan-2025 14:37:40.309,-0.128893,1.079399,0.587041
18-Jan-2025 14:37:40.325,-0.120951,0.977995,0.610254
18-Jan-2025 14:37:40.341,-0.064752,0.904691,0.485638
18-Jan-2025 14:37:40.357,0.036041,0.940732,0.282831
18-Jan-2025 14:37:40.373,0.12706,1.091616,0.248622
18-Jan-2025 14:37:40.389,0.153327,1.248609,0.320093
18-Jan-2025 14:37:40.405,0.000611,1.257161,0.257174
18-Jan-2025 14:37:40.421,-0.202807,1.224174,0.127671
18-Jan-2025 14:37:40.437,-0.323759,1.079399,0.051924
18-Jan-2025 14:37:40.453,-0.255953,0.963335,0.060476
18-Jan-2025 14:37:40.469,-0.065363,0.788627,0.12706
18-Jan-2025 14:37:40.485,0.072693,0.640187,0.111788
18-Jan-2025 14:37:40.501,0.152105,0.472199,-0.006109
18-Jan-2025 14:37:40.517,0.139277,0.407447,-0.050091
18-Jan-2025 14:37:40.533,0.0562,0.403171,0.012828
18-Jan-2025 14:37:40.549,-0.010996,0.434325,0.114843
18-Jan-2025 14:37:40.566,-0.078191,0.48014,0.230296
18-Jan-2025 14:37:40.582,-0.103236,0.490525,0.271224
18-Jan-2025 14:37:40.597,-0.104458,0.445932,0.278555
18-Jan-2025 14:37:40.614,-0.076358,0.288939,0.208305
18-Jan-2025 14:37:40.630,-0.036041,0.144775,0.136834
18-Jan-2025 14:37:40.646,0.053756,0.025656,0.071471
18-Jan-2025 14:37:40.662,0.138666,-0.059865,0.071471
18-Jan-2025 14:37:40.677,0.138056,-0.210749,0.146608
18-Jan-2025 14:37:40.694,0.109956,-0.335365,0.235183
18-Jan-2025 14:37:40.710,0.167988,-0.435547,0.353691
18-Jan-2025 14:37:40.726,0.237627,-0.461814,0.390343
18-Jan-2025 14:37:40.743,0.260839,-0.512516,0.37446
18-Jan-2025 14:37:40.758,0.239459,-0.596204,0.368352
18-Jan-2025 14:37:40.774,0.216246,-0.700052,0.400728
18-Jan-2025 14:37:40.790,0.21197,-0.817949,0.456316
18-Jan-2025 14:37:40.806,0.251066,-0.867429,0.471588
18-Jan-2025 14:37:40.823,0.31032,-0.852157,0.443488
18-Jan-2025 14:37:40.839,0.307265,-0.814894,0.403171
18-Jan-2025 14:37:40.855,0.208916,-0.784351,0.38118
18-Jan-2025 14:37:40.871,0.078802,-0.84727,0.308487
18-Jan-2025 14:37:40.887,-0.004887,-0.905913,0.288328
18-Jan-2025 14:37:40.903,-0.044593,-0.973108,0.280387
18-Jan-2025 14:37:40.919,-0.122784,-1.036027,0.214414
18-Jan-2025 14:37:40.935,-0.133169,-1.258993,-0.002443
18-Jan-2025 14:37:40.951,-0.050702,-1.372003,-0.200975
18-Jan-2025 14:37:40.967,0.153938,-1.280984,-0.253509
18-Jan-2025 14:37:40.983,0.229074,-1.139875,-0.153938
18-Jan-2025 14:37:40.999,0.159436,-0.938289,0.018326
18-Jan-2025 14:37:41.015,0.058643,-0.833831,0.074526
18-Jan-2025 14:37:41.031,-0.050702,-0.822836,-0.015882
18-Jan-2025 14:37:41.047,-0.11973,-0.837496,-0.157603
18-Jan-2025 14:37:41.064,-0.21869,-0.768468,-0.284052
18-Jan-2025 14:37:41.079,-0.28955,-0.683558,-0.381791
18-Jan-2025 14:37:41.095,-0.35308,-0.598037,-0.456316
18-Jan-2025 14:37:41.112,-0.327424,-0.508851,-0.54367
18-Jan-2025 14:37:41.128,-0.238848,-0.398284,-0.48747
18-Jan-2025 14:37:41.144,-0.133779,-0.266337,-0.320093
18-Jan-2025 14:37:41.160,-0.106291,-0.229685,-0.220522
18-Jan-2025 14:37:41.176,-0.128282,-0.213803,-0.174097
18-Jan-2025 14:37:41.192,-0.144164,-0.192423,-0.180816
18-Jan-2025 14:37:41.208,-0.136834,-0.164323,-0.252287
18-Jan-2025 14:37:41.224,-0.139277,-0.14844,-0.307265
18-Jan-2025 14:37:41.240,-0.150884,-0.11973,-0.346361
18-Jan-2025 14:37:41.256,-0.142332,-0.06353,-0.343306
18-Jan-2025 14:37:41.272,-0.114232,0.010385,-0.304822
18-Jan-2025 14:37:41.288,-0.064752,0.130725,-0.24007
18-Jan-2025 14:37:41.305,-0.046426,0.242514,-0.207694
18-Jan-2025 14:37:41.321,-0.012217,0.37385,-0.208916
18-Jan-2025 14:37:41.336,0.015272,0.439823,-0.231518
18-Jan-2025 14:37:41.353,0.045204,0.446543,-0.228464
18-Jan-2025 14:37:41.369,0.039095,0.460592,-0.198531
18-Jan-2025 14:37:41.385,0.028711,0.538172,-0.236405
18-Jan-2025 14:37:41.401,0.041539,0.615141,-0.297491
18-Jan-2025 14:37:41.417,0.07025,0.710436,-0.407447
18-Jan-2025 14:37:41.433,0.118508,0.797179,-0.50091
18-Jan-2025 14:37:41.449,0.233961,0.920574,-0.599259
18-Jan-2025 14:37:41.465,0.325591,0.993878,-0.728762
18-Jan-2025 14:37:41.481,0.323148,1.031141,-0.791681
18-Jan-2025 14:37:41.497,0.238237,1.111164,-0.955393
18-Jan-2025 14:37:41.513,0.048869,1.042136,-0.970054
18-Jan-2025 14:37:41.529,-0.227853,0.98838,-0.86132
18-Jan-2025 14:37:41.546,-0.224188,1.114829,-0.739758
18-Jan-2025 14:37:41.562,-0.118508,1.367116,-0.648128
18-Jan-2025 14:37:41.578,-0.124006,1.420873,-0.59987
18-Jan-2025 14:37:41.594,-0.286496,1.446529,-0.426995
18-Jan-2025 14:37:41.610,-0.394008,1.409266,-0.22602
18-Jan-2025 14:37:41.626,-0.401949,1.372614,-0.026878
18-Jan-2025 14:37:41.642,-0.311541,1.309695,0.028711
18-Jan-2025 14:37:41.658,-0.254731,1.169196,0
18-Jan-2025 14:37:41.674,-0.236405,1.052521,-0.001222
18-Jan-2025 14:37:41.690,-0.210749,1.008538,0.045815
18-Jan-2025 14:37:41.706,0.008552,1.185689,0.139888
18-Jan-2025 14:37:41.722,0.085521,1.384221,0.302378
18-Jan-2025 14:37:41.738,-0.017104,1.415986,0.400117
18-Jan-2025 14:37:41.754,-0.145386,1.305419,0.356745
18-Jan-2025 14:37:41.770,-0.224188,1.189965,0.232129
18-Jan-2025 14:37:41.787,-0.246179,1.127046,0.098349
18-Jan-2025 14:37:41.802,-0.18387,1.106277,0.011606
18-Jan-2025 14:37:41.818,-0.122173,1.043969,-0.025656
18-Jan-2025 14:37:41.835,-0.137445,0.921796,-0.036652
18-Jan-2025 14:37:41.851,-0.187536,0.805731,-0.006109
18-Jan-2025 14:37:41.867,-0.222966,0.775799,0.04948
18-Jan-2025 14:37:41.883,-0.237016,0.744645,0.095906
18-Jan-2025 14:37:41.899,-0.216246,0.739758,0.091019
18-Jan-2025 14:37:41.915,-0.182038,0.770301,0.081245
18-Jan-2025 14:37:41.931,-0.151495,0.797179,0.094073
18-Jan-2025 14:37:41.947,-0.101404,0.747699,0.092852
18-Jan-2025 14:37:41.963,-0.029322,0.694554,0.065363
18-Jan-2025 14:37:41.979,0.05681,0.624304,0.039095
18-Jan-2025 14:37:41.995,0.14111,0.51557,0.04948
18-Jan-2025 14:37:42.011,0.177151,0.45204,0.097738
18-Jan-2025 14:37:42.028,0.219911,0.373239,0.193033
18-Jan-2025 14:37:42.043,0.244346,0.337198,0.276111
18-Jan-2025 14:37:42.059,0.280387,0.295659,0.404393
18-Jan-2025 14:37:42.075,0.323148,0.207083,0.447764
18-Jan-2025 14:37:42.091,0.45204,0.12034,0.445932
18-Jan-2025 14:37:42.108,0.582155,0.188757,0.406836
18-Jan-2025 14:37:42.123,0.547946,0.306043,0.343306
18-Jan-2025 14:37:42.140,0.344528,0.309098,0.219301
18-Jan-2025 14:37:42.156,0.233351,0.284663,0.211359
18-Jan-2025 14:37:42.172,0.154549,0.306654,0.294437
18-Jan-2025 14:37:42.188,0.129503,0.267559,0.236405
18-Jan-2025 14:37:42.204,0.157603,0.187536,0.064141
18-Jan-2025 14:37:42.220,0.205251,0.182038,-0.017715
18-Jan-2025 14:37:42.236,0.271835,0.288328,-0.088575
18-Jan-2025 14:37:42.252,0.287107,0.411723,-0.140499
18-Jan-2025 14:37:42.269,0.238237,0.549779,-0.179594
18-Jan-2025 14:37:42.284,0.203418,0.70616,-0.203418
18-Jan-2025 14:37:42.300,0.224798,0.850324,-0.234572
18-Jan-2025 14:37:42.316,0.25412,0.977384,-0.291383
18-Jan-2025 14:37:42.332,0.222966,1.04458,-0.336587
18-Jan-2025 14:37:42.349,0.164934,0.968221,-0.604757
18-Jan-2025 14:37:42.365,0.048258,1.00243,-0.715323
18-Jan-2025 14:37:42.381,-0.078802,1.294423,-0.583987
18-Jan-2025 14:37:42.397,-0.136223,1.360397,-0.475864
18-Jan-2025 14:37:42.413,-0.288939,1.310306,-0.452651
18-Jan-2025 14:37:42.429,-0.372628,1.356732,-0.438601
18-Jan-2025 14:37:42.445,-0.405004,1.526552,-0.37446
18-Jan-2025 14:37:42.461,-0.455705,1.614517,-0.364687
18-Jan-2025 14:37:42.477,-0.507629,1.685988,-0.348193
18-Jan-2025 14:37:42.493,-0.513127,1.781894,-0.241903
18-Jan-2025 14:37:42.510,-0.476475,1.865582,-0.117286
18-Jan-2025 14:37:42.525,-0.400728,1.860085,-0.100793
18-Jan-2025 14:37:42.541,-0.342695,1.82832,-0.139888
18-Jan-2025 14:37:42.557,-0.299935,1.812437,-0.16921
18-Jan-2025 14:37:42.573,-0.291994,1.844813,-0.174707
18-Jan-2025 14:37:42.590,-0.273057,1.924836,-0.182038
18-Jan-2025 14:37:42.606,-0.221133,1.977982,-0.168599
18-Jan-2025 14:37:42.622,-0.141721,2.037847,-0.186314
18-Jan-2025 14:37:42.638,-0.062308,2.04762,-0.241903
18-Jan-2025 14:37:42.654,0.016493,2.023186,-0.309098
18-Jan-2025 14:37:42.670,0.088575,2.025629,-0.357967
18-Jan-2025 14:37:42.686,0.111177,2.06167,-0.392175
18-Jan-2025 14:37:42.702,0.150273,2.144748,-0.48014
18-Jan-2025 14:37:42.718,0.18387,2.191174,-0.540005
18-Jan-2025 14:37:42.734,0.237627,2.191174,-0.570548
18-Jan-2025 14:37:42.750,0.293215,2.180789,-0.609033
18-Jan-2025 14:37:42.766,0.252287,2.21683,-0.657902
18-Jan-2025 14:37:42.782,0.093462,2.23821,-0.633467
18-Jan-2025 14:37:42.798,-0.177151,2.189952,-0.566272
18-Jan-2025 14:37:42.814,-0.299935,2.142304,-0.49419
18-Jan-2025 14:37:42.831,-0.33903,2.132531,-0.415388
18-Jan-2025 14:37:42.847,-0.377515,2.191174,-0.278555
18-Jan-2025 14:37:42.862,-0.438601,2.236989,-0.205862
18-Jan-2025 14:37:42.879,-0.507629,2.164296,-0.193033
18-Jan-2025 14:37:42.895,-0.496023,2.060448,-0.191812
18-Jan-2025 14:37:42.911,-0.452651,2.015244,-0.173486
18-Jan-2025 14:37:42.927,-0.442877,2.058616,-0.120951
18-Jan-2025 14:37:42.943,-0.462425,2.161852,0.07758
18-Jan-2025 14:37:42.959,-0.480751,2.25898,0.251676
18-Jan-2025 14:37:42.975,-0.462425,2.374433,0.365297
18-Jan-2025 14:37:42.991,-0.306043,2.448959,0.306654
18-Jan-2025 14:37:43.007,-0.151495,2.390316,0.180816
18-Jan-2025 14:37:43.023,-0.128893,2.166128,-0.003054
18-Jan-2025 14:37:43.039,-0.16921,2.010358,-0.106901
18-Jan-2025 14:37:43.055,-0.194866,1.936443,-0.205251
18-Jan-2025 14:37:43.072,-0.12706,2.015244,-0.230296
18-Jan-2025 14:37:43.087,-0.020769,2.086716,-0.220522
18-Jan-2025 14:37:43.104,-0.001833,2.064724,-0.210749
18-Jan-2025 14:37:43.120,-0.005498,1.975538,-0.166766
18-Jan-2025 14:37:43.136,0.009774,1.915673,-0.105069
18-Jan-2025 14:37:43.152,0.064141,1.882687,-0.028711
18-Jan-2025 14:37:43.168,0.099571,1.878411,-0.008552
18-Jan-2025 14:37:43.184,0.109345,1.907121,0.016493
18-Jan-2025 14:37:43.200,0.126449,1.979203,0.04215
18-Jan-2025 14:37:43.216,0.167377,2.010358,0.053756
18-Jan-2025 14:37:43.232,0.208916,1.988977,0.073915
18-Jan-2025 14:37:43.248,0.258396,1.982258,0.136223
18-Jan-2025 14:37:43.264,0.346971,2.017688,0.167988
18-Jan-2025 14:37:43.280,0.306043,1.929112,0.196088
18-Jan-2025 14:37:43.296,0.248622,1.791668,0.20464
18-Jan-2025 14:37:43.313,0.239459,1.767233,0.206472
18-Jan-2025 14:37:43.329,0.209527,1.795333,0.185703
18-Jan-2025 14:37:43.345,0.163712,1.786781,0.167988
18-Jan-2025 14:37:43.360,0.12034,1.749518,0.126449
18-Jan-2025 14:37:43.377,0.098349,1.714699,0.058643
18-Jan-2025 14:37:43.393,0.118508,1.677436,0.021991
18-Jan-2025 14:37:43.409,0.179594,1.676825,0.008552
18-Jan-2025 14:37:43.425,0.189979,1.704925,0.00672
18-Jan-2025 14:37:43.441,0.166155,1.650558,0.0562
18-Jan-2025 14:37:43.457,0.146608,1.563204,0.128282
18-Jan-2025 14:37:43.473,0.124006,1.53877,0.178373
18-Jan-2025 14:37:43.489,0.130114,1.46852,0.163712
18-Jan-2025 14:37:43.505,0.12706,1.485013,0.111788
18-Jan-2025 14:37:43.521,0.103847,1.488679,0.026878
18-Jan-2025 14:37:43.537,0.059865,1.345736,-0.075136
18-Jan-2025 14:37:43.554,0.083689,1.14354,-0.180816
18-Jan-2025 14:37:43.569,0.125227,1.050077,-0.220522
18-Jan-2025 14:37:43.585,0.161879,0.927293,-0.239459
18-Jan-2025 14:37:43.602,0.164934,0.822225,-0.288939
18-Jan-2025 14:37:43.618,0.123395,0.687223,-0.353691
18-Jan-2025 14:37:43.634,0.101404,0.646295,-0.391565
18-Jan-2025 14:37:43.650,0.149051,0.691499,-0.659124
18-Jan-2025 14:37:43.666,0.260839,0.560774,-0.467312
18-Jan-2025 14:37:43.682,0.208916,0.59987,-0.215025
18-Jan-2025 14:37:43.698,0.175929,0.646906,-0.169821
18-Jan-2025 14:37:43.714,0.207083,0.644463,-0.141721
18-Jan-2025 14:37:43.730,0.20464,0.676839,0.013439
18-Jan-2025 14:37:43.746,0.160658,0.655458,0.02138
18-Jan-2025 14:37:43.762,0.113621,0.604757,-0.043982
18-Jan-2025 14:37:43.778,0.092852,0.583376,-0.072693
18-Jan-2025 14:37:43.795,0.082467,0.558331,-0.13439
18-Jan-2025 14:37:43.810,0.076969,0.581544,-0.156382
18-Jan-2025 14:37:43.827,0.071471,0.601702,-0.155771
18-Jan-2025 14:37:43.843,0.089797,0.587652,-0.144164
18-Jan-2025 14:37:43.859,0.138666,0.59315,-0.116675
18-Jan-2025 14:37:43.875,0.14111,0.597426,-0.15516
18-Jan-2025 14:37:43.891,0.111788,0.655458,-0.213803
18-Jan-2025 14:37:43.907,0.083078,0.664621,-0.202807
18-Jan-2025 14:37:43.923,0.058032,0.658513,-0.20464
18-Jan-2025 14:37:43.939,0.02138,0.668287,-0.144164
18-Jan-2025 14:37:43.955,-0.058032,0.604757,-0.075136
18-Jan-2025 14:37:43.971,-0.140499,0.494801,-0.047647
18-Jan-2025 14:37:43.987,-0.194255,0.449597,-0.016493
18-Jan-2025 14:37:44.003,-0.288939,0.450819,0.072693
18-Jan-2025 14:37:44.019,-0.343306,0.384845,0.14844
18-Jan-2025 14:37:44.036,-0.34575,0.296881,0.207083
18-Jan-2025 14:37:44.052,-0.3317,0.212581,0.207694
18-Jan-2025 14:37:44.068,-0.330478,0.213803,0.193033
18-Jan-2025 14:37:44.084,-0.228464,0.186314,0.090408
18-Jan-2025 14:37:44.100,-0.145997,0.196699,0.089797
18-Jan-2025 14:37:44.116,-0.097738,0.25412,0.228464
18-Jan-2025 14:37:44.132,-0.093462,0.220522,0.249844
18-Jan-2025 14:37:44.148,-0.117897,0.230296,0.219301
18-Jan-2025 14:37:44.164,-0.129503,0.24007,0.157603
18-Jan-2025 14:37:44.180,-0.089797,0.301157,0.079412
18-Jan-2025 14:37:44.196,-0.023213,0.375682,0.017715
18-Jan-2025 14:37:44.212,0.030543,0.457538,-0.065363
18-Jan-2025 14:37:44.228,0.062308,0.546114,-0.207694
18-Jan-2025 14:37:44.244,0.111177,0.556498,-0.312763
18-Jan-2025 14:37:44.260,0.14111,0.556498,-0.3317
18-Jan-2025 14:37:44.277,0.153327,0.61392,-0.333532
18-Jan-2025 14:37:44.292,0.135001,0.687223,-0.352469
18-Jan-2025 14:37:44.308,0.104458,0.725097,-0.369573
18-Jan-2025 14:37:44.325,0.059254,0.742812,-0.45204
18-Jan-2025 14:37:44.341,0.023824,0.784962,-0.483805
18-Jan-2025 14:37:44.357,-0.021991,0.849714,-0.450208
18-Jan-2025 14:37:44.373,-0.040317,0.828944,-0.41661
18-Jan-2025 14:37:44.389,-0.024435,0.707382,-0.372628
18-Jan-2025 14:37:44.405,-0.503353,0.935846,-0.051924
18-Jan-2025 14:37:44.421,-0.100793,0.80512,-0.229074
18-Jan-2025 14:37:44.437,0.299324,0.670119,-0.315817
18-Jan-2025 14:37:44.453,0.412945,0.645685,-0.280387
18-Jan-2025 14:37:44.469,0.259007,0.795957,-0.136834
18-Jan-2025 14:37:44.484,0.177151,0.632246,0.03543
18-Jan-2025 14:37:44.501,0.163712,0.444099,0.074526
18-Jan-2025 14:37:44.518,0.081245,0.422108,-0.067195
18-Jan-2025 14:37:44.533,-0.090408,0.451429,-0.285885
18-Jan-2025 14:37:44.550,-0.298713,0.409891,-0.397673
18-Jan-2025 14:37:44.566,-0.594983,0.405615,-0.457538
18-Jan-2025 14:37:44.581,-0.920574,0.390343,-0.610254
18-Jan-2025 14:37:44.598,-1.10139,0.298713,-0.682336
18-Jan-2025 14:37:44.614,-1.155757,0.186925,-0.601702
18-Jan-2025 14:37:44.630,-1.054964,0.231518,-0.403782
18-Jan-2025 14:37:44.646,-0.753808,0.357356,0.0281
18-Jan-2025 14:37:44.662,-0.485027,0.693332,0.40256
18-Jan-2025 14:37:44.678,-0.171042,0.943176,0.526566
18-Jan-2025 14:37:44.694,-0.020769,0.8827,0.457538
18-Jan-2025 14:37:44.710,0.086743,0.715934,0.372628
18-Jan-2025 14:37:44.726,0.101404,0.602313,0.420275
18-Jan-2025 14:37:44.742,0.10568,0.541227,0.422719
18-Jan-2025 14:37:44.759,0.029322,0.48014,0.334754
18-Jan-2025 14:37:44.774,-0.141721,0.42394,0.280387
18-Jan-2025 14:37:44.791,-0.497244,0.31032,0.167377
18-Jan-2025 14:37:44.807,-0.780075,0.229685,-0.001222
18-Jan-2025 14:37:44.823,-1.095892,0.249233,-0.168599
18-Jan-2025 14:37:44.839,-1.240056,0.298102,-0.238237
18-Jan-2025 14:37:44.855,-1.198518,0.508851,-0.18387
18-Jan-2025 14:37:44.871,-1.088562,0.521068,-0.082467
18-Jan-2025 14:37:44.887,-0.852157,0.273057,0.069639
18-Jan-2025 14:37:44.903,-0.533285,0.087965,0.206472
18-Jan-2025 14:37:44.919,-0.224188,-0.07086,0.346971
18-Jan-2025 14:37:44.935,0.066584,-0.321315,0.384234
18-Jan-2025 14:37:44.951,0.185703,-0.558331,0.326813
18-Jan-2025 14:37:44.967,0.173486,-0.617585,0.286496
18-Jan-2025 14:37:44.983,0.091019,-0.5791,0.364687
18-Jan-2025 14:37:45.000,0.104458,-0.50824,0.49419
18-Jan-2025 14:37:45.016,0.245568,-0.555277,0.546114
18-Jan-2025 14:37:45.032,0.492968,-0.767247,0.531453
18-Jan-2025 14:37:45.048,0.610865,-0.927293,0.479529
18-Jan-2025 14:37:45.063,0.574824,-1.064738,0.420886
18-Jan-2025 14:37:45.080,0.470366,-1.128879,0.40928
18-Jan-2025 14:37:45.096,0.383623,-1.196074,0.403171
18-Jan-2025 14:37:45.112,0.357967,-1.276708,0.453873
18-Jan-2025 14:37:45.128,0.392786,-1.326188,0.504575
18-Jan-2025 14:37:45.144,0.480751,-1.453859,0.531453
18-Jan-2025 14:37:45.160,0.48686,-1.536937,0.547946
18-Jan-2025 14:37:45.176,0.255342,-1.503339,0.579711
18-Jan-2025 14:37:45.192,-0.083689,-1.421483,0.563829
18-Jan-2025 14:37:45.208,-0.510683,-1.356121,0.387289
18-Jan-2025 14:37:45.224,-0.695165,-1.344514,0.20464
18-Jan-2025 14:37:45.241,-0.72754,-1.354288,-0.010996
18-Jan-2025 14:37:45.256,-0.58582,-1.388497,-0.182038
18-Jan-2025 14:37:45.273,-0.383013,-1.428203,-0.312763
18-Jan-2025 14:37:45.289,-0.161268,-1.357343,-0.336587
18-Jan-2025 14:37:45.305,-0.040317,-1.271211,-0.26145
18-Jan-2025 14:37:45.321,0.135001,-1.210735,-0.236405
18-Jan-2025 14:37:45.337,0.249844,-1.230283,-0.356745
18-Jan-2025 14:37:45.353,0.216246,-1.346347,-0.585209
18-Jan-2025 14:37:45.369,0.037874,-1.422705,-0.695165
18-Jan-2025 14:37:45.385,-0.326202,-1.393994,-0.623083
18-Jan-2025 14:37:45.401,-0.61392,-1.275487,-0.482584
18-Jan-2025 14:37:45.417,-0.830777,-1.208902,-0.313374
18-Jan-2025 14:37:45.433,-0.853379,-1.123381,-0.287718
18-Jan-2025 14:37:45.449,-0.782518,-1.006706,-0.271224
18-Jan-2025 14:37:45.465,-0.623083,-0.831388,-0.252898
18-Jan-2025 14:37:45.482,-0.507629,-0.689667,-0.248622
18-Jan-2025 14:37:45.497,-0.376904,-0.596204,-0.28955
18-Jan-2025 14:37:45.514,-0.285885,-0.558331,-0.342085
18-Jan-2025 14:37:45.529,-0.163712,-0.468534,-0.369573
18-Jan-2025 14:37:45.546,-0.092241,-0.40256,-0.364076
18-Jan-2025 14:37:45.562,-0.052534,-0.330478,-0.335976
18-Jan-2025 14:37:45.578,-0.065363,-0.263283,-0.302989
18-Jan-2025 14:37:45.594,-0.11973,-0.156992,-0.281609
18-Jan-2025 14:37:45.610,-0.143553,-0.097738,-0.276111
18-Jan-2025 14:37:45.626,-0.136834,-0.044593,-0.284052
18-Jan-2025 14:37:45.642,-0.088575,0.025656,-0.313374
18-Jan-2025 14:37:45.658,-0.027489,0.07086,-0.34575
18-Jan-2025 14:37:45.674,0.079412,0.122784,-0.410501
18-Jan-2025 14:37:45.690,0.127671,0.18387,-0.447764
18-Jan-2025 14:37:45.706,0.128282,0.311541,-0.486249
18-Jan-2025 14:37:45.723,0.161268,0.365297,-0.547335
18-Jan-2025 14:37:45.738,0.368352,0.260839,-0.612698
18-Jan-2025 14:37:45.754,0.491747,0.171653,-0.596815
18-Jan-2025 14:37:45.771,0.406225,0.16921,-0.503964
18-Jan-2025 14:37:45.786,0.078191,0.2474,-0.40928
18-Jan-2025 14:37:45.803,-0.362854,0.367741,-0.293826
18-Jan-2025 14:37:45.819,-0.744645,0.485638,-0.179594
18-Jan-2025 14:37:45.835,-0.737314,0.507629,-0.159436
18-Jan-2025 14:37:45.851,-0.386067,0.520457,-0.138056
18-Jan-2025 14:37:45.867,-0.059254,0.595594,-0.125838
18-Jan-2025 14:37:45.883,0.141721,0.660956,-0.130114
18-Jan-2025 14:37:45.899,0.109345,0.704938,-0.140499
18-Jan-2025 14:37:45.915,0.048869,0.673784,-0.089797
18-Jan-2025 14:37:45.931,0.102625,0.702495,-0.054978
18-Jan-2025 14:37:45.947,0.24679,0.629191,-0.092241
18-Jan-2025 14:37:45.964,0.434936,0.53634,-0.147829
18-Jan-2025 14:37:45.979,0.467312,0.532064,-0.178984
18-Jan-2025 14:37:45.995,0.342085,0.598037,-0.159436
18-Jan-2025 14:37:46.011,0.188757,0.644463,-0.076969
18-Jan-2025 14:37:46.027,-0.031765,0.645685,0.037263
18-Jan-2025 14:37:46.044,-0.158825,0.616974,0.125838
18-Jan-2025 14:37:46.060,-0.195477,0.576657,0.189368
18-Jan-2025 14:37:46.076,-0.122173,0.549779,0.178984
18-Jan-2025 14:37:46.092,0.009774,0.502742,0.080634
18-Jan-2025 14:37:46.108,0.084299,0.467312,-0.018326
18-Jan-2025 14:37:46.124,0.150273,0.41661,-0.100793
18-Jan-2025 14:37:46.140,0.158214,0.412334,-0.081245
18-Jan-2025 14:37:46.156,0.117286,0.422719,-0.007941
18-Jan-2025 14:37:46.172,0.025045,0.350637,0.067195
18-Jan-2025 14:37:46.188,-0.041539,0.308487,0.089797
18-Jan-2025 14:37:46.205,-0.097738,0.26817,0.133779
18-Jan-2025 14:37:46.220,-0.109345,0.2474,0.167377
18-Jan-2025 14:37:46.236,-0.072082,0.169821,0.188757
18-Jan-2025 14:37:46.252,-0.028711,0.097128,0.182038
18-Jan-2025 14:37:46.268,0.023824,0.04948,0.178373
18-Jan-2025 14:37:46.285,0.051924,0.016493,0.175929
18-Jan-2025 14:37:46.300,0.078802,-0.034208,0.173486
18-Jan-2025 14:37:46.317,0.133779,-0.113621,0.177151
18-Jan-2025 14:37:46.333,0.184481,-0.175929,0.175318
18-Jan-2025 14:37:46.349,0.214414,-0.26817,0.171042
18-Jan-2025 14:37:46.365,0.187536,-0.3317,0.16921
18-Jan-2025 14:37:46.381,0.16249,-0.456927,0.16249
18-Jan-2025 14:37:46.397,0.231518,-0.569326,0.156382
18-Jan-2025 14:37:46.413,0.399506,-0.709215,0.182649
18-Jan-2025 14:37:46.429,0.503353,-0.791071,0.204029
18-Jan-2025 14:37:46.445,0.510683,-0.896139,0.254731
18-Jan-2025 14:37:46.461,0.399506,-0.946841,0.332311
18-Jan-2025 14:37:46.477,0.226631,-0.940732,0.453262
18-Jan-2025 14:37:46.494,-0.089186,-0.864985,0.561385
18-Jan-2025 14:37:46.510,-0.269392,-0.851546,0.531453
18-Jan-2025 14:37:46.526,-0.322537,-0.976163,0.347582
18-Jan-2025 14:37:46.542,-0.269392,-1.050077,0.17654
18-Jan-2025 14:37:46.558,-0.154549,-1.177748,-0.021991
18-Jan-2025 14:37:46.573,-0.044593,-1.257161,-0.128893
18-Jan-2025 14:37:46.590,0.140499,-1.291369,-0.188147
18-Jan-2025 14:37:46.606,0.272446,-1.241889,-0.181427
18-Jan-2025 14:37:46.622,0.363465,-1.217454,-0.139888
18-Jan-2025 14:37:46.638,0.38118,-1.250441,-0.131336
18-Jan-2025 14:37:46.654,0.313374,-1.278541,-0.133169
18-Jan-2025 14:37:46.670,0.057421,-1.22845,-0.112399
18-Jan-2025 14:37:46.686,-0.195477,-1.104444,-0.153938
18-Jan-2025 14:37:46.702,-0.309098,-1.056797,-0.089797
18-Jan-2025 14:37:46.718,-0.279165,-1.019534,-0.073304
18-Jan-2025 14:37:46.734,-0.193644,-0.851546,-0.066584
18-Jan-2025 14:37:46.750,-0.121562,-0.760527,-0.073915
18-Jan-2025 14:37:46.767,-0.05681,-0.653626,-0.126449
18-Jan-2025 14:37:46.783,-0.020159,-0.62858,-0.175318
18-Jan-2025 14:37:46.799,0.013439,-0.634078,-0.213803
18-Jan-2025 14:37:46.815,0.003054,-0.606589,-0.215025
18-Jan-2025 14:37:46.831,-0.036041,-0.537561,-0.174707
18-Jan-2025 14:37:46.847,-0.07086,-0.475864,-0.120951
18-Jan-2025 14:37:46.863,-0.048869,-0.452651,-0.115454
18-Jan-2025 14:37:46.879,0.008552,-0.36713,-0.123395
18-Jan-2025 14:37:46.895,0.057421,-0.279165,-0.124006
18-Jan-2025 14:37:46.911,0.113621,-0.186314,-0.153327
18-Jan-2025 14:37:46.927,0.136834,-0.133779,-0.213192
18-Jan-2025 14:37:46.943,0.140499,-0.062308,-0.299935
18-Jan-2025 14:37:46.959,0.130114,0.002443,-0.33903
18-Jan-2025 14:37:46.975,0.119119,0.04948,-0.344528
18-Jan-2025 14:37:46.991,0.125227,0.089186,-0.323148
18-Jan-2025 14:37:47.008,0.138056,0.120951,-0.312152
18-Jan-2025 14:37:47.024,0.136223,0.150884,-0.318872
18-Jan-2025 14:37:47.040,0.111177,0.157603,-0.323759
18-Jan-2025 14:37:47.056,0.050702,0.216246,-0.313374
18-Jan-2025 14:37:47.072,-0.002443,0.296881,-0.278555
18-Jan-2025 14:37:47.088,-0.034819,0.366519,-0.24679
18-Jan-2025 14:37:47.104,-0.018326,0.394008,-0.256563
18-Jan-2025 14:37:47.120,0.054367,0.412945,-0.276111
18-Jan-2025 14:37:47.136,0.177151,0.397673,-0.297491
18-Jan-2025 14:37:47.152,0.383623,0.378736,-0.316428
18-Jan-2025 14:37:47.168,0.419054,0.267559,-0.361021
18-Jan-2025 14:37:47.184,0.293215,0.178373,-0.375071
18-Jan-2025 14:37:47.200,-0.027489,0.205862,-0.266948
18-Jan-2025 14:37:47.216,-0.269392,0.373239,-0.101404
18-Jan-2025 14:37:47.233,-0.359189,0.556498,0.03543
18-Jan-2025 14:37:47.249,-0.285885,0.673173,0.087965
18-Jan-2025 14:37:47.265,-0.165544,0.736704,0.087965
18-Jan-2025 14:37:47.280,-0.099571,0.753808,0.052534
18-Jan-2025 14:37:47.297,-0.092852,0.803899,-0.010385
18-Jan-2025 14:37:47.313,-0.140499,0.844216,-0.046426
18-Jan-2025 14:37:47.329,-0.194866,0.879035,-0.066584
18-Jan-2025 14:37:47.345,-0.16921,0.869872,-0.015882
18-Jan-2025 14:37:47.361,-0.095295,0.885144,0.021991
18-Jan-2025 14:37:47.377,0.03543,0.811229,-0.010385
18-Jan-2025 14:37:47.393,0.09896,0.76236,-0.034819
18-Jan-2025 14:37:47.409,0.08491,0.801455,-0.00733
18-Jan-2025 14:37:47.425,-0.018326,0.857655,0.058643
18-Jan-2025 14:37:47.441,-0.217468,0.838107,0.142942
18-Jan-2025 14:37:47.457,-0.3317,0.775799,0.206472
18-Jan-2025 14:37:47.473,-0.397673,0.718988,0.255953
18-Jan-2025 14:37:47.490,-0.337808,0.642019,0.263283
18-Jan-2025 14:37:47.506,-0.18387,0.494801,0.220522
18-Jan-2025 14:37:47.521,-0.092241,0.368963,0.126449
18-Jan-2025 14:37:47.538,-0.0562,0.276722,0.058643
18-Jan-2025 14:37:47.554,-0.073304,0.251676,0.081856
18-Jan-2025 14:37:47.570,-0.126449,0.274278,0.139888
18-Jan-2025 14:37:47.586,-0.181427,0.284663,0.216857
18-Jan-2025 14:37:47.602,-0.189368,0.271224,0.25412
18-Jan-2025 14:37:47.618,-0.164934,0.271835,0.285885
18-Jan-2025 14:37:47.634,-0.140499,0.2474,0.284663
18-Jan-2025 14:37:47.650,-0.117897,0.232129,0.273057
18-Jan-2025 14:37:47.666,-0.12034,0.209527,0.24007
18-Jan-2025 14:37:47.682,-0.135612,0.214414,0.237016
18-Jan-2025 14:37:47.698,-0.125227,0.235183,0.241903
18-Jan-2025 14:37:47.714,-0.09163,0.239459,0.234572
18-Jan-2025 14:37:47.731,-0.028711,0.198531,0.198531
18-Jan-2025 14:37:47.746,0.041539,0.159436,0.182649
18-Jan-2025 14:37:47.763,0.163101,0.122784,0.182649
18-Jan-2025 14:37:47.779,0.237627,0.111177,0.192423
18-Jan-2025 14:37:47.795,0.279776,0.087354,0.206472
18-Jan-2025 14:37:47.811,0.2755,0.051924,0.224188
18-Jan-2025 14:37:47.827,0.278555,0.001833,0.255953
18-Jan-2025 14:37:47.843,0.31093,-0.029322,0.288328
18-Jan-2025 14:37:47.859,0.36713,-0.044593,0.323759
18-Jan-2025 14:37:47.875,0.480751,-0.044593,0.380569
18-Jan-2025 14:37:47.891,0.535118,-0.059254,0.422108
18-Jan-2025 14:37:47.907,0.510683,-0.102625,0.429438
18-Jan-2025 14:37:47.923,0.442266,-0.144775,0.434325
18-Jan-2025 14:37:47.939,0.340863,-0.117897,0.436158
18-Jan-2025 14:37:47.955,0.189979,-0.166155,0.365908
18-Jan-2025 14:37:47.972,-0.006109,-0.188757,0.298713
18-Jan-2025 14:37:47.987,-0.048258,-0.233961,0.215025
18-Jan-2025 14:37:48.003,0.053145,-0.31032,0.046426
18-Jan-2025 14:37:48.020,0.185092,-0.375682,-0.067195
18-Jan-2025 14:37:48.035,0.329256,-0.412945,-0.166155
18-Jan-2025 14:37:48.052,0.50824,-0.397062,-0.311541
18-Jan-2025 14:37:48.068,0.544281,-0.339641,-0.386678
18-Jan-2025 14:37:48.084,0.441656,-0.214414,-0.377515
18-Jan-2025 14:37:48.100,0.28955,-0.07758,-0.340863
18-Jan-2025 14:37:48.116,0.07025,0.086743,-0.340252
18-Jan-2025 14:37:48.132,-0.041539,0.158214,-0.353691
18-Jan-2025 14:37:48.148,-0.109345,0.292604,-0.322537
18-Jan-2025 14:37:48.164,-0.116675,0.465479,-0.28222
18-Jan-2025 14:37:48.180,-0.133169,0.736704,-0.231518
18-Jan-2025 14:37:48.196,-0.161268,0.930348,-0.211359
18-Jan-2025 14:37:48.213,-0.174097,1.092838,-0.218079
18-Jan-2025 14:37:48.228,-0.142332,1.255939,-0.24679
18-Jan-2025 14:37:48.244,-0.084299,1.368949,-0.245568
18-Jan-2025 14:37:48.261,-0.008552,1.497231,-0.216857
18-Jan-2025 14:37:48.277,0.02138,1.549765,-0.209527
18-Jan-2025 14:37:48.293,0.020769,1.578476,-0.255342
18-Jan-2025 14:37:48.309,0.007941,1.591304,-0.297491
18-Jan-2025 14:37:48.325,-0.023213,1.604132,-0.300546
18-Jan-2025 14:37:48.341,-0.061697,1.654223,-0.257174
18-Jan-2025 14:37:48.357,-0.127671,1.717142,-0.181427
18-Jan-2025 14:37:48.373,-0.175929,1.751351,-0.098349
18-Jan-2025 14:37:48.389,-0.229685,1.76479,-0.075136
18-Jan-2025 14:37:48.405,-0.271224,1.792279,-0.082467
18-Jan-2025 14:37:48.421,-0.277944,1.799609,-0.10568
18-Jan-2025 14:37:48.437,-0.277944,1.797776,-0.139277
18-Jan-2025 14:37:48.454,-0.290772,1.815492,-0.145997
18-Jan-2025 14:37:48.469,-0.292604,1.863139,-0.117286
18-Jan-2025 14:37:48.485,-0.273668,1.910176,-0.07758
18-Jan-2025 14:37:48.502,-0.225409,1.952325,-0.058643
18-Jan-2025 14:37:48.518,-0.194866,1.983479,-0.072082
18-Jan-2025 14:37:48.534,-0.181427,2.042733,-0.090408
18-Jan-2025 14:37:48.550,-0.196088,2.084883,-0.102625
18-Jan-2025 14:37:48.566,-0.212581,2.130087,-0.121562
18-Jan-2025 14:37:48.582,-0.209527,2.169793,-0.144164
18-Jan-2025 14:37:48.598,-0.185092,2.201558,-0.155771
18-Jan-2025 14:37:48.614,-0.14844,2.229047,-0.165544
18-Jan-2025 14:37:48.630,-0.14111,2.259591,-0.172264
18-Jan-2025 14:37:48.646,-0.131336,2.274251,-0.185703
18-Jan-2025 14:37:48.662,-0.085521,2.252871,-0.204029
18-Jan-2025 14:37:48.678,0.082467,2.162463,-0.246179
18-Jan-2025 14:37:48.695,0.207083,2.047009,-0.260229
18-Jan-2025 14:37:48.710,0.122784,1.9059,-0.220522
18-Jan-2025 14:37:48.726,-0.144164,1.942551,-0.177151
18-Jan-2025 14:37:48.742,-0.461814,2.034792,-0.191201
18-Jan-2025 14:37:48.759,-0.722654,2.043344,-0.280998
18-Jan-2025 14:37:48.775,-0.717767,2.06167,-0.337808
18-Jan-2025 14:37:48.791,-0.618806,2.141083,-0.375071
18-Jan-2025 14:37:48.807,-0.578489,2.229047,-0.36713
18-Jan-2025 14:37:48.823,-0.591318,2.291356,-0.372628
18-Jan-2025 14:37:48.839,-0.622472,2.339003,-0.400117
18-Jan-2025 14:37:48.855,-0.648739,2.406809,-0.434325
18-Jan-2025 14:37:48.871,-0.643852,2.454457,-0.456927
18-Jan-2025 14:37:48.887,-0.610254,2.494774,-0.45876
18-Jan-2025 14:37:48.903,-0.589485,2.525317,-0.432493
18-Jan-2025 14:37:48.919,-0.572381,2.560136,-0.377515
18-Jan-2025 14:37:48.936,-0.562607,2.56319,-0.319483
18-Jan-2025 14:37:48.951,-0.590707,2.54181,-0.263283
18-Jan-2025 14:37:48.967,-0.686613,2.496606,-0.202196
18-Jan-2025 14:37:48.983,-0.780686,2.523484,-0.152105
18-Jan-2025 14:37:48.999,-0.850935,2.561969,-0.087354
18-Jan-2025 14:37:49.016,-0.833831,2.595567,-0.061087
18-Jan-2025 14:37:49.032,-0.724486,2.627331,-0.059865
18-Jan-2025 14:37:49.048,-0.629802,2.626721,-0.103236
18-Jan-2025 14:37:49.063,-0.552833,2.620001,-0.178373
18-Jan-2025 14:37:49.080,-0.533896,2.637105,-0.200975
18-Jan-2025 14:37:49.096,-0.547335,2.684142,-0.18387
18-Jan-2025 14:37:49.112,-0.551,2.708576,-0.114232
18-Jan-2025 14:37:49.128,-0.509462,2.705522,-0.078191
18-Jan-2025 14:37:49.144,-0.447153,2.646879,-0.029322
18-Jan-2025 14:37:49.160,-0.446543,2.565023,-0.014661
18-Jan-2025 14:37:49.177,-0.509462,2.401311,0.012828
18-Jan-2025 14:37:49.192,-0.562607,2.316401,0.064752
18-Jan-2025 14:37:49.208,-0.590707,2.220495,0.17654
18-Jan-2025 14:37:49.224,-0.580933,2.171015,0.266948
18-Jan-2025 14:37:49.241,-0.563218,2.132531,0.356134
18-Jan-2025 14:37:49.257,-0.541227,2.155133,0.415388
18-Jan-2025 14:37:49.273,-0.51557,2.208889,0.463647
18-Jan-2025 14:37:49.289,-0.476475,2.259591,0.489303
18-Jan-2025 14:37:49.305,-0.424551,2.205224,0.432493
18-Jan-2025 14:37:49.321,-0.335976,2.115426,0.348193
18-Jan-2025 14:37:49.337,-0.269392,2.049453,0.320704
18-Jan-2025 14:37:49.353,-0.20464,1.975538,0.318872
18-Jan-2025 14:37:49.369,-0.18387,1.915063,0.324369
18-Jan-2025 14:37:49.385,-0.186314,1.794722,0.334754
18-Jan-2025 14:37:49.401,-0.196699,1.676825,0.348193
18-Jan-2025 14:37:49.417,-0.208916,1.52472,0.368352
18-Jan-2025 14:37:49.433,-0.220522,1.414764,0.366519
18-Jan-2025 14:37:49.449,-0.21869,1.347569,0.365297
18-Jan-2025 14:37:49.465,-0.178373,1.278541,0.372628
18-Jan-2025 14:37:49.481,-0.133169,1.213789,0.359189
18-Jan-2025 14:37:49.498,-0.075136,1.166753,0.339641
18-Jan-2025 14:37:49.514,-0.050091,1.081842,0.330478
18-Jan-2025 14:37:49.530,0.00733,0.911411,0.293215
18-Jan-2025 14:37:49.546,0.062919,0.846659,0.272446
18-Jan-2025 14:37:49.562,0.115454,0.816727,0.288328
18-Jan-2025 14:37:49.578,0.14111,0.767858,0.307265
18-Jan-2025 14:37:49.594,0.136834,0.709825,0.312763
18-Jan-2025 14:37:49.610,0.105069,0.653015,0.311541
18-Jan-2025 14:37:49.626,0.095295,0.620028,0.313985
18-Jan-2025 14:37:49.642,0.12706,0.578489,0.331089
18-Jan-2025 14:37:49.658,0.174707,0.560774,0.351248
18-Jan-2025 14:37:49.674,0.227242,0.52962,0.343306
18-Jan-2025 14:37:49.690,0.231518,0.485027,0.293215
18-Jan-2025 14:37:49.706,0.158825,0.454484,0.214414
18-Jan-2025 14:37:49.722,0.085521,0.459371,0.170431
18-Jan-2025 14:37:49.739,0.053145,0.481973,0.110567
18-Jan-2025 14:37:49.755,0.10568,0.504575,0.06353
18-Jan-2025 14:37:49.771,0.196088,0.525344,0.033598
18-Jan-2025 14:37:49.787,0.334754,0.548557,0.019548
18-Jan-2025 14:37:49.803,0.430049,0.596204,0.03543
18-Jan-2025 14:37:49.819,0.485027,0.632246,0.058643
18-Jan-2025 14:37:49.835,0.438601,0.607811,0.051924
18-Jan-2025 14:37:49.851,0.251676,0.555887,0.025045
18-Jan-2025 14:37:49.867,0.065363,0.50152,0.021991
18-Jan-2025 14:37:49.883,-0.165544,0.411723,0.084299
18-Jan-2025 14:37:49.899,-0.291994,0.365908,0.166766
18-Jan-2025 14:37:49.915,-0.406225,0.336587,0.290161
18-Jan-2025 14:37:49.931,-0.478307,0.329867,0.3598
18-Jan-2025 14:37:49.947,-0.521679,0.339641,0.399506
18-Jan-2025 14:37:49.963,-0.503353,0.368352,0.428827
18-Jan-2025 14:37:49.980,-0.433714,0.394008,0.435547
18-Jan-2025 14:37:49.996,-0.329867,0.451429,0.419664
18-Jan-2025 14:37:50.011,-0.266948,0.453873,0.369573
18-Jan-2025 14:37:50.027,-0.226631,0.428827,0.26817
18-Jan-2025 14:37:50.044,-0.222966,0.433103,0.221744
18-Jan-2025 14:37:50.060,-0.233351,0.492968,0.219911
18-Jan-2025 14:37:50.076,-0.24007,0.544281,0.231518
18-Jan-2025 14:37:50.092,-0.226631,0.609644,0.248011
18-Jan-2025 14:37:50.108,-0.193644,0.671952,0.242514
18-Jan-2025 14:37:50.124,-0.150884,0.717156,0.200975
18-Jan-2025 14:37:50.140,-0.104458,0.747088,0.095295
18-Jan-2025 14:37:50.156,-0.095906,0.766025,0.020769
18-Jan-2025 14:37:50.172,-0.131336,0.792903,-0.050091
18-Jan-2025 14:37:50.188,-0.156382,0.802677,-0.083689
18-Jan-2025 14:37:50.204,-0.170431,0.800233,-0.108123
18-Jan-2025 14:37:50.221,-0.171042,0.801455,-0.113621
18-Jan-2025 14:37:50.236,-0.164934,0.806953,-0.119119
18-Jan-2025 14:37:50.252,-0.160047,0.821003,-0.121562
18-Jan-2025 14:37:50.268,-0.149051,0.838107,-0.128893
18-Jan-2025 14:37:50.285,-0.135001,0.849103,-0.135001
18-Jan-2025 14:37:50.301,-0.12706,0.822836,-0.144164
18-Jan-2025 14:37:50.317,-0.131336,0.76236,-0.158214
18-Jan-2025 14:37:50.333,-0.133169,0.750143,-0.147829
18-Jan-2025 14:37:50.349,-0.153938,0.754419,-0.102014
18-Jan-2025 14:37:50.365,-0.16249,0.715934,-0.07025
18-Jan-2025 14:37:50.381,-0.119119,0.62858,-0.078191
18-Jan-2025 14:37:50.397,-0.127671,0.576046,-0.075136
18-Jan-2025 14:37:50.413,-0.191812,0.528398,-0.054367
18-Jan-2025 14:37:50.429,-0.238848,0.488692,-0.047647
18-Jan-2025 14:37:50.445,-0.239459,0.391565,-0.048869
18-Jan-2025 14:37:50.462,-0.207694,0.311541,-0.054978
18-Jan-2025 14:37:50.477,-0.171042,0.2474,-0.067195
18-Jan-2025 14:37:50.494,-0.142942,0.216857,-0.108734
18-Jan-2025 14:37:50.510,-0.128282,0.238848,-0.153938
18-Jan-2025 14:37:50.526,-0.072693,0.262672,-0.187536
18-Jan-2025 14:37:50.542,0.065363,0.195477,-0.241903
18-Jan-2025 14:37:50.558,0.266337,0.109345,-0.321926
18-Jan-2025 14:37:50.574,0.307265,0,-0.319483
18-Jan-2025 14:37:50.590,0.213192,-0.144775,-0.300546
18-Jan-2025 14:37:50.606,0.026267,-0.216857,-0.265726
18-Jan-2025 14:37:50.622,-0.244346,-0.270613,-0.221133
18-Jan-2025 14:37:50.638,-0.351858,-0.258396,-0.200364
18-Jan-2025 14:37:50.654,-0.398895,-0.231518,-0.189979
18-Jan-2025 14:37:50.670,-0.37446,-0.17654,-0.16249
18-Jan-2025 14:37:50.686,-0.31032,-0.114232,-0.12034
18-Jan-2025 14:37:50.703,-0.196088,-0.059254,-0.042761
18-Jan-2025 14:37:50.718,-0.072082,-0.076969,-0.001833
18-Jan-2025 14:37:50.735,0.130725,-0.129503,0.054367
18-Jan-2025 14:37:50.751,0.26817,-0.165544,0.087354
18-Jan-2025 14:37:50.767,0.328035,-0.095906,0.108123
18-Jan-2025 14:37:50.783,0.243124,-0.010385,0.116675
18-Jan-2025 14:37:50.799,0.047647,0.057421,0.122784
18-Jan-2025 14:37:50.815,-0.080634,0.072693,0.156992
18-Jan-2025 14:37:50.831,-0.156382,0.087965,0.223577
18-Jan-2025 14:37:50.847,-0.166766,0.107512,0.3036
18-Jan-2025 14:37:50.863,-0.141721,0.104458,0.306043
18-Jan-2025 14:37:50.879,-0.086132,0.109345,0.232129
18-Jan-2025 14:37:50.895,-0.032376,0.118508,0.182649
18-Jan-2025 14:37:50.911,0.040317,0.117897,0.115454
18-Jan-2025 14:37:50.928,0.073915,0.10568,0.07025
18-Jan-2025 14:37:50.944,0.078191,0.100793,0.05681
18-Jan-2025 14:37:50.959,0.075747,0.113621,0.080023
18-Jan-2025 14:37:50.975,0.074526,0.123395,0.144164
18-Jan-2025 14:37:50.992,0.065973,0.115454,0.191812
18-Jan-2025 14:37:51.008,0.046426,0.112399,0.217468
18-Jan-2025 14:37:51.024,0.031154,0.09896,0.21869
18-Jan-2025 14:37:51.040,0.047037,0.076969,0.193033
18-Jan-2025 14:37:51.056,0.083689,0.039095,0.172875
18-Jan-2025 14:37:51.072,0.094073,0.014661,0.160047
18-Jan-2025 14:37:51.088,0.087965,-0.036652,0.142942
18-Jan-2025 14:37:51.104,0.09163,-0.058643,0.157603
18-Jan-2025 14:37:51.120,0.146608,-0.065973,0.222355
18-Jan-2025 14:37:51.135,0.163712,-0.116064,0.245568
18-Jan-2025 14:37:51.152,0.205251,-0.229074,0.221744
18-Jan-2025 14:37:51.168,0.272446,-0.280998,0.192423
18-Jan-2025 14:37:51.185,0.328035,-0.323148,0.189979
18-Jan-2025 14:37:51.201,0.386067,-0.399506,0.20464
18-Jan-2025 14:37:51.217,0.405004,-0.468534,0.20464
18-Jan-2025 14:37:51.233,0.383623,-0.576046,0.214414
18-Jan-2025 14:37:51.249,0.339641,-0.72021,0.24679
18-Jan-2025 14:37:51.265,0.314596,-0.764192,0.258396
18-Jan-2025 14:37:51.281,0.343917,-0.825279,0.263894
18-Jan-2025 14:37:51.297,0.439212,-0.901026,0.263283
18-Jan-2025 14:37:51.313,0.527177,-0.948063,0.273057
18-Jan-2025 14:37:51.329,0.651793,-1.000597,0.329256
18-Jan-2025 14:37:51.345,0.694554,-1.021367,0.371406
18-Jan-2025 14:37:51.361,0.615141,-1.083675,0.441656
18-Jan-2025 14:37:51.377,0.228464,-1.194852,0.511905
18-Jan-2025 14:37:51.393,-0.173486,-1.151481,0.541227
18-Jan-2025 14:37:51.409,-0.616974,-1.15759,0.329256
18-Jan-2025 14:37:51.426,-0.747088,-1.230893,0.139277
18-Jan-2025 14:37:51.442,-0.591928,-1.309084,-0.055589
18-Jan-2025 14:37:51.456,-0.334754,-1.293202,-0.166766
18-Jan-2025 14:37:51.474,0.030543,-1.125825,-0.207694
18-Jan-2025 14:37:51.490,0.26145,-0.975552,-0.208305
18-Jan-2025 14:37:51.506,0.509462,-1.14354,-0.2755
18-Jan-2025 14:37:51.522,0.629191,-1.428814,-0.42333
18-Jan-2025 14:37:51.538,0.626748,-1.577254,-0.555277
18-Jan-2025 14:37:51.554,0.345139,-1.373225,-0.608422
18-Jan-2025 14:37:51.570,-0.075747,-1.131933,-0.58582
18-Jan-2025 14:37:51.586,-0.57177,-0.935235,-0.504575
18-Jan-2025 14:37:51.602,-0.730595,-0.865596,-0.290772
18-Jan-2025 14:37:51.618,-0.664011,-0.729984,-0.068417
18-Jan-2025 14:37:51.634,-0.510072,-0.693332,-0.015272
18-Jan-2025 14:37:51.650,-0.319483,-0.718988,-0.017104
18-Jan-2025 14:37:51.667,-0.219301,-0.687223,-0.065363
18-Jan-2025 14:37:51.682,-0.120951,-0.569937,-0.18326
18-Jan-2025 14:37:51.699,-0.065363,-0.514959,-0.273668
18-Jan-2025 14:37:51.714,-0.022602,-0.517403,-0.36041
18-Jan-2025 14:37:51.731,0.005498,-0.549779,-0.434325
18-Jan-2025 14:37:51.747,-0.007941,-0.502742,-0.394619
18-Jan-2025 14:37:51.763,-0.086743,-0.343306,-0.260229
18-Jan-2025 14:37:51.779,-0.147219,-0.194866,-0.172264
18-Jan-2025 14:37:51.795,-0.209527,-0.05681,-0.104458
18-Jan-2025 14:37:51.811,-0.222355,-0.036652,-0.097128
18-Jan-2025 14:37:51.827,-0.169821,-0.001833,-0.111177
18-Jan-2025 14:37:51.843,-0.073915,0.122173,-0.153327
18-Jan-2025 14:37:51.859,0.034819,0.234572,-0.238848
18-Jan-2025 14:37:51.875,0.145997,0.309098,-0.378126
18-Jan-2025 14:37:51.891,0.217468,0.376293,-0.446543
18-Jan-2025 14:37:51.908,0.31093,0.502131,-0.469755
18-Jan-2025 14:37:51.924,0.377515,0.571159,-0.443488
18-Jan-2025 14:37:51.940,0.48747,0.654848,-0.419054
18-Jan-2025 14:37:51.956,0.6353,0.530231,-0.431882
18-Jan-2025 14:37:51.972,0.763582,0.446543,-0.382402
18-Jan-2025 14:37:51.988,0.638965,0.552222,-0.140499
18-Jan-2025 14:37:52.004,0.354913,1.097114,-0.034819
18-Jan-2025 14:37:52.020,0.122784,1.025032,-0.124617
18-Jan-2025 14:37:52.036,-0.138666,0.801455,-0.205862
18-Jan-2025 14:37:52.052,-0.376904,1.007317,-0.152716
18-Jan-2025 14:37:52.068,-0.38851,1.250441,-0.043371
18-Jan-2025 14:37:52.084,-0.264505,1.370782,0.061697
18-Jan-2025 14:37:52.100,-0.149662,1.34879,0.07086
18-Jan-2025 14:37:52.116,-0.023824,1.271821,0.019548
18-Jan-2025 14:37:52.132,0.076969,1.237002,0.010385
18-Jan-2025 14:37:52.149,0.28222,1.257771,0.061697
18-Jan-2025 14:37:52.164,0.456316,1.218065,0.095295
18-Jan-2025 14:37:52.181,0.528398,1.060462,0.167988
18-Jan-2025 14:37:52.196,0.363465,0.974941,0.246179
18-Jan-2025 14:37:52.213,0.04948,1.018923,0.315206
18-Jan-2025 14:37:52.229,-0.364687,1.117883,0.404393
18-Jan-2025 14:37:52.245,-0.517403,1.139264,0.440434
18-Jan-2025 14:37:52.261,-0.429438,1.083675,0.415388
18-Jan-2025 14:37:52.277,-0.218079,0.995099,0.351858
18-Jan-2025 14:37:52.293,0.066584,0.864374,0.276722
18-Jan-2025 14:37:52.309,0.193644,0.817949,0.193033
18-Jan-2025 14:37:52.325,0.194255,0.783129,0.094073
18-Jan-2025 14:37:52.341,0.091019,0.722043,0.059865
18-Jan-2025 14:37:52.357,-0.106291,0.615752,0.055589
18-Jan-2025 14:37:52.373,-0.245568,0.593761,0.083078
18-Jan-2025 14:37:52.390,-0.350026,0.591318,0.108734
18-Jan-2025 14:37:52.406,-0.365908,0.55039,0.114232
18-Jan-2025 14:37:52.421,-0.335976,0.508851,0.102625
18-Jan-2025 14:37:52.438,-0.239459,0.452651,0.072693
18-Jan-2025 14:37:52.453,-0.149051,0.412945,0.045815
18-Jan-2025 14:37:52.470,-0.048258,0.371406,0.001833
18-Jan-2025 14:37:52.486,-0.019548,0.29627,-0.051313
18-Jan-2025 14:37:52.502,-0.017715,0.124617,-0.100793
18-Jan-2025 14:37:52.518,0.000611,0.029322,-0.107512
18-Jan-2025 14:37:52.534,0.076969,-0.04948,-0.09163
18-Jan-2025 14:37:52.550,0.142332,-0.116064,-0.06353
18-Jan-2025 14:37:52.566,0.170431,-0.180816,-0.04215
18-Jan-2025 14:37:52.582,0.139277,-0.243735,-0.018937
18-Jan-2025 14:37:52.598,0.087965,-0.329867,0.017715
18-Jan-2025 14:37:52.614,0.078191,-0.469145,0.081856
18-Jan-2025 14:37:52.631,0.164934,-0.536951,0.132558
18-Jan-2025 14:37:52.647,0.35308,-0.610865,0.194255
18-Jan-2025 14:37:52.663,0.458149,-0.694554,0.227242
18-Jan-2025 14:37:52.679,0.518625,-0.857044,0.243735
18-Jan-2025 14:37:52.695,0.473421,-1.011593,0.291383
18-Jan-2025 14:37:52.711,0.186925,-1.084897,0.387899
18-Jan-2025 14:37:52.727,-0.127671,-0.971887,0.376904
18-Jan-2025 14:37:52.743,-0.366519,-0.875981,0.290161
18-Jan-2025 14:37:52.759,-0.474642,-0.803899,0.086743
18-Jan-2025 14:37:52.775,-0.415388,-0.860709,-0.058032
18-Jan-2025 14:37:52.791,-0.164323,-1.052521,-0.180205
18-Jan-2025 14:37:52.807,0.098349,-1.151481,-0.219911
18-Jan-2025 14:37:52.823,0.464258,-1.183857,-0.252898
18-Jan-2025 14:37:52.839,0.675006,-1.183246,-0.250455
18-Jan-2025 14:37:52.856,0.718988,-1.249219,-0.250455
18-Jan-2025 14:37:52.872,0.551,-1.274265,-0.29627
18-Jan-2025 14:37:52.888,0.058032,-1.223563,-0.284052
18-Jan-2025 14:37:52.904,-0.34575,-1.058019,-0.179594
18-Jan-2025 14:37:52.920,-0.580933,-0.876592,-0.080634
18-Jan-2025 14:37:52.936,-0.6072,-0.654237,-0.019548
18-Jan-2025 14:37:52.952,-0.481973,-0.572381,-0.020769
18-Jan-2025 14:37:52.968,-0.257785,-0.468534,-0.073915
18-Jan-2025 14:37:52.984,-0.136223,-0.364687,-0.153327
18-Jan-2025 14:37:53.000,-0.07025,-0.300546,-0.301767
18-Jan-2025 14:37:53.016,-0.054367,-0.293215,-0.413556
18-Jan-2025 14:37:53.032,-0.054978,-0.271835,-0.512516
18-Jan-2025 14:37:53.048,-0.075747,-0.244957,-0.521679
18-Jan-2025 14:37:53.064,-0.102014,-0.158214,-0.454484
18-Jan-2025 14:37:53.080,-0.103847,-0.057421,-0.312763
18-Jan-2025 14:37:53.096,-0.099571,0.047037,-0.177762
18-Jan-2025 14:37:53.113,-0.114843,0.143553,-0.09163
18-Jan-2025 14:37:53.129,-0.126449,0.177151,-0.083689
18-Jan-2025 14:37:53.145,-0.111788,0.21869,-0.13439
18-Jan-2025 14:37:53.161,-0.087354,0.271835,-0.18387
18-Jan-2025 14:37:53.177,-0.061087,0.368963,-0.241292
18-Jan-2025 14:37:53.193,-0.039706,0.466701,-0.287107
18-Jan-2025 14:37:53.209,0.029932,0.581544,-0.343917
18-Jan-2025 14:37:53.225,0.106901,0.647517,-0.38118
18-Jan-2025 14:37:53.241,0.180816,0.71288,-0.403782
18-Jan-2025 14:37:53.257,0.22602,0.734871,-0.397673
18-Jan-2025 14:37:53.273,0.346361,0.685391,-0.393397
18-Jan-2025 14:37:53.289,0.56505,0.579711,-0.380569
18-Jan-2025 14:37:53.305,0.535118,0.594983,-0.321926
18-Jan-2025 14:37:53.321,0.139888,0.89675,-0.243124
18-Jan-2025 14:37:53.337,-0.243735,1.089784,-0.231518
18-Jan-2025 14:37:53.354,-0.594372,1.202183,-0.188757
18-Jan-2025 14:37:53.369,-0.709825,1.351845,-0.138056
18-Jan-2025 14:37:53.386,-0.672563,1.58153,-0.051313
18-Jan-2025 14:37:53.402,-0.551,1.676214,-0.010996
18-Jan-2025 14:37:53.418,-0.40256,1.702481,-0.061697
18-Jan-2025 14:37:53.434,-0.342085,1.683545,-0.156382
18-Jan-2025 14:37:53.450,-0.290161,1.676825,-0.215635
18-Jan-2025 14:37:53.466,-0.166155,1.737301,-0.202196
18-Jan-2025 14:37:53.482,-0.009774,1.791057,-0.163101
18-Jan-2025 14:37:53.498,0.213803,1.760514,-0.117286
18-Jan-2025 14:37:53.514,0.269392,1.703092,-0.050702
18-Jan-2025 14:37:53.530,0.060476,1.713477,0.071471
18-Jan-2025 14:37:53.546,-0.230296,1.741577,0.160047
18-Jan-2025 14:37:53.562,-0.534507,1.69454,0.266948
18-Jan-2025 14:37:53.578,-0.594983,1.648725,0.325591
18-Jan-2025 14:37:53.595,-0.467312,1.62368,0.351858
18-Jan-2025 14:37:53.610,-0.295659,1.571756,0.328645
18-Jan-2025 14:37:53.626,-0.149662,1.441642,0.258396
18-Jan-2025 14:37:53.643,-0.081856,1.261437,0.163101
18-Jan-2025 14:37:53.659,-0.142942,1.174083,0.150273
18-Jan-2025 14:37:53.675,-0.31032,1.166142,0.204029
18-Jan-2025 14:37:53.691,-0.43738,1.152092,0.246179
18-Jan-2025 14:37:53.707,-0.475253,1.073901,0.260229
18-Jan-2025 14:37:53.723,-0.445321,1.027475,0.279165
18-Jan-2025 14:37:53.739,-0.365908,1.039693,0.313985
18-Jan-2025 14:37:53.755,-0.292604,1.082453,0.328035
18-Jan-2025 14:37:53.771,-0.21197,1.027475,0.271835
18-Jan-2025 14:37:53.787,-0.168599,0.954782,0.197309
18-Jan-2025 14:37:53.803,-0.122173,0.890642,0.128282
18-Jan-2025 14:37:53.819,-0.051924,0.805731,0.078191
18-Jan-2025 14:37:53.836,0.003665,0.74098,0.062919
18-Jan-2025 14:37:53.852,0.053756,0.6072,0.061697
18-Jan-2025 14:37:53.868,0.054978,0.516792,0.089186
18-Jan-2025 14:37:53.884,0,0.406836,0.154549
18-Jan-2025 14:37:53.900,-0.028711,0.334754,0.219301
18-Jan-2025 14:37:53.916,0.004887,0.213803,0.271224
18-Jan-2025 14:37:53.932,0.053756,0.136223,0.33903
18-Jan-2025 14:37:53.948,0.061087,0.05681,0.40256
18-Jan-2025 14:37:53.964,0.017715,-0.033598,0.400117
18-Jan-2025 14:37:53.980,-0.080023,-0.147829,0.364076
18-Jan-2025 14:37:53.996,-0.287107,-0.207694,0.293215
18-Jan-2025 14:37:54.012,-0.430049,-0.242514,0.237627
18-Jan-2025 14:37:54.028,-0.524733,-0.318872,0.145997
18-Jan-2025 14:37:54.044,-0.525955,-0.366519,0.058643
18-Jan-2025 14:37:54.060,-0.475864,-0.443488,0.001222
18-Jan-2025 14:37:54.077,-0.379958,-0.468534,0.008552
18-Jan-2025 14:37:54.092,-0.172264,-0.411723,0.015272
18-Jan-2025 14:37:54.109,0.016493,-0.284663,-0.046426
18-Jan-2025 14:37:54.124,0.219301,-0.290161,-0.179594
18-Jan-2025 14:37:54.141,0.291994,-0.350637,-0.235183
18-Jan-2025 14:37:54.157,0.228464,-0.328035,-0.271224
18-Jan-2025 14:37:54.173,-0.127671,-0.199142,-0.305433
18-Jan-2025 14:37:54.189,-0.517403,-0.078191,-0.291994
18-Jan-2025 14:37:54.205,-0.927293,0.111788,-0.08491
18-Jan-2025 14:37:54.221,-1.012204,0.304211,0.076969
18-Jan-2025 14:37:54.237,-0.886365,0.441045,0.19059
18-Jan-2025 14:37:54.253,-0.728151,0.478307,0.175929
18-Jan-2025 14:37:54.269,-0.564439,0.568716,0.029322
18-Jan-2025 14:37:54.285,-0.520457,0.631024,-0.13439
18-Jan-2025 14:37:54.302,-0.518625,0.703106,-0.346361
18-Jan-2025 14:37:54.318,-0.481362,0.761138,-0.448986
18-Jan-2025 14:37:54.334,-0.407447,0.811229,-0.527177
18-Jan-2025 14:37:54.350,-0.271835,0.928515,-0.568716
18-Jan-2025 14:37:54.366,-0.166766,1.058019,-0.56505
18-Jan-2025 14:37:54.382,-0.053145,1.279763,-0.558942
18-Jan-2025 14:37:54.398,0.012828,1.477072,-0.558942
18-Jan-2025 14:37:54.414,0.102014,1.756238,-0.602313
18-Jan-2025 14:37:54.430,0.127671,1.984701,-0.668897
18-Jan-2025 14:37:54.445,0.113621,2.14597,-0.750143
18-Jan-2025 14:37:54.462,0.102625,2.158187,-0.79779
18-Jan-2025 14:37:54.478,-0.062308,2.233323,-0.754419
18-Jan-2025 14:37:54.494,-0.298102,2.275473,-0.675006
18-Jan-2025 14:37:54.510,-0.481973,2.2095,-0.524122
18-Jan-2025 14:37:54.526,-0.581544,2.036014,-0.313374
18-Jan-2025 14:37:54.543,-0.538172,1.861917,-0.224798
18-Jan-2025 14:37:54.559,-0.387289,1.692097,-0.136223
18-Jan-2025 14:37:54.575,-0.313374,1.683545,-0.022602
18-Jan-2025 14:37:54.591,-0.224798,1.686599,0.119119
18-Jan-2025 14:37:54.607,-0.14844,1.629178,0.150884
18-Jan-2025 14:37:54.623,-0.016493,1.569924,0.124617
18-Jan-2025 14:37:54.639,0.109345,1.571145,0.135612
18-Jan-2025 14:37:54.655,0.254731,1.605965,0.196699
18-Jan-2025 14:37:54.671,0.293215,1.62368,0.237627
18-Jan-2025 14:37:54.687,0.266337,1.626123,0.274889
18-Jan-2025 14:37:54.703,0.173486,1.63101,0.308487
18-Jan-2025 14:37:54.720,0.109345,1.632843,0.333532
18-Jan-2025 14:37:54.735,0.087354,1.618182,0.382402
18-Jan-2025 14:37:54.751,0.111788,1.603521,0.415388
18-Jan-2025 14:37:54.768,0.143553,1.608408,0.428217
18-Jan-2025 14:37:54.784,0.139888,1.656667,0.394008
18-Jan-2025 14:37:54.800,0.081856,1.700038,0.332922
18-Jan-2025 14:37:54.816,0.041539,1.726305,0.305433
18-Jan-2025 14:37:54.832,0.041539,1.811215,0.274889
18-Jan-2025 14:37:54.848,0.071471,1.89185,0.24679
18-Jan-2025 14:37:54.864,0.132558,1.966986,0.199142
18-Jan-2025 14:37:54.880,0.215025,2.015855,0.160047
18-Jan-2025 14:37:54.896,0.259618,2.077553,0.180816
18-Jan-2025 14:37:54.912,0.288939,2.14597,0.189368
18-Jan-2025 14:37:54.928,0.271835,2.155133,0.172875
18-Jan-2025 14:37:54.944,0.194866,2.143526,0.152716
18-Jan-2025 14:37:54.961,0.119119,2.162463,0.163712
18-Jan-2025 14:37:54.976,0.021991,2.183843,0.194866
18-Jan-2025 14:37:54.993,-0.040317,2.203391,0.216857
18-Jan-2025 14:37:55.009,-0.133169,2.192395,0.249844
18-Jan-2025 14:37:55.025,-0.225409,2.161241,0.266337
18-Jan-2025 14:37:55.041,-0.34575,2.127033,0.277333
18-Jan-2025 14:37:55.057,-0.363465,2.108096,0.28222
18-Jan-2025 14:37:55.073,-0.31032,2.091603,0.282831
18-Jan-2025 14:37:55.089,-0.21869,2.04029,0.277333
18-Jan-2025 14:37:55.105,-0.178373,2.002416,0.251676
18-Jan-2025 14:37:55.121,-0.178373,1.979814,0.208305
18-Jan-2025 14:37:55.137,-0.19792,1.982258,0.188147
18-Jan-2025 14:37:55.153,-0.19059,1.933388,0.17654
18-Jan-2025 14:37:55.169,-0.180816,1.918117,0.164323
18-Jan-2025 14:37:55.185,-0.157603,1.858252,0.138056
18-Jan-2025 14:37:55.202,-0.125227,1.819157,0.128893
18-Jan-2025 14:37:55.218,-0.064141,1.790446,0.132558
18-Jan-2025 14:37:55.234,-0.0281,1.738523,0.130114
18-Jan-2025 14:37:55.250,-0.031154,1.656667,0.106291
18-Jan-2025 14:37:55.266,-0.020769,1.563815,0.100182
18-Jan-2025 14:37:55.282,0.058032,1.52472,0.124617
18-Jan-2025 14:37:55.298,0.200364,1.555874,0.191812
18-Jan-2025 14:37:55.314,0.207083,1.575421,0.23274
18-Jan-2025 14:37:55.330,0.046426,1.576032,0.194255
18-Jan-2025 14:37:55.346,-0.117286,1.569924,0.112399
18-Jan-2025 14:37:55.363,-0.224188,1.598024,0.041539
18-Jan-2025 14:37:55.378,-0.171042,1.592526,0.029932
18-Jan-2025 14:37:55.394,-0.020159,1.521665,0.000611
18-Jan-2025 14:37:55.410,0.027489,1.492344,-0.028711
18-Jan-2025 14:37:55.426,-0.014661,1.521665,-0.053756
18-Jan-2025 14:37:55.443,-0.132558,1.590693,-0.072693
18-Jan-2025 14:37:55.458,-0.207694,1.627345,-0.080634
18-Jan-2025 14:37:55.475,-0.254731,1.644449,-0.108734
18-Jan-2025 14:37:55.491,-0.279165,1.640784,-0.143553
18-Jan-2025 14:37:55.507,-0.282831,1.624902,-0.175929
18-Jan-2025 14:37:55.523,-0.246179,1.614517,-0.186314
18-Jan-2025 14:37:55.539,-0.123395,1.587639,-0.158825
18-Jan-2025 14:37:55.555,-0.023824,1.550987,-0.140499
18-Jan-2025 14:37:55.571,0.009163,1.420873,-0.16921
18-Jan-2025 14:37:55.587,-0.08491,1.304808,-0.182649
18-Jan-2025 14:37:55.604,-0.241903,1.272432,-0.118508
18-Jan-2025 14:37:55.619,-0.445932,1.30603,-0.019548
18-Jan-2025 14:37:55.635,-0.533896,1.304197,0.037874
18-Jan-2025 14:37:55.651,-0.535118,1.302976,0.045204
18-Jan-2025 14:37:55.667,-0.48014,1.331075,0.060476
18-Jan-2025 14:37:55.684,-0.384845,1.363451,0.122173
18-Jan-2025 14:37:55.700,-0.328035,1.368949,0.157603
18-Jan-2025 14:37:55.716,-0.294437,1.315804,0.161268
18-Jan-2025 14:37:55.732,-0.315817,1.262048,0.133779
18-Jan-2025 14:37:55.748,-0.358578,1.190576,0.096517
18-Jan-2025 14:37:55.764,-0.356134,1.141707,0.08491
18-Jan-2025 14:37:55.780,-0.320704,1.08734,0.087965
18-Jan-2025 14:37:55.796,-0.259007,1.013425,0.097738
18-Jan-2025 14:37:55.812,-0.22602,0.952339,0.104458
18-Jan-2025 14:37:55.828,-0.200975,0.84727,0.101404
18-Jan-2025 14:37:55.845,-0.18387,0.788627,0.105069
18-Jan-2025 14:37:55.860,-0.157603,0.698219,0.103847
18-Jan-2025 14:37:55.876,-0.147219,0.633467,0.087965
18-Jan-2025 14:37:55.892,-0.156992,0.580322,0.037263
18-Jan-2025 14:37:55.909,-0.178984,0.554055,0.001833
18-Jan-2025 14:37:55.925,-0.200364,0.492357,-0.024435
18-Jan-2025 14:37:55.941,-0.180205,0.426384,-0.057421
18-Jan-2025 14:37:55.957,-0.125838,0.359189,-0.112399
18-Jan-2025 14:37:55.973,-0.028711,0.287107,-0.167377
18-Jan-2025 14:37:55.989,0.042761,0.244957,-0.180816
18-Jan-2025 14:37:56.005,0.085521,0.219911,-0.191812
18-Jan-2025 14:37:56.021,0.068417,0.230907,-0.202807
18-Jan-2025 14:37:56.037,-0.012828,0.244957,-0.234572
18-Jan-2025 14:37:56.053,-0.07025,0.248622,-0.263283
18-Jan-2025 14:37:56.069,-0.103236,0.244957,-0.237016
18-Jan-2025 14:37:56.086,-0.103236,0.164934,-0.202807
18-Jan-2025 14:37:56.101,-0.052534,0.040928,-0.230907
18-Jan-2025 14:37:56.118,-0.020159,0.023824,-0.257785
18-Jan-2025 14:37:56.133,-0.007941,0.032987,-0.251066
18-Jan-2025 14:37:56.150,0.110567,0.046426,-0.221744
18-Jan-2025 14:37:56.166,0.277944,0.050702,-0.177151
18-Jan-2025 14:37:56.182,0.350637,-0.074526,-0.073304
18-Jan-2025 14:37:56.198,0.239459,-0.129503,-0.037263
18-Jan-2025 14:37:56.214,-0.081245,-0.071471,-0.02138
18-Jan-2025 14:37:56.230,-0.356134,0,0.037263
18-Jan-2025 14:37:56.246,-0.494801,0.053145,0.11973
18-Jan-2025 14:37:56.262,-0.391565,0.082467,0.116675
18-Jan-2025 14:37:56.278,-0.194255,0.197309,0.058643
18-Jan-2025 14:37:56.294,-0.128282,0.365908,0.002443
18-Jan-2025 14:37:56.310,-0.124006,0.567494,-0.048869
18-Jan-2025 14:37:56.327,-0.147829,0.759916,-0.088575
18-Jan-2025 14:37:56.343,-0.136223,0.846048,-0.10568
18-Jan-2025 14:37:56.359,-0.026267,0.883311,-0.124617
18-Jan-2025 14:37:56.375,0.109956,0.944398,-0.12706
18-Jan-2025 14:37:56.391,0.262061,1.029919,-0.111177
18-Jan-2025 14:37:56.407,0.257174,1.013425,-0.087354
18-Jan-2025 14:37:56.423,0.005498,0.938289,-0.029322
18-Jan-2025 14:37:56.439,-0.276722,0.877813,-0.003665
18-Jan-2025 14:37:56.455,-0.549779,0.704938,0.039095
18-Jan-2025 14:37:56.471,-0.621861,0.586431,0.099571
18-Jan-2025 14:37:56.487,-0.611476,0.560163,0.133169
18-Jan-2025 14:37:56.503,-0.551,0.574824,0.171042
18-Jan-2025 14:37:56.519,-0.514349,0.549168,0.168599
18-Jan-2025 14:37:56.535,-0.467312,0.469755,0.117897
18-Jan-2025 14:37:56.551,-0.422719,0.411112,0.075136
18-Jan-2025 14:37:56.568,-0.350637,0.340252,0.018937
18-Jan-2025 14:37:56.584,-0.302378,0.259007,-0.021991
18-Jan-2025 14:37:56.600,-0.269392,0.172875,-0.057421
18-Jan-2025 14:37:56.616,-0.277333,0.175929,-0.06353
18-Jan-2025 14:37:56.632,-0.270002,0.20464,-0.029322
18-Jan-2025 14:37:56.648,-0.219911,0.21869,0.009163
18-Jan-2025 14:37:56.664,-0.12706,0.198531,0.051313
18-Jan-2025 14:37:56.680,0.02138,0.124006,0.086743
18-Jan-2025 14:37:56.696,0.131336,0.060476,0.099571
18-Jan-2025 14:37:56.712,0.233961,0.003054,0.11301
18-Jan-2025 14:37:56.728,0.276111,-0.033598,0.128893
18-Jan-2025 14:37:56.744,0.326202,-0.07086,0.179594
18-Jan-2025 14:37:56.760,0.390954,-0.107512,0.249233
18-Jan-2025 14:37:56.776,0.486249,-0.233351,0.320093
18-Jan-2025 14:37:56.792,0.492968,-0.358578,0.322537
18-Jan-2025 14:37:56.809,0.396452,-0.552833,0.286496
18-Jan-2025 14:37:56.824,0.351248,-0.658513,0.243124
18-Jan-2025 14:37:56.841,0.418443,-0.702495,0.25412
18-Jan-2025 14:37:56.857,0.578489,-0.777631,0.321926
18-Jan-2025 14:37:56.873,0.646906,-0.905913,0.358578
18-Jan-2025 14:37:56.889,0.53634,-1.033584,0.348804
18-Jan-2025 14:37:56.905,0.226631,-1.004262,0.397062
18-Jan-2025 14:37:56.921,-0.298102,-0.86132,0.505186
18-Jan-2025 14:37:56.937,-0.557109,-0.81917,0.461814
18-Jan-2025 14:37:56.953,-0.606589,-0.891252,0.258396
18-Jan-2025 14:37:56.969,-0.494801,-0.998765,0.100793
18-Jan-2025 14:37:56.985,-0.246179,-1.133155,-0.103236
18-Jan-2025 14:37:57.001,-0.097738,-1.285871,-0.16921
18-Jan-2025 14:37:57.017,0.065973,-1.306641,-0.16249
18-Jan-2025 14:37:57.034,0.18387,-1.081231,-0.069639
18-Jan-2025 14:37:57.050,0.257174,-0.872316,-0.034819
18-Jan-2025 14:37:57.066,0.359189,-0.838107,-0.141721
18-Jan-2025 14:37:57.082,0.355524,-0.928515,-0.318872
18-Jan-2025 14:37:57.098,0.193033,-0.990823,-0.544281
18-Jan-2025 14:37:57.113,-0.015272,-1.007317,-0.61453
18-Jan-2025 14:37:57.130,-0.280387,-1.057408,-0.598037
18-Jan-2025 14:37:57.146,-0.398284,-0.969443,-0.405615
18-Jan-2025 14:37:57.162,-0.427606,-0.855211,-0.160658
18-Jan-2025 14:37:57.178,-0.386067,-0.869261,-0.106901
18-Jan-2025 14:37:57.194,-0.315817,-0.80512,-0.109956
18-Jan-2025 14:37:57.210,-0.188757,-0.666454,-0.142332
18-Jan-2025 14:37:57.226,-0.09896,-0.526566,-0.206472
18-Jan-2025 14:37:57.242,0.00672,-0.356134,-0.327424
18-Jan-2025 14:37:57.259,0.079412,-0.271224,-0.387289
18-Jan-2025 14:37:57.274,0.112399,-0.322537,-0.422719
18-Jan-2025 14:37:57.291,0.117286,-0.368963,-0.431271
18-Jan-2025 14:37:57.307,0.116064,-0.368963,-0.40928
18-Jan-2025 14:37:57.323,0.140499,-0.343306,-0.363465
18-Jan-2025 14:37:57.339,0.178373,-0.259618,-0.233351
18-Jan-2025 14:37:57.355,0.186314,-0.170431,-0.140499
18-Jan-2025 14:37:57.371,0.166766,-0.120951,-0.108734
18-Jan-2025 14:37:57.387,0.119119,-0.048869,-0.15516
18-Jan-2025 14:37:57.403,0.097738,0.041539,-0.206472
18-Jan-2025 14:37:57.419,0.125227,0.114843,-0.295659
18-Jan-2025 14:37:57.435,0.193644,0.154549,-0.340252
18-Jan-2025 14:37:57.451,0.327424,0.152105,-0.356134
18-Jan-2025 14:37:57.467,0.417221,0.163101,-0.340252
18-Jan-2025 14:37:57.483,0.478307,0.276111,-0.285274
18-Jan-2025 14:37:57.499,0.519846,0.342085,-0.254731
18-Jan-2025 14:37:57.515,0.651793,0.304211,-0.257174
18-Jan-2025 14:37:57.532,0.697608,0.266337,-0.189979
18-Jan-2025 14:37:57.548,0.607811,0.278555,-0.100182
18-Jan-2025 14:37:57.563,0.312152,0.248011,-0.07086
18-Jan-2025 14:37:57.580,0.054978,0.267559,-0.06353
18-Jan-2025 14:37:57.596,-0.087965,0.390343,-0.044593
18-Jan-2025 14:37:57.612,-0.033598,0.458149,-0.17654
18-Jan-2025 14:37:57.628,0.152105,0.396452,-0.227242
18-Jan-2025 14:37:57.644,0.259007,0.333532,-0.130114
18-Jan-2025 14:37:57.660,0.249844,0.468534,-0.116675
18-Jan-2025 14:37:57.676,0.177762,0.573602,-0.165544
18-Jan-2025 14:37:57.692,0.093462,0.582155,-0.149051
18-Jan-2025 14:37:57.708,0.059865,0.506407,-0.208916
18-Jan-2025 14:37:57.724,0.048258,0.418443,-0.317039
18-Jan-2025 14:37:57.740,0.043982,0.433714,-0.412334
18-Jan-2025 14:37:57.757,0.039706,0.507629,-0.420275
18-Jan-2025 14:37:57.773,0.001222,0.569326,-0.394008
18-Jan-2025 14:37:57.788,-0.058643,0.498466,-0.243124
18-Jan-2025 14:37:57.804,-0.143553,0.304211,0.130725
18-Jan-2025 14:37:57.821,-0.222355,0.287107,0.304211
18-Jan-2025 14:37:57.837,-0.315817,0.249844,0.312152
18-Jan-2025 14:37:57.853,-0.343917,0.195477,0.238848
18-Jan-2025 14:37:57.869,-0.31093,0.120951,0.111788
18-Jan-2025 14:37:57.885,-0.243735,0.094684,0.075747
18-Jan-2025 14:37:57.901,-0.172875,0.065973,0.09896
18-Jan-2025 14:37:57.917,-0.138666,-0.052534,0.136834
18-Jan-2025 14:37:57.933,-0.180816,-0.111177,0.151495
18-Jan-2025 14:37:57.949,-0.307876,-0.102625,0.177151
18-Jan-2025 14:37:57.965,-0.385456,-0.07758,0.210749
18-Jan-2025 14:37:57.981,-0.415999,-0.10568,0.278555
18-Jan-2025 14:37:57.997,-0.393397,-0.143553,0.326813
18-Jan-2025 14:37:58.014,-0.312763,-0.178373,0.422108
18-Jan-2025 14:37:58.030,-0.216246,-0.138666,0.445321
18-Jan-2025 14:37:58.046,-0.109345,-0.191201,0.438601
18-Jan-2025 14:37:58.062,-0.030543,-0.279776,0.478918
18-Jan-2025 14:37:58.078,0.025045,-0.337808,0.535729
18-Jan-2025 14:37:58.094,0.075136,-0.314596,0.577879
18-Jan-2025 14:37:58.110,0.094684,-0.343306,0.568716
18-Jan-2025 14:37:58.126,0.095295,-0.417832,0.499077
18-Jan-2025 14:37:58.142,0.078191,-0.51557,0.414777
18-Jan-2025 14:37:58.158,0.025045,-0.659124,0.274278
18-Jan-2025 14:37:58.174,0.015272,-0.760527,0.217468
18-Jan-2025 14:37:58.190,0.117897,-0.711658,0.130725
18-Jan-2025 14:37:58.206,0.268781,-0.676839,0.061087
18-Jan-2025 14:37:58.222,0.443488,-0.827112,0.150273
18-Jan-2025 14:37:58.239,0.481973,-0.968221,0.35308
18-Jan-2025 14:37:58.255,0.351248,-0.970665,0.599259
18-Jan-2025 14:37:58.270,-0.080634,-0.827722,0.835664
18-Jan-2025 14:37:58.287,-0.404393,-0.807564,0.915687
18-Jan-2025 14:37:58.303,-0.671952,-1.014036,0.771523
18-Jan-2025 14:37:58.319,-0.651182,-1.166142,0.558331
18-Jan-2025 14:37:58.335,-0.327424,-1.276708,0.301767
18-Jan-2025 14:37:58.351,-0.07086,-1.258382,0.048869
18-Jan-2025 14:37:58.367,0.044593,-1.160644,-0.276722
18-Jan-2025 14:37:58.383,0.064141,-0.946841,-0.355524
18-Jan-2025 14:37:58.399,0.119119,-0.784351,-0.453873
18-Jan-2025 14:37:58.416,0.256563,-0.980439,-0.626137
18-Jan-2025 14:37:58.431,0.415388,-1.208902,-0.74098
18-Jan-2025 14:37:58.447,0.370795,-1.266935,-0.742812
18-Jan-2025 14:37:58.463,0.09896,-1.067792,-0.65668
18-Jan-2025 14:37:58.480,-0.372017,-0.641409,-0.372017
18-Jan-2025 14:37:58.496,-0.58582,-0.502131,-0.111788
18-Jan-2025 14:37:58.512,-0.572381,-0.417832,0.144164
18-Jan-2025 14:37:58.528,-0.399506,-0.342695,0.231518
18-Jan-2025 14:37:58.544,-0.116675,-0.346971,0.23274
18-Jan-2025 14:37:58.560,0.045815,-0.353691,0.170431
18-Jan-2025 14:37:58.576,0.143553,-0.293215,0.004276
18-Jan-2025 14:37:58.592,0.147829,-0.197309,-0.125227
18-Jan-2025 14:37:58.608,0.133779,-0.10568,-0.200975
18-Jan-2025 14:37:58.624,0.131947,-0.041539,-0.254731
18-Jan-2025 14:37:58.640,0.136834,-0.032987,-0.238848
18-Jan-2025 14:37:58.657,0.117897,0,-0.151495
18-Jan-2025 14:37:58.672,0.083078,0.059865,-0.07758
18-Jan-2025 14:37:58.688,0.042761,0.124006,-0.021991
18-Jan-2025 14:37:58.704,0.039095,0.150884,-0.019548
18-Jan-2025 14:37:58.721,0.059865,0.166155,-0.067806
18-Jan-2025 14:37:58.737,0.080023,0.165544,-0.111788
18-Jan-2025 14:37:58.753,0.101404,0.191201,-0.155771
18-Jan-2025 14:37:58.769,0.109956,0.204029,-0.150273
18-Jan-2025 14:37:58.785,0.10568,0.226631,-0.156992
18-Jan-2025 14:37:58.801,0.074526,0.249233,-0.17654
18-Jan-2025 14:37:58.817,0.025045,0.269392,-0.158825
18-Jan-2025 14:37:58.833,-0.029932,0.368352,-0.102625
18-Jan-2025 14:37:58.849,-0.034819,0.50091,-0.052534
18-Jan-2025 14:37:58.865,0.0562,0.547335,-0.02138
18-Jan-2025 14:37:58.881,0.19059,0.503964,-0.029932
18-Jan-2025 14:37:58.897,0.246179,0.477697,-0.020769
18-Jan-2025 14:37:58.913,0.171042,0.459371,-0.008552
18-Jan-2025 14:37:58.929,0.050091,0.471588,-0.015272
18-Jan-2025 14:37:58.945,-0.102014,0.533285,-0.010385
18-Jan-2025 14:37:58.961,-0.153327,0.645685,0.006109
18-Jan-2025 14:37:58.978,-0.182649,0.879035,0.028711
18-Jan-2025 14:37:58.994,-0.21197,1.031751,0.054367
18-Jan-2025 14:37:59.009,-0.245568,1.178359,0.072082
18-Jan-2025 14:37:59.025,-0.241903,1.267545,0.07086
18-Jan-2025 14:37:59.042,-0.209527,1.350623,0.07086
18-Jan-2025 14:37:59.058,-0.207083,1.366506,0.054978
18-Jan-2025 14:37:59.074,-0.180205,1.329243,-0.043371
18-Jan-2025 14:37:59.090,-0.111177,1.210124,-0.138666
18-Jan-2025 14:37:59.106,-0.045815,1.2144,-0.240681
18-Jan-2025 14:37:59.122,0.003054,1.167364,-0.280387
18-Jan-2025 14:37:59.138,0.004276,1.208291,-0.264505
18-Jan-2025 14:37:59.154,-0.060476,1.247387,-0.202807
18-Jan-2025 14:37:59.170,-0.17654,1.279152,-0.136223
18-Jan-2025 14:37:59.186,-0.403171,1.342682,-0.085521
18-Jan-2025 14:37:59.202,-0.57177,1.371392,-0.064752
18-Jan-2025 14:37:59.219,-0.693332,1.359786,-0.03543
18-Jan-2025 14:37:59.234,-0.658513,1.306641,0.004276
18-Jan-2025 14:37:59.251,-0.430049,1.161866,0.076358
18-Jan-2025 14:37:59.267,-0.192423,1.055575,0.139888
18-Jan-2025 14:37:59.283,0.018326,0.989602,0.20464
18-Jan-2025 14:37:59.299,0.158214,0.951728,0.241292
18-Jan-2025 14:37:59.315,0.138056,0.962113,0.240681
18-Jan-2025 14:37:59.331,0.010996,1.009149,0.238848
18-Jan-2025 14:37:59.347,-0.05681,1.034195,0.257785
18-Jan-2025 14:37:59.363,-0.041539,1.005484,0.266948
18-Jan-2025 14:37:59.379,0.023824,0.927293,0.255953
18-Jan-2025 14:37:59.395,0.099571,0.800233,0.237627
18-Jan-2025 14:37:59.412,0.117897,0.737314,0.225409
18-Jan-2025 14:37:59.428,0.109956,0.67745,0.244346
18-Jan-2025 14:37:59.444,0.111177,0.654237,0.238848
18-Jan-2025 14:37:59.460,0.136223,0.597426,0.226631
18-Jan-2025 14:37:59.476,0.179594,0.518014,0.215025
18-Jan-2025 14:37:59.492,0.236405,0.488081,0.20464
18-Jan-2025 14:37:59.508,0.282831,0.415999,0.177762
18-Jan-2025 14:37:59.524,0.299324,0.347582,0.164323
18-Jan-2025 14:37:59.540,0.358578,0.228464,0.186925
18-Jan-2025 14:37:59.556,0.446543,0.124006,0.235183
18-Jan-2025 14:37:59.572,0.572992,-0.043982,0.291994
18-Jan-2025 14:37:59.588,0.634078,-0.20464,0.300546
18-Jan-2025 14:37:59.604,0.608422,-0.415999,0.28955
18-Jan-2025 14:37:59.621,0.436769,-0.453873,0.318261
18-Jan-2025 14:37:59.636,0.156992,-0.378736,0.358578
18-Jan-2025 14:37:59.652,-0.243735,-0.244957,0.274889
18-Jan-2025 14:37:59.668,-0.36041,-0.233961,0.113621
18-Jan-2025 14:37:59.684,-0.198531,-0.309709,-0.125838
18-Jan-2025 14:37:59.701,0.058032,-0.429438,-0.304211
18-Jan-2025 14:37:59.717,0.368963,-0.522901,-0.48686
18-Jan-2025 14:37:59.733,0.497855,-0.481973,-0.518014
18-Jan-2025 14:37:59.749,0.567494,-0.352469,-0.442877
18-Jan-2025 14:37:59.765,0.602924,-0.326813,-0.366519
18-Jan-2025 14:37:59.781,0.586431,-0.397062,-0.328645
18-Jan-2025 14:37:59.797,0.465479,-0.422108,-0.321926
18-Jan-2025 14:37:59.813,0.243124,-0.341474,-0.327424
18-Jan-2025 14:37:59.829,-0.096517,-0.189368,-0.284052
18-Jan-2025 14:37:59.845,-0.279165,-0.096517,-0.214414
18-Jan-2025 14:37:59.862,-0.376904,0.011606,-0.175318
18-Jan-2025 14:37:59.877,-0.37385,0.114232,-0.135612
18-Jan-2025 14:37:59.894,-0.285885,0.336587,-0.098349
18-Jan-2025 14:37:59.910,-0.178373,0.506407,-0.074526
18-Jan-2025 14:37:59.925,-0.066584,0.602313,-0.083078
18-Jan-2025 14:37:59.942,-0.01405,0.672563,-0.142942
18-Jan-2025 14:37:59.957,0.014661,0.67806,-0.231518
18-Jan-2025 14:37:59.974,-0.023213,0.802677,-0.235794
18-Jan-2025 14:37:59.990,-0.078191,0.955393,-0.169821
18-Jan-2025 14:38:00.006,-0.111788,1.050688,-0.116675
18-Jan-2025 14:38:00.022,-0.095906,1.065349,-0.111177
18-Jan-2025 14:38:00.038,-0.054978,1.109331,-0.114232
18-Jan-2025 14:38:00.054,-0.020159,1.153314,-0.11973
18-Jan-2025 14:38:00.070,0.016493,1.225396,-0.140499
18-Jan-2025 14:38:00.086,0.036041,1.263269,-0.163712
18-Jan-2025 14:38:00.103,0.078191,1.301143,-0.196088
18-Jan-2025 14:38:00.118,0.108734,1.359786,-0.236405
18-Jan-2025 14:38:00.134,0.141721,1.336573,-0.222355
18-Jan-2025 14:38:00.150,0.127671,1.428203,-0.187536
18-Jan-2025 14:38:00.167,0.112399,1.484403,-0.158825
18-Jan-2025 14:38:00.183,0.113621,1.547933,-0.111788
18-Jan-2025 14:38:00.199,0.14111,1.596802,-0.089186
18-Jan-2025 14:38:00.215,0.248622,1.619404,-0.079412
18-Jan-2025 14:38:00.231,0.37385,1.528996,-0.109345
18-Jan-2025 14:38:00.247,0.397673,1.332908,-0.158825
18-Jan-2025 14:38:00.263,0.179594,1.301143,-0.152105
18-Jan-2025 14:38:00.278,-0.288939,1.538159,-0.052534
18-Jan-2025 14:38:00.295,-0.576046,1.785559,-0.000611
18-Jan-2025 14:38:00.311,-0.627359,1.910787,0.01405
18-Jan-2025 14:38:00.327,-0.457538,1.907121,0.008552
18-Jan-2025 14:38:00.344,-0.178984,1.855809,0.033598
18-Jan-2025 14:38:00.359,-0.041539,1.845424,0.058643
18-Jan-2025 14:38:00.376,-0.01405,1.881465,0.048258
18-Jan-2025 14:38:00.391,-0.104458,1.960267,-0.032376
18-Jan-2025 14:38:00.407,-0.220522,2.026851,-0.096517
18-Jan-2025 14:38:00.424,-0.367741,2.123978,-0.193033
18-Jan-2025 14:38:00.440,-0.447764,2.178956,-0.254731
18-Jan-2025 14:38:00.456,-0.499688,2.225382,-0.297491
18-Jan-2025 14:38:00.472,-0.48747,2.232713,-0.306654
18-Jan-2025 14:38:00.488,-0.418443,2.22355,-0.313374
18-Jan-2025 14:38:00.504,-0.359189,2.207667,-0.311541
18-Jan-2025 14:38:00.520,-0.31032,2.189341,-0.309098
18-Jan-2025 14:38:00.536,-0.265726,2.162463,-0.304211
18-Jan-2025 14:38:00.552,-0.244957,2.169183,-0.284663
18-Jan-2025 14:38:00.568,-0.24679,2.167961,-0.271835
18-Jan-2025 14:38:00.585,-0.257785,2.16735,-0.286496
18-Jan-2025 14:38:00.601,-0.307876,2.197282,-0.327424
18-Jan-2025 14:38:00.616,-0.418443,2.203391,-0.397062
18-Jan-2025 14:38:00.633,-0.566272,2.164907,-0.518625
18-Jan-2025 14:38:00.649,-0.630413,2.138639,-0.533285
18-Jan-2025 14:38:00.665,-0.667676,2.120924,-0.433103
18-Jan-2025 14:38:00.681,-0.643852,2.104431,-0.299935
18-Jan-2025 14:38:00.697,-0.563829,2.053729,-0.174097
18-Jan-2025 14:38:00.713,-0.430049,1.981647,-0.111788
18-Jan-2025 14:38:00.729,-0.364076,2.024407,-0.115454
18-Jan-2025 14:38:00.745,-0.37446,2.134974,-0.116675
18-Jan-2025 14:38:00.761,-0.37385,2.249817,-0.14111
18-Jan-2025 14:38:00.777,-0.3317,2.397646,-0.153938
18-Jan-2025 14:38:00.793,-0.297491,2.493552,-0.125838
18-Jan-2025 14:38:00.809,-0.264505,2.509434,-0.090408
18-Jan-2025 14:38:00.826,-0.237016,2.481335,-0.078191
18-Jan-2025 14:38:00.841,-0.226631,2.434298,-0.055589
18-Jan-2025 14:38:00.857,-0.260839,2.4007,-0.0281
18-Jan-2025 14:38:00.874,-0.329256,2.412307,-0.001222
18-Jan-2025 14:38:00.890,-0.441656,2.373211,0.061697
18-Jan-2025 14:38:00.906,-0.491747,2.360383,0.083689
18-Jan-2025 14:38:00.922,-0.492968,2.325564,0.098349
18-Jan-2025 14:38:00.938,-0.434325,2.217441,0.069639
18-Jan-2025 14:38:00.954,-0.350026,2.130698,0.010385
18-Jan-2025 14:38:00.970,-0.3036,2.100765,0.027489
18-Jan-2025 14:38:00.986,-0.276111,2.108707,0.072082
18-Jan-2025 14:38:01.002,-0.285274,2.083661,0.082467
18-Jan-2025 14:38:01.018,-0.282831,2.036625,0.089797
18-Jan-2025 14:38:01.034,-0.240681,1.993864,0.115454
18-Jan-2025 14:38:01.050,-0.16249,1.944995,0.163101
18-Jan-2025 14:38:01.067,-0.026878,1.833207,0.21197
18-Jan-2025 14:38:01.082,0.020159,1.731803,0.200975
18-Jan-2025 14:38:01.098,-0.055589,1.678658,0.169821
18-Jan-2025 14:38:01.115,-0.161268,1.749518,0.160658
18-Jan-2025 14:38:01.131,-0.238237,1.864972,0.15516
18-Jan-2025 14:38:01.147,-0.20464,1.880243,0.142942
18-Jan-2025 14:38:01.163,-0.036041,1.827709,0.132558
18-Jan-2025 14:38:01.179,0.122173,1.788613,0.114232
18-Jan-2025 14:38:01.195,0.263283,1.755627,0.076969
18-Jan-2025 14:38:01.211,0.273057,1.754405,0.023213
18-Jan-2025 14:38:01.227,0.231518,1.757459,-0.046426
18-Jan-2025 14:38:01.243,0.193033,1.789224,-0.12034
18-Jan-2025 14:38:01.259,0.193033,1.789835,-0.117286
18-Jan-2025 14:38:01.275,0.203418,1.734246,-0.054978
18-Jan-2025 14:38:01.291,0.223577,1.676214,-0.012828
18-Jan-2025 14:38:01.308,0.21197,1.555874,0.023824
18-Jan-2025 14:38:01.323,0.144775,1.444696,0.036041
18-Jan-2025 14:38:01.339,-0.055589,1.310306,-0.018937
18-Jan-2025 14:38:01.356,-0.291994,1.251663,-0.045815
18-Jan-2025 14:38:01.372,-0.645685,1.276708,0.026878
18-Jan-2025 14:38:01.388,-0.839329,1.36956,0.153327
18-Jan-2025 14:38:01.404,-0.932791,1.406212,0.285274
18-Jan-2025 14:38:01.420,-0.905913,1.379334,0.408058
18-Jan-2025 14:38:01.436,-0.81917,1.357953,0.461814
18-Jan-2025 14:38:01.452,-0.700052,1.377501,0.528398
18-Jan-2025 14:38:01.468,-0.646295,1.389718,0.527788
18-Jan-2025 14:38:01.484,-0.612087,1.361619,0.429438
18-Jan-2025 14:38:01.500,-0.572992,1.284039,0.296881
18-Jan-2025 14:38:01.516,-0.450208,1.127046,0.161879
18-Jan-2025 14:38:01.532,-0.332922,1.012204,0.124006
18-Jan-2025 14:38:01.549,-0.233961,0.91752,0.129503
18-Jan-2025 14:38:01.565,-0.241903,0.892474,0.197309
18-Jan-2025 14:38:01.581,-0.335976,0.899194,0.2755
18-Jan-2025 14:38:01.597,-0.494801,0.901026,0.340252
18-Jan-2025 14:38:01.613,-0.561996,0.887587,0.379347
18-Jan-2025 14:38:01.629,-0.579711,0.894918,0.419664
18-Jan-2025 14:38:01.645,-0.565661,0.953561,0.412945
18-Jan-2025 14:38:01.661,-0.514959,0.985937,0.331089
18-Jan-2025 14:38:01.677,-0.46609,0.992656,0.224798
18-Jan-2025 14:38:01.693,-0.424551,0.99571,0.069028
18-Jan-2025 14:38:01.709,-0.390954,0.993878,-0.004276
18-Jan-2025 14:38:01.725,-0.31032,1.010371,-0.020769
18-Jan-2025 14:38:01.741,-0.253509,1.02381,0.007941
18-Jan-2025 14:38:01.757,-0.232129,0.996321,0.025656
18-Jan-2025 14:38:01.773,-0.262061,0.934013,0.023213
18-Jan-2025 14:38:01.790,-0.304822,0.916909,0.029322
18-Jan-2025 14:38:01.806,-0.354913,0.914465,0.045204
18-Jan-2025 14:38:01.822,-0.370795,0.913854,0.066584
18-Jan-2025 14:38:01.838,-0.361632,0.864374,0.075136
18-Jan-2025 14:38:01.854,-0.339641,0.801455,0.047037
18-Jan-2025 14:38:01.870,-0.28955,0.745866,0.004887
18-Jan-2025 14:38:01.886,-0.209527,0.693332,-0.016493
18-Jan-2025 14:38:01.902,-0.034208,0.618806,-0.062919
18-Jan-2025 14:38:01.918,0.156992,0.53634,-0.12034
18-Jan-2025 14:38:01.934,0.350637,0.475864,-0.124006
18-Jan-2025 14:38:01.950,0.401338,0.448375,-0.07758
18-Jan-2025 14:38:01.966,0.235794,0.406836,-0.07025
18-Jan-2025 14:38:01.982,-0.191812,0.439823,-0.127671
18-Jan-2025 14:38:01.998,-0.624304,0.540616,-0.116064
18-Jan-2025 14:38:02.015,-1.078177,0.647517,-0.124006
18-Jan-2025 14:38:02.031,-1.16492,0.600481,-0.18326
18-Jan-2025 14:38:02.047,-0.88942,0.37385,-0.270002
18-Jan-2025 14:38:02.063,-0.481362,0.179594,-0.293826
18-Jan-2025 14:38:02.079,0.110567,0.014661,-0.193033
18-Jan-2025 14:38:02.095,0.493579,-0.065363,-0.058643
18-Jan-2025 14:38:02.111,0.78374,-0.064752,0.130725
18-Jan-2025 14:38:02.127,0.723264,-0.029322,0.206472
18-Jan-2025 14:38:02.143,0.42394,0.045815,0.227242
18-Jan-2025 14:38:02.159,-0.138666,0.153327,0.142332
18-Jan-2025 14:38:02.175,-0.491136,0.111177,0.051924
18-Jan-2025 14:38:02.192,-0.718988,-0.14844,0.006109
18-Jan-2025 14:38:02.207,-0.696386,-0.337198,0.009163
18-Jan-2025 14:38:02.223,-0.484416,-0.481973,-0.009163
18-Jan-2025 14:38:02.240,-0.257174,-0.542448,-0.021991
18-Jan-2025 14:38:02.256,0.010385,-0.626748,-0.088575
18-Jan-2025 14:38:02.272,0.145386,-0.656069,-0.163712
18-Jan-2025 14:38:02.288,0.208305,-0.616974,-0.200975
18-Jan-2025 14:38:02.304,0.181427,-0.536951,-0.180816
18-Jan-2025 14:38:02.320,0.10568,-0.451429,-0.185092
18-Jan-2025 14:38:02.336,0.000611,-0.469145,-0.24679
18-Jan-2025 14:38:02.352,-0.029322,-0.510072,-0.26817
18-Jan-2025 14:38:02.368,-0.009163,-0.554666,-0.227853
18-Jan-2025 14:38:02.384,0.043371,-0.602313,-0.126449
18-Jan-2025 14:38:02.400,0.17654,-0.707382,0.004887
18-Jan-2025 14:38:02.416,0.314596,-0.832609,0.058643
18-Jan-2025 14:38:02.433,0.503353,-1.007317,0.135001
18-Jan-2025 14:38:02.448,0.691499,-1.112996,0.184481
18-Jan-2025 14:38:02.465,0.959669,-1.266935,0.229074
18-Jan-2025 14:38:02.481,1.088562,-1.323745,0.237627
18-Jan-2025 14:38:02.497,1.106888,-1.352456,0.241903
18-Jan-2025 14:38:02.513,0.990823,-1.317636,0.279776
18-Jan-2025 14:38:02.529,0.868039,-1.252885,0.340863
18-Jan-2025 14:38:02.545,0.698219,-1.248609,0.420275
18-Jan-2025 14:38:02.561,0.555277,-1.213789,0.436158
18-Jan-2025 14:38:02.577,0.392786,-1.178359,0.412334
18-Jan-2025 14:38:02.593,0.312152,-1.152092,0.394008
18-Jan-2025 14:38:02.609,0.298102,-1.161866,0.368352
18-Jan-2025 14:38:02.625,0.371406,-1.251663,0.313985
18-Jan-2025 14:38:02.641,0.540005,-1.381777,0.168599
18-Jan-2025 14:38:02.657,0.647517,-1.474629,0.030543
18-Jan-2025 14:38:02.674,0.654848,-1.491733,-0.094073
18-Jan-2025 14:38:02.689,0.458149,-1.467298,-0.238848
18-Jan-2025 14:38:02.705,0.250455,-1.443475,-0.308487
18-Jan-2025 14:38:02.722,0.086132,-1.435533,-0.300546
18-Jan-2025 14:38:02.738,0.078802,-1.400714,-0.221744
18-Jan-2025 14:38:02.754,0.147219,-1.290147,-0.102014
18-Jan-2025 14:38:02.770,0.18326,-1.17897,-0.026267
18-Jan-2025 14:38:02.786,0.164934,-1.020145,0.050702
18-Jan-2025 14:38:02.802,0.122173,-0.947452,0.074526
18-Jan-2025 14:38:02.818,0.075136,-0.862542,0.069639
18-Jan-2025 14:38:02.834,0.053145,-0.813672,0.051924
18-Jan-2025 14:38:02.850,0.036652,-0.76236,0.0281
18-Jan-2025 14:38:02.866,-0.01405,-0.680504,0.003665
18-Jan-2025 14:38:02.882,-0.071471,-0.62858,-0.012217
18-Jan-2025 14:38:02.898,-0.160047,-0.574213,-0.025045
18-Jan-2025 14:38:02.915,-0.251676,-0.552833,-0.01405
18-Jan-2025 14:38:02.931,-0.379958,-0.510683,0.030543
18-Jan-2025 14:38:02.946,-0.464258,-0.471588,0.08491
18-Jan-2025 14:38:02.963,-0.510683,-0.392786,0.182038
18-Jan-2025 14:38:02.979,-0.496023,-0.334143,0.244957
18-Jan-2025 14:38:02.995,-0.469145,-0.299324,0.26145
18-Jan-2025 14:38:03.011,-0.484416,-0.23274,0.266337
18-Jan-2025 14:38:03.027,-0.530842,-0.170431,0.274889
18-Jan-2025 14:38:03.043,-0.597426,-0.091019,0.276111
18-Jan-2025 14:38:03.059,-0.596815,-0.043371,0.265726
18-Jan-2025 14:38:03.076,-0.520457,0.01405,0.258396
18-Jan-2025 14:38:03.091,-0.440434,0.059254,0.265726
18-Jan-2025 14:38:03.107,-0.389732,0.204029,0.307265
18-Jan-2025 14:38:03.122,-0.403171,0.314596,0.306654
18-Jan-2025 14:38:03.139,-0.377515,0.45204,0.251676
18-Jan-2025 14:38:03.156,-0.265116,0.491747,0.18326
18-Jan-2025 14:38:03.172,0.007941,0.574824,0.10568
18-Jan-2025 14:38:03.188,0.253509,0.658513,0.09896
18-Jan-2025 14:38:03.204,0.449597,0.672563,0.108123
18-Jan-2025 14:38:03.220,0.653015,0.6353,0.150273
18-Jan-2025 14:38:03.236,0.686613,0.636522,0.166766
18-Jan-2025 14:38:03.252,0.40928,0.718378,0.113621
18-Jan-2025 14:38:03.267,0.064752,0.744645,-0.001833
18-Jan-2025 14:38:03.284,-0.2474,0.879035,-0.061697
18-Jan-2025 14:38:03.300,-0.270613,0.908967,-0.062308
18-Jan-2025 14:38:03.317,-0.095295,0.866207,-0.091019
18-Jan-2025 14:38:03.332,0.075747,0.852768,-0.123395
18-Jan-2025 14:38:03.348,0.263894,0.897361,-0.105069
18-Jan-2025 14:38:03.365,0.362243,0.928515,-0.099571
18-Jan-2025 14:38:03.381,0.426995,0.916909,-0.175929
18-Jan-2025 14:38:03.397,0.426384,0.90347,-0.349415
18-Jan-2025 14:38:03.413,0.320704,0.949895,-0.447153
18-Jan-2025 14:38:03.429,0.080634,1.015258,-0.461203
18-Jan-2025 14:38:03.445,-0.097128,1.055575,-0.41661
18-Jan-2025 14:38:03.461,-0.222966,1.125825,-0.266337
18-Jan-2025 14:38:03.477,-0.200975,1.181413,-0.152105
18-Jan-2025 14:38:03.493,-0.097738,1.179581,-0.099571
18-Jan-2025 14:38:03.509,0.022602,1.160033,-0.131947
18-Jan-2025 14:38:03.525,0.155771,1.133155,-0.230907
18-Jan-2025 14:38:03.541,0.174707,1.135599,-0.304822
18-Jan-2025 14:38:03.558,0.126449,1.144761,-0.312152
18-Jan-2025 14:38:03.573,0.017715,1.153314,-0.21869
18-Jan-2025 14:38:03.590,-0.048258,1.141707,-0.126449
18-Jan-2025 14:38:03.606,-0.081245,1.053132,-0.043982
18-Jan-2025 14:38:03.622,-0.07758,0.9389,-0.059865
18-Jan-2025 14:38:03.638,-0.048869,0.756862,0.018937
18-Jan-2025 14:38:03.654,-0.029322,0.638354,0.111177
18-Jan-2025 14:38:03.670,-0.078802,0.521068,0.166766
18-Jan-2025 14:38:03.686,-0.129503,0.428827,0.184481
18-Jan-2025 14:38:03.702,-0.163712,0.323148,0.21869
18-Jan-2025 14:38:03.718,-0.141721,0.258396,0.253509
18-Jan-2025 14:38:03.734,-0.089797,0.191812,0.285885
18-Jan-2025 14:38:03.750,-0.017104,0.108734,0.31093
18-Jan-2025 14:38:03.766,0.043371,0.009774,0.304822
18-Jan-2025 14:38:03.782,0.141721,-0.143553,0.227853
18-Jan-2025 14:38:03.799,0.217468,-0.2474,0.172875
18-Jan-2025 14:38:03.815,0.298713,-0.345139,0.127671
18-Jan-2025 14:38:03.831,0.337808,-0.38851,0.102014
18-Jan-2025 14:38:03.847,0.37385,-0.434936,0.075136
18-Jan-2025 14:38:03.863,0.421497,-0.489914,0.069639
18-Jan-2025 14:38:03.879,0.505796,-0.557109,0.107512
18-Jan-2025 14:38:03.895,0.505796,-0.556498,0.166155
18-Jan-2025 14:38:03.911,0.450208,-0.569326,0.178373
18-Jan-2025 14:38:03.927,0.375682,-0.61453,0.163101
18-Jan-2025 14:38:03.943,0.31093,-0.616363,0.170431
18-Jan-2025 14:38:03.960,0.177151,-0.664011,0.19059
18-Jan-2025 14:38:03.975,0.05681,-0.728762,0.169821
18-Jan-2025 14:38:03.991,-0.068417,-0.800844,0.075747
18-Jan-2025 14:38:04.007,-0.130725,-0.852157,-0.002443
18-Jan-2025 14:38:04.023,-0.115454,-0.919352,-0.087354
18-Jan-2025 14:38:04.040,-0.001833,-0.953561,-0.118508
18-Jan-2025 14:38:04.056,0.193644,-0.835053,-0.088575
18-Jan-2025 14:38:04.072,0.285274,-0.784351,-0.069028
18-Jan-2025 14:38:04.088,0.34575,-0.896139,-0.131947
18-Jan-2025 14:38:04.104,0.419054,-1.091616,-0.235794
18-Jan-2025 14:38:04.120,0.492968,-1.336573,-0.330478
18-Jan-2025 14:38:04.136,0.464258,-1.470963,-0.395841
18-Jan-2025 14:38:04.152,0.345139,-1.357343,-0.381791
18-Jan-2025 14:38:04.168,0.031765,-1.050077,-0.215025
18-Jan-2025 14:38:04.184,-0.184481,-0.874148,-0.101404
18-Jan-2025 14:38:04.201,-0.364687,-0.784962,-0.051924
18-Jan-2025 14:38:04.216,-0.43799,-0.800233,-0.135612
18-Jan-2025 14:38:04.232,-0.457538,-0.744034,-0.149051
18-Jan-2025 14:38:04.248,-0.424551,-0.578489,-0.071471
18-Jan-2025 14:38:04.265,-0.326813,-0.439823,0.000611
18-Jan-2025 14:38:04.281,-0.25412,-0.406225,-0.029932
18-Jan-2025 14:38:04.297,-0.18326,-0.41661,-0.130114
18-Jan-2025 14:38:04.313,-0.111177,-0.530842,-0.301157
18-Jan-2025 14:38:04.329,-0.092241,-0.536951,-0.397062
18-Jan-2025 14:38:04.345,-0.082467,-0.441045,-0.40256
18-Jan-2025 14:38:04.361,-0.07086,-0.347582,-0.3317
18-Jan-2025 14:38:04.377,-0.025045,-0.248011,-0.254731
18-Jan-2025 14:38:04.393,0.019548,-0.211359,-0.241292
18-Jan-2025 14:38:04.409,0.080023,-0.158214,-0.25412
18-Jan-2025 14:38:04.425,0.109345,-0.047647,-0.252898
18-Jan-2025 14:38:04.442,0.109345,0.086132,-0.235794
18-Jan-2025 14:38:04.458,0.080634,0.153327,-0.248622
18-Jan-2025 14:38:04.474,0.081245,0.164323,-0.271835
18-Jan-2025 14:38:04.490,0.110567,0.214414,-0.327424
18-Jan-2025 14:38:04.506,0.131947,0.280387,-0.338419
18-Jan-2025 14:38:04.522,0.106901,0.318872,-0.333532
18-Jan-2025 14:38:04.538,0.058032,0.318872,-0.352469
18-Jan-2025 14:38:04.554,0.048258,0.376904,-0.39523
18-Jan-2025 14:38:04.570,0.166766,0.401949,-0.431882
18-Jan-2025 14:38:04.586,0.456316,0.318872,-0.460592
18-Jan-2025 14:38:04.603,0.553444,0.251676,-0.414777
18-Jan-2025 14:38:04.618,0.394619,0.285274,-0.300546
18-Jan-2025 14:38:04.634,0.093462,0.43066,-0.286496
18-Jan-2025 14:38:04.650,-0.235183,0.59315,-0.318872
18-Jan-2025 14:38:04.667,-0.474031,0.759305,-0.315817
18-Jan-2025 14:38:04.683,-0.449597,0.893696,-0.252898
18-Jan-2025 14:38:04.699,-0.321315,1.039693,-0.144775
18-Jan-2025 14:38:04.715,-0.241903,1.100168,-0.119119
18-Jan-2025 14:38:04.731,-0.12034,1.056186,-0.161879
18-Jan-2025 14:38:04.747,-0.053756,0.985326,-0.212581
18-Jan-2025 14:38:04.763,0.048869,0.998765,-0.199753
18-Jan-2025 14:38:04.779,0.164934,1.060462,-0.107512
18-Jan-2025 14:38:04.795,0.251676,1.032973,-0.059254
18-Jan-2025 14:38:04.811,0.170431,0.949895,-0.039095
18-Jan-2025 14:38:04.827,-0.01405,0.955393,0.00733
18-Jan-2025 14:38:04.844,-0.276722,0.999986,0.125227
18-Jan-2025 14:38:04.860,-0.422108,1.007317,0.241903
18-Jan-2025 14:38:04.876,-0.498466,0.98105,0.34575
18-Jan-2025 14:38:04.892,-0.442266,0.908967,0.351858
18-Jan-2025 14:38:04.908,-0.3036,0.830166,0.332311
18-Jan-2025 14:38:04.924,-0.213803,0.808175,0.28955
18-Jan-2025 14:38:04.940,-0.166155,0.830166,0.232129
18-Jan-2025 14:38:04.956,-0.18326,0.866818,0.212581
18-Jan-2025 14:38:04.972,-0.214414,0.879646,0.18387
18-Jan-2025 14:38:04.988,-0.207083,0.850935,0.180205
18-Jan-2025 14:38:05.004,-0.144775,0.761749,0.178984
18-Jan-2025 14:38:05.020,-0.087354,0.678671,0.180205
18-Jan-2025 14:38:05.036,-0.040928,0.602924,0.186314
18-Jan-2025 14:38:05.052,-0.025656,0.525955,0.196699
18-Jan-2025 14:38:05.068,-0.041539,0.48014,0.207694
18-Jan-2025 14:38:05.085,-0.038485,0.434325,0.219301
18-Jan-2025 14:38:05.101,0.027489,0.396452,0.240681
18-Jan-2025 14:38:05.117,0.161879,0.332922,0.280387
18-Jan-2025 14:38:05.133,0.287107,0.237627,0.315206
18-Jan-2025 14:38:05.149,0.424551,0.087965,0.336587
18-Jan-2025 14:38:05.165,0.446543,-0.036041,0.326202
18-Jan-2025 14:38:05.181,0.373239,-0.086743,0.309709
18-Jan-2025 14:38:05.197,0.231518,-0.083078,0.356745
18-Jan-2025 14:38:05.213,0.233961,-0.172875,0.40256
18-Jan-2025 14:38:05.229,0.422719,-0.395841,0.443488
18-Jan-2025 14:38:05.245,0.608422,-0.565661,0.453873
18-Jan-2025 14:38:05.261,0.736093,-0.718988,0.485638
18-Jan-2025 14:38:05.277,0.660345,-0.759305,0.516181
18-Jan-2025 14:38:05.293,0.288328,-0.698219,0.510072
18-Jan-2025 14:38:05.309,-0.075136,-0.646906,0.458149
18-Jan-2025 14:38:05.326,-0.37385,-0.662178,0.333532
18-Jan-2025 14:38:05.342,-0.36713,-0.623083,0.207694
18-Jan-2025 14:38:05.358,-0.193033,-0.603535,0.059865
18-Jan-2025 14:38:05.374,0.175929,-0.660956,-0.091019
18-Jan-2025 14:38:05.390,0.445321,-0.716545,-0.180205
18-Jan-2025 14:38:05.406,0.714712,-0.702495,-0.244346
18-Jan-2025 14:38:05.422,0.814283,-0.635911,-0.255342
18-Jan-2025 14:38:05.438,0.783129,-0.551,-0.270002
18-Jan-2025 14:38:05.454,0.625526,-0.507018,-0.305433
18-Jan-2025 14:38:05.470,0.300546,-0.431271,-0.367741
18-Jan-2025 14:38:05.486,0.096517,-0.390343,-0.401338
18-Jan-2025 14:38:05.502,-0.045204,-0.431271,-0.31032
18-Jan-2025 14:38:05.518,-0.060476,-0.356134,-0.14111
18-Jan-2025 14:38:05.534,-0.092852,-0.198531,-0.022602
18-Jan-2025 14:38:05.550,-0.130114,-0.062919,-0.015272
18-Jan-2025 14:38:05.567,-0.144164,0.111788,-0.065363
18-Jan-2025 14:38:05.583,-0.046426,0.230907,-0.246179
18-Jan-2025 14:38:05.598,0.08491,0.274889,-0.368963
18-Jan-2025 14:38:05.614,0.210138,0.351248,-0.46609
18-Jan-2025 14:38:05.631,0.217468,0.442877,-0.459982
18-Jan-2025 14:38:05.647,0.116675,0.602924,-0.391565
18-Jan-2025 14:38:05.663,0.015882,0.667065,-0.40256
18-Jan-2025 14:38:05.679,-0.0562,0.734871,-0.429438
18-Jan-2025 14:38:05.695,-0.043371,0.781297,-0.418443
18-Jan-2025 14:38:05.711,0.039706,0.840551,-0.370795
18-Jan-2025 14:38:05.728,0.096517,0.849714,-0.348193
18-Jan-2025 14:38:05.743,0.094073,0.852157,-0.368963
18-Jan-2025 14:38:05.759,0.014661,0.881479,-0.438601
18-Jan-2025 14:38:05.775,-0.065973,0.91813,-0.46609
18-Jan-2025 14:38:05.792,-0.144164,0.952339,-0.456927
18-Jan-2025 14:38:05.808,-0.160047,0.985937,-0.422108
18-Jan-2025 14:38:05.823,-0.161268,1.049466,-0.356134
18-Jan-2025 14:38:05.839,-0.181427,1.084897,-0.329867
18-Jan-2025 14:38:05.856,-0.21197,1.167364,-0.3036
18-Jan-2025 14:38:05.872,-0.226631,1.262658,-0.26817
18-Jan-2025 14:38:05.888,-0.20464,1.424538,-0.21197
18-Jan-2025 14:38:05.904,-0.145386,1.549765,-0.171653
18-Jan-2025 14:38:05.920,-0.02138,1.575421,-0.141721
18-Jan-2025 14:38:05.936,0.270002,1.470353,-0.131947
18-Jan-2025 14:38:05.952,0.36713,1.310306,-0.119119
18-Jan-2025 14:38:05.969,0.027489,1.165531,-0.095906
18-Jan-2025 14:38:05.984,-0.475864,1.27793,0.024435
18-Jan-2025 14:38:06.000,-0.945009,1.654223,0.19059
18-Jan-2025 14:38:06.016,-0.912633,1.767233,0.143553
18-Jan-2025 14:38:06.033,-0.56505,1.681712,0.037263
18-Jan-2025 14:38:06.049,-0.357967,1.74402,0.022602
18-Jan-2025 14:38:06.065,-0.309709,1.880243,0.052534
18-Jan-2025 14:38:06.081,-0.419664,1.881465,0.03543
18-Jan-2025 14:38:06.097,-0.571159,1.750129,-0.005498
18-Jan-2025 14:38:06.113,-0.725708,1.672549,0.057421
18-Jan-2025 14:38:06.129,-0.80512,1.743409,0.204029
18-Jan-2025 14:38:06.145,-0.758084,1.878411,0.415388
18-Jan-2025 14:38:06.161,-0.61392,1.929723,0.484416
18-Jan-2025 14:38:06.177,-0.439823,1.957823,0.442877
18-Jan-2025 14:38:06.193,-0.37385,2.045177,0.370184
18-Jan-2025 14:38:06.210,-0.382402,2.265088,0.195477
18-Jan-2025 14:38:06.225,-0.390343,2.30174,-0.012828
18-Jan-2025 14:38:06.242,-0.329256,2.305405,-0.218079
18-Jan-2025 14:38:06.258,-0.23274,2.292577,-0.325591
18-Jan-2025 14:38:06.274,-0.124617,2.189952,-0.38118
18-Jan-2025 14:38:06.290,-0.074526,2.08244,-0.329867
18-Jan-2025 14:38:06.306,-0.151495,2.080607,-0.204029
18-Jan-2025 14:38:06.322,-0.362243,2.200948,-0.062308
18-Jan-2025 14:38:06.338,-0.472199,2.242486,-0.033598
18-Jan-2025 14:38:06.354,-0.488692,2.275473,-0.047647
18-Jan-2025 14:38:06.370,-0.428827,2.269364,-0.06353
18-Jan-2025 14:38:06.386,-0.284052,2.236989,-0.097738
18-Jan-2025 14:38:06.402,-0.16249,2.227215,-0.137445
18-Jan-2025 14:38:06.418,-0.051313,2.243708,-0.146608
18-Jan-2025 14:38:06.434,-0.034208,2.255315,-0.151495
18-Jan-2025 14:38:06.451,-0.061087,2.261423,-0.161268
18-Jan-2025 14:38:06.466,-0.111177,2.296242,-0.107512
18-Jan-2025 14:38:06.482,-0.120951,2.334727,-0.047647
18-Jan-2025 14:38:06.499,-0.090408,2.324342,-0.024435
18-Jan-2025 14:38:06.515,-0.019548,2.25226,-0.017104
18-Jan-2025 14:38:06.531,0.125227,2.213776,-0.016493
18-Jan-2025 14:38:06.547,0.213803,2.194228,-0.011606
18-Jan-2025 14:38:06.563,0.224798,2.119092,0.008552
18-Jan-2025 14:38:06.579,0.196699,2.108707,0.041539
18-Jan-2025 14:38:06.595,0.159436,2.125811,0.089186
18-Jan-2025 14:38:06.611,0.124617,2.091603,0.117286
18-Jan-2025 14:38:06.627,0.073915,2.047009,0.141721
18-Jan-2025 14:38:06.643,0.040928,1.988366,0.160047
18-Jan-2025 14:38:06.659,0.069639,1.936443,0.160658
18-Jan-2025 14:38:06.675,0.132558,1.827098,0.160047
18-Jan-2025 14:38:06.692,0.128282,1.756238,0.165544
18-Jan-2025 14:38:06.708,0.095295,1.693318,0.160658
18-Jan-2025 14:38:06.724,0.102014,1.643227,0.149662
18-Jan-2025 14:38:06.740,0.153938,1.599245,0.150884
18-Jan-2025 14:38:06.756,0.170431,1.6023,0.16921
18-Jan-2025 14:38:06.772,0.125838,1.521055,0.180816
18-Jan-2025 14:38:06.788,0.092241,1.451416,0.182649
18-Jan-2025 14:38:06.804,0.066584,1.448972,0.210138
18-Jan-2025 14:38:06.820,-0.020769,1.403157,0.236405
18-Jan-2025 14:38:06.836,-0.11301,1.379945,0.231518
18-Jan-2025 14:38:06.852,-0.154549,1.385442,0.229074
18-Jan-2025 14:38:06.868,-0.119119,1.441031,0.214414
18-Jan-2025 14:38:06.884,-0.053145,1.463633,0.19792
18-Jan-2025 14:38:06.900,-0.025045,1.427592,0.172875
18-Jan-2025 14:38:06.916,0.0281,1.389108,0.120951
18-Jan-2025 14:38:06.933,0.073915,1.395216,0.094073
18-Jan-2025 14:38:06.949,0.131336,1.36284,0.087354
18-Jan-2025 14:38:06.965,0.158825,1.324967,0.050091
18-Jan-2025 14:38:06.981,0.17654,1.255328,-0.010996
18-Jan-2025 14:38:06.997,0.178984,1.191187,-0.111177
18-Jan-2025 14:38:07.013,0.15516,1.182635,-0.171042
18-Jan-2025 14:38:07.029,0.125227,1.240056,-0.201586
18-Jan-2025 14:38:07.045,0.108123,1.307252,-0.18326
18-Jan-2025 14:38:07.061,0.125838,1.377501,-0.135612
18-Jan-2025 14:38:07.077,0.195477,1.378112,-0.11973
18-Jan-2025 14:38:07.094,0.31765,1.385442,-0.124006
18-Jan-2025 14:38:07.109,0.364076,1.408044,-0.13439
18-Jan-2025 14:38:07.125,0.329867,1.402547,-0.171042
18-Jan-2025 14:38:07.142,0.253509,1.381777,-0.210138
18-Jan-2025 14:38:07.158,0.149051,1.372003,-0.221133
18-Jan-2025 14:38:07.174,0.015882,1.413542,-0.179594
18-Jan-2025 14:38:07.190,-0.045204,1.424538,-0.133779
18-Jan-2025 14:38:07.206,-0.124006,1.403768,-0.073915
18-Jan-2025 14:38:07.222,-0.185703,1.41171,-0.040928
18-Jan-2025 14:38:07.238,-0.265116,1.409877,-0.00733
18-Jan-2025 14:38:07.254,-0.312763,1.35551,0.009774
18-Jan-2025 14:38:07.270,-0.345139,1.257771,0.025656
18-Jan-2025 14:38:07.286,-0.343306,1.215011,0.012217
18-Jan-2025 14:38:07.302,-0.316428,1.212568,0.001833
18-Jan-2025 14:38:07.318,-0.283441,1.216844,0.021991
18-Jan-2025 14:38:07.335,-0.260229,1.220509,0.067806
18-Jan-2025 14:38:07.350,-0.276722,1.250441,0.110567
18-Jan-2025 14:38:07.366,-0.330478,1.297478,0.133779
18-Jan-2025 14:38:07.383,-0.429438,1.287704,0.12706
18-Jan-2025 14:38:07.399,-0.491136,1.22845,0.097738
18-Jan-2025 14:38:07.415,-0.533285,1.177748,0.048869
18-Jan-2025 14:38:07.431,-0.558942,1.182024,0.008552
18-Jan-2025 14:38:07.447,-0.605978,1.215622,0.00733
18-Jan-2025 14:38:07.463,-0.627969,1.298089,0.017715
18-Jan-2025 14:38:07.479,-0.647517,1.389718,-0.016493
18-Jan-2025 14:38:07.495,-0.67745,1.424538,-0.073304
18-Jan-2025 14:38:07.511,-0.724486,1.453859,-0.106901
18-Jan-2025 14:38:07.527,-0.767858,1.561372,-0.03543
18-Jan-2025 14:38:07.543,-0.750753,1.690875,0.102625
18-Jan-2025 14:38:07.560,-0.648739,1.745853,0.252287
18-Jan-2025 14:38:07.576,-0.545503,1.672549,0.278555
18-Jan-2025 14:38:07.591,-0.456316,1.594358,0.215635
18-Jan-2025 14:38:07.607,-0.415999,1.619404,0.168599
18-Jan-2025 14:38:07.624,-0.405004,1.627956,0.149662
18-Jan-2025 14:38:07.640,-0.379347,1.653612,0.135001
18-Jan-2025 14:38:07.656,-0.343306,1.612684,0.050702
18-Jan-2025 14:38:07.672,-0.3317,1.58825,-0.062919
18-Jan-2025 14:38:07.688,-0.283441,1.547322,-0.229074
18-Jan-2025 14:38:07.704,-0.196699,1.516168,-0.334754
18-Jan-2025 14:38:07.720,-0.053145,1.499674,-0.415388
18-Jan-2025 14:38:07.737,0.245568,1.344514,-0.530231
18-Jan-2025 14:38:07.752,0.569326,1.040303,-0.647517
18-Jan-2025 14:38:07.768,0.704938,0.746477,-0.857044
18-Jan-2025 14:38:07.784,0.320093,0.705549,-0.956615
18-Jan-2025 14:38:07.801,-0.34575,0.69211,-0.994489
18-Jan-2025 14:38:07.817,-0.629191,0.627969,-0.90347
18-Jan-2025 14:38:07.833,-0.599259,0.519846,-0.661567
18-Jan-2025 14:38:07.849,-0.417221,0.518625,-0.509462
18-Jan-2025 14:38:07.865,-0.179594,0.6353,-0.320704
18-Jan-2025 14:38:07.881,-0.026878,0.717156,-0.18326
18-Jan-2025 14:38:07.897,0.112399,0.725708,-0.06353
18-Jan-2025 14:38:07.913,0.260229,0.605367,0.051313
18-Jan-2025 14:38:07.929,0.286496,0.518625,0.067195
18-Jan-2025 14:38:07.945,0.189979,0.397062,0.097738
18-Jan-2025 14:38:07.961,0.097738,0.260229,0.14844
18-Jan-2025 14:38:07.978,0.029932,0.099571,0.221744
18-Jan-2025 14:38:07.993,0.067806,-0.00672,0.32498
18-Jan-2025 14:38:08.009,0.141721,-0.048869,0.575435
18-Jan-2025 14:38:08.026,0.138666,-0.012217,0.767858
18-Jan-2025 14:38:08.041,0.030543,-0.026878,0.891252
18-Jan-2025 14:38:08.058,-0.071471,-0.092852,0.913244
18-Jan-2025 14:38:08.074,-0.135001,-0.199142,0.886976
18-Jan-2025 14:38:08.090,-0.153938,-0.294437,0.81917
18-Jan-2025 14:38:08.106,-0.114843,-0.345139,0.781907
18-Jan-2025 14:38:08.122,-0.041539,-0.456927,0.686613
18-Jan-2025 14:38:08.138,-0.007941,-0.609644,0.620639
18-Jan-2025 14:38:08.154,-0.020159,-0.702495,0.52962
18-Jan-2025 14:38:08.170,-0.090408,-0.597426,0.470977
18-Jan-2025 14:38:08.186,-0.14111,-0.529009,0.392175
18-Jan-2025 14:38:08.202,-0.111788,-0.634078,0.280387
18-Jan-2025 14:38:08.219,-0.032987,-0.836275,0.179594
18-Jan-2025 14:38:08.234,0.018326,-0.943176,0.114843
18-Jan-2025 14:38:08.251,0.037874,-1.010371,0.078191
18-Jan-2025 14:38:08.266,0.045204,-0.937067,0.062919
18-Jan-2025 14:38:08.282,0.053145,-0.899194,0.07086
18-Jan-2025 14:38:08.299,0.054367,-0.859487,0.01405
18-Jan-2025 14:38:08.315,0.061087,-0.896139,-0.043371
18-Jan-2025 14:38:08.331,0.073915,-1.001819,-0.081245
18-Jan-2025 14:38:08.347,0.074526,-1.04519,-0.136834
18-Jan-2025 14:38:08.363,0.130114,-1.007317,-0.210749
18-Jan-2025 14:38:08.379,0.193033,-0.893696,-0.24007
18-Jan-2025 14:38:08.395,0.207083,-0.681115,-0.229685
18-Jan-2025 14:38:08.411,0.178373,-0.588874,-0.217468
18-Jan-2025 14:38:08.427,0.161879,-0.522901,-0.233351
18-Jan-2025 14:38:08.443,0.199142,-0.471588,-0.259007
18-Jan-2025 14:38:08.460,0.259007,-0.435547,-0.28222
18-Jan-2025 14:38:08.476,0.355524,-0.383013,-0.301767
18-Jan-2025 14:38:08.491,0.382402,-0.387899,-0.285885
18-Jan-2025 14:38:08.507,0.313985,-0.382402,-0.280998
18-Jan-2025 14:38:08.524,0.257174,-0.317039,-0.323759
18-Jan-2025 14:38:08.540,0.266948,-0.154549,-0.334143
18-Jan-2025 14:38:08.556,0.321315,-0.111788,-0.28955
18-Jan-2025 14:38:08.572,0.38118,-0.200975,-0.197309
18-Jan-2025 14:38:08.588,0.447764,-0.270613,-0.136223
18-Jan-2025 14:38:08.604,0.52229,-0.306043,-0.081856
18-Jan-2025 14:38:08.620,0.523512,-0.273057,0.012217
18-Jan-2025 14:38:08.636,0.397062,-0.290161,0.099571
18-Jan-2025 14:38:08.652,0.268781,-0.38851,0.108734
18-Jan-2025 14:38:08.668,0.175318,-0.612087,0.204029
18-Jan-2025 14:38:08.684,0.081245,-0.773355,0.32498
18-Jan-2025 14:38:08.701,-0.03543,-0.819781,0.334143
18-Jan-2025 14:38:08.716,-0.196699,-0.810007,0.106291
18-Jan-2025 14:38:08.733,-0.29627,-0.921185,0.006109
18-Jan-2025 14:38:08.749,-0.285885,-1.047634,-0.078191
18-Jan-2025 14:38:08.765,-0.164934,-1.089173,-0.184481
18-Jan-2025 14:38:08.781,0.04215,-1.04519,-0.390954
18-Jan-2025 14:38:08.797,0.311541,-0.860098,-0.558331
18-Jan-2025 14:38:08.813,0.434325,-0.768468,-0.582765
18-Jan-2025 14:38:08.829,0.42394,-0.696386,-0.638354
18-Jan-2025 14:38:08.845,0.271224,-0.791071,-0.708604
18-Jan-2025 14:38:08.862,-0.003665,-0.948674,-0.718988
18-Jan-2025 14:38:08.877,-0.123395,-1.031751,-0.603535
18-Jan-2025 14:38:08.893,-0.080634,-0.874759,-0.455705
18-Jan-2025 14:38:08.909,-0.058643,-0.648739,-0.449597
18-Jan-2025 14:38:08.926,-0.168599,-0.617585,-0.417221
18-Jan-2025 14:38:08.942,-0.262061,-0.619417,-0.428827
18-Jan-2025 14:38:08.958,-0.298102,-0.591318,-0.448986
18-Jan-2025 14:38:08.974,-0.207083,-0.455705,-0.555887
18-Jan-2025 14:38:08.990,-0.069028,-0.352469,-0.588263
18-Jan-2025 14:38:09.006,0.048258,-0.404393,-0.386067
18-Jan-2025 14:38:09.022,0.053756,-0.387899,-0.177151
18-Jan-2025 14:38:09.038,0.064141,-0.395841,-0.124006
18-Jan-2025 14:38:09.054,0.121562,-0.264505,-0.194255
18-Jan-2025 14:38:09.070,0.154549,-0.137445,-0.294437
18-Jan-2025 14:38:09.086,0.109956,-0.246179,-0.279165
18-Jan-2025 14:38:09.103,0.088575,-0.097738,-0.194255
18-Jan-2025 14:38:09.118,0.133169,-0.069639,-0.161268
18-Jan-2025 14:38:09.134,0.177762,-0.092241,-0.142332
18-Jan-2025 14:38:09.151,0.223577,-0.051924,-0.179594
18-Jan-2025 14:38:09.167,0.230296,-0.050091,-0.197309
18-Jan-2025 14:38:09.183,0.173486,0.064752,-0.207694
18-Jan-2025 14:38:09.199,0.111788,0.116064,-0.199753
18-Jan-2025 14:38:09.215,0.088575,0.097738,-0.224798
18-Jan-2025 14:38:09.231,0.092241,0.122784,-0.253509
18-Jan-2025 14:38:09.247,0.058643,0.227853,-0.282831
18-Jan-2025 14:38:09.263,0.036041,0.324369,-0.315206
18-Jan-2025 14:38:09.279,0.117897,0.389121,-0.368963
18-Jan-2025 14:38:09.295,0.318872,0.419054,-0.397062
18-Jan-2025 14:38:09.311,0.479529,0.305433,-0.411723
18-Jan-2025 14:38:09.327,0.335976,0.139888,-0.372628
18-Jan-2025 14:38:09.344,0.052534,0.075136,-0.325591
18-Jan-2025 14:38:09.359,-0.350637,0.001833,-0.288939
18-Jan-2025 14:38:09.375,-0.551,-0.086132,-0.328035
18-Jan-2025 14:38:09.391,-0.695165,0.302378,-0.256563
18-Jan-2025 14:38:09.408,-0.667065,0.748921,0.002443
18-Jan-2025 14:38:09.424,-0.332311,0.657902,0.026267
18-Jan-2025 14:38:09.440,-0.16249,0.583987,-0.048869
18-Jan-2025 14:38:09.456,-0.086743,0.637743,-0.095906
18-Jan-2025 14:38:09.472,-0.040928,0.664621,-0.14111
18-Jan-2025 14:38:09.488,0.053756,0.594983,-0.175929
18-Jan-2025 14:38:09.504,0.177762,0.446543,-0.174097
18-Jan-2025 14:38:09.520,0.19792,0.348193,-0.157603
18-Jan-2025 14:38:09.536,0.166766,0.277944,-0.123395
18-Jan-2025 14:38:09.552,0.106291,0.326813,-0.023213
18-Jan-2025 14:38:09.568,-0.050091,0.470977,0.142942
18-Jan-2025 14:38:09.585,-0.185092,0.435547,0.195477
18-Jan-2025 14:38:09.600,-0.291383,0.291383,0.216857
18-Jan-2025 14:38:09.616,-0.292604,0.264505,0.237016
18-Jan-2025 14:38:09.632,-0.216246,0.216246,0.266948
18-Jan-2025 14:38:09.649,-0.202196,0.38851,0.342695
18-Jan-2025 14:38:09.665,-0.095906,0.371406,0.243735
18-Jan-2025 14:38:09.681,-0.10568,0.284052,0.193644
18-Jan-2025 14:38:09.697,-0.132558,0.292604,0.208916
18-Jan-2025 14:38:09.713,-0.089797,0.271835,0.234572
18-Jan-2025 14:38:09.729,-0.023824,0.19792,0.266337
18-Jan-2025 14:38:09.745,-0.019548,0.226631,0.3036
18-Jan-2025 14:38:09.761,-0.050702,0.254731,0.328035
18-Jan-2025 14:38:09.777,-0.065973,0.286496,0.36713
18-Jan-2025 14:38:09.793,-0.065973,0.463036,0.381791
18-Jan-2025 14:38:09.809,-0.015272,0.664011,0.316428
18-Jan-2025 14:38:09.826,0.04948,0.544892,0.242514
18-Jan-2025 14:38:09.841,0.107512,0.32498,0.197309
18-Jan-2025 14:38:09.858,0.15516,0.152105,0.197309
18-Jan-2025 14:38:09.873,0.192423,0.255342,0.215025
18-Jan-2025 14:38:09.890,0.300546,0.643852,0.309709
18-Jan-2025 14:38:09.906,0.379347,0.640798,0.329256
18-Jan-2025 14:38:09.922,0.362243,0.311541,0.277944
18-Jan-2025 14:38:09.938,0.208305,0.233961,0.216246
18-Jan-2025 14:38:09.954,0.011606,0.255342,0.219301
18-Jan-2025 14:38:09.970,0.046426,0.068417,0.286496
18-Jan-2025 14:38:09.986,0.2755,-0.248622,0.351248
18-Jan-2025 14:38:10.002,0.435547,-0.36713,0.372017
18-Jan-2025 14:38:10.018,0.505186,-0.341474,0.345139
18-Jan-2025 14:38:10.034,0.517403,-0.321926,0.313985
18-Jan-2025 14:38:10.050,0.502742,-0.425773,0.302378
18-Jan-2025 14:38:10.067,0.391565,-0.632246,0.288939
18-Jan-2025 14:38:10.082,0.174097,-0.725708,0.307876
18-Jan-2025 14:38:10.098,-0.185092,-0.660956,0.385456
18-Jan-2025 14:38:10.114,-0.348193,-0.653626,0.394619
18-Jan-2025 14:38:10.131,-0.389121,-0.778242,0.302378
18-Jan-2025 14:38:10.147,-0.357356,-0.872926,0.19792
18-Jan-2025 14:38:10.163,-0.266948,-0.901637,0.058032
18-Jan-2025 14:38:10.179,-0.153938,-0.893085,-0.017104
18-Jan-2025 14:38:10.195,0.030543,-0.909578,-0.10568
18-Jan-2025 14:38:10.211,0.295659,-0.897972,-0.266337
18-Jan-2025 14:38:10.227,0.413556,-0.893696,-0.332922
18-Jan-2025 14:38:10.243,0.350637,-0.827112,-0.328645
18-Jan-2025 14:38:10.259,0.11301,-0.828944,-0.266948
18-Jan-2025 14:38:10.275,-0.227242,-0.845438,-0.121562
18-Jan-2025 14:38:10.291,-0.361632,-0.817338,-0.043371
18-Jan-2025 14:38:10.308,-0.348804,-0.675617,-0.011606
18-Jan-2025 14:38:10.324,-0.269392,-0.609644,-0.011606
18-Jan-2025 14:38:10.340,-0.219911,-0.561996,-0.066584
18-Jan-2025 14:38:10.356,-0.224798,-0.497855,-0.125838
18-Jan-2025 14:38:10.372,-0.206472,-0.477086,-0.147829
18-Jan-2025 14:38:10.388,-0.11973,-0.412945,-0.152716
18-Jan-2025 14:38:10.404,-0.013439,-0.350637,-0.153938
18-Jan-2025 14:38:10.420,0.08491,-0.337198,-0.160047
18-Jan-2025 14:38:10.436,0.110567,-0.35308,-0.19059
18-Jan-2025 14:38:10.452,0.094684,-0.354302,-0.269392
18-Jan-2025 14:38:10.469,0.071471,-0.31765,-0.295048
18-Jan-2025 14:38:10.484,0.094684,-0.33903,-0.237016
18-Jan-2025 14:38:10.500,0.137445,-0.361632,-0.173486
18-Jan-2025 14:38:10.516,0.181427,-0.350637,-0.095295
18-Jan-2025 14:38:10.532,0.210138,-0.298713,-0.066584
18-Jan-2025 14:38:10.549,0.223577,-0.175929,-0.105069
18-Jan-2025 14:38:10.564,0.227853,-0.154549,-0.164934
18-Jan-2025 14:38:10.580,0.218079,-0.19059,-0.217468
18-Jan-2025 14:38:10.597,0.186314,-0.230296,-0.25412
18-Jan-2025 14:38:10.613,0.158825,-0.222355,-0.244957
18-Jan-2025 14:38:10.629,0.108734,-0.170431,-0.216246
18-Jan-2025 14:38:10.645,0.078802,-0.08491,-0.202807
18-Jan-2025 14:38:10.661,0.061697,-0.009774,-0.206472
18-Jan-2025 14:38:10.677,0.058032,0.02138,-0.215025
18-Jan-2025 14:38:10.693,0.07758,0.199753,-0.191812
18-Jan-2025 14:38:10.710,0.131336,0.243124,-0.177762
18-Jan-2025 14:38:10.725,0.269392,0.213192,-0.16921
18-Jan-2025 14:38:10.741,0.483805,0.309098,-0.189368
18-Jan-2025 14:38:10.757,0.478307,0.407447,-0.210138
18-Jan-2025 14:38:10.773,0.293215,0.327424,-0.231518
18-Jan-2025 14:38:10.790,0.099571,0.272446,-0.203418
18-Jan-2025 14:38:10.805,-0.135001,0.233961,-0.110567
18-Jan-2025 14:38:10.822,-0.20464,0.32498,-0.00672
18-Jan-2025 14:38:10.838,-0.152105,0.430049,0.037263
18-Jan-2025 14:38:10.854,-0.128893,0.481362,0.017104
18-Jan-2025 14:38:10.870,-0.21197,0.502742,0.009774
18-Jan-2025 14:38:10.886,-0.337808,0.480751,0.029322
18-Jan-2025 14:38:10.902,-0.462425,0.465479,0.086132
18-Jan-2025 14:38:10.918,-0.506407,0.560774,0.160658
18-Jan-2025 14:38:10.934,-0.411112,0.598037,0.156992
18-Jan-2025 14:38:10.950,-0.216246,0.468534,0.07086
18-Jan-2025 14:38:10.966,-0.13439,0.533285,0.027489
18-Jan-2025 14:38:10.982,-0.17654,0.632856,-0.033598
18-Jan-2025 14:38:10.998,-0.229074,0.570548,-0.040928
18-Jan-2025 14:38:11.015,-0.294437,0.624915,0.009163
18-Jan-2025 14:38:11.031,-0.334143,0.681726,0.027489
18-Jan-2025 14:38:11.047,-0.362854,0.653015,0.054367
18-Jan-2025 14:38:11.063,-0.35308,0.648128,0.103847
18-Jan-2025 14:38:11.079,-0.321315,0.631635,0.161879
18-Jan-2025 14:38:11.095,-0.271224,0.511294,0.213803
18-Jan-2025 14:38:11.111,-0.234572,0.465479,0.202807
18-Jan-2025 14:38:11.127,-0.217468,0.419054,0.130114
18-Jan-2025 14:38:11.143,-0.229685,0.381791,0.0562
18-Jan-2025 14:38:11.159,-0.222966,0.338419,-0.051924
18-Jan-2025 14:38:11.175,-0.245568,0.149051,-0.025045
18-Jan-2025 14:38:11.192,-0.210749,-0.073304,0.067195
18-Jan-2025 14:38:11.208,-0.164323,-0.101404,0.135001
18-Jan-2025 14:38:11.224,-0.11973,-0.052534,0.211359
18-Jan-2025 14:38:11.240,-0.095295,-0.020769,0.219911
18-Jan-2025 14:38:11.256,-0.062308,0.014661,0.214414
18-Jan-2025 14:38:11.272,-0.034819,0.083078,0.194866
18-Jan-2025 14:38:11.288,-0.029932,0.166155,0.184481
18-Jan-2025 14:38:11.304,0.02138,0.254731,0.19792
18-Jan-2025 14:38:11.320,0.13439,0.3036,0.204029
18-Jan-2025 14:38:11.336,0.302378,0.355524,0.199142
18-Jan-2025 14:38:11.352,0.370795,0.395841,0.19059
18-Jan-2025 14:38:11.368,0.387899,0.408058,0.193033
18-Jan-2025 14:38:11.384,0.334754,0.308487,0.167377
18-Jan-2025 14:38:11.400,0.427606,0.471588,0.208916
18-Jan-2025 14:38:11.416,0.454484,0.39523,0.249844
18-Jan-2025 14:38:11.433,0.411723,0.291383,0.323148
18-Jan-2025 14:38:11.447,0.389121,0.215025,0.381791
18-Jan-2025 14:38:11.465,0.463036,0.175929,0.441656
18-Jan-2025 14:38:11.480,0.638965,0.044593,0.496023
18-Jan-2025 14:38:11.497,0.687834,-0.043982,0.513127
18-Jan-2025 14:38:11.513,0.629802,-0.029932,0.497244
18-Jan-2025 14:38:11.529,0.667065,-0.001833,0.378736
18-Jan-2025 14:38:11.545,0.739147,0.04215,0.196699
18-Jan-2025 14:38:11.561,0.602924,0.062919,0.110567
18-Jan-2025 14:38:11.577,0.309098,0.023213,0.014661
18-Jan-2025 14:38:11.593,0.097738,0.00672,-0.065363
18-Jan-2025 14:38:11.609,-0.096517,0.012217,-0.147829
18-Jan-2025 14:38:11.625,-0.135001,0.095906,-0.191812
18-Jan-2025 14:38:11.641,-0.088575,0.201586,-0.24007
18-Jan-2025 14:38:11.658,0.041539,0.231518,-0.329256
18-Jan-2025 14:38:11.674,0.149662,0.145997,-0.432493
18-Jan-2025 14:38:11.690,0.301767,0.138056,-0.555277
18-Jan-2025 14:38:11.706,0.455095,0.213192,-0.572381
18-Jan-2025 14:38:11.722,0.61392,0.346361,-0.607811
18-Jan-2025 14:38:11.738,0.564439,0.37385,-0.646906
18-Jan-2025 14:38:11.754,0.238237,0.288328,-0.624304
18-Jan-2025 14:38:11.770,-0.028711,0.248011,-0.573602
18-Jan-2025 14:38:11.786,-0.250455,0.311541,-0.43066
18-Jan-2025 14:38:11.802,-0.333532,0.430049,-0.405004
18-Jan-2025 14:38:11.818,-0.375682,0.581544,-0.397062
18-Jan-2025 14:38:11.835,-0.390343,0.724486,-0.412334
18-Jan-2025 14:38:11.850,-0.392175,0.786184,-0.429438
18-Jan-2025 14:38:11.866,-0.395841,0.908967,-0.447764
18-Jan-2025 14:38:11.882,-0.379958,1.061073,-0.432493
18-Jan-2025 14:38:11.899,-0.350026,1.232115,-0.331089
18-Jan-2025 14:38:11.915,-0.330478,1.335351,-0.318872
18-Jan-2025 14:38:11.931,-0.320093,1.428203,-0.378736
18-Jan-2025 14:38:11.947,-0.314596,1.484403,-0.38118
18-Jan-2025 14:38:11.963,-0.286496,1.56015,-0.326813
18-Jan-2025 14:38:11.979,-0.264505,1.629178,-0.26817
18-Jan-2025 14:38:11.995,-0.267559,1.676825,-0.224188
18-Jan-2025 14:38:12.011,-0.301767,1.632843,-0.241292
18-Jan-2025 14:38:12.027,-0.349415,1.570535,-0.283441
18-Jan-2025 14:38:12.043,-0.365297,1.514335,-0.334754
18-Jan-2025 14:38:12.059,-0.31765,1.513724,-0.334754
18-Jan-2025 14:38:12.076,-0.237627,1.621847,-0.291994
18-Jan-2025 14:38:12.092,-0.201586,1.706147,-0.253509
18-Jan-2025 14:38:12.107,-0.193033,1.768455,-0.239459
18-Jan-2025 14:38:12.124,-0.186314,1.753794,-0.252287
18-Jan-2025 14:38:12.140,-0.166155,1.727527,-0.280998
18-Jan-2025 14:38:12.156,-0.067195,1.752572,-0.332922
18-Jan-2025 14:38:12.172,0.208916,1.956601,-0.394008
18-Jan-2025 14:38:12.188,0.295659,2.092213,-0.456927
18-Jan-2025 14:38:12.204,-0.071471,2.05434,-0.411723
18-Jan-2025 14:38:12.220,-0.636522,1.968819,-0.175318
18-Jan-2025 14:38:12.236,-0.86865,1.927891,-0.076358
18-Jan-2025 14:38:12.252,-0.871705,1.915063,-0.079412
18-Jan-2025 14:38:12.268,-0.742812,1.983479,-0.113621
18-Jan-2025 14:38:12.284,-0.569937,2.115426,-0.136223
18-Jan-2025 14:38:12.300,-0.492357,2.200337,-0.093462
18-Jan-2025 14:38:12.317,-0.459371,2.288301,-0.025045
18-Jan-2025 14:38:12.332,-0.505796,2.354275,-0.048869
18-Jan-2025 14:38:12.349,-0.605367,2.382375,-0.112399
18-Jan-2025 14:38:12.365,-0.747699,2.342668,-0.21869
18-Jan-2025 14:38:12.381,-0.793514,2.31579,-0.29627
18-Jan-2025 14:38:12.397,-0.74098,2.299908,-0.346361
18-Jan-2025 14:38:12.413,-0.682947,2.303573,-0.283441
18-Jan-2025 14:38:12.429,-0.618196,2.360994,-0.108734
18-Jan-2025 14:38:12.445,-0.579711,2.362216,-0.020769
18-Jan-2025 14:38:12.461,-0.532064,2.425135,0.039706
18-Jan-2025 14:38:12.477,-0.488081,2.491108,0.050091
18-Jan-2025 14:38:12.493,-0.450819,2.553417,0.044593
18-Jan-2025 14:38:12.509,-0.477697,2.570521,0.008552
18-Jan-2025 14:38:12.525,-0.566272,2.519819,-0.081856
18-Jan-2025 14:38:12.541,-0.700052,2.366492,-0.229685
18-Jan-2025 14:38:12.558,-0.778242,2.260812,-0.273057
18-Jan-2025 14:38:12.574,-0.806953,2.1814,-0.239459
18-Jan-2025 14:38:12.589,-0.800233,2.144748,-0.200364
18-Jan-2025 14:38:12.606,-0.786794,2.199726,-0.132558
18-Jan-2025 14:38:12.622,-0.752586,2.309071,-0.073304
18-Jan-2025 14:38:12.638,-0.637132,2.409863,-0.004276
18-Jan-2025 14:38:12.654,-0.522901,2.445904,0.020159
18-Jan-2025 14:38:12.670,-0.365297,2.458122,0.022602
18-Jan-2025 14:38:12.686,-0.267559,2.425135,0.02138
18-Jan-2025 14:38:12.702,-0.203418,2.378098,0.017104
18-Jan-2025 14:38:12.718,-0.161268,2.30846,0.026267
18-Jan-2025 14:38:12.734,-0.150273,2.236989,0.062308
18-Jan-2025 14:38:12.750,-0.155771,2.139861,0.124006
18-Jan-2025 14:38:12.766,-0.191201,2.065946,0.174707
18-Jan-2025 14:38:12.782,-0.268781,1.969429,0.238848
18-Jan-2025 14:38:12.799,-0.319483,1.93461,0.271835
18-Jan-2025 14:38:12.814,-0.353691,1.882076,0.296881
18-Jan-2025 14:38:12.831,-0.342695,1.879632,0.316428
18-Jan-2025 14:38:12.847,-0.263283,1.867415,0.316428
18-Jan-2025 14:38:12.863,-0.195477,1.78617,0.263283
18-Jan-2025 14:38:12.879,-0.170431,1.607186,0.211359
18-Jan-2025 14:38:12.895,-0.142332,1.616349,0.170431
18-Jan-2025 14:38:12.911,-0.130725,1.627345,0.133169
18-Jan-2025 14:38:12.927,-0.097738,1.580308,0.144164
18-Jan-2025 14:38:12.943,-0.047037,1.517389,0.175929
18-Jan-2025 14:38:12.960,-0.01405,1.476461,0.197309
18-Jan-2025 14:38:12.975,-0.051313,1.478294,0.177151
18-Jan-2025 14:38:12.991,-0.087354,1.462411,0.145386
18-Jan-2025 14:38:13.008,-0.073304,1.415375,0.105069
18-Jan-2025 14:38:13.024,-0.022602,1.400103,0.038485
18-Jan-2025 14:38:13.040,-0.003054,1.447751,0.018937
18-Jan-2025 14:38:13.055,-0.022602,1.487457,0.043982
18-Jan-2025 14:38:13.072,-0.06353,1.535104,0.082467
18-Jan-2025 14:38:13.088,-0.067195,1.568091,0.086132
18-Jan-2025 14:38:13.104,-0.072082,1.610241,0.089186
18-Jan-2025 14:38:13.120,-0.103236,1.620015,0.092852
18-Jan-2025 14:38:13.136,-0.142942,1.5742,0.086132
18-Jan-2025 14:38:13.152,-0.121562,1.504561,0.080023
18-Jan-2025 14:38:13.168,-0.028711,1.37689,0.06353
18-Jan-2025 14:38:13.184,0.075136,1.287704,0.066584
18-Jan-2025 14:38:13.201,0.203418,1.234559,0.097738
18-Jan-2025 14:38:13.216,0.298102,1.117272,0.107512
18-Jan-2025 14:38:13.233,0.312763,1.003652,0.137445
18-Jan-2025 14:38:13.249,0.179594,0.959058,0.233351
18-Jan-2025 14:38:13.265,0.078802,0.884533,0.260229
18-Jan-2025 14:38:13.281,0.04948,0.782518,0.24007
18-Jan-2025 14:38:13.297,-0.020769,0.836885,0.129503
18-Jan-2025 14:38:13.313,-0.236405,0.916298,0.158214
18-Jan-2025 14:38:13.329,-0.378736,0.970054,0.210138
18-Jan-2025 14:38:13.345,-0.481973,0.98838,0.236405
18-Jan-2025 14:38:13.361,-0.533285,0.951117,0.251676
18-Jan-2025 14:38:13.377,-0.51557,0.899194,0.380569
18-Jan-2025 14:38:13.393,-0.485027,0.872316,0.449597
18-Jan-2025 14:38:13.409,-0.456927,0.837496,0.432493
18-Jan-2025 14:38:13.425,-0.405004,0.795957,0.3317
18-Jan-2025 14:38:13.442,-0.384845,0.781907,0.260229
18-Jan-2025 14:38:13.457,-0.345139,0.745866,0.224798
18-Jan-2025 14:38:13.474,-0.315817,0.690889,0.199142
18-Jan-2025 14:38:13.490,-0.279165,0.675617,0.147829
18-Jan-2025 14:38:13.506,-0.215635,0.718378,0.105069
18-Jan-2025 14:38:13.522,-0.186925,0.718988,0.072082
18-Jan-2025 14:38:13.538,-0.200364,0.680504,0.054978
18-Jan-2025 14:38:13.554,-0.218079,0.712269,0.032376
18-Jan-2025 14:38:13.570,-0.234572,0.782518,0.016493
18-Jan-2025 14:38:13.586,-0.253509,0.778853,-0.00672
18-Jan-2025 14:38:13.602,-0.255342,0.730595,-0.036041
18-Jan-2025 14:38:13.618,-0.228464,0.706771,-0.050702
18-Jan-2025 14:38:13.634,-0.166155,0.690889,-0.052534
18-Jan-2025 14:38:13.650,-0.129503,0.682947,-0.052534
18-Jan-2025 14:38:13.666,-0.088575,0.649961,-0.061087
18-Jan-2025 14:38:13.683,-0.069028,0.62125,-0.080023
18-Jan-2025 14:38:13.698,-0.048869,0.623083,-0.050091
18-Jan-2025 14:38:13.715,-0.050702,0.667065,-0.002443
18-Jan-2025 14:38:13.731,-0.128893,0.671341,0.046426
18-Jan-2025 14:38:13.747,-0.204029,0.625526,0.086132
18-Jan-2025 14:38:13.763,-0.274278,0.675006,0.19059
18-Jan-2025 14:38:13.779,-0.302378,0.679282,0.248011
18-Jan-2025 14:38:13.795,-0.325591,0.662789,0.297491
18-Jan-2025 14:38:13.811,-0.254731,0.624304,0.342695
18-Jan-2025 14:38:13.827,-0.171042,0.569937,0.32498
18-Jan-2025 14:38:13.843,-0.07025,0.545503,0.241292
18-Jan-2025 14:38:13.859,0.096517,0.574824,0.142332
18-Jan-2025 14:38:13.875,0.288328,0.666454,0.009774
18-Jan-2025 14:38:13.891,0.228464,0.652404,-0.069028
18-Jan-2025 14:38:13.907,0.008552,0.545503,-0.060476
18-Jan-2025 14:38:13.924,-0.150884,0.493579,0.039706
18-Jan-2025 14:38:13.939,-0.284663,0.420275,-0.010385
18-Jan-2025 14:38:13.956,-0.390343,0.255342,-0.084299
18-Jan-2025 14:38:13.972,-0.476475,0.12706,-0.142942
18-Jan-2025 14:38:13.988,-0.424551,0.024435,-0.20464
18-Jan-2025 14:38:14.004,-0.264505,0.016493,-0.200975
18-Jan-2025 14:38:14.020,-0.051924,0.091019,-0.107512
18-Jan-2025 14:38:14.036,0.116064,0.172875,-0.029322
18-Jan-2025 14:38:14.052,0.296881,0.281609,0.04215
18-Jan-2025 14:38:14.068,0.2755,0.372017,0.054978
18-Jan-2025 14:38:14.084,-0.003054,0.43738,0.053756
18-Jan-2025 14:38:14.100,-0.244346,0.298713,-0.121562
18-Jan-2025 14:38:14.115,-0.297491,-0.373239,-0.198531
18-Jan-2025 14:38:14.132,-0.055589,-0.478918,0.078191
18-Jan-2025 14:38:14.148,0.128893,-0.590096,0.153327
18-Jan-2025 14:38:14.165,0.163101,-0.505796,0.078191
18-Jan-2025 14:38:14.181,0.017715,-0.509462,0.074526
18-Jan-2025 14:38:14.197,-0.086743,-0.493579,0.186314
18-Jan-2025 14:38:14.213,-0.045204,-0.446543,0.256563
18-Jan-2025 14:38:14.229,0.006109,-0.354913,0.317039
18-Jan-2025 14:38:14.245,-0.026267,-0.339641,0.330478
18-Jan-2025 14:38:14.261,-0.100182,-0.46609,0.293826
18-Jan-2025 14:38:14.277,-0.14111,-0.590096,0.25412
18-Jan-2025 14:38:14.293,-0.153938,-0.689667,0.235183
18-Jan-2025 14:38:14.309,-0.114232,-0.67745,0.268781
18-Jan-2025 14:38:14.325,-0.071471,-0.557109,0.3598
18-Jan-2025 14:38:14.341,0.015272,-0.466701,0.488081
18-Jan-2025 14:38:14.357,0.164934,-0.478307,0.641409
18-Jan-2025 14:38:14.374,0.431882,-0.444099,0.754419
18-Jan-2025 14:38:14.390,0.5791,-0.445932,0.828333
18-Jan-2025 14:38:14.406,0.668897,-0.412945,0.977384
18-Jan-2025 14:38:14.422,0.690278,-0.260229,1.074512
18-Jan-2025 14:38:14.438,0.711658,-0.039095,1.018312
18-Jan-2025 14:38:14.454,0.701273,0.095906,1.058019
18-Jan-2025 14:38:14.470,0.701884,0.268781,1.126436
18-Jan-2025 14:38:14.486,0.436769,0.094073,1.147205
18-Jan-2025 14:38:14.502,-0.094073,-0.257174,1.118494
18-Jan-2025 14:38:14.518,-0.620028,-0.407447,1.09406
18-Jan-2025 14:38:14.534,-0.618806,-0.420886,1.054353
18-Jan-2025 14:38:14.550,-0.426995,-0.616974,0.826501
18-Jan-2025 14:38:14.567,-0.392175,-0.566272,0.574213
18-Jan-2025 14:38:14.582,-0.605367,-0.62125,0.442877
18-Jan-2025 14:38:14.599,-0.668287,-0.52229,0.36041
18-Jan-2025 14:38:14.615,-0.514349,-0.435547,0.295659
18-Jan-2025 14:38:14.630,-0.292604,-0.38851,0.226631
18-Jan-2025 14:38:14.647,-0.050702,-0.209527,0.08491
18-Jan-2025 14:38:14.663,0.004887,-0.074526,0.012828
18-Jan-2025 14:38:14.679,-0.029322,-0.010996,-0.016493
18-Jan-2025 14:38:14.695,-0.131947,0.020769,0.016493
18-Jan-2025 14:38:14.711,-0.189979,0.027489,0.059254
18-Jan-2025 14:38:14.727,-0.226631,0.089186,0.104458
18-Jan-2025 14:38:14.743,-0.239459,0.147219,0.119119
18-Jan-2025 14:38:14.759,-0.276722,0.140499,0.076969
18-Jan-2025 14:38:14.775,-0.342695,0.111788,-0.000611
18-Jan-2025 14:38:14.791,-0.400728,0.055589,-0.125227
18-Jan-2025 14:38:14.808,-0.37385,0.032376,-0.223577
18-Jan-2025 14:38:14.823,-0.257785,0.073915,-0.304211
18-Jan-2025 14:38:14.839,-0.142942,0.074526,-0.329256
18-Jan-2025 14:38:14.856,-0.073304,-0.078191,-0.352469
18-Jan-2025 14:38:14.871,-0.080634,-0.172875,-0.392175
18-Jan-2025 14:38:14.888,-0.128282,-0.097128,-0.431882
18-Jan-2025 14:38:14.904,-0.152716,-0.008552,-0.492968
18-Jan-2025 14:38:14.920,-0.121562,-0.032376,-0.538172
18-Jan-2025 14:38:14.936,-0.025045,-0.104458,-0.574213
18-Jan-2025 14:38:14.952,0.045204,-0.139888,-0.602313
18-Jan-2025 14:38:14.968,0.098349,-0.160658,-0.679893
18-Jan-2025 14:38:14.984,0.117286,-0.177762,-0.74098
18-Jan-2025 14:38:15.000,0.145386,-0.270002,-0.788016
18-Jan-2025 14:38:15.016,0.167988,-0.39523,-0.817338
18-Jan-2025 14:38:15.032,0.178373,-0.488081,-0.831998
18-Jan-2025 14:38:15.049,0.152716,-0.573602,-0.815505
18-Jan-2025 14:38:15.065,0.111788,-0.579711,-0.801455
18-Jan-2025 14:38:15.080,0.072693,-0.554666,-0.798401
18-Jan-2025 14:38:15.097,0.034208,-0.532674,-0.799623
18-Jan-2025 14:38:15.113,0.000611,-0.384845,-0.784962
18-Jan-2025 14:38:15.129,0.003665,-0.280998,-0.789238
18-Jan-2025 14:38:15.145,0.003054,-0.166766,-0.853379
18-Jan-2025 14:38:15.161,0,-0.118508,-0.937678
18-Jan-2025 14:38:15.177,0.020159,-0.023213,-1.075123
18-Jan-2025 14:38:15.193,0.066584,0.088575,-1.160644
18-Jan-2025 14:38:15.209,0.200975,0.12706,-1.216233
18-Jan-2025 14:38:15.225,0.499688,0.202807,-1.261437
18-Jan-2025 14:38:15.241,0.527788,0.285274,-1.187522
18-Jan-2025 14:38:15.257,0.210138,0.224798,-1.010371
18-Jan-2025 14:38:15.273,-0.02138,0.163712,-0.927904
18-Jan-2025 14:38:15.290,-0.297491,0.373239,-0.888198
18-Jan-2025 14:38:15.306,-0.40928,0.571159,-0.863763
18-Jan-2025 14:38:15.321,-0.404393,0.821614,-0.819781
18-Jan-2025 14:38:15.338,-0.364076,0.977995,-0.820392
18-Jan-2025 14:38:15.354,-0.258396,1.012204,-0.849103
18-Jan-2025 14:38:15.370,-0.099571,1.017702,-0.877203
18-Jan-2025 14:38:15.386,0.065973,1.07329,-0.882089
18-Jan-2025 14:38:15.402,0.24007,1.192409,-0.882089
18-Jan-2025 14:38:15.418,0.318872,1.233948,-0.841772
18-Jan-2025 14:38:15.434,0.338419,1.372614,-0.688445
18-Jan-2025 14:38:15.451,0.290161,1.472796,-0.499077
18-Jan-2025 14:38:15.466,0.138056,1.516168,-0.291994
18-Jan-2025 14:38:15.482,0.01405,1.387275,-0.14111
18-Jan-2025 14:38:15.499,-0.166155,1.111164,0.324369
18-Jan-2025 14:38:15.515,-0.281609,1.093449,0.513127
18-Jan-2025 14:38:15.531,-0.337198,1.144151,0.554666
18-Jan-2025 14:38:15.547,-0.295659,1.1863,0.475864
18-Jan-2025 14:38:15.563,-0.223577,1.230893,0.36713
18-Jan-2025 14:38:15.579,-0.118508,1.225396,0.262672
18-Jan-2025 14:38:15.595,-0.026878,1.319469,0.22602
18-Jan-2025 14:38:15.611,0.015272,1.342682,0.161879
18-Jan-2025 14:38:15.627,0.006109,1.324967,0.130725
18-Jan-2025 14:38:15.643,-0.069028,1.202183,0.177151
18-Jan-2025 14:38:15.659,-0.122173,1.05924,0.226631
18-Jan-2025 14:38:15.675,-0.147829,0.874759,0.24679
18-Jan-2025 14:38:15.692,-0.149051,0.822225,0.256563
18-Jan-2025 14:38:15.707,-0.090408,0.75564,0.364687
18-Jan-2025 14:38:15.724,-0.029322,0.651793,0.403782
18-Jan-2025 14:38:15.740,0.040317,0.568716,0.43738
18-Jan-2025 14:38:15.756,0.152105,0.452651,0.425773
18-Jan-2025 14:38:15.772,0.262672,0.361632,0.336587
18-Jan-2025 14:38:15.788,0.410501,0.149662,0.363465
18-Jan-2025 14:38:15.804,0.431882,-0.106291,0.356745
18-Jan-2025 14:38:15.820,0.354302,-0.274278,0.295659
18-Jan-2025 14:38:15.836,0.254731,-0.408058,0.200975
18-Jan-2025 14:38:15.852,0.25412,-0.496633,0.086132
18-Jan-2025 14:38:15.868,0.415999,-0.531453,0.192423
18-Jan-2025 14:38:15.884,0.711658,-0.454484,0.364687
18-Jan-2025 14:38:15.900,0.825279,-0.50091,0.39523
18-Jan-2025 14:38:15.916,0.672563,-0.645074,0.357967
18-Jan-2025 14:38:15.933,0.308487,-0.695165,0.3036
18-Jan-2025 14:38:15.949,-0.117897,-0.739758,0.235183
18-Jan-2025 14:38:15.965,-0.412945,-0.993878,0.168599
18-Jan-2025 14:38:15.981,-0.387289,-1.359175,0.150884
18-Jan-2025 14:38:15.997,-0.16249,-1.692708,0.075747
18-Jan-2025 14:38:16.013,0.013439,-1.67316,0.074526
18-Jan-2025 14:38:16.029,0.14111,-1.451416,0.073304
18-Jan-2025 14:38:16.045,0.283441,-1.379945,0.103847
18-Jan-2025 14:38:16.061,0.555887,-1.219287,0.14844
18-Jan-2025 14:38:16.077,0.770301,-1.092227,0.053145
18-Jan-2025 14:38:16.093,0.704328,-1.058019,-0.244346
18-Jan-2025 14:38:16.109,0.543059,-1.182024,-0.386678
18-Jan-2025 14:38:16.125,0.37385,-1.258382,-0.462425
18-Jan-2025 14:38:16.141,0.139888,-1.208291,-0.431882
18-Jan-2025 14:38:16.157,-0.042761,-1.161866,-0.203418
18-Jan-2025 14:38:16.174,-0.221744,-1.029308,0.078802
18-Jan-2025 14:38:16.189,-0.243124,-0.996321,0.172875
18-Jan-2025 14:38:16.206,-0.140499,-0.87537,0.142332
18-Jan-2025 14:38:16.222,-0.023213,-0.736704,0.045204
18-Jan-2025 14:38:16.238,0.108734,-0.468534,-0.113621
18-Jan-2025 14:38:16.254,0.146608,-0.317039,-0.215635
18-Jan-2025 14:38:16.270,0.082467,-0.239459,-0.323148
18-Jan-2025 14:38:16.286,-0.031765,-0.137445,-0.23274
18-Jan-2025 14:38:16.302,-0.117286,-0.109345,-0.280387
18-Jan-2025 14:38:16.318,-0.194866,0.050091,-0.241903
18-Jan-2025 14:38:16.335,-0.229685,0.132558,-0.207694
18-Jan-2025 14:38:16.350,-0.187536,0.177762,-0.187536
18-Jan-2025 14:38:16.366,-0.114843,0.227242,-0.21197
18-Jan-2025 14:38:16.383,-0.059865,0.35308,-0.258396
18-Jan-2025 14:38:16.399,-0.038485,0.398284,-0.29627
18-Jan-2025 14:38:16.415,-0.02138,0.399506,-0.362854
18-Jan-2025 14:38:16.431,0.017715,0.382402,-0.40256
18-Jan-2025 14:38:16.447,0.229074,0.262672,-0.420886
18-Jan-2025 14:38:16.463,0.355524,0.326813,-0.406836
18-Jan-2025 14:38:16.479,0.252898,0.451429,-0.331089
18-Jan-2025 14:38:16.495,-0.175318,0.442877,-0.270002
18-Jan-2025 14:38:16.511,-0.370184,0.414167,-0.237016
18-Jan-2025 14:38:16.527,-0.384234,0.627359,-0.166766
18-Jan-2025 14:38:16.543,-0.301767,0.973719,-0.07086
18-Jan-2025 14:38:16.559,-0.276722,1.167974,-0.043982
18-Jan-2025 14:38:16.576,-0.315206,1.154535,-0.069639
18-Jan-2025 14:38:16.591,-0.370795,1.145372,-0.111177
18-Jan-2025 14:38:16.608,-0.386067,1.173472,-0.117286
18-Jan-2025 14:38:16.624,-0.288939,1.207681,-0.086132
18-Jan-2025 14:38:16.640,-0.156992,1.189965,-0.061087
18-Jan-2025 14:38:16.656,-0.051313,1.148427,-0.058643
18-Jan-2025 14:38:16.672,-0.023213,1.164309,0.0562
18-Jan-2025 14:38:16.688,-0.043982,1.069625,0.043982
18-Jan-2025 14:38:16.704,-0.097128,0.959058,-0.045815
18-Jan-2025 14:38:16.720,-0.166155,1.00243,0.0281
18-Jan-2025 14:38:16.736,-0.270613,0.98105,0.142332
18-Jan-2025 14:38:16.752,-0.329256,0.915687,0.173486
18-Jan-2025 14:38:16.768,-0.33903,0.926072,0.172264
18-Jan-2025 14:38:16.783,-0.280998,1.017091,0.169821
18-Jan-2025 14:38:16.800,-0.169821,1.05863,0.146608
18-Jan-2025 14:38:16.817,-0.07086,0.978606,0.122173
18-Jan-2025 14:38:16.833,0.020769,0.908967,0.108734
18-Jan-2025 14:38:16.849,0.058032,0.902248,0.137445
18-Jan-2025 14:38:16.865,0.029932,0.893696,0.207083
18-Jan-2025 14:38:16.881,-0.069028,0.788016,0.298713
18-Jan-2025 14:38:16.897,-0.166155,0.717156,0.325591
18-Jan-2025 14:38:16.913,-0.237627,0.646295,0.309709
18-Jan-2025 14:38:16.929,-0.239459,0.616363,0.237627
18-Jan-2025 14:38:16.945,-0.185703,0.694554,0.243124
18-Jan-2025 14:38:16.961,-0.15516,0.80512,0.290161
18-Jan-2025 14:38:16.977,-0.111177,0.80512,0.332922
18-Jan-2025 14:38:16.993,-0.051924,0.745256,0.323148
18-Jan-2025 14:38:17.009,0.038485,0.695165,0.295659
18-Jan-2025 14:38:17.025,0.211359,0.620639,0.220522
18-Jan-2025 14:38:17.041,0.351858,0.577879,0.160047
18-Jan-2025 14:38:17.058,0.447764,0.552833,0.122173
18-Jan-2025 14:38:17.073,0.442877,0.521679,0.122784
18-Jan-2025 14:38:17.089,0.410501,0.450819,0.189368
18-Jan-2025 14:38:17.106,0.364687,0.394008,0.276111
18-Jan-2025 14:38:17.122,0.335365,0.288939,0.383013
18-Jan-2025 14:38:17.138,0.392175,0.215635,0.48747
18-Jan-2025 14:38:17.154,0.48747,0.081856,0.567494
18-Jan-2025 14:38:17.170,0.567494,-0.009774,0.626137
18-Jan-2025 14:38:17.186,0.596815,-0.090408,0.587041
18-Jan-2025 14:38:17.202,0.335976,-0.22602,0.308487
18-Jan-2025 14:38:17.218,0,-0.315817,0.155771
18-Jan-2025 14:38:17.234,-0.278555,-0.325591,0.136834
18-Jan-2025 14:38:17.250,-0.291994,-0.281609,0.097738
18-Jan-2025 14:38:17.266,-0.142332,-0.262672,-0.015882
18-Jan-2025 14:38:17.283,-0.036652,-0.284663,-0.089797
18-Jan-2025 14:38:17.299,0.013439,-0.253509,-0.120951
18-Jan-2025 14:38:17.315,0.080023,-0.199753,-0.15516
18-Jan-2025 14:38:17.331,0.314596,-0.155771,-0.276722
18-Jan-2025 14:38:17.347,0.512516,-0.095295,-0.337808
18-Jan-2025 14:38:17.363,0.632246,-0.038485,-0.358578
18-Jan-2025 14:38:17.379,0.552833,0,-0.304211
18-Jan-2025 14:38:17.395,0.313374,-0.079412,-0.18326
18-Jan-2025 14:38:17.411,-0.058032,-0.08491,0.058032
18-Jan-2025 14:38:17.427,-0.238237,-0.006109,0.211359
18-Jan-2025 14:38:17.443,-0.392786,0.196699,0.09163
18-Jan-2025 14:38:17.460,-0.464868,0.305433,-0.124617
18-Jan-2025 14:38:17.475,-0.509462,0.346971,-0.100793
18-Jan-2025 14:38:17.491,-0.511905,0.43738,-0.007941
18-Jan-2025 14:38:17.507,-0.427606,0.61453,0.08491
18-Jan-2025 14:38:17.523,-0.333532,0.699441,0.088575
18-Jan-2025 14:38:17.540,-0.235183,0.679282,0.002443
18-Jan-2025 14:38:17.556,-0.194866,0.679893,-0.081856
18-Jan-2025 14:38:17.572,-0.212581,0.81184,-0.144775
18-Jan-2025 14:38:17.588,-0.260839,0.937678,-0.174707
18-Jan-2025 14:38:17.604,-0.249844,0.946841,-0.158214
18-Jan-2025 14:38:17.620,-0.180816,0.987158,-0.117286
18-Jan-2025 14:38:17.636,-0.125227,1.033584,-0.088575
18-Jan-2025 14:38:17.652,-0.050702,1.159422,-0.108123
18-Jan-2025 14:38:17.668,0.004887,1.250441,-0.144775
18-Jan-2025 14:38:17.684,0.071471,1.351234,-0.213803
18-Jan-2025 14:38:17.701,0.103847,1.377501,-0.263283
18-Jan-2025 14:38:17.716,0.073304,1.443475,-0.304211
18-Jan-2025 14:38:17.732,0.050702,1.507005,-0.335365
18-Jan-2025 14:38:17.749,0.076358,1.563815,-0.349415
18-Jan-2025 14:38:17.765,0.139888,1.677436,-0.39523
18-Jan-2025 14:38:17.781,0.240681,1.739133,-0.408058
18-Jan-2025 14:38:17.797,0.399506,1.824654,-0.425773
18-Jan-2025 14:38:17.813,0.350026,1.954158,-0.445321
18-Jan-2025 14:38:17.829,0.071471,2.04029,-0.401338
18-Jan-2025 14:38:17.845,-0.127671,2.000584,-0.346361
18-Jan-2025 14:38:17.861,-0.312763,2.083661,-0.338419
18-Jan-2025 14:38:17.877,-0.422108,2.186287,-0.353691
18-Jan-2025 14:38:17.893,-0.48747,2.206445,-0.354302
18-Jan-2025 14:38:17.909,-0.538172,2.147191,-0.334754
18-Jan-2025 14:38:17.925,-0.603535,2.154522,-0.313374
18-Jan-2025 14:38:17.942,-0.629191,2.241875,-0.279165
18-Jan-2025 14:38:17.958,-0.603535,2.257147,-0.280387
18-Jan-2025 14:38:17.974,-0.602313,2.267532,-0.323759
18-Jan-2025 14:38:17.989,-0.641409,2.270586,-0.361632
18-Jan-2025 14:38:18.005,-0.675006,2.242486,-0.375071
18-Jan-2025 14:38:18.022,-0.679282,2.213165,-0.356134
18-Jan-2025 14:38:18.038,-0.682947,2.14597,-0.325591
18-Jan-2025 14:38:18.054,-0.670119,2.092824,-0.286496
18-Jan-2025 14:38:18.070,-0.624915,2.023797,-0.221744
18-Jan-2025 14:38:18.086,-0.582765,2.006692,-0.191812
18-Jan-2025 14:38:18.102,-0.54367,2.052507,-0.182038
18-Jan-2025 14:38:18.118,-0.467312,2.158187,-0.161268
18-Jan-2025 14:38:18.134,-0.406836,2.240043,-0.143553
18-Jan-2025 14:38:18.150,-0.362854,2.262034,-0.164323
18-Jan-2025 14:38:18.166,-0.351858,2.258369,-0.202196
18-Jan-2025 14:38:18.183,-0.32498,2.288301,-0.220522
18-Jan-2025 14:38:18.199,-0.298102,2.299297,-0.222355
18-Jan-2025 14:38:18.215,-0.230907,2.323121,-0.211359
18-Jan-2025 14:38:18.231,-0.202807,2.289523,-0.205862
18-Jan-2025 14:38:18.247,-0.22602,2.204002,-0.19792
18-Jan-2025 14:38:18.263,-0.259618,2.175291,-0.167988
18-Jan-2025 14:38:18.279,-0.307265,2.161852,-0.130725
18-Jan-2025 14:38:18.295,-0.361632,2.056783,-0.079412
18-Jan-2025 14:38:18.311,-0.378736,1.92056,-0.031765
18-Jan-2025 14:38:18.327,-0.395841,1.751351,0.020769
18-Jan-2025 14:38:18.343,-0.408669,1.662775,0.037874
18-Jan-2025 14:38:18.359,-0.387899,1.686599,0.073915
18-Jan-2025 14:38:18.375,-0.311541,1.892461,0.098349
18-Jan-2025 14:38:18.392,-0.156992,2.257147,0.10568
18-Jan-2025 14:38:18.407,-0.06353,2.291966,0.07025
18-Jan-2025 14:38:18.424,-0.064141,2.184454,0.00672
18-Jan-2025 14:38:18.440,-0.122784,2.147802,-0.040928
18-Jan-2025 14:38:18.456,-0.153327,2.119092,-0.069639
18-Jan-2025 14:38:18.472,-0.136834,2.059838,-0.099571
18-Jan-2025 14:38:18.488,-0.14111,2.01891,-0.116675
18-Jan-2025 14:38:18.504,-0.210138,1.992642,-0.097128
18-Jan-2025 14:38:18.520,-0.279776,1.941941,-0.054367
18-Jan-2025 14:38:18.536,-0.315817,1.80755,0.034208
18-Jan-2025 14:38:18.552,-0.314596,1.771509,0.075136
18-Jan-2025 14:38:18.568,-0.29627,1.755016,0.086743
18-Jan-2025 14:38:18.585,-0.284052,1.743409,0.069028
18-Jan-2025 14:38:18.600,-0.24679,1.712866,0.054978
18-Jan-2025 14:38:18.616,-0.189979,1.685988,0.064752
18-Jan-2025 14:38:18.632,-0.128282,1.646893,0.081245
18-Jan-2025 14:38:18.649,-0.072693,1.613295,0.133779
18-Jan-2025 14:38:18.665,-0.051924,1.599856,0.19792
18-Jan-2025 14:38:18.680,-0.018937,1.542435,0.290772
18-Jan-2025 14:38:18.697,0.020159,1.492955,0.351858
18-Jan-2025 14:38:18.713,0.053145,1.48929,0.380569
18-Jan-2025 14:38:18.729,0.062308,1.508837,0.379958
18-Jan-2025 14:38:18.745,0.095906,1.598024,0.365908
18-Jan-2025 14:38:18.761,0.11973,1.65178,0.422108
18-Jan-2025 14:38:18.777,0.057421,1.632232,0.445321
18-Jan-2025 14:38:18.793,-0.029932,1.579697,0.447153
18-Jan-2025 14:38:18.809,-0.107512,1.522276,0.390343
18-Jan-2025 14:38:18.826,-0.112399,1.452027,0.298713
18-Jan-2025 14:38:18.841,-0.086132,1.34818,0.215635
18-Jan-2025 14:38:18.857,-0.090408,1.185079,0.113621
18-Jan-2025 14:38:18.874,-0.135001,1.113607,0.043982
18-Jan-2025 14:38:18.890,-0.200975,1.092838,-0.023213
18-Jan-2025 14:38:18.906,-0.21197,1.106277,-0.006109
18-Jan-2025 14:38:18.922,-0.136223,1.122159,0.04215
18-Jan-2025 14:38:18.938,-0.011606,1.167364,0.104458
18-Jan-2025 14:38:18.954,0.135001,1.243111,0.189979
18-Jan-2025 14:38:18.970,0.106291,1.25655,0.199753
18-Jan-2025 14:38:18.986,-0.034208,1.177748,0.164323
18-Jan-2025 14:38:19.002,-0.25412,1.061073,0.140499
18-Jan-2025 14:38:19.018,-0.405615,1.086118,0.21197
18-Jan-2025 14:38:19.034,-0.593761,1.2425,0.29627
18-Jan-2025 14:38:19.050,-0.67806,1.346347,0.364076
18-Jan-2025 14:38:19.067,-0.690278,1.458746,0.436769
18-Jan-2025 14:38:19.082,-0.627359,1.449583,0.441045
18-Jan-2025 14:38:19.098,-0.525344,1.378112,0.442266
18-Jan-2025 14:38:19.115,-0.445321,1.367727,0.430049
18-Jan-2025 14:38:19.131,-0.358578,1.359175,0.359189
18-Jan-2025 14:38:19.147,-0.31032,1.304808,0.288939
18-Jan-2025 14:38:19.163,-0.31093,1.229672,0.219301
18-Jan-2025 14:38:19.179,-0.389121,1.123992,0.15516
18-Jan-2025 14:38:19.195,-0.453262,1.031751,0.150273
18-Jan-2025 14:38:19.211,-0.489914,0.853379,0.166155
18-Jan-2025 14:38:19.227,-0.46609,0.717156,0.186925
18-Jan-2025 14:38:19.243,-0.355524,0.613309,0.207083
18-Jan-2025 14:38:19.259,-0.263283,0.546724,0.194255
18-Jan-2025 14:38:19.275,-0.19059,0.394008,0.135001
18-Jan-2025 14:38:19.291,-0.186925,0.243735,0.096517
18-Jan-2025 14:38:19.308,-0.194255,0.048869,0.073304
18-Jan-2025 14:38:19.324,-0.180816,-0.043371,0.078802
18-Jan-2025 14:38:19.340,-0.142942,-0.125838,0.075747
18-Jan-2025 14:38:19.355,-0.071471,-0.165544,0.018326
18-Jan-2025 14:38:19.372,-0.011606,-0.200975,-0.073915
18-Jan-2025 14:38:19.388,0.051924,-0.296881,-0.244957
18-Jan-2025 14:38:19.404,0.114843,-0.3036,-0.256563
18-Jan-2025 14:38:19.420,0.220522,-0.21197,-0.255342
18-Jan-2025 14:38:19.436,0.278555,-0.191812,-0.3036
18-Jan-2025 14:38:19.451,0.238237,-0.202807,-0.343306
18-Jan-2025 14:38:19.468,0.130725,-0.208916,-0.414777
18-Jan-2025 14:38:19.484,0.095295,-0.168599,-0.454484
18-Jan-2025 14:38:19.500,0.17654,-0.13439,-0.439212
18-Jan-2025 14:38:19.516,0.257785,-0.115454,-0.445321
18-Jan-2025 14:38:19.532,0.300546,-0.100793,-0.46609
18-Jan-2025 14:38:19.549,0.317039,-0.078802,-0.451429
18-Jan-2025 14:38:19.565,0.38118,-0.139888,-0.450819
18-Jan-2025 14:38:19.581,0.48686,-0.20464,-0.512516
18-Jan-2025 14:38:19.597,0.572992,-0.221744,-0.52962
18-Jan-2025 14:38:19.613,0.511294,-0.223577,-0.468534
18-Jan-2025 14:38:19.629,0.364076,-0.309709,-0.31032
18-Jan-2025 14:38:19.645,0.232129,-0.337198,-0.203418
18-Jan-2025 14:38:19.661,0.103236,-0.191812,-0.141721
18-Jan-2025 14:38:19.677,0.095295,-0.009163,-0.165544
18-Jan-2025 14:38:19.693,0.091019,0.156992,-0.220522
18-Jan-2025 14:38:19.709,0.11973,0.259618,-0.109345
18-Jan-2025 14:38:19.725,0.100182,0.349415,0.065973
18-Jan-2025 14:38:19.741,-0.02138,0.43738,0.129503
18-Jan-2025 14:38:19.757,-0.089797,0.342085,0.127671
18-Jan-2025 14:38:19.772,-0.07758,0.036041,0.118508
18-Jan-2025 14:38:19.790,-0.075747,0.03543,0.178984
18-Jan-2025 14:38:19.806,-0.003665,0.131336,0.31093
18-Jan-2025 14:38:19.822,0.027489,0.245568,0.397062
18-Jan-2025 14:38:19.838,-0.07086,0.43738,0.28955
18-Jan-2025 14:38:19.854,-0.164323,0.52229,0.086743
18-Jan-2025 14:38:19.870,-0.235794,0.412334,0.233961
18-Jan-2025 14:38:19.886,-0.200975,0.429438,0.313374
18-Jan-2025 14:38:19.902,-0.117897,0.467923,0.284052
18-Jan-2025 14:38:19.918,-0.026267,0.460592,0.174707
18-Jan-2025 14:38:19.934,0.004887,0.363465,0.081856
18-Jan-2025 14:38:19.950,0.018326,0.239459,-0.009163
18-Jan-2025 14:38:19.966,0.032987,0.19792,0.009163
18-Jan-2025 14:38:19.982,0.047037,0.13439,0.07025
18-Jan-2025 14:38:19.998,0.042761,0.059865,0.108734
18-Jan-2025 14:38:20.014,0.006109,-0.076358,0.12706
18-Jan-2025 14:38:20.031,-0.025045,-0.171042,0.117286
18-Jan-2025 14:38:20.047,-0.029932,-0.263283,0.122173
18-Jan-2025 14:38:20.063,-0.005498,-0.406836,0.143553
18-Jan-2025 14:38:20.079,0.026267,-0.472199,0.147219
18-Jan-2025 14:38:20.095,0.135001,-0.481973,0.185703
18-Jan-2025 14:38:20.111,0.227242,-0.48686,0.238848
18-Jan-2025 14:38:20.127,0.281609,-0.52962,0.280387
18-Jan-2025 14:38:20.143,0.286496,-0.544892,0.284052
18-Jan-2025 14:38:20.159,0.273668,-0.563218,0.282831
18-Jan-2025 14:38:20.175,0.255342,-0.598648,0.299324
18-Jan-2025 14:38:20.192,0.230296,-0.670119,0.329256
18-Jan-2025 14:38:20.207,0.185703,-0.682947,0.343306
18-Jan-2025 14:38:20.223,0.147219,-0.689056,0.315206
18-Jan-2025 14:38:20.240,0.193644,-0.701273,0.229685
18-Jan-2025 14:38:20.256,0.308487,-0.695165,0.167988
18-Jan-2025 14:38:20.272,0.455705,-0.690278,0.122784
18-Jan-2025 14:38:20.288,0.441656,-0.688445,0.136834
18-Jan-2025 14:38:20.304,0.185092,-0.646295,0.296881
18-Jan-2025 14:38:20.320,-0.185092,-0.483805,0.281609
18-Jan-2025 14:38:20.336,-0.56505,-0.568716,0.050702
18-Jan-2025 14:38:20.352,-0.588874,-0.704938,0.007941
18-Jan-2025 14:38:20.368,-0.346971,-0.761749,0.124617
18-Jan-2025 14:38:20.384,-0.136834,-0.756251,0.215025
18-Jan-2025 14:38:20.400,-0.00672,-0.856433,0.196699
18-Jan-2025 14:38:20.416,-0.061697,-0.911411,-0.026878
18-Jan-2025 14:38:20.433,-0.135001,-0.78374,-0.279776
18-Jan-2025 14:38:20.448,-0.050091,-0.79779,-0.428827
18-Jan-2025 14:38:20.465,0.058032,-0.856433,-0.398284
18-Jan-2025 14:38:20.481,0.076969,-0.916909,-0.290772
18-Jan-2025 14:38:20.497,-0.0562,-1.017702,-0.235183
18-Jan-2025 14:38:20.513,-0.356134,-1.072068,-0.188147
18-Jan-2025 14:38:20.529,-0.551,-0.977995,-0.208305
18-Jan-2025 14:38:20.545,-0.581544,-0.857044,-0.234572
18-Jan-2025 14:38:20.561,-0.492968,-0.709825,-0.241292
18-Jan-2025 14:38:20.577,-0.404393,-0.576657,-0.2474
18-Jan-2025 14:38:20.593,-0.2755,-0.513738,-0.225409
18-Jan-2025 14:38:20.609,-0.16249,-0.450819,-0.198531
18-Jan-2025 14:38:20.625,0.016493,-0.368352,-0.18387
18-Jan-2025 14:38:20.641,0.098349,-0.318872,-0.212581
18-Jan-2025 14:38:20.657,0.076969,-0.279165,-0.301767
18-Jan-2025 14:38:20.674,0.006109,-0.243124,-0.357967
18-Jan-2025 14:38:20.689,-0.059254,-0.174097,-0.372017
18-Jan-2025 14:38:20.705,-0.040317,-0.170431,-0.350637
18-Jan-2025 14:38:20.721,0.020769,-0.106901,-0.304211
18-Jan-2025 14:38:20.738,0.057421,-0.081245,-0.266337
18-Jan-2025 14:38:20.754,0.02138,-0.017104,-0.229074
18-Jan-2025 14:38:20.770,-0.010385,-0.0562,-0.213192
18-Jan-2025 14:38:20.786,-0.025045,-0.031765,-0.212581
18-Jan-2025 14:38:20.802,0.00672,-0.054367,-0.21869
18-Jan-2025 14:38:20.818,0.033598,-0.0562,-0.205251
18-Jan-2025 14:38:20.834,0.050091,-0.010996,-0.213192
18-Jan-2025 14:38:20.850,0.062919,-0.01405,-0.276111
18-Jan-2025 14:38:20.866,0.065363,-0.003054,-0.350026
18-Jan-2025 14:38:20.882,0.05681,-0.00733,-0.37385
18-Jan-2025 14:38:20.898,0.030543,-0.014661,-0.387899
18-Jan-2025 14:38:20.915,-0.002443,0.02138,-0.382402
18-Jan-2025 14:38:20.930,-0.0281,0.079412,-0.370184
18-Jan-2025 14:38:20.947,0.07025,0.04948,-0.368963
18-Jan-2025 14:38:20.963,0.284663,-0.03543,-0.355524
18-Jan-2025 14:38:20.979,0.471588,0.053756,-0.315206
18-Jan-2025 14:38:20.995,0.371406,0.147219,-0.301157
18-Jan-2025 14:38:21.011,0.130114,0.106901,-0.313985
18-Jan-2025 14:38:21.027,0.025656,0.174707,-0.329867
18-Jan-2025 14:38:21.043,-0.022602,0.335365,-0.260839
18-Jan-2025 14:38:21.059,-0.039095,0.54367,-0.174707
18-Jan-2025 14:38:21.075,-0.058643,0.723264,-0.079412
18-Jan-2025 14:38:21.091,-0.026878,0.689056,-0.048258
18-Jan-2025 14:38:21.107,0.050091,0.561385,-0.062919
18-Jan-2025 14:38:21.123,0.130725,0.47281,-0.074526
18-Jan-2025 14:38:21.139,0.186925,0.432493,-0.0281
18-Jan-2025 14:38:21.156,0.232129,0.400117,0.020769
18-Jan-2025 14:38:21.171,0.198531,0.412945,0.045204
18-Jan-2025 14:38:21.187,0.159436,0.472199,0.11973
18-Jan-2025 14:38:21.204,0.060476,0.392175,0.224798
18-Jan-2025 14:38:21.220,-0.062919,0.348804,0.415388
18-Jan-2025 14:38:21.236,-0.160047,0.25412,0.493579
18-Jan-2025 14:38:21.252,-0.24679,0.180816,0.491747
18-Jan-2025 14:38:21.268,-0.214414,0.108123,0.467923
18-Jan-2025 14:38:21.284,-0.158825,-0.009163,0.491136
18-Jan-2025 14:38:21.300,-0.074526,-0.120951,0.505796
18-Jan-2025 14:38:21.316,-0.078191,-0.217468,0.475864
18-Jan-2025 14:38:21.332,-0.071471,-0.17654,0.387289
18-Jan-2025 14:38:21.348,-0.032987,-0.184481,0.334754
18-Jan-2025 14:38:21.364,-0.015882,-0.21197,0.263283
18-Jan-2025 14:38:21.380,-0.045204,-0.219301,0.235794
18-Jan-2025 14:38:21.397,-0.074526,-0.212581,0.270002
18-Jan-2025 14:38:21.412,-0.064752,-0.208916,0.302989
18-Jan-2025 14:38:21.429,-0.000611,-0.052534,0.136834
18-Jan-2025 14:38:21.444,0.253509,0.400117,-0.188147
18-Jan-2025 14:38:21.461,0.185092,0.127671,-0.146608
18-Jan-2025 14:38:21.477,-0.102625,-0.244957,0.116064
18-Jan-2025 14:38:21.493,-0.068417,-0.2755,0.153327
18-Jan-2025 14:38:21.509,-0.013439,-0.287718,0.036652
18-Jan-2025 14:38:21.525,0.059254,-0.291994,-0.009774
18-Jan-2025 14:38:21.541,0.189979,-0.298713,0.003054
18-Jan-2025 14:38:21.557,0.244957,-0.343306,0.028711
18-Jan-2025 14:38:21.573,0.250455,-0.409891,0.064752
18-Jan-2025 14:38:21.589,0.222966,-0.454484,0.094684
18-Jan-2025 14:38:21.605,0.179594,-0.538783,0.127671
18-Jan-2025 14:38:21.622,0.219911,-0.530842,0.174707
18-Jan-2025 14:38:21.638,0.321926,-0.566883,0.2474
18-Jan-2025 14:38:21.653,0.396452,-0.563829,0.266337
18-Jan-2025 14:38:21.669,0.480751,-0.511905,0.252287
18-Jan-2025 14:38:21.686,0.549168,-0.553444,0.22602
18-Jan-2025 14:38:21.702,0.534507,-0.656069,0.265726
18-Jan-2025 14:38:21.718,0.371406,-0.844827,0.392786
18-Jan-2025 14:38:21.734,0.175929,-0.988991,0.346971
18-Jan-2025 14:38:21.750,-0.012828,-1.073901,0.04948
18-Jan-2025 14:38:21.766,-0.059865,-1.186911,0.002443
18-Jan-2025 14:38:21.782,-0.079412,-1.240667,0
18-Jan-2025 14:38:21.798,-0.04215,-1.251052,-0.010385
18-Jan-2025 14:38:21.814,0.07086,-1.2706,-0.024435
18-Jan-2025 14:38:21.830,0.284052,-1.210735,-0.102625
18-Jan-2025 14:38:21.846,0.379347,-1.197907,-0.178984
18-Jan-2025 14:38:21.862,0.352469,-1.254717,-0.25412
18-Jan-2025 14:38:21.879,0.218079,-1.263269,-0.260229
18-Jan-2025 14:38:21.894,0.064141,-1.219898,-0.302989
18-Jan-2025 14:38:21.910,0.037263,-1.237613,-0.340863
18-Jan-2025 14:38:21.927,0.031765,-1.022588,-0.149051
18-Jan-2025 14:38:21.943,-0.015882,-0.902859,0.016493
18-Jan-2025 14:38:21.959,-0.168599,-0.929126,0.069639
18-Jan-2025 14:38:21.975,-0.296881,-0.936456,0.001222
18-Jan-2025 14:38:21.991,-0.311541,-0.836275,-0.011606
18-Jan-2025 14:38:22.007,-0.238848,-0.647517,0.062308
18-Jan-2025 14:38:22.023,-0.175318,-0.50824,0.097738
18-Jan-2025 14:38:22.039,-0.13439,-0.414167,0.073304
18-Jan-2025 14:38:22.055,-0.129503,-0.332922,0.023213
18-Jan-2025 14:38:22.071,-0.117897,-0.171653,-0.044593
18-Jan-2025 14:38:22.087,-0.103236,-0.048869,-0.089186
18-Jan-2025 14:38:22.104,-0.081856,0.09896,-0.138056
18-Jan-2025 14:38:22.119,-0.07025,0.180816,-0.138056
18-Jan-2025 14:38:22.136,-0.043371,0.313985,-0.094684
18-Jan-2025 14:38:22.152,-0.026878,0.399506,-0.07086
18-Jan-2025 14:38:22.168,-0.011606,0.50152,-0.058643
18-Jan-2025 14:38:22.184,-0.010385,0.554055,-0.058032
18-Jan-2025 14:38:22.200,-0.017715,0.505796,-0.07758
18-Jan-2025 14:38:22.216,-0.018326,0.511294,-0.12034
18-Jan-2025 14:38:22.232,-0.005498,0.54367,-0.138666
18-Jan-2025 14:38:22.248,-0.004276,0.58582,-0.142332
18-Jan-2025 14:38:22.264,-0.045815,0.612698,-0.135612
18-Jan-2025 14:38:22.281,-0.09896,0.660345,-0.144164
18-Jan-2025 14:38:22.296,-0.059254,0.68478,-0.177762
18-Jan-2025 14:38:22.312,0.16249,0.766636,-0.255342
18-Jan-2025 14:38:22.329,0.311541,0.887587,-0.285274
18-Jan-2025 14:38:22.345,0.191812,0.929737,-0.274889
18-Jan-2025 14:38:22.361,-0.013439,0.8827,-0.288328
18-Jan-2025 14:38:22.377,-0.163712,0.832609,-0.270613
18-Jan-2025 14:38:22.393,-0.238237,0.964556,-0.229074
18-Jan-2025 14:38:22.409,-0.265726,1.119716,-0.252898
18-Jan-2025 14:38:22.425,-0.280998,1.386053,-0.26817
18-Jan-2025 14:38:22.441,-0.273668,1.528385,-0.270613
18-Jan-2025 14:38:22.457,-0.296881,1.599856,-0.324369
18-Jan-2025 14:38:22.473,-0.308487,1.651169,-0.347582
18-Jan-2025 14:38:22.489,-0.291383,1.593137,-0.331089
18-Jan-2025 14:38:22.505,-0.252287,1.504561,-0.267559
18-Jan-2025 14:38:22.522,-0.223577,1.431868,-0.109956
18-Jan-2025 14:38:22.537,-0.213803,1.476461,-0.151495
18-Jan-2025 14:38:22.554,-0.152716,1.559539,-0.180816
18-Jan-2025 14:38:22.570,-0.128282,1.72997,-0.138666
18-Jan-2025 14:38:22.586,-0.229074,1.803885,-0.059865
18-Jan-2025 14:38:22.602,-0.39523,1.794111,0.052534
18-Jan-2025 14:38:22.618,-0.461814,1.759903,0.108123
18-Jan-2025 14:38:22.634,-0.45204,1.716531,0.155771
18-Jan-2025 14:38:22.650,-0.396452,1.667662,0.189979
18-Jan-2025 14:38:22.666,-0.306043,1.572367,0.201586
18-Jan-2025 14:38:22.682,-0.24679,1.466077,0.18326
18-Jan-2025 14:38:22.698,-0.206472,1.342071,0.156992
18-Jan-2025 14:38:22.714,-0.184481,1.276098,0.16249
18-Jan-2025 14:38:22.730,-0.180205,1.224785,0.199142
18-Jan-2025 14:38:22.746,-0.208305,1.141096,0.259007
18-Jan-2025 14:38:22.763,-0.202196,1.128879,0.291383
18-Jan-2025 14:38:22.779,-0.120951,1.089173,0.320093
18-Jan-2025 14:38:22.794,-0.086132,1.033584,0.338419
18-Jan-2025 14:38:22.811,-0.013439,0.876592,0.346361
18-Jan-2025 14:38:22.826,0.086743,0.833831,0.33903
18-Jan-2025 14:38:22.843,0.221744,0.802066,0.314596
18-Jan-2025 14:38:22.859,0.259007,0.739758,0.307265
18-Jan-2025 14:38:22.875,0.207694,0.646295,0.277944
18-Jan-2025 14:38:22.891,0.18326,0.549168,0.262672
18-Jan-2025 14:38:22.907,0.21197,0.422719,0.277944
18-Jan-2025 14:38:22.923,0.285885,0.326202,0.348804
18-Jan-2025 14:38:22.939,0.332922,0.31032,0.411112
18-Jan-2025 14:38:22.955,0.377515,0.343306,0.455095
18-Jan-2025 14:38:22.971,0.421497,0.365297,0.466701
18-Jan-2025 14:38:22.987,0.420886,0.345139,0.436158
18-Jan-2025 14:38:23.004,0.356745,0.26817,0.38851
18-Jan-2025 14:38:23.020,0.170431,0.178984,0.19792
18-Jan-2025 14:38:23.036,0.000611,0.101404,0.089186
18-Jan-2025 14:38:23.052,-0.082467,-0.0281,0.037263
18-Jan-2025 14:38:23.068,-0.059865,-0.092241,-0.018937
18-Jan-2025 14:38:23.084,-0.05681,-0.106901,-0.087965
18-Jan-2025 14:38:23.100,-0.075747,-0.133169,-0.149662
18-Jan-2025 14:38:23.116,-0.047037,-0.159436,-0.182649
18-Jan-2025 14:38:23.132,0.092241,-0.117286,-0.212581
18-Jan-2025 14:38:23.148,0.252287,-0.042761,-0.237016
18-Jan-2025 14:38:23.165,0.404393,0.102625,-0.282831
18-Jan-2025 14:38:23.180,0.401338,0.16921,-0.320093
18-Jan-2025 14:38:23.197,0.270002,0.194866,-0.328035
18-Jan-2025 14:38:23.213,0.120951,0.210138,-0.335976
18-Jan-2025 14:38:23.229,-0.116064,0.270002,-0.340863
18-Jan-2025 14:38:23.245,-0.256563,0.323759,-0.31765
18-Jan-2025 14:38:23.261,-0.343917,0.401338,-0.231518
18-Jan-2025 14:38:23.277,-0.369573,0.620028,-0.097128
18-Jan-2025 14:38:23.293,-0.346361,0.830166,-0.023213
18-Jan-2025 14:38:23.309,-0.288328,1.048245,0.032376
18-Jan-2025 14:38:23.325,-0.250455,1.151481,0.030543
18-Jan-2025 14:38:23.341,-0.216246,1.275487,-0.003054
18-Jan-2025 14:38:23.357,-0.202807,1.380556,-0.053756
18-Jan-2025 14:38:23.373,-0.187536,1.497231,-0.131947
18-Jan-2025 14:38:23.389,-0.164323,1.597413,-0.144775
18-Jan-2025 14:38:23.406,-0.114843,1.770288,-0.11301
18-Jan-2025 14:38:23.421,-0.07758,1.883908,-0.07086
18-Jan-2025 14:38:23.437,-0.053145,1.969429,-0.033598
18-Jan-2025 14:38:23.453,-0.043982,2.120924,-0.026878
18-Jan-2025 14:38:23.470,-0.059254,2.240654,-0.062308
18-Jan-2025 14:38:23.486,-0.097738,2.365881,-0.139277
18-Jan-2025 14:38:23.502,-0.131947,2.437963,-0.191812
18-Jan-2025 14:38:23.518,-0.165544,2.598621,-0.257174
18-Jan-2025 14:38:23.534,-0.15516,2.742174,-0.308487
18-Jan-2025 14:38:23.550,-0.122173,2.836247,-0.372628
18-Jan-2025 14:38:23.566,-0.015272,2.851519,-0.414777
18-Jan-2025 14:38:23.582,0.175929,2.910162,-0.443488
18-Jan-2025 14:38:23.598,0.163712,2.96514,-0.456316
18-Jan-2025 14:38:23.614,-0.087965,2.949257,-0.470977
18-Jan-2025 14:38:23.630,-0.502742,2.833193,-0.511905
18-Jan-2025 14:38:23.647,-0.686613,2.809369,-0.540616
18-Jan-2025 14:38:23.662,-0.778853,2.85946,-0.532674
18-Jan-2025 14:38:23.678,-0.810007,2.847854,-0.529009
18-Jan-2025 14:38:23.694,-0.879035,2.803871,-0.496023
18-Jan-2025 14:38:23.711,-0.90347,2.747672,-0.461814
18-Jan-2025 14:38:23.727,-0.847881,2.687196,-0.454484
18-Jan-2025 14:38:23.743,-0.784351,2.67559,-0.462425
18-Jan-2025 14:38:23.759,-0.729373,2.716518,-0.447764
18-Jan-2025 14:38:23.775,-0.673173,2.71835,-0.453262
18-Jan-2025 14:38:23.791,-0.636522,2.620001,-0.435547
18-Jan-2025 14:38:23.807,-0.513127,2.480724,-0.343917
18-Jan-2025 14:38:23.823,-0.409891,2.427578,-0.270613
18-Jan-2025 14:38:23.839,-0.33903,2.395813,-0.138056
18-Jan-2025 14:38:23.855,-0.354302,2.360994,-0.031765
18-Jan-2025 14:38:23.872,-0.401949,2.286469,0.11301
18-Jan-2025 14:38:23.888,-0.399506,2.277306,0.21197
18-Jan-2025 14:38:23.904,-0.309709,2.345112,0.306043
18-Jan-2025 14:38:23.920,-0.217468,2.406198,0.320093
18-Jan-2025 14:38:23.936,-0.101404,2.397035,0.297491
18-Jan-2025 14:38:23.952,-0.045815,2.363438,0.265726
18-Jan-2025 14:38:23.968,-0.005498,2.328618,0.251066
18-Jan-2025 14:38:23.984,0.015882,2.292577,0.252898
18-Jan-2025 14:38:24.000,0.04215,2.253482,0.263283
18-Jan-2025 14:38:24.016,0.094073,2.194839,0.280387
18-Jan-2025 14:38:24.032,0.136834,2.123368,0.309709
18-Jan-2025 14:38:24.049,0.144775,2.039068,0.341474
18-Jan-2025 14:38:24.064,0.120951,1.957823,0.355524
18-Jan-2025 14:38:24.080,0.103236,1.855198,0.366519
18-Jan-2025 14:38:24.097,0.07086,1.849089,0.37385
18-Jan-2025 14:38:24.113,-0.015882,1.77945,0.346971
18-Jan-2025 14:38:24.129,-0.083078,1.707368,0.296881
18-Jan-2025 14:38:24.145,-0.123395,1.656056,0.227853
18-Jan-2025 14:38:24.161,-0.116675,1.662164,0.195477
18-Jan-2025 14:38:24.177,-0.103847,1.667051,0.163101
18-Jan-2025 14:38:24.193,-0.076969,1.671327,0.091019
18-Jan-2025 14:38:24.209,-0.054367,1.646282,0.048258
18-Jan-2025 14:38:24.225,-0.040928,1.592526,0.01405
18-Jan-2025 14:38:24.241,-0.021991,1.584584,0
18-Jan-2025 14:38:24.257,0.069639,1.507615,0.043371
18-Jan-2025 14:38:24.273,0.144164,1.328021,0.054367
18-Jan-2025 14:38:24.290,0.210138,1.014036,0.001833
18-Jan-2025 14:38:24.306,0.323759,1.144761,-0.0281
18-Jan-2025 14:38:24.322,0.327424,1.254106,0.00672
18-Jan-2025 14:38:24.338,0.304822,1.315804,0.031765
18-Jan-2025 14:38:24.354,0.208916,1.350623,0.04948
18-Jan-2025 14:38:24.370,0.053756,1.201572,0.07758
18-Jan-2025 14:38:24.386,-0.018326,0.958448,0.106291
18-Jan-2025 14:38:24.402,-0.106291,0.800233,0.114843
18-Jan-2025 14:38:24.418,-0.057421,0.926072,-0.013439
18-Jan-2025 14:38:24.434,0.099571,0.97433,-0.202196
18-Jan-2025 14:38:24.450,0.088575,1.012204,-0.071471
18-Jan-2025 14:38:24.466,0.287718,1.289536,0.155771
18-Jan-2025 14:38:24.482,0.370795,1.133766,0.258396
18-Jan-2025 14:38:24.498,0.350026,0.831998,0.336587
18-Jan-2025 14:38:24.514,0.311541,0.695165,0.375682
18-Jan-2025 14:38:24.531,0.185092,0.64263,0.313985
18-Jan-2025 14:38:24.546,-0.026267,0.586431,0.089797
18-Jan-2025 14:38:24.563,-0.229685,0.409891,0.07758
18-Jan-2025 14:38:24.579,-0.428827,0.3598,0.181427
18-Jan-2025 14:38:24.595,-0.51557,0.240681,0.265726
18-Jan-2025 14:38:24.611,-0.615752,0.061087,0.341474
18-Jan-2025 14:38:24.627,-0.633467,-0.026878,0.377515
18-Jan-2025 14:38:24.642,-0.656069,-0.086132,0.35308
18-Jan-2025 14:38:24.659,-0.431271,-0.09896,0.403782
18-Jan-2025 14:38:24.675,-0.334754,-0.139277,0.440434
18-Jan-2025 14:38:24.692,-0.397673,0.248622,0.396452
18-Jan-2025 14:38:24.707,-0.368963,0.495412,0.285274
18-Jan-2025 14:38:24.723,-0.230296,0.094684,0.197309
18-Jan-2025 14:38:24.740,-0.122173,-0.164934,0.114232
18-Jan-2025 14:38:24.755,-0.135612,-0.205251,-0.067195
18-Jan-2025 14:38:24.772,-0.191812,-0.09896,-0.180816
18-Jan-2025 14:38:24.787,-0.197309,0.132558,-0.293826
18-Jan-2025 14:38:24.804,-0.198531,-0.328035,-0.296881
18-Jan-2025 14:38:24.820,-0.132558,-0.42333,-0.250455
18-Jan-2025 14:38:24.836,-0.154549,-0.401949,-0.240681
18-Jan-2025 14:38:24.852,-0.241292,-0.26817,-0.33903
18-Jan-2025 14:38:24.868,-0.171042,-0.325591,-0.447764
18-Jan-2025 14:38:24.884,-0.062919,-0.503964,-0.569326
18-Jan-2025 14:38:24.900,0.027489,-0.549779,-0.766636
18-Jan-2025 14:38:24.916,0.084299,-0.669508,-0.750753
18-Jan-2025 14:38:24.933,0.044593,-0.51557,-0.582155
18-Jan-2025 14:38:24.949,-0.036041,-0.237016,-0.38851
18-Jan-2025 14:38:24.965,-0.000611,0.067195,-0.156382
18-Jan-2025 14:38:24.981,0.060476,0.12034,-0.106901
18-Jan-2025 14:38:24.997,0.075136,0.048869,-0.198531
18-Jan-2025 14:38:25.013,0.047037,-0.092852,-0.306654
18-Jan-2025 14:38:25.029,0.052534,-0.196088,-0.334143
18-Jan-2025 14:38:25.045,0.053145,-0.168599,-0.306043
18-Jan-2025 14:38:25.061,0.061697,-0.237627,-0.296881
18-Jan-2025 14:38:25.077,0.094684,-0.391565,-0.290161
18-Jan-2025 14:38:25.093,0.167377,-0.530842,-0.329867
18-Jan-2025 14:38:25.109,0.408058,-0.641409,-0.405615
18-Jan-2025 14:38:25.125,0.546724,-0.664011,-0.453873
18-Jan-2025 14:38:25.141,0.528398,-0.835053,-0.495412
18-Jan-2025 14:38:25.157,0.462425,-0.862542,-0.525344
18-Jan-2025 14:38:25.174,0.350026,-0.640187,-0.53634
18-Jan-2025 14:38:25.190,0.278555,-0.448375,-0.55772
18-Jan-2025 14:38:25.206,0.241292,-0.387289,-0.537561
18-Jan-2025 14:38:25.222,0.243124,-0.391565,-0.459982
18-Jan-2025 14:38:25.238,0.224188,-0.098349,-0.36041
18-Jan-2025 14:38:25.254,0.166155,0.246179,-0.325591
18-Jan-2025 14:38:25.270,0.138056,0.377515,-0.150884
18-Jan-2025 14:38:25.286,0.074526,0.54367,0.037263
18-Jan-2025 14:38:25.302,0.111177,0.711047,0.186314
18-Jan-2025 14:38:25.318,0.07086,0.954172,0.317039
18-Jan-2025 14:38:25.335,-0.032987,1.048245,0.375071
18-Jan-2025 14:38:25.350,-0.166766,0.956615,0.366519
18-Jan-2025 14:38:25.366,-0.202807,0.936456,0.372017
18-Jan-2025 14:38:25.382,-0.198531,1.034195,0.381791
18-Jan-2025 14:38:25.399,-0.191812,1.062295,0.394619
18-Jan-2025 14:38:25.415,-0.186314,1.017702,0.425162
18-Jan-2025 14:38:25.431,-0.159436,0.969443,0.481362
18-Jan-2025 14:38:25.447,-0.115454,0.996321,0.554666
18-Jan-2025 14:38:25.463,-0.032987,1.078788,0.64263
18-Jan-2025 14:38:25.479,0.023824,1.08001,0.662178
18-Jan-2025 14:38:25.495,0.065363,1.047023,0.621861
18-Jan-2025 14:38:25.511,0.060476,1.142318,0.567494
18-Jan-2025 14:38:25.527,-0.031765,1.353067,0.387899
18-Jan-2025 14:38:25.543,-0.118508,1.46119,0.244957
18-Jan-2025 14:38:25.559,-0.122173,1.285871,0.153938
18-Jan-2025 14:38:25.576,-0.02138,1.070847,0.191812
18-Jan-2025 14:38:25.591,0.149051,0.799012,0.273057
18-Jan-2025 14:38:25.608,0.236405,0.691499,0.28222
18-Jan-2025 14:38:25.624,0.232129,0.576657,0.326813
18-Jan-2025 14:38:25.640,0.150273,0.532064,0.361021
18-Jan-2025 14:38:25.656,0.138666,0.367741,0.333532
18-Jan-2025 14:38:25.672,0.339641,-0.007941,0.379958
18-Jan-2025 14:38:25.688,0.530231,-0.116064,0.311541
18-Jan-2025 14:38:25.704,0.584598,-0.094684,0.260839
18-Jan-2025 14:38:25.720,0.485027,0.017715,0.295048
18-Jan-2025 14:38:25.736,0.325591,-0.013439,0.350026
18-Jan-2025 14:38:25.752,0.287107,-0.057421,0.332922
18-Jan-2025 14:38:25.768,0.351248,-0.131336,0.353691
18-Jan-2025 14:38:25.784,0.446543,-0.271835,0.376293
18-Jan-2025 14:38:25.800,0.55772,-0.293215,0.401949
18-Jan-2025 14:38:25.817,0.612087,-0.287718,0.426384
18-Jan-2025 14:38:25.833,0.473421,-0.379958,0.435547
18-Jan-2025 14:38:25.849,-0.015272,-0.471588,0.375071
18-Jan-2025 14:38:25.865,-0.411723,-0.39523,0.24679
18-Jan-2025 14:38:25.881,-0.639576,-0.126449,0.014661
18-Jan-2025 14:38:25.897,-0.565661,-0.066584,-0.086743
18-Jan-2025 14:38:25.913,-0.385456,-0.215025,-0.082467
18-Jan-2025 14:38:25.929,-0.320093,-0.332311,-0.054367
18-Jan-2025 14:38:25.945,-0.270613,-0.489914,-0.064752
18-Jan-2025 14:38:25.961,-0.149662,-0.506407,-0.07758
18-Jan-2025 14:38:25.977,0.021991,-0.444099,-0.092241
18-Jan-2025 14:38:25.993,0.212581,-0.447764,-0.180205
18-Jan-2025 14:38:26.009,0.235183,-0.451429,-0.189368
18-Jan-2025 14:38:26.025,0.031765,-0.31765,-0.123395
18-Jan-2025 14:38:26.041,-0.18387,-0.172264,-0.109956
18-Jan-2025 14:38:26.058,-0.378736,-0.039706,-0.20464
18-Jan-2025 14:38:26.073,-0.426384,-0.017104,-0.266337
18-Jan-2025 14:38:26.090,-0.368352,-0.087354,-0.287107
18-Jan-2025 14:38:26.105,-0.313985,-0.029932,-0.35308
18-Jan-2025 14:38:26.122,-0.290772,-0.053145,-0.450208
18-Jan-2025 14:38:26.138,-0.264505,-0.206472,-0.379958
18-Jan-2025 14:38:26.154,-0.255342,-0.174707,-0.319483
18-Jan-2025 14:38:26.170,-0.213192,0.118508,-0.260229
18-Jan-2025 14:38:26.186,-0.174097,0.253509,-0.263894
18-Jan-2025 14:38:26.202,-0.141721,0.257174,-0.263894
18-Jan-2025 14:38:26.218,-0.139277,0.297491,-0.235794
18-Jan-2025 14:38:26.234,-0.167988,0.38851,-0.196699
18-Jan-2025 14:38:26.250,-0.207083,0.449597,-0.185092
18-Jan-2025 14:38:26.266,-0.20464,0.453873,-0.168599
18-Jan-2025 14:38:26.282,-0.19059,0.464258,-0.171653
18-Jan-2025 14:38:26.299,-0.169821,0.431882,-0.173486
18-Jan-2025 14:38:26.315,-0.135001,0.370184,-0.15516
18-Jan-2025 14:38:26.331,-0.087965,0.366519,-0.112399
18-Jan-2025 14:38:26.346,-0.010996,0.348193,-0.068417
18-Jan-2025 14:38:26.363,-0.000611,0.330478,-0.053756
18-Jan-2025 14:38:26.379,-0.045204,0.313985,-0.043371
18-Jan-2025 14:38:26.395,-0.125838,0.320704,-0.037874
18-Jan-2025 14:38:26.411,-0.222966,0.335976,-0.04215
18-Jan-2025 14:38:26.427,-0.215635,0.373239,-0.066584
18-Jan-2025 14:38:26.443,-0.25412,0.381791,-0.111177
18-Jan-2025 14:38:26.459,-0.326202,0.419664,-0.149051
18-Jan-2025 14:38:26.475,-0.33903,0.353691,-0.196699
18-Jan-2025 14:38:26.491,-0.246179,0.220522,-0.237016
18-Jan-2025 14:38:26.507,-0.07025,0.117897,-0.299324
18-Jan-2025 14:38:26.523,0.318261,0.129503,-0.454484
18-Jan-2025 14:38:26.540,0.48014,0.178373,-0.50824
18-Jan-2025 14:38:26.555,0.07758,0.277944,-0.488692
18-Jan-2025 14:38:26.572,-0.408058,0.409891,-0.478918
18-Jan-2025 14:38:26.588,-0.643241,0.536951,-0.356134
18-Jan-2025 14:38:26.604,-0.524733,0.61392,-0.136223
18-Jan-2025 14:38:26.620,-0.260229,0.816727,0.08491
18-Jan-2025 14:38:26.636,-0.102014,0.901026,0.16921
18-Jan-2025 14:38:26.652,0.067195,0.771523,0.19792
18-Jan-2025 14:38:26.668,0.128282,0.713491,0.193644
18-Jan-2025 14:38:26.684,0.140499,0.687834,0.248011
18-Jan-2025 14:38:26.701,0.188757,0.645074,0.324369
18-Jan-2025 14:38:26.716,0.238848,0.673784,0.387899
18-Jan-2025 14:38:26.732,0.251066,0.747088,0.450208
18-Jan-2025 14:38:26.748,0.199142,0.710436,0.467312
18-Jan-2025 14:38:26.764,0.097738,0.62858,0.447153
18-Jan-2025 14:38:26.781,0.037263,0.569326,0.327424
18-Jan-2025 14:38:26.796,-0.001222,0.389121,0.237016
18-Jan-2025 14:38:26.812,-0.010996,0.358578,0.207694
18-Jan-2025 14:38:26.829,0.069028,0.327424,0.220522
18-Jan-2025 14:38:26.845,0.124006,0.166155,0.216246
18-Jan-2025 14:38:26.861,0.159436,0.020159,0.141721
18-Jan-2025 14:38:26.877,0.178984,-0.009774,0.097738
18-Jan-2025 14:38:26.893,0.180816,-0.011606,0.098349
18-Jan-2025 14:38:26.909,0.116675,-0.026878,0.151495
18-Jan-2025 14:38:26.925,0.026878,-0.039095,0.207083
18-Jan-2025 14:38:26.942,-0.061697,-0.059254,0.242514
18-Jan-2025 14:38:26.957,-0.11301,-0.081245,0.193644
18-Jan-2025 14:38:26.973,-0.121562,-0.139277,0.096517
18-Jan-2025 14:38:26.989,-0.087354,-0.146608,0.075747
18-Jan-2025 14:38:27.005,-0.039095,-0.206472,0.080634
18-Jan-2025 14:38:27.022,-0.018937,-0.265116,0.101404
18-Jan-2025 14:38:27.038,-0.012828,-0.296881,0.139277
18-Jan-2025 14:38:27.054,-0.028711,-0.332922,0.177151
18-Jan-2025 14:38:27.070,-0.041539,-0.401338,0.178373
18-Jan-2025 14:38:27.086,0.012828,-0.558942,0.160047
18-Jan-2025 14:38:27.102,0.073304,-0.498466,0.138056
18-Jan-2025 14:38:27.118,0.138666,-0.456927,0.156992
18-Jan-2025 14:38:27.134,0.141721,-0.503353,0.172264
18-Jan-2025 14:38:27.150,0.12706,-0.478918,0.180816
18-Jan-2025 14:38:27.166,0.124617,-0.461814,0.179594
18-Jan-2025 14:38:27.183,0.141721,-0.43738,0.182649
18-Jan-2025 14:38:27.198,0.217468,-0.471588,0.216246
18-Jan-2025 14:38:27.214,0.291994,-0.558942,0.248622
18-Jan-2025 14:38:27.231,0.396452,-0.564439,0.290772
18-Jan-2025 14:38:27.247,0.427606,-0.531453,0.307265
18-Jan-2025 14:38:27.263,0.362243,-0.523512,0.304211
18-Jan-2025 14:38:27.279,0.34575,-0.590707,0.320093
18-Jan-2025 14:38:27.295,0.167988,-0.617585,0.296881
18-Jan-2025 14:38:27.311,0.044593,-0.623083,0.24007
18-Jan-2025 14:38:27.327,-0.095906,-0.713491,0.149051
18-Jan-2025 14:38:27.343,-0.164323,-0.728151,0.088575
18-Jan-2025 14:38:27.359,-0.265726,-0.525344,0.009774
18-Jan-2025 14:38:27.375,-0.351248,-0.441045,0.001833
18-Jan-2025 14:38:27.391,-0.378126,-0.54367,0.019548
18-Jan-2025 14:38:27.407,-0.19059,-0.948063,0.140499
18-Jan-2025 14:38:27.424,-0.048869,-0.769079,0.178373
18-Jan-2025 14:38:27.440,0.335365,-0.747699,0.15516
18-Jan-2025 14:38:27.455,0.439823,-0.405004,0.045815
18-Jan-2025 14:38:27.472,0.263283,-0.127671,-0.106901
18-Jan-2025 14:38:27.488,0.125227,-0.273668,-0.259007
18-Jan-2025 14:38:27.504,-0.163101,-0.265116,-0.50824
18-Jan-2025 14:38:27.520,-0.325591,-0.16249,-0.633467
18-Jan-2025 14:38:27.536,-0.249844,-0.144775,-0.541227
18-Jan-2025 14:38:27.552,-0.075747,-0.02138,-0.410501
18-Jan-2025 14:38:27.568,0.08491,0.043371,-0.394008
18-Jan-2025 14:38:27.584,0.109345,-0.064752,-0.562607
18-Jan-2025 14:38:27.600,-0.015272,-0.156992,-0.619417
18-Jan-2025 14:38:27.616,-0.188757,-0.113621,-0.480751
18-Jan-2025 14:38:27.631,-0.223577,-0.04948,-0.301157
18-Jan-2025 14:38:27.648,-0.169821,-0.07025,-0.166155
18-Jan-2025 14:38:27.665,-0.105069,-0.066584,-0.181427
18-Jan-2025 14:38:27.681,-0.040928,0.000611,-0.19792
18-Jan-2025 14:38:27.697,-0.026878,0.039095,-0.186925
18-Jan-2025 14:38:27.712,-0.042761,0.145997,-0.193644
18-Jan-2025 14:38:27.729,-0.042761,0.208916,-0.21197
18-Jan-2025 14:38:27.745,0.00733,0.257174,-0.226631
18-Jan-2025 14:38:27.761,0.061697,0.322537,-0.218079
18-Jan-2025 14:38:27.777,0.098349,0.434325,-0.238848
18-Jan-2025 14:38:27.793,0.153327,0.525344,-0.282831
18-Jan-2025 14:38:27.809,0.188757,0.604757,-0.304211
18-Jan-2025 14:38:27.825,0.215635,0.633467,-0.330478
18-Jan-2025 14:38:27.841,0.233351,0.627359,-0.337808
18-Jan-2025 14:38:27.857,0.240681,0.613309,-0.330478
18-Jan-2025 14:38:27.873,0.236405,0.586431,-0.320093
18-Jan-2025 14:38:27.890,0.227242,0.580322,-0.317039
18-Jan-2025 14:38:27.906,0.238237,0.59987,-0.31765
18-Jan-2025 14:38:27.922,0.298713,0.729984,-0.332311
18-Jan-2025 14:38:27.938,0.411723,0.835053,-0.333532
18-Jan-2025 14:38:27.954,0.424551,0.900415,-0.31032
18-Jan-2025 14:38:27.970,0.09896,0.887587,-0.273668
18-Jan-2025 14:38:27.986,-0.200364,0.888809,-0.227853
18-Jan-2025 14:38:28.002,-0.332922,1.028086,-0.100182
18-Jan-2025 14:38:28.018,-0.26145,1.170418,-0.050702
18-Jan-2025 14:38:28.034,-0.147219,1.332908,-0.11301
18-Jan-2025 14:38:28.050,-0.155771,1.455081,-0.135001
18-Jan-2025 14:38:28.067,-0.274889,1.555874,-0.057421
18-Jan-2025 14:38:28.082,-0.364687,1.596191,0.006109
18-Jan-2025 14:38:28.098,-0.366519,1.627956,0.101404
18-Jan-2025 14:38:28.115,-0.395841,1.971873,0.09163
18-Jan-2025 14:38:28.131,-0.284052,2.297464,-0.125838
18-Jan-2025 14:38:28.147,-0.119119,2.295632,-0.062308
18-Jan-2025 14:38:28.163,-0.053145,2.248595,0.039706
18-Jan-2025 14:38:28.179,-0.025656,2.211943,0.342085
18-Jan-2025 14:38:28.195,-0.100182,2.124589,0.542448
18-Jan-2025 14:38:28.211,-0.273057,2.073277,0.430049
18-Jan-2025 14:38:28.227,-0.365297,1.940719,0.2755
18-Jan-2025 14:38:28.243,-0.378736,1.550376,0.132558
18-Jan-2025 14:38:28.259,-0.322537,1.287093,-0.001833
18-Jan-2025 14:38:28.275,-0.298102,1.260215,-0.021991
18-Jan-2025 14:38:28.291,-0.321926,1.300532,0.0281
18-Jan-2025 14:38:28.308,-0.346971,1.139264,0.128893
18-Jan-2025 14:38:28.323,-0.38118,0.972497,0.228464
18-Jan-2025 14:38:28.339,-0.324369,0.996321,0.273057
18-Jan-2025 14:38:28.356,-0.221133,1.071458,0.340252
18-Jan-2025 14:38:28.372,-0.193644,1.058019,0.321315
18-Jan-2025 14:38:28.388,-0.255342,0.977995,0.161268
18-Jan-2025 14:38:28.404,-0.28955,0.990823,0.047037
18-Jan-2025 14:38:28.420,-0.262672,1.076955,0.007941
18-Jan-2025 14:38:28.436,-0.178984,1.022588,0.045204
18-Jan-2025 14:38:28.452,-0.047037,0.893085,0.080023
18-Jan-2025 14:38:28.468,0.015272,0.805731,0.086743
18-Jan-2025 14:38:28.484,0.052534,0.728762,0.100793
18-Jan-2025 14:38:28.500,0.065363,0.563218,0.125838
18-Jan-2025 14:38:28.516,0.07758,0.450819,0.152105
18-Jan-2025 14:38:28.532,0.178984,0.34575,0.258396
18-Jan-2025 14:38:28.549,0.298102,0.265116,0.419054
18-Jan-2025 14:38:28.565,0.313985,0.281609,0.443488
18-Jan-2025 14:38:28.581,0.431271,0.307876,0.470977
18-Jan-2025 14:38:28.597,0.525344,0.456316,0.420275
18-Jan-2025 14:38:28.613,0.549779,0.485027,0.367741
18-Jan-2025 14:38:28.629,0.464258,0.471588,0.249233
18-Jan-2025 14:38:28.645,0.295048,0.490525,0.144775
18-Jan-2025 14:38:28.661,0.124617,0.346971,0.093462
18-Jan-2025 14:38:28.677,-0.206472,0.31093,-0.031154
18-Jan-2025 14:38:28.693,-0.25412,0.301157,0.040928
18-Jan-2025 14:38:28.709,-0.17654,0.462425,0.205862
18-Jan-2025 14:38:28.725,-0.042761,0.726319,0.308487
18-Jan-2025 14:38:28.741,0.180816,1.089784,0.387289
18-Jan-2025 14:38:28.757,0.322537,1.123992,0.425162
18-Jan-2025 14:38:28.774,0.306043,0.817949,0.331089
18-Jan-2025 14:38:28.790,0.232129,0.59315,0.175929
18-Jan-2025 14:38:28.806,0.098349,0.636522,-0.009163
18-Jan-2025 14:38:28.822,0.105069,0.971276,-0.074526
18-Jan-2025 14:38:28.838,0.139277,1.177748,-0.099571
18-Jan-2025 14:38:28.854,0.054367,1.28526,-0.209527
18-Jan-2025 14:38:28.870,-0.058032,1.36956,-0.265726
18-Jan-2025 14:38:28.886,-0.150273,1.480127,-0.221133
18-Jan-2025 14:38:28.902,-0.186925,1.638341,-0.194255
18-Jan-2025 14:38:28.918,-0.202196,1.918728,-0.233351
18-Jan-2025 14:38:28.934,-0.174097,2.037847,-0.224188
18-Jan-2025 14:38:28.951,-0.164323,2.136196,-0.165544
18-Jan-2025 14:38:28.966,-0.198531,2.129476,-0.11973
18-Jan-2025 14:38:28.982,-0.193033,2.061059,-0.08491
18-Jan-2025 14:38:28.999,-0.135001,2.065946,-0.10568
18-Jan-2025 14:38:29.014,-0.045815,2.098322,-0.11301
18-Jan-2025 14:38:29.031,0.061087,2.157576,-0.114843
18-Jan-2025 14:38:29.047,0.085521,2.178956,-0.111788
18-Jan-2025 14:38:29.063,0.067806,2.191784,-0.097738
18-Jan-2025 14:38:29.079,0.080634,2.196061,-0.102014
18-Jan-2025 14:38:29.095,0.119119,2.150856,-0.109345
18-Jan-2025 14:38:29.111,0.135001,2.101377,-0.115454
18-Jan-2025 14:38:29.127,0.124006,2.129476,-0.163712
18-Jan-2025 14:38:29.143,0.115454,2.160019,-0.202196
18-Jan-2025 14:38:29.159,0.136223,2.13192,-0.248011
18-Jan-2025 14:38:29.175,0.175929,2.187508,-0.288328
18-Jan-2025 14:38:29.192,0.245568,2.298686,-0.328645
18-Jan-2025 14:38:29.207,0.293215,2.312125,-0.337198
18-Jan-2025 14:38:29.223,0.345139,2.262645,-0.343306
18-Jan-2025 14:38:29.240,0.496633,2.073888,-0.383623
18-Jan-2025 14:38:29.256,0.654237,1.890017,-0.427606
18-Jan-2025 14:38:29.272,0.64263,1.791057,-0.462425
18-Jan-2025 14:38:29.288,0.378736,1.902845,-0.499077
18-Jan-2025 14:38:29.304,-0.064141,2.085494,-0.560163
18-Jan-2025 14:38:29.320,-0.255342,2.097711,-0.477697
18-Jan-2025 14:38:29.336,-0.301767,2.218052,-0.342695
18-Jan-2025 14:38:29.352,-0.284663,2.314569,-0.333532
18-Jan-2025 14:38:29.368,-0.31093,2.30174,-0.372628
18-Jan-2025 14:38:29.384,-0.48014,2.271197,-0.420275
18-Jan-2025 14:38:29.400,-0.624304,2.300519,-0.436769
18-Jan-2025 14:38:29.416,-0.69883,2.290134,-0.419664
18-Jan-2025 14:38:29.433,-0.679893,2.331062,-0.38851
18-Jan-2025 14:38:29.448,-0.582765,2.490498,-0.298102
18-Jan-2025 14:38:29.465,-0.502742,2.642603,-0.192423
18-Jan-2025 14:38:29.481,-0.50152,2.823419,-0.076358
18-Jan-2025 14:38:29.497,-0.551611,2.830139,-0.015272
18-Jan-2025 14:38:29.513,-0.616363,2.628553,0.073915
18-Jan-2025 14:38:29.529,-0.604757,2.519819,0.144164
18-Jan-2025 14:38:29.545,-0.471588,2.563802,0.131336
18-Jan-2025 14:38:29.561,-0.281609,2.593734,0.14111
18-Jan-2025 14:38:29.577,-0.072082,2.540589,0.164323
18-Jan-2025 14:38:29.593,0.136223,2.411696,0.199753
18-Jan-2025 14:38:29.609,0.223577,2.27364,0.210749
18-Jan-2025 14:38:29.625,0.295659,2.00486,0.256563
18-Jan-2025 14:38:29.641,0.311541,1.806939,0.298713
18-Jan-2025 14:38:29.657,0.278555,1.698816,0.338419
18-Jan-2025 14:38:29.674,0.193033,1.745853,0.367741
18-Jan-2025 14:38:29.690,0.059865,1.815492,0.420886
18-Jan-2025 14:38:29.705,0.012828,1.767233,0.417832
18-Jan-2025 14:38:29.721,0.03543,1.760514,0.389121
18-Jan-2025 14:38:29.738,0.100793,1.819157,0.375071
18-Jan-2025 14:38:29.754,0.142942,1.77212,0.371406
18-Jan-2025 14:38:29.770,0.146608,1.63101,0.318872
18-Jan-2025 14:38:29.786,0.14844,1.480737,0.282831
18-Jan-2025 14:38:29.802,0.19059,1.337795,0.276111
18-Jan-2025 14:38:29.818,0.207694,1.318247,0.262061
18-Jan-2025 14:38:29.834,0.16249,1.331075,0.206472
18-Jan-2025 14:38:29.850,0.093462,1.389718,0.158825
18-Jan-2025 14:38:29.866,-0.00733,1.516778,0.136223
18-Jan-2025 14:38:29.883,-0.079412,1.577254,0.156992
18-Jan-2025 14:38:29.898,-0.136834,1.517389,0.170431
18-Jan-2025 14:38:29.915,-0.111788,1.418429,0.159436
18-Jan-2025 14:38:29.930,-0.044593,1.31336,0.10568
18-Jan-2025 14:38:29.946,0.125838,1.109942,0.005498
18-Jan-2025 14:38:29.963,0.294437,0.966389,-0.054367
18-Jan-2025 14:38:29.979,0.444099,0.956615,-0.090408
18-Jan-2025 14:38:29.995,0.431882,1.018923,-0.080023
18-Jan-2025 14:38:30.011,0.363465,1.072068,-0.078802
18-Jan-2025 14:38:30.027,0.343306,1.125214,-0.073304
18-Jan-2025 14:38:30.043,0.387289,1.081231,-0.104458
18-Jan-2025 14:38:30.059,0.378736,1.139875,-0.133779
18-Jan-2025 14:38:30.075,0.186314,1.302976,-0.146608
18-Jan-2025 14:38:30.091,0.003665,1.312749,-0.18387
18-Jan-2025 14:38:30.107,-0.154549,1.252885,-0.240681
18-Jan-2025 14:38:30.123,-0.277333,1.155146,-0.240681
18-Jan-2025 14:38:30.139,-0.312763,1.090394,-0.182038
18-Jan-2025 14:38:30.156,-0.321926,1.021978,-0.116064
18-Jan-2025 14:38:30.172,-0.28222,0.98166,-0.06353
18-Jan-2025 14:38:30.188,-0.193033,0.869261,0.032376
18-Jan-2025 14:38:30.204,-0.109956,0.787405,0.086132
18-Jan-2025 14:38:30.220,-0.0281,0.711658,0.124617
18-Jan-2025 14:38:30.236,-0.069028,0.566272,0.100182
18-Jan-2025 14:38:30.252,-0.240681,0.315206,0.058643
18-Jan-2025 14:38:30.268,-0.373239,0.139888,0.058643
18-Jan-2025 14:38:30.284,-0.466701,0.16921,0.067195
18-Jan-2025 14:38:30.299,-0.519235,0.16921,0.07025
18-Jan-2025 14:38:30.317,-0.503353,0.086132,0.048869
18-Jan-2025 14:38:30.332,-0.445932,0.047647,0.039095
18-Jan-2025 14:38:30.348,-0.383013,0.026267,0.034819
18-Jan-2025 14:38:30.365,-0.351248,-0.091019,0.025045
18-Jan-2025 14:38:30.381,-0.364687,-0.124617,0.044593
18-Jan-2025 14:38:30.397,-0.298713,-0.284052,0.010385
18-Jan-2025 14:38:30.413,-0.230296,-0.396452,-0.037263
18-Jan-2025 14:38:30.429,-0.113621,-0.482584,-0.111788
18-Jan-2025 14:38:30.445,-0.045815,-0.478918,-0.122784
18-Jan-2025 14:38:30.461,0.017104,-0.463036,-0.098349
18-Jan-2025 14:38:30.477,0.050702,-0.460592,-0.05681
18-Jan-2025 14:38:30.493,0.052534,-0.42394,-0.089797
18-Jan-2025 14:38:30.509,0.080023,-0.405004,-0.185092
18-Jan-2025 14:38:30.525,0.12034,-0.543059,-0.277333
18-Jan-2025 14:38:30.541,0.17654,-0.640187,-0.385456
18-Jan-2025 14:38:30.558,0.185092,-0.508851,-0.422719
18-Jan-2025 14:38:30.573,0.206472,-0.287107,-0.353691
18-Jan-2025 14:38:30.589,0.21197,-0.164323,-0.333532
18-Jan-2025 14:38:30.605,0.245568,-0.359189,-0.375682
18-Jan-2025 14:38:30.622,0.291994,-0.458149,-0.408058
18-Jan-2025 14:38:30.638,0.321926,-0.478918,-0.418443
18-Jan-2025 14:38:30.654,0.397062,-0.520457,-0.389121
18-Jan-2025 14:38:30.670,0.481973,-0.496633,-0.347582
18-Jan-2025 14:38:30.686,0.619417,-0.666454,-0.304211
18-Jan-2025 14:38:30.702,0.884533,-0.752586,-0.254731
18-Jan-2025 14:38:30.718,1.000597,-0.766025,-0.167988
18-Jan-2025 14:38:30.734,0.74098,-0.630413,-0.145386
18-Jan-2025 14:38:30.750,0.28955,-0.385456,-0.213192
18-Jan-2025 14:38:30.766,0.113621,-0.301157,-0.276722
18-Jan-2025 14:38:30.782,0.160047,-0.389121,-0.155771
18-Jan-2025 14:38:30.799,0.350637,-0.489914,-0.040928
18-Jan-2025 14:38:30.814,0.558942,-0.516181,0.010385
18-Jan-2025 14:38:30.831,0.612087,-0.445932,0.010996
18-Jan-2025 14:38:30.847,0.509462,-0.371406,0.003665
18-Jan-2025 14:38:30.863,0.425773,-0.41661,0.118508
18-Jan-2025 14:38:30.879,0.436158,-0.514349,0.216857
18-Jan-2025 14:38:30.895,0.469145,-0.598037,0.26145
18-Jan-2025 14:38:30.911,0.439823,-0.599259,0.274278
18-Jan-2025 14:38:30.927,0.315206,-0.601091,0.350637
18-Jan-2025 14:38:30.943,0.177762,-0.586431,0.392786
18-Jan-2025 14:38:30.959,0.025656,-0.544281,0.287107
18-Jan-2025 14:38:30.975,-0.029932,-0.492968,0.092852
18-Jan-2025 14:38:30.991,-0.019548,-0.485638,0.020159
18-Jan-2025 14:38:31.007,0.028711,-0.575435,0.087354
18-Jan-2025 14:38:31.023,0.043982,-0.662789,0.117897
18-Jan-2025 14:38:31.040,0.065973,-0.815505,0.085521
18-Jan-2025 14:38:31.056,0.071471,-0.904081,0.058643
18-Jan-2025 14:38:31.072,0.044593,-0.976163,0.041539
18-Jan-2025 14:38:31.088,-0.015882,-0.93218,0.071471
18-Jan-2025 14:38:31.103,-0.16249,-0.816116,0.153938
18-Jan-2025 14:38:31.120,-0.252898,-0.747088,0.180816
18-Jan-2025 14:38:31.136,-0.237016,-0.708604,0.136223
18-Jan-2025 14:38:31.152,-0.166155,-0.72693,0.075747
18-Jan-2025 14:38:31.168,-0.095906,-0.752586,0.043982
18-Jan-2025 14:38:31.184,-0.008552,-0.695776,0.07758
18-Jan-2025 14:38:31.200,0.031765,-0.554666,0.102014
18-Jan-2025 14:38:31.216,-0.038485,-0.384234,0.075747
18-Jan-2025 14:38:31.232,-0.11301,-0.328645,0.059254
18-Jan-2025 14:38:31.248,-0.142332,-0.180816,0.065363
18-Jan-2025 14:38:31.264,-0.114232,-0.073915,0.083689
18-Jan-2025 14:38:31.281,-0.04215,0.023824,0.086132
18-Jan-2025 14:38:31.297,0.001833,0.055589,0.080634
18-Jan-2025 14:38:31.313,0.021991,0.082467,0.069028
18-Jan-2025 14:38:31.329,0.032987,0.12706,0.087354
18-Jan-2025 14:38:31.345,0.044593,0.166766,0.11973
18-Jan-2025 14:38:31.361,0.059865,0.167988,0.158825
18-Jan-2025 14:38:31.377,0.064141,0.174097,0.187536
18-Jan-2025 14:38:31.393,0.0562,0.233351,0.214414
18-Jan-2025 14:38:31.409,0.086132,0.238848,0.237016
18-Jan-2025 14:38:31.425,0.165544,0.207694,0.276722
18-Jan-2025 14:38:31.441,0.227853,0.173486,0.318872
18-Jan-2025 14:38:31.457,0.294437,0.171042,0.378126
18-Jan-2025 14:38:31.473,0.365297,0.175318,0.413556
18-Jan-2025 14:38:31.489,0.485638,0.195477,0.447153
18-Jan-2025 14:38:31.505,0.486249,0.205862,0.433103
18-Jan-2025 14:38:31.522,0.413556,0.262672,0.408058
18-Jan-2025 14:38:31.537,0.403782,0.394619,0.348193
18-Jan-2025 14:38:31.553,0.273057,0.362243,0.263894
18-Jan-2025 14:38:31.570,-0.030543,0.23274,0.221133
18-Jan-2025 14:38:31.586,-0.201586,0.212581,0.218079
18-Jan-2025 14:38:31.602,-0.31093,0.175929,0.128893
18-Jan-2025 14:38:31.618,-0.308487,0.115454,0.082467
18-Jan-2025 14:38:31.634,-0.26145,0.082467,0.084299
18-Jan-2025 14:38:31.650,-0.26145,0.163712,-0.026878
18-Jan-2025 14:38:31.666,-0.259618,0.202807,-0.161268
18-Jan-2025 14:38:31.682,-0.199142,0.229685,-0.180816
18-Jan-2025 14:38:31.698,-0.118508,0.323759,-0.191201
18-Jan-2025 14:38:31.714,-0.010385,0.354913,-0.223577
18-Jan-2025 14:38:31.730,0.010385,0.285274,-0.249844
18-Jan-2025 14:38:31.746,-0.069028,0.175318,-0.19059
18-Jan-2025 14:38:31.763,-0.186925,0.153327,-0.09163
18-Jan-2025 14:38:31.779,-0.297491,0.250455,-0.064752
18-Jan-2025 14:38:31.795,-0.314596,0.397673,-0.122173
18-Jan-2025 14:38:31.811,-0.299324,0.61392,-0.174097
18-Jan-2025 14:38:31.827,-0.293215,0.782518,-0.17654
18-Jan-2025 14:38:31.843,-0.312152,0.91752,-0.153938
18-Jan-2025 14:38:31.859,-0.332922,0.921796,-0.131947
18-Jan-2025 14:38:31.875,-0.319483,0.867429,-0.121562
18-Jan-2025 14:38:31.891,-0.24007,0.844827,-0.119119
18-Jan-2025 14:38:31.907,-0.163101,0.836885,-0.111788
18-Jan-2025 14:38:31.924,-0.09163,0.754419,-0.110567
18-Jan-2025 14:38:31.939,-0.068417,0.68478,-0.111788
18-Jan-2025 14:38:31.955,-0.044593,0.657902,-0.092241
18-Jan-2025 14:38:31.971,-0.031765,0.634689,-0.081856
18-Jan-2025 14:38:31.987,-0.032987,0.582765,-0.086743
18-Jan-2025 14:38:32.004,-0.027489,0.552833,-0.086132
18-Jan-2025 14:38:32.019,0.010385,0.477086,-0.112399
18-Jan-2025 14:38:32.036,0.046426,0.329867,-0.166155
18-Jan-2025 14:38:32.052,0.087354,0.145997,-0.230907
18-Jan-2025 14:38:32.068,0.121562,0.075747,-0.282831
18-Jan-2025 14:38:32.084,0.12034,0.182649,-0.293215
18-Jan-2025 14:38:32.100,0.138056,0.281609,-0.285274
18-Jan-2025 14:38:32.116,0.167988,0.309709,-0.28222
18-Jan-2025 14:38:32.132,0.237016,0.337198,-0.291994
18-Jan-2025 14:38:32.148,0.284663,0.357356,-0.314596
18-Jan-2025 14:38:32.165,0.307265,0.387289,-0.352469
18-Jan-2025 14:38:32.180,0.311541,0.393397,-0.375071
18-Jan-2025 14:38:32.196,0.390343,0.287107,-0.414167
18-Jan-2025 14:38:32.212,0.502742,0.145386,-0.441045
18-Jan-2025 14:38:32.228,0.532064,0.051313,-0.447153
18-Jan-2025 14:38:32.245,0.445321,-0.05681,-0.450819
18-Jan-2025 14:38:32.261,0.344528,-0.093462,-0.431882
18-Jan-2025 14:38:32.277,0.216857,-0.031154,-0.386067
18-Jan-2025 14:38:32.293,0.191201,0.058032,-0.302989
18-Jan-2025 14:38:32.309,0.20464,0.178373,-0.188147
18-Jan-2025 14:38:32.325,0.218079,0.240681,-0.119119
18-Jan-2025 14:38:32.341,0.161268,0.142332,-0.061697
18-Jan-2025 14:38:32.357,0.06353,0.08491,-0.042761
18-Jan-2025 14:38:32.373,0.001833,0.089797,-0.003054
18-Jan-2025 14:38:32.389,0.01405,0.114843,0.059254
18-Jan-2025 14:38:32.406,0.023824,0.095906,0.119119
18-Jan-2025 14:38:32.421,0.003054,0.16249,0.158825
18-Jan-2025 14:38:32.437,-0.009774,0.339641,0.178373
18-Jan-2025 14:38:32.453,-0.009774,0.655458,0.180205
18-Jan-2025 14:38:32.470,-0.026267,0.626137,0.07758
18-Jan-2025 14:38:32.486,-0.115454,0.250455,-0.037874
18-Jan-2025 14:38:32.502,-0.182038,-0.043371,-0.029322
18-Jan-2025 14:38:32.518,-0.29627,-0.184481,-0.053756
18-Jan-2025 14:38:32.534,-0.318872,-0.228464,-0.115454
18-Jan-2025 14:38:32.550,-0.249233,-0.3317,-0.011606
18-Jan-2025 14:38:32.566,-0.16249,-0.475253,-0.009774
18-Jan-2025 14:38:32.582,-0.110567,-0.722043,-0.041539
18-Jan-2025 14:38:32.598,-0.119119,-0.898583,-0.083689
18-Jan-2025 14:38:32.614,-0.171653,-0.784351,-0.052534
18-Jan-2025 14:38:32.630,-0.226631,-0.659124,0.119119
18-Jan-2025 14:38:32.647,-0.236405,-0.681726,0.18326
18-Jan-2025 14:38:32.662,-0.228464,-0.784962,0.166155
18-Jan-2025 14:38:32.679,-0.21197,-0.80512,0.117897
18-Jan-2025 14:38:32.694,-0.182038,-0.80451,0.032987
18-Jan-2025 14:38:32.711,-0.14844,-0.866818,-0.033598
18-Jan-2025 14:38:32.727,-0.130114,-0.830777,-0.081856
18-Jan-2025 14:38:32.743,-0.150884,-0.720821,-0.100793
18-Jan-2025 14:38:32.759,-0.165544,-0.669508,-0.099571
18-Jan-2025 14:38:32.775,-0.133779,-0.691499,-0.07086
18-Jan-2025 14:38:32.791,-0.072693,-0.706771,-0.042761
18-Jan-2025 14:38:32.807,0.005498,-0.693943,0.014661
18-Jan-2025 14:38:32.823,0.028711,-0.662178,0.054978
18-Jan-2025 14:38:32.839,0.031154,-0.671952,0.08491
18-Jan-2025 14:38:32.855,0.021991,-0.706771,0.112399
18-Jan-2025 14:38:32.871,-0.015272,-0.730595,0.125227
18-Jan-2025 14:38:32.888,-0.024435,-0.75564,0.103236
18-Jan-2025 14:38:32.904,0.043371,-0.812451,0.130114
18-Jan-2025 14:38:32.920,0.144775,-0.902248,0.163101
18-Jan-2025 14:38:32.936,0.277944,-0.954172,0.182038
18-Jan-2025 14:38:32.952,0.371406,-0.954172,0.21869
18-Jan-2025 14:38:32.967,0.384234,-1.015258,0.251066
18-Jan-2025 14:38:32.984,0.403782,-1.008538,0.331089
18-Jan-2025 14:38:33.000,0.406225,-0.88942,0.439823
18-Jan-2025 14:38:33.016,0.465479,-0.772134,0.525955
18-Jan-2025 14:38:33.032,0.493579,-0.744034,0.523512
18-Jan-2025 14:38:33.048,0.378736,-0.598648,0.511294
18-Jan-2025 14:38:33.064,0.214414,-0.477697,0.456927
18-Jan-2025 14:38:33.080,0.00733,-0.503353,0.251676
18-Jan-2025 14:38:33.096,-0.109345,-0.598037,0.19792
18-Jan-2025 14:38:33.113,-0.187536,-0.696997,0.155771
18-Jan-2025 14:38:33.129,-0.309098,-0.809396,0.172264
18-Jan-2025 14:38:33.145,-0.401338,-0.802066,0.213803
18-Jan-2025 14:38:33.161,-0.381791,-0.675006,0.299324
18-Jan-2025 14:38:33.177,-0.306654,-0.72021,0.347582
18-Jan-2025 14:38:33.193,-0.097738,-0.826501,0.318872
18-Jan-2025 14:38:33.209,0.091019,-0.84727,0.249233
18-Jan-2025 14:38:33.225,0.232129,-0.893696,0.202807
18-Jan-2025 14:38:33.241,0.189368,-0.795347,0.122784
18-Jan-2025 14:38:33.257,0.025656,-0.547335,-0.019548
18-Jan-2025 14:38:33.273,-0.057421,-0.333532,-0.137445
18-Jan-2025 14:38:33.290,-0.031154,-0.248622,-0.322537
18-Jan-2025 14:38:33.305,0.112399,-0.272446,-0.512516
18-Jan-2025 14:38:33.321,0.260839,-0.461814,-0.638965
18-Jan-2025 14:38:33.337,0.262672,-0.521068,-0.575435
18-Jan-2025 14:38:33.354,0.116064,-0.400117,-0.455705
18-Jan-2025 14:38:33.370,-0.080023,-0.451429,-0.352469
18-Jan-2025 14:38:33.386,-0.137445,-0.610254,-0.290161
18-Jan-2025 14:38:33.402,-0.109345,-0.788627,-0.320704
18-Jan-2025 14:38:33.418,-0.098349,-0.757473,-0.185092
18-Jan-2025 14:38:33.434,-0.163101,-0.773966,-0.060476
18-Jan-2025 14:38:33.450,-0.241903,-0.860098,-0.062308
18-Jan-2025 14:38:33.466,-0.227853,-0.809396,-0.031154
18-Jan-2025 14:38:33.482,-0.161268,-0.502131,-0.006109
18-Jan-2025 14:38:33.498,-0.103236,-0.256563,0.022602
18-Jan-2025 14:38:33.514,-0.112399,-0.315206,0.065363
18-Jan-2025 14:38:33.531,-0.117897,-0.370184,0.153938
18-Jan-2025 14:38:33.547,-0.066584,-0.347582,0.259007
18-Jan-2025 14:38:33.563,0.018937,-0.341474,0.224798
18-Jan-2025 14:38:33.579,0.126449,-0.131947,0.040928
18-Jan-2025 14:38:33.595,0.188147,0.054367,-0.089186
18-Jan-2025 14:38:33.611,0.156992,0.200975,-0.250455
18-Jan-2025 14:38:33.627,0.115454,0.146608,-0.298713
18-Jan-2025 14:38:33.643,0.21197,0.03543,-0.265726
18-Jan-2025 14:38:33.659,0.279776,0.03543,-0.150884
18-Jan-2025 14:38:33.675,0.266948,0.068417,-0.040317
18-Jan-2025 14:38:33.691,0.171653,0.279776,0.019548
18-Jan-2025 14:38:33.707,0.121562,0.504575,0.014661
18-Jan-2025 14:38:33.723,0.072693,0.679893,0.039706
18-Jan-2025 14:38:33.739,0.014661,0.696386,0.062308
18-Jan-2025 14:38:33.755,-0.065973,0.724486,0.078191
18-Jan-2025 14:38:33.772,-0.103236,0.67806,0.080023
18-Jan-2025 14:38:33.788,-0.117286,0.723264,0.172264
18-Jan-2025 14:38:33.804,-0.117286,0.849103,0.240681
18-Jan-2025 14:38:33.820,-0.170431,0.94623,0.235183
18-Jan-2025 14:38:33.836,-0.262061,0.94623,0.215025
18-Jan-2025 14:38:33.852,-0.334143,0.930348,0.217468
18-Jan-2025 14:38:33.868,-0.298102,0.948063,0.205251
18-Jan-2025 14:38:33.884,-0.211359,1.011593,0.151495
18-Jan-2025 14:38:33.900,-0.184481,0.990213,0.136223
18-Jan-2025 14:38:33.916,-0.217468,1.05191,0.212581
18-Jan-2025 14:38:33.932,-0.160047,1.097725,0.245568
18-Jan-2025 14:38:33.948,-0.13439,1.087951,0.36041
18-Jan-2025 14:38:33.964,-0.100793,1.132544,0.46609
18-Jan-2025 14:38:33.980,-0.062919,1.123992,0.386067
18-Jan-2025 14:38:33.996,-0.089186,1.218676,0.306043
18-Jan-2025 14:38:34.013,-0.125838,1.325578,0.144775
18-Jan-2025 14:38:34.029,-0.151495,1.336573,0.0281
18-Jan-2025 14:38:34.045,-0.163101,1.325578,-0.022602
18-Jan-2025 14:38:34.061,-0.163101,1.277319,0.00672
18-Jan-2025 14:38:34.077,-0.164934,1.291369,0.033598
18-Jan-2025 14:38:34.093,-0.168599,1.29198,0.036652
18-Jan-2025 14:38:34.109,-0.12034,1.27793,0.053145
18-Jan-2025 14:38:34.125,-0.048869,1.202183,0.111177
18-Jan-2025 14:38:34.141,0.037874,1.10139,0.138056
18-Jan-2025 14:38:34.157,0.065973,0.998154,0.12706
18-Jan-2025 14:38:34.173,0.085521,0.846659,0.138666
18-Jan-2025 14:38:34.189,0.132558,0.807564,0.080023
18-Jan-2025 14:38:34.205,0.14844,0.739758,0.14844
18-Jan-2025 14:38:34.221,0.227242,0.703717,0.172264
18-Jan-2025 14:38:34.237,0.291994,0.687834,0.092852
18-Jan-2025 14:38:34.254,0.255953,0.587652,0.194866
18-Jan-2025 14:38:34.270,0.24007,0.609033,0.263894
18-Jan-2025 14:38:34.286,0.273057,0.499688,0.287107
18-Jan-2025 14:38:34.302,0.331089,0.422108,0.37446
18-Jan-2025 14:38:34.318,0.459982,0.346361,0.463647
18-Jan-2025 14:38:34.334,0.568716,0.280387,0.444099
18-Jan-2025 14:38:34.350,0.654237,0.128282,0.612698
18-Jan-2025 14:38:34.366,0.67745,0.036652,0.674395
18-Jan-2025 14:38:34.382,0.589485,-0.054367,0.666454
18-Jan-2025 14:38:34.398,0.328645,-0.097128,0.620028
18-Jan-2025 14:38:34.415,0.117286,-0.122173,0.558331
18-Jan-2025 14:38:34.430,-0.083078,-0.026878,0.412334
18-Jan-2025 14:38:34.446,-0.166766,0.133169,0.304211
18-Jan-2025 14:38:34.462,-0.172875,0.453873,0.100793
18-Jan-2025 14:38:34.478,-0.089797,0.623693,-0.062308
18-Jan-2025 14:38:34.495,0.129503,0.57177,-0.2474
18-Jan-2025 14:38:34.511,0.290772,0.470977,-0.295048
18-Jan-2025 14:38:34.527,0.369573,0.367741,-0.309709
18-Jan-2025 14:38:34.543,0.31093,0.323759,-0.338419
18-Jan-2025 14:38:34.559,0.14844,0.346361,-0.394008
18-Jan-2025 14:38:34.575,-0.095295,0.441045,-0.42394
18-Jan-2025 14:38:34.591,-0.220522,0.511294,-0.406225
18-Jan-2025 14:38:34.607,-0.264505,0.675006,-0.286496
18-Jan-2025 14:38:34.623,-0.230907,0.890642,-0.121562
18-Jan-2025 14:38:34.639,-0.21197,1.159422,-0.03543
18-Jan-2025 14:38:34.656,-0.23274,1.243722,-0.088575
18-Jan-2025 14:38:34.671,-0.244346,1.222341,-0.18387
18-Jan-2025 14:38:34.687,-0.207694,1.20035,-0.221133
18-Jan-2025 14:38:34.703,-0.145997,1.203405,-0.199753
18-Jan-2025 14:38:34.719,-0.109345,1.197296,-0.156382
18-Jan-2025 14:38:34.736,-0.11301,1.280984,-0.149051
18-Jan-2025 14:38:34.752,-0.08491,1.459968,-0.188757
18-Jan-2025 14:38:34.768,-0.015882,1.607186,-0.181427
18-Jan-2025 14:38:34.784,0.07086,1.509448,-0.140499
18-Jan-2025 14:38:34.800,0.150884,1.346958,-0.126449
18-Jan-2025 14:38:34.816,0.309709,1.370171,-0.179594
18-Jan-2025 14:38:34.832,0.376293,1.48257,-0.273057
18-Jan-2025 14:38:34.848,0.365908,1.506394,-0.379347
18-Jan-2025 14:38:34.864,0.341474,1.42637,-0.44471
18-Jan-2025 14:38:34.881,0.364687,1.353067,-0.510683
18-Jan-2025 14:38:34.897,0.408058,1.45447,-0.553444
18-Jan-2025 14:38:34.912,0.519846,1.607186,-0.576046
18-Jan-2025 14:38:34.929,0.610865,1.675603,-0.615752
18-Jan-2025 14:38:34.945,0.450208,1.704925,-0.688445
18-Jan-2025 14:38:34.961,0.07025,1.913841,-0.838107
18-Jan-2025 14:38:34.977,-0.117286,2.127644,-0.994489
18-Jan-2025 14:38:34.993,-0.128893,2.300519,-0.996321
18-Jan-2025 14:38:35.009,-0.090408,2.440407,-0.81917
18-Jan-2025 14:38:35.025,-0.133779,2.549141,-0.474031
18-Jan-2025 14:38:35.041,-0.244346,2.555249,-0.339641
18-Jan-2025 14:38:35.058,-0.362243,2.436741,-0.339641
18-Jan-2025 14:38:35.073,-0.368352,2.37199,-0.337198
18-Jan-2025 14:38:35.089,-0.296881,2.335338,-0.307265
18-Jan-2025 14:38:35.105,-0.237627,2.359772,-0.285885
18-Jan-2025 14:38:35.122,-0.237627,2.416583,-0.231518
18-Jan-2025 14:38:35.138,-0.341474,2.539367,-0.159436
18-Jan-2025 14:38:35.154,-0.422108,2.606562,-0.128893
18-Jan-2025 14:38:35.170,-0.450208,2.634662,-0.084299
18-Jan-2025 14:38:35.186,-0.425773,2.665205,-0.102014
18-Jan-2025 14:38:35.202,-0.363465,2.704911,-0.138666
18-Jan-2025 14:38:35.218,-0.332311,2.684753,-0.178373
18-Jan-2025 14:38:35.234,-0.290161,2.560136,-0.235794
18-Jan-2025 14:38:35.250,-0.279776,2.437352,-0.279776
18-Jan-2025 14:38:35.266,-0.278555,2.379931,-0.293826
18-Jan-2025 14:38:35.282,-0.266948,2.37932,-0.290161
18-Jan-2025 14:38:35.299,-0.262061,2.375044,-0.293215
18-Jan-2025 14:38:35.315,-0.280387,2.347555,-0.270613
18-Jan-2025 14:38:35.330,-0.278555,2.340836,-0.239459
18-Jan-2025 14:38:35.346,-0.221133,2.332283,-0.174097
18-Jan-2025 14:38:35.363,-0.173486,2.271808,-0.132558
18-Jan-2025 14:38:35.379,-0.150884,2.182621,-0.050702
18-Jan-2025 14:38:35.395,-0.113621,2.167961,-0.02138
18-Jan-2025 14:38:35.411,-0.061697,2.185065,0.005498
18-Jan-2025 14:38:35.427,-0.062919,2.199115,0.009163
18-Jan-2025 14:38:35.443,-0.106291,2.164907,-0.016493
18-Jan-2025 14:38:35.459,-0.139277,2.101987,-0.030543
18-Jan-2025 14:38:35.475,-0.158214,2.043955,-0.01405
18-Jan-2025 14:38:35.491,-0.166766,2.007303,0.062919
18-Jan-2025 14:38:35.507,-0.150273,1.954769,0.115454
18-Jan-2025 14:38:35.523,-0.130114,1.741577,0.169821
18-Jan-2025 14:38:35.540,-0.143553,1.60291,0.186925
18-Jan-2025 14:38:35.556,-0.172264,1.518611,0.210749
18-Jan-2025 14:38:35.572,-0.167988,1.480737,0.229685
18-Jan-2025 14:38:35.588,-0.178373,1.302365,0.251676
18-Jan-2025 14:38:35.604,-0.212581,1.198518,0.258396
18-Jan-2025 14:38:35.620,-0.252287,1.154535,0.259007
18-Jan-2025 14:38:35.635,-0.268781,1.10139,0.248622
18-Jan-2025 14:38:35.652,-0.283441,1.056186,0.224188
18-Jan-2025 14:38:35.668,-0.32498,1.095281,0.174097
18-Jan-2025 14:38:35.684,-0.346971,1.146594,0.133169
18-Jan-2025 14:38:35.700,-0.328645,1.092838,0.071471
18-Jan-2025 14:38:35.716,-0.260229,1.04519,0.027489
18-Jan-2025 14:38:35.732,-0.138666,1.10872,-0.011606
18-Jan-2025 14:38:35.748,-0.091019,1.17164,-0.017715
18-Jan-2025 14:38:35.764,-0.054367,1.174694,-0.05681
18-Jan-2025 14:38:35.781,0.003054,1.153314,-0.12034
18-Jan-2025 14:38:35.796,0.17654,1.048856,-0.208916
18-Jan-2025 14:38:35.813,0.326813,0.957226,-0.248011
18-Jan-2025 14:38:35.829,0.392175,0.910189,-0.175929
18-Jan-2025 14:38:35.845,0.248011,0.930959,0.05681
18-Jan-2025 14:38:35.861,0.062308,0.992045,0.092241
18-Jan-2025 14:38:35.877,-0.087354,0.984104,0.120951
18-Jan-2025 14:38:35.893,-0.062919,1.003652,0.144775
18-Jan-2025 14:38:35.909,0.038485,1.096503,0.175929
18-Jan-2025 14:38:35.925,0.089186,1.078177,0.187536
18-Jan-2025 14:38:35.941,0.139277,0.906524,0.106901
18-Jan-2025 14:38:35.956,0.196088,0.796568,0.081245
18-Jan-2025 14:38:35.973,0.304822,0.730595,0.139888
18-Jan-2025 14:38:35.989,0.405004,0.731206,0.244957
18-Jan-2025 14:38:36.005,0.497855,0.764803,0.370184
18-Jan-2025 14:38:36.022,0.492357,0.774577,0.529009
18-Jan-2025 14:38:36.038,0.384845,0.685391,0.577879
18-Jan-2025 14:38:36.054,0.23274,0.514349,0.47281
18-Jan-2025 14:38:36.070,0.164934,0.40256,0.333532
18-Jan-2025 14:38:36.086,0.097128,0.417221,0.237016
18-Jan-2025 14:38:36.102,-0.003665,0.555887,0.204029
18-Jan-2025 14:38:36.118,-0.206472,0.720821,0.164323
18-Jan-2025 14:38:36.134,-0.341474,0.822836,0.151495
18-Jan-2025 14:38:36.150,-0.425162,0.864985,0.167377
18-Jan-2025 14:38:36.166,-0.412945,0.822836,0.213803
18-Jan-2025 14:38:36.182,-0.355524,0.703717,0.273668
18-Jan-2025 14:38:36.198,-0.277944,0.517403,0.3036
18-Jan-2025 14:38:36.214,-0.252898,0.359189,0.309709
18-Jan-2025 14:38:36.230,-0.227853,0.088575,0.291994
18-Jan-2025 14:38:36.246,-0.224188,-0.068417,0.2755
18-Jan-2025 14:38:36.263,-0.227853,-0.139277,0.268781
18-Jan-2025 14:38:36.279,-0.219911,-0.149051,0.274889
18-Jan-2025 14:38:36.295,-0.193033,-0.144775,0.279776
18-Jan-2025 14:38:36.310,-0.154549,-0.080634,0.271835
18-Jan-2025 14:38:36.327,-0.109345,0.004276,0.089186
18-Jan-2025 14:38:36.343,-0.12034,-0.025656,-0.071471
18-Jan-2025 14:38:36.359,-0.171042,-0.080634,-0.244346
18-Jan-2025 14:38:36.375,-0.200364,-0.180816,-0.408669
18-Jan-2025 14:38:36.391,-0.208916,-0.439823,-0.44471
18-Jan-2025 14:38:36.407,-0.253509,-0.766636,-0.467923
18-Jan-2025 14:38:36.423,-0.237627,-0.74831,-0.488692
18-Jan-2025 14:38:36.439,-0.152716,-0.655458,-0.453262
18-Jan-2025 14:38:36.455,-0.089186,-0.611476,-0.410501
18-Jan-2025 14:38:36.471,0.010385,-0.485027,-0.370795
18-Jan-2025 14:38:36.487,0.051924,-0.394008,-0.313985
18-Jan-2025 14:38:36.504,0.039706,-0.306043,-0.241292
18-Jan-2025 14:38:36.519,0.068417,-0.29627,-0.208305
18-Jan-2025 14:38:36.536,0.131947,-0.284052,-0.186314
18-Jan-2025 14:38:36.552,0.203418,-0.285274,-0.15516
18-Jan-2025 14:38:36.568,0.249233,-0.256563,-0.141721
18-Jan-2025 14:38:36.584,0.391565,-0.315817,-0.166155
18-Jan-2025 14:38:36.600,0.545503,-0.488081,-0.234572
18-Jan-2025 14:38:36.616,0.645685,-0.764803,-0.274889
18-Jan-2025 14:38:36.632,0.571159,-0.821614,-0.255342
18-Jan-2025 14:38:36.648,0.386678,-0.659124,-0.382402
18-Jan-2025 14:38:36.664,0.34575,-0.711047,-0.411112
18-Jan-2025 14:38:36.680,0.335976,-0.610254,-0.314596
18-Jan-2025 14:38:36.696,0.31765,-0.450819,-0.224798
18-Jan-2025 14:38:36.712,0.259618,-0.280387,-0.177151
18-Jan-2025 14:38:36.728,0.160658,-0.150273,-0.130725
18-Jan-2025 14:38:36.745,0.140499,-0.073304,-0.166766
18-Jan-2025 14:38:36.761,0.222966,0.020769,-0.210749
18-Jan-2025 14:38:36.777,0.290161,0.207083,-0.163101
18-Jan-2025 14:38:36.793,0.280998,0.496023,0.020159
18-Jan-2025 14:38:36.809,0.25412,0.577879,0.141721
18-Jan-2025 14:38:36.825,0.22602,0.465479,0.266337
18-Jan-2025 14:38:36.841,0.182649,0.38118,0.313985
18-Jan-2025 14:38:36.857,0.112399,0.357967,0.328645
18-Jan-2025 14:38:36.873,0.040928,0.488692,0.304211
18-Jan-2025 14:38:36.889,-0.041539,0.659124,0.19059
18-Jan-2025 14:38:36.905,-0.09896,0.739758,0.003054
18-Jan-2025 14:38:36.921,-0.087965,0.691499,-0.017104
18-Jan-2025 14:38:36.937,-0.009163,0.61453,0.014661
18-Jan-2025 14:38:36.953,0.0562,0.615752,0.057421
18-Jan-2025 14:38:36.969,0.126449,0.668897,0.107512
18-Jan-2025 14:38:36.986,0.140499,0.757473,0.153327
18-Jan-2025 14:38:37.001,0.116675,0.888809,0.199753
18-Jan-2025 14:38:37.018,0.087965,0.937067,0.204029
18-Jan-2025 14:38:37.034,0.069639,0.919963,0.219911
18-Jan-2025 14:38:37.050,0.082467,0.955393,0.200364
18-Jan-2025 14:38:37.066,0.087965,0.996932,0.174707
18-Jan-2025 14:38:37.082,0.080023,1.060462,0.124617
18-Jan-2025 14:38:37.098,0.073915,1.126436,0.109345
18-Jan-2025 14:38:37.114,0.055589,1.122159,0.124006
18-Jan-2025 14:38:37.130,0.069028,1.035417,0.140499
18-Jan-2025 14:38:37.146,0.138056,0.943787,0.125838
18-Jan-2025 14:38:37.162,0.179594,0.940122,0.100182
18-Jan-2025 14:38:37.178,0.234572,1.012815,0.075747
18-Jan-2025 14:38:37.194,0.238848,1.011593,0.073304
18-Jan-2025 14:38:37.211,0.152105,0.921185,0.100793
18-Jan-2025 14:38:37.227,0.109345,0.837496,0.106901
18-Jan-2025 14:38:37.242,0.117897,0.755029,0.10568
18-Jan-2025 14:38:37.259,0.14111,0.618196,0.145997
18-Jan-2025 14:38:37.275,0.122173,0.467923,0.206472
18-Jan-2025 14:38:37.291,0.116064,0.31093,0.284052
18-Jan-2025 14:38:37.307,0.182038,0.229685,0.309098
18-Jan-2025 14:38:37.323,0.290772,0.053756,0.348804
18-Jan-2025 14:38:37.339,0.365297,-0.067806,0.355524
18-Jan-2025 14:38:37.355,0.452651,-0.112399,0.350026
18-Jan-2025 14:38:37.371,0.433714,-0.126449,0.332311
18-Jan-2025 14:38:37.388,0.174097,-0.11301,0.238237
18-Jan-2025 14:38:37.403,-0.11301,-0.028711,0.073915
18-Jan-2025 14:38:37.419,-0.332311,0.064141,-0.103236
18-Jan-2025 14:38:37.435,-0.466701,0.044593,-0.207083
18-Jan-2025 14:38:37.451,-0.461814,-0.102625,-0.273057
18-Jan-2025 14:38:37.468,-0.408058,-0.205251,-0.259618
18-Jan-2025 14:38:37.484,-0.324369,-0.196699,-0.215635
18-Jan-2025 14:38:37.500,-0.157603,-0.232129,-0.158214
18-Jan-2025 14:38:37.516,-0.010996,-0.251676,-0.093462
18-Jan-2025 14:38:37.532,0.16921,-0.202196,-0.06353
18-Jan-2025 14:38:37.548,0.18326,-0.3036,-0.039095
18-Jan-2025 14:38:37.564,-0.00672,-0.401338,0.089797
18-Jan-2025 14:38:37.580,-0.21869,-0.392786,0.237016
18-Jan-2025 14:38:37.596,-0.341474,-0.284052,0.304822
18-Jan-2025 14:38:37.612,-0.333532,-0.113621,0.210138
18-Jan-2025 14:38:37.629,-0.285274,0.023213,0.047037
18-Jan-2025 14:38:37.644,-0.257785,0.216857,-0.158214
18-Jan-2025 14:38:37.661,-0.267559,0.29627,-0.262061
18-Jan-2025 14:38:37.677,-0.262672,0.296881,-0.346971
18-Jan-2025 14:38:37.693,-0.234572,0.265726,-0.350026
18-Jan-2025 14:38:37.709,-0.175318,0.249844,-0.298102
18-Jan-2025 14:38:37.725,-0.138666,0.260229,-0.219301
18-Jan-2025 14:38:37.741,-0.100793,0.362854,-0.114843
18-Jan-2025 14:38:37.757,-0.092852,0.445321,-0.076969
18-Jan-2025 14:38:37.773,-0.096517,0.463036,-0.075747
18-Jan-2025 14:38:37.789,-0.086132,0.454484,-0.090408
18-Jan-2025 14:38:37.805,-0.057421,0.445321,-0.098349
18-Jan-2025 14:38:37.821,-0.036041,0.492968,-0.092852
18-Jan-2025 14:38:37.837,-0.0281,0.521068,-0.090408
18-Jan-2025 14:38:37.853,0.003665,0.486249,-0.112399
18-Jan-2025 14:38:37.870,0.040928,0.451429,-0.144775
18-Jan-2025 14:38:37.885,0.07025,0.491747,-0.184481
18-Jan-2025 14:38:37.902,0.065973,0.540616,-0.204029
18-Jan-2025 14:38:37.918,0.052534,0.5791,-0.208916
18-Jan-2025 14:38:37.934,0.050091,0.617585,-0.210138
18-Jan-2025 14:38:37.950,0.053145,0.664621,-0.219911
18-Jan-2025 14:38:37.966,0.053756,0.702495,-0.2755
18-Jan-2025 14:38:37.982,0.076358,0.728151,-0.319483
18-Jan-2025 14:38:37.998,0.149662,0.608422,-0.357356
18-Jan-2025 14:38:38.014,0.294437,0.505796,-0.362854
18-Jan-2025 14:38:38.030,0.510072,0.392786,-0.357356
18-Jan-2025 14:38:38.046,0.442877,0.330478,-0.340863
18-Jan-2025 14:38:38.062,0.138666,0.325591,-0.340863
18-Jan-2025 14:38:38.078,-0.013439,0.426995,-0.307876
18-Jan-2025 14:38:38.094,0.008552,0.617585,-0.270002
18-Jan-2025 14:38:38.111,0.106901,0.698219,-0.286496
18-Jan-2025 14:38:38.126,0.145386,0.709215,-0.313985
18-Jan-2025 14:38:38.142,0.032987,0.715323,-0.306043
18-Jan-2025 14:38:38.158,-0.086743,0.723875,-0.299935
18-Jan-2025 14:38:38.174,-0.131336,0.737314,-0.288939
18-Jan-2025 14:38:38.191,-0.046426,0.800844,-0.212581
18-Jan-2025 14:38:38.207,0.128282,0.8827,-0.044593
18-Jan-2025 14:38:38.223,0.167377,0.86132,0.075136
18-Jan-2025 14:38:38.239,0.072693,0.79046,0.102014
18-Jan-2025 14:38:38.255,0.025045,0.74159,0.12034
18-Jan-2025 14:38:38.271,0.076358,0.76236,0.20464
18-Jan-2025 14:38:38.287,0.108734,0.786794,0.263894
18-Jan-2025 14:38:38.303,0.048869,0.761138,0.21869
18-Jan-2025 14:38:38.319,-0.131336,0.725708,0.078191
18-Jan-2025 14:38:38.335,-0.202807,0.753808,0.047037
18-Jan-2025 14:38:38.352,-0.175929,0.698219,0.032987
18-Jan-2025 14:38:38.367,-0.139277,0.577879,0.018326
18-Jan-2025 14:38:38.384,-0.107512,0.452651,0.025045
18-Jan-2025 14:38:38.400,-0.095906,0.403171,0.064752
18-Jan-2025 14:38:38.416,-0.068417,0.377515,0.117897
18-Jan-2025 14:38:38.432,-0.045815,0.379958,0.14844
18-Jan-2025 14:38:38.448,-0.033598,0.337198,0.150273
18-Jan-2025 14:38:38.464,-0.043982,0.306654,0.133779
18-Jan-2025 14:38:38.480,-0.062308,0.276111,0.114232
18-Jan-2025 14:38:38.496,-0.090408,0.192423,0.090408
18-Jan-2025 14:38:38.512,-0.073304,0.09896,0.0562
18-Jan-2025 14:38:38.528,0.01405,0,-0.018326
18-Jan-2025 14:38:38.544,0.091019,-0.131336,-0.06353
18-Jan-2025 14:38:38.560,0.105069,-0.257785,0.136834
18-Jan-2025 14:38:38.576,-0.139277,-0.175318,0.204029
18-Jan-2025 14:38:38.593,-0.003054,-0.185092,0.198531
18-Jan-2025 14:38:38.608,0.150884,-0.332922,0.141721
18-Jan-2025 14:38:38.624,0.17654,-0.406836,0.175929
18-Jan-2025 14:38:38.641,0.179594,-0.347582,0.321926
18-Jan-2025 14:38:38.657,0.193033,-0.390954,0.251676
18-Jan-2025 14:38:38.673,0.121562,-0.459371,0.222355
18-Jan-2025 14:38:38.689,0.103236,-0.529009,0.260229
18-Jan-2025 14:38:38.705,0.158825,-0.555887,0.262672
18-Jan-2025 14:38:38.721,0.21197,-0.580322,0.298102
18-Jan-2025 14:38:38.737,0.302378,-0.687223,0.351248
18-Jan-2025 14:38:38.753,0.384234,-0.80451,0.357356
18-Jan-2025 14:38:38.769,0.568716,-0.849103,0.332922
18-Jan-2025 14:38:38.785,0.665232,-0.87537,0.3317
18-Jan-2025 14:38:38.801,0.587652,-0.860098,0.313374
18-Jan-2025 14:38:38.817,0.305433,-0.850935,0.290772
18-Jan-2025 14:38:38.833,0.117286,-0.802677,0.26145
18-Jan-2025 14:38:38.849,-0.051924,-0.626137,0.166766
18-Jan-2025 14:38:38.865,-0.103236,-0.54367,0.103236
18-Jan-2025 14:38:38.881,-0.16921,-0.419664,-0.089186
18-Jan-2025 14:38:38.897,-0.15516,-0.338419,-0.189368
18-Jan-2025 14:38:38.914,-0.145386,-0.241903,-0.238848
18-Jan-2025 14:38:38.929,-0.096517,-0.20464,-0.244957
18-Jan-2025 14:38:38.946,0.07758,-0.147829,-0.221744
18-Jan-2025 14:38:38.962,0.228464,-0.081245,-0.163101
18-Jan-2025 14:38:38.978,0.340863,-0.053756,-0.106291
18-Jan-2025 14:38:38.994,0.373239,-0.120951,-0.045204
18-Jan-2025 14:38:39.010,0.296881,-0.213803,-0.090408
18-Jan-2025 14:38:39.026,0.096517,-0.271835,-0.133169
18-Jan-2025 14:38:39.042,-0.030543,-0.233351,-0.109345
18-Jan-2025 14:38:39.058,-0.125838,-0.065973,-0.158825
18-Jan-2025 14:38:39.075,-0.152105,0.067806,-0.241903
18-Jan-2025 14:38:39.090,-0.167377,0.241903,-0.299324
18-Jan-2025 14:38:39.106,-0.211359,0.320704,-0.293826
18-Jan-2025 14:38:39.123,-0.237016,0.335365,-0.262061
18-Jan-2025 14:38:39.139,-0.207083,0.329256,-0.238237
18-Jan-2025 14:38:39.155,-0.14111,0.300546,-0.229074
18-Jan-2025 14:38:39.171,-0.088575,0.219301,-0.23274
18-Jan-2025 14:38:39.187,-0.043371,0.206472,-0.23274
18-Jan-2025 14:38:39.203,-0.000611,0.290772,-0.216857
18-Jan-2025 14:38:39.219,0.017104,0.377515,-0.198531
18-Jan-2025 14:38:39.235,0.030543,0.486249,-0.184481
18-Jan-2025 14:38:39.251,0.045815,0.582155,-0.174097
18-Jan-2025 14:38:39.267,0.0562,0.708604,-0.18387
18-Jan-2025 14:38:39.283,0.048869,0.737314,-0.221133
18-Jan-2025 14:38:39.299,0.032987,0.74098,-0.285885
18-Jan-2025 14:38:39.316,0.013439,0.788627,-0.326813
18-Jan-2025 14:38:39.331,-0.025656,0.802066,-0.36713
18-Jan-2025 14:38:39.347,-0.040317,0.796568,-0.378126
18-Jan-2025 14:38:39.364,-0.039095,0.847881,-0.365908
18-Jan-2025 14:38:39.380,-0.054367,0.932791,-0.345139
18-Jan-2025 14:38:39.396,-0.074526,0.93218,-0.335976
18-Jan-2025 14:38:39.412,-0.081245,0.940122,-0.334143
18-Jan-2025 14:38:39.428,-0.073304,0.951117,-0.332922
18-Jan-2025 14:38:39.444,-0.05681,1.007928,-0.312763
18-Jan-2025 14:38:39.460,-0.012217,1.054964,-0.282831
18-Jan-2025 14:38:39.476,0.133779,1.072679,-0.248011
18-Jan-2025 14:38:39.492,0.265116,1.015258,-0.231518
18-Jan-2025 14:38:39.508,0.410501,0.926683,-0.216246
18-Jan-2025 14:38:39.524,0.558942,0.850324,-0.222355
18-Jan-2025 14:38:39.540,0.491747,0.825279,-0.244346
18-Jan-2025 14:38:39.557,0.117897,0.887587,-0.274278
18-Jan-2025 14:38:39.572,-0.182649,0.998765,-0.338419
18-Jan-2025 14:38:39.588,-0.418443,1.097114,-0.299324
18-Jan-2025 14:38:39.604,-0.412334,1.176526,-0.229685
18-Jan-2025 14:38:39.620,-0.328645,1.430036,-0.182649
18-Jan-2025 14:38:39.637,-0.308487,1.563815,-0.142332
18-Jan-2025 14:38:39.653,-0.345139,1.565648,-0.065973
18-Jan-2025 14:38:39.669,-0.340252,1.554652,0.021991
18-Jan-2025 14:38:39.685,-0.292604,1.526552,0.151495
18-Jan-2025 14:38:39.701,-0.264505,1.425149,0.201586
18-Jan-2025 14:38:39.717,-0.23274,1.305419,0.187536
18-Jan-2025 14:38:39.733,-0.197309,1.210124,0.201586
18-Jan-2025 14:38:39.749,-0.213803,1.219287,0.252287
18-Jan-2025 14:38:39.765,-0.33903,1.308473,0.291383
18-Jan-2025 14:38:39.781,-0.45876,1.35551,0.233351
18-Jan-2025 14:38:39.798,-0.563829,1.359786,0.207694
18-Jan-2025 14:38:39.814,-0.586431,1.286482,0.184481
18-Jan-2025 14:38:39.830,-0.511294,1.190576,0.158214
18-Jan-2025 14:38:39.846,-0.394008,1.075734,0.139888
18-Jan-2025 14:38:39.862,-0.24007,0.874148,0.061087
18-Jan-2025 14:38:39.878,-0.163712,0.802066,0.026878
18-Jan-2025 14:38:39.894,-0.139277,0.759305,0.015272
18-Jan-2025 14:38:39.910,-0.143553,0.657902,0.037874
18-Jan-2025 14:38:39.926,-0.133779,0.576046,0.071471
18-Jan-2025 14:38:39.942,-0.145997,0.621861,0.14844
18-Jan-2025 14:38:39.958,-0.221744,0.765414,0.158825
18-Jan-2025 14:38:39.974,-0.251676,0.871705,0.197309
18-Jan-2025 14:38:39.990,-0.114843,0.747088,0.121562
18-Jan-2025 14:38:40.006,0.011606,0.702495,0.082467
18-Jan-2025 14:38:40.022,0.037874,0.765414,0.078191
18-Jan-2025 14:38:40.039,0.054978,0.82589,0.085521
18-Jan-2025 14:38:40.054,0.065363,0.800844,0.087965
18-Jan-2025 14:38:40.070,0.032987,0.769079,0.102014
18-Jan-2025 14:38:40.087,0.015882,0.734871,0.158214
18-Jan-2025 14:38:40.103,0.053756,0.750143,0.214414
18-Jan-2025 14:38:40.119,0.181427,0.800844,0.268781
18-Jan-2025 14:38:40.135,0.31765,0.81184,0.277333
18-Jan-2025 14:38:40.151,0.253509,0.789849,0.220522
18-Jan-2025 14:38:40.167,0.038485,0.768468,0.144775
18-Jan-2025 14:38:40.183,-0.117286,0.714101,0.053145
18-Jan-2025 14:38:40.199,-0.110567,0.708604,0.005498
18-Jan-2025 14:38:40.215,-0.027489,0.744034,-0.058643
18-Jan-2025 14:38:40.231,0.087354,0.794125,-0.150884
18-Jan-2025 14:38:40.247,0.174097,0.893085,-0.206472
18-Jan-2025 14:38:40.263,0.156992,1.070847,-0.242514
18-Jan-2025 14:38:40.280,0.103847,1.252885,-0.238848
18-Jan-2025 14:38:40.296,0.085521,1.361008,-0.229074
18-Jan-2025 14:38:40.312,0.094684,1.385442,-0.227242
18-Jan-2025 14:38:40.328,0.099571,1.382999,-0.224188
18-Jan-2025 14:38:40.344,0.065973,1.431868,-0.200364
18-Jan-2025 14:38:40.360,-0.071471,1.513113,-0.181427
18-Jan-2025 14:38:40.376,-0.16921,1.572367,-0.180205
18-Jan-2025 14:38:40.392,-0.171653,1.627345,-0.16249
18-Jan-2025 14:38:40.408,-0.101404,1.660943,-0.129503
18-Jan-2025 14:38:40.424,-0.039706,1.739133,-0.084299
18-Jan-2025 14:38:40.440,-0.015882,1.825876,-0.015272
18-Jan-2025 14:38:40.456,-0.015272,1.848478,0.0281
18-Jan-2025 14:38:40.472,-0.007941,1.882687,0.081856
18-Jan-2025 14:38:40.489,0.003665,1.860085,0.11301
18-Jan-2025 14:38:40.504,0.009163,1.797166,0.130114
18-Jan-2025 14:38:40.521,0.025656,1.721418,0.108734
18-Jan-2025 14:38:40.536,0.051924,1.775174,0.067195
18-Jan-2025 14:38:40.553,0.061697,1.843591,0.031154
18-Jan-2025 14:38:40.569,0.07086,1.850311,-0.003665
18-Jan-2025 14:38:40.585,0.108734,1.757459,0.135001
18-Jan-2025 14:38:40.601,0.139277,2.019521,0.192423
18-Jan-2025 14:38:40.617,0.283441,2.106874,0.14844
18-Jan-2025 14:38:40.633,0.281609,2.227215,0.002443
18-Jan-2025 14:38:40.649,0.182038,2.51371,-0.26145
18-Jan-2025 14:38:40.665,0.154549,2.723848,-0.419664
18-Jan-2025 14:38:40.681,0.227242,2.714074,-0.520457
18-Jan-2025 14:38:40.697,0.260229,2.487443,-0.583987
18-Jan-2025 14:38:40.713,0.153327,2.291966,-0.623693
18-Jan-2025 14:38:40.729,-0.07086,2.218663,-0.616363
18-Jan-2025 14:38:40.745,-0.354913,2.147802,-0.510683
18-Jan-2025 14:38:40.762,-0.440434,2.344501,-0.513127
18-Jan-2025 14:38:40.777,-0.345139,2.252871,-0.505186
18-Jan-2025 14:38:40.793,-0.21869,2.326786,-0.441656
18-Jan-2025 14:38:40.810,-0.147219,2.282804,-0.376293
18-Jan-2025 14:38:40.826,-0.158214,2.182621,-0.319483
18-Jan-2025 14:38:40.842,-0.144775,1.946828,-0.105069
18-Jan-2025 14:38:40.858,-0.084299,1.92056,0.047037
18-Jan-2025 14:38:40.874,-0.071471,1.871691,0.002443
18-Jan-2025 14:38:40.890,-0.087354,1.720807,-0.060476
18-Jan-2025 14:38:40.906,-0.109345,1.735468,-0.092241
18-Jan-2025 14:38:40.922,-0.11301,1.847257,-0.098349
18-Jan-2025 14:38:40.938,-0.08491,1.936443,-0.093462
18-Jan-2025 14:38:40.954,-0.042761,2.061059,-0.131947
18-Jan-2025 14:38:40.970,0.040928,2.116037,-0.143553
18-Jan-2025 14:38:40.987,0.118508,2.076942,-0.071471
18-Jan-2025 14:38:41.003,0.20464,1.910176,0.09163
18-Jan-2025 14:38:41.019,0.222355,1.833207,0.146608
18-Jan-2025 14:38:41.035,0.181427,1.797166,0.114232
18-Jan-2025 14:38:41.051,0.111788,1.788003,0.041539
18-Jan-2025 14:38:41.067,0.025656,1.806329,-0.053145
18-Jan-2025 14:38:41.083,0.021991,2.031127,-0.111788
18-Jan-2025 14:38:41.099,0.087965,2.128865,-0.092852
18-Jan-2025 14:38:41.115,0.052534,2.138028,-0.028711
18-Jan-2025 14:38:41.131,0.048869,2.08244,0.039706
18-Jan-2025 14:38:41.147,0.095906,1.838094,0.156382
18-Jan-2025 14:38:41.164,0.152716,2.034181,0.080023
18-Jan-2025 14:38:41.179,0.233961,2.208889,-0.058032
18-Jan-2025 14:38:41.195,0.200975,2.189952,-0.128282
18-Jan-2025 14:38:41.212,0.065363,1.902845,-0.080634
18-Jan-2025 14:38:41.227,0.057421,1.820378,-0.094073
18-Jan-2025 14:38:41.244,0.140499,1.808161,-0.05681
18-Jan-2025 14:38:41.260,0.182038,1.811826,-0.03543
18-Jan-2025 14:38:41.276,0.210749,1.788613,0.012217
18-Jan-2025 14:38:41.292,0.230296,1.685988,0.038485
18-Jan-2025 14:38:41.308,0.252898,1.579697,0.092241
18-Jan-2025 14:38:41.324,0.320704,1.48929,0.140499
18-Jan-2025 14:38:41.340,0.379347,1.399492,0.146608
18-Jan-2025 14:38:41.356,0.489303,1.365284,0.140499
18-Jan-2025 14:38:41.372,0.475253,1.34146,0.111788
18-Jan-2025 14:38:41.388,0.415999,1.356121,0.042761
18-Jan-2025 14:38:41.405,0.396452,1.405601,0.025045
18-Jan-2025 14:38:41.420,0.346971,1.320691,0.051924
18-Jan-2025 14:38:41.436,0.305433,1.222341,0.042761
18-Jan-2025 14:38:41.453,0.301157,1.152092,-0.000611
18-Jan-2025 14:38:41.469,0.298713,1.244943,-0.026267
18-Jan-2025 14:38:41.485,0.277333,1.523498,-0.047037
18-Jan-2025 14:38:41.501,0.194255,2.089159,-0.04948
18-Jan-2025 14:38:41.517,0.04215,1.839926,-0.033598
18-Jan-2025 14:38:41.533,0.112399,0.786794,0.023824
18-Jan-2025 14:38:41.549,0.278555,0.295659,0.030543
18-Jan-2025 14:38:41.565,0.260229,0.422108,0.013439
18-Jan-2025 14:38:41.581,0.100793,0.722654,0.065973
18-Jan-2025 14:38:41.597,-0.036041,0.810618,0.106901
18-Jan-2025 14:38:41.613,-0.054978,0.681115,0.08491
18-Jan-2025 14:38:41.629,-0.087965,0.280998,0.07758
18-Jan-2025 14:38:41.646,0.003054,0.313985,0.001833
18-Jan-2025 14:38:41.661,0.010996,0.379347,-0.010385
18-Jan-2025 14:38:41.678,-0.061087,0.373239,0.0281
18-Jan-2025 14:38:41.693,-0.113621,0.330478,0.095906
18-Jan-2025 14:38:41.710,-0.196699,0.3317,0.167988
18-Jan-2025 14:38:41.726,-0.271224,0.309098,0.16249
18-Jan-2025 14:38:41.742,-0.348804,0.213192,0.129503
18-Jan-2025 14:38:41.758,-0.365908,0.192423,0.125838
18-Jan-2025 14:38:41.774,-0.370184,0.207083,0.155771
18-Jan-2025 14:38:41.789,-0.355524,0.248011,0.213192
18-Jan-2025 14:38:41.806,-0.304211,0.222355,0.222355
18-Jan-2025 14:38:41.822,-0.250455,0.164323,0.184481
18-Jan-2025 14:38:41.838,-0.196699,0.149051,0.145997
18-Jan-2025 14:38:41.854,-0.123395,0.185092,0.091019
18-Jan-2025 14:38:41.870,-0.04948,0.227242,0.073304
18-Jan-2025 14:38:41.887,-0.062919,0.21197,0.046426
18-Jan-2025 14:38:41.903,-0.07086,0.228464,0
18-Jan-2025 14:38:41.919,-0.074526,0.956615,-0.201586
18-Jan-2025 14:38:41.935,-0.001222,1.232726,-0.199753
18-Jan-2025 14:38:41.951,-0.057421,0.709215,-0.086132
18-Jan-2025 14:38:41.967,0.002443,0.17654,-0.075747
18-Jan-2025 14:38:41.983,0.06353,0.255342,-0.045815
18-Jan-2025 14:38:41.999,0.07758,0.362243,-0.052534
18-Jan-2025 14:38:42.015,0.122173,0.352469,-0.116675
18-Jan-2025 14:38:42.031,0.168599,0.234572,-0.234572
18-Jan-2025 14:38:42.047,0.096517,0.151495,-0.343917
18-Jan-2025 14:38:42.063,0.149051,0.266948,-0.409891
18-Jan-2025 14:38:42.079,0.200975,0.067806,-0.383623
18-Jan-2025 14:38:42.095,0.560163,0.026267,-0.507629
18-Jan-2025 14:38:42.110,0.747088,0.089797,-0.481973
18-Jan-2025 14:38:42.128,0.442877,0.153327,-0.318261
18-Jan-2025 14:38:42.144,0.024435,0.163101,-0.197309
18-Jan-2025 14:38:42.160,-0.263283,0.177151,-0.08491
18-Jan-2025 14:38:42.176,-0.337198,0.0281,0.074526
18-Jan-2025 14:38:42.192,-0.312763,0.133169,0.109345
18-Jan-2025 14:38:42.208,-0.272446,0.326813,0.145386
18-Jan-2025 14:38:42.224,-0.210749,0.601091,0.086743
18-Jan-2025 14:38:42.240,-0.192423,0.844827,0.075136
18-Jan-2025 14:38:42.256,-0.211359,0.86865,0.074526
18-Jan-2025 14:38:42.272,-0.17654,0.792903,0.163101
18-Jan-2025 14:38:42.288,-0.059865,0.706771,0.252287
18-Jan-2025 14:38:42.304,-0.037874,0.65668,0.255953
18-Jan-2025 14:38:42.320,-0.109345,0.718378,0.179594
18-Jan-2025 14:38:42.336,-0.216857,0.830777,0.073915
18-Jan-2025 14:38:42.352,-0.320704,0.940732,0.00672
18-Jan-2025 14:38:42.369,-0.434325,0.944398,0.072693
18-Jan-2025 14:38:42.385,-0.467312,0.81184,0.18326
18-Jan-2025 14:38:42.400,-0.426384,0.700052,0.3036
18-Jan-2025 14:38:42.417,-0.298102,0.540616,0.436769
18-Jan-2025 14:38:42.433,-0.234572,0.502131,0.463036
18-Jan-2025 14:38:42.449,-0.111788,0.163101,0.325591
18-Jan-2025 14:38:42.465,-0.009163,0.026267,0.219911
18-Jan-2025 14:38:42.481,0.038485,0.005498,0.202196
18-Jan-2025 14:38:42.497,-0.072693,0.164934,0.2755
18-Jan-2025 14:38:42.513,-0.372017,0.810007,0.479529
18-Jan-2025 14:38:42.529,-0.616974,1.466687,0.640798
18-Jan-2025 14:38:42.545,-0.807564,2.08977,0.683558
18-Jan-2025 14:38:42.561,-1.954158,0.466701,0.265116
18-Jan-2025 14:38:42.577,-2.672535,-0.984715,-0.189368
18-Jan-2025 14:38:42.593,-2.59129,-0.777021,-0.34575
18-Jan-2025 14:38:42.610,-2.575408,-0.376904,-0.263894
18-Jan-2025 14:38:42.626,-2.877786,-0.397062,-0.441045
18-Jan-2025 14:38:42.642,-3.256523,-0.525955,-0.632246
18-Jan-2025 14:38:42.658,-3.845397,-0.557109,-0.695165
18-Jan-2025 14:38:42.674,-4.334089,-0.723264,-0.806953
18-Jan-2025 14:38:42.690,-4.777577,-1.132544,-0.75564
18-Jan-2025 14:38:42.706,-5.028032,-0.992045,-0.529009
18-Jan-2025 14:38:42.722,-5.203961,-1.34146,-0.436158
18-Jan-2025 14:38:42.738,-5.345071,-2.930931,-0.356745
18-Jan-2025 14:38:42.754,-5.241835,-3.240029,-0.115454
18-Jan-2025 14:38:42.770,-4.659069,-3.103195,0.379347
18-Jan-2025 14:38:42.786,-3.821573,-2.015855,0.378736
18-Jan-2025 14:38:42.802,-2.448348,-0.619417,-0.185092
18-Jan-2025 14:38:42.818,-1.130101,-0.178373,-0.576657
18-Jan-2025 14:38:42.835,1.054353,1.370782,-1.015258
18-Jan-2025 14:38:42.851,2.620612,2.817921,-1.328632
18-Jan-2025 14:38:42.866,4.535064,4.677395,-1.627956
18-Jan-2025 14:38:42.883,4.727486,2.830139,-2.182011
18-Jan-2025 14:38:42.899,4.327369,3.324329,-2.381153
18-Jan-2025 14:38:42.915,1.921171,2.604729,-1.760514
18-Jan-2025 14:38:42.931,-1.778229,0.918741,-1.172861
18-Jan-2025 14:38:42.947,-6.488,1.169196,0.039095
18-Jan-2025 14:38:42.963,-9.203907,-1.83565,0.55772
18-Jan-2025 14:38:42.979,-10.105544,-6.633996,0.768468
18-Jan-2025 14:38:42.995,-9.56615,-9.776898,1.833207
18-Jan-2025 14:38:43.011,-7.506312,-12.727988,3.648087
18-Jan-2025 14:38:43.027,-5.994421,-13.644286,5.315138
18-Jan-2025 14:38:43.043,-5.698762,-13.022426,8.953452
18-Jan-2025 14:38:43.059,-5.265048,-13.656504,10.994964
18-Jan-2025 14:38:43.076,-3.228423,-13.567317,11.722504
18-Jan-2025 14:38:43.092,0.058643,-12.089634,11.179445
18-Jan-2025 14:38:43.108,1.054964,-8.142222,9.159313
18-Jan-2025 14:38:43.124,1.180802,-3.132517,-0.032987
18-Jan-2025 14:38:43.140,1.48929,-0.403171,-5.38661
18-Jan-2025 14:38:43.156,2.306016,1.251052,-7.399411
18-Jan-2025 14:38:43.172,3.26141,0.737925,-6.672481
18-Jan-2025 14:38:43.188,3.850894,-2.057394,-4.828279
18-Jan-2025 14:38:43.204,4.054924,-3.841121,-3.719558
18-Jan-2025 14:38:43.220,4.22902,-4.39823,-2.835636
18-Jan-2025 14:38:43.236,4.238183,-3.508199,-2.355496
18-Jan-2025 14:38:43.253,3.986507,-1.930334,-1.924836
18-Jan-2025 14:38:43.268,3.355483,0.081245,-1.378112
18-Jan-2025 14:38:43.284,2.538145,0.74098,-1.004873
18-Jan-2025 14:38:43.301,1.183246,0.785573,-0.139888
18-Jan-2025 14:38:43.316,0.340863,1.04458,0.642019
18-Jan-2025 14:38:43.333,-0.301767,1.527163,1.015869
18-Jan-2025 14:38:43.348,-0.434325,1.661554,0.855822
18-Jan-2025 14:38:43.365,-0.544892,1.574811,0.90347
18-Jan-2025 14:38:43.381,-0.737314,1.255939,1.288315
18-Jan-2025 14:38:43.397,-0.886365,0.590096,2.151467
18-Jan-2025 14:38:43.413,-0.705549,0.342085,2.875343
18-Jan-2025 14:38:43.429,-0.166766,0.516181,3.659083
18-Jan-2025 14:38:43.445,0.84727,1.086729,4.343252
18-Jan-2025 14:38:43.461,1.728749,1.169807,4.156327
18-Jan-2025 14:38:43.477,2.486832,2.095268,3.765984
18-Jan-2025 14:38:43.494,2.236378,2.475837,4.064697
18-Jan-2025 14:38:43.509,1.186911,2.269364,3.948022
18-Jan-2025 14:38:43.525,0.32498,1.642617,3.269962
18-Jan-2025 14:38:43.541,-0.246179,1.401936,1.88513
18-Jan-2025 14:38:43.557,-0.309098,1.359786,0.495412
18-Jan-2025 14:38:43.574,-0.199142,0.962724,-1.456303
18-Jan-2025 14:38:43.590,-0.219301,0.688445,-2.524095
18-Jan-2025 14:38:43.606,-0.290772,0.686613,-2.924823
18-Jan-2025 14:38:43.622,-0.513738,0.177762,-2.893669
18-Jan-2025 14:38:43.638,-0.61453,0.026878,-2.543032
18-Jan-2025 14:38:43.654,-0.618806,-0.104458,-2.036014
18-Jan-2025 14:38:43.670,-0.375682,-0.19059,-1.809383
18-Jan-2025 14:38:43.686,0.188757,-0.280387,-1.860085
18-Jan-2025 14:38:43.702,0.62858,0.352469,-1.856419
18-Jan-2025 14:38:43.718,1.436144,1.883908,-1.745242
18-Jan-2025 14:38:43.735,2.455678,1.434922,-2.170404
18-Jan-2025 14:38:43.750,3.475823,-0.43738,-3.064711
18-Jan-2025 14:38:43.766,3.597996,-1.742799,-3.231477
18-Jan-2025 14:38:43.782,3.13435,-2.199115,-2.812424
18-Jan-2025 14:38:43.798,1.876578,-2.271808,-1.760514
18-Jan-2025 14:38:43.815,0.859487,-2.08244,-1.062906
18-Jan-2025 14:38:43.831,-0.092241,-1.862528,-0.642019
18-Jan-2025 14:38:43.847,-0.594983,-1.711644,-0.626137
18-Jan-2025 14:38:43.863,-0.894918,-1.547322,-0.901026
18-Jan-2025 14:38:43.879,-0.818559,-1.48929,-1.29198
18-Jan-2025 14:38:43.895,-0.503964,-1.343904,-1.819768
18-Jan-2025 14:38:43.911,-0.207083,-1.138042,-1.974316
18-Jan-2025 14:38:43.927,0.032987,-0.966389,-2.036014
18-Jan-2025 14:38:43.943,0.069639,-0.957226,-2.175902
18-Jan-2025 14:38:43.959,0.04215,-0.900415,-2.27364
18-Jan-2025 14:38:43.976,-0.106291,-0.883922,-2.360383
18-Jan-2025 14:38:43.991,-0.274278,-0.929126,-2.41414
18-Jan-2025 14:38:44.007,-0.558331,-0.965167,-2.579684
18-Jan-2025 14:38:44.024,-0.759916,-0.869261,-2.776994
18-Jan-2025 14:38:44.040,-0.998765,-0.606589,-3.07143
18-Jan-2025 14:38:44.056,-1.162477,-0.287107,-3.330437
18-Jan-2025 14:38:44.072,-1.353067,0.306043,-3.736663
18-Jan-2025 14:38:44.088,-1.437977,0.718378,-4.029878
18-Jan-2025 14:38:44.104,-1.429425,1.114218,-4.301102
18-Jan-2025 14:38:44.120,-1.310917,1.420873,-4.333478
18-Jan-2025 14:38:44.136,-1.070236,1.516778,-4.315763
18-Jan-2025 14:38:44.152,-0.695165,1.462411,-3.99628
18-Jan-2025 14:38:44.168,-0.344528,1.274265,-3.756821
18-Jan-2025 14:38:44.184,0.298102,0.928515,-3.255912
18-Jan-2025 14:38:44.200,0.894918,0.587041,-2.698803
18-Jan-2025 14:38:44.217,1.569924,0.512516,-1.83565
18-Jan-2025 14:38:44.232,1.894904,0.8827,-1.186911
18-Jan-2025 14:38:44.249,1.910787,1.795333,-0.774577
18-Jan-2025 14:38:44.265,1.685377,2.177124,-0.618806
18-Jan-2025 14:38:44.281,1.381166,2.602286,-0.067806
18-Jan-2025 14:38:44.297,1.049466,2.261423,1.340238
18-Jan-2025 14:38:44.313,-0.076358,1.635286,4.543005
18-Jan-2025 14:38:44.329,-4.016439,0.830777,11.475715
18-Jan-2025 14:38:44.345,-6.48128,-0.64263,15.227038
18-Jan-2025 14:38:44.361,-6.393316,-1.293813,16.430443
18-Jan-2025 14:38:44.377,-4.20092,-0.853379,14.968642
18-Jan-2025 14:38:44.393,-0.048258,-1.032362,13.754852
18-Jan-2025 14:38:44.409,1.191187,-3.54424,13.058466
18-Jan-2025 14:38:44.425,6.657209,-0.753197,-4.875316
18-Jan-2025 14:38:44.442,3.255912,-0.3598,-0.346361
18-Jan-2025 14:38:44.457,-3.114191,0.22602,-4.960837
18-Jan-2025 14:38:44.474,-3.970013,2.700024,-6.33956
18-Jan-2025 14:38:44.490,-2.787378,1.15087,-5.55643
18-Jan-2025 14:38:44.506,-2.221106,-0.932791,-3.596164
18-Jan-2025 14:38:44.522,-1.583363,-2.4569,-2.641381
18-Jan-2025 14:38:44.538,-0.753197,-1.677436,-2.558304
18-Jan-2025 14:38:44.554,-0.700662,-0.239459,-2.491719
18-Jan-2025 14:38:44.570,-0.976774,0.989602,-2.134363
18-Jan-2025 14:38:44.586,-1.061684,1.650558,-1.937665
18-Jan-2025 14:38:44.602,-1.028697,2.541199,-1.527163
18-Jan-2025 14:38:44.619,-0.681726,2.591901,-1.039082
18-Jan-2025 14:38:44.634,0.067806,1.559539,-0.331089
18-Jan-2025 14:38:44.650,0.552833,0.664011,-0.053145
18-Jan-2025 14:38:44.667,0.718378,0.025656,-0.031154
18-Jan-2025 14:38:44.683,0.499688,-0.108734,-0.155771
18-Jan-2025 14:38:44.699,0.111177,-0.131336,-0.250455
18-Jan-2025 14:38:44.715,-0.468534,0.025045,-0.315206
18-Jan-2025 14:38:44.731,-0.923628,0.129503,-0.301157
18-Jan-2025 14:38:44.747,-1.488068,0.135001,-0.105069
18-Jan-2025 14:38:44.763,-1.835039,0.241903,0.188147
18-Jan-2025 14:38:44.778,-2.218052,0.563218,0.568716
18-Jan-2025 14:38:44.795,-2.354275,0.647517,0.802677
18-Jan-2025 14:38:44.811,-2.116648,0.566272,1.218065
18-Jan-2025 14:38:44.827,-1.676214,0.464258,1.573589
18-Jan-2025 14:38:44.843,-1.218065,0.065973,1.957823
18-Jan-2025 14:38:44.860,-1.026254,-0.344528,2.123978
18-Jan-2025 14:38:44.876,-0.777021,-0.431882,2.073277
18-Jan-2025 14:38:44.892,-0.367741,0.443488,1.8778
18-Jan-2025 14:38:44.908,-0.168599,0.483805,1.681101
18-Jan-2025 14:38:44.924,-0.103847,-0.168599,0.992045
18-Jan-2025 14:38:44.940,0.14111,-0.973108,0.296881
18-Jan-2025 14:38:44.956,0.569937,-1.16492,-0.774577
18-Jan-2025 14:38:44.972,0.801455,-1.120327,-2.172237
18-Jan-2025 14:38:44.988,1.031141,-0.753808,-3.742161
18-Jan-2025 14:38:45.004,1.03786,-0.25412,-4.35608
18-Jan-2025 14:38:45.020,0.954172,0.504575,-4.769025
18-Jan-2025 14:38:45.036,0.770301,0.949895,-4.819727
18-Jan-2025 14:38:45.052,0.561996,1.25655,-4.564996
18-Jan-2025 14:38:45.068,0.330478,1.140485,-4.046982
18-Jan-2025 14:38:45.085,0.336587,1.024421,-3.745826
18-Jan-2025 14:38:45.101,0.477697,0.992045,-3.590055
18-Jan-2025 14:38:45.117,0.651182,1.209513,-3.562566
18-Jan-2025 14:38:45.133,0.996932,1.564426,-3.645033
18-Jan-2025 14:38:45.149,1.30603,1.808772,-3.754378
18-Jan-2025 14:38:45.165,1.771509,1.942551,-3.767817
18-Jan-2025 14:38:45.181,2.1533,2.08305,-3.682907
18-Jan-2025 14:38:45.197,2.593734,2.059227,-3.571729
18-Jan-2025 14:38:45.213,2.899166,1.91323,-3.450167
18-Jan-2025 14:38:45.229,3.197269,1.728749,-3.285844
18-Jan-2025 14:38:45.245,3.554625,1.469742,-3.004235
18-Jan-2025 14:38:45.261,3.781256,1.298089,-2.749505
18-Jan-2025 14:38:45.277,3.970624,0.794736,-2.293799
18-Jan-2025 14:38:45.293,3.971846,0.119119,-1.802052
18-Jan-2025 14:38:45.309,3.831958,-0.370795,-0.92485
18-Jan-2025 14:38:45.326,3.800193,-0.722654,-0.43066
18-Jan-2025 14:38:45.342,3.160617,-1.150259,-0.180816
18-Jan-2025 14:38:45.358,1.234559,-0.739758,0.610865
18-Jan-2025 14:38:45.374,-3.661526,1.304197,3.679241
18-Jan-2025 14:38:45.390,-7.728056,2.144748,7.172169
18-Jan-2025 14:38:45.406,-10.449461,1.933999,10.88623
18-Jan-2025 14:38:45.422,-12.090856,-0.606589,16.193426
18-Jan-2025 14:38:45.438,-11.210599,-4.708549,18.396818
18-Jan-2025 14:38:45.454,-7.440949,-2.857628,14.573412
18-Jan-2025 14:38:45.470,-8.23202,1.726305,12.726767
18-Jan-2025 14:38:45.486,-10.948538,1.098947,10.456791
18-Jan-2025 14:38:45.502,-11.124467,-1.803274,10.950371
18-Jan-2025 14:38:45.518,-6.596734,2.35794,2.40742
18-Jan-2025 14:38:45.534,-1.535715,5.179526,-7.309003
18-Jan-2025 14:38:45.550,5.002986,8.266839,-10.087829
18-Jan-2025 14:38:45.566,7.291898,7.813577,-8.006
18-Jan-2025 14:38:45.583,7.696291,6.131255,-5.326745
18-Jan-2025 14:38:45.599,6.607729,3.666413,-2.564412
18-Jan-2025 14:38:45.615,5.176472,2.47828,-1.367116
18-Jan-2025 14:38:45.631,2.864958,1.864972,-0.546114
18-Jan-2025 14:38:45.647,0.960891,2.374433,-0.219911
18-Jan-2025 14:38:45.663,-1.346958,4.007887,0.037874
18-Jan-2025 14:38:45.679,-2.623055,5.405547,0.09163
18-Jan-2025 14:38:45.695,-3.758654,6.337727,0.050091
18-Jan-2025 14:38:45.711,-4.180151,6.014579,0.041539
18-Jan-2025 14:38:45.727,-3.896709,5.474574,-0.026267
18-Jan-2025 14:38:45.744,-3.013398,4.80812,0.010385
18-Jan-2025 14:38:45.759,-1.695151,2.878397,0.124617
18-Jan-2025 14:38:45.775,0.072693,0.856433,-0.492968
18-Jan-2025 14:38:45.791,1.046412,0.066584,-1.161866
18-Jan-2025 14:38:45.808,1.445918,0.941343,-1.373836
18-Jan-2025 14:38:45.824,1.109942,2.401311,-1.130101
18-Jan-2025 14:38:45.840,0.513127,4.774523,-0.842994
18-Jan-2025 14:38:45.856,0.02138,5.645006,-0.821614
18-Jan-2025 14:38:45.872,-0.059254,0.213192,-0.543059
18-Jan-2025 14:38:45.888,0.633467,-0.476475,-0.172875
18-Jan-2025 14:38:45.904,2.173459,1.202794,0.40256
18-Jan-2025 14:38:45.920,3.580892,2.374433,0.799012
18-Jan-2025 14:38:45.936,4.957782,2.728735,0.970054
18-Jan-2025 14:38:45.952,6.156911,2.014634,1.271821
18-Jan-2025 14:38:45.968,6.7354,1.14354,1.615128
18-Jan-2025 14:38:45.985,7.351763,0.118508,1.966375
18-Jan-2025 14:38:46.000,7.729889,-0.976163,2.073277
18-Jan-2025 14:38:46.017,6.726848,-3.337768,1.432479
18-Jan-2025 14:38:46.033,5.940053,-2.645046,0.935235
18-Jan-2025 14:38:46.049,4.709771,-0.665232,0.690889
18-Jan-2025 14:38:46.065,3.40985,0.985326,0.542448
18-Jan-2025 14:38:46.081,1.711644,3.274848,0.446543
18-Jan-2025 14:38:46.097,0.602924,4.56805,0.371406
18-Jan-2025 14:38:46.113,-0.319483,5.190522,0.244957
18-Jan-2025 14:38:46.129,-1.29931,4.376239,0.089186
18-Jan-2025 14:38:46.145,-1.704314,2.297464,0.207083
18-Jan-2025 14:38:46.161,-1.72997,0.600481,0.518625
18-Jan-2025 14:38:46.177,-1.541213,0.672563,0.518014
18-Jan-2025 14:38:46.193,-1.130101,0.643241,0.24007
18-Jan-2025 14:38:46.209,-0.79046,0.736704,0.09896
18-Jan-2025 14:38:46.226,-0.141721,1.571756,0.165544
18-Jan-2025 14:38:46.241,0.264505,1.367727,0.330478
18-Jan-2025 14:38:46.257,0.530231,1.324967,0.666454
18-Jan-2025 14:38:46.273,0.441045,0.830166,0.81184
18-Jan-2025 14:38:46.289,0.429438,0.948063,0.725708
18-Jan-2025 14:38:46.306,0.358578,2.03357,0.293826
18-Jan-2025 14:38:46.322,0.255953,2.428189,0.065973
18-Jan-2025 14:38:46.338,0.324369,2.325564,-0.293215
18-Jan-2025 14:38:46.354,0.50824,1.756238,-0.527788
18-Jan-2025 14:38:46.370,0.896139,0.478307,-0.765414
18-Jan-2025 14:38:46.386,1.146594,-0.455705,-0.911411
18-Jan-2025 14:38:46.402,1.09406,-1.392162,-1.086118
18-Jan-2025 14:38:46.418,0.756862,-1.316415,-1.155757
18-Jan-2025 14:38:46.434,0.178373,-0.67745,-1.155146
18-Jan-2025 14:38:46.450,-0.205251,-0.022602,-1.182024
18-Jan-2025 14:38:46.467,-0.368352,0.62858,-1.218676
18-Jan-2025 14:38:46.483,-0.116064,1.187522,-1.253495
18-Jan-2025 14:38:46.498,0.301157,1.407434,-1.36284
18-Jan-2025 14:38:46.515,0.876592,1.093449,-1.624902
18-Jan-2025 14:38:46.531,1.223563,0.578489,-1.917506
18-Jan-2025 14:38:46.547,1.41171,0.038485,-2.179567
18-Jan-2025 14:38:46.563,1.319469,-0.195477,-2.246762
18-Jan-2025 14:38:46.579,1.066571,0.093462,-2.298075
18-Jan-2025 14:38:46.595,0.820392,0.472199,-2.362216
18-Jan-2025 14:38:46.611,0.462425,0.778242,-2.432465
18-Jan-2025 14:38:46.627,0.24679,1.153924,-2.360994
18-Jan-2025 14:38:46.643,0.064141,1.444696,-2.20278
18-Jan-2025 14:38:46.659,-0.265116,0.943787,-1.633454
18-Jan-2025 14:38:46.675,-0.673173,-0.172875,-0.891863
18-Jan-2025 14:38:46.691,-0.915687,-1.368338,0.102625
18-Jan-2025 14:38:46.708,-0.910189,-1.902845,0.65668
18-Jan-2025 14:38:46.723,-0.76969,-2.14658,1.183246
18-Jan-2025 14:38:46.739,-0.609033,-1.97676,1.409266
18-Jan-2025 14:38:46.755,-0.439823,-1.018312,1.518
18-Jan-2025 14:38:46.772,-0.368963,0.307265,1.448362
18-Jan-2025 14:38:46.788,-0.304211,2.040901,1.216844
18-Jan-2025 14:38:46.804,-0.344528,2.775161,1.005484
18-Jan-2025 14:38:46.820,-0.372017,3.323718,0.794125
18-Jan-2025 14:38:46.836,-0.398895,3.934583,0.456927
18-Jan-2025 14:38:46.852,-0.491747,4.513683,0.274278
18-Jan-2025 14:38:46.869,-0.670119,5.051856,0.193644
18-Jan-2025 14:38:46.884,-0.866818,5.124548,0.07025
18-Jan-2025 14:38:46.900,-2.172848,4.977941,-0.284663
18-Jan-2025 14:38:46.917,-2.662762,5.054299,-0.879035
18-Jan-2025 14:38:46.933,-3.318831,4.643187,-1.822822
18-Jan-2025 14:38:46.949,-3.539964,4.057978,-2.653599
18-Jan-2025 14:38:46.965,-3.083648,3.50209,-3.96085
18-Jan-2025 14:38:46.981,-2.335338,2.139861,-5.01948
18-Jan-2025 14:38:46.997,-1.55343,0.18326,-6.509991
18-Jan-2025 14:38:47.013,-1.395216,-0.934013,-7.901542
18-Jan-2025 14:38:47.029,-1.743409,-2.676201,-10.269867
18-Jan-2025 14:38:47.045,-4.131282,-6.510602,-14.14092
18-Jan-2025 14:38:47.061,-7.820908,-11.072543,-15.781093
18-Jan-2025 14:38:47.077,-9.214292,-19.503706,-12.098797
18-Jan-2025 14:38:47.093,-6.960809,-19.931311,-6.823365
18-Jan-2025 14:38:47.110,-1.735468,-18.421253,-0.420275
18-Jan-2025 14:38:47.125,3.334102,-14.519656,3.01462
18-Jan-2025 14:38:47.142,4.481308,-5.820935,3.054326
18-Jan-2025 14:38:47.158,3.574783,0.946841,2.185065
18-Jan-2025 14:38:47.174,3.499036,5.547267,1.260215
18-Jan-2025 14:38:47.190,4.044539,6.24793,1.075734
18-Jan-2025 14:38:47.206,4.72321,5.573534,1.085508
18-Jan-2025 14:38:47.222,5.23878,3.866166,0.856433
18-Jan-2025 14:38:47.238,5.175861,3.221703,0.438601
18-Jan-2025 14:38:47.254,4.103793,2.816089,-0.139888
18-Jan-2025 14:38:47.270,2.474004,3.144123,-0.598037
18-Jan-2025 14:38:47.286,0.429438,4.143499,-1.132544
18-Jan-2025 14:38:47.302,-0.309098,4.153273,-1.56748
18-Jan-2025 14:38:47.318,-0.535729,3.12763,-2.201558
18-Jan-2025 14:38:47.334,-0.613309,2.206445,-2.539978
18-Jan-2025 14:38:47.351,-0.637132,1.051299,-2.790432
18-Jan-2025 14:38:47.367,-0.615141,0.18326,-2.984077
18-Jan-2025 14:38:47.383,-0.685391,-0.6072,-3.138015
18-Jan-2025 14:38:47.399,-1.309695,-1.140485,-3.079983
18-Jan-2025 14:38:47.415,-1.886352,-1.279763,-2.784935
18-Jan-2025 14:38:47.431,-2.290745,-1.966375,-2.243097
18-Jan-2025 14:38:47.446,-2.285858,-2.649933,-1.813048
18-Jan-2025 14:38:47.463,-2.211943,-3.47338,-1.332297
18-Jan-2025 14:38:47.479,-2.208278,-3.828903,-1.035417
18-Jan-2025 14:38:47.495,-2.327397,-3.623653,-0.749532
18-Jan-2025 14:38:47.511,-2.320066,-3.185662,-0.595594
18-Jan-2025 14:38:47.527,-1.921782,-2.615114,-0.318872
18-Jan-2025 14:38:47.543,-1.266935,-2.41414,-0.015882
18-Jan-2025 14:38:47.559,-0.470977,-2.251038,0.333532
18-Jan-2025 14:38:47.575,0.440434,-2.062892,0.69211
18-Jan-2025 14:38:47.592,0.914465,-1.9059,0.748921
18-Jan-2025 14:38:47.607,1.431868,-1.39827,0.626137
18-Jan-2025 14:38:47.624,1.47524,-0.897361,0.445932
18-Jan-2025 14:38:47.640,1.290758,0.270002,0.306043
18-Jan-2025 14:38:47.656,1.233948,1.057408,0.24007
18-Jan-2025 14:38:47.672,1.161866,1.403157,0.154549
18-Jan-2025 14:38:47.688,1.045801,1.17897,-0.051313
18-Jan-2025 14:38:47.704,0.925461,0.67745,-0.397673
18-Jan-2025 14:38:47.720,0.90347,0.441045,-0.520457
18-Jan-2025 14:38:47.736,0.93218,0.335976,-0.609033
18-Jan-2025 14:38:47.752,0.936456,0.2474,-0.885144
18-Jan-2025 14:38:47.768,0.84727,0.238237,-1.16492
18-Jan-2025 14:38:47.784,0.80451,0.305433,-1.490511
18-Jan-2025 14:38:47.800,0.863763,0.292604,-1.565037
18-Jan-2025 14:38:47.816,1.217454,0.469145,-1.431257
18-Jan-2025 14:38:47.833,1.630399,0.485638,-1.280374
18-Jan-2025 14:38:47.848,2.109929,0.307265,-1.116662
18-Jan-2025 14:38:47.864,2.385429,0.274278,-1.05924
18-Jan-2025 14:38:47.881,2.59801,0.299324,-0.968832
18-Jan-2025 14:38:47.897,2.64749,0.435547,-0.923628
18-Jan-2025 14:38:47.913,2.580906,0.403782,-0.902248
18-Jan-2025 14:38:47.929,2.381153,0.194255,-0.877813
18-Jan-2025 14:38:47.945,2.266921,0.133169,-0.806953
18-Jan-2025 14:38:47.961,2.28036,0.200975,-0.619417
18-Jan-2025 14:38:47.977,2.434909,0.241903,-0.431882
18-Jan-2025 14:38:47.993,2.751948,0.100793,-0.182649
18-Jan-2025 14:38:48.009,2.948036,-0.068417,-0.054978
18-Jan-2025 14:38:48.025,3.038444,-0.11973,0.012828
18-Jan-2025 14:38:48.041,2.981022,-0.131947,0.024435
18-Jan-2025 14:38:48.058,2.828917,-0.14844,0.024435
18-Jan-2025 14:38:48.074,2.707355,-0.160047,0.006109
18-Jan-2025 14:38:48.090,2.653599,-0.154549,-0.001222
18-Jan-2025 14:38:48.105,2.659096,-0.307876,0.004887
18-Jan-2025 14:38:48.122,2.662151,-0.509462,-0.012828
18-Jan-2025 14:38:48.138,2.670703,-0.474642,-0.138666
18-Jan-2025 14:38:48.154,2.707966,-0.165544,-0.265726
18-Jan-2025 14:38:48.170,2.792876,0.285885,-0.42394
18-Jan-2025 14:38:48.186,2.794098,0.337198,-0.537561
18-Jan-2025 14:38:48.202,2.663373,0.231518,-0.654848
18-Jan-2025 14:38:48.218,2.542421,0.379958,-0.682947
18-Jan-2025 14:38:48.234,2.483167,0.829555,-0.605978
18-Jan-2025 14:38:48.250,2.602286,1.247387,-0.521679
18-Jan-2025 14:38:48.266,2.872288,1.676214,-0.460592
18-Jan-2025 14:38:48.282,3.272405,2.250427,-0.411723
18-Jan-2025 14:38:48.298,3.543629,2.737898,-0.415999
18-Jan-2025 14:38:48.315,3.849062,3.426954,-0.302378
18-Jan-2025 14:38:48.330,3.99567,3.922366,-0.205251
18-Jan-2025 14:38:48.346,4.028656,4.102571,0.023213
18-Jan-2025 14:38:48.363,4.131282,3.707341,0.313985
18-Jan-2025 14:38:48.379,4.348139,3.092811,0.772745
18-Jan-2025 14:38:48.395,4.45504,2.926044,0.964556
18-Jan-2025 14:38:48.411,4.543005,3.137404,1.049466
18-Jan-2025 14:38:48.427,4.492303,3.260799,1.04458
18-Jan-2025 14:38:48.443,3.623653,1.491122,0.497244
18-Jan-2025 14:38:48.459,2.546086,-0.887587,-0.260229
18-Jan-2025 14:38:48.475,2.477059,-1.102612,-0.180205
18-Jan-2025 14:38:48.491,2.510656,-1.318247,0.149051
18-Jan-2025 14:38:48.507,2.546086,-1.411099,0.324369
18-Jan-2025 14:38:48.523,2.56258,-1.244943,0.555277
18-Jan-2025 14:38:48.540,2.75317,-1.134377,0.919352
18-Jan-2025 14:38:48.556,2.775772,-1.08734,1.138042
18-Jan-2025 14:38:48.572,2.919325,-1.041525,1.04458
18-Jan-2025 14:38:48.588,3.087313,-1.424538,0.671341
18-Jan-2025 14:38:48.604,3.100141,-1.839926,0.519235
18-Jan-2025 14:38:48.620,3.003014,-2.128254,0.299935
18-Jan-2025 14:38:48.636,2.921158,-1.361008,-0.032376
18-Jan-2025 14:38:48.652,2.286469,0.647517,-0.040928
18-Jan-2025 14:38:48.668,1.230893,1.290147,0.114232
18-Jan-2025 14:38:48.684,0.397673,0.364076,0.161879
18-Jan-2025 14:38:48.700,-0.729984,-0.014661,-0.074526
18-Jan-2025 14:38:48.717,-1.240056,0.20464,-0.259618
18-Jan-2025 14:38:48.732,-1.359786,0.369573,-0.432493
18-Jan-2025 14:38:48.748,-1.213178,0.492968,-0.379958
18-Jan-2025 14:38:48.764,-0.750753,0.511905,-0.207083
18-Jan-2025 14:38:48.780,-0.354913,0.517403,-0.097128
18-Jan-2025 14:38:48.797,-0.066584,0.580322,0
18-Jan-2025 14:38:48.813,0.130114,0.941343,0.074526
18-Jan-2025 14:38:48.829,0.099571,0.909578,0.076358
18-Jan-2025 14:38:48.845,-0.135001,0.598648,0.126449
18-Jan-2025 14:38:48.861,-0.362854,0.166155,0.19059
18-Jan-2025 14:38:48.877,-0.37385,-0.361632,0.186314
18-Jan-2025 14:38:48.893,-0.218079,-0.004887,0.100182
18-Jan-2025 14:38:48.909,-0.013439,0.527177,0.004887
18-Jan-2025 14:38:48.925,0.096517,0.932791,-0.090408
18-Jan-2025 14:38:48.941,0.084299,1.148427,-0.000611
18-Jan-2025 14:38:48.958,0.011606,1.091616,0.14844
18-Jan-2025 14:38:48.973,-0.057421,0.957226,0.256563
18-Jan-2025 14:38:48.989,-0.085521,0.879035,0.230907
18-Jan-2025 14:38:49.006,-0.087354,0.929737,0.135001
18-Jan-2025 14:38:49.022,-0.07086,0.899194,0.060476
18-Jan-2025 14:38:49.038,-0.023824,0.607811,0.090408
18-Jan-2025 14:38:49.054,0.142332,0.523512,0.233961
18-Jan-2025 14:38:49.070,0.16249,0.676839,0.194866
18-Jan-2025 14:38:49.086,0.09163,0.728762,0.149662
18-Jan-2025 14:38:49.102,0.002443,0.764192,0.147829
18-Jan-2025 14:38:49.118,-0.111177,0.845438,0.185703
18-Jan-2025 14:38:49.134,-0.154549,0.831388,0.209527
18-Jan-2025 14:38:49.150,-0.147829,0.791681,0.230907
18-Jan-2025 14:38:49.166,-0.16249,0.84727,0.19792
18-Jan-2025 14:38:49.182,-0.219301,0.718378,0.191201
18-Jan-2025 14:38:49.199,-0.26145,0.558331,0.237016
18-Jan-2025 14:38:49.214,-0.250455,0.564439,0.213803
18-Jan-2025 14:38:49.230,-0.196088,0.533896,0.189979
18-Jan-2025 14:38:49.247,-0.166155,0.583987,0.207694
18-Jan-2025 14:38:49.263,-0.210138,0.733649,0.20464
18-Jan-2025 14:38:49.279,-0.260839,0.780686,0.249844
18-Jan-2025 14:38:49.295,-0.271224,0.714712,0.364076
18-Jan-2025 14:38:49.311,-0.222355,0.716545,0.385456
18-Jan-2025 14:38:49.327,-0.14844,0.839329,0.439212
18-Jan-2025 14:38:49.343,-0.100793,0.988991,0.31093
18-Jan-2025 14:38:49.359,-0.095906,0.99571,0.271835
18-Jan-2025 14:38:49.375,-0.165544,0.998154,0.255342
18-Jan-2025 14:38:49.391,-0.189368,0.844216,0.356745
18-Jan-2025 14:38:49.407,-0.137445,0.899805,0.397673
18-Jan-2025 14:38:49.423,-0.156992,0.884533,0.467312
18-Jan-2025 14:38:49.440,-0.174097,0.759305,0.549779
18-Jan-2025 14:38:49.455,-0.171042,0.84727,0.568105
18-Jan-2025 14:38:49.471,-0.169821,1.024421,0.466701
18-Jan-2025 14:38:49.488,-0.200975,1.161866,0.314596
18-Jan-2025 14:38:49.504,-0.258396,1.191187,0.219301
18-Jan-2025 14:38:49.520,-0.340252,1.315804,0.219911
18-Jan-2025 14:38:49.536,-0.375071,1.395827,0.239459
18-Jan-2025 14:38:49.552,-0.284052,1.233337,0.274278
18-Jan-2025 14:38:49.568,-0.196088,1.353067,0.192423
18-Jan-2025 14:38:49.584,-0.131336,1.387275,0.177762
18-Jan-2025 14:38:49.600,-0.13439,1.337184,0.228464
18-Jan-2025 14:38:49.616,-0.172264,1.357953,0.290161
18-Jan-2025 14:38:49.632,-0.172264,1.342682,0.306654
18-Jan-2025 14:38:49.648,-0.124006,1.329243,0.306654
18-Jan-2025 14:38:49.664,-0.087965,1.204626,0.284052
18-Jan-2025 14:38:49.681,-0.026878,1.075734,0.233351
18-Jan-2025 14:38:49.696,0.135612,0.98105,0.108123
18-Jan-2025 14:38:49.712,0.226631,1.036027,0.061697
18-Jan-2025 14:38:49.729,0.235183,1.051299,0.071471
18-Jan-2025 14:38:49.744,0.059254,1.20035,0.101404
18-Jan-2025 14:38:49.761,-0.241292,1.33413,0.259007
18-Jan-2025 14:38:49.777,-0.386067,1.370171,0.375071
18-Jan-2025 14:38:49.793,-0.367741,1.340849,0.391565
18-Jan-2025 14:38:49.809,-0.259007,1.340238,0.328645
18-Jan-2025 14:38:49.825,-0.130114,1.393384,0.246179
18-Jan-2025 14:38:49.841,-0.065973,1.381777,0.212581
18-Jan-2025 14:38:49.857,0.030543,1.253495,0.141721
18-Jan-2025 14:38:49.873,0.144164,1.470963,0.085521
18-Jan-2025 14:38:49.889,0.094684,1.444085,0.234572
18-Jan-2025 14:38:49.905,-0.02138,1.56748,0.301157
18-Jan-2025 14:38:49.922,-0.045204,1.63773,0.306043
18-Jan-2025 14:38:49.937,0.068417,1.696373,0.313374
18-Jan-2025 14:38:49.954,0.207083,1.911397,0.348804
18-Jan-2025 14:38:49.969,0.321926,1.915063,0.194255
18-Jan-2025 14:38:49.986,0.32498,1.883298,0.0562
18-Jan-2025 14:38:50.002,0.192423,1.926058,0.22602
18-Jan-2025 14:38:50.018,0.039706,1.82893,0.265726
18-Jan-2025 14:38:50.034,-0.087965,1.404379,0.306043
18-Jan-2025 14:38:50.050,-0.07086,1.335351,0.329256
18-Jan-2025 14:38:50.066,-0.026878,1.35551,0.376293
18-Jan-2025 14:38:50.082,-0.089797,1.379334,0.447764
18-Jan-2025 14:38:50.098,-0.168599,1.41232,0.471588
18-Jan-2025 14:38:50.114,-0.257174,1.46119,0.439823
18-Jan-2025 14:38:50.130,-0.277333,1.476461,0.456927
18-Jan-2025 14:38:50.146,-0.24007,1.451416,0.527177
18-Jan-2025 14:38:50.163,-0.263894,1.441642,0.486249
18-Jan-2025 14:38:50.178,-0.29627,1.450194,0.412334
18-Jan-2025 14:38:50.195,-0.301767,1.451416,0.396452
18-Jan-2025 14:38:50.211,-0.300546,1.479516,0.40256
18-Jan-2025 14:38:50.227,-0.329867,1.470353,0.413556
18-Jan-2025 14:38:50.243,-0.363465,1.495398,0.379347
18-Jan-2025 14:38:50.259,-0.329256,1.505783,0.291994
18-Jan-2025 14:38:50.275,-0.255342,1.578476,0.265116
18-Jan-2025 14:38:50.290,-0.099571,1.565648,0.285885
18-Jan-2025 14:38:50.307,-0.018326,1.511281,0.37446
18-Jan-2025 14:38:50.323,0.055589,1.459357,0.3598
18-Jan-2025 14:38:50.339,0.034208,1.455081,0.307876
18-Jan-2025 14:38:50.355,0.005498,1.52472,0.146608
18-Jan-2025 14:38:50.371,0.025045,1.566869,-0.086743
18-Jan-2025 14:38:50.387,0.065363,1.640784,-0.249233
18-Jan-2025 14:38:50.404,0.147219,1.700649,-0.376904
18-Jan-2025 14:38:50.420,0.199753,1.717142,-0.453873
18-Jan-2025 14:38:50.436,0.270002,1.737912,-0.524122
18-Jan-2025 14:38:50.452,0.372017,1.789835,-0.576046
18-Jan-2025 14:38:50.468,0.439823,1.85703,-0.688445
18-Jan-2025 14:38:50.484,0.399506,1.921782,-0.643852
18-Jan-2025 14:38:50.500,0.256563,2.015244,-0.529009
18-Jan-2025 14:38:50.516,0.031154,2.029905,-0.463036
18-Jan-2025 14:38:50.532,-0.208305,2.236378,-0.38851
18-Jan-2025 14:38:50.548,-0.308487,2.288912,-0.329256
18-Jan-2025 14:38:50.564,-0.38851,2.217441,-0.34575
18-Jan-2025 14:38:50.580,-0.45204,2.111761,-0.414777
18-Jan-2025 14:38:50.596,-0.442266,2.090992,-0.445321
18-Jan-2025 14:38:50.611,-0.412945,1.984701,-0.361632
18-Jan-2025 14:38:50.628,-0.412334,1.912008,-0.185703
18-Jan-2025 14:38:50.645,-0.288328,1.950493,0.099571
18-Jan-2025 14:38:50.660,-0.135001,1.8497,0.21869
18-Jan-2025 14:38:50.677,0.029322,1.706147,0.19059
18-Jan-2025 14:38:50.692,0.034819,1.668884,0.099571
18-Jan-2025 14:38:50.709,-0.117286,1.698205,-0.095295
18-Jan-2025 14:38:50.725,-0.155771,1.5742,-0.266337
18-Jan-2025 14:38:50.741,-0.140499,1.469131,-0.171653
18-Jan-2025 14:38:50.757,-0.225409,1.449583,-0.059865
18-Jan-2025 14:38:50.773,-0.26145,1.460579,0.073915
18-Jan-2025 14:38:50.789,-0.178984,1.373836,0.174097
18-Jan-2025 14:38:50.805,-0.043982,1.315193,0.208305
18-Jan-2025 14:38:50.821,0.076358,1.243722,0.265116
18-Jan-2025 14:38:50.837,0.087965,1.196074,0.295048
18-Jan-2025 14:38:50.853,0.072693,1.130712,0.329867
18-Jan-2025 14:38:50.870,0.054367,1.040914,0.347582
18-Jan-2025 14:38:50.886,0.026267,0.961502,0.334754
18-Jan-2025 14:38:50.901,0.020769,0.919352,0.319483
18-Jan-2025 14:38:50.917,0.020159,0.707382,0.22602
18-Jan-2025 14:38:50.934,0.096517,0.604146,0.231518
18-Jan-2025 14:38:50.950,0.109345,0.643852,0.263283
18-Jan-2025 14:38:50.966,0.081245,0.625526,0.319483
18-Jan-2025 14:38:50.982,0.080023,0.612087,0.348804
18-Jan-2025 14:38:50.998,0.102625,0.595594,0.335365
18-Jan-2025 14:38:51.014,0.108734,0.53634,0.290772
18-Jan-2025 14:38:51.030,0.086743,0.42333,0.224188
18-Jan-2025 14:38:51.046,0.060476,0.365297,0.164934
18-Jan-2025 14:38:51.062,0.018326,0.298102,0.113621
18-Jan-2025 14:38:51.078,0.009163,0.260839,0.08491
18-Jan-2025 14:38:51.094,0.053756,0.19792,0.064141
18-Jan-2025 14:38:51.111,0.12706,0.069639,0.07086
18-Jan-2025 14:38:51.127,0.142332,-0.036041,0.098349
18-Jan-2025 14:38:51.143,0.187536,-0.110567,0.160658
18-Jan-2025 14:38:51.159,0.283441,-0.182038,0.191812
18-Jan-2025 14:38:51.175,0.389121,-0.2755,0.234572
18-Jan-2025 14:38:51.191,0.453262,-0.253509,0.240681
18-Jan-2025 14:38:51.207,0.46609,-0.200364,0.220522
18-Jan-2025 14:38:51.223,0.398284,-0.065363,0.149662
18-Jan-2025 14:38:51.239,0.200975,0.079412,-0.039095
18-Jan-2025 14:38:51.255,0.07025,0.130725,-0.095295
18-Jan-2025 14:38:51.271,0.006109,0.172875,-0.105069
18-Jan-2025 14:38:51.288,-0.025045,-0.047037,-0.120951
18-Jan-2025 14:38:51.303,-0.029932,-0.274278,-0.12034
18-Jan-2025 14:38:51.319,-0.029932,-0.476475,-0.108734
18-Jan-2025 14:38:51.335,-0.087965,-0.489914,-0.094073
18-Jan-2025 14:38:51.352,-0.186925,-0.435547,-0.106901
18-Jan-2025 14:38:51.368,-0.224188,-0.3317,-0.0281
18-Jan-2025 14:38:51.384,-0.130725,-0.379347,-0.007941
18-Jan-2025 14:38:51.400,-0.006109,-0.558942,0.038485
18-Jan-2025 14:38:51.416,0.150273,-0.321315,0.073915
18-Jan-2025 14:38:51.432,0.182038,-0.363465,-0.038485
18-Jan-2025 14:38:51.448,0.137445,-0.479529,-0.152105
18-Jan-2025 14:38:51.464,-0.064141,-0.530842,-0.209527
18-Jan-2025 14:38:51.480,-0.2474,-0.428827,-0.171653
18-Jan-2025 14:38:51.496,-0.367741,-0.286496,-0.13439
18-Jan-2025 14:38:51.512,-0.338419,-0.297491,-0.102625
18-Jan-2025 14:38:51.529,-0.221133,-0.338419,-0.067806
18-Jan-2025 14:38:51.544,-0.154549,-0.304211,-0.045815
18-Jan-2025 14:38:51.560,-0.11973,-0.202807,-0.018326
18-Jan-2025 14:38:51.577,-0.092241,-0.173486,-0.032376
18-Jan-2025 14:38:51.593,-0.099571,-0.133779,-0.078802
18-Jan-2025 14:38:51.609,-0.12034,-0.107512,-0.131947
18-Jan-2025 14:38:51.625,-0.133779,-0.025045,-0.156992
18-Jan-2025 14:38:51.641,-0.144164,0.119119,-0.152716
18-Jan-2025 14:38:51.657,-0.135612,0.212581,-0.115454
18-Jan-2025 14:38:51.673,-0.103847,0.270002,-0.072693
18-Jan-2025 14:38:51.689,-0.075747,0.291383,-0.052534
18-Jan-2025 14:38:51.705,-0.050702,0.29627,-0.065363
18-Jan-2025 14:38:51.721,-0.044593,0.372017,-0.075747
18-Jan-2025 14:38:51.737,-0.067195,0.502131,-0.102625
18-Jan-2025 14:38:51.753,-0.073915,0.558331,-0.138666
18-Jan-2025 14:38:51.770,-0.039706,0.587041,-0.210138
18-Jan-2025 14:38:51.786,-0.014661,0.600481,-0.260229
18-Jan-2025 14:38:51.801,-0.017715,0.649961,-0.299935
18-Jan-2025 14:38:51.818,-0.072693,0.666454,-0.367741
18-Jan-2025 14:38:51.834,-0.142332,0.686613,-0.398284
18-Jan-2025 14:38:51.850,-0.17654,0.757473,-0.389732
18-Jan-2025 14:38:51.866,-0.116675,0.753808,-0.378126
18-Jan-2025 14:38:51.882,0.087354,0.821003,-0.391565
18-Jan-2025 14:38:51.898,0.229685,0.783129,-0.396452
18-Jan-2025 14:38:51.914,0.259007,0.637743,-0.470977
18-Jan-2025 14:38:51.931,0.131947,0.764803,-0.397062
18-Jan-2025 14:38:51.946,-0.160658,0.864374,-0.307876
18-Jan-2025 14:38:51.962,-0.24679,0.948063,-0.250455
18-Jan-2025 14:38:51.978,-0.24679,1.026865,-0.191201
18-Jan-2025 14:38:51.994,-0.262061,1.07329,-0.147219
18-Jan-2025 14:38:52.011,-0.286496,1.092838,-0.138666
18-Jan-2025 14:38:52.027,-0.314596,1.116051,-0.059865
18-Jan-2025 14:38:52.043,-0.334754,1.188133,0.025045
18-Jan-2025 14:38:52.059,-0.299324,1.274876,0.15516
18-Jan-2025 14:38:52.075,-0.227242,1.318858,0.286496
18-Jan-2025 14:38:52.091,-0.156382,1.414153,0.387899
18-Jan-2025 14:38:52.107,-0.191812,1.399492,0.394619
18-Jan-2025 14:38:52.123,-0.201586,1.290758,0.623083
18-Jan-2025 14:38:52.139,-0.087354,1.291369,0.774577
18-Jan-2025 14:38:52.155,0.084299,1.140485,0.693332
18-Jan-2025 14:38:52.172,0.099571,1.061684,0.695165
18-Jan-2025 14:38:52.187,-0.029932,1.09406,0.682336
18-Jan-2025 14:38:52.203,-0.203418,1.083064,0.572992
18-Jan-2025 14:38:52.220,-0.242514,1.070236,0.419054
18-Jan-2025 14:38:52.236,-0.216246,1.167364,0.24007
18-Jan-2025 14:38:52.252,-0.191201,1.204015,0.11301
18-Jan-2025 14:38:52.268,-0.172264,1.13682,-0.012217
18-Jan-2025 14:38:52.284,-0.166155,1.043969,-0.026878
18-Jan-2025 14:38:52.300,-0.133169,0.943787,0.028711
18-Jan-2025 14:38:52.316,-0.127671,0.87537,0.093462
18-Jan-2025 14:38:52.332,-0.158214,0.810007,0.131947
18-Jan-2025 14:38:52.348,-0.188757,0.814894,0.106901
18-Jan-2025 14:38:52.364,-0.214414,0.829555,0.064141
18-Jan-2025 14:38:52.380,-0.237016,0.766025,0.014661
18-Jan-2025 14:38:52.396,-0.251676,0.72754,0.024435
18-Jan-2025 14:38:52.413,-0.226631,0.664621,0.065973
18-Jan-2025 14:38:52.429,-0.174707,0.56505,0.072693
18-Jan-2025 14:38:52.445,-0.086132,0.434325,0.081245
18-Jan-2025 14:38:52.461,-0.048869,0.346361,0.127671
18-Jan-2025 14:38:52.477,0.010996,0.111177,0.16249
18-Jan-2025 14:38:52.493,0.067195,-0.04948,0.103236
18-Jan-2025 14:38:52.509,0.19059,-0.057421,0.199142
18-Jan-2025 14:38:52.525,0.19059,-0.171653,0.256563
18-Jan-2025 14:38:52.541,0.220522,-0.296881,0.291994
18-Jan-2025 14:38:52.557,0.329256,-0.356134,0.420886
18-Jan-2025 14:38:52.574,0.351248,-0.427606,0.470366
18-Jan-2025 14:38:52.589,0.396452,-0.592539,0.525344
18-Jan-2025 14:38:52.605,0.484416,-0.686613,0.535729
18-Jan-2025 14:38:52.622,0.570548,-0.747699,0.507629
18-Jan-2025 14:38:52.638,0.502742,-0.750753,0.503964
18-Jan-2025 14:38:52.654,0.428827,-0.700662,0.502742
18-Jan-2025 14:38:52.670,0.378736,-0.714712,0.463036
18-Jan-2025 14:38:52.686,0.235183,-0.817338,0.377515
18-Jan-2025 14:38:52.702,0.144775,-0.877813,0.280998
18-Jan-2025 14:38:52.718,0.128893,-0.905302,0.212581
18-Jan-2025 14:38:52.734,0.18387,-0.82589,0.15516
18-Jan-2025 14:38:52.750,0.243124,-0.676228,0.103847
18-Jan-2025 14:38:52.766,0.276722,-0.521068,-0.003665
18-Jan-2025 14:38:52.782,0.269392,-0.430049,-0.06353
18-Jan-2025 14:38:52.798,0.284052,-0.277333,-0.135612
18-Jan-2025 14:38:52.815,0.305433,-0.133779,-0.174097
18-Jan-2025 14:38:52.831,0.320093,0.045815,-0.242514
18-Jan-2025 14:38:52.846,0.308487,0.173486,-0.321926
18-Jan-2025 14:38:52.863,0.254731,0.347582,-0.425162
18-Jan-2025 14:38:52.879,0.180816,0.431882,-0.512516
18-Jan-2025 14:38:52.895,0.027489,0.569937,-0.527788
18-Jan-2025 14:38:52.911,-0.072082,0.733038,-0.509462
18-Jan-2025 14:38:52.927,-0.112399,0.84727,-0.492968
18-Jan-2025 14:38:52.943,-0.157603,0.98838,-0.439823
18-Jan-2025 14:38:52.959,-0.200364,1.045801,-0.417832
18-Jan-2025 14:38:52.975,-0.238848,1.124603,-0.380569
18-Jan-2025 14:38:52.991,-0.254731,1.196074,-0.330478
18-Jan-2025 14:38:53.007,-0.255953,1.258382,-0.224188
18-Jan-2025 14:38:53.023,-0.219911,1.304197,-0.140499
18-Jan-2025 14:38:53.039,-0.164934,1.337795,-0.043982
18-Jan-2025 14:38:53.056,-0.151495,1.345125,0.011606
18-Jan-2025 14:38:53.072,-0.178984,1.408044,0.107512
18-Jan-2025 14:38:53.087,-0.198531,1.469131,0.159436
18-Jan-2025 14:38:53.104,-0.209527,1.477072,0.171042
18-Jan-2025 14:38:53.120,-0.156382,1.555874,0.166766
18-Jan-2025 14:38:53.136,-0.118508,1.698816,0.174097
18-Jan-2025 14:38:53.152,-0.133779,1.72997,0.07758
18-Jan-2025 14:38:53.168,-0.122173,1.750129,0.01405
18-Jan-2025 14:38:53.184,-0.106901,1.802663,-0.096517
18-Jan-2025 14:38:53.200,-0.116675,1.869248,-0.163101
18-Jan-2025 14:38:53.217,-0.110567,1.966986,-0.249233
18-Jan-2025 14:38:53.232,-0.100182,2.015855,-0.307265
18-Jan-2025 14:38:53.248,-0.032376,2.017077,-0.415999
18-Jan-2025 14:38:53.265,0.018937,2.045788,-0.462425
18-Jan-2025 14:38:53.279,0.093462,2.04762,-0.497855
18-Jan-2025 14:38:53.297,0.214414,1.993864,-0.574213
18-Jan-2025 14:38:53.313,0.321315,2.151467,-0.503353
18-Jan-2025 14:38:53.329,0.404393,2.158798,-0.496023
18-Jan-2025 14:38:53.345,0.285274,2.284025,-0.594983
18-Jan-2025 14:38:53.361,-0.013439,2.436131,-0.575435
18-Jan-2025 14:38:53.377,-0.168599,2.43552,-0.478307
18-Jan-2025 14:38:53.393,-0.111177,2.471561,-0.664011
18-Jan-2025 14:38:53.409,-0.31093,2.694527,-0.667676
18-Jan-2025 14:38:53.425,-0.493579,2.696359,-0.611476
18-Jan-2025 14:38:53.441,-0.474031,2.616947,-0.513738
18-Jan-2025 14:38:53.458,-0.448375,2.574186,-0.401338
18-Jan-2025 14:38:53.473,-0.48686,2.535702,-0.288939
18-Jan-2025 14:38:53.490,-0.561996,2.549141,-0.161268
18-Jan-2025 14:38:53.505,-0.631024,2.491108,-0.058643
18-Jan-2025 14:38:53.522,-0.631635,2.441628,-0.177151
18-Jan-2025 14:38:53.538,-0.639576,2.365881,-0.219911
18-Jan-2025 14:38:53.554,-0.590096,2.34389,-0.144164
18-Jan-2025 14:38:53.570,-0.471588,2.371379,-0.108123
18-Jan-2025 14:38:53.586,-0.370795,2.404366,-0.172264
18-Jan-2025 14:38:53.602,-0.280998,2.433076,-0.397673
18-Jan-2025 14:38:53.618,-0.249233,2.497217,-0.379958
18-Jan-2025 14:38:53.634,-0.271224,2.444683,-0.401338
18-Jan-2025 14:38:53.650,-0.292604,2.436131,-0.357967
18-Jan-2025 14:38:53.666,-0.316428,2.433076,-0.232129
18-Jan-2025 14:38:53.682,-0.35308,2.484389,-0.109345
18-Jan-2025 14:38:53.699,-0.315817,2.51371,-0.075136
18-Jan-2025 14:38:53.714,-0.215025,2.486222,-0.044593
18-Jan-2025 14:38:53.731,-0.166155,2.41475,-0.012828
18-Jan-2025 14:38:53.747,-0.034819,2.304184,0.013439
18-Jan-2025 14:38:53.763,0.017715,2.218663,0.028711
18-Jan-2025 14:38:53.779,0.029932,2.204613,0.010996
18-Jan-2025 14:38:53.795,0.01405,2.363438,0.109345
18-Jan-2025 14:38:53.811,-0.012217,2.689029,0.150273
18-Jan-2025 14:38:53.827,-0.005498,2.58396,0.119119
18-Jan-2025 14:38:53.843,-0.052534,2.419637,0.095295
18-Jan-2025 14:38:53.859,-0.083078,2.381153,0.08491
18-Jan-2025 14:38:53.875,-0.092241,2.215608,0.075136
18-Jan-2025 14:38:53.891,-0.088575,2.342668,0.103236
18-Jan-2025 14:38:53.907,-0.04215,2.239432,0.122784
18-Jan-2025 14:38:53.923,-0.04948,2.156354,0.092241
18-Jan-2025 14:38:53.940,-0.079412,2.050064,0.062308
18-Jan-2025 14:38:53.956,-0.121562,1.864972,0.009163
18-Jan-2025 14:38:53.972,-0.166155,1.692708,0.00672
18-Jan-2025 14:38:53.988,-0.163712,1.657888,-0.115454
18-Jan-2025 14:38:54.004,-0.140499,1.522887,-0.222966
18-Jan-2025 14:38:54.020,-0.096517,1.459357,-0.284663
18-Jan-2025 14:38:54.036,-0.026878,1.446529,-0.329256
18-Jan-2025 14:38:54.052,0.006109,1.467909,-0.307876
18-Jan-2025 14:38:54.068,-0.03543,1.417207,-0.3036
18-Jan-2025 14:38:54.084,-0.020769,1.342071,-0.188147
18-Jan-2025 14:38:54.100,0.029932,1.34818,-0.081245
18-Jan-2025 14:38:54.116,0.090408,1.27793,-0.0281
18-Jan-2025 14:38:54.132,0.213192,1.209513,0.0562
18-Jan-2025 14:38:54.148,0.28955,1.182024,0.051924
18-Jan-2025 14:38:54.164,0.308487,1.162477,0.020769
18-Jan-2025 14:38:54.181,0.363465,0.990823,0.069639
18-Jan-2025 14:38:54.196,0.389732,1.078788,0.060476
18-Jan-2025 14:38:54.213,0.211359,1.117272,-0.018937
18-Jan-2025 14:38:54.229,0.12706,1.033584,-0.069028
18-Jan-2025 14:38:54.245,0.076969,1.00243,-0.059865
18-Jan-2025 14:38:54.261,0.018326,0.956004,-0.025656
18-Jan-2025 14:38:54.277,-0.026878,0.913244,0.000611
18-Jan-2025 14:38:54.293,-0.020159,0.777021,0.014661
18-Jan-2025 14:38:54.309,-0.053145,0.612087,0.020159
18-Jan-2025 14:38:54.325,-0.042761,0.560774,0.040928
18-Jan-2025 14:38:54.341,0.023213,0.582765,0.094073
18-Jan-2025 14:38:54.357,0.097128,0.521679,0.080634
18-Jan-2025 14:38:54.373,0.060476,0.368352,0.032376
18-Jan-2025 14:38:54.389,-0.041539,0.287107,-0.065363
18-Jan-2025 14:38:54.406,-0.189368,0.290772,-0.043982
18-Jan-2025 14:38:54.422,-0.403171,0.274889,0.045815
18-Jan-2025 14:38:54.437,-0.540005,0.330478,0.094684
18-Jan-2025 14:38:54.454,-0.648739,0.474031,0.150273
18-Jan-2025 14:38:54.470,-0.690278,0.543059,0.177762
18-Jan-2025 14:38:54.486,-0.651793,0.547335,0.166766
18-Jan-2025 14:38:54.502,-0.549168,0.524733,0.122784
18-Jan-2025 14:38:54.518,-0.454484,0.496023,0.109345
18-Jan-2025 14:38:54.534,-0.386678,0.50091,0.125838
18-Jan-2025 14:38:54.550,-0.362243,0.540005,0.174707
18-Jan-2025 14:38:54.566,-0.342085,0.566272,0.219301
18-Jan-2025 14:38:54.583,-0.302989,0.532064,0.211359
18-Jan-2025 14:38:54.598,-0.245568,0.448375,0.149662
18-Jan-2025 14:38:54.614,-0.194255,0.400117,0.080023
18-Jan-2025 14:38:54.630,-0.145386,0.465479,-0.003054
18-Jan-2025 14:38:54.646,-0.139888,0.535118,-0.058032
18-Jan-2025 14:38:54.663,-0.172875,0.581544,-0.116675
18-Jan-2025 14:38:54.679,-0.185092,0.565661,-0.161268
18-Jan-2025 14:38:54.695,-0.154549,0.566272,-0.185703
18-Jan-2025 14:38:54.711,-0.084299,0.383013,-0.243735
18-Jan-2025 14:38:54.727,-0.017104,0.231518,-0.29627
18-Jan-2025 14:38:54.743,-0.014661,0.168599,-0.356134
18-Jan-2025 14:38:54.759,-0.037874,0.124006,-0.386067
18-Jan-2025 14:38:54.775,-0.008552,0.076969,-0.42394
18-Jan-2025 14:38:54.791,0.030543,-0.00672,-0.424551
18-Jan-2025 14:38:54.807,0.100182,-0.178373,-0.373239
18-Jan-2025 14:38:54.824,0.182649,-0.312152,-0.324369
18-Jan-2025 14:38:54.839,0.387289,-0.451429,-0.340252
18-Jan-2025 14:38:54.855,0.621861,-0.529009,-0.43066
18-Jan-2025 14:38:54.871,0.72021,-0.657902,-0.566883
18-Jan-2025 14:38:54.887,0.551611,-0.699441,-0.491747
18-Jan-2025 14:38:54.904,0.425162,-0.690889,-0.40928
18-Jan-2025 14:38:54.920,0.306654,-0.672563,-0.338419
18-Jan-2025 14:38:54.936,0.305433,-0.549168,-0.257785
18-Jan-2025 14:38:54.952,0.280998,-0.483805,-0.167377
18-Jan-2025 14:38:54.968,0.281609,-0.425773,-0.156382
18-Jan-2025 14:38:54.984,0.313985,-0.3317,-0.126449
18-Jan-2025 14:38:55.000,0.302989,-0.291994,-0.026267
18-Jan-2025 14:38:55.016,0.291994,-0.233351,0.164323
18-Jan-2025 14:38:55.032,0.337198,-0.222355,0.28955
18-Jan-2025 14:38:55.048,0.38118,-0.265116,0.347582
18-Jan-2025 14:38:55.065,0.340863,-0.366519,0.332922
18-Jan-2025 14:38:55.080,0.262061,-0.425162,0.302378
18-Jan-2025 14:38:55.096,0.191201,-0.465479,0.251676
18-Jan-2025 14:38:55.112,0.154549,-0.453873,0.220522
18-Jan-2025 14:38:55.128,0.09896,-0.409891,0.182038
18-Jan-2025 14:38:55.145,0.023213,-0.38851,0.142942
18-Jan-2025 14:38:55.161,-0.040928,-0.467923,0.103236
18-Jan-2025 14:38:55.177,-0.01405,-0.588874,0.084299
18-Jan-2025 14:38:55.193,0.031765,-0.752586,0.089186
18-Jan-2025 14:38:55.209,0.018326,-0.789849,0.122784
18-Jan-2025 14:38:55.225,-0.047647,-0.745866,0.16921
18-Jan-2025 14:38:55.241,-0.084299,-0.698219,0.185092
18-Jan-2025 14:38:55.257,-0.093462,-0.725097,0.177762
18-Jan-2025 14:38:55.273,-0.09163,-0.778242,0.171653
18-Jan-2025 14:38:55.289,-0.081856,-0.768468,0.174097
18-Jan-2025 14:38:55.306,-0.103847,-0.639576,0.189979
18-Jan-2025 14:38:55.322,-0.133169,-0.552833,0.215635
18-Jan-2025 14:38:55.338,-0.144164,-0.516181,0.22602
18-Jan-2025 14:38:55.354,-0.10568,-0.48014,0.259007
18-Jan-2025 14:38:55.370,-0.025045,-0.417221,0.301157
18-Jan-2025 14:38:55.386,0.012828,-0.405615,0.269392
18-Jan-2025 14:38:55.402,0,-0.326813,0.232129
18-Jan-2025 14:38:55.418,-0.03543,-0.273668,0.239459
18-Jan-2025 14:38:55.434,-0.040317,-0.26817,0.231518
18-Jan-2025 14:38:55.450,0.04948,-0.270002,0.189979
18-Jan-2025 14:38:55.466,0.128282,-0.195477,0.207083
18-Jan-2025 14:38:55.482,0.161879,-0.143553,0.249844
18-Jan-2025 14:38:55.498,0.154549,-0.150273,0.230907
18-Jan-2025 14:38:55.514,0.166155,-0.009774,0.226631
18-Jan-2025 14:38:55.531,0.166155,0.046426,0.238848
18-Jan-2025 14:38:55.547,0.157603,0.014661,0.231518
18-Jan-2025 14:38:55.563,0.181427,-0.015882,0.222966
18-Jan-2025 14:38:55.579,0.198531,0.011606,0.251676
18-Jan-2025 14:38:55.595,0.197309,0.087354,0.274889
18-Jan-2025 14:38:55.611,0.222966,0.167377,0.290772
18-Jan-2025 14:38:55.627,0.336587,0.178373,0.305433
18-Jan-2025 14:38:55.643,0.446543,0.103236,0.278555
18-Jan-2025 14:38:55.659,0.483805,0.087965,0.228464
18-Jan-2025 14:38:55.675,0.397062,0.167988,0.210749
18-Jan-2025 14:38:55.691,0.300546,0.252287,0.184481
18-Jan-2025 14:38:55.708,0.179594,0.273668,0.150884
18-Jan-2025 14:38:55.723,-0.031154,0.274889,0.174707
18-Jan-2025 14:38:55.740,-0.113621,0.23274,0.222966
18-Jan-2025 14:38:55.756,-0.117286,0.145997,0.255342
18-Jan-2025 14:38:55.772,-0.144164,0.092852,0.260839
18-Jan-2025 14:38:55.788,-0.216857,0.097128,0.233961
18-Jan-2025 14:38:55.804,-0.262061,0.181427,0.198531
18-Jan-2025 14:38:55.820,-0.196088,0.227853,0.153938
18-Jan-2025 14:38:55.836,-0.072082,0.257174,0.104458
18-Jan-2025 14:38:55.852,-0.045815,0.262061,0.07758
18-Jan-2025 14:38:55.868,-0.0562,0.287107,0.015272
18-Jan-2025 14:38:55.884,-0.054367,0.299324,-0.0562
18-Jan-2025 14:38:55.900,-0.07086,0.276111,-0.116675
18-Jan-2025 14:38:55.916,-0.114843,0.264505,-0.140499
18-Jan-2025 14:38:55.932,-0.202807,0.329867,-0.124617
18-Jan-2025 14:38:55.949,-0.243124,0.390343,-0.111177
18-Jan-2025 14:38:55.964,-0.25412,0.461203,-0.113621
18-Jan-2025 14:38:55.981,-0.273668,0.552222,-0.133169
18-Jan-2025 14:38:55.996,-0.290772,0.643852,-0.109956
18-Jan-2025 14:38:56.013,-0.306654,0.747088,-0.048869
18-Jan-2025 14:38:56.029,-0.322537,0.774577,-0.016493
18-Jan-2025 14:38:56.045,-0.317039,0.795957,-0.02138
18-Jan-2025 14:38:56.061,-0.288939,0.800233,-0.05681
18-Jan-2025 14:38:56.077,-0.254731,0.753808,-0.111788
18-Jan-2025 14:38:56.093,-0.243735,0.689667,-0.138056
18-Jan-2025 14:38:56.109,-0.184481,0.713491,-0.123395
18-Jan-2025 14:38:56.125,-0.15516,0.707382,-0.095906
18-Jan-2025 14:38:56.141,-0.174097,0.631024,-0.083689
18-Jan-2025 14:38:56.157,-0.163712,0.582765,-0.058032
18-Jan-2025 14:38:56.173,-0.152716,0.589485,-0.001833
18-Jan-2025 14:38:56.190,-0.117286,0.582155,0.010385
18-Jan-2025 14:38:56.206,-0.101404,0.561996,-0.012217
18-Jan-2025 14:38:56.221,-0.131336,0.560163,-0.034819
18-Jan-2025 14:38:56.238,-0.142942,0.546114,-0.057421
18-Jan-2025 14:38:56.253,-0.125838,0.508851,-0.147219
18-Jan-2025 14:38:56.270,-0.091019,0.533896,-0.185092
18-Jan-2025 14:38:56.286,-0.051924,0.556498,-0.178373
18-Jan-2025 14:38:56.302,-0.032376,0.508851,-0.177151
18-Jan-2025 14:38:56.318,-0.018326,0.459371,-0.19792
18-Jan-2025 14:38:56.334,-0.018937,0.422719,-0.19059
18-Jan-2025 14:38:56.350,-0.018326,0.426384,-0.168599
18-Jan-2025 14:38:56.366,-0.009163,0.419054,-0.17654
18-Jan-2025 14:38:56.382,0.051313,0.401338,-0.189979
18-Jan-2025 14:38:56.398,0.139888,0.331089,-0.215635
18-Jan-2025 14:38:56.414,0.194866,0.260229,-0.244957
18-Jan-2025 14:38:56.431,0.364687,0.160658,-0.326813
18-Jan-2025 14:38:56.446,0.432493,0.14111,-0.422108
18-Jan-2025 14:38:56.463,0.207083,0.122173,-0.467312
18-Jan-2025 14:38:56.479,0.086132,0.111177,-0.430049
18-Jan-2025 14:38:56.495,0.017104,0.101404,-0.373239
18-Jan-2025 14:38:56.511,-0.081245,0.153938,-0.238237
18-Jan-2025 14:38:56.527,-0.150273,0.231518,-0.128282
18-Jan-2025 14:38:56.543,-0.243124,0.319483,-0.03543
18-Jan-2025 14:38:56.559,-0.291383,0.376293,0.007941
18-Jan-2025 14:38:56.575,-0.311541,0.44471,0.076358
18-Jan-2025 14:38:56.591,-0.266948,0.481973,0.124617
18-Jan-2025 14:38:56.607,-0.150884,0.447153,0.216857
18-Jan-2025 14:38:56.623,-0.089797,0.35308,0.271835
18-Jan-2025 14:38:56.639,-0.100793,0.233961,0.29627
18-Jan-2025 14:38:56.655,-0.087354,0.120951,0.270613
18-Jan-2025 14:38:56.672,0.007941,0.058643,0.229685
18-Jan-2025 14:38:56.688,0.118508,0.089186,0.232129
18-Jan-2025 14:38:56.704,0.050702,0.133779,0.200364
18-Jan-2025 14:38:56.720,-0.145997,0.144164,0.137445
18-Jan-2025 14:38:56.736,-0.237627,0.199142,0.125227
18-Jan-2025 14:38:56.752,-0.280387,0.166766,0.127671
18-Jan-2025 14:38:56.768,-0.22602,0.064752,0.118508
18-Jan-2025 14:38:56.784,-0.061087,-0.07086,0.082467
18-Jan-2025 14:38:56.800,0.059254,-0.159436,0.065363
18-Jan-2025 14:38:56.816,0.144775,-0.242514,0.075136
18-Jan-2025 14:38:56.832,0.158825,-0.2755,0.080634
18-Jan-2025 14:38:56.848,0.14844,-0.281609,0.088575
18-Jan-2025 14:38:56.864,0.101404,-0.263894,0.102625
18-Jan-2025 14:38:56.880,0.069028,-0.290772,0.06353
18-Jan-2025 14:38:56.896,0.059254,-0.323759,0.003665
18-Jan-2025 14:38:56.913,0.06353,-0.340252,-0.017715
18-Jan-2025 14:38:56.928,0.096517,-0.383013,-0.004276
18-Jan-2025 14:38:56.945,0.133169,-0.456927,0.020769
18-Jan-2025 14:38:56.961,0.241903,-0.55039,0.061697
18-Jan-2025 14:38:56.977,0.309098,-0.62125,0.09163
18-Jan-2025 14:38:56.993,0.32498,-0.714101,0.160658
18-Jan-2025 14:38:57.009,0.315206,-0.788016,0.201586
18-Jan-2025 14:38:57.025,0.332311,-0.865596,0.224188
18-Jan-2025 14:38:57.041,0.371406,-0.941954,0.26145
18-Jan-2025 14:38:57.057,0.372628,-0.995099,0.293826
18-Jan-2025 14:38:57.073,0.353691,-1.10872,0.340863
18-Jan-2025 14:38:57.089,0.336587,-1.194242,0.386678
18-Jan-2025 14:38:57.105,0.322537,-1.320691,0.444099
18-Jan-2025 14:38:57.121,0.340863,-1.381777,0.463036
18-Jan-2025 14:38:57.137,0.458149,-1.43309,0.417832
18-Jan-2025 14:38:57.154,0.493579,-1.438588,0.36041
18-Jan-2025 14:38:57.170,0.378126,-1.41171,0.323148
18-Jan-2025 14:38:57.185,0.203418,-1.384832,0.29627
18-Jan-2025 14:38:57.202,-0.021991,-1.379945,0.323148
18-Jan-2025 14:38:57.218,-0.2474,-1.393994,0.350026
18-Jan-2025 14:38:57.234,-0.327424,-1.511891,0.3317
18-Jan-2025 14:38:57.250,-0.370795,-1.676825,0.252898
18-Jan-2025 14:38:57.266,-0.338419,-1.746464,0.217468
18-Jan-2025 14:38:57.282,-0.147829,-1.87108,0.18387
18-Jan-2025 14:38:57.298,0.086132,-1.921782,0.156992
18-Jan-2025 14:38:57.315,0.279776,-1.810605,0.163712
18-Jan-2025 14:38:57.330,0.262672,-1.677436,0.166155
18-Jan-2025 14:38:57.346,0.154549,-1.561982,0.094684
18-Jan-2025 14:38:57.363,0.062308,-1.554652,0.016493
18-Jan-2025 14:38:57.378,-0.052534,-1.572367,-0.046426
18-Jan-2025 14:38:57.395,-0.210138,-1.483792,-0.083078
18-Jan-2025 14:38:57.411,-0.254731,-1.345736,-0.098349
18-Jan-2025 14:38:57.427,-0.212581,-1.239446,-0.128282
18-Jan-2025 14:38:57.443,-0.139277,-1.195463,-0.164934
18-Jan-2025 14:38:57.459,0.00672,-1.168585,-0.207694
18-Jan-2025 14:38:57.475,0.107512,-1.150259,-0.186314
18-Jan-2025 14:38:57.491,0.199753,-1.074512,-0.125838
18-Jan-2025 14:38:57.507,0.233351,-0.997543,-0.133779
18-Jan-2025 14:38:57.523,0.213192,-0.951728,-0.199753
18-Jan-2025 14:38:57.539,0.186314,-0.892474,-0.257785
18-Jan-2025 14:38:57.556,0.174097,-0.729984,-0.357967
18-Jan-2025 14:38:57.571,0.123395,-0.654237,-0.403171
18-Jan-2025 14:38:57.587,0.086132,-0.48014,-0.431882
18-Jan-2025 14:38:57.603,0.122784,-0.380569,-0.414167
18-Jan-2025 14:38:57.619,0.149051,-0.36713,-0.390954
18-Jan-2025 14:38:57.636,0.150884,-0.348193,-0.362854
18-Jan-2025 14:38:57.652,0.125227,-0.318872,-0.35308
18-Jan-2025 14:38:57.668,0.087965,-0.25412,-0.325591
18-Jan-2025 14:38:57.684,0.065363,-0.215025,-0.313985
18-Jan-2025 14:38:57.700,0.023824,-0.100793,-0.306654
18-Jan-2025 14:38:57.716,-0.029322,-0.025045,-0.298102
18-Jan-2025 14:38:57.732,-0.081856,0.045204,-0.318872
18-Jan-2025 14:38:57.748,-0.119119,0.14111,-0.325591
18-Jan-2025 14:38:57.764,-0.118508,0.242514,-0.300546
18-Jan-2025 14:38:57.780,-0.092852,0.380569,-0.262672
18-Jan-2025 14:38:57.797,-0.005498,0.43799,-0.279776
18-Jan-2025 14:38:57.812,0.079412,0.44471,-0.346971
18-Jan-2025 14:38:57.828,-0.06353,0.43799,-0.359189
18-Jan-2025 14:38:57.845,-0.273057,0.535118,-0.276111
18-Jan-2025 14:38:57.861,-0.288328,0.623693,-0.207694
18-Jan-2025 14:38:57.877,-0.284052,0.672563,-0.170431
18-Jan-2025 14:38:57.893,-0.228464,0.744645,-0.156382
18-Jan-2025 14:38:57.909,-0.149662,0.894307,-0.131947
18-Jan-2025 14:38:57.925,-0.167377,1.027475,-0.097128
18-Jan-2025 14:38:57.941,-0.240681,1.043969,-0.076358
18-Jan-2025 14:38:57.957,-0.285885,1.026254,-0.029322
18-Jan-2025 14:38:57.973,-0.295659,1.035417,0.034208
18-Jan-2025 14:38:57.989,-0.375071,1.067182,0.125838
18-Jan-2025 14:38:58.005,-0.475253,1.098947,0.16921
18-Jan-2025 14:38:58.021,-0.572992,1.103223,0.177762
18-Jan-2025 14:38:58.038,-0.569326,1.040914,0.14844
18-Jan-2025 14:38:58.053,-0.506407,1.025643,0.116064
18-Jan-2025 14:38:58.069,-0.448986,1.040914,0.117897
18-Jan-2025 14:38:58.086,-0.425162,1.064127,0.119119
18-Jan-2025 14:38:58.102,-0.417221,1.127046,0.091019
18-Jan-2025 14:38:58.118,-0.412334,1.208291,0.04948
18-Jan-2025 14:38:58.134,-0.405615,1.322523,-0.009163
18-Jan-2025 14:38:58.150,-0.439212,1.353067,-0.038485
18-Jan-2025 14:38:58.166,-0.465479,1.370782,-0.029932
18-Jan-2025 14:38:58.182,-0.405004,1.409266,-0.015882
18-Jan-2025 14:38:58.198,-0.28222,1.412931,0.012217
18-Jan-2025 14:38:58.214,-0.217468,1.344514,0.018326
18-Jan-2025 14:38:58.230,-0.171653,1.219287,0.009774
18-Jan-2025 14:38:58.246,-0.172875,1.179581,-0.003665
18-Jan-2025 14:38:58.263,-0.207694,1.149648,-0.024435
18-Jan-2025 14:38:58.279,-0.23274,1.119105,-0.048258
18-Jan-2025 14:38:58.295,-0.226631,1.113607,-0.062919
18-Jan-2025 14:38:58.311,-0.196088,1.109331,-0.086743
18-Jan-2025 14:38:58.327,-0.167377,1.071458,-0.087354
18-Jan-2025 14:38:58.343,-0.0562,0.987158,-0.073915
18-Jan-2025 14:38:58.359,0.065973,0.93157,-0.046426
18-Jan-2025 14:38:58.375,0.211359,0.842383,0.008552
18-Jan-2025 14:38:58.391,0.300546,0.764192,0.073304
18-Jan-2025 14:38:58.407,0.395841,0.648128,0.135612
18-Jan-2025 14:38:58.423,0.477697,0.55772,0.175929
18-Jan-2025 14:38:58.440,0.599259,0.432493,0.225409
18-Jan-2025 14:38:58.455,0.719599,0.364076,0.235183
18-Jan-2025 14:38:58.471,0.821003,0.276111,0.207083
18-Jan-2025 14:38:58.488,0.671952,0.116064,0.173486
18-Jan-2025 14:38:58.504,0.499077,0.07025,0.19059
18-Jan-2025 14:38:58.520,0.473421,0.088575,0.189979
18-Jan-2025 14:38:58.536,0.463647,0.07086,0.151495
18-Jan-2025 14:38:58.552,0.401338,0.065973,0.093462
18-Jan-2025 14:38:58.568,0.353691,0.136223,0.067806
18-Jan-2025 14:38:58.584,0.273057,0.199753,0.053145
18-Jan-2025 14:38:58.600,0.208305,0.226631,0.031154
18-Jan-2025 14:38:58.615,0.191201,0.240681,-0.045204
18-Jan-2025 14:38:58.632,0.256563,0.210749,-0.143553
18-Jan-2025 14:38:58.648,0.351858,0.21869,-0.239459
18-Jan-2025 14:38:58.664,0.419054,0.375682,-0.326202
18-Jan-2025 14:38:58.681,0.400117,0.505186,-0.378736
18-Jan-2025 14:38:58.696,0.305433,0.604146,-0.442877
18-Jan-2025 14:38:58.712,0.224188,0.647517,-0.45876
18-Jan-2025 14:38:58.728,0.10568,0.687834,-0.452651
18-Jan-2025 14:38:58.745,0.010385,0.753808,-0.425773
18-Jan-2025 14:38:58.761,-0.087965,0.959669,-0.350637
18-Jan-2025 14:38:58.777,-0.153327,1.113607,-0.317039
18-Jan-2025 14:38:58.793,-0.233961,1.291369,-0.293215
18-Jan-2025 14:38:58.809,-0.272446,1.392773,-0.262061
18-Jan-2025 14:38:58.825,-0.305433,1.477683,-0.248011
18-Jan-2025 14:38:58.841,-0.31093,1.590693,-0.273057
18-Jan-2025 14:38:58.857,-0.284663,1.675603,-0.304822
18-Jan-2025 14:38:58.873,-0.250455,1.825876,-0.314596
18-Jan-2025 14:38:58.889,-0.249844,1.929723,-0.31032
18-Jan-2025 14:38:58.905,-0.265726,1.974927,-0.339641
18-Jan-2025 14:38:58.922,-0.285885,1.992642,-0.367741
18-Jan-2025 14:38:58.938,-0.301157,2.048842,-0.358578
18-Jan-2025 14:38:58.953,-0.302378,2.092824,-0.351858
18-Jan-2025 14:38:58.969,-0.301767,2.172848,-0.335976
18-Jan-2025 14:38:58.986,-0.304822,2.224771,-0.332922
18-Jan-2025 14:38:59.002,-0.308487,2.279138,-0.326813
18-Jan-2025 14:38:59.018,-0.311541,2.318233,-0.342085
18-Jan-2025 14:38:59.034,-0.31765,2.343279,-0.336587
18-Jan-2025 14:38:59.050,-0.313374,2.417194,-0.296881
18-Jan-2025 14:38:59.066,-0.307265,2.474004,-0.272446
18-Jan-2025 14:38:59.082,-0.297491,2.489276,-0.260839
18-Jan-2025 14:38:59.098,-0.279776,2.515543,-0.238848
18-Jan-2025 14:38:59.114,-0.224188,2.550973,-0.229685
18-Jan-2025 14:38:59.130,-0.188147,2.557082,-0.255953
18-Jan-2025 14:38:59.146,-0.234572,2.530204,-0.3036
18-Jan-2025 14:38:59.163,-0.262672,2.509434,-0.335365
18-Jan-2025 14:38:59.178,-0.290772,2.452624,-0.395841
18-Jan-2025 14:38:59.194,-0.389121,2.422081,-0.478307
18-Jan-2025 14:38:59.211,-0.531453,2.431854,-0.49419
18-Jan-2025 14:38:59.227,-0.723875,2.398257,-0.46609
18-Jan-2025 14:38:59.243,-0.817338,2.331062,-0.426384
18-Jan-2025 14:38:59.259,-0.849714,2.256536,-0.390343
18-Jan-2025 14:38:59.275,-0.777631,2.293799,-0.361021
18-Jan-2025 14:38:59.291,-0.722654,2.289523,-0.340252
18-Jan-2025 14:38:59.307,-0.808175,2.16063,-0.342085
18-Jan-2025 14:38:59.324,-0.893085,2.06167,-0.292604
18-Jan-2025 14:38:59.339,-0.91813,2.071444,-0.23274
18-Jan-2025 14:38:59.355,-0.934624,2.071444,-0.208916
18-Jan-2025 14:38:59.371,-0.921185,1.992032,-0.238237
18-Jan-2025 14:38:59.387,-0.868039,1.925447,-0.268781
18-Jan-2025 14:38:59.404,-0.760527,1.914452,-0.268781
18-Jan-2025 14:38:59.419,-0.668897,1.959045,-0.250455
18-Jan-2025 14:38:59.435,-0.583376,2.005471,-0.228464
18-Jan-2025 14:38:59.452,-0.538172,2.003027,-0.204029
18-Jan-2025 14:38:59.468,-0.477697,1.983479,-0.131336
18-Jan-2025 14:38:59.484,-0.429438,1.954769,-0.075747
18-Jan-2025 14:38:59.500,-0.330478,1.905289,0.017715
18-Jan-2025 14:38:59.516,-0.237627,1.888184,0.100793
18-Jan-2025 14:38:59.532,-0.191201,1.851533,0.175929
18-Jan-2025 14:38:59.548,-0.195477,1.77945,0.244957
18-Jan-2025 14:38:59.565,-0.156992,1.740966,0.285274
18-Jan-2025 14:38:59.580,-0.086132,1.758681,0.318872
18-Jan-2025 14:38:59.596,-0.043982,1.820989,0.343917
18-Jan-2025 14:38:59.612,-0.039095,1.907121,0.338419
18-Jan-2025 14:38:59.628,-0.072693,1.908954,0.326813
18-Jan-2025 14:38:59.645,-0.087965,1.868026,0.329867
18-Jan-2025 14:38:59.660,-0.037874,1.852754,0.328035
18-Jan-2025 14:38:59.677,0.065363,1.874745,0.318261
18-Jan-2025 14:38:59.693,0.126449,1.893682,0.304822
18-Jan-2025 14:38:59.709,0.133779,1.875967,0.298713
18-Jan-2025 14:38:59.725,0.137445,1.844202,0.296881
18-Jan-2025 14:38:59.741,0.160047,1.837483,0.287718
18-Jan-2025 14:38:59.757,0.163712,1.784337,0.225409
18-Jan-2025 14:38:59.773,0.133779,1.747685,0.177762
18-Jan-2025 14:38:59.789,0.116675,1.68721,0.144775
18-Jan-2025 14:38:59.806,0.135001,1.631621,0.122784
18-Jan-2025 14:38:59.821,0.182649,1.538159,0.096517
18-Jan-2025 14:38:59.837,0.224798,1.469131,0.07758
18-Jan-2025 14:38:59.853,0.293826,1.431868,0.040317
18-Jan-2025 14:38:59.870,0.327424,1.455692,0.036041
18-Jan-2025 14:38:59.886,0.285885,1.438588,0.076358
18-Jan-2025 14:38:59.902,0.229074,1.387275,0.120951
18-Jan-2025 14:38:59.918,0.203418,1.345125,0.147219
18-Jan-2025 14:38:59.934,0.199142,1.262048,0.108734
18-Jan-2025 14:38:59.950,0.17654,1.177137,0.043371
18-Jan-2025 14:38:59.966,0.116064,1.075734,0.043371
18-Jan-2025 14:38:59.982,0.07086,1.091616,0.098349
18-Jan-2025 14:38:59.998,-0.024435,1.050688,0.123395
18-Jan-2025 14:39:00.014,-0.071471,0.890031,0.09163
18-Jan-2025 14:39:00.030,-0.020159,0.758084,0.062919
18-Jan-2025 14:39:00.047,0.010385,0.769079,0.074526
18-Jan-2025 14:39:00.062,-0.033598,0.794125,0.095906
18-Jan-2025 14:39:00.078,-0.139888,0.784351,0.124617
18-Jan-2025 14:39:00.095,-0.189368,0.789849,0.132558
18-Jan-2025 14:39:00.111,-0.164323,0.83322,0.100182
18-Jan-2025 14:39:00.127,-0.130725,0.878424,0.058643
18-Jan-2025 14:39:00.143,-0.145386,0.945619,-0.021991
18-Jan-2025 14:39:00.159,-0.196088,0.961502,-0.018937
18-Jan-2025 14:39:00.175,-0.294437,0.883922,0.029932
18-Jan-2025 14:39:00.191,-0.37446,0.756251,0.07086
18-Jan-2025 14:39:00.207,-0.432493,0.610865,0.110567
18-Jan-2025 14:39:00.223,-0.444099,0.541837,0.138666
18-Jan-2025 14:39:00.239,-0.429438,0.535729,0.205862
18-Jan-2025 14:39:00.255,-0.429438,0.561385,0.258396
18-Jan-2025 14:39:00.271,-0.442877,0.55039,0.312763
18-Jan-2025 14:39:00.288,-0.428217,0.541837,0.382402
18-Jan-2025 14:39:00.303,-0.397673,0.514349,0.403171
18-Jan-2025 14:39:00.319,-0.34575,0.482584,0.380569
18-Jan-2025 14:39:00.336,-0.311541,0.434936,0.318872
18-Jan-2025 14:39:00.352,-0.306654,0.411723,0.2474
18-Jan-2025 14:39:00.368,-0.31032,0.43066,0.209527
18-Jan-2025 14:39:00.384,-0.282831,0.447153,0.153938
18-Jan-2025 14:39:00.400,-0.236405,0.420886,0.114232
18-Jan-2025 14:39:00.416,-0.186314,0.399506,0.072082
18-Jan-2025 14:39:00.432,-0.172875,0.401338,0.048869
18-Jan-2025 14:39:00.449,-0.175318,0.392786,0.013439
18-Jan-2025 14:39:00.464,-0.147219,0.361632,-0.068417
18-Jan-2025 14:39:00.480,-0.096517,0.368963,-0.128282
18-Jan-2025 14:39:00.496,-0.080023,0.38851,-0.153938
18-Jan-2025 14:39:00.513,-0.097128,0.361632,-0.136834
18-Jan-2025 14:39:00.529,-0.051313,0.314596,-0.151495
18-Jan-2025 14:39:00.545,0.023213,0.270613,-0.19792
18-Jan-2025 14:39:00.561,0.082467,0.224798,-0.24007
18-Jan-2025 14:39:00.577,0.062919,0.230296,-0.238848
18-Jan-2025 14:39:00.593,0.014661,0.300546,-0.178984
18-Jan-2025 14:39:00.609,0.009774,0.331089,-0.156992
18-Jan-2025 14:39:00.625,0.04948,0.362243,-0.175929
18-Jan-2025 14:39:00.641,0.203418,0.369573,-0.238848
18-Jan-2025 14:39:00.657,0.386678,0.383013,-0.312763
18-Jan-2025 14:39:00.673,0.415999,0.301157,-0.39523
18-Jan-2025 14:39:00.690,0.263894,0.255342,-0.370184
18-Jan-2025 14:39:00.705,0.080023,0.347582,-0.269392
18-Jan-2025 14:39:00.721,0.040317,0.502131,-0.194866
18-Jan-2025 14:39:00.737,0.111788,0.718988,-0.157603
18-Jan-2025 14:39:00.754,0.122173,0.816116,-0.141721
18-Jan-2025 14:39:00.770,0.004276,0.822225,-0.145386
18-Jan-2025 14:39:00.786,-0.080023,0.880868,-0.110567
18-Jan-2025 14:39:00.802,-0.100793,0.999376,-0.050702
18-Jan-2025 14:39:00.818,-0.025656,1.098336,0.019548
18-Jan-2025 14:39:00.834,0.050091,1.056186,0.084299
18-Jan-2025 14:39:00.850,0.133779,1.147816,0.158214
18-Jan-2025 14:39:00.866,0.136834,1.249219,0.201586
18-Jan-2025 14:39:00.882,0.018937,1.2425,0.171042
18-Jan-2025 14:39:00.898,-0.030543,1.2425,0.113621
18-Jan-2025 14:39:00.914,-0.025656,1.308473,0.086132
18-Jan-2025 14:39:00.931,-0.043371,1.263269,0.097738
18-Jan-2025 14:39:00.946,-0.061087,1.189355,0.122784
18-Jan-2025 14:39:00.963,-0.050091,1.161866,0.160658
18-Jan-2025 14:39:00.979,-0.031154,1.127046,0.193644
18-Jan-2025 14:39:00.995,0.016493,1.070236,0.225409
18-Jan-2025 14:39:01.011,0.068417,1.031751,0.221133
18-Jan-2025 14:39:01.027,0.106901,0.99571,0.201586
18-Jan-2025 14:39:01.043,0.076358,0.970054,0.189368
18-Jan-2025 14:39:01.059,-0.015272,0.935235,0.175318
18-Jan-2025 14:39:01.075,-0.07086,0.885755,0.160658
18-Jan-2025 14:39:01.091,-0.095906,0.801455,0.136223
18-Jan-2025 14:39:01.107,-0.087354,0.742812,0.128282
18-Jan-2025 14:39:01.123,-0.051313,0.694554,0.128893
18-Jan-2025 14:39:01.140,-0.036041,0.615752,0.135612
18-Jan-2025 14:39:01.156,-0.012828,0.528398,0.150884
18-Jan-2025 14:39:01.172,0.014661,0.353691,0.166766
18-Jan-2025 14:39:01.188,0.034819,0.221133,0.170431
18-Jan-2025 14:39:01.204,0.081245,0.119119,0.166155
18-Jan-2025 14:39:01.220,0.096517,0.012217,0.169821
18-Jan-2025 14:39:01.236,0.144775,-0.113621,0.196088
18-Jan-2025 14:39:01.252,0.216857,-0.177762,0.21869
18-Jan-2025 14:39:01.268,0.267559,-0.285885,0.198531
18-Jan-2025 14:39:01.283,0.262672,-0.334754,0.18387
18-Jan-2025 14:39:01.300,0.237016,-0.389121,0.181427
18-Jan-2025 14:39:01.316,0.235794,-0.474642,0.188147
18-Jan-2025 14:39:01.333,0.285885,-0.575435,0.225409
18-Jan-2025 14:39:01.348,0.338419,-0.67745,0.24679
18-Jan-2025 14:39:01.365,0.431271,-0.709215,0.230907
18-Jan-2025 14:39:01.381,0.537561,-0.720821,0.208305
18-Jan-2025 14:39:01.396,0.530842,-0.688445,0.194255
18-Jan-2025 14:39:01.413,0.439823,-0.679282,0.167377
18-Jan-2025 14:39:01.429,0.301767,-0.72754,0.140499
18-Jan-2025 14:39:01.445,0.097128,-0.852768,0.142942
18-Jan-2025 14:39:01.461,-0.009163,-0.937067,0.14111
18-Jan-2025 14:39:01.477,-0.082467,-1.071458,0.081245
18-Jan-2025 14:39:01.493,-0.121562,-1.167974,0.017715
18-Jan-2025 14:39:01.509,-0.10568,-1.158811,-0.05681
18-Jan-2025 14:39:01.525,-0.023824,-1.068403,-0.101404
18-Jan-2025 14:39:01.541,0.072693,-0.949285,-0.121562
18-Jan-2025 14:39:01.557,0.18387,-0.824668,-0.102625
18-Jan-2025 14:39:01.574,0.259007,-0.791071,-0.125227
18-Jan-2025 14:39:01.589,0.248622,-0.817338,-0.20464
18-Jan-2025 14:39:01.605,0.122784,-0.84727,-0.251066
18-Jan-2025 14:39:01.621,-0.135612,-0.782518,-0.2474
18-Jan-2025 14:39:01.638,-0.295048,-0.689056,-0.227853
18-Jan-2025 14:39:01.654,-0.357967,-0.521679,-0.222966
18-Jan-2025 14:39:01.670,-0.337198,-0.41661,-0.233961
18-Jan-2025 14:39:01.686,-0.329256,-0.334143,-0.243735
18-Jan-2025 14:39:01.702,-0.318261,-0.286496,-0.231518
18-Jan-2025 14:39:01.718,-0.258396,-0.277944,-0.210749
18-Jan-2025 14:39:01.734,-0.096517,-0.203418,-0.187536
18-Jan-2025 14:39:01.750,0.047037,-0.151495,-0.168599
18-Jan-2025 14:39:01.766,0.058032,-0.299324,-0.171042
18-Jan-2025 14:39:01.782,0.055589,-0.367741,-0.189368
18-Jan-2025 14:39:01.798,0.055589,-0.305433,-0.16921
18-Jan-2025 14:39:01.815,0.023824,-0.252287,-0.164323
18-Jan-2025 14:39:01.830,-0.017104,-0.191812,-0.174097
18-Jan-2025 14:39:01.846,-0.030543,-0.117897,-0.177762
18-Jan-2025 14:39:01.863,-0.026267,-0.043982,-0.172264
18-Jan-2025 14:39:01.879,-0.001833,-0.01405,-0.173486
18-Jan-2025 14:39:01.895,0.0281,0.017104,-0.170431
18-Jan-2025 14:39:01.911,0.047037,0.075747,-0.146608
18-Jan-2025 14:39:01.927,0.053756,0.072693,-0.133779
18-Jan-2025 14:39:01.943,0.069639,0.01405,-0.149051
18-Jan-2025 14:39:01.959,0.081245,0.103847,-0.19792
18-Jan-2025 14:39:01.976,0.017104,0.255342,-0.271835
18-Jan-2025 14:39:01.991,-0.0562,0.274278,-0.36713
18-Jan-2025 14:39:02.007,-0.075747,0.307265,-0.44471
18-Jan-2025 14:39:02.023,-0.064752,0.348193,-0.43799
18-Jan-2025 14:39:02.039,0.110567,0.283441,-0.485638
18-Jan-2025 14:39:02.056,0.370795,0.217468,-0.620028
18-Jan-2025 14:39:02.071,0.541227,0.144164,-0.683558
18-Jan-2025 14:39:02.088,0.456316,0.102625,-0.622472
18-Jan-2025 14:39:02.104,0.239459,0.058032,-0.524122
18-Jan-2025 14:39:02.120,-0.109956,0.078191,-0.351248
18-Jan-2025 14:39:02.136,-0.237016,0.169821,-0.245568
18-Jan-2025 14:39:02.152,-0.200975,0.309098,-0.12706
18-Jan-2025 14:39:02.168,-0.124006,0.444099,-0.051924
18-Jan-2025 14:39:02.184,-0.017715,0.558331,0.076358
18-Jan-2025 14:39:02.200,0.052534,0.547335,0.181427
18-Jan-2025 14:39:02.217,0.098349,0.585209,0.351858
18-Jan-2025 14:39:02.232,0.0281,0.650571,0.444099
18-Jan-2025 14:39:02.248,-0.089797,0.67073,0.460592
18-Jan-2025 14:39:02.264,-0.174097,0.675006,0.422719
18-Jan-2025 14:39:02.281,-0.16921,0.668287,0.406225
18-Jan-2025 14:39:02.297,-0.157603,0.55772,0.527788
18-Jan-2025 14:39:02.313,-0.168599,0.48686,0.588874
18-Jan-2025 14:39:02.329,-0.22602,0.456316,0.541837
18-Jan-2025 14:39:02.345,-0.227242,0.565661,0.379958
18-Jan-2025 14:39:02.361,-0.227242,0.587041,0.241903
18-Jan-2025 14:39:02.377,-0.246179,0.592539,0.202196
18-Jan-2025 14:39:02.393,-0.238237,0.572992,0.219911
18-Jan-2025 14:39:02.409,-0.155771,0.548557,0.194255
18-Jan-2025 14:39:02.425,-0.087354,0.524733,0.219301
18-Jan-2025 14:39:02.441,-0.082467,0.445932,0.175318
18-Jan-2025 14:39:02.458,-0.111788,0.462425,0.131947
18-Jan-2025 14:39:02.473,-0.136834,0.521679,0.080634
18-Jan-2025 14:39:02.489,-0.142942,0.537561,0.086743
18-Jan-2025 14:39:02.505,-0.150273,0.559553,0.089186
18-Jan-2025 14:39:02.521,-0.152105,0.555887,0.073304
18-Jan-2025 14:39:02.538,-0.128893,0.460592,0.055589
18-Jan-2025 14:39:02.554,-0.097738,0.405004,0.051313
18-Jan-2025 14:39:02.570,-0.014661,0.438601,0.093462
18-Jan-2025 14:39:02.586,0.022602,0.370184,0.136834
18-Jan-2025 14:39:02.602,0.050091,0.256563,0.166155
18-Jan-2025 14:39:02.618,0.155771,0.167377,0.178984
18-Jan-2025 14:39:02.634,0.19059,0.125227,0.188147
18-Jan-2025 14:39:02.650,0.150273,0.089797,0.205862
18-Jan-2025 14:39:02.666,0.132558,0.082467,0.216857
18-Jan-2025 14:39:02.682,0.136223,0.032376,0.26817
18-Jan-2025 14:39:02.699,0.188757,-0.023213,0.302378
18-Jan-2025 14:39:02.714,0.300546,-0.083078,0.291383
18-Jan-2025 14:39:02.730,0.356745,-0.088575,0.260229
18-Jan-2025 14:39:02.746,0.426995,-0.078191,0.186925
18-Jan-2025 14:39:02.762,0.453873,-0.081245,0.123395
18-Jan-2025 14:39:02.779,0.415999,-0.11973,0.065973
18-Jan-2025 14:39:02.795,0.246179,-0.269392,0.037263
18-Jan-2025 14:39:02.811,0.045204,-0.337808,0.114843
18-Jan-2025 14:39:02.827,-0.111788,-0.251676,0.149662
18-Jan-2025 14:39:02.843,-0.103847,-0.33903,0.102625
18-Jan-2025 14:39:02.859,-0.086132,-0.531453,-0.038485
18-Jan-2025 14:39:02.875,-0.071471,-0.569326,-0.094684
18-Jan-2025 14:39:02.891,0.000611,-0.478307,-0.064752
18-Jan-2025 14:39:02.907,0.075136,-0.376293,-0.005498
18-Jan-2025 14:39:02.923,0.173486,-0.251676,0.064752
18-Jan-2025 14:39:02.940,0.238848,-0.229685,0.044593
18-Jan-2025 14:39:02.955,0.306654,-0.24679,-0.031154
18-Jan-2025 14:39:02.971,0.332311,-0.257785,-0.181427
18-Jan-2025 14:39:02.987,0.210138,-0.259007,-0.270613
18-Jan-2025 14:39:03.003,-0.094073,-0.200364,-0.31093
18-Jan-2025 14:39:03.020,-0.287718,-0.118508,-0.28955
18-Jan-2025 14:39:03.036,-0.335976,-0.010996,-0.242514
18-Jan-2025 14:39:03.052,-0.251066,0.058032,-0.238237
18-Jan-2025 14:39:03.068,-0.189979,0.171653,-0.241292
18-Jan-2025 14:39:03.084,-0.23274,0.23274,-0.221744
18-Jan-2025 14:39:03.100,-0.2755,0.259007,-0.210749
18-Jan-2025 14:39:03.116,-0.238848,0.297491,-0.221133
18-Jan-2025 14:39:03.132,-0.171653,0.344528,-0.2474
18-Jan-2025 14:39:03.148,-0.095295,0.356745,-0.3036
18-Jan-2025 14:39:03.164,-0.062919,0.361632,-0.339641
18-Jan-2025 14:39:03.181,-0.07025,0.439823,-0.326813
18-Jan-2025 14:39:03.196,-0.100182,0.506407,-0.288939
18-Jan-2025 14:39:03.212,-0.09896,0.568716,-0.222966
18-Jan-2025 14:39:03.228,-0.051313,0.618806,-0.19059
18-Jan-2025 14:39:03.244,0.027489,0.653626,-0.174097
18-Jan-2025 14:39:03.261,0.068417,0.659124,-0.186314
18-Jan-2025 14:39:03.277,0.068417,0.698219,-0.204029
18-Jan-2025 14:39:03.293,0.04948,0.740369,-0.211359
18-Jan-2025 14:39:03.309,0.036652,0.778853,-0.218079
18-Jan-2025 14:39:03.325,0.020769,0.839329,-0.23274
18-Jan-2025 14:39:03.341,0,0.882089,-0.241292
18-Jan-2025 14:39:03.357,-0.039706,0.927904,-0.244957
18-Jan-2025 14:39:03.373,-0.059865,0.949895,-0.243735
18-Jan-2025 14:39:03.389,-0.037874,1.067792,-0.229074
18-Jan-2025 14:39:03.405,0.02138,1.165531,-0.235794
18-Jan-2025 14:39:03.422,0.161268,1.216233,-0.293826
18-Jan-2025 14:39:03.437,0.278555,1.227228,-0.355524
18-Jan-2025 14:39:03.453,0.088575,1.225396,-0.342085
18-Jan-2025 14:39:03.469,-0.147219,1.331075,-0.230907
18-Jan-2025 14:39:03.485,-0.274889,1.329854,-0.17654
18-Jan-2025 14:39:03.502,-0.318872,1.243111,-0.202196
18-Jan-2025 14:39:03.518,-0.229074,1.317636,-0.216246
18-Jan-2025 14:39:03.534,-0.129503,1.488068,-0.211359
18-Jan-2025 14:39:03.550,-0.153327,1.569313,-0.189368
18-Jan-2025 14:39:03.566,-0.251066,1.583974,-0.182649
18-Jan-2025 14:39:03.582,-0.302378,1.596191,-0.161268
18-Jan-2025 14:39:03.598,-0.320093,1.613295,-0.121562
18-Jan-2025 14:39:03.614,-0.321926,1.630399,-0.078191
18-Jan-2025 14:39:03.630,-0.35308,1.704314,-0.000611
18-Jan-2025 14:39:03.646,-0.400117,1.780061,0.029932
18-Jan-2025 14:39:03.663,-0.443488,1.824654,0.014661
18-Jan-2025 14:39:03.678,-0.436769,1.790446,-0.024435
18-Jan-2025 14:39:03.694,-0.392786,1.755016,-0.042761
18-Jan-2025 14:39:03.710,-0.333532,1.815492,-0.020159
18-Jan-2025 14:39:03.726,-0.312763,1.898569,-0.001833
18-Jan-2025 14:39:03.743,-0.298102,1.941941,-0.022602
18-Jan-2025 14:39:03.759,-0.313985,1.979814,-0.072693
18-Jan-2025 14:39:03.775,-0.340863,2.037235,-0.129503
18-Jan-2025 14:39:03.791,-0.375682,2.06167,-0.14111
18-Jan-2025 14:39:03.807,-0.422108,2.053118,-0.117897
18-Jan-2025 14:39:03.823,-0.413556,2.019521,-0.103236
18-Jan-2025 14:39:03.839,-0.379347,1.967597,-0.089186
18-Jan-2025 14:39:03.855,-0.313985,1.866193,-0.054367
18-Jan-2025 14:39:03.871,-0.274278,1.809383,-0.026267
18-Jan-2025 14:39:03.887,-0.263283,1.576643,0.089186
18-Jan-2025 14:39:03.904,-0.233961,1.634065,-0.006109
18-Jan-2025 14:39:03.919,-0.158214,1.579087,-0.017104
18-Jan-2025 14:39:03.935,-0.178373,1.643838,-0.048869
18-Jan-2025 14:39:03.951,-0.279776,1.628567,0.002443
18-Jan-2025 14:39:03.967,-0.290772,1.65911,0.068417
18-Jan-2025 14:39:03.984,-0.179594,1.697595,0.109345
18-Jan-2025 14:39:04.000,-0.080023,1.653612,0.115454
18-Jan-2025 14:39:04.016,-0.02138,1.582141,0.128282
18-Jan-2025 14:39:04.032,0.029322,1.528996,0.195477
18-Jan-2025 14:39:04.048,0.073304,1.500285,0.266337
18-Jan-2025 14:39:04.064,0.126449,1.436755,0.355524
18-Jan-2025 14:39:04.080,0.152716,1.379334,0.393397
18-Jan-2025 14:39:04.096,0.168599,1.359175,0.426384
18-Jan-2025 14:39:04.112,0.192423,1.329243,0.448375
18-Jan-2025 14:39:04.128,0.257174,1.353677,0.48747
18-Jan-2025 14:39:04.145,0.293215,1.361008,0.525955
18-Jan-2025 14:39:04.160,0.28222,1.282817,0.52229
18-Jan-2025 14:39:04.176,0.256563,1.23578,0.511905
18-Jan-2025 14:39:04.192,0.257785,1.207681,0.500299
18-Jan-2025 14:39:04.208,0.311541,1.168585,0.467923
18-Jan-2025 14:39:04.225,0.368963,1.153924,0.409891
18-Jan-2025 14:39:04.241,0.406836,1.156979,0.320704
18-Jan-2025 14:39:04.257,0.413556,1.169196,0.258396
18-Jan-2025 14:39:04.273,0.404393,1.215011,0.191812
18-Jan-2025 14:39:04.289,0.415999,1.339017,0.144775
18-Jan-2025 14:39:04.305,0.445932,1.496009,0.103847
18-Jan-2025 14:39:04.321,0.340863,1.50395,0.076358
18-Jan-2025 14:39:04.337,0.251066,1.578476,0.017104
18-Jan-2025 14:39:04.353,0.258396,1.70859,-0.039706
18-Jan-2025 14:39:04.369,0.266948,1.825876,-0.107512
18-Jan-2025 14:39:04.386,0.255342,1.947438,-0.193644
18-Jan-2025 14:39:04.401,0.195477,2.01219,-0.230296
18-Jan-2025 14:39:04.417,0.04948,2.051896,-0.230907
18-Jan-2025 14:39:04.433,-0.048258,2.073277,-0.209527
18-Jan-2025 14:39:04.450,-0.117286,2.11787,-0.175318
18-Jan-2025 14:39:04.466,-0.128282,2.134974,-0.163101
18-Jan-2025 14:39:04.482,-0.092852,2.138639,-0.158214
18-Jan-2025 14:39:04.498,-0.048258,2.158187,-0.149662
18-Jan-2025 14:39:04.514,-0.012828,2.186898,-0.113621
18-Jan-2025 14:39:04.530,-0.042761,2.240654,-0.067806
18-Jan-2025 14:39:04.546,-0.101404,2.291966,-0.020159
18-Jan-2025 14:39:04.562,-0.146608,2.326786,0.018326
18-Jan-2025 14:39:04.578,-0.182038,2.307849,0.023824
18-Jan-2025 14:39:04.594,-0.20464,2.285247,-0.00672
18-Jan-2025 14:39:04.610,-0.224188,2.312736,-0.039706
18-Jan-2025 14:39:04.627,-0.263283,2.366492,-0.079412
18-Jan-2025 14:39:04.642,-0.273057,2.373211,-0.104458
18-Jan-2025 14:39:04.658,-0.284663,2.312125,-0.113621
18-Jan-2025 14:39:04.674,-0.290161,2.226604,-0.097738
18-Jan-2025 14:39:04.691,-0.251676,2.142304,-0.065363
18-Jan-2025 14:39:04.707,-0.210749,2.095268,-0.033598
18-Jan-2025 14:39:04.723,-0.191201,2.043344,-0.003665
18-Jan-2025 14:39:04.739,-0.166766,1.97004,0.010996
18-Jan-2025 14:39:04.755,-0.138056,1.912008,-0.003665
18-Jan-2025 14:39:04.771,-0.130114,1.866804,-0.014661
18-Jan-2025 14:39:04.787,-0.140499,1.868026,-0.009774
18-Jan-2025 14:39:04.803,-0.116675,1.919339,-0.017715
18-Jan-2025 14:39:04.819,-0.062308,1.960267,-0.069028
18-Jan-2025 14:39:04.835,0.0281,1.982258,-0.146608
18-Jan-2025 14:39:04.851,0.075136,2.048231,-0.175929
18-Jan-2025 14:39:04.868,0.132558,2.075109,-0.216857
18-Jan-2025 14:39:04.883,0.19059,2.031738,-0.279165
18-Jan-2025 14:39:04.899,0.307265,1.985923,-0.383013
18-Jan-2025 14:39:04.916,0.455095,2.007303,-0.521679
18-Jan-2025 14:39:04.932,0.411112,2.012801,-0.610865
18-Jan-2025 14:39:04.948,0.167988,1.940108,-0.621861
18-Jan-2025 14:39:04.964,-0.055589,1.838704,-0.57177
18-Jan-2025 14:39:04.980,-0.340252,1.855809,-0.518625
18-Jan-2025 14:39:04.996,-0.525955,1.971873,-0.554055
18-Jan-2025 14:39:05.012,-0.736704,2.151467,-0.779464
18-Jan-2025 14:39:05.029,-0.864985,2.196671,-1.038471
18-Jan-2025 14:39:05.044,-0.821614,2.048842,-1.23578
18-Jan-2025 14:39:05.060,-0.57177,1.739744,-1.020756
18-Jan-2025 14:39:05.076,-0.182649,1.378112,-0.497244
18-Jan-2025 14:39:05.092,0.139888,1.304197,0.235183
18-Jan-2025 14:39:05.109,0.071471,1.326188,0.636522
18-Jan-2025 14:39:05.124,-0.16249,1.335351,0.838107
18-Jan-2025 14:39:05.141,-0.229074,1.244333,0.848492
18-Jan-2025 14:39:05.157,-0.093462,0.973719,0.696386
18-Jan-2025 14:39:05.173,0.032987,0.778853,0.512516
18-Jan-2025 14:39:05.189,0.109956,0.849714,0.259618
18-Jan-2025 14:39:05.205,0.07025,0.970054,0.208916
18-Jan-2025 14:39:05.221,-0.092852,0.85399,0.198531
18-Jan-2025 14:39:05.237,-0.158214,0.706771,0.202196
18-Jan-2025 14:39:05.253,-0.122784,0.561385,0.223577
18-Jan-2025 14:39:05.270,-0.079412,0.376904,0.210138
18-Jan-2025 14:39:05.285,-0.085521,0.284663,0.126449
18-Jan-2025 14:39:05.301,-0.227242,0.329867,0.16921
18-Jan-2025 14:39:05.317,-0.294437,0.417221,0.222966
18-Jan-2025 14:39:05.333,-0.188147,0.379347,0.235183
18-Jan-2025 14:39:05.350,0.020159,0.298713,0.167988
18-Jan-2025 14:39:05.366,0.244957,0.092852,0.066584
18-Jan-2025 14:39:05.381,0.3036,0.040317,0.042761
18-Jan-2025 14:39:05.398,0.271224,0.050091,0.089797
18-Jan-2025 14:39:05.414,0.223577,-0.012828,0.114843
18-Jan-2025 14:39:05.430,0.188757,-0.193033,0.115454
18-Jan-2025 14:39:05.446,0.181427,-0.34575,0.108123
18-Jan-2025 14:39:05.462,0.173486,-0.31765,0.116675
18-Jan-2025 14:39:05.478,0.14844,-0.265726,0.138666
18-Jan-2025 14:39:05.494,0.147829,-0.274278,0.173486
18-Jan-2025 14:39:05.510,0.251676,-0.192423,0.046426
18-Jan-2025 14:39:05.526,0.302989,-0.089797,0.079412
18-Jan-2025 14:39:05.542,0.249233,-0.066584,0.000611
18-Jan-2025 14:39:05.558,0.147829,-0.096517,-0.065363
18-Jan-2025 14:39:05.574,0.012828,-0.030543,-0.083689
18-Jan-2025 14:39:05.591,-0.031765,0.001222,-0.075747
18-Jan-2025 14:39:05.607,-0.033598,-0.015272,-0.045204
18-Jan-2025 14:39:05.623,-0.025045,-0.080023,0.014661
18-Jan-2025 14:39:05.639,-0.038485,-0.14844,0.032987
18-Jan-2025 14:39:05.655,-0.068417,-0.202807,0.074526
18-Jan-2025 14:39:05.671,-0.095906,-0.250455,0.114843
18-Jan-2025 14:39:05.687,-0.147219,-0.350637,0.193033
18-Jan-2025 14:39:05.703,-0.211359,-0.422719,0.351248
18-Jan-2025 14:39:05.719,-0.274889,-0.483805,0.447153
18-Jan-2025 14:39:05.735,-0.21197,-0.496023,0.497855
18-Jan-2025 14:39:05.751,-0.083078,-0.454484,0.541837
18-Jan-2025 14:39:05.767,-0.078802,-0.45876,0.55772
18-Jan-2025 14:39:05.783,-0.167988,-0.491747,0.52229
18-Jan-2025 14:39:05.799,-0.268781,-0.568105,0.385456
18-Jan-2025 14:39:05.816,-0.274889,-0.554055,0.276111
18-Jan-2025 14:39:05.832,-0.234572,-0.380569,0.131947
18-Jan-2025 14:39:05.847,-0.229685,-0.311541,0.0281
18-Jan-2025 14:39:05.864,-0.265726,-0.268781,-0.009163
18-Jan-2025 14:39:05.880,-0.249233,-0.286496,-0.010385
18-Jan-2025 14:39:05.896,-0.172264,-0.395841,-0.043982
18-Jan-2025 14:39:05.912,-0.122173,-0.443488,-0.059254
18-Jan-2025 14:39:05.928,-0.121562,-0.473421,-0.025656
18-Jan-2025 14:39:05.944,-0.14844,-0.494801,0.015272
18-Jan-2025 14:39:05.960,-0.152105,-0.520457,0.033598
18-Jan-2025 14:39:05.976,-0.084299,-0.572381,0.001833
18-Jan-2025 14:39:05.993,-0.018326,-0.556498,-0.057421
18-Jan-2025 14:39:06.008,-0.003054,-0.505186,-0.158825
18-Jan-2025 14:39:06.024,-0.043371,-0.430049,-0.203418
18-Jan-2025 14:39:06.040,-0.080634,-0.344528,-0.191201
18-Jan-2025 14:39:06.057,-0.069028,-0.298102,-0.187536
18-Jan-2025 14:39:06.073,0,-0.299324,-0.206472
18-Jan-2025 14:39:06.088,0.058643,-0.335976,-0.276722
18-Jan-2025 14:39:06.105,0.086743,-0.371406,-0.333532
18-Jan-2025 14:39:06.121,0.092241,-0.318261,-0.345139
18-Jan-2025 14:39:06.137,0.109345,-0.2474,-0.355524
18-Jan-2025 14:39:06.153,0.159436,-0.12706,-0.387899
18-Jan-2025 14:39:06.169,0.175929,-0.072693,-0.406836
18-Jan-2025 14:39:06.185,0.180816,-0.081245,-0.417221
18-Jan-2025 14:39:06.201,0.193644,-0.108123,-0.431271
18-Jan-2025 14:39:06.217,0.255953,-0.04948,-0.451429
18-Jan-2025 14:39:06.234,0.325591,-0.003665,-0.520457
18-Jan-2025 14:39:06.249,0.379347,0.00733,-0.662789
18-Jan-2025 14:39:06.265,0.3317,0.010385,-0.71288
18-Jan-2025 14:39:06.281,0.218079,0.124617,-0.688445
18-Jan-2025 14:39:06.297,0.172264,0.212581,-0.64935
18-Jan-2025 14:39:06.314,0.200364,0.199142,-0.616974
18-Jan-2025 14:39:06.329,0.291994,0.171653,-0.602924
18-Jan-2025 14:39:06.346,0.324369,0.195477,-0.593761
18-Jan-2025 14:39:06.362,0.350026,0.254731,-0.511294
18-Jan-2025 14:39:06.378,0.355524,0.309709,-0.399506
18-Jan-2025 14:39:06.394,0.382402,0.378126,-0.149662
18-Jan-2025 14:39:06.410,0.394619,0.36713,0.026878
18-Jan-2025 14:39:06.426,0.368352,0.288939,0.167377
18-Jan-2025 14:39:06.442,0.315206,0.248622,0.201586
18-Jan-2025 14:39:06.458,0.200364,0.25412,0.285885
18-Jan-2025 14:39:06.474,0.109956,0.299324,0.332922
18-Jan-2025 14:39:06.491,0.037263,0.351248,0.315206
18-Jan-2025 14:39:06.507,-0.004276,0.41661,0.28222
18-Jan-2025 14:39:06.523,-0.053756,0.453873,0.3036
18-Jan-2025 14:39:06.539,-0.191812,0.448986,0.225409
18-Jan-2025 14:39:06.555,-0.25412,0.405615,0.158214
18-Jan-2025 14:39:06.570,-0.144775,0.163712,0.191201
18-Jan-2025 14:39:06.587,-0.017104,0.040317,0.187536
18-Jan-2025 14:39:06.603,0.061697,0.100793,0.219911
18-Jan-2025 14:39:06.619,0.079412,0.201586,0.305433
18-Jan-2025 14:39:06.635,0.045815,0.050091,0.359189
18-Jan-2025 14:39:06.651,0.015272,-0.098349,0.365908
18-Jan-2025 14:39:06.667,0.018937,-0.111177,0.37446
18-Jan-2025 14:39:06.683,0.00672,-0.062308,0.376293
18-Jan-2025 14:39:06.699,-0.022602,-0.053756,0.333532
18-Jan-2025 14:39:06.716,-0.024435,-0.177151,0.230296
18-Jan-2025 14:39:06.731,-0.014661,-0.202196,0.193644
18-Jan-2025 14:39:06.747,-0.047037,-0.149051,0.197309
18-Jan-2025 14:39:06.764,-0.086132,-0.129503,0.216857
18-Jan-2025 14:39:06.780,-0.110567,-0.16921,0.210138
18-Jan-2025 14:39:06.796,-0.093462,-0.19059,0.210138
18-Jan-2025 14:39:06.812,-0.040317,-0.294437,0.199142
18-Jan-2025 14:39:06.828,-0.003665,-0.348193,0.206472
18-Jan-2025 14:39:06.844,0.020159,-0.386678,0.233351
18-Jan-2025 14:39:06.860,-0.001833,-0.406225,0.284052
18-Jan-2025 14:39:06.876,-0.045815,-0.420275,0.321926
18-Jan-2025 14:39:06.892,-0.083689,-0.516792,0.3317
18-Jan-2025 14:39:06.908,-0.108123,-0.540005,0.308487
18-Jan-2025 14:39:06.924,-0.071471,-0.574824,0.290772
18-Jan-2025 14:39:06.940,-0.038485,-0.62858,0.291383
18-Jan-2025 14:39:06.957,0.042761,-0.692721,0.306654
18-Jan-2025 14:39:06.972,0.100182,-0.753197,0.323148
18-Jan-2025 14:39:06.989,0.118508,-0.871705,0.333532
18-Jan-2025 14:39:07.005,0.13439,-0.916298,0.346971
18-Jan-2025 14:39:07.021,0.185092,-0.9108,0.358578
18-Jan-2025 14:39:07.037,0.2474,-0.808786,0.356745
18-Jan-2025 14:39:07.053,0.270002,-0.679893,0.354302
18-Jan-2025 14:39:07.069,0.325591,-0.493579,0.321315
18-Jan-2025 14:39:07.085,0.328035,-0.401949,0.262061
18-Jan-2025 14:39:07.101,0.136834,-0.394008,0.174707
18-Jan-2025 14:39:07.117,-0.103236,-0.474031,0.133169
18-Jan-2025 14:39:07.133,-0.333532,-0.605367,0.144775
18-Jan-2025 14:39:07.149,-0.328645,-0.659124,0.142332
18-Jan-2025 14:39:07.165,-0.153327,-0.711658,0.104458
18-Jan-2025 14:39:07.181,-0.068417,-0.770912,0.089186
18-Jan-2025 14:39:07.198,-0.094073,-0.871094,0.108734
18-Jan-2025 14:39:07.214,-0.179594,-0.940732,0.150884
18-Jan-2025 14:39:07.229,-0.191201,-0.901637,0.175318
18-Jan-2025 14:39:07.246,-0.108734,-0.668287,0.188147
18-Jan-2025 14:39:07.262,-0.058643,-0.491136,0.160658
18-Jan-2025 14:39:07.278,-0.128282,-0.418443,0.089797
18-Jan-2025 14:39:07.294,-0.229685,-0.505796,0.065973
18-Jan-2025 14:39:07.310,-0.342085,-0.662789,0.09163
18-Jan-2025 14:39:07.326,-0.38851,-0.687834,0.107512
18-Jan-2025 14:39:07.342,-0.411723,-0.449597,0.136223
18-Jan-2025 14:39:07.358,-0.43799,-0.161268,-0.019548
18-Jan-2025 14:39:07.374,-0.38851,-0.041539,-0.214414
18-Jan-2025 14:39:07.390,-0.390954,0.00672,-0.298713
18-Jan-2025 14:39:07.406,-0.387289,-0.039706,-0.3036
18-Jan-2025 14:39:07.422,-0.343917,-0.046426,-0.31032
18-Jan-2025 14:39:07.439,-0.330478,0.004887,-0.315206
18-Jan-2025 14:39:07.455,-0.285885,0.07758,-0.329256
18-Jan-2025 14:39:07.471,-0.219301,0.084299,-0.343917
18-Jan-2025 14:39:07.487,-0.150884,0.005498,-0.380569
18-Jan-2025 14:39:07.502,-0.129503,0.000611,-0.369573
18-Jan-2025 14:39:07.519,-0.116675,0.083689,-0.333532
18-Jan-2025 14:39:07.535,-0.097128,0.166766,-0.321315
18-Jan-2025 14:39:07.551,-0.065363,0.238237,-0.312152
18-Jan-2025 14:39:07.567,0.014661,0.279165,-0.297491
18-Jan-2025 14:39:07.583,0.089186,0.279776,-0.290772
18-Jan-2025 14:39:07.599,0.182038,0.248011,-0.278555
18-Jan-2025 14:39:07.615,0.233961,0.225409,-0.266948
18-Jan-2025 14:39:07.631,0.274889,0.208305,-0.262672
18-Jan-2025 14:39:07.647,0.268781,0.201586,-0.278555
18-Jan-2025 14:39:07.663,0.24007,0.236405,-0.282831
18-Jan-2025 14:39:07.680,0.23274,0.273668,-0.288939
18-Jan-2025 14:39:07.695,0.284052,0.295659,-0.296881
18-Jan-2025 14:39:07.711,0.387289,0.332311,-0.295659
18-Jan-2025 14:39:07.727,0.503353,0.372628,-0.284663
18-Jan-2025 14:39:07.744,0.556498,0.3598,-0.243124
18-Jan-2025 14:39:07.760,0.447764,0.278555,-0.21197
18-Jan-2025 14:39:07.776,0.189979,0.262672,-0.116675
18-Jan-2025 14:39:07.792,0.065363,0.328645,-0.072693
18-Jan-2025 14:39:07.808,0.138056,0.498466,-0.015272
18-Jan-2025 14:39:07.824,0.259007,0.671341,0.043371
18-Jan-2025 14:39:07.840,0.287107,0.786794,0.116675
18-Jan-2025 14:39:07.856,0.209527,0.736093,0.121562
18-Jan-2025 14:39:07.872,0.131336,0.634689,0.178984
18-Jan-2025 14:39:07.888,0.120951,0.634078,0.290161
18-Jan-2025 14:39:07.904,0.136834,0.655458,0.365297
18-Jan-2025 14:39:07.921,0.157603,0.671952,0.397673
18-Jan-2025 14:39:07.937,0.167988,0.673784,0.331089
18-Jan-2025 14:39:07.952,0.102014,0.666454,0.188147
18-Jan-2025 14:39:07.968,-0.012217,0.653626,0.076969
18-Jan-2025 14:39:07.985,-0.142332,0.577879,0.047647
18-Jan-2025 14:39:08.001,-0.18387,0.433714,0.047037
18-Jan-2025 14:39:08.017,-0.172875,0.188147,0.017715
18-Jan-2025 14:39:08.033,-0.150273,-0.027489,0.012217
18-Jan-2025 14:39:08.049,-0.13439,-0.300546,0.005498
18-Jan-2025 14:39:08.065,-0.140499,-0.480751,-0.015272
18-Jan-2025 14:39:08.081,-0.151495,-0.566883,-0.039706
18-Jan-2025 14:39:08.097,-0.180816,-0.525955,-0.019548
18-Jan-2025 14:39:08.113,-0.237627,-0.417832,0.020159
18-Jan-2025 14:39:08.129,-0.329256,-0.262061,0.047647
18-Jan-2025 14:39:08.145,-0.348804,-0.175318,-0.003054
18-Jan-2025 14:39:08.162,-0.373239,-0.208916,-0.121562
18-Jan-2025 14:39:08.177,-0.397062,-0.245568,-0.157603
18-Jan-2025 14:39:08.193,-0.269392,-0.237016,-0.164323
18-Jan-2025 14:39:08.210,-0.079412,-0.241903,-0.175318
18-Jan-2025 14:39:08.225,0.060476,-0.291383,-0.163101
18-Jan-2025 14:39:08.242,0.141721,-0.304211,-0.073915
18-Jan-2025 14:39:08.258,0.167377,-0.284052,0.003054
18-Jan-2025 14:39:08.274,0.195477,-0.290772,0.081245
18-Jan-2025 14:39:08.290,0.220522,-0.306043,0.108123
18-Jan-2025 14:39:08.306,0.259618,-0.332311,0.121562
18-Jan-2025 14:39:08.322,0.304822,-0.307265,0.164934
18-Jan-2025 14:39:08.338,0.420275,-0.266948,0.210749
18-Jan-2025 14:39:08.354,0.516792,-0.276722,0.222966
18-Jan-2025 14:39:08.370,0.527788,-0.315206,0.20464
18-Jan-2025 14:39:08.386,0.421497,-0.352469,0.181427
18-Jan-2025 14:39:08.403,0.210749,-0.377515,0.172875
18-Jan-2025 14:39:08.418,0.102625,-0.386067,0.152716
18-Jan-2025 14:39:08.434,0.034819,-0.389121,0.167377
18-Jan-2025 14:39:08.450,-0.029932,-0.335365,0.243124
18-Jan-2025 14:39:08.467,-0.03543,-0.432493,0.202807
18-Jan-2025 14:39:08.483,-0.058032,-0.503353,0.100182
18-Jan-2025 14:39:08.499,-0.045815,-0.552222,0.064752
18-Jan-2025 14:39:08.515,0.053756,-0.560774,0.142332
18-Jan-2025 14:39:08.531,0.167988,-0.492968,0.267559
18-Jan-2025 14:39:08.547,0.264505,-0.441045,0.259618
18-Jan-2025 14:39:08.563,0.24007,-0.428827,0.15516
18-Jan-2025 14:39:08.579,0.129503,-0.354913,0.069639
18-Jan-2025 14:39:08.595,0.040928,-0.259007,0.041539
18-Jan-2025 14:39:08.611,-0.054367,-0.125838,0.121562
18-Jan-2025 14:39:08.627,-0.138056,0.06353,0.229685
18-Jan-2025 14:39:08.644,-0.139277,0.062919,0.160658
18-Jan-2025 14:39:08.660,-0.12034,0.113621,-0.039095
18-Jan-2025 14:39:08.676,-0.143553,0.227242,-0.205251
18-Jan-2025 14:39:08.692,-0.187536,0.507018,-0.293826
18-Jan-2025 14:39:08.708,-0.187536,0.631635,-0.274889
18-Jan-2025 14:39:08.724,-0.182038,0.747088,-0.219911
18-Jan-2025 14:39:08.740,-0.18326,0.827722,-0.136223
18-Jan-2025 14:39:08.756,-0.194255,0.869872,-0.053145
18-Jan-2025 14:39:08.772,-0.184481,0.883311,-0.032987
18-Jan-2025 14:39:08.788,-0.158825,0.911411,-0.0281
18-Jan-2025 14:39:08.804,-0.108123,0.957226,-0.050091
18-Jan-2025 14:39:08.820,-0.069639,1.022588,-0.080023
18-Jan-2025 14:39:08.836,-0.050702,1.119105,-0.099571
18-Jan-2025 14:39:08.852,-0.053145,1.165531,-0.085521
18-Jan-2025 14:39:08.869,-0.021991,1.1863,-0.081245
18-Jan-2025 14:39:08.885,0.023824,1.191798,-0.078802
18-Jan-2025 14:39:08.901,0.095295,1.211346,-0.074526
18-Jan-2025 14:39:08.917,0.125838,1.25655,-0.100793
18-Jan-2025 14:39:08.933,0.095906,1.315804,-0.158214
18-Jan-2025 14:39:08.949,0.062308,1.368949,-0.182649
18-Jan-2025 14:39:08.965,0.050091,1.455692,-0.18326
18-Jan-2025 14:39:08.981,0.078802,1.590693,-0.158825
18-Jan-2025 14:39:08.997,0.140499,1.649947,-0.151495
18-Jan-2025 14:39:09.013,0.269392,1.72997,-0.157603
18-Jan-2025 14:39:09.029,0.370184,1.796555,-0.177762
18-Jan-2025 14:39:09.046,0.287718,1.878411,-0.212581
18-Jan-2025 14:39:09.061,0.069028,1.823433,-0.213803
18-Jan-2025 14:39:09.077,-0.252898,1.620015,-0.117897
18-Jan-2025 14:39:09.094,-0.250455,1.649947,-0.072693
18-Jan-2025 14:39:09.110,0.009774,1.844813,-0.097738
18-Jan-2025 14:39:09.126,0.121562,1.921782,-0.106901
18-Jan-2025 14:39:09.142,0.059865,1.958434,-0.107512
18-Jan-2025 14:39:09.158,-0.128282,2.04762,-0.089186
18-Jan-2025 14:39:09.174,-0.185092,2.132531,-0.022602
18-Jan-2025 14:39:09.190,-0.112399,2.185065,0.066584
18-Jan-2025 14:39:09.206,-0.000611,2.144748,0.075136
18-Jan-2025 14:39:09.222,0.084299,2.070833,0.060476
18-Jan-2025 14:39:09.238,0.065973,2.11115,0.037263
18-Jan-2025 14:39:09.254,-0.014661,2.235767,0.004887
18-Jan-2025 14:39:09.270,-0.06353,2.26631,-0.033598
18-Jan-2025 14:39:09.287,-0.057421,2.265699,-0.114843
18-Jan-2025 14:39:09.302,-0.048869,2.290745,-0.152716
18-Jan-2025 14:39:09.318,-0.062308,2.348166,-0.147219
18-Jan-2025 14:39:09.334,-0.075136,2.434298,-0.116675
18-Jan-2025 14:39:09.350,-0.04948,2.485,-0.115454
18-Jan-2025 14:39:09.367,-0.020159,2.453846,-0.171653
18-Jan-2025 14:39:09.383,-0.032987,2.398257,-0.218079
18-Jan-2025 14:39:09.399,-0.07086,2.342668,-0.230296
18-Jan-2025 14:39:09.415,-0.100793,2.314569,-0.222355
18-Jan-2025 14:39:09.431,-0.135612,2.392759,-0.185092
18-Jan-2025 14:39:09.447,-0.150273,2.502104,-0.156992
18-Jan-2025 14:39:09.463,-0.170431,2.638938,-0.11973
18-Jan-2025 14:39:09.479,-0.160658,2.723237,-0.102014
18-Jan-2025 14:39:09.495,-0.145997,2.758667,-0.085521
18-Jan-2025 14:39:09.511,-0.145997,2.770274,-0.0562
18-Jan-2025 14:39:09.528,-0.053145,2.663373,-0.072693
18-Jan-2025 14:39:09.543,0.003665,2.667038,0.00733
18-Jan-2025 14:39:09.559,0.014661,2.624888,0.092852
18-Jan-2025 14:39:09.575,0.008552,2.543643,0.143553
18-Jan-2025 14:39:09.591,0.00672,2.467896,0.140499
18-Jan-2025 14:39:09.608,0.040928,2.405587,0.116675
18-Jan-2025 14:39:09.624,0.078191,2.396424,0.122784
18-Jan-2025 14:39:09.640,0.089797,2.346334,0.145997
18-Jan-2025 14:39:09.656,0.078191,2.291966,0.158825
18-Jan-2025 14:39:09.672,0.072693,2.256536,0.175318
18-Jan-2025 14:39:09.688,0.106291,2.187508,0.16921
18-Jan-2025 14:39:09.704,0.153938,2.119092,0.156992
18-Jan-2025 14:39:09.720,0.221744,2.061059,0.13439
18-Jan-2025 14:39:09.736,0.262061,2.039068,0.12034
18-Jan-2025 14:39:09.752,0.321315,2.006692,0.087354
18-Jan-2025 14:39:09.769,0.357967,1.98409,0.044593
18-Jan-2025 14:39:09.784,0.364076,1.972484,-0.016493
18-Jan-2025 14:39:09.801,0.351858,1.968208,-0.038485
18-Jan-2025 14:39:09.816,0.351858,1.990199,-0.031154
18-Jan-2025 14:39:09.833,0.357967,1.980425,-0.009163
18-Jan-2025 14:39:09.849,0.368352,1.94133,0.004887
18-Jan-2025 14:39:09.865,0.375071,1.838094,-0.010996
18-Jan-2025 14:39:09.881,0.383013,1.781894,-0.04215
18-Jan-2025 14:39:09.897,0.457538,1.769066,-0.037263
18-Jan-2025 14:39:09.913,0.497244,1.634065,-0.067195
18-Jan-2025 14:39:09.929,0.468534,1.427592,-0.080634
18-Jan-2025 14:39:09.945,0.455095,1.313971,-0.0562
18-Jan-2025 14:39:09.961,0.419054,1.146594,-0.028711
18-Jan-2025 14:39:09.977,0.34575,1.053743,-0.037263
18-Jan-2025 14:39:09.993,0.201586,0.976163,-0.059254
18-Jan-2025 14:39:10.010,0.102014,0.988991,-0.048869
18-Jan-2025 14:39:10.025,0.065973,1.011593,-0.025656
18-Jan-2025 14:39:10.042,0.131947,0.949895,0.00672
18-Jan-2025 14:39:10.058,0.163712,0.895528,0.001222
18-Jan-2025 14:39:10.074,0.108734,0.876592,-0.095906
18-Jan-2025 14:39:10.090,0.027489,0.888198,-0.163712
18-Jan-2025 14:39:10.105,-0.060476,0.800844,-0.16921
18-Jan-2025 14:39:10.122,-0.108734,0.688445,-0.13439
18-Jan-2025 14:39:10.138,-0.18387,0.572992,-0.054978
18-Jan-2025 14:39:10.154,-0.230907,0.558331,0.012217
18-Jan-2025 14:39:10.170,-0.288939,0.57177,0.111177
18-Jan-2025 14:39:10.186,-0.318261,0.596204,0.16921
18-Jan-2025 14:39:10.202,-0.333532,0.654848,0.243124
18-Jan-2025 14:39:10.218,-0.353691,0.676228,0.365297
18-Jan-2025 14:39:10.234,-0.364687,0.692721,0.410501
18-Jan-2025 14:39:10.251,-0.356134,0.695165,0.415999
18-Jan-2025 14:39:10.267,-0.350637,0.685391,0.36041
18-Jan-2025 14:39:10.283,-0.361632,0.648128,0.266948
18-Jan-2025 14:39:10.299,-0.383013,0.631024,0.233351
18-Jan-2025 14:39:10.315,-0.413556,0.654848,0.199142
18-Jan-2025 14:39:10.331,-0.429438,0.685391,0.171653
18-Jan-2025 14:39:10.347,-0.426384,0.711047,0.157603
18-Jan-2025 14:39:10.363,-0.387899,0.717767,0.149051
18-Jan-2025 14:39:10.379,-0.32498,0.687834,0.11973
18-Jan-2025 14:39:10.395,-0.215635,0.606589,0.068417
18-Jan-2025 14:39:10.411,-0.129503,0.566883,0.031154
18-Jan-2025 14:39:10.427,-0.053145,0.578489,-0.045204
18-Jan-2025 14:39:10.443,-0.03543,0.539394,-0.139277
18-Jan-2025 14:39:10.459,-0.04215,0.55039,-0.21869
18-Jan-2025 14:39:10.475,-0.062308,0.629191,-0.223577
18-Jan-2025 14:39:10.492,-0.07086,0.723264,-0.276111
18-Jan-2025 14:39:10.507,-0.026878,0.780686,-0.346971
18-Jan-2025 14:39:10.523,0.118508,0.792903,-0.442877
18-Jan-2025 14:39:10.539,0.420886,0.840551,-0.497244
18-Jan-2025 14:39:10.556,0.499077,0.968832,-0.693943
18-Jan-2025 14:39:10.572,0.268781,0.817338,-0.929126
18-Jan-2025 14:39:10.588,-0.084299,0.750753,-0.807564
18-Jan-2025 14:39:10.604,-0.276722,0.821614,-0.386067
18-Jan-2025 14:39:10.620,-0.122173,1.019534,-0.219301
18-Jan-2025 14:39:10.636,0.149051,1.072068,-0.147829
18-Jan-2025 14:39:10.652,0.175318,1.112386,-0.180205
18-Jan-2025 14:39:10.668,0.104458,1.210124,-0.232129
18-Jan-2025 14:39:10.684,0.114843,1.22173,-0.267559
18-Jan-2025 14:39:10.700,0.178984,1.160033,-0.178984
18-Jan-2025 14:39:10.716,0.225409,1.17164,0.09896
18-Jan-2025 14:39:10.733,0.223577,1.265713,0.521068
18-Jan-2025 14:39:10.748,0.224188,1.272432,0.863153
18-Jan-2025 14:39:10.764,0.199142,1.218065,0.991434
18-Jan-2025 14:39:10.780,0.175318,1.163698,0.879646
18-Jan-2025 14:39:10.796,0.143553,1.205237,0.61453
18-Jan-2025 14:39:10.813,0.02138,1.258382,0.342085
18-Jan-2025 14:39:10.829,-0.080023,1.445918,0.131947
18-Jan-2025 14:39:10.845,-0.048258,1.403768,0.126449
18-Jan-2025 14:39:10.861,0.008552,1.2706,0.124006
18-Jan-2025 14:39:10.877,0.037263,1.111775,0.09163
18-Jan-2025 14:39:10.893,-0.006109,1.086729,0.171653
18-Jan-2025 14:39:10.909,-0.006109,1.039693,0.102014
18-Jan-2025 14:39:10.925,0.015882,0.938289,0.053145
18-Jan-2025 14:39:10.941,-0.051924,0.926072,0.082467
18-Jan-2025 14:39:10.957,-0.101404,0.899805,0.114843
18-Jan-2025 14:39:10.974,-0.090408,0.905302,0.115454
18-Jan-2025 14:39:10.989,-0.060476,0.886365,0.092852
18-Jan-2025 14:39:11.005,-0.064752,0.814283,0.053756
18-Jan-2025 14:39:11.021,-0.032987,0.659124,-0.012828
18-Jan-2025 14:39:11.038,0.011606,0.555887,-0.017715
18-Jan-2025 14:39:11.054,0.065973,0.417221,0.013439
18-Jan-2025 14:39:11.070,0.103236,0.306043,0.038485
18-Jan-2025 14:39:11.086,0.125227,0.221133,0.078802
18-Jan-2025 14:39:11.102,0.128893,0.098349,0.117286
18-Jan-2025 14:39:11.118,0.118508,0.013439,0.120951
18-Jan-2025 14:39:11.134,0.096517,-0.040928,0.095906
18-Jan-2025 14:39:11.150,0.082467,-0.043982,0.094684
18-Jan-2025 14:39:11.166,0.058032,-0.025045,0.097128
18-Jan-2025 14:39:11.182,0.058032,-0.040928,0.095906
18-Jan-2025 14:39:11.198,0.106291,-0.108123,0.122173
18-Jan-2025 14:39:11.215,0.180205,-0.205862,0.167377
18-Jan-2025 14:39:11.230,0.258396,-0.346361,0.171653
18-Jan-2025 14:39:11.246,0.329256,-0.453873,0.079412
18-Jan-2025 14:39:11.262,0.342695,-0.433103,0.020769
18-Jan-2025 14:39:11.278,0.258396,-0.425162,-0.017715
18-Jan-2025 14:39:11.295,0.124006,-0.483805,-0.012828
18-Jan-2025 14:39:11.310,-0.023213,-0.598648,-0.001833
18-Jan-2025 14:39:11.326,-0.060476,-0.69883,-0.008552
18-Jan-2025 14:39:11.343,-0.045204,-0.943176,-0.165544
18-Jan-2025 14:39:11.359,-0.010996,-0.979828,-0.214414
18-Jan-2025 14:39:11.375,0.061087,-0.822836,-0.164323
18-Jan-2025 14:39:11.391,0.10568,-0.69211,-0.082467
18-Jan-2025 14:39:11.407,0.100182,-0.563218,0.001222
18-Jan-2025 14:39:11.423,0.01405,-0.40928,0.04948
18-Jan-2025 14:39:11.439,-0.065973,-0.340252,0.047037
18-Jan-2025 14:39:11.455,-0.144775,-0.296881,-0.02138
18-Jan-2025 14:39:11.471,-0.196699,-0.253509,-0.161268
18-Jan-2025 14:39:11.487,-0.224798,-0.222966,-0.430049
18-Jan-2025 14:39:11.503,-0.227853,-0.149662,-0.488081
18-Jan-2025 14:39:11.519,-0.216246,-0.002443,-0.432493
18-Jan-2025 14:39:11.536,-0.240681,0.073915,-0.364687
18-Jan-2025 14:39:11.551,-0.224798,0.192423,-0.263283
18-Jan-2025 14:39:11.567,-0.167988,0.119119,-0.231518
18-Jan-2025 14:39:11.584,-0.109345,0.009163,-0.238848
18-Jan-2025 14:39:11.600,0.0281,-0.034819,-0.219301
18-Jan-2025 14:39:11.616,0.087354,-0.074526,-0.189368
18-Jan-2025 14:39:11.632,0.011606,-0.12706,-0.195477
18-Jan-2025 14:39:11.648,-0.031765,-0.11301,-0.177762
18-Jan-2025 14:39:11.664,-0.043982,-0.050702,-0.152716
18-Jan-2025 14:39:11.680,-0.053145,-0.044593,-0.124006
18-Jan-2025 14:39:11.696,-0.050091,0.003665,-0.079412
18-Jan-2025 14:39:11.712,-0.034208,0.057421,-0.086132
18-Jan-2025 14:39:11.728,-0.00733,0.07086,-0.100182
18-Jan-2025 14:39:11.744,0.072082,0.048258,-0.108734
18-Jan-2025 14:39:11.760,0.14111,0.041539,-0.118508
18-Jan-2025 14:39:11.777,0.185092,0.050702,-0.13439
18-Jan-2025 14:39:11.792,0.175929,0.099571,-0.132558
18-Jan-2025 14:39:11.808,0.149662,0.151495,-0.144164
18-Jan-2025 14:39:11.825,0.13439,0.178984,-0.160047
18-Jan-2025 14:39:11.841,0.139277,0.193033,-0.175318
18-Jan-2025 14:39:11.857,0.152105,0.200975,-0.194255
18-Jan-2025 14:39:11.873,0.221133,0.205251,-0.21869
18-Jan-2025 14:39:11.889,0.298713,0.186314,-0.253509
18-Jan-2025 14:39:11.905,0.421497,0.18326,-0.312152
18-Jan-2025 14:39:11.921,0.603535,0.139888,-0.447764
18-Jan-2025 14:39:11.937,0.590096,0.038485,-0.582765
18-Jan-2025 14:39:11.953,0.346971,0.036041,-0.544892
18-Jan-2025 14:39:11.969,0.111788,0.026267,-0.375071
18-Jan-2025 14:39:11.985,-0.048869,0.084299,-0.109956
18-Jan-2025 14:39:12.001,-0.015882,0.163101,0.066584
18-Jan-2025 14:39:12.018,0.078802,0.326813,0.20464
18-Jan-2025 14:39:12.033,0.09896,0.447153,0.18387
18-Jan-2025 14:39:12.050,0.034819,0.617585,0.083078
18-Jan-2025 14:39:12.066,0.010385,0.729373,0.036652
18-Jan-2025 14:39:12.082,0.001833,0.888198,0.12706
18-Jan-2025 14:39:12.098,-0.031154,1.049466,0.317039
18-Jan-2025 14:39:12.114,-0.036652,1.062295,0.364076
18-Jan-2025 14:39:12.130,0.008552,1.067182,0.332922
18-Jan-2025 14:39:12.146,0.008552,1.097114,0.330478
18-Jan-2025 14:39:12.162,-0.050091,1.137431,0.302378
18-Jan-2025 14:39:12.178,-0.106901,1.08734,0.181427
18-Jan-2025 14:39:12.194,-0.174707,1.031751,0.111177
18-Jan-2025 14:39:12.210,-0.180816,0.975552,0.108123
18-Jan-2025 14:39:12.226,-0.11973,0.860098,0.116675
18-Jan-2025 14:39:12.242,-0.047037,0.76969,0.100793
18-Jan-2025 14:39:12.259,0.040928,0.665232,0.131947
18-Jan-2025 14:39:12.274,0.051924,0.61453,0.184481
18-Jan-2025 14:39:12.290,0.032987,0.611476,0.205862
18-Jan-2025 14:39:12.306,-0.010996,0.615752,0.251066
18-Jan-2025 14:39:12.323,-0.043982,0.654237,0.280387
18-Jan-2025 14:39:12.339,-0.062919,0.646295,0.265726
18-Jan-2025 14:39:12.355,-0.04215,0.626748,0.239459
18-Jan-2025 14:39:12.371,-0.025045,0.479529,0.194866
18-Jan-2025 14:39:12.387,-0.019548,0.426995,0.185092
18-Jan-2025 14:39:12.403,-0.006109,0.366519,0.200975
18-Jan-2025 14:39:12.419,0.006109,0.322537,0.208916
18-Jan-2025 14:39:12.435,0.038485,0.262061,0.212581
18-Jan-2025 14:39:12.451,0.177151,0.248622,0.238848
18-Jan-2025 14:39:12.467,0.218079,0.14111,0.2474
18-Jan-2025 14:39:12.483,0.166766,-0.064141,0.260839
18-Jan-2025 14:39:12.500,0.171653,-0.147219,0.26817
18-Jan-2025 14:39:12.515,0.186314,-0.172875,0.270613
18-Jan-2025 14:39:12.531,0.178984,-0.182649,0.2755
18-Jan-2025 14:39:12.548,0.158214,-0.26145,0.311541
18-Jan-2025 14:39:12.564,0.140499,-0.348193,0.361632
18-Jan-2025 14:39:12.580,0.193033,-0.37446,0.376293
18-Jan-2025 14:39:12.596,0.301767,-0.40256,0.320704
18-Jan-2025 14:39:12.612,0.369573,-0.439212,0.248011
18-Jan-2025 14:39:12.628,0.420886,-0.502131,0.165544
18-Jan-2025 14:39:12.644,0.511905,-0.586431,0.109956
18-Jan-2025 14:39:12.660,0.489303,-0.631635,0.080023
18-Jan-2025 14:39:12.676,0.287718,-0.642019,0.081856
18-Jan-2025 14:39:12.692,0.058643,-0.664621,0.095906
18-Jan-2025 14:39:12.708,0.010385,-0.689056,0.090408
18-Jan-2025 14:39:12.724,-0.005498,-0.757473,0.058643
18-Jan-2025 14:39:12.741,-0.040928,-0.785573,0.020159
18-Jan-2025 14:39:12.757,-0.037874,-0.788016,-0.033598
18-Jan-2025 14:39:12.773,0.002443,-0.781297,-0.079412
18-Jan-2025 14:39:12.789,0.044593,-0.709215,-0.143553
18-Jan-2025 14:39:12.805,0.069028,-0.524122,-0.243735
18-Jan-2025 14:39:12.821,0.09896,-0.383623,-0.330478
18-Jan-2025 14:39:12.837,0.145386,-0.295048,-0.400117
18-Jan-2025 14:39:12.853,0.128282,-0.284052,-0.42394
18-Jan-2025 14:39:12.869,0.015882,-0.230296,-0.42394
18-Jan-2025 14:39:12.885,-0.080634,-0.174097,-0.397062
18-Jan-2025 14:39:12.901,-0.09163,-0.069639,-0.37385
18-Jan-2025 14:39:12.917,-0.058032,0.047647,-0.376904
18-Jan-2025 14:39:12.933,-0.042761,0.166155,-0.403782
18-Jan-2025 14:39:12.949,-0.059865,0.225409,-0.385456
18-Jan-2025 14:39:12.965,-0.081856,0.292604,-0.334754
18-Jan-2025 14:39:12.982,-0.090408,0.391565,-0.280387
18-Jan-2025 14:39:12.997,-0.07086,0.466701,-0.248622
18-Jan-2025 14:39:13.013,-0.037263,0.52962,-0.240681
18-Jan-2025 14:39:13.030,-0.017104,0.549779,-0.238848
18-Jan-2025 14:39:13.046,0.003665,0.626748,-0.222355
18-Jan-2025 14:39:13.062,0.004887,0.715934,-0.227853
18-Jan-2025 14:39:13.078,0.002443,0.863763,-0.230907
18-Jan-2025 14:39:13.094,0.017715,0.940732,-0.230907
18-Jan-2025 14:39:13.110,0.048258,1.011593,-0.208916
18-Jan-2025 14:39:13.126,0.072082,1.037249,-0.165544
18-Jan-2025 14:39:13.142,0.085521,1.045801,-0.120951
18-Jan-2025 14:39:13.158,0.088575,1.038471,-0.106291
18-Jan-2025 14:39:13.174,0.095906,1.064738,-0.09163
18-Jan-2025 14:39:13.190,0.108734,1.135599,-0.072693
18-Jan-2025 14:39:13.206,0.10568,1.19302,-0.087965
18-Jan-2025 14:39:13.223,0.080023,1.29198,-0.104458
18-Jan-2025 14:39:13.238,0.07086,1.371392,-0.103847
18-Jan-2025 14:39:13.254,0.114843,1.497231,-0.259007
18-Jan-2025 14:39:13.270,0.158825,1.671938,-0.263283
18-Jan-2025 14:39:13.287,0.211359,1.792889,-0.241903
18-Jan-2025 14:39:13.303,0.241903,1.747685,-0.243124
18-Jan-2025 14:39:13.319,0.398284,1.664608,-0.287107
18-Jan-2025 14:39:13.335,0.468534,1.561372,-0.417221
18-Jan-2025 14:39:13.351,0.180816,1.535104,-0.450208
18-Jan-2025 14:39:13.367,-0.207083,1.5742,-0.31032
18-Jan-2025 14:39:13.383,-0.213192,1.635897,-0.240681
18-Jan-2025 14:39:13.399,-0.005498,1.632232,-0.213803
18-Jan-2025 14:39:13.415,0.113621,1.674993,-0.202196
18-Jan-2025 14:39:13.431,0.143553,1.7935,-0.182649
18-Jan-2025 14:39:13.447,0.113621,1.850922,-0.185703
18-Jan-2025 14:39:13.464,0.06353,1.858252,-0.16921
18-Jan-2025 14:39:13.479,0.044593,1.869859,-0.082467
18-Jan-2025 14:39:13.496,0.04948,1.909565,0.029322
18-Jan-2025 14:39:13.512,0.106291,2.009136,0.133779
18-Jan-2025 14:39:13.528,0.154549,2.107485,0.170431
18-Jan-2025 14:39:13.544,0.154549,2.200948,0.189368
18-Jan-2025 14:39:13.560,0.147219,2.27303,0.235794
18-Jan-2025 14:39:13.576,0.166155,2.395813,0.351858
18-Jan-2025 14:39:13.591,0.144164,2.384818,0.329867
18-Jan-2025 14:39:13.608,0.116675,2.296853,0.139277
18-Jan-2025 14:39:13.624,0.174707,2.298075,-0.029932
18-Jan-2025 14:39:13.640,0.223577,2.406809,-0.25412
18-Jan-2025 14:39:13.656,0.215025,2.467896,-0.408058
18-Jan-2025 14:39:13.672,0.223577,2.546697,-0.453873
18-Jan-2025 14:39:13.688,0.233961,2.547919,-0.480751
18-Jan-2025 14:39:13.705,0.213192,2.51371,-0.482584
18-Jan-2025 14:39:13.720,0.196088,2.426968,-0.474031
18-Jan-2025 14:39:13.737,0.191201,2.376877,-0.458149
18-Jan-2025 14:39:13.752,0.165544,2.31579,-0.43738
18-Jan-2025 14:39:13.769,0.142942,2.288301,-0.442266
18-Jan-2025 14:39:13.785,0.083689,2.250427,-0.461203
18-Jan-2025 14:39:13.801,0.004887,2.258369,-0.438601
18-Jan-2025 14:39:13.817,-0.084299,2.286469,-0.39523
18-Jan-2025 14:39:13.833,-0.104458,2.277306,-0.409891
18-Jan-2025 14:39:13.849,-0.111788,2.249817,-0.455095
18-Jan-2025 14:39:13.865,-0.154549,2.203391,-0.475864
18-Jan-2025 14:39:13.881,-0.100793,2.142304,-0.450208
18-Jan-2025 14:39:13.897,-0.053145,2.212554,-0.434936
18-Jan-2025 14:39:13.913,-0.02138,2.201558,-0.406225
18-Jan-2025 14:39:13.929,0.045815,2.217441,-0.361632
18-Jan-2025 14:39:13.946,0.082467,2.232713,-0.330478
18-Jan-2025 14:39:13.961,0.113621,2.204613,-0.327424
18-Jan-2025 14:39:13.978,0.12034,2.163685,-0.332311
18-Jan-2025 14:39:13.994,0.125227,2.095268,-0.315817
18-Jan-2025 14:39:14.010,0.149051,2.021353,-0.293215
18-Jan-2025 14:39:14.026,0.184481,1.929723,-0.267559
18-Jan-2025 14:39:14.042,0.229685,1.839315,-0.258396
18-Jan-2025 14:39:14.058,0.24007,1.792889,-0.258396
18-Jan-2025 14:39:14.074,0.235794,1.742188,-0.25412
18-Jan-2025 14:39:14.090,0.210138,1.688432,-0.253509
18-Jan-2025 14:39:14.106,0.157603,1.633454,-0.233351
18-Jan-2025 14:39:14.122,0.121562,1.616349,-0.188757
18-Jan-2025 14:39:14.138,0.115454,1.585806,-0.128893
18-Jan-2025 14:39:14.154,0.188147,1.587028,-0.103236
18-Jan-2025 14:39:14.170,0.188147,1.448362,-0.102625
18-Jan-2025 14:39:14.187,0.171042,1.346347,-0.086743
18-Jan-2025 14:39:14.202,0.181427,1.295645,-0.065363
18-Jan-2025 14:39:14.219,0.175318,1.233948,-0.021991
18-Jan-2025 14:39:14.234,0.164934,1.181413,0.017104
18-Jan-2025 14:39:14.250,0.150884,1.150259,0.067806
18-Jan-2025 14:39:14.267,0.082467,1.163698,0.100182
18-Jan-2025 14:39:14.283,-0.038485,1.252274,0.128893
18-Jan-2025 14:39:14.299,-0.071471,1.287093,0.161879
18-Jan-2025 14:39:14.315,-0.084299,1.276708,0.237627
18-Jan-2025 14:39:14.331,-0.150884,1.27793,0.3036
18-Jan-2025 14:39:14.347,-0.226631,1.34818,0.376293
18-Jan-2025 14:39:14.363,-0.220522,1.428203,0.364076
18-Jan-2025 14:39:14.379,-0.178984,1.472185,0.188757
18-Jan-2025 14:39:14.395,-0.145386,1.36284,-0.023824
18-Jan-2025 14:39:14.411,-0.12034,1.34818,-0.02138
18-Jan-2025 14:39:14.428,-0.058032,1.391551,-0.016493
18-Jan-2025 14:39:14.443,-0.034819,1.305419,-0.124617
18-Jan-2025 14:39:14.459,0.065363,1.188744,-0.191812
18-Jan-2025 14:39:14.475,0.12034,1.130712,-0.16921
18-Jan-2025 14:39:14.492,0.10568,1.116051,-0.01405
18-Jan-2025 14:39:14.508,0.072082,1.119716,0.135001
18-Jan-2025 14:39:14.524,0.061087,1.149037,0.323759
18-Jan-2025 14:39:14.540,0.058643,1.159422,0.408058
18-Jan-2025 14:39:14.556,0.061087,1.149037,0.425162
18-Jan-2025 14:39:14.572,0.043371,1.155757,0.426384
18-Jan-2025 14:39:14.588,0.00733,1.175916,0.38851
18-Jan-2025 14:39:14.604,-0.030543,1.189355,0.287107
18-Jan-2025 14:39:14.620,-0.052534,1.197907,0.191812
18-Jan-2025 14:39:14.636,-0.086743,1.20707,0.10568
18-Jan-2025 14:39:14.652,-0.094073,1.239446,0.061087
18-Jan-2025 14:39:14.669,-0.065363,1.302365,0.032987
18-Jan-2025 14:39:14.684,-0.047647,1.326799,0.043982
18-Jan-2025 14:39:14.701,-0.011606,1.297478,0.080634
18-Jan-2025 14:39:14.717,0.018937,1.248609,0.089186
18-Jan-2025 14:39:14.733,0.039706,1.204015,0.081245
18-Jan-2025 14:39:14.749,0.043371,1.196074,0.059254
18-Jan-2025 14:39:14.765,0.027489,1.17897,0.032376
18-Jan-2025 14:39:14.781,0.034208,1.130712,-0.034819
18-Jan-2025 14:39:14.797,0.053145,1.133766,-0.099571
18-Jan-2025 14:39:14.813,0.046426,1.185079,-0.138666
18-Jan-2025 14:39:14.829,0.039095,1.227228,-0.155771
18-Jan-2025 14:39:14.845,0.031765,1.293813,-0.189368
18-Jan-2025 14:39:14.861,0.027489,1.310306,-0.219301
18-Jan-2025 14:39:14.877,0.047647,1.290758,-0.283441
18-Jan-2025 14:39:14.893,0.083078,1.243722,-0.300546
18-Jan-2025 14:39:14.910,0.110567,1.271821,-0.314596
18-Jan-2025 14:39:14.926,0.14844,1.265713,-0.335976
18-Jan-2025 14:39:14.942,0.158214,1.210735,-0.36713
18-Jan-2025 14:39:14.958,0.233351,1.140485,-0.445321
18-Jan-2025 14:39:14.974,0.286496,1.134988,-0.451429
18-Jan-2025 14:39:14.990,0.189368,1.001819,-0.499688
18-Jan-2025 14:39:15.006,0.097738,0.962724,-0.539394
18-Jan-2025 14:39:15.022,0.068417,0.944398,-0.552222
18-Jan-2025 14:39:15.038,0.160047,0.840551,-0.531453
18-Jan-2025 14:39:15.054,0.268781,0.650571,-0.53634
18-Jan-2025 14:39:15.070,0.295048,0.50091,-0.561385
18-Jan-2025 14:39:15.086,0.293215,0.399506,-0.548557
18-Jan-2025 14:39:15.102,0.273668,0.262672,-0.498466
18-Jan-2025 14:39:15.118,0.255953,0.135001,-0.43738
18-Jan-2025 14:39:15.134,0.361632,0.105069,-0.48014
18-Jan-2025 14:39:15.151,0.215025,-0.047037,-0.48014
18-Jan-2025 14:39:15.167,0.314596,-0.395841,-0.475253
18-Jan-2025 14:39:15.182,0.386678,-0.439823,-0.528398
18-Jan-2025 14:39:15.198,0.396452,-0.538172,-0.538172
18-Jan-2025 14:39:15.215,0.373239,-0.543059,-0.549779
18-Jan-2025 14:39:15.231,0.443488,-0.572992,-0.506407
18-Jan-2025 14:39:15.247,0.483805,-0.554055,-0.52229
18-Jan-2025 14:39:15.263,0.508851,-0.561385,-0.516181
18-Jan-2025 14:39:15.279,0.526566,-0.587041,-0.467923
18-Jan-2025 14:39:15.295,0.523512,-0.59987,-0.408669
18-Jan-2025 14:39:15.311,0.464868,-0.533896,-0.305433
18-Jan-2025 14:39:15.327,0.332922,-0.50824,-0.216246
18-Jan-2025 14:39:15.343,0.117897,-0.481362,-0.117897
18-Jan-2025 14:39:15.359,-0.000611,-0.47281,-0.079412
18-Jan-2025 14:39:15.375,-0.076358,-0.497244,-0.083078
18-Jan-2025 14:39:15.392,-0.072693,-0.513127,-0.078802
18-Jan-2025 14:39:15.407,-0.038485,-0.50091,0.025045
18-Jan-2025 14:39:15.423,-0.027489,-0.451429,0.12034
18-Jan-2025 14:39:15.440,-0.038485,-0.392786,0.191201
18-Jan-2025 14:39:15.456,-0.041539,-0.31093,0.235794
18-Jan-2025 14:39:15.472,-0.034208,-0.26817,0.169821
18-Jan-2025 14:39:15.488,-0.017715,-0.399506,0.124617
18-Jan-2025 14:39:15.504,-0.026267,-0.453262,0.180816
18-Jan-2025 14:39:15.520,-0.003665,-0.534507,0.337808
18-Jan-2025 14:39:15.536,0.012217,-0.639576,0.483194
18-Jan-2025 14:39:15.552,-0.019548,-0.701884,0.657902
18-Jan-2025 14:39:15.568,-0.097128,-0.800233,0.640798
18-Jan-2025 14:39:15.584,-0.209527,-0.83322,0.477697
18-Jan-2025 14:39:15.600,-0.271224,-0.646295,0.299324
18-Jan-2025 14:39:15.616,-0.307265,-0.384234,0.216857
18-Jan-2025 14:39:15.633,-0.362243,-0.079412,0.153327
18-Jan-2025 14:39:15.649,-0.405004,-0.017715,0.127671
18-Jan-2025 14:39:15.664,-0.439212,-0.082467,0.078802
18-Jan-2025 14:39:15.681,-0.412945,-0.131336,0.037263
18-Jan-2025 14:39:15.697,-0.271835,-0.122784,0.036652
18-Jan-2025 14:39:15.713,-0.19059,-0.150884,0.060476
18-Jan-2025 14:39:15.729,-0.120951,-0.191812,0.093462
18-Jan-2025 14:39:15.745,-0.053756,-0.21197,0.13439
18-Jan-2025 14:39:15.761,0.016493,-0.307265,0.201586
18-Jan-2025 14:39:15.777,0.034819,-0.340252,0.244346
18-Jan-2025 14:39:15.793,0.037874,-0.335976,0.235183
18-Jan-2025 14:39:15.809,0.043371,-0.401338,0.233351
18-Jan-2025 14:39:15.825,0.004887,-0.358578,0.200364
18-Jan-2025 14:39:15.841,-0.036652,-0.337808,0.146608
18-Jan-2025 14:39:15.857,-0.043371,-0.335976,0.111177
18-Jan-2025 14:39:15.874,-0.013439,-0.299935,0.092241
18-Jan-2025 14:39:15.890,0.048869,-0.229074,0.103236
18-Jan-2025 14:39:15.905,0.164934,-0.107512,0.151495
18-Jan-2025 14:39:15.922,0.257174,-0.106291,0.152716
18-Jan-2025 14:39:15.938,0.36041,-0.210138,0.098349
18-Jan-2025 14:39:15.954,0.43066,-0.172875,0.080023
18-Jan-2025 14:39:15.970,0.490525,-0.092241,0.101404
18-Jan-2025 14:39:15.986,0.469145,-0.017104,0.111177
18-Jan-2025 14:39:16.002,0.3598,-0.07086,0.133779
18-Jan-2025 14:39:16.018,0.067195,-0.111788,0.193644
18-Jan-2025 14:39:16.034,-0.144775,-0.11973,0.178984
18-Jan-2025 14:39:16.050,-0.321315,-0.337198,0.14844
18-Jan-2025 14:39:16.066,-0.419054,-0.575435,0.053756
18-Jan-2025 14:39:16.083,-0.511905,-0.707993,-0.072082
18-Jan-2025 14:39:16.099,-0.494801,-0.587041,-0.084299
18-Jan-2025 14:39:16.115,-0.337198,-0.098349,0.359189
18-Jan-2025 14:39:16.131,-0.101404,-0.116064,0.221744
18-Jan-2025 14:39:16.147,-0.047647,-0.274278,0.011606
18-Jan-2025 14:39:16.163,0.07758,-0.736093,0.044593
18-Jan-2025 14:39:16.179,0.120951,-0.892474,0.101404
18-Jan-2025 14:39:16.195,0.017715,-0.993267,0.04215
18-Jan-2025 14:39:16.211,-0.102014,-0.967,-0.07025
18-Jan-2025 14:39:16.227,-0.256563,-0.761749,-0.115454
18-Jan-2025 14:39:16.243,-0.420275,-0.50152,-0.067806
18-Jan-2025 14:39:16.259,-0.425773,-0.461203,-0.010385
18-Jan-2025 14:39:16.275,-0.330478,-0.456927,-0.05681
18-Jan-2025 14:39:16.291,-0.302989,-0.242514,-0.046426
18-Jan-2025 14:39:16.307,-0.351248,-0.074526,-0.037263
18-Jan-2025 14:39:16.323,-0.385456,0.013439,-0.075136
18-Jan-2025 14:39:16.339,-0.351248,0.091019,-0.145386
18-Jan-2025 14:39:16.356,-0.279776,0.125227,-0.152105
18-Jan-2025 14:39:16.371,-0.186314,0.12034,-0.160047
18-Jan-2025 14:39:16.388,-0.155771,0.171653,-0.14844
18-Jan-2025 14:39:16.404,-0.103236,0.305433,-0.097128
18-Jan-2025 14:39:16.420,-0.037874,0.330478,-0.079412
18-Jan-2025 14:39:16.436,0.017104,0.272446,-0.099571
18-Jan-2025 14:39:16.452,0.055589,0.263283,-0.128282
18-Jan-2025 14:39:16.468,0.174707,0.321926,-0.151495
18-Jan-2025 14:39:16.484,0.270002,0.334754,-0.175318
18-Jan-2025 14:39:16.500,0.317039,0.33903,-0.19059
18-Jan-2025 14:39:16.517,0.298102,0.410501,-0.204029
18-Jan-2025 14:39:16.532,0.279776,0.490525,-0.215635
18-Jan-2025 14:39:16.548,0.3317,0.618806,-0.240681
18-Jan-2025 14:39:16.564,0.484416,0.683558,-0.323759
18-Jan-2025 14:39:16.580,0.746477,0.711047,-0.420886
18-Jan-2025 14:39:16.597,0.611476,0.711658,-0.442266
18-Jan-2025 14:39:16.613,0.137445,0.643852,-0.263894
18-Jan-2025 14:39:16.629,0.001833,0.664011,-0.084299
18-Jan-2025 14:39:16.645,0.281609,0.820392,-0.006109
18-Jan-2025 14:39:16.661,0.463647,0.960891,-0.004887
18-Jan-2025 14:39:16.677,0.467312,1.025032,-0.000611
18-Jan-2025 14:39:16.693,0.290161,1.068403,-0.006109
18-Jan-2025 14:39:16.709,0.167377,1.048245,0.005498
18-Jan-2025 14:39:16.725,0.138666,0.956004,0.037874
18-Jan-2025 14:39:16.741,0.182649,0.895528,0.092852
18-Jan-2025 14:39:16.758,0.210138,0.885755,0.208305
18-Jan-2025 14:39:16.773,0.14844,0.888809,0.263283
18-Jan-2025 14:39:16.789,0.026878,0.75564,0.22602
18-Jan-2025 14:39:16.805,0.053145,0.699441,0.188757
18-Jan-2025 14:39:16.821,0.078802,0.807564,0.107512
18-Jan-2025 14:39:16.838,0.007941,0.907135,0.034208
18-Jan-2025 14:39:16.854,-0.092241,0.987769,-0.029322
18-Jan-2025 14:39:16.870,-0.124006,1.04458,-0.062919
18-Jan-2025 14:39:16.886,-0.050702,0.965167,-0.088575
18-Jan-2025 14:39:16.902,0.039095,0.753197,-0.135001
18-Jan-2025 14:39:16.918,0.081856,0.602924,-0.136223
18-Jan-2025 14:39:16.934,0.117286,0.463036,-0.073304
18-Jan-2025 14:39:16.950,0.119119,0.425773,0.007941
18-Jan-2025 14:39:16.966,0.085521,0.415388,0.094684
18-Jan-2025 14:39:16.982,0.039706,0.424551,0.139277
18-Jan-2025 14:39:16.999,-0.013439,0.397673,0.164934
18-Jan-2025 14:39:17.014,-0.034208,0.371406,0.152716
18-Jan-2025 14:39:17.030,-0.031154,0.345139,0.125838
18-Jan-2025 14:39:17.047,-0.000611,0.265726,0.092241
18-Jan-2025 14:39:17.063,0.010996,0.17654,0.083078
18-Jan-2025 14:39:17.079,0.02138,0.081856,0.109345
18-Jan-2025 14:39:17.095,0.054367,0.006109,0.130725
18-Jan-2025 14:39:17.111,0.093462,-0.053145,0.142942
18-Jan-2025 14:39:17.127,0.081856,-0.065363,0.175318
18-Jan-2025 14:39:17.143,0.040317,-0.078802,0.213803
18-Jan-2025 14:39:17.159,0.029932,-0.092852,0.206472
18-Jan-2025 14:39:17.175,0.017104,-0.062919,0.150884
18-Jan-2025 14:39:17.191,-0.037874,-0.103236,0.106291
18-Jan-2025 14:39:17.207,-0.095295,-0.163101,0.100793
18-Jan-2025 14:39:17.223,-0.097128,-0.280998,0.152105
18-Jan-2025 14:39:17.240,-0.031154,-0.421497,0.226631
18-Jan-2025 14:39:17.255,0.106291,-0.50152,0.23274
18-Jan-2025 14:39:17.272,0.199142,-0.519235,0.182649
18-Jan-2025 14:39:17.288,0.406836,-0.412334,0.14111
18-Jan-2025 14:39:17.304,0.488692,-0.407447,0.106291
18-Jan-2025 14:39:17.320,0.427606,-0.509462,0.142942
18-Jan-2025 14:39:17.336,0.350637,-0.622472,0.160047
18-Jan-2025 14:39:17.352,0.260229,-0.732427,0.133169
18-Jan-2025 14:39:17.368,0.209527,-0.746477,0.106291
18-Jan-2025 14:39:17.384,0.155771,-0.753197,0.080634
18-Jan-2025 14:39:17.400,0.032376,-0.819781,-0.011606
18-Jan-2025 14:39:17.416,-0.07025,-0.822225,-0.089186
18-Jan-2025 14:39:17.432,-0.120951,-0.691499,-0.108734
18-Jan-2025 14:39:17.448,-0.081245,-0.588874,-0.04215
18-Jan-2025 14:39:17.464,0.016493,-0.481362,0.022602
18-Jan-2025 14:39:17.481,0.118508,-0.441656,0.030543
18-Jan-2025 14:39:17.496,0.208916,-0.479529,0.040928
18-Jan-2025 14:39:17.513,0.228464,-0.417221,0.003054
18-Jan-2025 14:39:17.528,0.191812,-0.304211,-0.113621
18-Jan-2025 14:39:17.545,0.145997,-0.307876,-0.241292
18-Jan-2025 14:39:17.561,0.008552,-0.233961,-0.329867
18-Jan-2025 14:39:17.577,-0.182649,-0.109956,-0.541837
18-Jan-2025 14:39:17.593,-0.263894,0.009774,-0.541227
18-Jan-2025 14:39:17.609,-0.269392,0.253509,-0.528398
18-Jan-2025 14:39:17.625,-0.231518,0.312152,-0.530842
18-Jan-2025 14:39:17.641,-0.218079,0.304211,-0.526566
18-Jan-2025 14:39:17.657,-0.244957,0.271835,-0.489303
18-Jan-2025 14:39:17.673,-0.241903,0.249844,-0.407447
18-Jan-2025 14:39:17.689,-0.199753,0.231518,-0.340252
18-Jan-2025 14:39:17.706,-0.117286,0.284052,-0.238237
18-Jan-2025 14:39:17.722,-0.050091,0.292604,-0.122784
18-Jan-2025 14:39:17.738,-0.104458,0.519846,-0.079412
18-Jan-2025 14:39:17.754,-0.218079,0.649961,-0.010385
18-Jan-2025 14:39:17.770,-0.260839,0.731817,-0.026267
18-Jan-2025 14:39:17.786,-0.199753,0.690278,-0.095906
18-Jan-2025 14:39:17.802,-0.07025,0.632856,-0.102014
18-Jan-2025 14:39:17.818,0.095295,0.767858,-0.100793
18-Jan-2025 14:39:17.834,0.131947,0.801455,-0.118508
18-Jan-2025 14:39:17.850,0.076358,0.729984,-0.153327
18-Jan-2025 14:39:17.866,0.042761,0.724486,-0.180205
18-Jan-2025 14:39:17.882,0.064752,0.799623,-0.215635
18-Jan-2025 14:39:17.898,0.086743,0.885144,-0.224798
18-Jan-2025 14:39:17.914,0.092852,0.954172,-0.229685
18-Jan-2025 14:39:17.930,0.088575,0.990213,-0.237627
18-Jan-2025 14:39:17.947,0.084299,1.050688,-0.236405
18-Jan-2025 14:39:17.963,0.065973,1.194242,-0.197309
18-Jan-2025 14:39:17.978,0.074526,1.29198,-0.181427
18-Jan-2025 14:39:17.995,0.12706,1.392773,-0.194866
18-Jan-2025 14:39:18.011,0.177151,1.461801,-0.243735
18-Jan-2025 14:39:18.027,0.255953,1.580308,-0.347582
18-Jan-2025 14:39:18.043,0.290161,1.60291,-0.415999
18-Jan-2025 14:39:18.059,0.213803,1.587639,-0.457538
18-Jan-2025 14:39:18.075,0.089797,1.656056,-0.38851
18-Jan-2025 14:39:18.091,-0.103847,1.733636,-0.237016
18-Jan-2025 14:39:18.107,-0.372628,1.734857,-0.053756
18-Jan-2025 14:39:18.124,-0.366519,1.75807,-0.011606
18-Jan-2025 14:39:18.139,-0.12706,1.91323,0.012217
18-Jan-2025 14:39:18.155,0.018937,2.07572,0.003054
18-Jan-2025 14:39:18.171,0.050091,2.317623,-0.020769
18-Jan-2025 14:39:18.188,-0.023213,2.460565,-0.04948
18-Jan-2025 14:39:18.204,-0.158214,2.569299,-0.058032
18-Jan-2025 14:39:18.220,-0.220522,2.625499,-0.037874
18-Jan-2025 14:39:18.236,-0.201586,2.713463,-0.012217
18-Jan-2025 14:39:18.252,-0.171042,2.703079,-0.017715
18-Jan-2025 14:39:18.268,-0.167377,2.631608,-0.023824
18-Jan-2025 14:39:18.284,-0.188147,2.601064,-0.012217
18-Jan-2025 14:39:18.300,-0.191812,2.572964,-0.018937
18-Jan-2025 14:39:18.316,-0.16921,2.500272,-0.080634
18-Jan-2025 14:39:18.332,-0.142332,2.527149,-0.11973
18-Jan-2025 14:39:18.348,-0.099571,2.721405,-0.150273
18-Jan-2025 14:39:18.365,-0.07025,2.850908,-0.178984
18-Jan-2025 14:39:18.380,-0.040317,2.899777,-0.241903
18-Jan-2025 14:39:18.396,-0.028711,2.813035,-0.286496
18-Jan-2025 14:39:18.413,-0.029932,2.706133,-0.317039
18-Jan-2025 14:39:18.429,-0.0281,2.740341,-0.291994
18-Jan-2025 14:39:18.445,-0.002443,2.750115,-0.270613
18-Jan-2025 14:39:18.461,0.083078,2.667038,-0.25412
18-Jan-2025 14:39:18.477,0.156992,2.584571,-0.208916
18-Jan-2025 14:39:18.493,0.202807,2.514932,-0.093462
18-Jan-2025 14:39:18.509,0.18326,2.467896,-0.051924
18-Jan-2025 14:39:18.525,0.142942,2.398868,-0.040928
18-Jan-2025 14:39:18.541,0.133169,2.371379,-0.017104
18-Jan-2025 14:39:18.557,0.100182,2.351831,-0.017104
18-Jan-2025 14:39:18.573,0.072082,2.296853,-0.010385
18-Jan-2025 14:39:18.589,0.082467,2.218052,-0.017104
18-Jan-2025 14:39:18.606,0.102625,2.164296,-0.053145
18-Jan-2025 14:39:18.621,0.103236,2.07572,-0.092241
18-Jan-2025 14:39:18.637,0.071471,1.980425,-0.111788
18-Jan-2025 14:39:18.654,0.052534,1.959656,-0.098349
18-Jan-2025 14:39:18.669,0.04215,1.983479,-0.083078
18-Jan-2025 14:39:18.686,0.039095,2.002416,-0.103847
18-Jan-2025 14:39:18.702,-0.005498,2.037847,-0.16921
18-Jan-2025 14:39:18.718,-0.064141,2.057394,-0.244957
18-Jan-2025 14:39:18.734,-0.094684,2.102598,-0.346361
18-Jan-2025 14:39:18.750,-0.08491,2.175902,-0.422108
18-Jan-2025 14:39:18.766,-0.092241,2.262034,-0.492357
18-Jan-2025 14:39:18.782,-0.125838,2.253482,-0.523512
18-Jan-2025 14:39:18.798,-0.164323,2.23088,-0.525344
18-Jan-2025 14:39:18.814,-0.172875,2.249206,-0.474642
18-Jan-2025 14:39:18.830,-0.118508,2.366492,-0.430049
18-Jan-2025 14:39:18.847,-0.032376,2.399479,-0.392175
18-Jan-2025 14:39:18.863,-0.007941,2.318233,-0.390343
18-Jan-2025 14:39:18.879,0.043982,2.232713,-0.450819
18-Jan-2025 14:39:18.894,0.087965,2.127644,-0.493579
18-Jan-2025 14:39:18.910,0.024435,1.992642,-0.407447
18-Jan-2025 14:39:18.927,-0.131336,1.956601,-0.263894
18-Jan-2025 14:39:18.943,-0.323759,1.866193,-0.166766
18-Jan-2025 14:39:18.959,-0.351858,1.778229,-0.12034
18-Jan-2025 14:39:18.975,-0.324369,1.752572,-0.067806
18-Jan-2025 14:39:18.991,-0.31093,1.75074,0.003665
18-Jan-2025 14:39:19.007,-0.330478,1.737912,0.087965
18-Jan-2025 14:39:19.023,-0.340863,1.699427,0.244346
18-Jan-2025 14:39:19.039,-0.299324,1.611462,0.340252
18-Jan-2025 14:39:19.055,-0.19792,1.458746,0.453873
18-Jan-2025 14:39:19.071,-0.129503,1.32741,0.507018
18-Jan-2025 14:39:19.088,-0.075136,1.246776,0.54367
18-Jan-2025 14:39:19.103,-0.071471,1.28465,0.541227
18-Jan-2025 14:39:19.119,-0.098349,1.347569,0.514349
18-Jan-2025 14:39:19.135,-0.111788,1.395216,0.464868
18-Jan-2025 14:39:19.152,-0.118508,1.407434,0.392175
18-Jan-2025 14:39:19.168,-0.120951,1.40499,0.288328
18-Jan-2025 14:39:19.184,-0.104458,1.401325,0.235794
18-Jan-2025 14:39:19.200,-0.07086,1.399492,0.175318
18-Jan-2025 14:39:19.216,-0.076969,1.385442,0.126449
18-Jan-2025 14:39:19.232,-0.113621,1.309695,0.086743
18-Jan-2025 14:39:19.248,-0.126449,1.247387,0.075747
18-Jan-2025 14:39:19.264,-0.138056,1.17225,0.072082
18-Jan-2025 14:39:19.280,-0.135001,1.149037,0.076358
18-Jan-2025 14:39:19.296,-0.115454,1.139875,0.075747
18-Jan-2025 14:39:19.312,-0.07758,1.127046,0.040317
18-Jan-2025 14:39:19.329,0.004276,1.12277,-0.039095
18-Jan-2025 14:39:19.344,0.059865,1.125825,-0.089186
18-Jan-2025 14:39:19.361,0.080634,1.137431,-0.13439
18-Jan-2025 14:39:19.377,0.086743,1.153924,-0.189979
18-Jan-2025 14:39:19.393,0.103847,1.140485,-0.235183
18-Jan-2025 14:39:19.409,0.147219,1.077566,-0.327424
18-Jan-2025 14:39:19.424,0.189368,1.015258,-0.406836
18-Jan-2025 14:39:19.441,0.274889,0.929126,-0.524122
18-Jan-2025 14:39:19.457,0.457538,0.897972,-0.644463
18-Jan-2025 14:39:19.473,0.544892,0.731206,-0.80512
18-Jan-2025 14:39:19.490,0.367741,0.547946,-0.853379
18-Jan-2025 14:39:19.505,0.11973,0.373239,-0.850935
18-Jan-2025 14:39:19.521,0.068417,0.320093,-0.770912
18-Jan-2025 14:39:19.538,0.074526,0.328035,-0.655458
18-Jan-2025 14:39:19.553,0.062919,0.352469,-0.543059
18-Jan-2025 14:39:19.570,0.009774,0.412945,-0.472199
18-Jan-2025 14:39:19.586,-0.012217,0.587652,-0.412334
18-Jan-2025 14:39:19.602,0.07025,0.736093,-0.346971
18-Jan-2025 14:39:19.618,0.253509,0.892474,-0.23274
18-Jan-2025 14:39:19.634,0.357356,0.852157,-0.112399
18-Jan-2025 14:39:19.650,0.454484,0.667065,0.09896
18-Jan-2025 14:39:19.666,0.510072,0.51557,0.229074
18-Jan-2025 14:39:19.682,0.401949,0.524122,0.363465
18-Jan-2025 14:39:19.698,0.266948,0.612087,0.404393
18-Jan-2025 14:39:19.714,0.158214,0.72693,0.375682
18-Jan-2025 14:39:19.731,0.025045,0.902859,0.235183
18-Jan-2025 14:39:19.747,-0.074526,0.983493,0.018326
18-Jan-2025 14:39:19.763,-0.169821,0.959058,-0.188757
18-Jan-2025 14:39:19.779,-0.170431,0.897361,-0.230296
18-Jan-2025 14:39:19.795,-0.127671,0.701273,-0.215025
18-Jan-2025 14:39:19.811,-0.086743,0.52229,-0.161879
18-Jan-2025 14:39:19.827,0.001222,0.343306,-0.005498
18-Jan-2025 14:39:19.843,0.046426,0.274889,0.12706
18-Jan-2025 14:39:19.859,0.001833,0.297491,0.24679
18-Jan-2025 14:39:19.875,-0.073915,0.378736,0.274278
18-Jan-2025 14:39:19.891,-0.139888,0.464868,0.251066
18-Jan-2025 14:39:19.907,-0.152716,0.536951,0.163101
18-Jan-2025 14:39:19.923,-0.103847,0.569937,0.089186
18-Jan-2025 14:39:19.939,-0.031154,0.562607,0.032376
18-Jan-2025 14:39:19.955,-0.004887,0.563829,0.037263
18-Jan-2025 14:39:19.972,0.008552,0.531453,0.065973
18-Jan-2025 14:39:19.988,0.01405,0.45876,0.087965
18-Jan-2025 14:39:20.004,0.021991,0.391565,0.117897
18-Jan-2025 14:39:20.020,0.016493,0.363465,0.140499
18-Jan-2025 14:39:20.036,0.023213,0.339641,0.140499
18-Jan-2025 14:39:20.052,0.044593,0.313374,0.128282
18-Jan-2025 14:39:20.068,0.075136,0.260229,0.108123
18-Jan-2025 14:39:20.084,0.118508,0.191812,0.089797
18-Jan-2025 14:39:20.100,0.141721,0.164934,0.106291
18-Jan-2025 14:39:20.116,0.14111,0.087354,0.132558
18-Jan-2025 14:39:20.132,0.131336,0.016493,0.130725
18-Jan-2025 14:39:20.148,0.128893,-0.041539,0.11301
18-Jan-2025 14:39:20.164,0.122784,-0.093462,0.102014
18-Jan-2025 14:39:20.180,0.128282,-0.171042,0.081856
18-Jan-2025 14:39:20.196,0.150884,-0.276111,0.065973
18-Jan-2025 14:39:20.213,0.205862,-0.34575,0.07025
18-Jan-2025 14:39:20.229,0.244346,-0.41661,0.085521
18-Jan-2025 14:39:20.245,0.287718,-0.508851,0.122173
18-Jan-2025 14:39:20.260,0.302989,-0.617585,0.165544
18-Jan-2025 14:39:20.277,0.31032,-0.731206,0.213192
18-Jan-2025 14:39:20.293,0.38118,-0.880257,0.260229
18-Jan-2025 14:39:20.309,0.48014,-0.98105,0.28955
18-Jan-2025 14:39:20.325,0.574213,-1.084897,0.312152
18-Jan-2025 14:39:20.341,0.596815,-1.123992,0.301767
18-Jan-2025 14:39:20.357,0.541837,-1.22845,0.242514
18-Jan-2025 14:39:20.373,0.31093,-1.386664,0.235183
18-Jan-2025 14:39:20.389,-0.067806,-1.486235,0.307876
18-Jan-2025 14:39:20.405,-0.181427,-1.497842,0.296881
18-Jan-2025 14:39:20.422,-0.219911,-1.587028,0.295048
18-Jan-2025 14:39:20.438,-0.307876,-1.724473,0.317039
18-Jan-2025 14:39:20.454,-0.326202,-1.719586,0.3317
18-Jan-2025 14:39:20.470,-0.220522,-1.677436,0.37446
18-Jan-2025 14:39:20.486,-0.114232,-1.68721,0.383013
18-Jan-2025 14:39:20.502,0.025045,-1.756238,0.394008
18-Jan-2025 14:39:20.518,0.096517,-1.759292,0.354302
18-Jan-2025 14:39:20.534,-0.001222,-1.805107,0.312152
18-Jan-2025 14:39:20.550,-0.187536,-1.816713,0.278555
18-Jan-2025 14:39:20.566,-0.434325,-1.750129,0.200364
18-Jan-2025 14:39:20.582,-0.530231,-1.631621,0.102014
18-Jan-2025 14:39:20.598,-0.563218,-1.442864,-0.055589
18-Jan-2025 14:39:20.615,-0.591928,-1.206459,-0.251066
18-Jan-2025 14:39:20.630,-0.613309,-1.100779,-0.302378
18-Jan-2025 14:39:20.646,-0.573602,-0.974941,-0.298713
18-Jan-2025 14:39:20.662,-0.504575,-0.945009,-0.306043
18-Jan-2025 14:39:20.678,-0.462425,-0.968832,-0.287718
18-Jan-2025 14:39:20.695,-0.435547,-0.937678,-0.227853
18-Jan-2025 14:39:20.710,-0.361632,-0.850935,-0.110567
18-Jan-2025 14:39:20.727,-0.280998,-0.758695,-0.079412
18-Jan-2025 14:39:20.743,-0.206472,-0.600481,-0.050702
18-Jan-2025 14:39:20.759,-0.185092,-0.521679,-0.04948
18-Jan-2025 14:39:20.775,-0.167988,-0.478307,-0.059865
18-Jan-2025 14:39:20.791,-0.142942,-0.434325,-0.03543
18-Jan-2025 14:39:20.807,-0.09896,-0.365297,-0.006109
18-Jan-2025 14:39:20.823,-0.004276,-0.311541,0.019548
18-Jan-2025 14:39:20.839,0.057421,-0.307265,0.032987
18-Jan-2025 14:39:20.856,0.078191,-0.235183,0.045815
18-Jan-2025 14:39:20.871,0.057421,-0.138666,0.015882
18-Jan-2025 14:39:20.887,0.006109,0.058032,-0.092852
18-Jan-2025 14:39:20.903,-0.020159,0.206472,-0.210749
18-Jan-2025 14:39:20.919,0.021991,0.330478,-0.365297
18-Jan-2025 14:39:20.936,-0.058032,0.357356,-0.405004
18-Jan-2025 14:39:20.952,-0.199753,0.404393,-0.326813
18-Jan-2025 14:39:20.968,-0.227853,0.582765,-0.14844
18-Jan-2025 14:39:20.984,-0.145386,0.801455,-0.142942
18-Jan-2025 14:39:21.000,-0.029322,1.086118,-0.166155
18-Jan-2025 14:39:21.016,-0.015882,1.356121,-0.135612
18-Jan-2025 14:39:21.032,-0.074526,1.594969,-0.042761
18-Jan-2025 14:39:21.048,-0.124617,1.580919,-0.036652
18-Jan-2025 14:39:21.064,-0.120951,1.58153,-0.05681
18-Jan-2025 14:39:21.080,-0.046426,1.65239,-0.000611
18-Jan-2025 14:39:21.097,-0.002443,1.738523,0.193644
18-Jan-2025 14:39:21.112,-0.010996,1.809994,0.379958
18-Jan-2025 14:39:21.129,0.032987,1.84237,0.489303
18-Jan-2025 14:39:21.145,0.152105,1.862528,0.499688
18-Jan-2025 14:39:21.161,0.207083,1.877189,0.513738
18-Jan-2025 14:39:21.177,0.139277,1.938275,0.565661
18-Jan-2025 14:39:21.193,0.032987,1.977982,0.529009
18-Jan-2025 14:39:21.209,-0.081856,1.819768,0.301767
18-Jan-2025 14:39:21.225,-0.102014,1.753794,0.171653
18-Jan-2025 14:39:21.241,-0.06353,1.745853,0.085521
18-Jan-2025 14:39:21.257,-0.033598,1.659721,0.051924
18-Jan-2025 14:39:21.273,0.002443,1.499063,0.075136
18-Jan-2025 14:39:21.289,0.0281,1.435533,0.170431
18-Jan-2025 14:39:21.305,0.037263,1.425759,0.308487
18-Jan-2025 14:39:21.321,0.050091,1.353677,0.387289
18-Jan-2025 14:39:21.338,0.067806,1.27793,0.376293
18-Jan-2025 14:39:21.354,0.064752,1.201572,0.332922
18-Jan-2025 14:39:21.370,0.053145,1.111775,0.282831
18-Jan-2025 14:39:21.386,0.084299,0.970054,0.229074
18-Jan-2025 14:39:21.402,0.106291,0.86865,0.214414
18-Jan-2025 14:39:21.418,0.138056,0.745866,0.221744
18-Jan-2025 14:39:21.434,0.174097,0.629802,0.237627
18-Jan-2025 14:39:21.450,0.236405,0.48747,0.259007
18-Jan-2025 14:39:21.466,0.276111,0.414167,0.284663
18-Jan-2025 14:39:21.482,0.287107,0.350637,0.329867
18-Jan-2025 14:39:21.498,0.28955,0.246179,0.387289
18-Jan-2025 14:39:21.514,0.318261,0.141721,0.405615
18-Jan-2025 14:39:21.530,0.384845,0.033598,0.394008
18-Jan-2025 14:39:21.546,0.442877,-0.015882,0.387289
18-Jan-2025 14:39:21.562,0.538783,-0.054367,0.279776
18-Jan-2025 14:39:21.579,0.590096,-0.048258,0.167377
18-Jan-2025 14:39:21.594,0.514349,0.009774,0.023824
18-Jan-2025 14:39:21.611,0.357356,0.009774,-0.058643
18-Jan-2025 14:39:21.627,0.139888,-0.039706,-0.10568
18-Jan-2025 14:39:21.643,0.025656,-0.073915,-0.132558
18-Jan-2025 14:39:21.659,-0.078802,-0.108123,-0.167377
18-Jan-2025 14:39:21.675,-0.121562,-0.062308,-0.191201
18-Jan-2025 14:39:21.691,-0.096517,0.044593,-0.219911
18-Jan-2025 14:39:21.707,0.025656,0.109345,-0.327424
18-Jan-2025 14:39:21.723,0.12706,0.150273,-0.36713
18-Jan-2025 14:39:21.740,0.173486,0.287107,-0.298713
18-Jan-2025 14:39:21.755,0.150273,0.392175,-0.193033
18-Jan-2025 14:39:21.771,0.081856,0.358578,-0.128893
18-Jan-2025 14:39:21.787,0.064752,0.314596,-0.082467
18-Jan-2025 14:39:21.803,0.014661,0.286496,-0.034819
18-Jan-2025 14:39:21.820,-0.053145,0.362243,0.011606
18-Jan-2025 14:39:21.835,-0.105069,0.690889,0.038485
18-Jan-2025 14:39:21.852,-0.125227,0.969443,0
18-Jan-2025 14:39:21.868,-0.135612,1.182024,-0.095906
18-Jan-2025 14:39:21.884,-0.106901,1.359786,-0.104458
18-Jan-2025 14:39:21.900,-0.122173,1.361619,-0.087354
18-Jan-2025 14:39:21.916,-0.096517,1.334741,-0.061697
18-Jan-2025 14:39:21.932,-0.026878,1.241889,-0.066584
18-Jan-2025 14:39:21.948,0.020159,1.069014,-0.024435
18-Jan-2025 14:39:21.964,0.0562,1.039693,0.028711
18-Jan-2025 14:39:21.981,0.114232,1.103834,0.064141
18-Jan-2025 14:39:21.997,0.131336,1.153314,0.058643
18-Jan-2025 14:39:22.013,0.118508,1.19302,0.031765
18-Jan-2025 14:39:22.029,0.128893,1.197907,-0.017715
18-Jan-2025 14:39:22.045,0.18387,1.213178,-0.086132
18-Jan-2025 14:39:22.061,0.304211,1.237002,-0.166155
18-Jan-2025 14:39:22.077,0.372017,1.243111,-0.226631
18-Jan-2025 14:39:22.092,0.405004,1.2425,-0.280387
18-Jan-2025 14:39:22.109,0.422108,1.28465,-0.304211
18-Jan-2025 14:39:22.125,0.480751,1.357343,-0.313985
18-Jan-2025 14:39:22.141,0.549779,1.37689,-0.370795
18-Jan-2025 14:39:22.157,0.647517,1.416597,-0.409891
18-Jan-2025 14:39:22.173,0.737925,1.430036,-0.417832
18-Jan-2025 14:39:22.189,0.74159,1.332297,-0.482584
18-Jan-2025 14:39:22.205,0.540616,1.290758,-0.426995
18-Jan-2025 14:39:22.222,0.320704,1.311528,-0.320093
18-Jan-2025 14:39:22.237,0.24679,1.310306,-0.200364
18-Jan-2025 14:39:22.253,0.302378,1.244943,-0.172875
18-Jan-2025 14:39:22.269,0.358578,1.213789,-0.125838
18-Jan-2025 14:39:22.286,0.352469,1.271211,-0.07025
18-Jan-2025 14:39:22.302,0.339641,1.336573,0.004276
18-Jan-2025 14:39:22.318,0.332922,1.339628,0.037874
18-Jan-2025 14:39:22.334,0.301157,1.336573,0.09896
18-Jan-2025 14:39:22.350,0.251676,1.331686,0.144164
18-Jan-2025 14:39:22.366,0.152105,1.335962,0.188757
18-Jan-2025 14:39:22.382,0.067195,1.353677,0.210138
18-Jan-2025 14:39:22.398,-0.002443,1.392162,0.210138
18-Jan-2025 14:39:22.413,-0.044593,1.456914,0.175929
18-Jan-2025 14:39:22.430,-0.050091,1.522887,0.128282
18-Jan-2025 14:39:22.446,-0.05681,1.643838,0.087354
18-Jan-2025 14:39:22.463,-0.074526,1.722029,0.068417
18-Jan-2025 14:39:22.478,-0.131947,1.836872,0.036041
18-Jan-2025 14:39:22.495,-0.169821,1.926058,0.005498
18-Jan-2025 14:39:22.510,-0.152105,2.029905,-0.053145
18-Jan-2025 14:39:22.526,-0.08491,2.049453,-0.130114
18-Jan-2025 14:39:22.543,0.012217,2.011579,-0.201586
18-Jan-2025 14:39:22.559,0.043371,2.014634,-0.179594
18-Jan-2025 14:39:22.575,0.034208,2.01219,-0.149051
18-Jan-2025 14:39:22.591,0.021991,1.91323,-0.146608
18-Jan-2025 14:39:22.607,0.024435,1.853976,-0.128282
18-Jan-2025 14:39:22.623,0.03543,1.83565,-0.098349
18-Jan-2025 14:39:22.639,0.030543,1.833817,-0.095906
18-Jan-2025 14:39:22.655,0.005498,1.841759,-0.111788
18-Jan-2025 14:39:22.671,-0.000611,1.846035,-0.123395
18-Jan-2025 14:39:22.687,0.015272,1.868637,-0.126449
18-Jan-2025 14:39:22.704,0.074526,1.977982,-0.101404
18-Jan-2025 14:39:22.720,0.114843,2.093435,-0.107512
18-Jan-2025 14:39:22.735,0.040317,2.1533,-0.125838
18-Jan-2025 14:39:22.751,-0.021991,2.249206,-0.128282
18-Jan-2025 14:39:22.767,-0.016493,2.397035,-0.139277
18-Jan-2025 14:39:22.784,-0.023824,2.455678,-0.135001
18-Jan-2025 14:39:22.800,-0.058032,2.467285,-0.10568
18-Jan-2025 14:39:22.816,-0.047037,2.452624,-0.09163
18-Jan-2025 14:39:22.832,0.012217,2.412307,-0.083689
18-Jan-2025 14:39:22.848,0.050091,2.386651,-0.072082
18-Jan-2025 14:39:22.864,0.032987,2.37199,-0.041539
18-Jan-2025 14:39:22.880,-0.009774,2.321899,-0.015882
18-Jan-2025 14:39:22.896,-0.047647,2.263867,0.021991
18-Jan-2025 14:39:22.912,-0.042761,2.217441,0.053145
18-Jan-2025 14:39:22.928,-0.001222,2.169793,0.07758
18-Jan-2025 14:39:22.945,0.062919,2.107485,0.10568
18-Jan-2025 14:39:22.961,0.08491,2.069,0.135612
18-Jan-2025 14:39:22.977,0.091019,1.987145,0.144775
18-Jan-2025 14:39:22.993,0.065973,1.917506,0.121562
18-Jan-2025 14:39:23.009,0.054978,1.879022,0.084299
18-Jan-2025 14:39:23.025,0.067806,1.893682,0.052534
18-Jan-2025 14:39:23.041,0.07086,1.886963,0.006109
18-Jan-2025 14:39:23.057,0.066584,1.844202,-0.008552
18-Jan-2025 14:39:23.073,0.076358,1.797166,-0.013439
18-Jan-2025 14:39:23.089,0.108734,1.758681,-0.023213
18-Jan-2025 14:39:23.106,0.125227,1.718975,-0.051924
18-Jan-2025 14:39:23.121,0.127671,1.670106,-0.095906
18-Jan-2025 14:39:23.137,0.132558,1.668273,-0.114232
18-Jan-2025 14:39:23.153,0.178984,1.653001,-0.135001
18-Jan-2025 14:39:23.169,0.2474,1.624291,-0.145386
18-Jan-2025 14:39:23.186,0.302989,1.52472,-0.124617
18-Jan-2025 14:39:23.202,0.270613,1.45447,-0.094073
18-Jan-2025 14:39:23.218,0.222355,1.415375,-0.034819
18-Jan-2025 14:39:23.234,0.267559,1.406212,-0.020769
18-Jan-2025 14:39:23.250,0.420275,1.380556,-0.073915
18-Jan-2025 14:39:23.266,0.518014,1.305419,-0.147219
18-Jan-2025 14:39:23.282,0.552222,1.230283,-0.199753
18-Jan-2025 14:39:23.298,0.52229,1.212568,-0.210749
18-Jan-2025 14:39:23.314,0.489303,1.253495,-0.243735
18-Jan-2025 14:39:23.330,0.461203,1.261437,-0.257174
18-Jan-2025 14:39:23.347,0.401949,1.255939,-0.222966
18-Jan-2025 14:39:23.362,0.340863,1.177137,-0.178984
18-Jan-2025 14:39:23.378,0.33903,1.086729,-0.130114
18-Jan-2025 14:39:23.394,0.333532,0.996321,-0.052534
18-Jan-2025 14:39:23.410,0.355524,0.961502,-0.008552
18-Jan-2025 14:39:23.427,0.406836,0.951728,0.001222
18-Jan-2025 14:39:23.443,0.391565,0.9389,0.011606
18-Jan-2025 14:39:23.459,0.28955,0.877813,0.065973
18-Jan-2025 14:39:23.475,0.045815,0.773966,0.129503
18-Jan-2025 14:39:23.491,-0.125838,0.710436,0.136834
18-Jan-2025 14:39:23.507,-0.270613,0.688445,0.137445
18-Jan-2025 14:39:23.523,-0.314596,0.806342,0.178373
18-Jan-2025 14:39:23.539,-0.365908,0.907135,0.252287
18-Jan-2025 14:39:23.555,-0.42333,0.848492,0.301157
18-Jan-2025 14:39:23.571,-0.425773,0.709215,0.34575
18-Jan-2025 14:39:23.588,-0.351858,0.652404,0.372628
18-Jan-2025 14:39:23.603,-0.285885,0.596815,0.389732
18-Jan-2025 14:39:23.619,-0.277944,0.545503,0.369573
18-Jan-2025 14:39:23.635,-0.264505,0.497855,0.326813
18-Jan-2025 14:39:23.652,-0.21869,0.460592,0.230907
18-Jan-2025 14:39:23.668,-0.178373,0.43738,0.156382
18-Jan-2025 14:39:23.684,-0.123395,0.42394,0.06353
18-Jan-2025 14:39:23.700,-0.083078,0.425162,-0.025656
18-Jan-2025 14:39:23.716,-0.047037,0.42333,-0.138666
18-Jan-2025 14:39:23.732,-0.030543,0.421497,-0.184481
18-Jan-2025 14:39:23.748,-0.004887,0.37446,-0.207083
18-Jan-2025 14:39:23.764,0.034208,0.328645,-0.235183
18-Jan-2025 14:39:23.780,0.13439,0.321926,-0.278555
18-Jan-2025 14:39:23.796,0.243735,0.319483,-0.304822
18-Jan-2025 14:39:23.812,0.331089,0.298713,-0.332922
18-Jan-2025 14:39:23.829,0.394008,0.300546,-0.37446
18-Jan-2025 14:39:23.844,0.430049,0.335365,-0.386067
18-Jan-2025 14:39:23.860,0.485638,0.323148,-0.400728
18-Jan-2025 14:39:23.876,0.577879,0.252287,-0.483805
18-Jan-2025 14:39:23.893,0.84727,0.092241,-0.590707
18-Jan-2025 14:39:23.909,0.872926,-0.075747,-0.591928
18-Jan-2025 14:39:23.925,0.426995,-0.403171,-0.381791
18-Jan-2025 14:39:23.941,0.106901,-0.380569,-0.177151
18-Jan-2025 14:39:23.957,0.099571,-0.138056,-0.205862
18-Jan-2025 14:39:23.973,0.257785,-0.100182,-0.270002
18-Jan-2025 14:39:23.989,0.321315,-0.058032,-0.393397
18-Jan-2025 14:39:24.005,0.293826,-0.058032,-0.425773
18-Jan-2025 14:39:24.021,0.327424,-0.086132,-0.387899
18-Jan-2025 14:39:24.037,0.478307,-0.241903,-0.254731
18-Jan-2025 14:39:24.053,0.514959,-0.396452,-0.083078
18-Jan-2025 14:39:24.070,0.397062,-0.554055,0.299935
18-Jan-2025 14:39:24.085,0.270002,-0.610254,0.481973
18-Jan-2025 14:39:24.101,0.124006,-0.615141,0.590096
18-Jan-2025 14:39:24.118,0.040317,-0.62125,0.585209
18-Jan-2025 14:39:24.134,-0.089797,-0.582765,0.404393
18-Jan-2025 14:39:24.150,-0.207083,-0.572381,0.122784
18-Jan-2025 14:39:24.166,-0.299935,-0.59987,-0.0562
18-Jan-2025 14:39:24.182,-0.326813,-0.684169,-0.08491
18-Jan-2025 14:39:24.198,-0.2755,-0.814283,-0.052534
18-Jan-2025 14:39:24.214,-0.219301,-0.995099,0.058032
18-Jan-2025 14:39:24.231,-0.202807,-1.05924,0.150884
18-Jan-2025 14:39:24.246,-0.194255,-1.028086,0.205862
18-Jan-2025 14:39:24.262,-0.207083,-0.959669,0.219301
18-Jan-2025 14:39:24.278,-0.273668,-0.895528,0.211359
18-Jan-2025 14:39:24.294,-0.340863,-0.778242,0.200364
18-Jan-2025 14:39:24.311,-0.38118,-0.678671,0.141721
18-Jan-2025 14:39:24.327,-0.340863,-0.67745,0.069639
18-Jan-2025 14:39:24.343,-0.21197,-0.648128,0.051924
18-Jan-2025 14:39:24.359,-0.065973,-0.519846,0.047647
18-Jan-2025 14:39:24.375,0.017715,-0.456316,0.061697
18-Jan-2025 14:39:24.391,0.021991,-0.446543,0.105069
18-Jan-2025 14:39:24.407,0.048869,-0.398284,0.145386
18-Jan-2025 14:39:24.423,0.100182,-0.299324,0.175929
18-Jan-2025 14:39:24.439,0.125838,-0.266948,0.180816
18-Jan-2025 14:39:24.455,0.172264,-0.232129,0.17654
18-Jan-2025 14:39:24.472,0.199142,-0.175929,0.163101
18-Jan-2025 14:39:24.487,0.203418,-0.141721,0.15516
18-Jan-2025 14:39:24.504,0.208916,-0.125838,0.149662
18-Jan-2025 14:39:24.520,0.220522,-0.130725,0.143553
18-Jan-2025 14:39:24.536,0.229685,-0.142332,0.156992
18-Jan-2025 14:39:24.552,0.262061,-0.143553,0.178984
18-Jan-2025 14:39:24.568,0.361632,-0.18387,0.184481
18-Jan-2025 14:39:24.584,0.450208,-0.203418,0.171653
18-Jan-2025 14:39:24.600,0.503964,-0.197309,0.175318
18-Jan-2025 14:39:24.616,0.503964,-0.153327,0.172875
18-Jan-2025 14:39:24.632,0.529009,-0.093462,0.139888
18-Jan-2025 14:39:24.648,0.560774,-0.075136,0.084299
18-Jan-2025 14:39:24.664,0.526566,0.010385,-0.012217
18-Jan-2025 14:39:24.680,0.401949,0.128893,-0.073304
18-Jan-2025 14:39:24.696,0.160658,0.184481,-0.114843
18-Jan-2025 14:39:24.713,-0.032376,0.144775,-0.085521
18-Jan-2025 14:39:24.728,-0.179594,0.089186,-0.076969
18-Jan-2025 14:39:24.745,-0.299935,-0.097738,-0.092241
18-Jan-2025 14:39:24.760,-0.389732,-0.265726,-0.11301
18-Jan-2025 14:39:24.777,-0.519235,-0.411723,-0.09163
18-Jan-2025 14:39:24.793,-0.526566,-0.428827,-0.087354
18-Jan-2025 14:39:24.809,-0.383013,-0.387899,-0.108734
18-Jan-2025 14:39:24.825,-0.197309,-0.32498,-0.133169
18-Jan-2025 14:39:24.841,0.05681,-0.293826,-0.140499
18-Jan-2025 14:39:24.857,0.222966,-0.330478,-0.207694
18-Jan-2025 14:39:24.874,0.312152,-0.525955,-0.343917
18-Jan-2025 14:39:24.889,0.193644,-0.700052,-0.447764
18-Jan-2025 14:39:24.905,-0.061697,-0.696997,-0.426384
18-Jan-2025 14:39:24.921,-0.352469,-0.469145,-0.216246
18-Jan-2025 14:39:24.937,-0.356134,-0.401949,-0.13439
18-Jan-2025 14:39:24.954,-0.282831,-0.363465,-0.089186
18-Jan-2025 14:39:24.970,-0.331089,-0.278555,-0.054978
18-Jan-2025 14:39:24.986,-0.405615,-0.168599,-0.004276
18-Jan-2025 14:39:25.002,-0.375682,-0.144164,0.010385
18-Jan-2025 14:39:25.018,-0.253509,-0.04215,0.073304
18-Jan-2025 14:39:25.034,-0.152105,0.058032,0.105069
18-Jan-2025 14:39:25.050,-0.062919,0.164934,0.129503
18-Jan-2025 14:39:25.066,-0.029932,0.253509,0.144775
18-Jan-2025 14:39:25.082,-0.020769,0.364687,0.140499
18-Jan-2025 14:39:25.098,-0.026267,0.516181,0.094073
18-Jan-2025 14:39:25.115,-0.015882,0.591318,0.038485
18-Jan-2025 14:39:25.130,0.051313,0.722654,-0.024435
18-Jan-2025 14:39:25.146,0.166766,0.810007,-0.084299
18-Jan-2025 14:39:25.162,0.186314,0.795957,-0.160047
18-Jan-2025 14:39:25.179,0.158214,0.791681,-0.136223
18-Jan-2025 14:39:25.195,0.189368,0.853379,-0.109956
18-Jan-2025 14:39:25.211,0.221744,0.898583,-0.136223
18-Jan-2025 14:39:25.227,0.257785,0.960891,-0.188757
18-Jan-2025 14:39:25.243,0.312152,1.052521,-0.274889
18-Jan-2025 14:39:25.259,0.409891,1.111775,-0.354913
18-Jan-2025 14:39:25.275,0.711047,1.153924,-0.49419
18-Jan-2025 14:39:25.291,0.910189,1.155146,-0.569326
18-Jan-2025 14:39:25.307,0.746477,1.102001,-0.521679
18-Jan-2025 14:39:25.323,0.378736,1.043969,-0.358578
18-Jan-2025 14:39:25.339,0.100182,1.023199,-0.087965
18-Jan-2025 14:39:25.356,0.109956,0.984715,0.031765
18-Jan-2025 14:39:25.371,0.13439,0.82589,-0.003665
18-Jan-2025 14:39:25.387,0.126449,0.928515,-0.128893
18-Jan-2025 14:39:25.404,0.036041,1.330464,-0.2755
18-Jan-2025 14:39:25.420,-0.083078,1.612684,-0.330478
18-Jan-2025 14:39:25.436,-0.224798,1.862528,-0.408058
18-Jan-2025 14:39:25.452,-0.273057,1.969429,-0.452651
18-Jan-2025 14:39:25.468,-0.290161,2.019521,-0.442266
18-Jan-2025 14:39:25.484,-0.291383,2.046399,-0.358578
18-Jan-2025 14:39:25.500,-0.270613,1.977982,-0.284052
18-Jan-2025 14:39:25.517,-0.249844,1.865582,-0.147829
18-Jan-2025 14:39:25.532,-0.230296,1.728138,-0.027489
18-Jan-2025 14:39:25.548,-0.31765,1.544878,0.144775
18-Jan-2025 14:39:25.564,-0.40256,1.514335,0.131947
18-Jan-2025 14:39:25.580,-0.48686,1.48257,0.024435
18-Jan-2025 14:39:25.597,-0.527177,1.439809,-0.048258
18-Jan-2025 14:39:25.613,-0.580933,1.326799,-0.102625
18-Jan-2025 14:39:25.629,-0.577268,1.218065,-0.122784
18-Jan-2025 14:39:25.645,-0.530231,1.100168,-0.141721
18-Jan-2025 14:39:25.661,-0.438601,0.919963,-0.135612
18-Jan-2025 14:39:25.677,-0.377515,0.807564,-0.108734
18-Jan-2025 14:39:25.693,-0.327424,0.67806,-0.041539
18-Jan-2025 14:39:25.709,-0.312152,0.568105,-0.00672
18-Jan-2025 14:39:25.725,-0.295048,0.476475,0.034208
18-Jan-2025 14:39:25.741,-0.277944,0.359189,0.004276
18-Jan-2025 14:39:25.758,-0.22602,0.223577,-0.023824
18-Jan-2025 14:39:25.773,-0.182038,0.124617,-0.018326
18-Jan-2025 14:39:25.789,-0.128282,-0.029322,-0.005498
18-Jan-2025 14:39:25.805,-0.083078,-0.139888,0.014661
18-Jan-2025 14:39:25.821,-0.03543,-0.22602,0.069639
18-Jan-2025 14:39:25.838,0.042761,-0.345139,0.178984
18-Jan-2025 14:39:25.854,0.089797,-0.467923,0.24679
18-Jan-2025 14:39:25.870,0.097738,-0.682947,0.315206
18-Jan-2025 14:39:25.886,0.093462,-0.826501,0.331089
18-Jan-2025 14:39:25.902,0.154549,-0.859487,0.316428
18-Jan-2025 14:39:25.918,0.174097,-0.850324,0.24007
18-Jan-2025 14:39:25.934,0.11973,-0.813672,0.185092
18-Jan-2025 14:39:25.950,0.124006,-0.736704,0.180205
18-Jan-2025 14:39:25.966,0.124617,-0.694554,0.153327
18-Jan-2025 14:39:25.982,0.00672,-0.764192,0.203418
18-Jan-2025 14:39:25.999,-0.319483,-0.779464,0.210138
18-Jan-2025 14:39:26.014,-0.530231,-0.908967,0.21197
18-Jan-2025 14:39:26.030,-0.567494,-1.081842,0.193644
18-Jan-2025 14:39:26.047,-0.460592,-1.309695,0.177151
18-Jan-2025 14:39:26.063,-0.400117,-1.450805,0.076969
18-Jan-2025 14:39:26.079,-0.278555,-1.453248,0.075136
18-Jan-2025 14:39:26.095,-0.154549,-1.319469,0.108123
18-Jan-2025 14:39:26.111,0.058032,-1.187522,0.124617
18-Jan-2025 14:39:26.127,0.17654,-1.219287,0.078191
18-Jan-2025 14:39:26.143,0.265726,-1.19302,0.127671
18-Jan-2025 14:39:26.160,0.287718,-1.150259,0.205862
18-Jan-2025 14:39:26.175,0.263283,-1.083064,0.234572
18-Jan-2025 14:39:26.191,0.14111,-1.010982,0.173486
18-Jan-2025 14:39:26.207,0.048258,-0.890642,0.075747
18-Jan-2025 14:39:26.224,-0.091019,-0.654237,-0.131336
18-Jan-2025 14:39:26.240,-0.186314,-0.502131,-0.2474
18-Jan-2025 14:39:26.256,-0.235183,-0.466701,-0.379958
18-Jan-2025 14:39:26.272,-0.263283,-0.491747,-0.456927
18-Jan-2025 14:39:26.288,-0.248622,-0.498466,-0.475864
18-Jan-2025 14:39:26.304,-0.175318,-0.499077,-0.398895
18-Jan-2025 14:39:26.320,-0.072082,-0.431271,-0.347582
18-Jan-2025 14:39:26.336,-0.010996,-0.379347,-0.334754
18-Jan-2025 14:39:26.352,0.050091,-0.358578,-0.298713
18-Jan-2025 14:39:26.368,0.131336,-0.3317,-0.225409
18-Jan-2025 14:39:26.384,0.180816,-0.287107,-0.185703
18-Jan-2025 14:39:26.401,0.241292,-0.22602,-0.184481
18-Jan-2025 14:39:26.416,0.283441,-0.191201,-0.200364
18-Jan-2025 14:39:26.433,0.34575,-0.139277,-0.24007
18-Jan-2025 14:39:26.449,0.370795,-0.10568,-0.280387
18-Jan-2025 14:39:26.464,0.344528,-0.07025,-0.323148
18-Jan-2025 14:39:26.481,0.316428,-0.072693,-0.35308
18-Jan-2025 14:39:26.497,0.295659,-0.047647,-0.386678
18-Jan-2025 14:39:26.513,0.278555,-0.009163,-0.390954
18-Jan-2025 14:39:26.529,0.266948,0.034819,-0.389121
18-Jan-2025 14:39:26.545,0.254731,0.113621,-0.387899
18-Jan-2025 14:39:26.561,0.235794,0.202196,-0.357356
18-Jan-2025 14:39:26.577,0.220522,0.330478,-0.279165
18-Jan-2025 14:39:26.593,0.234572,0.397062,-0.233351
18-Jan-2025 14:39:26.609,0.3036,0.505186,-0.074526
18-Jan-2025 14:39:26.625,0.540616,0.462425,-0.194866
18-Jan-2025 14:39:26.642,0.660345,0.364076,-0.339641
18-Jan-2025 14:39:26.657,0.365908,0.435547,-0.342695
18-Jan-2025 14:39:26.674,-0.105069,0.456316,-0.258396
18-Jan-2025 14:39:26.690,-0.216246,0.470366,-0.18326
18-Jan-2025 14:39:26.706,-0.011606,0.879035,-0.031765
18-Jan-2025 14:39:26.722,0.150884,1.151481,0.042761
18-Jan-2025 14:39:26.738,0.103236,1.258382,0.067195
18-Jan-2025 14:39:26.754,-0.04215,1.387886,0.074526
18-Jan-2025 14:39:26.770,-0.126449,1.466077,0.069028
18-Jan-2025 14:39:26.786,-0.208916,1.573589,0.092852
18-Jan-2025 14:39:26.802,-0.26145,1.658499,0.145997
18-Jan-2025 14:39:26.818,-0.333532,1.724473,0.186314
18-Jan-2025 14:39:26.834,-0.343917,1.733025,0.157603
18-Jan-2025 14:39:26.850,-0.353691,1.817935,0.221744
18-Jan-2025 14:39:26.866,-0.3317,1.89185,0.26817
18-Jan-2025 14:39:26.883,-0.262061,1.852754,0.158825
18-Jan-2025 14:39:26.898,-0.207694,1.765401,0.005498
18-Jan-2025 14:39:26.914,-0.151495,1.783727,0
18-Jan-2025 14:39:26.931,-0.072082,1.841759,0.017715
18-Jan-2025 14:39:26.947,-0.048869,1.841759,-0.04948
18-Jan-2025 14:39:26.963,-0.064752,1.816713,-0.159436
18-Jan-2025 14:39:26.979,-0.061087,1.766011,-0.200364
18-Jan-2025 14:39:26.995,-0.013439,1.636508,-0.135612
18-Jan-2025 14:39:27.011,0.069639,1.563815,-0.036041
18-Jan-2025 14:39:27.027,0.189979,1.444696,0.069028
18-Jan-2025 14:39:27.044,0.265116,1.351234,0.122784
18-Jan-2025 14:39:27.059,0.365908,1.316415,0.182038
18-Jan-2025 14:39:27.075,0.428827,1.343293,0.224188
18-Jan-2025 14:39:27.092,0.475253,1.375669,0.25412
18-Jan-2025 14:39:27.107,0.547335,1.419651,0.256563
18-Jan-2025 14:39:27.124,0.591318,1.44714,0.218079
18-Jan-2025 14:39:27.140,0.588263,1.513113,0.165544
18-Jan-2025 14:39:27.156,0.555277,1.600467,0.146608
18-Jan-2025 14:39:27.172,0.524122,1.714088,0.151495
18-Jan-2025 14:39:27.188,0.511294,1.744631,0.166155
18-Jan-2025 14:39:27.204,0.444099,1.665219,0.083689
18-Jan-2025 14:39:27.220,0.403171,1.705536,0.046426
18-Jan-2025 14:39:27.236,0.44471,1.874135,0.022602
18-Jan-2025 14:39:27.252,0.48014,2.037235,0.005498
18-Jan-2025 14:39:27.268,0.385456,2.147191,-0.021991
18-Jan-2025 14:39:27.285,0.143553,2.205224,-0.036652
18-Jan-2025 14:39:27.301,0.04948,2.204613,-0.031154
18-Jan-2025 14:39:27.317,-0.006109,2.205224,-0.051924
18-Jan-2025 14:39:27.333,-0.065363,2.232102,-0.064141
18-Jan-2025 14:39:27.349,0.023213,2.227826,-0.135612
18-Jan-2025 14:39:27.365,0.160658,2.326786,-0.193644
18-Jan-2025 14:39:27.381,0.265726,2.495384,-0.237627
18-Jan-2025 14:39:27.397,0.256563,2.571132,-0.287107
18-Jan-2025 14:39:27.413,0.165544,2.720794,-0.362854
18-Jan-2025 14:39:27.428,0.051313,2.851519,-0.376293
18-Jan-2025 14:39:27.445,-0.084299,3.020729,-0.366519
18-Jan-2025 14:39:27.461,-0.057421,3.167336,-0.278555
18-Jan-2025 14:39:27.477,0.015882,3.179554,-0.329867
18-Jan-2025 14:39:27.493,0.091019,2.944981,-0.481362
18-Jan-2025 14:39:27.509,0.137445,2.903443,-0.40928
18-Jan-2025 14:39:27.526,0.160658,2.914438,-0.28955
18-Jan-2025 14:39:27.542,0.150884,2.820976,-0.249844
18-Jan-2025 14:39:27.558,0.137445,2.703079,-0.212581
18-Jan-2025 14:39:27.574,0.128282,2.680477,-0.171042
18-Jan-2025 14:39:27.590,0.13439,2.747672,-0.100182
18-Jan-2025 14:39:27.606,0.135001,2.822808,-0.066584
18-Jan-2025 14:39:27.622,0.111788,2.904664,-0.045815
18-Jan-2025 14:39:27.638,0.074526,2.89489,-0.044593
18-Jan-2025 14:39:27.654,0.029932,2.835026,-0.051924
18-Jan-2025 14:39:27.670,-0.014661,2.755002,-0.062919
18-Jan-2025 14:39:27.687,-0.032376,2.734233,-0.069028
18-Jan-2025 14:39:27.702,-0.052534,2.722016,-0.101404
18-Jan-2025 14:39:27.718,-0.061087,2.685975,-0.143553
18-Jan-2025 14:39:27.734,-0.064141,2.624277,-0.186314
18-Jan-2025 14:39:27.751,-0.062308,2.56991,-0.200975
18-Jan-2025 14:39:27.767,-0.021991,2.494774,-0.193033
18-Jan-2025 14:39:27.783,-0.010385,2.378098,-0.173486
18-Jan-2025 14:39:27.799,0.021991,2.291966,-0.125227
18-Jan-2025 14:39:27.815,0.041539,2.227826,-0.094684
18-Jan-2025 14:39:27.831,0.087354,2.099544,-0.053145
18-Jan-2025 14:39:27.847,0.12706,1.883298,-0.019548
18-Jan-2025 14:39:27.863,0.104458,1.754405,-0.040317
18-Jan-2025 14:39:27.879,0.053145,1.663997,-0.045204
18-Jan-2025 14:39:27.895,0.017104,1.626734,-0.04215
18-Jan-2025 14:39:27.911,-0.018326,1.620625,-0.033598
18-Jan-2025 14:39:27.928,-0.054367,1.605354,-0.025656
18-Jan-2025 14:39:27.943,-0.130114,1.564426,-0.015272
18-Jan-2025 14:39:27.959,-0.189368,1.524109,-0.00672
18-Jan-2025 14:39:27.975,-0.254731,1.527774,0.028711
18-Jan-2025 14:39:27.991,-0.28955,1.538159,0.071471
18-Jan-2025 14:39:28.008,-0.313985,1.519222,0.108734
18-Jan-2025 14:39:28.023,-0.31032,1.399492,0.131336
18-Jan-2025 14:39:28.040,-0.271835,1.257771,0.108734
18-Jan-2025 14:39:28.056,-0.213803,1.089784,0.057421
18-Jan-2025 14:39:28.072,-0.187536,0.982271,0.052534
18-Jan-2025 14:39:28.088,-0.19059,0.902859,0.10568
18-Jan-2025 14:39:28.104,-0.210749,0.852768,0.154549
18-Jan-2025 14:39:28.120,-0.193033,0.77641,0.182038
18-Jan-2025 14:39:28.136,-0.142942,0.705549,0.185703
18-Jan-2025 14:39:28.152,-0.080023,0.5791,0.154549
18-Jan-2025 14:39:28.169,-0.040928,0.493579,0.106901
18-Jan-2025 14:39:28.184,-0.001833,0.44471,0.044593
18-Jan-2025 14:39:28.201,0.102014,0.429438,-0.031154
18-Jan-2025 14:39:28.217,0.161879,0.372017,-0.137445
18-Jan-2025 14:39:28.233,0.285274,0.335365,-0.278555
18-Jan-2025 14:39:28.249,0.390954,0.340252,-0.401338
18-Jan-2025 14:39:28.265,0.256563,0.267559,-0.52962
18-Jan-2025 14:39:28.281,0.072082,0.233961,-0.58582
18-Jan-2025 14:39:28.297,-0.104458,0.281609,-0.703717
18-Jan-2025 14:39:28.313,-0.223577,0.346971,-0.778242
18-Jan-2025 14:39:28.329,-0.376293,0.428827,-0.794736
18-Jan-2025 14:39:28.345,-0.434325,0.480751,-0.794736
18-Jan-2025 14:39:28.361,-0.439823,0.53634,-0.779464
18-Jan-2025 14:39:28.377,-0.406225,0.715934,-0.673784
18-Jan-2025 14:39:28.393,-0.338419,0.9108,-0.55772
18-Jan-2025 14:39:28.410,-0.153938,1.054964,-0.325591
18-Jan-2025 14:39:28.426,0.029932,1.050077,-0.135001
18-Jan-2025 14:39:28.442,0.208916,0.999986,0.133779
18-Jan-2025 14:39:28.458,0.235183,1.000597,0.312763
18-Jan-2025 14:39:28.474,0.133779,1.167364,0.453262
18-Jan-2025 14:39:28.490,0.025656,1.356732,0.474642
18-Jan-2025 14:39:28.506,-0.092852,1.646893,0.447764
18-Jan-2025 14:39:28.522,-0.125227,1.865582,0.387289
18-Jan-2025 14:39:28.538,-0.164323,2.058616,0.321315
18-Jan-2025 14:39:28.554,-0.234572,2.187508,0.0281
18-Jan-2025 14:39:28.570,-0.222966,2.183843,-0.04948
18-Jan-2025 14:39:28.586,-0.201586,2.227826,0.078191
18-Jan-2025 14:39:28.602,-0.172875,2.178956,0.169821
18-Jan-2025 14:39:28.618,-0.140499,2.079385,0.193033
18-Jan-2025 14:39:28.634,-0.139277,1.981036,0.180205
18-Jan-2025 14:39:28.651,-0.121562,1.782505,0.221744
18-Jan-2025 14:39:28.666,-0.078191,1.653612,0.267559
18-Jan-2025 14:39:28.683,-0.033598,1.55343,0.285885
18-Jan-2025 14:39:28.699,-0.004276,1.499674,0.278555
18-Jan-2025 14:39:28.715,0.047037,1.441642,0.270613
18-Jan-2025 14:39:28.731,0.147829,1.353067,0.288939
18-Jan-2025 14:39:28.747,0.216246,1.255328,0.31032
18-Jan-2025 14:39:28.763,0.26145,1.116051,0.345139
18-Jan-2025 14:39:28.779,0.276722,1.029919,0.379958
18-Jan-2025 14:39:28.795,0.298102,0.88942,0.394008
18-Jan-2025 14:39:28.812,0.31093,0.784351,0.383623
18-Jan-2025 14:39:28.827,0.345139,0.673784,0.38118
18-Jan-2025 14:39:28.844,0.368963,0.601702,0.389121
18-Jan-2025 14:39:28.859,0.397062,0.464868,0.471588
18-Jan-2025 14:39:28.876,0.424551,0.280387,0.517403
18-Jan-2025 14:39:28.892,0.478307,-0.010385,0.579711
18-Jan-2025 14:39:28.908,0.52229,-0.215025,0.616363
18-Jan-2025 14:39:28.924,0.553444,-0.382402,0.642019
18-Jan-2025 14:39:28.940,0.615141,-0.678671,0.789849
18-Jan-2025 14:39:28.956,0.617585,-0.908967,0.831388
18-Jan-2025 14:39:28.972,0.630413,-1.040303,0.736704
18-Jan-2025 14:39:28.988,0.704328,-1.137431,0.621861
18-Jan-2025 14:39:29.004,0.861931,-1.309084,0.577879
18-Jan-2025 14:39:29.020,0.868039,-1.264491,0.520457
18-Jan-2025 14:39:29.036,0.668897,-1.091005,0.406225
18-Jan-2025 14:39:29.053,0.400728,-0.962113,0.348193
18-Jan-2025 14:39:29.069,0.156992,-0.937067,0.34575
18-Jan-2025 14:39:29.085,-0.174097,-1.042747,0.370184
18-Jan-2025 14:39:29.101,-0.431271,-1.060462,0.260229
18-Jan-2025 14:39:29.117,-0.57177,-1.04519,0.087354
18-Jan-2025 14:39:29.133,-0.561385,-1.005484,-0.044593
18-Jan-2025 14:39:29.149,-0.411723,-0.940122,-0.120951
18-Jan-2025 14:39:29.165,-0.245568,-0.91752,-0.078191
18-Jan-2025 14:39:29.181,-0.051313,-0.899805,0.012217
18-Jan-2025 14:39:29.197,0.051924,-0.893696,0.050702
18-Jan-2025 14:39:29.213,0.117897,-0.845438,0.041539
18-Jan-2025 14:39:29.229,0.082467,-0.813062,0.039706
18-Jan-2025 14:39:29.245,-0.084299,-0.880257,0.050702
18-Jan-2025 14:39:29.261,-0.232129,-0.964556,-0.017104
18-Jan-2025 14:39:29.277,-0.320093,-1.077566,-0.105069
18-Jan-2025 14:39:29.294,-0.420275,-0.860098,-0.180816
18-Jan-2025 14:39:29.310,-0.477086,-0.660345,-0.237627
18-Jan-2025 14:39:29.326,-0.492968,-0.626137,-0.280998
18-Jan-2025 14:39:29.342,-0.463647,-0.665232,-0.232129
18-Jan-2025 14:39:29.358,-0.372628,-0.740369,-0.159436
18-Jan-2025 14:39:29.374,-0.274278,-0.820392,-0.140499
18-Jan-2025 14:39:29.390,-0.205862,-0.891863,-0.108123
18-Jan-2025 14:39:29.406,-0.186925,-0.891252,-0.088575
18-Jan-2025 14:39:29.422,-0.167377,-0.895528,-0.106901
18-Jan-2025 14:39:29.438,-0.158214,-0.901637,-0.143553
18-Jan-2025 14:39:29.454,-0.150884,-0.894307,-0.178373
18-Jan-2025 14:39:29.470,-0.153327,-0.817949,-0.189979
18-Jan-2025 14:39:29.487,-0.168599,-0.751364,-0.195477
18-Jan-2025 14:39:29.503,-0.175929,-0.679282,-0.209527
18-Jan-2025 14:39:29.519,-0.145386,-0.632856,-0.224798
18-Jan-2025 14:39:29.535,-0.078802,-0.572381,-0.269392
18-Jan-2025 14:39:29.551,-0.0562,-0.549779,-0.291383
18-Jan-2025 14:39:29.567,-0.05681,-0.554055,-0.306043
18-Jan-2025 14:39:29.583,-0.085521,-0.57177,-0.328645
18-Jan-2025 14:39:29.599,-0.144775,-0.567494,-0.359189
18-Jan-2025 14:39:29.615,-0.175929,-0.502742,-0.371406
18-Jan-2025 14:39:29.631,-0.171042,-0.440434,-0.361021
18-Jan-2025 14:39:29.647,-0.12034,-0.364687,-0.38851
18-Jan-2025 14:39:29.663,-0.076969,-0.3036,-0.412334
18-Jan-2025 14:39:29.679,0.068417,-0.215635,-0.469755
18-Jan-2025 14:39:29.696,0.202807,-0.199142,-0.509462
18-Jan-2025 14:39:29.711,0.182649,-0.18387,-0.474031
18-Jan-2025 14:39:29.728,0.085521,-0.122173,-0.408058
18-Jan-2025 14:39:29.743,0.003665,-0.059254,-0.333532
18-Jan-2025 14:39:29.760,-0.003665,0.003665,-0.277333
18-Jan-2025 14:39:29.775,-0.006109,0.142942,-0.21869
18-Jan-2025 14:39:29.792,-0.06353,0.276111,-0.169821
18-Jan-2025 14:39:29.808,-0.155771,0.427606,-0.094684
18-Jan-2025 14:39:29.824,-0.117897,0.703717,-0.038485
18-Jan-2025 14:39:29.840,0.015882,0.915687,-0.044593
18-Jan-2025 14:39:29.856,0.29627,0.860709,0.0281
18-Jan-2025 14:39:29.872,0.36713,0.893696,0.235794
18-Jan-2025 14:39:29.888,0.355524,0.801455,0.33903
18-Jan-2025 14:39:29.904,0.31765,0.765414,0.356134
18-Jan-2025 14:39:29.920,0.271835,0.821003,0.366519
18-Jan-2025 14:39:29.937,0.217468,0.894307,0.362243
18-Jan-2025 14:39:29.953,0.072082,0.996321,0.273057
18-Jan-2025 14:39:29.969,-0.020769,1.047634,0.19792
18-Jan-2025 14:39:29.985,-0.054978,1.117883,0.202807
18-Jan-2025 14:39:30.001,-0.0281,1.145372,0.243735
18-Jan-2025 14:39:30.017,0.008552,1.074512,0.284052
18-Jan-2025 14:39:30.033,0.072082,0.971887,0.375682
18-Jan-2025 14:39:30.049,0.124617,0.919963,0.446543
18-Jan-2025 14:39:30.065,0.133169,1.009149,0.514349
18-Jan-2025 14:39:30.081,0.081856,1.138653,0.524733
18-Jan-2025 14:39:30.098,-0.011606,1.005484,0.420886
18-Jan-2025 14:39:30.113,-0.023824,0.749532,0.212581
18-Jan-2025 14:39:30.129,0.047037,0.671952,0.080634
18-Jan-2025 14:39:30.146,0.061697,0.778853,0.069639
18-Jan-2025 14:39:30.162,0.030543,0.803899,0.065973
18-Jan-2025 14:39:30.178,0.047647,0.717156,0.047037
18-Jan-2025 14:39:30.194,0.108123,0.572992,0.002443
18-Jan-2025 14:39:30.210,0.139277,0.456927,-0.037874
18-Jan-2025 14:39:30.226,0.11973,0.404393,-0.044593
18-Jan-2025 14:39:30.242,0.116064,0.370795,-0.020769
18-Jan-2025 14:39:30.258,0.152105,0.273668,-0.018937
18-Jan-2025 14:39:30.274,0.180816,0.083078,-0.021991
18-Jan-2025 14:39:30.290,0.213192,0.019548,0.020769
18-Jan-2025 14:39:30.306,0.274889,-0.079412,0.152716
18-Jan-2025 14:39:30.322,0.305433,-0.230296,0.290772
18-Jan-2025 14:39:30.339,0.414167,-0.397062,0.377515
18-Jan-2025 14:39:30.354,0.463647,-0.44471,0.284052
18-Jan-2025 14:39:30.370,0.43066,-0.545503,0.220522
18-Jan-2025 14:39:30.386,0.483805,-0.656069,0.300546
18-Jan-2025 14:39:30.403,0.506407,-0.718988,0.304211
18-Jan-2025 14:39:30.419,0.243735,-0.760527,0.095906
18-Jan-2025 14:39:30.435,0.020159,-0.785573,0.00672
18-Jan-2025 14:39:30.451,-0.067195,-0.857044,0.006109
18-Jan-2025 14:39:30.467,-0.046426,-0.924239,-0.016493
18-Jan-2025 14:39:30.483,-0.041539,-0.914465,-0.076969
18-Jan-2025 14:39:30.499,0.004887,-0.786794,-0.124617
18-Jan-2025 14:39:30.515,0.116675,-0.643241,-0.145386
18-Jan-2025 14:39:30.531,0.259618,-0.549168,-0.185703
18-Jan-2025 14:39:30.547,0.290772,-0.472199,-0.226631
18-Jan-2025 14:39:30.563,0.273668,-0.357967,-0.28222
18-Jan-2025 14:39:30.580,0.263894,-0.263894,-0.340863
18-Jan-2025 14:39:30.595,0.204029,-0.150884,-0.443488
18-Jan-2025 14:39:30.612,0.114232,-0.080634,-0.509462
18-Jan-2025 14:39:30.628,0.018326,0.091019,-0.43066
18-Jan-2025 14:39:30.644,-0.019548,0.26817,-0.369573
18-Jan-2025 14:39:30.660,-0.026878,0.411723,-0.469145
18-Jan-2025 14:39:30.676,0.017104,0.604146,-0.463036
18-Jan-2025 14:39:30.692,0.045204,0.728151,-0.431271
18-Jan-2025 14:39:30.708,-0.033598,0.853379,-0.405004
18-Jan-2025 14:39:30.724,-0.072082,0.962724,-0.371406
18-Jan-2025 14:39:30.740,-0.0562,1.081231,-0.335976
18-Jan-2025 14:39:30.756,-0.061087,1.127046,-0.302989
18-Jan-2025 14:39:30.772,-0.087965,1.198518,-0.254731
18-Jan-2025 14:39:30.788,-0.102014,1.23578,-0.233351
18-Jan-2025 14:39:30.804,-0.078802,1.292591,-0.211359
18-Jan-2025 14:39:30.821,-0.032376,1.403768,-0.208916
18-Jan-2025 14:39:30.836,0.023824,1.487457,-0.208916
18-Jan-2025 14:39:30.853,0.048869,1.428814,-0.224188
18-Jan-2025 14:39:30.869,0.07758,1.413542,-0.237627
18-Jan-2025 14:39:30.885,0.106901,1.397049,-0.241292
18-Jan-2025 14:39:30.901,0.14111,1.334741,-0.263283
18-Jan-2025 14:39:30.917,0.193033,1.272432,-0.298102
18-Jan-2025 14:39:30.933,0.210749,1.258993,-0.339641
18-Jan-2025 14:39:30.949,0.224188,1.339017,-0.290161
18-Jan-2025 14:39:30.965,0.207083,1.444085,-0.236405
18-Jan-2025 14:39:30.981,0.167988,1.385442,-0.401949
18-Jan-2025 14:39:30.997,0.19792,1.386664,-0.468534
18-Jan-2025 14:39:31.013,0.255953,1.398881,-0.514959
18-Jan-2025 14:39:31.029,0.375682,1.431868,-0.552222
18-Jan-2025 14:39:31.045,0.459371,1.495398,-0.588263
18-Jan-2025 14:39:31.062,0.320093,1.617571,-0.612087
18-Jan-2025 14:39:31.078,0.075136,1.644449,-0.570548
18-Jan-2025 14:39:31.094,-0.136834,1.570535,-0.478918
18-Jan-2025 14:39:31.109,-0.102625,1.528996,-0.463036
18-Jan-2025 14:39:31.126,0,1.53877,-0.491136
18-Jan-2025 14:39:31.142,-0.009163,1.631621,-0.493579
18-Jan-2025 14:39:31.158,-0.075136,1.789224,-0.439823
18-Jan-2025 14:39:31.174,-0.119119,1.864972,-0.394619
18-Jan-2025 14:39:31.190,-0.180816,1.886352,-0.326202
18-Jan-2025 14:39:31.206,-0.237627,1.847867,-0.287718
18-Jan-2025 14:39:31.222,-0.308487,1.801442,-0.231518
18-Jan-2025 14:39:31.238,-0.342085,1.777007,-0.205862
18-Jan-2025 14:39:31.254,-0.358578,1.749518,-0.201586
18-Jan-2025 14:39:31.270,-0.37446,1.755016,-0.201586
18-Jan-2025 14:39:31.286,-0.386678,1.775174,-0.196088
18-Jan-2025 14:39:31.303,-0.409891,1.847867,-0.135001
18-Jan-2025 14:39:31.318,-0.425773,1.930334,-0.088575
18-Jan-2025 14:39:31.334,-0.459371,1.951715,-0.147219
18-Jan-2025 14:39:31.351,-0.498466,1.968208,-0.167988
18-Jan-2025 14:39:31.367,-0.518014,2.027462,-0.206472
18-Jan-2025 14:39:31.383,-0.485638,2.043344,-0.269392
18-Jan-2025 14:39:31.399,-0.428217,2.071444,-0.334754
18-Jan-2025 14:39:31.415,-0.421497,2.078774,-0.36713
18-Jan-2025 14:39:31.431,-0.453262,2.074498,-0.377515
18-Jan-2025 14:39:31.447,-0.513127,2.031738,-0.361632
18-Jan-2025 14:39:31.463,-0.54367,1.995086,-0.332311
18-Jan-2025 14:39:31.479,-0.543059,2.004249,-0.290772
18-Jan-2025 14:39:31.495,-0.533285,2.036625,-0.287107
18-Jan-2025 14:39:31.512,-0.526566,2.128865,-0.205862
18-Jan-2025 14:39:31.528,-0.461814,2.167961,-0.239459
18-Jan-2025 14:39:31.544,-0.396452,2.226604,-0.191201
18-Jan-2025 14:39:31.559,-0.382402,2.247984,-0.177762
18-Jan-2025 14:39:31.575,-0.308487,2.260812,-0.16249
18-Jan-2025 14:39:31.592,-0.238237,2.262034,-0.156992
18-Jan-2025 14:39:31.608,-0.202196,2.276084,-0.140499
18-Jan-2025 14:39:31.624,-0.179594,2.311514,-0.096517
18-Jan-2025 14:39:31.640,-0.165544,2.334116,-0.045204
18-Jan-2025 14:39:31.656,-0.157603,2.436741,0.111177
18-Jan-2025 14:39:31.672,-0.132558,2.413529,0.103236
18-Jan-2025 14:39:31.688,-0.072082,2.306627,0.021991
18-Jan-2025 14:39:31.704,-0.034819,2.297464,-0.015882
18-Jan-2025 14:39:31.720,-0.001833,2.399479,0.008552
18-Jan-2025 14:39:31.736,0.004887,2.412918,0.023213
18-Jan-2025 14:39:31.752,0.010385,2.375655,0.053145
18-Jan-2025 14:39:31.768,0.016493,2.32251,0.080634
18-Jan-2025 14:39:31.785,0.028711,2.260812,0.107512
18-Jan-2025 14:39:31.800,0.073304,2.189952,0.15516
18-Jan-2025 14:39:31.816,0.11301,2.142915,0.210138
18-Jan-2025 14:39:31.833,0.189979,2.096489,0.269392
18-Jan-2025 14:39:31.849,0.241903,2.011579,0.277333
18-Jan-2025 14:39:31.865,0.321315,1.861917,0.263283
18-Jan-2025 14:39:31.881,0.357967,1.801442,0.265726
18-Jan-2025 14:39:31.897,0.316428,1.736079,0.260839
18-Jan-2025 14:39:31.913,0.244346,1.683545,0.249233
18-Jan-2025 14:39:31.929,0.178373,1.63101,0.216246
18-Jan-2025 14:39:31.946,0.180205,1.620625,0.186314
18-Jan-2025 14:39:31.961,0.22602,1.643227,0.173486
18-Jan-2025 14:39:31.977,0.291994,1.704314,0.177762
18-Jan-2025 14:39:31.993,0.320704,1.77212,0.191201
18-Jan-2025 14:39:32.009,0.31765,1.7935,0.230296
18-Jan-2025 14:39:32.026,0.290161,1.780061,0.265726
18-Jan-2025 14:39:32.041,0.246179,1.798998,0.279776
18-Jan-2025 14:39:32.058,0.213803,1.833817,0.2755
18-Jan-2025 14:39:32.074,0.188757,1.90651,0.277333
18-Jan-2025 14:39:32.090,0.192423,1.991421,0.270002
18-Jan-2025 14:39:32.106,0.270613,2.031127,0.135612
18-Jan-2025 14:39:32.122,0.28222,2.008525,0.074526
18-Jan-2025 14:39:32.138,0.243735,2.072666,0.045815
18-Jan-2025 14:39:32.154,0.262672,2.065946,-0.014661
18-Jan-2025 14:39:32.170,0.290161,1.981647,-0.096517
18-Jan-2025 14:39:32.187,0.229685,1.855198,-0.16249
18-Jan-2025 14:39:32.202,0.111788,1.75807,-0.188757
18-Jan-2025 14:39:32.218,-0.046426,1.502118,-0.157603
18-Jan-2025 14:39:32.234,-0.138056,1.285871,-0.117286
18-Jan-2025 14:39:32.250,-0.294437,1.136209,-0.036652
18-Jan-2025 14:39:32.267,-0.42394,1.08734,0.037263
18-Jan-2025 14:39:32.283,-0.544892,1.032362,0.132558
18-Jan-2025 14:39:32.299,-0.536951,1.050688,0.193033
18-Jan-2025 14:39:32.315,-0.540616,1.078177,0.248622
18-Jan-2025 14:39:32.331,-0.612698,1.082453,0.318872
18-Jan-2025 14:39:32.347,-0.64263,1.095281,0.354913
18-Jan-2025 14:39:32.363,-0.597426,1.114218,0.36041
18-Jan-2025 14:39:32.379,-0.533285,1.090394,0.347582
18-Jan-2025 14:39:32.395,-0.45204,1.013425,0.2755
18-Jan-2025 14:39:32.411,-0.397673,0.943176,0.175929
18-Jan-2025 14:39:32.428,-0.345139,0.871705,0.066584
18-Jan-2025 14:39:32.443,-0.304211,0.803288,0.053756
18-Jan-2025 14:39:32.459,-0.266948,0.728762,0.079412
18-Jan-2025 14:39:32.475,-0.221744,0.598648,0.105069
18-Jan-2025 14:39:32.491,-0.153327,0.469145,0.091019
18-Jan-2025 14:39:32.508,-0.020769,0.271835,0.039095
18-Jan-2025 14:39:32.523,0.083689,0.122784,-0.000611
18-Jan-2025 14:39:32.539,0.205251,-0.030543,-0.053145
18-Jan-2025 14:39:32.556,0.263283,-0.104458,-0.119119
18-Jan-2025 14:39:32.572,0.278555,-0.142332,-0.230296
18-Jan-2025 14:39:32.588,0.255342,-0.147219,-0.311541
18-Jan-2025 14:39:32.604,0.272446,-0.160658,-0.390343
18-Jan-2025 14:39:32.619,0.334754,-0.178984,-0.470977
18-Jan-2025 14:39:32.636,0.466701,-0.200975,-0.584598
18-Jan-2025 14:39:32.652,0.5791,-0.222355,-0.769079
18-Jan-2025 14:39:32.668,0.370184,-0.218079,-0.823446
18-Jan-2025 14:39:32.684,-0.130114,-0.321315,-0.537561
18-Jan-2025 14:39:32.700,-0.273057,-0.341474,-0.379347
18-Jan-2025 14:39:32.716,-0.07758,-0.260229,-0.299935
18-Jan-2025 14:39:32.732,0.080023,-0.145997,-0.285885
18-Jan-2025 14:39:32.749,0.123395,-0.054978,-0.286496
18-Jan-2025 14:39:32.764,0.097738,-0.059254,-0.270002
18-Jan-2025 14:39:32.780,0.108123,-0.083078,-0.207083
18-Jan-2025 14:39:32.796,0.177762,-0.073915,-0.136223
18-Jan-2025 14:39:32.813,0.206472,-0.017715,0.045815
18-Jan-2025 14:39:32.829,0.116675,0.139888,0.304211
18-Jan-2025 14:39:32.845,0.04215,0.182038,0.409891
18-Jan-2025 14:39:32.861,0.004887,0.123395,0.460592
18-Jan-2025 14:39:32.877,-0.039095,0.10568,0.514349
18-Jan-2025 14:39:32.893,-0.194866,0.14844,0.525955
18-Jan-2025 14:39:32.909,-0.335365,0.102625,0.319483
18-Jan-2025 14:39:32.925,-0.397673,0.086132,0.054367
18-Jan-2025 14:39:32.940,-0.390954,0.125838,0.025656
18-Jan-2025 14:39:32.957,-0.346971,0.029322,0.026267
18-Jan-2025 14:39:32.973,-0.28222,-0.10568,0.026878
18-Jan-2025 14:39:32.990,-0.156992,-0.237627,0.075136
18-Jan-2025 14:39:33.005,-0.097738,-0.26145,0.163101
18-Jan-2025 14:39:33.021,-0.092241,-0.227242,0.222966
18-Jan-2025 14:39:33.038,-0.13439,-0.161268,0.237016
18-Jan-2025 14:39:33.054,-0.178984,-0.132558,0.227853
18-Jan-2025 14:39:33.070,-0.230907,-0.083078,0.186925
18-Jan-2025 14:39:33.086,-0.224798,-0.004887,0.147829
18-Jan-2025 14:39:33.102,-0.135612,0.051924,0.095295
18-Jan-2025 14:39:33.118,-0.13439,0.006109,0.079412
18-Jan-2025 14:39:33.134,-0.12706,-0.040928,0.080634
18-Jan-2025 14:39:33.151,-0.026878,-0.025656,0.087354
18-Jan-2025 14:39:33.166,0.07758,-0.039706,0.09163
18-Jan-2025 14:39:33.182,0.144775,-0.097128,0.097738
18-Jan-2025 14:39:33.198,0.165544,-0.123395,0.108123
18-Jan-2025 14:39:33.214,0.202807,-0.121562,0.11301
18-Jan-2025 14:39:33.231,0.210138,-0.096517,0.128282
18-Jan-2025 14:39:33.246,0.202196,-0.130725,0.167377
18-Jan-2025 14:39:33.262,0.192423,-0.117897,0.185703
18-Jan-2025 14:39:33.279,0.194255,-0.185703,0.188147
18-Jan-2025 14:39:33.295,0.24679,-0.257785,0.205251
18-Jan-2025 14:39:33.311,0.312763,-0.362243,0.232129
18-Jan-2025 14:39:33.327,0.350026,-0.397062,0.237016
18-Jan-2025 14:39:33.343,0.414167,-0.403782,0.201586
18-Jan-2025 14:39:33.359,0.507018,-0.327424,0.136834
18-Jan-2025 14:39:33.375,0.481362,-0.262672,0.089186
18-Jan-2025 14:39:33.392,0.238237,-0.246179,0.031154
18-Jan-2025 14:39:33.407,0.039706,-0.346361,0.046426
18-Jan-2025 14:39:33.423,-0.11973,-0.497855,0.132558
18-Jan-2025 14:39:33.439,-0.185092,-0.698219,0.15516
18-Jan-2025 14:39:33.455,-0.255953,-0.915076,0.255953
18-Jan-2025 14:39:33.472,-0.248622,-0.870483,0.254731
18-Jan-2025 14:39:33.487,-0.078802,-0.705549,0.198531
18-Jan-2025 14:39:33.504,0.055589,-0.583376,0.136223
18-Jan-2025 14:39:33.520,0.138056,-0.527177,0.074526
18-Jan-2025 14:39:33.536,0.207694,-0.650571,0.036041
18-Jan-2025 14:39:33.552,0.267559,-0.798401,0.095906
18-Jan-2025 14:39:33.568,0.200364,-0.863153,0.114232
18-Jan-2025 14:39:33.584,-0.000611,-0.777631,-0.033598
18-Jan-2025 14:39:33.600,-0.29627,-0.533285,-0.379347
18-Jan-2025 14:39:33.616,-0.431271,-0.514959,-0.424551
18-Jan-2025 14:39:33.633,-0.461203,-0.457538,-0.376293
18-Jan-2025 14:39:33.648,-0.394619,-0.405004,-0.312152
18-Jan-2025 14:39:33.664,-0.317039,-0.341474,-0.207083
18-Jan-2025 14:39:33.680,-0.265726,-0.31093,-0.14111
18-Jan-2025 14:39:33.696,-0.210749,-0.306654,-0.097128
18-Jan-2025 14:39:33.713,-0.142332,-0.315817,-0.083078
18-Jan-2025 14:39:33.729,-0.113621,-0.309709,-0.095295
18-Jan-2025 14:39:33.745,-0.104458,-0.224798,-0.09163
18-Jan-2025 14:39:33.761,-0.104458,-0.164934,-0.072693
18-Jan-2025 14:39:33.777,-0.086743,-0.075747,-0.093462
18-Jan-2025 14:39:33.793,-0.050091,0.040317,-0.116675
18-Jan-2025 14:39:33.809,0.011606,0.178984,-0.114843
18-Jan-2025 14:39:33.825,0.067195,0.237627,-0.131336
18-Jan-2025 14:39:33.841,0.150273,0.293215,-0.191201
18-Jan-2025 14:39:33.857,0.205251,0.290772,-0.264505
18-Jan-2025 14:39:33.874,0.242514,0.25412,-0.403171
18-Jan-2025 14:39:33.889,0.240681,0.319483,-0.473421
18-Jan-2025 14:39:33.905,0.274278,0.434325,-0.463036
18-Jan-2025 14:39:33.921,0.233961,0.464868,-0.45204
18-Jan-2025 14:39:33.937,0.213803,0.478918,-0.450819
18-Jan-2025 14:39:33.954,0.406836,0.563829,-0.495412
18-Jan-2025 14:39:33.970,0.496023,0.565661,-0.566272
18-Jan-2025 14:39:33.986,0.248622,0.445321,-0.648128
18-Jan-2025 14:39:34.002,-0.066584,0.401949,-0.495412
18-Jan-2025 14:39:34.018,-0.210138,0.556498,-0.304211
18-Jan-2025 14:39:34.034,-0.068417,0.666454,-0.263894
18-Jan-2025 14:39:34.050,0.100793,0.842994,-0.238848
18-Jan-2025 14:39:34.066,0.186925,0.965778,-0.215025
18-Jan-2025 14:39:34.082,0.14844,1.040303,-0.158214
18-Jan-2025 14:39:34.098,0.028711,1.10139,-0.036652
18-Jan-2025 14:39:34.115,0.015272,1.086118,0.023213
18-Jan-2025 14:39:34.130,0.048869,1.00976,0.201586
18-Jan-2025 14:39:34.146,0.080023,0.982882,0.276111
18-Jan-2025 14:39:34.162,0.146608,0.996321,0.225409
18-Jan-2025 14:39:34.178,0.188147,1.005484,0.24679
18-Jan-2025 14:39:34.195,0.215635,1.067182,0.269392
18-Jan-2025 14:39:34.211,0.177762,1.245554,0.249233
18-Jan-2025 14:39:34.227,0.057421,1.380556,0.181427
18-Jan-2025 14:39:34.243,-0.094684,1.361008,0.125838
18-Jan-2025 14:39:34.259,-0.130114,1.268767,0.114843
18-Jan-2025 14:39:34.275,-0.093462,1.15087,0.094684
18-Jan-2025 14:39:34.291,-0.086132,1.038471,0.081856
18-Jan-2025 14:39:34.307,-0.054978,0.824057,0.095295
18-Jan-2025 14:39:34.323,-0.052534,0.793514,0.109345
18-Jan-2025 14:39:34.339,-0.054978,0.810618,0.100182
18-Jan-2025 14:39:34.356,-0.098349,0.849103,0.066584
18-Jan-2025 14:39:34.371,-0.158214,0.853379,0.023824
18-Jan-2025 14:39:34.387,-0.194255,0.805731,-0.013439
18-Jan-2025 14:39:34.403,-0.225409,0.733038,-0.023213
18-Jan-2025 14:39:34.419,-0.236405,0.653626,-0.015272
18-Jan-2025 14:39:34.436,-0.191201,0.583376,-0.001222
18-Jan-2025 14:39:34.452,-0.081245,0.477086,0.000611
18-Jan-2025 14:39:34.468,0.004887,0.411723,0.031154
18-Jan-2025 14:39:34.484,0.10568,0.346361,0.109956
18-Jan-2025 14:39:34.500,0.168599,0.207083,0.174097
18-Jan-2025 14:39:34.516,0.313374,0.037263,0.279165
18-Jan-2025 14:39:34.532,0.346971,-0.01405,0.314596
18-Jan-2025 14:39:34.548,0.343917,-0.086743,0.395841
18-Jan-2025 14:39:34.564,0.365908,-0.137445,0.458149
18-Jan-2025 14:39:34.580,0.422108,-0.255342,0.511294
18-Jan-2025 14:39:34.597,0.499077,-0.390343,0.55772
18-Jan-2025 14:39:34.613,0.544892,-0.469145,0.528398
18-Jan-2025 14:39:34.629,0.560774,-0.505186,0.49419
18-Jan-2025 14:39:34.645,0.552833,-0.462425,0.537561
18-Jan-2025 14:39:34.661,0.319483,-0.625526,0.428827
18-Jan-2025 14:39:34.677,0.111177,-0.743423,0.357356
18-Jan-2025 14:39:34.693,-0.010385,-0.667676,0.328645
18-Jan-2025 14:39:34.709,0.010385,-0.615752,0.270002
18-Jan-2025 14:39:34.725,0,-0.59315,0.109956
18-Jan-2025 14:39:34.741,-0.040317,-0.636522,0.010996
18-Jan-2025 14:39:34.758,0.040317,-0.691499,-0.019548
18-Jan-2025 14:39:34.773,0.18326,-0.679282,-0.003665
18-Jan-2025 14:39:34.789,0.279776,-0.675617,-0.007941
18-Jan-2025 14:39:34.806,0.419664,-0.566883,-0.000611
18-Jan-2025 14:39:34.822,0.431271,-0.398895,0.031154
18-Jan-2025 14:39:34.838,0.318261,-0.274889,-0.087965
18-Jan-2025 14:39:34.854,0.198531,-0.179594,-0.246179
18-Jan-2025 14:39:34.870,0.015272,-0.012217,-0.431271
18-Jan-2025 14:39:34.886,-0.106901,0.16249,-0.514959
18-Jan-2025 14:39:34.902,-0.217468,0.382402,-0.580933
18-Jan-2025 14:39:34.918,-0.228464,0.530231,-0.617585
18-Jan-2025 14:39:34.934,-0.250455,0.638965,-0.633467
18-Jan-2025 14:39:34.950,-0.266337,0.707993,-0.630413
18-Jan-2025 14:39:34.966,-0.286496,0.766025,-0.629191
18-Jan-2025 14:39:34.982,-0.288328,0.836885,-0.629191
18-Jan-2025 14:39:34.999,-0.244346,0.966389,-0.627969
18-Jan-2025 14:39:35.014,-0.197309,1.038471,-0.52229
18-Jan-2025 14:39:35.030,-0.209527,1.109331,-0.403171
18-Jan-2025 14:39:35.046,-0.174707,1.196685,-0.273057
18-Jan-2025 14:39:35.062,-0.103236,1.211346,-0.243124
18-Jan-2025 14:39:35.079,0.001222,1.204015,-0.257785
18-Jan-2025 14:39:35.094,0.060476,1.210124,-0.284052
18-Jan-2025 14:39:35.111,0.122784,1.179581,-0.28955
18-Jan-2025 14:39:35.127,0.150884,1.165531,-0.326813
18-Jan-2025 14:39:35.143,0.150273,1.204626,-0.370795
18-Jan-2025 14:39:35.159,0.128893,1.312749,-0.429438
18-Jan-2025 14:39:35.175,0.081856,1.470353,-0.439823
18-Jan-2025 14:39:35.191,0.040317,1.466077,-0.516181
18-Jan-2025 14:39:35.207,0.057421,1.647504,-0.568716
18-Jan-2025 14:39:35.223,0.097128,1.885741,-0.641409
18-Jan-2025 14:39:35.240,0.121562,2.077553,-0.6634
18-Jan-2025 14:39:35.255,0.181427,2.003027,-0.655458
18-Jan-2025 14:39:35.271,0.299935,1.981036,-0.64935
18-Jan-2025 14:39:35.288,0.43738,2.03357,-0.717767
18-Jan-2025 14:39:35.304,0.368963,2.122757,-0.770301
18-Jan-2025 14:39:35.320,0.137445,2.275473,-0.750753
18-Jan-2025 14:39:35.336,-0.092852,2.397035,-0.618196
18-Jan-2025 14:39:35.352,-0.100793,2.360383,-0.443488
18-Jan-2025 14:39:35.368,-0.062919,2.358551,-0.299324
18-Jan-2025 14:39:35.384,-0.039095,2.384818,-0.231518
18-Jan-2025 14:39:35.400,-0.072693,2.49233,-0.142332
18-Jan-2025 14:39:35.416,-0.130114,2.554028,-0.133169
18-Jan-2025 14:39:35.432,-0.159436,2.372601,-0.237016
18-Jan-2025 14:39:35.448,-0.339641,2.411085,-0.222966
18-Jan-2025 14:39:35.464,-0.544281,2.525317,-0.05681
18-Jan-2025 14:39:35.481,-0.601702,2.582127,0.003665
18-Jan-2025 14:39:35.496,-0.594983,2.485611,-0.059865
18-Jan-2025 14:39:35.512,-0.529009,2.439185,-0.171042
18-Jan-2025 14:39:35.528,-0.514349,2.467896,-0.189979
18-Jan-2025 14:39:35.545,-0.560774,2.415972,-0.167377
18-Jan-2025 14:39:35.561,-0.561996,2.375655,-0.123395
18-Jan-2025 14:39:35.577,-0.561385,2.397035,-0.213192
18-Jan-2025 14:39:35.593,-0.605367,2.46423,-0.415388
18-Jan-2025 14:39:35.608,-0.651793,2.463619,-0.729373
18-Jan-2025 14:39:35.625,-0.674395,2.373211,-0.749532
18-Jan-2025 14:39:35.641,-0.757473,2.480724,-0.507018
18-Jan-2025 14:39:35.657,-0.71288,2.401922,-0.432493
18-Jan-2025 14:39:35.673,-0.59987,2.30174,-0.434325
18-Jan-2025 14:39:35.689,-0.488081,2.199726,-0.368352
18-Jan-2025 14:39:35.705,-0.433103,2.184454,-0.248011
18-Jan-2025 14:39:35.722,-0.355524,2.26631,-0.103236
18-Jan-2025 14:39:35.737,-0.276111,2.284025,-0.042761
18-Jan-2025 14:39:35.753,-0.237627,2.216219,-0.12034
18-Jan-2025 14:39:35.770,-0.203418,2.150856,-0.180816
18-Jan-2025 14:39:35.786,-0.145386,2.104431,-0.226631
18-Jan-2025 14:39:35.802,-0.116675,2.051286,-0.221744
18-Jan-2025 14:39:35.818,-0.120951,2.01891,-0.178373
18-Jan-2025 14:39:35.834,-0.133169,1.993864,-0.132558
18-Jan-2025 14:39:35.850,-0.128282,1.951715,-0.074526
18-Jan-2025 14:39:35.866,-0.139277,1.915063,-0.00672
18-Jan-2025 14:39:35.883,-0.179594,1.818546,0.052534
18-Jan-2025 14:39:35.898,-0.172264,1.674382,0.167988
18-Jan-2025 14:39:35.914,-0.087965,1.677436,0.253509
18-Jan-2025 14:39:35.929,-0.009774,1.728749,0.320704
18-Jan-2025 14:39:35.946,0.00733,1.737301,0.332922
18-Jan-2025 14:39:35.963,0.009774,1.714088,0.347582
18-Jan-2025 14:39:35.979,0.046426,1.70126,0.425162
18-Jan-2025 14:39:35.995,0.202807,1.617571,0.50091
18-Jan-2025 14:39:36.011,0.340252,1.651169,0.560163
18-Jan-2025 14:39:36.027,0.387899,1.709201,0.561996
18-Jan-2025 14:39:36.043,0.280387,1.612684,0.535729
18-Jan-2025 14:39:36.059,0.186314,1.525331,0.524122
18-Jan-2025 14:39:36.075,0.252287,1.490511,0.447153
18-Jan-2025 14:39:36.091,0.337198,1.463022,0.386067
18-Jan-2025 14:39:36.107,0.366519,1.457524,0.380569
18-Jan-2025 14:39:36.124,0.356745,1.502728,0.401949
18-Jan-2025 14:39:36.139,0.340863,1.610241,0.446543
18-Jan-2025 14:39:36.155,0.356745,1.701871,0.441045
18-Jan-2025 14:39:36.171,0.326202,1.706758,0.403782
18-Jan-2025 14:39:36.187,0.277944,1.693318,0.320093
18-Jan-2025 14:39:36.204,0.16249,1.709201,0.229074
18-Jan-2025 14:39:36.219,0.122173,1.743409,0.147219
18-Jan-2025 14:39:36.236,0.128282,1.732414,0.097128
18-Jan-2025 14:39:36.252,0.170431,1.65911,0.078802
18-Jan-2025 14:39:36.268,0.201586,1.633454,0.07086
18-Jan-2025 14:39:36.284,0.307265,1.734857,0.047037
18-Jan-2025 14:39:36.300,0.312152,1.648114,0.004276
18-Jan-2025 14:39:36.316,0.213803,1.453248,-0.032987
18-Jan-2025 14:39:36.332,0.174097,1.368949,-0.023824
18-Jan-2025 14:39:36.348,0.155771,1.291369,0.036652
18-Jan-2025 14:39:36.365,0.127671,1.226007,0.097128
18-Jan-2025 14:39:36.380,0.061697,1.200961,0.142942
18-Jan-2025 14:39:36.396,-0.029322,1.158201,0.145997
18-Jan-2025 14:39:36.412,-0.086132,1.105055,0.107512
18-Jan-2025 14:39:36.428,-0.117897,1.12949,0.097128
18-Jan-2025 14:39:36.445,-0.125838,1.156368,0.11301
18-Jan-2025 14:39:36.461,-0.145997,1.106888,0.130725
18-Jan-2025 14:39:36.477,-0.156382,1.05863,0.133169
18-Jan-2025 14:39:36.493,-0.166766,1.004262,0.11301
18-Jan-2025 14:39:36.509,-0.171653,0.991434,0.092241
18-Jan-2025 14:39:36.525,-0.172264,0.988991,0.050702
18-Jan-2025 14:39:36.541,-0.178373,0.972497,0.015272
18-Jan-2025 14:39:36.557,-0.169821,0.910189,-0.01405
18-Jan-2025 14:39:36.573,-0.149662,0.76969,-0.036041
18-Jan-2025 14:39:36.589,-0.110567,0.71288,-0.042761
18-Jan-2025 14:39:36.606,-0.088575,0.651182,-0.074526
18-Jan-2025 14:39:36.621,-0.106291,0.563829,-0.106291
18-Jan-2025 14:39:36.637,-0.116675,0.394619,-0.16921
18-Jan-2025 14:39:36.654,-0.11973,0.3036,-0.215635
18-Jan-2025 14:39:36.670,-0.146608,0.208305,-0.263894
18-Jan-2025 14:39:36.686,-0.174097,0.137445,-0.274889
18-Jan-2025 14:39:36.702,-0.171042,0.186314,-0.2474
18-Jan-2025 14:39:36.718,-0.169821,0.230296,-0.24007
18-Jan-2025 14:39:36.734,-0.195477,0.321926,-0.28222
18-Jan-2025 14:39:36.750,-0.219301,0.28222,-0.295048
18-Jan-2025 14:39:36.766,-0.288939,0.23274,-0.273668
18-Jan-2025 14:39:36.782,-0.235794,0.236405,-0.245568
18-Jan-2025 14:39:36.798,-0.207083,0.293826,-0.19792
18-Jan-2025 14:39:36.814,-0.230907,0.278555,-0.167377
18-Jan-2025 14:39:36.830,-0.215635,0.230907,-0.139888
18-Jan-2025 14:39:36.847,-0.180205,0.198531,-0.084299
18-Jan-2025 14:39:36.862,-0.181427,0.185703,-0.067195
18-Jan-2025 14:39:36.879,-0.227242,0.115454,-0.071471
18-Jan-2025 14:39:36.895,-0.258396,0.036652,-0.097738
18-Jan-2025 14:39:36.911,-0.256563,-0.0281,-0.138666
18-Jan-2025 14:39:36.927,-0.16249,-0.096517,-0.227853
18-Jan-2025 14:39:36.943,-0.147219,-0.166766,-0.288328
18-Jan-2025 14:39:36.959,-0.269392,-0.178373,-0.31032
18-Jan-2025 14:39:36.975,-0.342085,-0.16249,-0.341474
18-Jan-2025 14:39:36.991,-0.382402,-0.224188,-0.397062
18-Jan-2025 14:39:37.007,-0.365297,-0.227242,-0.398895
18-Jan-2025 14:39:37.023,-0.337808,-0.163712,-0.37446
18-Jan-2025 14:39:37.039,-0.293215,-0.01405,-0.35308
18-Jan-2025 14:39:37.055,-0.299935,0.089186,-0.334143
18-Jan-2025 14:39:37.071,-0.280387,0.156382,-0.304211
18-Jan-2025 14:39:37.088,-0.159436,0.245568,-0.284663
18-Jan-2025 14:39:37.104,-0.051313,0.293826,-0.266948
18-Jan-2025 14:39:37.120,0.031765,0.395841,-0.207694
18-Jan-2025 14:39:37.136,0.100793,0.551611,-0.096517
18-Jan-2025 14:39:37.151,0.116064,0.693943,-0.014661
18-Jan-2025 14:39:37.168,0.068417,0.838718,0.072693
18-Jan-2025 14:39:37.184,0.039706,0.907135,0.061087
18-Jan-2025 14:39:37.200,0.08491,0.9389,0.00672
18-Jan-2025 14:39:37.216,0.120951,0.992656,-0.026267
18-Jan-2025 14:39:37.232,0.048869,1.075734,-0.109345
18-Jan-2025 14:39:37.248,-0.065363,1.123381,-0.149051
18-Jan-2025 14:39:37.264,-0.120951,1.098947,-0.175318
18-Jan-2025 14:39:37.280,-0.047647,1.03053,-0.122173
18-Jan-2025 14:39:37.296,0.026267,1.018923,-0.048258
18-Jan-2025 14:39:37.312,0.087354,1.017091,0.067195
18-Jan-2025 14:39:37.329,0.098349,0.986547,0.157603
18-Jan-2025 14:39:37.344,0.121562,0.97433,0.231518
18-Jan-2025 14:39:37.361,0.143553,0.984104,0.243735
18-Jan-2025 14:39:37.377,0.135001,0.999376,0.235183
18-Jan-2025 14:39:37.392,0.118508,0.985937,0.231518
18-Jan-2025 14:39:37.409,0.079412,0.94623,0.243124
18-Jan-2025 14:39:37.425,0.066584,0.926072,0.239459
18-Jan-2025 14:39:37.441,0.076358,0.881479,0.246179
18-Jan-2025 14:39:37.457,0.095906,0.779464,0.262672
18-Jan-2025 14:39:37.473,0.094684,0.689667,0.29627
18-Jan-2025 14:39:37.489,0.110567,0.651793,0.35308
18-Jan-2025 14:39:37.505,0.140499,0.630413,0.394008
18-Jan-2025 14:39:37.521,0.138056,0.548557,0.445321
18-Jan-2025 14:39:37.537,0.107512,0.45876,0.483194
18-Jan-2025 14:39:37.553,0.112399,0.386678,0.535118
18-Jan-2025 14:39:37.570,0.138056,0.348804,0.52962
18-Jan-2025 14:39:37.585,0.155771,0.133169,0.474642
18-Jan-2025 14:39:37.601,0.16921,-0.108734,0.421497
18-Jan-2025 14:39:37.618,0.189979,-0.306654,0.356134
18-Jan-2025 14:39:37.633,0.19792,-0.517403,0.274889
18-Jan-2025 14:39:37.650,0.221133,-0.631024,0.235794
18-Jan-2025 14:39:37.666,0.266337,-0.783129,0.246179
18-Jan-2025 14:39:37.682,0.312152,-0.904081,0.252898
18-Jan-2025 14:39:37.698,0.397062,-1.014036,0.267559
18-Jan-2025 14:39:37.714,0.445932,-1.057408,0.24679
18-Jan-2025 14:39:37.730,0.419054,-1.081842,0.209527
18-Jan-2025 14:39:37.746,0.363465,-1.054353,0.156382
18-Jan-2025 14:39:37.762,0.299324,-0.924239,0.032987
18-Jan-2025 14:39:37.778,0.200975,-0.869872,-0.055589
18-Jan-2025 14:39:37.794,0.052534,-0.846048,-0.126449
18-Jan-2025 14:39:37.811,-0.076969,-0.8546,-0.13439
18-Jan-2025 14:39:37.827,-0.108123,-0.922406,-0.08491
18-Jan-2025 14:39:37.843,-0.185092,-1.07329,-0.126449
18-Jan-2025 14:39:37.858,-0.280998,-1.247387,-0.166155
18-Jan-2025 14:39:37.874,-0.175318,-1.182024,-0.226631
18-Jan-2025 14:39:37.891,0.003054,-1.038471,-0.251066
18-Jan-2025 14:39:37.907,0.135612,-0.955393,-0.246179
18-Jan-2025 14:39:37.923,0.196088,-0.876592,-0.224188
18-Jan-2025 14:39:37.939,0.241292,-0.811229,-0.191201
18-Jan-2025 14:39:37.955,0.216246,-0.810007,-0.166155
18-Jan-2025 14:39:37.971,0.132558,-0.847881,-0.103236
18-Jan-2025 14:39:37.987,0.012217,-0.892474,-0.177151
18-Jan-2025 14:39:38.003,-0.043371,-0.857044,-0.259007
18-Jan-2025 14:39:38.019,-0.130725,-0.61392,-0.346361
18-Jan-2025 14:39:38.035,-0.142942,-0.436158,-0.474642
18-Jan-2025 14:39:38.052,-0.099571,-0.387289,-0.533285
18-Jan-2025 14:39:38.067,-0.100793,-0.393397,-0.489914
18-Jan-2025 14:39:38.083,-0.069639,-0.375071,-0.351858
18-Jan-2025 14:39:38.100,-0.014661,-0.391565,-0.237627
18-Jan-2025 14:39:38.116,0.037263,-0.464868,-0.146608
18-Jan-2025 14:39:38.132,0.053145,-0.434325,-0.09896
18-Jan-2025 14:39:38.148,0.053756,-0.335976,-0.073304
18-Jan-2025 14:39:38.164,0.024435,-0.211359,-0.09163
18-Jan-2025 14:39:38.180,0.022602,-0.07758,-0.117897
18-Jan-2025 14:39:38.196,0.026878,0.103236,-0.14844
18-Jan-2025 14:39:38.212,-0.007941,0.166766,-0.184481
18-Jan-2025 14:39:38.228,-0.037263,0.213192,-0.229685
18-Jan-2025 14:39:38.244,-0.000611,0.236405,-0.270613
18-Jan-2025 14:39:38.260,0.089186,0.309709,-0.301767
18-Jan-2025 14:39:38.276,0.117897,0.370184,-0.317039
18-Jan-2025 14:39:38.293,0.100182,0.412334,-0.340252
18-Jan-2025 14:39:38.308,0.087965,0.452651,-0.351858
18-Jan-2025 14:39:38.325,0.107512,0.499688,-0.387899
18-Jan-2025 14:39:38.341,0.250455,0.553444,-0.496633
18-Jan-2025 14:39:38.357,0.398284,0.588874,-0.624915
18-Jan-2025 14:39:38.373,0.288328,0.618806,-0.805731
18-Jan-2025 14:39:38.389,0.04215,0.623083,-0.747699
18-Jan-2025 14:39:38.405,-0.146608,0.6072,-0.486249
18-Jan-2025 14:39:38.421,-0.133169,0.610865,-0.321315
18-Jan-2025 14:39:38.437,-0.051313,0.699441,-0.22602
18-Jan-2025 14:39:38.453,-0.092241,0.777631,-0.20464
18-Jan-2025 14:39:38.469,-0.235794,0.849103,-0.191201
18-Jan-2025 14:39:38.485,-0.307265,0.849714,-0.178373
18-Jan-2025 14:39:38.501,-0.337198,0.852157,-0.12706
18-Jan-2025 14:39:38.517,-0.293215,0.949895,0.025045
18-Jan-2025 14:39:38.534,-0.228464,1.045801,0.171653
18-Jan-2025 14:39:38.549,-0.15516,1.087951,0.335365
18-Jan-2025 14:39:38.565,-0.149662,1.043358,0.392175
18-Jan-2025 14:39:38.582,-0.166155,1.012815,0.382402
18-Jan-2025 14:39:38.597,-0.142332,1.018312,0.270002
18-Jan-2025 14:39:38.614,-0.128893,1.027475,0.227242
18-Jan-2025 14:39:38.630,-0.0562,1.268156,0.243735
18-Jan-2025 14:39:38.646,-0.076358,1.424538,0.172264
18-Jan-2025 14:39:38.662,-0.135612,1.351845,0.055589
18-Jan-2025 14:39:38.678,-0.163712,1.304808,-0.005498
18-Jan-2025 14:39:38.695,-0.178373,1.304197,0.031154
18-Jan-2025 14:39:38.710,-0.213192,1.246776,0.095906
18-Jan-2025 14:39:38.726,-0.208916,1.15759,0.165544
18-Jan-2025 14:39:38.742,-0.12034,1.166753,0.230907
18-Jan-2025 14:39:38.759,-0.085521,1.148427,0.282831
18-Jan-2025 14:39:38.775,-0.094684,1.120938,0.281609
18-Jan-2025 14:39:38.791,-0.048258,1.201572,0.265726
18-Jan-2025 14:39:38.807,0.013439,1.27793,0.241292
18-Jan-2025 14:39:38.823,0.031154,1.286482,0.216246
18-Jan-2025 14:39:38.839,0.011606,1.287704,0.208916
18-Jan-2025 14:39:38.855,-0.018326,1.293813,0.18387
18-Jan-2025 14:39:38.871,-0.011606,1.255939,0.16921
18-Jan-2025 14:39:38.887,0.025656,1.202183,0.145386
18-Jan-2025 14:39:38.903,0.069639,1.140485,0.108734
18-Jan-2025 14:39:38.918,0.075747,1.110553,0.092241
18-Jan-2025 14:39:38.936,0.087354,1.076955,0.073915
18-Jan-2025 14:39:38.951,0.112399,1.008538,0.094684
18-Jan-2025 14:39:38.967,0.114232,0.857655,0.088575
18-Jan-2025 14:39:38.984,0.117897,0.646295,-0.04948
18-Jan-2025 14:39:39.000,0.158825,0.362854,-0.118508
18-Jan-2025 14:39:39.016,0.141721,0.158214,-0.061087
18-Jan-2025 14:39:39.032,0.112399,-0.002443,0.038485
18-Jan-2025 14:39:39.048,0.164934,-0.145997,0.213803
18-Jan-2025 14:39:39.064,0.288939,-0.205862,0.351248
18-Jan-2025 14:39:39.080,0.479529,-0.322537,0.426384
18-Jan-2025 14:39:39.096,0.61392,-0.390343,0.389121
18-Jan-2025 14:39:39.112,0.780686,-0.359189,0.38118
18-Jan-2025 14:39:39.128,0.75564,-0.409891,0.364687
18-Jan-2025 14:39:39.144,0.505186,-0.415999,0.254731
18-Jan-2025 14:39:39.160,0.350026,-0.250455,0.273668
18-Jan-2025 14:39:39.177,0.205251,-0.129503,0.257174
18-Jan-2025 14:39:39.193,0.122784,-0.115454,0.175318
18-Jan-2025 14:39:39.209,0.102014,-0.040317,0.032376
18-Jan-2025 14:39:39.225,0.185703,0.055589,-0.060476
18-Jan-2025 14:39:39.241,0.285885,0.199142,-0.080023
18-Jan-2025 14:39:39.257,0.346971,0.422719,-0.072693
18-Jan-2025 14:39:39.273,0.320704,0.590096,-0.076969
18-Jan-2025 14:39:39.289,0.255953,0.767858,-0.125227
18-Jan-2025 14:39:39.305,0.191201,0.872926,-0.191812
18-Jan-2025 14:39:39.321,0.100793,1.006095,-0.313985
18-Jan-2025 14:39:39.338,0.062308,1.032362,-0.40256
18-Jan-2025 14:39:39.353,-0.023213,1.194852,-0.386678
18-Jan-2025 14:39:39.369,-0.075136,1.357953,-0.358578
18-Jan-2025 14:39:39.385,-0.116675,1.455081,-0.356745
18-Jan-2025 14:39:39.402,-0.156382,1.519222,-0.33903
18-Jan-2025 14:39:39.418,-0.210749,1.605965,-0.284663
18-Jan-2025 14:39:39.433,-0.25412,1.711644,-0.220522
18-Jan-2025 14:39:39.450,-0.260839,1.739133,-0.182649
18-Jan-2025 14:39:39.466,-0.248622,1.72264,-0.147829
18-Jan-2025 14:39:39.482,-0.229685,1.739744,-0.122173
18-Jan-2025 14:39:39.498,-0.199142,1.777007,-0.081245
18-Jan-2025 14:39:39.514,-0.166766,1.836872,-0.044593
18-Jan-2025 14:39:39.530,-0.082467,1.963932,-0.004887
18-Jan-2025 14:39:39.546,-0.094073,1.972484,0.02138
18-Jan-2025 14:39:39.562,-0.139888,1.953547,0.037263
18-Jan-2025 14:39:39.579,-0.086132,1.952936,0.031765
18-Jan-2025 14:39:39.595,0.010385,1.937665,-0.00733
18-Jan-2025 14:39:39.610,0.099571,1.91323,-0.072082
18-Jan-2025 14:39:39.627,0.127671,1.932167,-0.117286
18-Jan-2025 14:39:39.642,0.147829,1.994475,-0.202196
18-Jan-2025 14:39:39.659,0.151495,2.014023,-0.238848
18-Jan-2025 14:39:39.675,0.151495,2.029905,-0.290161
18-Jan-2025 14:39:39.691,0.147829,2.023797,-0.354913
18-Jan-2025 14:39:39.707,0.155771,2.091603,-0.415388
18-Jan-2025 14:39:39.723,0.144164,2.1814,-0.428217
18-Jan-2025 14:39:39.739,0.138666,2.233934,-0.505186
18-Jan-2025 14:39:39.755,0.178984,2.244319,-0.594372
18-Jan-2025 14:39:39.771,0.164934,2.277916,-0.658513
18-Jan-2025 14:39:39.787,-0.047647,2.290745,-0.786794
18-Jan-2025 14:39:39.803,-0.295048,2.247373,-0.763582
18-Jan-2025 14:39:39.820,-0.566883,2.191174,-0.609644
18-Jan-2025 14:39:39.835,-0.605978,2.149635,-0.533896
18-Jan-2025 14:39:39.851,-0.64263,2.119702,-0.548557
18-Jan-2025 14:39:39.868,-0.587041,2.094657,-0.54367
18-Jan-2025 14:39:39.884,-0.561996,2.377487,-0.50824
18-Jan-2025 14:39:39.900,-0.626748,2.480113,-0.454484
18-Jan-2025 14:39:39.916,-0.770912,2.55586,-0.34575
18-Jan-2025 14:39:39.932,-0.874148,2.654209,-0.248011
18-Jan-2025 14:39:39.948,-0.929126,2.715296,-0.172875
18-Jan-2025 14:39:39.964,-0.919963,2.747672,-0.083689
18-Jan-2025 14:39:39.980,-0.891252,2.791043,-0.0281
18-Jan-2025 14:39:39.996,-0.872316,2.910773,-0.026267
18-Jan-2025 14:39:40.012,-0.766025,2.877786,-0.060476
18-Jan-2025 14:39:40.028,-0.546114,2.793487,-0.172875
18-Jan-2025 14:39:40.044,-0.47281,2.785546,-0.182649
18-Jan-2025 14:39:40.061,-0.480751,2.789822,-0.156382
18-Jan-2025 14:39:40.076,-0.477086,2.828917,-0.122784
18-Jan-2025 14:39:40.093,-0.455095,2.928488,-0.102014
18-Jan-2025 14:39:40.109,-0.45204,2.944981,-0.175318
18-Jan-2025 14:39:40.125,-0.409891,2.801428,-0.241903
18-Jan-2025 14:39:40.141,-0.370795,2.628553,-0.166155
18-Jan-2025 14:39:40.157,-0.304211,2.479502,-0.02138
18-Jan-2025 14:39:40.173,-0.171653,2.324953,0.117897
18-Jan-2025 14:39:40.189,-0.062919,2.208278,0.203418
18-Jan-2025 14:39:40.205,0.034819,2.088548,0.312763
18-Jan-2025 14:39:40.222,0.072693,2.009747,0.368963
18-Jan-2025 14:39:40.237,0.109345,1.951104,0.420886
18-Jan-2025 14:39:40.253,0.122784,1.935221,0.451429
18-Jan-2025 14:39:40.269,0.113621,1.917506,0.478918
18-Jan-2025 14:39:40.286,0.132558,1.888184,0.436769
18-Jan-2025 14:39:40.302,0.186314,1.792889,0.422719
18-Jan-2025 14:39:40.318,0.189979,1.766622,0.40256
18-Jan-2025 14:39:40.334,0.182649,1.74402,0.387899
18-Jan-2025 14:39:40.350,0.149051,1.700649,0.368352
18-Jan-2025 14:39:40.366,0.130114,1.648114,0.359189
18-Jan-2025 14:39:40.382,0.167377,1.587028,0.287718
18-Jan-2025 14:39:40.398,0.164323,1.511891,0.21869
18-Jan-2025 14:39:40.414,0.100793,1.426981,0.189979
18-Jan-2025 14:39:40.430,0.09163,1.39827,0.225409
18-Jan-2025 14:39:40.446,0.105069,1.395216,0.197309
18-Jan-2025 14:39:40.463,0.17654,1.165531,0.202807
18-Jan-2025 14:39:40.478,0.216857,0.960891,0.249844
18-Jan-2025 14:39:40.494,0.2474,0.911411,0.282831
18-Jan-2025 14:39:40.510,0.307265,0.918741,0.292604
18-Jan-2025 14:39:40.527,0.434936,0.817949,0.175929
18-Jan-2025 14:39:40.543,0.484416,0.835053,0.114232
18-Jan-2025 14:39:40.559,0.444099,0.949285,0.080023
18-Jan-2025 14:39:40.575,0.334143,1.025643,0.07025
18-Jan-2025 14:39:40.591,0.062919,1.150259,0.051924
18-Jan-2025 14:39:40.607,-0.048869,1.039082,-0.004276
18-Jan-2025 14:39:40.623,-0.075747,0.920574,-0.037874
18-Jan-2025 14:39:40.639,-0.015882,0.750753,-0.08491
18-Jan-2025 14:39:40.655,0.102625,0.634078,-0.073304
18-Jan-2025 14:39:40.671,0.151495,0.593761,-0.032376
18-Jan-2025 14:39:40.687,0.147219,0.554666,-0.00733
18-Jan-2025 14:39:40.704,0.062308,0.471588,0.055589
18-Jan-2025 14:39:40.720,-0.023824,0.476475,0.14111
18-Jan-2025 14:39:40.736,-0.081245,0.50152,0.136834
18-Jan-2025 14:39:40.752,-0.121562,0.462425,0.117897
18-Jan-2025 14:39:40.768,-0.212581,0.414167,0.130114
18-Jan-2025 14:39:40.784,-0.243124,0.329867,0.109345
18-Jan-2025 14:39:40.800,-0.335976,0.24007,0.076969
18-Jan-2025 14:39:40.816,-0.43066,0.203418,0.095295
18-Jan-2025 14:39:40.832,-0.500299,0.138666,0.108734
18-Jan-2025 14:39:40.848,-0.525955,0.092241,0.120951
18-Jan-2025 14:39:40.865,-0.552222,0.078191,0.145386
18-Jan-2025 14:39:40.880,-0.547946,0.105069,0.20464
18-Jan-2025 14:39:40.896,-0.498466,0.108734,0.235794
18-Jan-2025 14:39:40.913,-0.376293,0.083078,0.23274
18-Jan-2025 14:39:40.928,-0.293826,0.061697,0.229074
18-Jan-2025 14:39:40.944,-0.225409,-0.032987,0.191201
18-Jan-2025 14:39:40.961,-0.182649,-0.12034,0.136223
18-Jan-2025 14:39:40.977,-0.15516,-0.203418,0.044593
18-Jan-2025 14:39:40.993,-0.154549,-0.270613,-0.011606
18-Jan-2025 14:39:41.009,-0.14844,-0.259007,-0.036652
18-Jan-2025 14:39:41.025,-0.138666,-0.222966,-0.048258
18-Jan-2025 14:39:41.041,-0.096517,-0.23274,-0.089797
18-Jan-2025 14:39:41.057,-0.013439,-0.257785,-0.164934
18-Jan-2025 14:39:41.073,0.047037,-0.24679,-0.203418
18-Jan-2025 14:39:41.089,0.114232,-0.169821,-0.214414
18-Jan-2025 14:39:41.106,0.154549,-0.16249,-0.251676
18-Jan-2025 14:39:41.122,0.195477,-0.193033,-0.302989
18-Jan-2025 14:39:41.138,0.168599,-0.174097,-0.293215
18-Jan-2025 14:39:41.153,0.101404,-0.072082,-0.244957
18-Jan-2025 14:39:41.170,0.115454,0.040317,-0.262672
18-Jan-2025 14:39:41.186,0.139277,0.001222,-0.38118
18-Jan-2025 14:39:41.202,0.170431,-0.003665,-0.433714
18-Jan-2025 14:39:41.218,0.339641,0.036041,-0.499077
18-Jan-2025 14:39:41.234,0.552222,0.030543,-0.599259
18-Jan-2025 14:39:41.250,0.49419,0.053145,-0.56505
18-Jan-2025 14:39:41.265,0.279165,0.169821,-0.454484
18-Jan-2025 14:39:41.282,0.145386,0.219911,-0.336587
18-Jan-2025 14:39:41.298,0.136223,0.302378,-0.208916
18-Jan-2025 14:39:41.314,0.174097,0.444099,-0.139888
18-Jan-2025 14:39:41.330,0.151495,0.830166,-0.025656
18-Jan-2025 14:39:41.347,0.117897,1.117272,0.051924
18-Jan-2025 14:39:41.363,0.066584,1.342682,0.122784
18-Jan-2025 14:39:41.379,-0.004276,1.410488,0.142332
18-Jan-2025 14:39:41.395,-0.014661,1.318247,0.205251
18-Jan-2025 14:39:41.411,0.139888,1.015869,0.345139
18-Jan-2025 14:39:41.427,0.239459,0.839329,0.363465
18-Jan-2025 14:39:41.443,0.280387,0.781297,0.318261
18-Jan-2025 14:39:41.459,0.210749,0.824057,0.210138
18-Jan-2025 14:39:41.475,-0.038485,0.880868,-0.064141
18-Jan-2025 14:39:41.491,-0.306043,0.970054,-0.058032
18-Jan-2025 14:39:41.507,-0.531453,1.074512,0.138056
18-Jan-2025 14:39:41.523,-0.503964,0.974941,0.179594
18-Jan-2025 14:39:41.539,-0.24679,0.634078,0.181427
18-Jan-2025 14:39:41.555,-0.017104,0.38851,0.194866
18-Jan-2025 14:39:41.572,0.171042,0.196088,0.213803
18-Jan-2025 14:39:41.588,0.280998,0.095906,0.252898
18-Jan-2025 14:39:41.603,0.250455,0.098349,0.309098
18-Jan-2025 14:39:41.620,0.128282,0.112399,0.350637
18-Jan-2025 14:39:41.636,0.045815,0.10568,0.345139
18-Jan-2025 14:39:41.652,0,0.094073,0.337808
18-Jan-2025 14:39:41.668,0.008552,0.032376,0.304822
18-Jan-2025 14:39:41.684,0.050702,-0.097738,0.189979
18-Jan-2025 14:39:41.700,0.094073,-0.178373,0.095295
18-Jan-2025 14:39:41.716,0.147219,-0.269392,0.067195
18-Jan-2025 14:39:41.732,0.168599,-0.3317,0.092852
18-Jan-2025 14:39:41.748,0.199753,-0.403171,0.132558
18-Jan-2025 14:39:41.764,0.233961,-0.448375,0.156382
18-Jan-2025 14:39:41.780,0.240681,-0.478307,0.180205
18-Jan-2025 14:39:41.796,0.215025,-0.554666,0.180816
18-Jan-2025 14:39:41.812,0.230907,-0.632246,0.169821
18-Jan-2025 14:39:41.829,0.323148,-0.731206,0.136834
18-Jan-2025 14:39:41.844,0.410501,-0.780075,0.133169
18-Jan-2025 14:39:41.861,0.45204,-0.787405,0.149662
18-Jan-2025 14:39:41.877,0.372628,-0.76236,0.158825
18-Jan-2025 14:39:41.893,0.182038,-0.664621,0.173486
18-Jan-2025 14:39:41.909,-0.008552,-0.596204,0.184481
18-Jan-2025 14:39:41.925,-0.242514,-0.720821,0.168599
18-Jan-2025 14:39:41.941,-0.280998,-0.864374,0.150273
18-Jan-2025 14:39:41.957,-0.248622,-0.993878,0.09163
18-Jan-2025 14:39:41.973,-0.211359,-1.229672,-0.031765
18-Jan-2025 14:39:41.990,-0.202807,-1.389108,-0.122784
18-Jan-2025 14:39:42.005,-0.185703,-1.476461,-0.11301
18-Jan-2025 14:39:42.022,-0.192423,-1.431257,0.022602
18-Jan-2025 14:39:42.038,-0.262672,-1.163087,0.186314
18-Jan-2025 14:39:42.054,-0.312152,-0.990213,0.273668
18-Jan-2025 14:39:42.070,-0.257785,-0.907135,0.252287
18-Jan-2025 14:39:42.086,-0.133779,-0.954172,0.170431
18-Jan-2025 14:39:42.102,-0.019548,-1.10139,-0.018937
18-Jan-2025 14:39:42.118,-0.040317,-1.20035,-0.156382
18-Jan-2025 14:39:42.134,-0.16249,-1.265713,-0.215635
18-Jan-2025 14:39:42.150,-0.331089,-1.204015,-0.143553
18-Jan-2025 14:39:42.166,-0.40928,-1.111164,-0.138056
18-Jan-2025 14:39:42.182,-0.43799,-1.032362,-0.344528
18-Jan-2025 14:39:42.198,-0.378736,-0.959669,-0.394619
18-Jan-2025 14:39:42.214,-0.308487,-0.835053,-0.373239
18-Jan-2025 14:39:42.231,-0.324369,-0.754419,-0.361021
18-Jan-2025 14:39:42.246,-0.335365,-0.680504,-0.339641
18-Jan-2025 14:39:42.263,-0.291383,-0.646906,-0.343917
18-Jan-2025 14:39:42.279,-0.225409,-0.636522,-0.396452
18-Jan-2025 14:39:42.295,-0.188147,-0.560163,-0.436158
18-Jan-2025 14:39:42.311,-0.157603,-0.448375,-0.421497
18-Jan-2025 14:39:42.327,-0.130114,-0.290161,-0.368963
18-Jan-2025 14:39:42.343,-0.102014,-0.200364,-0.324369
18-Jan-2025 14:39:42.359,-0.00672,-0.131947,-0.315817
18-Jan-2025 14:39:42.375,0.080634,-0.13439,-0.337808
18-Jan-2025 14:39:42.391,0.139277,-0.095906,-0.362854
18-Jan-2025 14:39:42.407,0.139888,-0.060476,-0.341474
18-Jan-2025 14:39:42.423,0.161879,0.012217,-0.290772
18-Jan-2025 14:39:42.439,0.26145,0.030543,-0.292604
18-Jan-2025 14:39:42.455,0.503964,-0.006109,-0.408058
18-Jan-2025 14:39:42.472,0.529009,-0.027489,-0.490525
18-Jan-2025 14:39:42.487,0.302989,-0.048869,-0.417221
18-Jan-2025 14:39:42.504,-0.04215,0.072693,-0.071471
18-Jan-2025 14:39:42.520,-0.068417,0.241292,0.12034
18-Jan-2025 14:39:42.536,0.173486,0.424551,0.100182
18-Jan-2025 14:39:42.552,0.369573,0.474031,-0.027489
18-Jan-2025 14:39:42.568,0.343917,0.53634,-0.09163
18-Jan-2025 14:39:42.584,0.161879,0.6072,-0.093462
18-Jan-2025 14:39:42.600,0.025656,0.630413,-0.069639
18-Jan-2025 14:39:42.616,0.076358,0.570548,-0.017104
18-Jan-2025 14:39:42.632,0.192423,0.408058,0.112399
18-Jan-2025 14:39:42.648,0.220522,0.343306,0.20464
18-Jan-2025 14:39:42.664,0.188757,0.337198,0.260229
18-Jan-2025 14:39:42.680,0.107512,0.318261,0.267559
18-Jan-2025 14:39:42.697,0.061087,0.278555,0.22602
18-Jan-2025 14:39:42.713,0.017104,0.264505,0.062308
18-Jan-2025 14:39:42.728,-0.043371,0.265726,-0.080023
18-Jan-2025 14:39:42.745,-0.141721,0.248622,-0.179594
18-Jan-2025 14:39:42.761,-0.158214,0.149662,-0.217468
18-Jan-2025 14:39:42.777,-0.09896,-0.075136,-0.24679
18-Jan-2025 14:39:42.793,-0.012217,-0.220522,-0.244346
18-Jan-2025 14:39:42.809,-0.022602,-0.436158,-0.241903
18-Jan-2025 14:39:42.825,-0.096517,-0.531453,-0.2474
18-Jan-2025 14:39:42.841,-0.142332,-0.49419,-0.239459
18-Jan-2025 14:39:42.857,-0.166155,-0.436158,-0.244346
18-Jan-2025 14:39:42.873,-0.205862,-0.511294,-0.287718
18-Jan-2025 14:39:42.889,-0.26145,-0.598648,-0.324369
18-Jan-2025 14:39:42.905,-0.3036,-0.657291,-0.332922
18-Jan-2025 14:39:42.921,-0.348804,-0.938289,-0.428827
18-Jan-2025 14:39:42.938,-0.342695,-1.08001,-0.491136
18-Jan-2025 14:39:42.954,-0.287107,-1.064738,-0.393397
18-Jan-2025 14:39:42.970,-0.26817,-1.042136,-0.372017
18-Jan-2025 14:39:42.986,-0.222355,-1.025032,-0.420886
18-Jan-2025 14:39:43.002,-0.143553,-0.956615,-0.394008
18-Jan-2025 14:39:43.018,-0.057421,-0.831388,-0.309709
18-Jan-2025 14:39:43.034,0.019548,-0.835053,-0.333532
18-Jan-2025 14:39:43.050,0.043982,-0.883311,-0.357356
18-Jan-2025 14:39:43.066,0.03543,-0.833831,-0.25412
18-Jan-2025 14:39:43.082,0.041539,-0.814894,-0.150884
18-Jan-2025 14:39:43.098,0.224188,-0.866207,-0.058643
18-Jan-2025 14:39:43.115,0.43066,-0.921185,0.006109
18-Jan-2025 14:39:43.130,0.64935,-0.999376,0.102014
18-Jan-2025 14:39:43.147,0.709825,-1.017091,0.150884
18-Jan-2025 14:39:43.163,0.657291,-0.998765,0.178373
18-Jan-2025 14:39:43.179,0.575435,-0.982882,0.178984
18-Jan-2025 14:39:43.195,0.446543,-0.939511,0.185092
18-Jan-2025 14:39:43.211,0.350637,-0.964556,0.266337
18-Jan-2025 14:39:43.227,0.284663,-0.980439,0.320704
18-Jan-2025 14:39:43.243,0.263283,-0.992656,0.459982
18-Jan-2025 14:39:43.259,0.235794,-0.97433,0.551611
18-Jan-2025 14:39:43.275,0.241903,-0.945619,0.615141
18-Jan-2025 14:39:43.291,0.317039,-0.9108,0.588263
18-Jan-2025 14:39:43.307,0.403171,-0.838107,0.546114
18-Jan-2025 14:39:43.323,0.408669,-0.745256,0.555277
18-Jan-2025 14:39:43.339,0.42394,-0.671341,0.576046
18-Jan-2025 14:39:43.356,0.470366,-0.728151,0.554666
18-Jan-2025 14:39:43.372,0.504575,-0.885144,0.519846
18-Jan-2025 14:39:43.388,0.415999,-0.98105,0.431271
18-Jan-2025 14:39:43.403,0.272446,-0.877813,0.511294
18-Jan-2025 14:39:43.420,0.117897,-0.568105,0.644463
18-Jan-2025 14:39:43.436,0.015272,-0.344528,0.588874
18-Jan-2025 14:39:43.452,-0.053145,-0.239459,0.327424
18-Jan-2025 14:39:43.468,-0.037263,-0.138056,0.177151
18-Jan-2025 14:39:43.484,-0.054367,0.041539,0.191812
18-Jan-2025 14:39:43.500,-0.106901,0.08491,0.185092
18-Jan-2025 14:39:43.516,-0.125838,0.128282,0.18326
18-Jan-2025 14:39:43.532,-0.106901,0.131947,0.174097
18-Jan-2025 14:39:43.548,-0.093462,0.142332,0.14111
18-Jan-2025 14:39:43.564,-0.090408,0.241903,0.113621
18-Jan-2025 14:39:43.580,-0.085521,0.379958,0.145386
18-Jan-2025 14:39:43.597,-0.078191,0.533285,0.178373
18-Jan-2025 14:39:43.612,-0.037874,0.576046,0.158214
18-Jan-2025 14:39:43.629,0.061087,0.552833,0.091019
18-Jan-2025 14:39:43.645,0.128893,0.392175,-0.009774
18-Jan-2025 14:39:43.661,0.212581,0.394619,-0.09896
18-Jan-2025 14:39:43.677,0.260839,0.483194,-0.10568
18-Jan-2025 14:39:43.693,0.198531,0.526566,-0.152105
18-Jan-2025 14:39:43.709,0.16921,0.568105,-0.175929
18-Jan-2025 14:39:43.725,0.160658,0.670119,-0.189368
18-Jan-2025 14:39:43.741,0.095906,0.858266,-0.19792
18-Jan-2025 14:39:43.757,0.045815,1.048856,-0.200364
18-Jan-2025 14:39:43.773,0.074526,1.219287,-0.245568
18-Jan-2025 14:39:43.789,0.202196,1.211957,-0.314596
18-Jan-2025 14:39:43.805,0.354302,1.057408,-0.425162
18-Jan-2025 14:39:43.821,0.329256,1.083064,-0.533896
18-Jan-2025 14:39:43.838,0.160658,1.185079,-0.561996
18-Jan-2025 14:39:43.854,0.01405,1.29198,-0.482584
18-Jan-2025 14:39:43.870,-0.120951,1.317636,-0.362854
18-Jan-2025 14:39:43.886,-0.166155,1.343293,-0.29627
18-Jan-2025 14:39:43.902,-0.196699,1.401936,-0.280387
18-Jan-2025 14:39:43.918,-0.24007,1.539991,-0.250455
18-Jan-2025 14:39:43.933,-0.256563,1.690875,-0.189979
18-Jan-2025 14:39:43.950,-0.307876,1.822822,-0.107512
18-Jan-2025 14:39:43.966,-0.335365,1.871691,-0.029322
18-Jan-2025 14:39:43.982,-0.292604,1.836872,0.082467
18-Jan-2025 14:39:43.998,-0.2474,1.712866,0.113621
18-Jan-2025 14:39:44.014,-0.218079,1.621236,0.11301
18-Jan-2025 14:39:44.030,-0.203418,1.717142,0.13439
18-Jan-2025 14:39:44.046,-0.21869,1.888184,0.166155
18-Jan-2025 14:39:44.062,-0.253509,1.972484,0.177762
18-Jan-2025 14:39:44.079,-0.403171,1.966986,0.116064
18-Jan-2025 14:39:44.094,-0.502131,2.015244,0.042761
18-Jan-2025 14:39:44.111,-0.536951,2.070222,0.032987
18-Jan-2025 14:39:44.127,-0.507018,2.11115,0.052534
18-Jan-2025 14:39:44.143,-0.442266,2.060448,0.062308
18-Jan-2025 14:39:44.159,-0.335976,1.88513,0.055589
18-Jan-2025 14:39:44.175,-0.252898,1.726305,0.054978
18-Jan-2025 14:39:44.191,-0.157603,1.596802,0.099571
18-Jan-2025 14:39:44.207,-0.110567,1.572978,0.155771
18-Jan-2025 14:39:44.223,-0.071471,1.497842,0.170431
18-Jan-2025 14:39:44.240,-0.061697,1.435533,0.163712
18-Jan-2025 14:39:44.255,-0.039706,1.374447,0.177762
18-Jan-2025 14:39:44.271,0.028711,1.243722,0.208916
18-Jan-2025 14:39:44.287,0.074526,1.131933,0.259007
18-Jan-2025 14:39:44.303,0.119119,0.988991,0.328645
18-Jan-2025 14:39:44.320,0.147219,0.874759,0.381791
18-Jan-2025 14:39:44.335,0.18387,0.745256,0.450208
18-Jan-2025 14:39:44.352,0.250455,0.660345,0.48686
18-Jan-2025 14:39:44.368,0.434936,0.613309,0.495412
18-Jan-2025 14:39:44.384,0.52229,0.563218,0.46609
18-Jan-2025 14:39:44.400,0.336587,0.632856,0.455095
18-Jan-2025 14:39:44.416,0.125227,0.751975,0.454484
18-Jan-2025 14:39:44.432,0.008552,0.809396,0.424551
18-Jan-2025 14:39:44.448,0.037874,0.83994,0.371406
18-Jan-2025 14:39:44.464,0.079412,0.799012,0.266948
18-Jan-2025 14:39:44.481,0.143553,0.717767,0.108123
18-Jan-2025 14:39:44.496,0.233351,0.760527,0.067195
18-Jan-2025 14:39:44.513,0.343917,0.899805,0.038485
18-Jan-2025 14:39:44.529,0.383013,0.973719,0.051313
18-Jan-2025 14:39:44.545,0.309709,1.131322,0.07025
18-Jan-2025 14:39:44.561,0.191201,1.247387,0.109345
18-Jan-2025 14:39:44.577,0.038485,1.452638,0.207083
18-Jan-2025 14:39:44.593,0.054367,1.470963,0.103847
18-Jan-2025 14:39:44.609,0.032376,1.552819,-0.030543
18-Jan-2025 14:39:44.625,-0.036041,1.65911,-0.064141
18-Jan-2025 14:39:44.641,-0.084299,1.778229,-0.087354
18-Jan-2025 14:39:44.657,-0.130725,1.96271,-0.086132
18-Jan-2025 14:39:44.673,-0.152716,2.104431,-0.047037
18-Jan-2025 14:39:44.689,-0.119119,2.270586,0.015272
18-Jan-2025 14:39:44.705,-0.067195,2.378098,0.034208
18-Jan-2025 14:39:44.722,0.010996,2.495384,0.066584
18-Jan-2025 14:39:44.738,0.034208,2.55586,0.100182
18-Jan-2025 14:39:44.754,0.09163,2.616947,0.108734
18-Jan-2025 14:39:44.770,0.146608,2.626721,0.095906
18-Jan-2025 14:39:44.785,0.189979,2.626721,0.061087
18-Jan-2025 14:39:44.802,0.226631,2.616947,0.019548
18-Jan-2025 14:39:44.818,0.25412,2.629164,-0.031765
18-Jan-2025 14:39:44.834,0.263894,2.698192,-0.08491
18-Jan-2025 14:39:44.850,0.273668,2.748893,-0.118508
18-Jan-2025 14:39:44.866,0.315817,2.808147,-0.136834
18-Jan-2025 14:39:44.882,0.362243,2.844189,-0.167377
18-Jan-2025 14:39:44.898,0.418443,2.870456,-0.224188
18-Jan-2025 14:39:44.914,0.447764,2.898556,-0.262672
18-Jan-2025 14:39:44.930,0.466701,2.917492,-0.309709
18-Jan-2025 14:39:44.946,0.485638,2.915049,-0.370795
18-Jan-2025 14:39:44.963,0.549168,2.948036,-0.488081
18-Jan-2025 14:39:44.978,0.565661,3.006068,-0.602313
18-Jan-2025 14:39:44.995,0.474031,3.080593,-0.671952
18-Jan-2025 14:39:45.011,0.204029,3.182608,-0.535118
18-Jan-2025 14:39:45.027,0.029932,2.997516,-0.475864
18-Jan-2025 14:39:45.043,-0.062308,2.780658,-0.40256
18-Jan-2025 14:39:45.059,-0.098349,2.745229,-0.403171
18-Jan-2025 14:39:45.075,-0.16249,2.800817,-0.461203
18-Jan-2025 14:39:45.091,-0.24679,2.811813,-0.47281
18-Jan-2025 14:39:45.107,-0.415999,2.861293,-0.464258
18-Jan-2025 14:39:45.123,-0.50091,2.898556,-0.368963
18-Jan-2025 14:39:45.139,-0.453262,2.868012,-0.259007
18-Jan-2025 14:39:45.155,-0.306043,2.622444,-0.319483
18-Jan-2025 14:39:45.171,-0.154549,2.402533,-0.336587
18-Jan-2025 14:39:45.187,-0.072693,2.403144,-0.218079
18-Jan-2025 14:39:45.204,-0.075747,2.436741,-0.136834
18-Jan-2025 14:39:45.220,0.002443,2.598621,0.034208
18-Jan-2025 14:39:45.236,0.094073,2.503326,0.112399
18-Jan-2025 14:39:45.252,0.210749,2.244319,0.080634
18-Jan-2025 14:39:45.268,0.2474,2.187508,0.041539
18-Jan-2025 14:39:45.284,0.16921,2.108096,0.171653
18-Jan-2025 14:39:45.300,0.135612,2.007914,0.223577
18-Jan-2025 14:39:45.316,0.151495,1.795333,0.229074
18-Jan-2025 14:39:45.332,0.214414,1.657277,0.278555
18-Jan-2025 14:39:45.348,0.195477,1.656056,0.243735
18-Jan-2025 14:39:45.365,0.08491,1.657277,0.196088
18-Jan-2025 14:39:45.380,0.004887,1.658499,0.177151
18-Jan-2025 14:39:45.396,-0.037263,1.707979,0.161268
18-Jan-2025 14:39:45.412,-0.0281,1.773953,0.160658
18-Jan-2025 14:39:45.428,0.015272,1.781894,0.133779
18-Jan-2025 14:39:45.445,0.075136,1.65911,0.095295
18-Jan-2025 14:39:45.461,0.175929,1.536937,0.07086
18-Jan-2025 14:39:45.477,0.199142,1.415986,0.151495
18-Jan-2025 14:39:45.493,0.235183,1.387275,0.227242
18-Jan-2025 14:39:45.509,0.288328,1.378112,0.259007
18-Jan-2025 14:39:45.525,0.317039,1.374447,0.268781
18-Jan-2025 14:39:45.541,0.313985,1.31336,0.258396
18-Jan-2025 14:39:45.557,0.313374,1.266324,0.25412
18-Jan-2025 14:39:45.573,0.37385,1.287093,0.265726
18-Jan-2025 14:39:45.589,0.42333,1.287093,0.270002
18-Jan-2025 14:39:45.606,0.455095,1.213178,0.255342
18-Jan-2025 14:39:45.621,0.506407,1.109942,0.224188
18-Jan-2025 14:39:45.637,0.587041,1.014647,0.180205
18-Jan-2025 14:39:45.654,0.618806,0.984104,0.153327
18-Jan-2025 14:39:45.670,0.624304,0.98838,0.128893
18-Jan-2025 14:39:45.686,0.598648,0.984104,0.10568
18-Jan-2025 14:39:45.702,0.530842,0.967611,0.075136
18-Jan-2025 14:39:45.718,0.400117,0.970054,0.054367
18-Jan-2025 14:39:45.734,0.318872,0.994489,0.053756
18-Jan-2025 14:39:45.750,0.215025,0.919352,-0.003665
18-Jan-2025 14:39:45.766,0.138666,0.825279,-0.023213
18-Jan-2025 14:39:45.782,0.058032,0.709825,-0.014661
18-Jan-2025 14:39:45.798,0.050702,0.653015,0.003054
18-Jan-2025 14:39:45.814,0.075747,0.5791,0.029322
18-Jan-2025 14:39:45.830,0.069639,0.517403,0.046426
18-Jan-2025 14:39:45.847,0.006109,0.43799,0.072693
18-Jan-2025 14:39:45.863,-0.066584,0.371406,0.100793
18-Jan-2025 14:39:45.879,-0.171042,0.298713,0.087965
18-Jan-2025 14:39:45.894,-0.309709,0.287718,0.182649
18-Jan-2025 14:39:45.911,-0.349415,0.266948,0.242514
18-Jan-2025 14:39:45.927,-0.34575,0.282831,0.312763
18-Jan-2025 14:39:45.943,-0.340863,0.323759,0.378126
18-Jan-2025 14:39:45.959,-0.368352,0.322537,0.413556
18-Jan-2025 14:39:45.975,-0.407447,0.221744,0.425162
18-Jan-2025 14:39:45.991,-0.466701,-0.041539,0.398895
18-Jan-2025 14:39:46.007,-0.467923,-0.239459,0.352469
18-Jan-2025 14:39:46.023,-0.419664,-0.398895,0.308487
18-Jan-2025 14:39:46.039,-0.39523,-0.481973,0.291994
18-Jan-2025 14:39:46.055,-0.412334,-0.581544,0.248011
18-Jan-2025 14:39:46.072,-0.44471,-0.64263,0.205251
18-Jan-2025 14:39:46.088,-0.456316,-0.683558,0.204029
18-Jan-2025 14:39:46.104,-0.428827,-0.771523,0.123395
18-Jan-2025 14:39:46.119,-0.313985,-0.88942,-0.024435
18-Jan-2025 14:39:46.136,-0.19059,-0.96028,-0.143553
18-Jan-2025 14:39:46.152,-0.196088,-0.978606,-0.171653
18-Jan-2025 14:39:46.168,-0.218079,-1.00976,-0.177151
18-Jan-2025 14:39:46.184,-0.219301,-0.988991,-0.092852
18-Jan-2025 14:39:46.200,-0.175929,-0.911411,-0.048869
18-Jan-2025 14:39:46.216,-0.152716,-0.818559,-0.044593
18-Jan-2025 14:39:46.232,-0.12706,-0.737314,-0.093462
18-Jan-2025 14:39:46.248,-0.108123,-0.736704,-0.20464
18-Jan-2025 14:39:46.264,-0.103236,-0.751364,-0.365908
18-Jan-2025 14:39:46.280,-0.135001,-0.678671,-0.560163
18-Jan-2025 14:39:46.296,-0.158825,-0.505796,-0.556498
18-Jan-2025 14:39:46.312,-0.180816,-0.5791,-0.448375
18-Jan-2025 14:39:46.329,-0.168599,-0.754419,-0.364687
18-Jan-2025 14:39:46.344,-0.051313,-0.965167,-0.262061
18-Jan-2025 14:39:46.361,0.029322,-1.007928,-0.241903
18-Jan-2025 14:39:46.377,0.059254,-1.007928,-0.215635
18-Jan-2025 14:39:46.393,0.067195,-0.921796,-0.211359
18-Jan-2025 14:39:46.409,0.037874,-0.721432,-0.298102
18-Jan-2025 14:39:46.425,0.03543,-0.545503,-0.31093
18-Jan-2025 14:39:46.441,0.081245,-0.453873,-0.323148
18-Jan-2025 14:39:46.457,0.156382,-0.304211,-0.403171
18-Jan-2025 14:39:46.473,0.086743,-0.19059,-0.433714
18-Jan-2025 14:39:46.490,0.058643,-0.214414,-0.49419
18-Jan-2025 14:39:46.505,-0.029322,-0.215635,-0.475253
18-Jan-2025 14:39:46.521,-0.104458,-0.025045,-0.329867
18-Jan-2025 14:39:46.537,-0.136834,0.280387,-0.255342
18-Jan-2025 14:39:46.554,-0.102625,0.43738,-0.306654
18-Jan-2025 14:39:46.570,-0.08491,0.478307,-0.315817
18-Jan-2025 14:39:46.586,-0.072082,0.671952,-0.200975
18-Jan-2025 14:39:46.601,-0.025656,0.816116,-0.087965
18-Jan-2025 14:39:46.618,0.043371,0.896139,0.001833
18-Jan-2025 14:39:46.634,0.110567,0.902859,0.058643
18-Jan-2025 14:39:46.650,0.127671,0.831388,0.051924
18-Jan-2025 14:39:46.666,0.087965,0.770912,0.079412
18-Jan-2025 14:39:46.682,0.038485,0.812451,0.116064
18-Jan-2025 14:39:46.698,0.038485,0.980439,0.120951
18-Jan-2025 14:39:46.714,0.061087,1.088562,0.097738
18-Jan-2025 14:39:46.731,0.050702,1.17164,0.041539
18-Jan-2025 14:39:46.746,-0.001222,1.196685,0.045815
18-Jan-2025 14:39:46.763,-0.071471,1.205237,0.094073
18-Jan-2025 14:39:46.779,-0.069028,1.191187,0.167988
18-Jan-2025 14:39:46.795,-0.010996,1.142318,0.241903
18-Jan-2025 14:39:46.811,0.088575,1.048856,0.274278
18-Jan-2025 14:39:46.827,0.145997,1.001819,0.264505
18-Jan-2025 14:39:46.843,0.156992,1.050077,0.285885
18-Jan-2025 14:39:46.859,0.128282,1.089784,0.335365
18-Jan-2025 14:39:46.875,0.076358,1.102612,0.403782
18-Jan-2025 14:39:46.891,0.072693,1.151481,0.442877
18-Jan-2025 14:39:46.907,0.096517,1.216844,0.457538
18-Jan-2025 14:39:46.923,0.033598,1.177748,0.447764
18-Jan-2025 14:39:46.939,-0.0562,1.084286,0.463036
18-Jan-2025 14:39:46.955,-0.037263,1.01648,0.482584
18-Jan-2025 14:39:46.972,0.007941,0.918741,0.459982
18-Jan-2025 14:39:46.987,0.03543,0.756862,0.400728
18-Jan-2025 14:39:47.004,0.023824,0.597426,0.386067
18-Jan-2025 14:39:47.020,0.023824,0.316428,0.384234
18-Jan-2025 14:39:47.036,0.068417,0.16921,0.409891
18-Jan-2025 14:39:47.052,0.172264,0,0.472199
18-Jan-2025 14:39:47.068,0.237016,-0.165544,0.533285
18-Jan-2025 14:39:47.084,0.277944,-0.36713,0.566272
18-Jan-2025 14:39:47.100,0.287107,-0.475864,0.548557
18-Jan-2025 14:39:47.116,0.302378,-0.682336,0.505796
18-Jan-2025 14:39:47.132,0.329867,-0.775188,0.45204
18-Jan-2025 14:39:47.148,0.372017,-0.832609,0.375682
18-Jan-2025 14:39:47.164,0.378126,-0.869261,0.228464
18-Jan-2025 14:39:47.180,0.31093,-0.880868,0.157603
18-Jan-2025 14:39:47.196,0.136834,-1.042136,0.18387
18-Jan-2025 14:39:47.213,0.020769,-1.113607,0.33903
18-Jan-2025 14:39:47.229,-0.152105,-1.162477,0.426995
18-Jan-2025 14:39:47.245,-0.356134,-1.170418,0.264505
18-Jan-2025 14:39:47.261,-0.489914,-1.098947,-0.069028
18-Jan-2025 14:39:47.277,-0.369573,-1.03053,-0.238848
18-Jan-2025 14:39:47.293,-0.017715,-0.905302,-0.284663
18-Jan-2025 14:39:47.309,0.200364,-0.83994,-0.189979
18-Jan-2025 14:39:47.325,0.301157,-0.72021,-0.064141
18-Jan-2025 14:39:47.341,0.301767,-0.514959,0.07086
18-Jan-2025 14:39:47.357,0.209527,-0.439212,0.163101
18-Jan-2025 14:39:47.373,0.02138,-0.67806,0.167988
18-Jan-2025 14:39:47.389,-0.118508,-0.867429,0.09896
18-Jan-2025 14:39:47.405,-0.132558,-0.449597,0.177151
18-Jan-2025 14:39:47.421,-0.072693,-0.122173,0.204029
18-Jan-2025 14:39:47.437,-0.117286,0.021991,0.089186
18-Jan-2025 14:39:47.454,-0.210138,0.021991,-0.111788
18-Jan-2025 14:39:47.470,-0.214414,0.21869,-0.235794
18-Jan-2025 14:39:47.486,-0.186314,0.273057,-0.251066
18-Jan-2025 14:39:47.502,-0.19792,0.235794,-0.244346
18-Jan-2025 14:39:47.518,-0.189368,0.094684,-0.219911
18-Jan-2025 14:39:47.534,-0.14844,0.010996,-0.200975
18-Jan-2025 14:39:47.550,-0.114232,-0.06353,-0.128282
18-Jan-2025 14:39:47.566,-0.11973,-0.068417,-0.067195
18-Jan-2025 14:39:47.582,-0.124006,-0.009774,-0.027489
18-Jan-2025 14:39:47.598,-0.114232,0.059254,-0.02138
18-Jan-2025 14:39:47.615,-0.09163,0.136834,-0.069028
18-Jan-2025 14:39:47.630,-0.087965,0.150884,-0.104458
18-Jan-2025 14:39:47.646,-0.095295,0.144775,-0.102014
18-Jan-2025 14:39:47.662,-0.082467,0.130725,-0.118508
18-Jan-2025 14:39:47.679,-0.072082,0.100182,-0.167988
18-Jan-2025 14:39:47.695,-0.053756,0.161879,-0.20464
18-Jan-2025 14:39:47.711,-0.092241,0.227242,-0.207694
18-Jan-2025 14:39:47.727,-0.172264,0.285885,-0.189979
18-Jan-2025 14:39:47.743,-0.170431,0.386067,-0.173486
18-Jan-2025 14:39:47.759,-0.147219,0.62858,-0.21869
18-Jan-2025 14:39:47.775,-0.120951,0.570548,-0.252287
18-Jan-2025 14:39:47.791,-0.16249,0.58582,-0.235794
18-Jan-2025 14:39:47.807,-0.214414,0.694554,-0.213803
18-Jan-2025 14:39:47.823,-0.185092,0.756251,-0.260229
18-Jan-2025 14:39:47.839,-0.0562,0.73426,-0.351248
18-Jan-2025 14:39:47.856,0.131336,0.738536,-0.453262
18-Jan-2025 14:39:47.871,0.094073,0.789849,-0.524122
18-Jan-2025 14:39:47.887,-0.095906,0.893696,-0.507018
18-Jan-2025 14:39:47.903,-0.304822,1.040303,-0.356134
18-Jan-2025 14:39:47.919,-0.334754,1.110553,-0.200364
18-Jan-2025 14:39:47.936,-0.249233,1.134377,-0.072082
18-Jan-2025 14:39:47.952,-0.200975,1.061684,-0.116064
18-Jan-2025 14:39:47.968,-0.150273,1.140485,-0.273057
18-Jan-2025 14:39:47.984,-0.135001,1.424538,-0.36713
18-Jan-2025 14:39:48.000,-0.160658,1.825265,-0.341474
18-Jan-2025 14:39:48.016,-0.180816,1.945606,-0.272446
18-Jan-2025 14:39:48.032,-0.152716,1.868637,-0.163101
18-Jan-2025 14:39:48.048,-0.001833,1.63101,0.029932
18-Jan-2025 14:39:48.064,0.128282,1.377501,0.228464
18-Jan-2025 14:39:48.080,0.203418,1.147816,0.459371
18-Jan-2025 14:39:48.097,0.243124,1.158811,0.560163
18-Jan-2025 14:39:48.112,0.121562,1.095281,0.481362
18-Jan-2025 14:39:48.128,-0.020159,1.01648,0.26817
18-Jan-2025 14:39:48.144,-0.175929,1.139264,0.130114
18-Jan-2025 14:39:48.160,-0.194255,1.238224,0.069639
18-Jan-2025 14:39:48.177,-0.126449,1.091005,-0.037263
18-Jan-2025 14:39:48.193,-0.027489,0.926683,-0.108123
18-Jan-2025 14:39:48.209,0.059254,0.789238,-0.101404
18-Jan-2025 14:39:48.225,0.07758,0.656069,0.00733
18-Jan-2025 14:39:48.241,0.039706,0.674395,0.102625
18-Jan-2025 14:39:48.257,-0.047647,0.778242,0.223577
18-Jan-2025 14:39:48.273,-0.106901,0.794125,0.326202
18-Jan-2025 14:39:48.289,-0.108734,0.704938,0.391565
18-Jan-2025 14:39:48.305,-0.010385,0.562607,0.338419
18-Jan-2025 14:39:48.321,0.149051,0.381791,0.209527
18-Jan-2025 14:39:48.338,0.243735,0.241292,0.197309
18-Jan-2025 14:39:48.354,0.342085,0.097738,0.231518
18-Jan-2025 14:39:48.370,0.387289,0.020159,0.288939
18-Jan-2025 14:39:48.386,0.412945,0.003054,0.323148
18-Jan-2025 14:39:48.402,0.434936,-0.14844,0.42333
18-Jan-2025 14:39:48.418,0.435547,-0.253509,0.458149
18-Jan-2025 14:39:48.434,0.429438,-0.526566,0.40928
18-Jan-2025 14:39:48.450,0.469145,-0.708604,0.386067
18-Jan-2025 14:39:48.466,0.612698,-0.759916,0.401949
18-Jan-2025 14:39:48.482,0.624304,-0.86132,0.347582
18-Jan-2025 14:39:48.498,0.489914,-1.151481,0.231518
18-Jan-2025 14:39:48.514,0.362243,-1.234559,0.218079
18-Jan-2025 14:39:48.530,0.173486,-1.172861,0.180816
18-Jan-2025 14:39:48.546,0.032987,-1.189965,0.059254
18-Jan-2025 14:39:48.562,-0.097738,-1.324967,-0.095906
18-Jan-2025 14:39:48.579,-0.150273,-1.363451,-0.288328
18-Jan-2025 14:39:48.594,-0.020769,-1.169807,-0.41661
18-Jan-2025 14:39:48.610,0.198531,-0.894918,-0.524733
18-Jan-2025 14:39:48.626,0.273668,-0.782518,-0.541227
18-Jan-2025 14:39:48.643,0.136834,-0.68478,-0.516792
18-Jan-2025 14:39:48.659,0.048258,-0.985326,-0.43799
18-Jan-2025 14:39:48.675,0.046426,-1.331075,-0.340863
18-Jan-2025 14:39:48.691,0.133169,-1.509448,-0.33903
18-Jan-2025 14:39:48.707,0.081856,-1.562593,-0.320093
18-Jan-2025 14:39:48.723,-0.086743,-1.423927,-0.334143
18-Jan-2025 14:39:48.739,-0.281609,-1.091005,-0.50091
18-Jan-2025 14:39:48.755,-0.349415,-0.904081,-0.573602
18-Jan-2025 14:39:48.771,-0.354302,-0.74831,-0.583987
18-Jan-2025 14:39:48.787,-0.28955,-0.620639,-0.538783
18-Jan-2025 14:39:48.803,-0.215635,-0.617585,-0.457538
18-Jan-2025 14:39:48.820,-0.11301,-0.673173,-0.260229
18-Jan-2025 14:39:48.836,-0.047647,-0.720821,-0.160658
18-Jan-2025 14:39:48.852,0.004887,-0.79046,-0.082467
18-Jan-2025 14:39:48.868,0.027489,-0.810618,-0.020769
18-Jan-2025 14:39:48.884,0.022602,-0.766636,0.023213
18-Jan-2025 14:39:48.900,0.005498,-0.698219,0.003665
18-Jan-2025 14:39:48.916,0,-0.602313,-0.023824
18-Jan-2025 14:39:48.932,0.03543,-0.459371,-0.091019
18-Jan-2025 14:39:48.948,0.079412,-0.369573,-0.16249
18-Jan-2025 14:39:48.964,0.101404,-0.306654,-0.213803
18-Jan-2025 14:39:48.981,0.08491,-0.260229,-0.218079
18-Jan-2025 14:39:48.996,0.104458,-0.151495,-0.230907
18-Jan-2025 14:39:49.012,0.103236,-0.073915,-0.240681
18-Jan-2025 14:39:49.028,0.048258,0.008552,-0.291383
18-Jan-2025 14:39:49.044,0.002443,0.125838,-0.33903
18-Jan-2025 14:39:49.061,0.074526,0.276722,-0.454484
18-Jan-2025 14:39:49.077,0.122173,0.399506,-0.548557
18-Jan-2025 14:39:49.093,0.013439,0.570548,-0.557109
18-Jan-2025 14:39:49.109,-0.232129,0.591318,-0.42394
18-Jan-2025 14:39:49.125,-0.346361,0.531453,-0.273668
18-Jan-2025 14:39:49.141,-0.384845,0.620028,-0.184481
18-Jan-2025 14:39:49.157,-0.321926,0.766025,-0.208916
18-Jan-2025 14:39:49.173,-0.287718,0.998154,-0.200364
18-Jan-2025 14:39:49.189,-0.354913,1.147205,-0.135612
18-Jan-2025 14:39:49.205,-0.408058,1.227228,0.018326
18-Jan-2025 14:39:49.222,-0.398895,1.250441,0.139888
18-Jan-2025 14:39:49.237,-0.372628,1.244333,0.293826
18-Jan-2025 14:39:49.253,-0.332311,1.277319,0.412334
18-Jan-2025 14:39:49.269,-0.226631,1.370782,0.624304
18-Jan-2025 14:39:49.286,-0.117286,1.449583,0.681115
18-Jan-2025 14:39:49.302,-0.023824,1.466687,0.64935
18-Jan-2025 14:39:49.318,0.02138,1.604132,0.610865
18-Jan-2025 14:39:49.334,-0.023824,1.773953,0.611476
18-Jan-2025 14:39:49.350,-0.133169,1.87108,0.464868
18-Jan-2025 14:39:49.366,-0.177151,1.844813,0.265116
18-Jan-2025 14:39:49.382,-0.216857,1.794722,0.058643
18-Jan-2025 14:39:49.398,-0.268781,1.761124,-0.022602
18-Jan-2025 14:39:49.414,-0.238237,1.783116,-0.094684
18-Jan-2025 14:39:49.430,-0.150273,1.709201,-0.129503
18-Jan-2025 14:39:49.446,-0.080634,1.545489,-0.151495
18-Jan-2025 14:39:49.463,-0.069028,1.452638,-0.136223
18-Jan-2025 14:39:49.478,-0.07086,1.427592,-0.07025
18-Jan-2025 14:39:49.495,-0.092241,1.368338,-0.00672
18-Jan-2025 14:39:49.511,-0.086132,1.318858,-0.003054
18-Jan-2025 14:39:49.527,-0.031765,1.240667,-0.004887
18-Jan-2025 14:39:49.543,0.017104,1.155757,-0.031765
18-Jan-2025 14:39:49.559,0.092852,1.021367,0.029322
18-Jan-2025 14:39:49.575,0.19792,0.868039,0.211359
18-Jan-2025 14:39:49.591,0.323148,0.721432,0.311541
18-Jan-2025 14:39:49.607,0.373239,0.592539,0.335976
18-Jan-2025 14:39:49.624,0.435547,0.2474,0.400117
18-Jan-2025 14:39:49.639,0.468534,-0.036041,0.447153
18-Jan-2025 14:39:49.655,0.481973,-0.175929,0.48686
18-Jan-2025 14:39:49.671,0.5791,-0.125227,0.513127
18-Jan-2025 14:39:49.688,0.716545,-0.034208,0.561385
18-Jan-2025 14:39:49.704,0.675006,0.061087,0.608422
18-Jan-2025 14:39:49.720,0.455095,0.010996,0.67745
18-Jan-2025 14:39:49.736,0.187536,-0.030543,0.353691
18-Jan-2025 14:39:49.752,0.165544,-0.200364,0.196699
18-Jan-2025 14:39:49.768,0.222355,-0.260229,0.144775
18-Jan-2025 14:39:49.784,0.24679,-0.184481,0.10568
18-Jan-2025 14:39:49.800,0.263894,-0.048869,0.05681
18-Jan-2025 14:39:49.816,0.365297,0.026267,-0.025656
18-Jan-2025 14:39:49.832,0.516792,0.014661,-0.069639
18-Jan-2025 14:39:49.848,0.631024,-0.020769,-0.180205
18-Jan-2025 14:39:49.865,0.563218,0.053145,-0.182038
18-Jan-2025 14:39:49.881,0.342085,0.333532,-0.149051
18-Jan-2025 14:39:49.897,0.210749,0.512516,-0.16249
18-Jan-2025 14:39:49.913,0.11973,0.61392,-0.28955
18-Jan-2025 14:39:49.929,0.083689,0.744034,-0.378126
18-Jan-2025 14:39:49.945,0.021991,0.941343,-0.442877
18-Jan-2025 14:39:49.961,-0.017104,1.120327,-0.448986
18-Jan-2025 14:39:49.977,0.023213,1.339628,-0.434325
18-Jan-2025 14:39:49.993,0.073915,1.512502,-0.408669
18-Jan-2025 14:39:50.009,0.04215,1.720196,-0.351248
18-Jan-2025 14:39:50.025,-0.01405,1.875967,-0.28222
18-Jan-2025 14:39:50.041,-0.026267,2.006082,-0.205862
18-Jan-2025 14:39:50.057,0.00672,2.069612,-0.139888
18-Jan-2025 14:39:50.073,0.031154,2.067779,-0.120951
18-Jan-2025 14:39:50.089,0.07758,2.156354,-0.098349
18-Jan-2025 14:39:50.106,0.106901,2.269975,-0.069639
18-Jan-2025 14:39:50.122,0.112399,2.387872,-0.04948
18-Jan-2025 14:39:50.138,0.111177,2.448959,-0.06353
18-Jan-2025 14:39:50.154,0.111177,2.4288,-0.130114
18-Jan-2025 14:39:50.170,0.099571,2.483167,-0.167377
18-Jan-2025 14:39:50.186,0.086743,2.64016,-0.202196
18-Jan-2025 14:39:50.202,0.113621,2.698803,-0.232129
18-Jan-2025 14:39:50.218,0.161268,2.727513,-0.277333
18-Jan-2025 14:39:50.234,0.260229,2.791043,-0.351858
18-Jan-2025 14:39:50.250,0.315817,2.87351,-0.383013
18-Jan-2025 14:39:50.266,0.287718,2.990185,-0.370184
18-Jan-2025 14:39:50.282,0.266337,3.010344,-0.342085
18-Jan-2025 14:39:50.298,0.284052,2.961475,-0.324369
18-Jan-2025 14:39:50.314,0.35308,2.96514,-0.408058
18-Jan-2025 14:39:50.331,0.469145,3.038444,-0.673784
18-Jan-2025 14:39:50.347,0.397062,3.051272,-0.707382
18-Jan-2025 14:39:50.362,0.039706,3.018896,-0.737314
18-Jan-2025 14:39:50.379,-0.140499,2.995683,-0.64935
18-Jan-2025 14:39:50.395,-0.20464,2.902221,-0.493579
18-Jan-2025 14:39:50.411,-0.204029,2.73912,-0.450208
18-Jan-2025 14:39:50.427,-0.263894,2.61206,-0.428217
18-Jan-2025 14:39:50.443,-0.392786,2.559525,-0.397673
18-Jan-2025 14:39:50.459,-0.445932,2.519819,-0.366519
18-Jan-2025 14:39:50.475,-0.417832,2.4569,-0.305433
18-Jan-2025 14:39:50.491,-0.375071,2.379931,-0.25412
18-Jan-2025 14:39:50.508,-0.405004,2.44285,0.054367
18-Jan-2025 14:39:50.524,-0.474031,2.567467,0.246179
18-Jan-2025 14:39:50.539,-0.561385,2.510656,0.32498
18-Jan-2025 14:39:50.555,-0.563829,2.331673,0.271835
18-Jan-2025 14:39:50.572,-0.492968,2.153911,0.142332
18-Jan-2025 14:39:50.588,-0.375682,2.073888,-0.130114
18-Jan-2025 14:39:50.604,-0.308487,2.252871,-0.170431
18-Jan-2025 14:39:50.620,-0.175929,2.404366,-0.172264
18-Jan-2025 14:39:50.636,-0.079412,2.37199,-0.182038
18-Jan-2025 14:39:50.652,0.06353,2.296242,-0.174707
18-Jan-2025 14:39:50.668,0.215635,2.309071,-0.136834
18-Jan-2025 14:39:50.684,0.290772,2.299297,-0.051313
18-Jan-2025 14:39:50.700,0.268781,2.256536,0.037874
18-Jan-2025 14:39:50.716,0.277944,2.175902,0.116675
18-Jan-2025 14:39:50.732,0.274278,2.063503,0.135001
18-Jan-2025 14:39:50.749,0.230907,2.006082,0.097738
18-Jan-2025 14:39:50.765,0.164323,2.004249,0.106901
18-Jan-2025 14:39:50.781,0.135001,1.99081,0.168599
18-Jan-2025 14:39:50.797,0.146608,1.97004,0.210138
18-Jan-2025 14:39:50.813,0.198531,2.006082,0.169821
18-Jan-2025 14:39:50.829,0.238237,1.976149,0.141721
18-Jan-2025 14:39:50.845,0.225409,1.932778,0.139888
18-Jan-2025 14:39:50.861,0.221744,1.841148,0.138056
18-Jan-2025 14:39:50.877,0.238237,1.795944,0.161268
18-Jan-2025 14:39:50.893,0.274278,1.726305,0.206472
18-Jan-2025 14:39:50.909,0.26817,1.653001,0.211359
18-Jan-2025 14:39:50.925,0.257174,1.569313,0.211359
18-Jan-2025 14:39:50.941,0.233351,1.425149,0.194255
18-Jan-2025 14:39:50.957,0.219301,1.298089,0.160047
18-Jan-2025 14:39:50.974,0.238237,1.237613,0.114232
18-Jan-2025 14:39:50.990,0.235183,1.185689,0.078191
18-Jan-2025 14:39:51.006,0.226631,1.137431,0.071471
18-Jan-2025 14:39:51.022,0.246179,1.102612,0.083689
18-Jan-2025 14:39:51.038,0.269392,1.022588,0.067806
18-Jan-2025 14:39:51.054,0.280998,0.972497,0.033598
18-Jan-2025 14:39:51.070,0.363465,0.962724,-0.010996
18-Jan-2025 14:39:51.086,0.449597,0.939511,-0.067195
18-Jan-2025 14:39:51.102,0.477086,0.920574,-0.137445
18-Jan-2025 14:39:51.118,0.397673,0.998765,-0.229685
18-Jan-2025 14:39:51.134,0.319483,1.088562,-0.253509
18-Jan-2025 14:39:51.151,0.232129,1.003652,-0.298713
18-Jan-2025 14:39:51.166,0.203418,0.928515,-0.332311
18-Jan-2025 14:39:51.182,0.154549,0.857655,-0.330478
18-Jan-2025 14:39:51.198,0.12706,0.809396,-0.274278
18-Jan-2025 14:39:51.214,0.113621,0.682336,-0.320093
18-Jan-2025 14:39:51.231,0.09163,0.629802,-0.284663
18-Jan-2025 14:39:51.247,0.075747,0.555887,-0.178984
18-Jan-2025 14:39:51.263,0.100793,0.470366,-0.106291
18-Jan-2025 14:39:51.279,0.139277,0.375071,-0.082467
18-Jan-2025 14:39:51.295,0.142332,0.342695,-0.007941
18-Jan-2025 14:39:51.311,0.075136,0.28955,0.000611
18-Jan-2025 14:39:51.327,-0.028711,0.263894,0.008552
18-Jan-2025 14:39:51.343,-0.107512,0.231518,0.022602
18-Jan-2025 14:39:51.359,-0.28222,0.082467,0.051313
18-Jan-2025 14:39:51.375,-0.379347,0.031765,0.097128
18-Jan-2025 14:39:51.392,-0.407447,0.128282,0.163101
18-Jan-2025 14:39:51.408,-0.414777,0.180816,0.202196
18-Jan-2025 14:39:51.423,-0.451429,0.141721,0.257174
18-Jan-2025 14:39:51.439,-0.447764,0.129503,0.297491
18-Jan-2025 14:39:51.456,-0.37385,0.163101,0.295048
18-Jan-2025 14:39:51.472,-0.331089,0.109956,0.220522
18-Jan-2025 14:39:51.488,-0.28955,0.119119,0.149051
18-Jan-2025 14:39:51.504,-0.213192,0.238848,0.092241
18-Jan-2025 14:39:51.520,-0.187536,0.302989,0.039095
18-Jan-2025 14:39:51.536,-0.167988,0.332311,-0.039706
18-Jan-2025 14:39:51.552,-0.114843,0.36041,-0.068417
18-Jan-2025 14:39:51.568,0.004276,0.434325,-0.089797
18-Jan-2025 14:39:51.584,0.064752,0.479529,-0.099571
18-Jan-2025 14:39:51.601,0.03543,0.386067,-0.150884
18-Jan-2025 14:39:51.617,0.002443,0.274889,-0.228464
18-Jan-2025 14:39:51.633,0.058032,0.21869,-0.301767
18-Jan-2025 14:39:51.649,0.108123,0.213803,-0.313985
18-Jan-2025 14:39:51.664,0.138666,0.200975,-0.322537
18-Jan-2025 14:39:51.681,0.147829,0.19059,-0.35308
18-Jan-2025 14:39:51.697,0.129503,0.193644,-0.387899
18-Jan-2025 14:39:51.713,0.116675,0.127671,-0.426995
18-Jan-2025 14:39:51.729,0.131947,0.048258,-0.448986
18-Jan-2025 14:39:51.745,0.185092,0.062308,-0.500299
18-Jan-2025 14:39:51.761,0.299935,0.072082,-0.589485
18-Jan-2025 14:39:51.777,0.54367,0.062308,-0.739758
18-Jan-2025 14:39:51.793,0.526566,-0.048869,-0.852768
18-Jan-2025 14:39:51.809,0.370795,-0.133169,-0.785573
18-Jan-2025 14:39:51.825,0.32498,-0.189368,-0.604146
18-Jan-2025 14:39:51.841,0.338419,-0.269392,-0.379958
18-Jan-2025 14:39:51.858,0.33903,-0.370795,-0.219301
18-Jan-2025 14:39:51.874,0.290772,-0.408669,-0.130725
18-Jan-2025 14:39:51.890,0.239459,-0.369573,-0.040928
18-Jan-2025 14:39:51.906,0.238848,-0.272446,0.009774
18-Jan-2025 14:39:51.922,0.256563,-0.20464,0.081245
18-Jan-2025 14:39:51.937,0.293215,-0.202807,0.127671
18-Jan-2025 14:39:51.954,0.313374,-0.238848,0.298713
18-Jan-2025 14:39:51.970,0.227242,-0.288328,0.364687
18-Jan-2025 14:39:51.986,0.150884,-0.298102,0.317039
18-Jan-2025 14:39:52.002,0.175929,-0.182649,0.238848
18-Jan-2025 14:39:52.018,0.139888,-0.078802,0.19059
18-Jan-2025 14:39:52.035,0.059254,0.516181,0.127671
18-Jan-2025 14:39:52.050,0.012217,0.906524,0.059254
18-Jan-2025 14:39:52.066,-0.117286,0.715934,-0.018937
18-Jan-2025 14:39:52.083,-0.16249,0.328645,-0.03543
18-Jan-2025 14:39:52.099,-0.164323,-0.271835,-0.034819
18-Jan-2025 14:39:52.115,-0.175318,-0.51557,0.001833
18-Jan-2025 14:39:52.131,-0.226631,-0.459982,0.133779
18-Jan-2025 14:39:52.147,-0.274889,-0.315817,0.216857
18-Jan-2025 14:39:52.163,-0.307876,-0.212581,0.334754
18-Jan-2025 14:39:52.179,-0.334754,-0.258396,0.401949
18-Jan-2025 14:39:52.195,-0.401949,-0.20464,0.34575
18-Jan-2025 14:39:52.211,-0.497855,-0.386678,0.361021
18-Jan-2025 14:39:52.227,-0.502131,-0.604146,0.408058
18-Jan-2025 14:39:52.243,-0.489303,-0.701273,0.45876
18-Jan-2025 14:39:52.259,-0.524733,-0.666454,0.431882
18-Jan-2025 14:39:52.276,-0.44471,-0.651182,0.488081
18-Jan-2025 14:39:52.291,-0.393397,-0.619417,0.575435
18-Jan-2025 14:39:52.307,-0.382402,-0.384845,0.722043
18-Jan-2025 14:39:52.324,-0.406225,-0.297491,0.808175
18-Jan-2025 14:39:52.340,-0.485027,-0.220522,0.980439
18-Jan-2025 14:39:52.356,-0.557109,-0.207083,1.167364
18-Jan-2025 14:39:52.372,-0.602924,-0.087354,1.35551
18-Jan-2025 14:39:52.388,-0.673784,-0.152716,1.809383
18-Jan-2025 14:39:52.404,-0.711658,-0.019548,1.993864
18-Jan-2025 14:39:52.420,-0.949895,0.518625,1.732414
18-Jan-2025 14:39:52.436,-1.381166,0.592539,1.138653
18-Jan-2025 14:39:52.452,-1.991421,0.390954,0.653626
18-Jan-2025 14:39:52.468,-2.263256,0.12706,0.491136
18-Jan-2025 14:39:52.484,-2.56991,-0.157603,0.260229
18-Jan-2025 14:39:52.500,-2.799595,-0.129503,0.476475
18-Jan-2025 14:39:52.517,-2.979801,-0.020769,0.426995
18-Jan-2025 14:39:52.533,-3.048218,-0.47281,0.237016
18-Jan-2025 14:39:52.548,-3.023783,-0.793514,0.130114
18-Jan-2025 14:39:52.565,-2.71102,-1.017702,0.152105
18-Jan-2025 14:39:52.581,-2.41414,-1.665219,0.175318
18-Jan-2025 14:39:52.597,-2.741563,-1.560761,0.085521
18-Jan-2025 14:39:52.613,-3.07143,-0.791071,0.103847
18-Jan-2025 14:39:52.629,-3.352428,-0.57177,0.475253
18-Jan-2025 14:39:52.645,-3.31089,-1.646893,0.810007
18-Jan-2025 14:39:52.661,-2.729346,-3.017674,0.967
18-Jan-2025 14:39:52.677,-1.660332,-4.0311,0.935846
18-Jan-2025 14:39:52.693,0.481362,-4.3347,1.102612
18-Jan-2025 14:39:52.709,2.043344,-3.96085,0.516181
18-Jan-2025 14:39:52.726,3.401909,-3.213151,-0.202196
18-Jan-2025 14:39:52.742,4.159992,-2.496606,-0.775188
18-Jan-2025 14:39:52.758,3.313944,-2.759889,-1.095892
18-Jan-2025 14:39:52.774,1.46119,-3.117245,-0.26145
18-Jan-2025 14:39:52.790,0.155771,-2.965751,0.956615
18-Jan-2025 14:39:52.806,-1.252885,-4.42633,3.469715
18-Jan-2025 14:39:52.822,-1.238224,-5.486792,5.65539
18-Jan-2025 14:39:52.838,0.761138,-4.068363,9.354179
18-Jan-2025 14:39:52.854,3.164282,-1.297478,12.138503
18-Jan-2025 14:39:52.870,7.122689,1.439809,16.0963
18-Jan-2025 14:39:52.886,8.602816,1.756238,17.905071
18-Jan-2025 14:39:52.902,7.7024,2.073277,18.209892
18-Jan-2025 14:39:52.919,2.911995,-1.067792,13.486072
18-Jan-2025 14:39:52.934,1.839926,-1.391551,10.196563
18-Jan-2025 14:39:52.950,0.67073,-3.431841,4.360356
18-Jan-2025 14:39:52.966,-2.357329,-2.791654,-1.234559
18-Jan-2025 14:39:52.983,-3.687793,1.77945,-5.546046
18-Jan-2025 14:39:52.999,-2.985298,3.739106,-6.277862
18-Jan-2025 14:39:53.015,-1.744631,3.604716,-5.819713
18-Jan-2025 14:39:53.031,-1.033584,2.254704,-4.759251
18-Jan-2025 14:39:53.047,-0.770301,0.968832,-3.210708
18-Jan-2025 14:39:53.063,-0.839329,0.540616,-2.314569
18-Jan-2025 14:39:53.079,-0.838107,0.687223,-1.636508
18-Jan-2025 14:39:53.095,-0.750753,1.096503,-1.438588
18-Jan-2025 14:39:53.111,-0.635911,1.590693,-1.237613
18-Jan-2025 14:39:53.127,-0.476475,2.186898,-0.696997
18-Jan-2025 14:39:53.143,-0.455095,2.444683,0.106291
18-Jan-2025 14:39:53.160,-0.583376,2.397646,1.39094
18-Jan-2025 14:39:53.175,-0.668897,2.089159,2.321288
18-Jan-2025 14:39:53.191,-0.52229,1.393384,3.05738
18-Jan-2025 14:39:53.208,-0.269392,0.473421,3.136793
18-Jan-2025 14:39:53.224,0.120951,-0.64263,3.05738
18-Jan-2025 14:39:53.240,0.435547,-1.071458,3.174667
18-Jan-2025 14:39:53.256,0.773355,-1.048856,3.419013
18-Jan-2025 14:39:53.272,0.726319,-1.100168,3.543018
18-Jan-2025 14:39:53.288,0.372628,-0.873537,3.3677
18-Jan-2025 14:39:53.304,-0.439212,-0.778853,3.00729
18-Jan-2025 14:39:53.320,-0.93218,-0.711658,2.391537
18-Jan-2025 14:39:53.336,-0.83994,0.186925,1.02381
18-Jan-2025 14:39:53.352,-0.456316,0.791681,0.136223
18-Jan-2025 14:39:53.368,0.200975,0.916909,-0.766636
18-Jan-2025 14:39:53.384,0.816727,0.583987,-1.345125
18-Jan-2025 14:39:53.401,1.593137,0.085521,-2.036014
18-Jan-2025 14:39:53.416,1.997529,-0.263283,-2.31579
18-Jan-2025 14:39:53.432,2.244319,-0.534507,-2.448348
18-Jan-2025 14:39:53.449,2.457511,-0.596815,-2.624888
18-Jan-2025 14:39:53.465,2.560747,-0.619417,-2.787378
18-Jan-2025 14:39:53.481,2.626721,-0.758084,-3.038444
18-Jan-2025 14:39:53.497,2.615725,-0.777021,-3.203988
18-Jan-2025 14:39:53.513,2.495384,-0.69211,-3.44528
18-Jan-2025 14:39:53.529,2.37932,-0.370795,-3.610214
18-Jan-2025 14:39:53.545,2.035403,-0.412945,-3.85517
18-Jan-2025 14:39:53.561,1.844813,-0.150273,-3.972457
18-Jan-2025 14:39:53.577,1.536937,-0.07086,-4.103793
18-Jan-2025 14:39:53.593,1.335351,-0.010996,-4.205807
18-Jan-2025 14:39:53.609,1.039693,-0.086743,-4.252844
18-Jan-2025 14:39:53.625,0.848492,-0.100793,-4.188092
18-Jan-2025 14:39:53.642,0.662789,-0.015272,-4.012163
18-Jan-2025 14:39:53.658,0.460592,0.047647,-3.742771
18-Jan-2025 14:39:53.674,0.334754,0.097128,-3.548516
18-Jan-2025 14:39:53.689,0.242514,0.219301,-3.246138
18-Jan-2025 14:39:53.706,0.208916,0.345139,-3.031113
18-Jan-2025 14:39:53.722,0.218079,0.411723,-2.700024
18-Jan-2025 14:39:53.738,0.318872,0.465479,-2.440407
18-Jan-2025 14:39:53.754,0.495412,0.469145,-2.126422
18-Jan-2025 14:39:53.770,0.657291,0.474642,-1.961488
18-Jan-2025 14:39:53.786,0.90347,0.419054,-1.8778
18-Jan-2025 14:39:53.802,1.126436,0.339641,-1.933999
18-Jan-2025 14:39:53.818,1.36284,0.270613,-2.158798
18-Jan-2025 14:39:53.834,1.706758,0.337808,-2.387872
18-Jan-2025 14:39:53.851,1.890628,0.750143,-2.311514
18-Jan-2025 14:39:53.866,1.973095,1.881465,-1.882076
18-Jan-2025 14:39:53.883,1.959045,3.094033,-0.620639
18-Jan-2025 14:39:53.899,1.590082,3.196658,3.606548
18-Jan-2025 14:39:53.914,1.767233,0.439212,8.02738
18-Jan-2025 14:39:53.931,2.917492,-1.544267,11.856283
18-Jan-2025 14:39:53.947,2.506991,0.965167,12.400564
18-Jan-2025 14:39:53.963,0.023824,3.093422,11.015733
18-Jan-2025 14:39:53.979,-2.144748,2.329229,9.497733
18-Jan-2025 14:39:53.995,-5.014593,1.428203,7.60344
18-Jan-2025 14:39:54.011,-8.606481,0.509462,3.682296
18-Jan-2025 14:39:54.027,-9.918619,2.086716,0.412945
18-Jan-2025 14:39:54.043,-10.188622,3.817297,-3.704287
18-Jan-2025 14:39:54.059,-8.911913,5.100114,-6.575964
18-Jan-2025 14:39:54.075,-6.817256,5.446475,-7.343211
18-Jan-2025 14:39:54.091,-5.439755,4.987104,-5.990145
18-Jan-2025 14:39:54.107,-4.58882,3.352428,-3.433674
18-Jan-2025 14:39:54.124,-4.269948,2.565634,-1.684766
18-Jan-2025 14:39:54.140,-3.745215,2.216219,-0.135612
18-Jan-2025 14:39:54.156,-3.297451,2.318233,0.44471
18-Jan-2025 14:39:54.172,-2.744007,2.10382,0.681115
18-Jan-2025 14:39:54.188,-1.902234,1.368949,0.897361
18-Jan-2025 14:39:54.204,-1.339017,0.818559,1.070236
18-Jan-2025 14:39:54.220,-0.894918,0.212581,1.28526
18-Jan-2025 14:39:54.236,-0.803899,-0.153327,1.522276
18-Jan-2025 14:39:54.252,-0.992656,-0.768468,2.098322
18-Jan-2025 14:39:54.268,-1.273654,-1.589471,2.49966
18-Jan-2025 14:39:54.284,-1.41171,-2.455678,2.731179
18-Jan-2025 14:39:54.300,-1.354899,-2.970638,2.620612
18-Jan-2025 14:39:54.316,-1.078177,-3.302948,2.205224
18-Jan-2025 14:39:54.332,-0.729984,-3.146567,1.727527
18-Jan-2025 14:39:54.348,-0.387899,-2.676201,1.154535
18-Jan-2025 14:39:54.365,-0.087354,-1.818546,0.418443
18-Jan-2025 14:39:54.380,-0.015882,-1.254717,-0.048258
18-Jan-2025 14:39:54.397,0.046426,-0.828944,-0.465479
18-Jan-2025 14:39:54.413,0.145386,-0.79046,-0.645685
18-Jan-2025 14:39:54.429,0.470366,-1.061073,-0.765414
18-Jan-2025 14:39:54.445,0.905302,-1.023199,-0.80451
18-Jan-2025 14:39:54.461,1.608408,-0.771523,-0.976163
18-Jan-2025 14:39:54.477,2.070833,-1.012815,-1.207681
18-Jan-2025 14:39:54.493,2.495384,-1.393384,-1.460579
18-Jan-2025 14:39:54.509,2.642603,-1.713477,-1.559539
18-Jan-2025 14:39:54.526,2.679255,-1.838094,-1.501507
18-Jan-2025 14:39:54.542,2.628553,-1.655445,-1.287093
18-Jan-2025 14:39:54.558,2.577851,-1.494176,-1.210735
18-Jan-2025 14:39:54.574,2.590069,-1.357953,-1.05863
18-Jan-2025 14:39:54.590,2.488054,-1.569313,-0.959058
18-Jan-2025 14:39:54.605,2.316401,-1.525331,-1.100779
18-Jan-2025 14:39:54.622,2.161852,-1.339017,-1.400714
18-Jan-2025 14:39:54.638,1.863139,-0.904081,-1.960877
18-Jan-2025 14:39:54.654,1.558317,-0.502742,-2.550973
18-Jan-2025 14:39:54.670,1.118494,0.17654,-3.256523
18-Jan-2025 14:39:54.686,0.759305,0.52229,-3.608992
18-Jan-2025 14:39:54.702,0.413556,0.631024,-3.846008
18-Jan-2025 14:39:54.718,0.103847,0.890031,-3.989561
18-Jan-2025 14:39:54.734,-0.001833,1.328021,-4.028656
18-Jan-2025 14:39:54.750,-0.001833,1.918117,-4.072028
18-Jan-2025 14:39:54.767,0.034819,2.141083,-4.16549
18-Jan-2025 14:39:54.783,0.08491,2.129476,-4.127006
18-Jan-2025 14:39:54.799,0.128893,1.999973,-3.993226
18-Jan-2025 14:39:54.815,0.31032,1.974927,-3.794695
18-Jan-2025 14:39:54.831,0.62125,1.963932,-3.469715
18-Jan-2025 14:39:54.847,1.12949,1.907732,-2.861293
18-Jan-2025 14:39:54.863,1.582752,1.70859,-2.178345
18-Jan-2025 14:39:54.879,2.042733,1.995697,-0.992045
18-Jan-2025 14:39:54.895,1.960877,1.995086,-0.237627
18-Jan-2025 14:39:54.911,1.419651,1.805107,0.523512
18-Jan-2025 14:39:54.928,0.514959,2.533869,2.059838
18-Jan-2025 14:39:54.943,-0.433103,2.900999,3.970013
18-Jan-2025 14:39:54.959,-1.928502,2.817311,7.200269
18-Jan-2025 14:39:54.976,-2.648712,1.966986,9.963212
18-Jan-2025 14:39:54.992,-2.199726,-0.608422,13.988814
18-Jan-2025 14:39:55.008,-1.434922,-1.669495,17.5581
18-Jan-2025 14:39:55.024,1.620015,-1.824044,20.014389
18-Jan-2025 14:39:55.040,3.566842,-4.074471,19.799974
18-Jan-2025 14:39:55.056,3.075096,-6.962031,18.953926
18-Jan-2025 14:39:55.072,3.841121,-4.09463,14.934434
18-Jan-2025 14:39:55.088,4.540561,-1.960877,6.301075
18-Jan-2025 14:39:55.104,4.947398,1.028086,-3.69268
18-Jan-2025 14:39:55.120,3.58639,1.557096,-8.576548
18-Jan-2025 14:39:55.136,1.326799,1.874745,-12.541675
18-Jan-2025 14:39:55.152,-0.407447,2.057394,-14.152526
18-Jan-2025 14:39:55.169,-2.495384,2.065336,-14.73468
18-Jan-2025 14:39:55.185,-3.963905,2.004249,-14.387098
18-Jan-2025 14:39:55.201,-5.376836,2.935818,-13.016316
18-Jan-2025 14:39:55.217,-1.577865,2.179567,4.401895
18-Jan-2025 14:39:55.233,-3.344487,0.945619,-0.548557
18-Jan-2025 14:39:55.249,-2.684753,0.967611,-0.537561
18-Jan-2025 14:39:55.265,-2.508213,2.353664,0.787405
18-Jan-2025 14:39:55.281,-3.044552,2.906497,0.706771
18-Jan-2025 14:39:55.297,-3.350596,3.321274,0.554055
18-Jan-2025 14:39:55.313,-3.192993,3.554625,0.302989
18-Jan-2025 14:39:55.329,-3.21926,3.351818,-0.086132
18-Jan-2025 14:39:55.345,-3.280346,2.89489,-0.479529
18-Jan-2025 14:39:55.362,-1.353677,1.764179,-0.700052
18-Jan-2025 14:39:55.377,0.883922,-1.800831,-0.87537
18-Jan-2025 14:39:55.394,1.981036,-2.920547,-0.595594
18-Jan-2025 14:39:55.410,0.915076,-2.97247,0.10568
18-Jan-2025 14:39:55.426,-0.961502,-1.08001,1.008538
18-Jan-2025 14:39:55.442,-5.28826,2.693305,2.580906
18-Jan-2025 14:39:55.458,-7.675522,4.353026,4.035376
18-Jan-2025 14:39:55.474,-8.954674,2.473393,4.208861
18-Jan-2025 14:39:55.490,-8.529511,-0.902859,3.919922
18-Jan-2025 14:39:55.506,-7.060991,-3.258966,3.574172
18-Jan-2025 14:39:55.522,-3.915035,-6.002362,3.075706
18-Jan-2025 14:39:55.538,-1.593747,-7.493484,2.93704
18-Jan-2025 14:39:55.554,0.513738,-8.373741,2.861904
18-Jan-2025 14:39:55.571,1.464244,-7.814188,2.737898
18-Jan-2025 14:39:55.586,1.948049,-5.837428,2.047009
18-Jan-2025 14:39:55.602,1.594358,-3.712228,0.809396
18-Jan-2025 14:39:55.619,0.701273,-1.557706,-0.489303
18-Jan-2025 14:39:55.635,-0.681726,0.970054,-2.480113
18-Jan-2025 14:39:55.651,-1.368338,2.641381,-3.443447
18-Jan-2025 14:39:55.667,-1.683545,4.26445,-4.006054
18-Jan-2025 14:39:55.683,-1.520444,4.814229,-4.326148
18-Jan-2025 14:39:55.699,-1.060462,4.861266,-4.722599
18-Jan-2025 14:39:55.715,-0.672563,4.692667,-5.031697
18-Jan-2025 14:39:55.731,-0.204029,5.031697,-5.373171
18-Jan-2025 14:39:55.747,0.041539,5.608964,-5.611408
18-Jan-2025 14:39:55.763,0.330478,6.896058,-5.841094
18-Jan-2025 14:39:55.779,0.55039,7.902153,-5.94433
18-Jan-2025 14:39:55.795,0.842383,9.12144,-5.803831
18-Jan-2025 14:39:55.812,1.072679,10.352944,-5.553376
18-Jan-2025 14:39:55.828,1.317025,11.574064,-5.103168
18-Jan-2025 14:39:55.843,1.94866,12.401175,-4.181373
18-Jan-2025 14:39:55.860,2.471561,12.149499,-3.383583
18-Jan-2025 14:39:55.876,3.193604,10.918606,-2.293188
18-Jan-2025 14:39:55.892,3.602883,9.759794,-1.525331
18-Jan-2025 14:39:55.908,4.196033,9.108612,-0.59315
18-Jan-2025 14:39:55.924,4.693889,8.459873,-0.017104
18-Jan-2025 14:39:55.940,5.486792,6.922936,0.618196
18-Jan-2025 14:39:55.956,6.075055,5.745799,1.018923
18-Jan-2025 14:39:55.972,6.670038,4.904026,1.525331
18-Jan-2025 14:39:55.988,6.900334,4.470923,1.823433
18-Jan-2025 14:39:56.004,6.959588,4.28522,2.081829
18-Jan-2025 14:39:56.020,6.563136,3.955353,2.368325
18-Jan-2025 14:39:56.037,5.991366,3.824627,2.54853
18-Jan-2025 14:39:56.053,4.976719,3.966348,2.78127
18-Jan-2025 14:39:56.068,3.940692,3.613268,2.574186
18-Jan-2025 14:39:56.085,2.874732,3.382972,2.24493
18-Jan-2025 14:39:56.101,1.995697,3.574172,2.045788
18-Jan-2025 14:39:56.117,1.034806,4.07386,1.668273
18-Jan-2025 14:39:56.133,0.485027,4.180151,1.400103
18-Jan-2025 14:39:56.149,0.037263,4.025602,1.207681
18-Jan-2025 14:39:56.165,-0.129503,3.51614,1.117883
18-Jan-2025 14:39:56.181,-0.31765,2.699414,0.806953
18-Jan-2025 14:39:56.197,-0.775799,1.263269,-0.093462
18-Jan-2025 14:39:56.214,-1.486235,0.16921,-1.223563
18-Jan-2025 14:39:56.229,-3.010344,-0.412945,-2.78127
18-Jan-2025 14:39:56.245,-4.472755,-0.24679,-3.934583
18-Jan-2025 14:39:56.261,-6.842913,-0.431882,-6.090937
18-Jan-2025 14:39:56.278,-8.705441,-0.620028,-8.547227
18-Jan-2025 14:39:56.294,-10.397537,-1.120938,-12.549616
18-Jan-2025 14:39:56.310,-10.370049,-0.50824,-15.439619
18-Jan-2025 14:39:56.326,-6.999905,-3.717726,-15.557516
18-Jan-2025 14:39:56.342,-4.251622,-3.809356,-12.794573
18-Jan-2025 14:39:56.358,-2.959642,-3.926031,-8.431773
18-Jan-2025 14:39:56.374,-1.196685,-4.326758,-2.318845
18-Jan-2025 14:39:56.390,0.16249,-4.710993,-0.142332
18-Jan-2025 14:39:56.406,1.485624,-3.737273,0.872926
18-Jan-2025 14:39:56.422,2.023797,-2.580906,0.871094
18-Jan-2025 14:39:56.438,2.123978,-2.908329,0.258396
18-Jan-2025 14:39:56.455,1.699427,-3.500258,-0.203418
18-Jan-2025 14:39:56.470,0.698219,-3.799582,-0.627969
18-Jan-2025 14:39:56.486,-0.308487,-3.604716,-0.902248
18-Jan-2025 14:39:56.503,-1.737912,-3.100141,-1.072679
18-Jan-2025 14:39:56.519,-2.554028,-2.870456,-0.977995
18-Jan-2025 14:39:56.535,-2.974914,-3.171001,-0.767247
18-Jan-2025 14:39:56.551,-3.101363,-4.058589,-0.661567
18-Jan-2025 14:39:56.567,-3.216816,-4.245513,-0.958448
18-Jan-2025 14:39:56.583,-3.364646,-4.214359,-1.346958
18-Jan-2025 14:39:56.599,-3.509421,-4.323093,-1.436755
18-Jan-2025 14:39:56.615,-3.665191,-4.666399,-1.448362
18-Jan-2025 14:39:56.631,-3.696346,-4.676785,-1.450805
18-Jan-2025 14:39:56.647,-3.780645,-4.521625,-1.469131
18-Jan-2025 14:39:56.663,-3.898542,-4.403117,-1.213789
18-Jan-2025 14:39:56.679,-4.004222,-3.955353,-0.548557
18-Jan-2025 14:39:56.696,-3.935194,-3.536299,-0.096517
18-Jan-2025 14:39:56.711,-3.690848,-3.172223,0.120951
18-Jan-2025 14:39:56.727,-3.076928,-2.806315,0.069639
18-Jan-2025 14:39:56.743,-2.565634,-2.587625,-0.110567
18-Jan-2025 14:39:56.759,-1.866804,-2.131309,-0.226631
18-Jan-2025 14:39:56.776,-1.317636,-1.398881,-0.25412
18-Jan-2025 14:39:56.792,-0.549168,-0.116675,-0.390954
18-Jan-2025 14:39:56.808,0.003665,0.653015,-0.574213
18-Jan-2025 14:39:56.824,0.655458,0.943787,-0.69211
18-Jan-2025 14:39:56.840,1.112386,0.818559,-0.591318
18-Jan-2025 14:39:56.856,1.783116,0.744645,-0.309709
18-Jan-2025 14:39:56.872,2.221106,0.798401,-0.204029
18-Jan-2025 14:39:56.888,2.565634,0.890031,-0.173486
18-Jan-2025 14:39:56.904,2.954755,1.237002,-0.105069
18-Jan-2025 14:39:56.920,3.217427,1.711644,-0.037263
18-Jan-2025 14:39:56.937,3.44528,2.268143,0.07025
18-Jan-2025 14:39:56.952,3.559512,2.527149,0.142332
18-Jan-2025 14:39:56.969,3.616322,2.71102,0.232129
18-Jan-2025 14:39:56.985,3.679241,2.572354,0.255953
18-Jan-2025 14:39:57.001,3.862501,2.141083,0.200364
18-Jan-2025 14:39:57.017,4.004222,1.784948,0.145386
18-Jan-2025 14:39:57.033,4.019493,1.505783,0.124617
18-Jan-2025 14:39:57.049,3.85517,1.568702,0.18387
18-Jan-2025 14:39:57.065,3.742771,1.96271,0.088575
18-Jan-2025 14:39:57.081,3.524082,2.142915,-0.2474
18-Jan-2025 14:39:57.097,3.280346,2.058005,-0.504575
18-Jan-2025 14:39:57.113,2.822197,1.830152,-1.037249
18-Jan-2025 14:39:57.128,2.328618,1.300532,-1.446529
18-Jan-2025 14:39:57.145,2.173459,-3.853949,-2.580295
18-Jan-2025 14:39:57.161,2.667038,-5.476407,-2.278527
18-Jan-2025 14:39:57.178,4.387845,-4.706106,-1.777618
18-Jan-2025 14:39:57.194,5.593082,-4.360967,-1.598024
18-Jan-2025 14:39:57.210,6.472728,-4.633413,-1.612073
18-Jan-2025 14:39:57.226,6.7073,-4.725043,-1.674993
18-Jan-2025 14:39:57.242,6.579019,-4.342641,-1.885741
18-Jan-2025 14:39:57.258,5.621793,-2.454457,-2.230269
18-Jan-2025 14:39:57.274,4.144721,-0.688445,-2.508213
18-Jan-2025 14:39:57.290,2.595567,-1.339017,-2.631608
18-Jan-2025 14:39:57.306,1.996918,-2.910162,-2.638938
18-Jan-2025 14:39:57.322,1.390329,-3.997502,-2.728735
18-Jan-2025 14:39:57.338,0.906524,-3.839899,-2.833193
18-Jan-2025 14:39:57.354,0.043982,-2.985909,-3.161839
18-Jan-2025 14:39:57.370,-0.648739,-2.086105,-3.547905
18-Jan-2025 14:39:57.386,-1.250441,-1.238224,-3.966959
18-Jan-2025 14:39:57.402,-1.30603,-0.791681,-4.032932
18-Jan-2025 14:39:57.419,-1.141707,-0.103847,-3.782478
18-Jan-2025 14:39:57.435,-0.425773,0.455095,-3.039055
18-Jan-2025 14:39:57.451,0.23274,0.334754,-2.203391
18-Jan-2025 14:39:57.467,-0.872316,1.824044,0.67073
18-Jan-2025 14:39:57.483,-1.32741,1.216233,1.565037
18-Jan-2025 14:39:57.499,-0.955393,0.040317,1.257771
18-Jan-2025 14:39:57.515,-0.399506,-0.334143,0.589485
18-Jan-2025 14:39:57.531,0.041539,-0.513738,-0.48014
18-Jan-2025 14:39:57.547,0.137445,-0.693943,-0.8546
18-Jan-2025 14:39:57.563,-0.020769,-0.660345,-0.996932
18-Jan-2025 14:39:57.580,-0.254731,-0.532064,-1.018312
18-Jan-2025 14:39:57.596,-0.616974,-0.406836,-0.816727
18-Jan-2025 14:39:57.612,-0.836275,-0.260839,-0.574824
18-Jan-2025 14:39:57.628,-1.052521,-0.150884,-0.342695
18-Jan-2025 14:39:57.644,-1.364673,-0.301767,0.04215
18-Jan-2025 14:39:57.660,-1.634675,-0.367741,0.386067
18-Jan-2025 14:39:57.676,-1.897347,-0.24007,0.858266
18-Jan-2025 14:39:57.692,-2.048842,-0.313374,1.266935
18-Jan-2025 14:39:57.708,-2.268754,-0.835053,1.829541
18-Jan-2025 14:39:57.724,-2.561358,-1.141096,2.192395
18-Jan-2025 14:39:57.740,-3.032946,-1.167974,2.671925
18-Jan-2025 14:39:57.756,-3.43123,-0.801455,3.103195
18-Jan-2025 14:39:57.772,-3.771482,0.821614,3.467271
18-Jan-2025 14:39:57.788,-3.633426,2.814256,3.267518
18-Jan-2025 14:39:57.805,-2.862514,4.019493,2.872288
18-Jan-2025 14:39:57.821,-1.179581,5.494122,2.977968
18-Jan-2025 14:39:57.837,0.197309,7.707287,3.280346
18-Jan-2025 14:39:57.853,0.431882,11.916148,1.75807
18-Jan-2025 14:39:57.869,-1.063516,14.056621,-1.094671
18-Jan-2025 14:39:57.885,-0.594372,13.402994,-4.218636
18-Jan-2025 14:39:57.901,0.728151,10.517878,-4.649906
18-Jan-2025 14:39:57.917,-2.447737,7.442171,-2.900388
18-Jan-2025 14:39:57.933,-4.753753,5.767179,-1.668884
18-Jan-2025 14:39:57.949,-2.090992,4.090964,-1.832596
18-Jan-2025 14:39:57.965,0.440434,1.601078,-0.697608
18-Jan-2025 14:39:57.982,1.138042,-0.399506,1.100779
18-Jan-2025 14:39:57.997,1.010371,-1.985923,1.476461
18-Jan-2025 14:39:58.013,1.043969,-2.105653,0.960891
18-Jan-2025 14:39:58.030,1.685988,-0.89675,0.743423
18-Jan-2025 14:39:58.046,2.257147,-0.858266,0.67806
18-Jan-2025 14:39:58.062,2.920547,-1.185079,0.587041
18-Jan-2025 14:39:58.077,3.230866,-1.155757,0.418443
18-Jan-2025 14:39:58.094,3.464217,-0.535118,0.018326
18-Jan-2025 14:39:58.110,3.548516,0.10568,-0.276722
18-Jan-2025 14:39:58.126,3.551571,0.634689,-0.660956
18-Jan-2025 14:39:58.142,3.481932,1.07329,-0.976774
18-Jan-2025 14:39:58.158,3.43795,1.255939,-1.253495
18-Jan-2025 14:39:58.174,3.460552,1.748907,-1.537548
18-Jan-2025 14:39:58.190,3.361591,2.127644,-1.840537
18-Jan-2025 14:39:58.206,3.121521,2.064724,-2.310903
18-Jan-2025 14:39:58.223,2.939484,1.464244,-2.62611
18-Jan-2025 14:39:58.238,2.764776,0.344528,-2.819754
18-Jan-2025 14:39:58.254,2.745229,-0.291994,-2.805093
18-Jan-2025 14:39:58.271,2.941927,-0.852157,-2.750726
18-Jan-2025 14:39:58.287,3.187495,-1.092227,-2.602897
18-Jan-2025 14:39:58.303,3.570507,-1.036638,-2.16063
18-Jan-2025 14:39:58.319,3.763541,-1.094671,-1.817324
18-Jan-2025 14:39:58.335,3.842342,-1.358564,-1.528996
18-Jan-2025 14:39:58.351,3.882659,-1.813048,-1.105055
18-Jan-2025 14:39:58.367,3.86922,-1.990199,-0.878424
18-Jan-2025 14:39:58.383,3.842342,-1.775174,-0.593761
18-Jan-2025 14:39:58.399,3.648698,-1.185689,-0.325591
18-Jan-2025 14:39:58.415,2.927266,0.193033,0.048869
18-Jan-2025 14:39:58.431,1.959045,1.194852,0.128893
18-Jan-2025 14:39:58.447,0.457538,2.031127,0.43799
18-Jan-2025 14:39:58.464,-0.571159,2.787378,0.733649
18-Jan-2025 14:39:58.479,-1.804496,3.652363,1.056797
18-Jan-2025 14:39:58.496,-2.582738,3.874107,1.394605
18-Jan-2025 14:39:58.512,-3.123354,3.795917,1.850311
18-Jan-2025 14:39:58.528,-3.636481,3.667024,2.417194
18-Jan-2025 14:39:58.544,-4.021326,3.257744,2.791654
18-Jan-2025 14:39:58.560,-4.473366,2.511267,3.293785
18-Jan-2025 14:39:58.576,-4.702441,1.937665,3.660915
18-Jan-2025 14:39:58.592,-4.736649,1.08734,4.283998
18-Jan-2025 14:39:58.608,-4.685947,0.488692,4.855768
18-Jan-2025 14:39:58.624,-4.475199,0.017104,5.527719
18-Jan-2025 14:39:58.640,-4.272391,0.060476,5.754961
18-Jan-2025 14:39:58.656,-4.097073,0.055589,5.792224
18-Jan-2025 14:39:58.672,-4.009719,-0.257174,5.626069
18-Jan-2025 14:39:58.688,-3.844786,-0.772745,5.293758
18-Jan-2025 14:39:58.705,-3.571729,-1.384221,4.678006
18-Jan-2025 14:39:58.721,-3.393356,-1.63101,4.109901
18-Jan-2025 14:39:58.737,-3.241251,-1.981036,3.42451
18-Jan-2025 14:39:58.753,-3.171612,-2.204613,3.056159
18-Jan-2025 14:39:58.769,-2.991407,-2.302962,2.561358
18-Jan-2025 14:39:58.785,-2.854573,-2.241875,2.150246
18-Jan-2025 14:39:58.801,-2.705522,-2.042123,1.671327
18-Jan-2025 14:39:58.817,-2.648101,-1.790446,1.335351
18-Jan-2025 14:39:58.833,-2.437352,-1.382388,0.838107
18-Jan-2025 14:39:58.849,-2.147191,-1.287704,0.428827
18-Jan-2025 14:39:58.865,-1.770898,-1.491122,0.060476
18-Jan-2025 14:39:58.881,-1.524109,-1.763568,-0.126449
18-Jan-2025 14:39:58.897,-1.275487,-1.885741,-0.31032
18-Jan-2025 14:39:58.913,-0.870483,-1.639562,-0.494801
18-Jan-2025 14:39:58.930,-0.53634,-1.311528,-0.584598
18-Jan-2025 14:39:58.946,-0.09163,-0.891863,-0.738536
18-Jan-2025 14:39:58.962,0.335976,-0.458149,-0.923017
18-Jan-2025 14:39:58.978,1.064738,0.089797,-1.177748
18-Jan-2025 14:39:58.994,1.685988,0.234572,-1.386053
18-Jan-2025 14:39:59.010,2.27364,-0.557109,-1.809994
18-Jan-2025 14:39:59.026,1.894904,-2.445294,-2.783713
18-Jan-2025 14:39:59.042,1.688432,-2.394592,-3.333492
18-Jan-2025 14:39:59.058,1.747685,-0.763582,-3.693902
18-Jan-2025 14:39:59.074,1.622458,0.023824,-3.495982
18-Jan-2025 14:39:59.090,1.022588,0.071471,-2.74645
18-Jan-2025 14:39:59.107,0.417832,0.307876,-2.10382
18-Jan-2025 14:39:59.122,-0.009774,1.028697,-1.614517
18-Jan-2025 14:39:59.138,-0.010996,1.199739,-1.522887
18-Jan-2025 14:39:59.154,0.243124,0.895528,-1.150259
18-Jan-2025 14:39:59.171,0.67806,0.276722,-0.858266
18-Jan-2025 14:39:59.187,1.354899,-0.439212,-0.500299
18-Jan-2025 14:39:59.203,1.689653,-0.443488,-0.31032
18-Jan-2025 14:39:59.219,1.992032,-0.594372,-0.098349
18-Jan-2025 14:39:59.235,2.176513,-0.852157,-0.191812
18-Jan-2025 14:39:59.251,2.016466,-1.339628,-0.22602
18-Jan-2025 14:39:59.267,1.288315,-1.676214,-0.116675
18-Jan-2025 14:39:59.283,0.490525,-2.243097,-0.031765
18-Jan-2025 14:39:59.299,0.279776,-2.522263,0.048869
18-Jan-2025 14:39:59.315,0.789849,-1.450194,0.389121
18-Jan-2025 14:39:59.331,1.520444,-0.090408,0.441045
18-Jan-2025 14:39:59.348,1.880854,0.610865,0.478307
18-Jan-2025 14:39:59.363,2.176513,1.00976,0.646295
18-Jan-2025 14:39:59.379,2.320066,1.257161,0.782518
18-Jan-2025 14:39:59.396,2.183843,1.189355,0.936456
18-Jan-2025 14:39:59.412,1.890017,0.778853,0.896139
18-Jan-2025 14:39:59.428,1.726305,0.368352,0.728151
18-Jan-2025 14:39:59.444,1.790446,0.064141,0.503353
18-Jan-2025 14:39:59.460,1.942551,0.00733,0.459982
18-Jan-2025 14:39:59.476,2.124589,0.219911,0.485638
18-Jan-2025 14:39:59.492,2.13925,0.427606,0.538783
18-Jan-2025 14:39:59.508,2.073888,0.593761,0.605367
18-Jan-2025 14:39:59.524,2.058616,0.64935,0.615141
18-Jan-2025 14:39:59.541,2.094046,0.651182,0.469145
18-Jan-2025 14:39:59.557,2.071444,0.654237,0.361021
18-Jan-2025 14:39:59.573,1.911397,0.644463,0.296881
18-Jan-2025 14:39:59.589,1.778229,0.709215,0.271224
18-Jan-2025 14:39:59.605,1.601689,0.824057,0.237627
18-Jan-2025 14:39:59.620,1.467298,0.835053,0.201586
18-Jan-2025 14:39:59.637,1.379334,0.803899,0.130725
18-Jan-2025 14:39:59.653,1.208291,0.795957,0.045204
18-Jan-2025 14:39:59.670,0.967,0.752586,0.019548
18-Jan-2025 14:39:59.686,0.599259,0.751975,-0.009774
18-Jan-2025 14:39:59.702,0.32498,0.766636,-0.103847
18-Jan-2025 14:39:59.718,0,0.75564,-0.221133
18-Jan-2025 14:39:59.734,-0.153327,0.675006,-0.274889
18-Jan-2025 14:39:59.751,-0.156992,0.566883,-0.336587
18-Jan-2025 14:39:59.767,-0.144164,0.52962,-0.339641
18-Jan-2025 14:39:59.783,-0.263283,0.425162,-0.324369
18-Jan-2025 14:39:59.799,-0.41661,0.381791,-0.330478
18-Jan-2025 14:39:59.815,-0.652404,0.26817,-0.349415
18-Jan-2025 14:39:59.831,-0.821614,0.091019,-0.38851
18-Jan-2025 14:39:59.847,-0.863763,-0.217468,-0.481362
18-Jan-2025 14:39:59.863,-0.770912,-0.370184,-0.548557
18-Jan-2025 14:39:59.880,-0.665843,-0.442877,-0.567494
18-Jan-2025 14:39:59.896,-0.592539,-0.365908,-0.549779
18-Jan-2025 14:39:59.912,-0.477086,-0.348193,-0.534507
18-Jan-2025 14:39:59.928,-0.257174,-0.449597,-0.565661
18-Jan-2025 14:39:59.944,0.076358,-0.538783,-0.565661
18-Jan-2025 14:39:59.960,0.440434,-0.535118,-0.524122
18-Jan-2025 14:39:59.976,0.592539,-0.421497,-0.490525
18-Jan-2025 14:39:59.993,0.708604,-0.364687,-0.469755
18-Jan-2025 14:40:00.009,0.899805,-0.411723,-0.507018
18-Jan-2025 14:40:00.025,1.16492,-0.405615,-0.540616
18-Jan-2025 14:40:00.041,1.223563,-0.362854,-0.551
18-Jan-2025 14:40:00.057,1.098947,-0.337808,-0.570548
18-Jan-2025 14:40:00.073,0.990823,-0.522901,-0.593761
18-Jan-2025 14:40:00.089,1.099557,-0.872926,-0.588263
18-Jan-2025 14:40:00.105,1.315193,-1.059851,-0.518014
18-Jan-2025 14:40:00.122,1.634675,-1.181413,-0.461203
18-Jan-2025 14:40:00.138,1.8216,-1.127657,-0.41661
18-Jan-2025 14:40:00.154,1.847257,-0.973108,-0.38118
18-Jan-2025 14:40:00.170,1.741577,-1.042747,-0.342695
18-Jan-2025 14:40:00.186,1.585195,-1.185689,-0.306043
18-Jan-2025 14:40:00.202,1.255939,-1.257161,-0.311541
18-Jan-2025 14:40:00.218,0.949285,-1.255328,-0.370795
18-Jan-2025 14:40:00.235,0.611476,-1.211957,-0.45876
18-Jan-2025 14:40:00.251,0.439212,-1.066571,-0.451429
18-Jan-2025 14:40:00.267,0.281609,-0.778242,-0.318261
18-Jan-2025 14:40:00.283,0.156382,-0.643241,-0.213803
18-Jan-2025 14:40:00.299,-0.108734,-0.513738,-0.032376
18-Jan-2025 14:40:00.315,-0.239459,-0.538783,0.053145
18-Jan-2025 14:40:00.331,-0.142332,-0.785573,0.145386
18-Jan-2025 14:40:00.347,0.124617,-0.984715,0.170431
18-Jan-2025 14:40:00.364,0.442266,-1.194242,0.016493
18-Jan-2025 14:40:00.380,0.405004,-1.359175,-0.139888
18-Jan-2025 14:40:00.396,-0.054367,-1.095281,-0.231518
18-Jan-2025 14:40:00.412,-0.498466,-0.935235,-0.708604
18-Jan-2025 14:40:00.428,-0.749532,-0.827722,-1.15087
18-Jan-2025 14:40:00.444,-0.935846,-0.731206,-1.46119
18-Jan-2025 14:40:00.460,-1.026254,-0.578489,-1.426981
18-Jan-2025 14:40:00.477,-1.16492,-0.564439,-0.851546
18-Jan-2025 14:40:00.493,-1.15759,-0.45876,-0.371406
18-Jan-2025 14:40:00.509,-1.048245,-0.205251,-0.18326
18-Jan-2025 14:40:00.525,-0.850935,-0.248011,-0.181427
18-Jan-2025 14:40:00.541,-0.492357,-0.474031,-0.092241
18-Jan-2025 14:40:00.557,-0.285274,-0.532064,-0.008552
18-Jan-2025 14:40:00.573,-0.334143,-0.298102,0.046426
18-Jan-2025 14:40:00.589,-0.504575,-0.174097,0.092852
18-Jan-2025 14:40:00.605,-0.642019,-0.307876,0.234572
18-Jan-2025 14:40:00.622,-0.577879,-0.222966,0.400117
18-Jan-2025 14:40:00.638,-0.265726,0.14111,0.541227
18-Jan-2025 14:40:00.654,-0.031765,0.129503,0.418443
18-Jan-2025 14:40:00.670,0.224798,0.124006,0.266337
18-Jan-2025 14:40:00.686,0.48686,0.073304,0.161268
18-Jan-2025 14:40:00.702,0.482584,0.133779,0.195477
18-Jan-2025 14:40:00.719,0.376293,0.238237,0.478918
18-Jan-2025 14:40:00.734,0.411112,0.38118,0.734871
18-Jan-2025 14:40:00.751,0.733038,0.529009,1.152703
18-Jan-2025 14:40:00.767,1.025032,0.36041,1.251052
18-Jan-2025 14:40:00.783,1.531439,0.304822,1.154535
18-Jan-2025 14:40:00.799,1.867415,0.189368,0.912633
18-Jan-2025 14:40:00.815,1.962099,0.274889,0.566883
18-Jan-2025 14:40:00.831,1.775174,0.48686,0.353691
18-Jan-2025 14:40:00.847,1.326799,0.516792,0.266948
18-Jan-2025 14:40:00.863,0.948674,0.634078,0.348804
18-Jan-2025 14:40:00.880,0.485027,1.017091,0.547946
18-Jan-2025 14:40:00.896,0.141721,1.240667,0.643852
18-Jan-2025 14:40:00.912,-0.097128,1.649336,0.688445
18-Jan-2025 14:40:00.928,-0.259007,2.138028,0.513127
18-Jan-2025 14:40:00.944,-0.158214,2.274251,0.216857
18-Jan-2025 14:40:00.960,-0.010996,2.254704,-0.069028
18-Jan-2025 14:40:00.976,-0.117897,2.153911,-0.017104
18-Jan-2025 14:40:00.992,-0.296881,1.966986,0.240681
18-Jan-2025 14:40:01.008,-0.255342,1.850311,0.414167
18-Jan-2025 14:40:01.025,-0.000611,1.667662,0.627969
18-Jan-2025 14:40:01.041,0.232129,1.495398,0.715934
18-Jan-2025 14:40:01.057,0.530231,1.225396,0.793514
18-Jan-2025 14:40:01.073,0.684169,1.186911,0.744645
18-Jan-2025 14:40:01.089,0.744645,1.314582,0.592539
18-Jan-2025 14:40:01.105,0.71288,1.480127,0.491136
18-Jan-2025 14:40:01.122,0.568105,1.769677,0.369573
18-Jan-2025 14:40:01.137,0.490525,1.816713,0.295659
18-Jan-2025 14:40:01.154,0.456927,1.718975,0.262061
18-Jan-2025 14:40:01.170,0.392786,1.486235,0.262061
18-Jan-2025 14:40:01.186,0.281609,1.381166,0.315206
18-Jan-2025 14:40:01.202,0.125838,1.302976,0.383623
18-Jan-2025 14:40:01.218,0.029322,1.315193,0.38118
18-Jan-2025 14:40:01.234,-0.083689,1.370782,0.342085
18-Jan-2025 14:40:01.250,-0.131947,1.418429,0.32498
18-Jan-2025 14:40:01.266,-0.124006,1.352456,0.308487
18-Jan-2025 14:40:01.283,-0.09163,1.22845,0.256563
18-Jan-2025 14:40:01.299,-0.086743,1.102612,0.199142
18-Jan-2025 14:40:01.315,-0.11973,1.069014,0.209527
18-Jan-2025 14:40:01.331,-0.130114,1.042136,0.315817
18-Jan-2025 14:40:01.347,-0.001833,1.010982,0.384845
18-Jan-2025 14:40:01.363,0.315206,0.890642,0.476475
18-Jan-2025 14:40:01.379,0.52962,0.724486,0.513738
18-Jan-2025 14:40:01.396,0.654237,0.546724,0.545503
18-Jan-2025 14:40:01.412,0.784962,0.398895,0.554055
18-Jan-2025 14:40:01.428,0.951117,0.313374,0.526566
18-Jan-2025 14:40:01.444,1.152703,-0.111788,0.47281
18-Jan-2025 14:40:01.460,1.315193,-0.308487,0.329256
18-Jan-2025 14:40:01.476,1.356121,-0.454484,0.23274
18-Jan-2025 14:40:01.492,1.271821,-0.371406,0.189368
18-Jan-2025 14:40:01.508,1.058019,-0.202196,0.177762
18-Jan-2025 14:40:01.525,0.859487,-0.174707,0.164323
18-Jan-2025 14:40:01.541,0.542448,-0.099571,0.110567
18-Jan-2025 14:40:01.557,0.302989,0.047647,-0.006109
18-Jan-2025 14:40:01.573,0.054978,0.453873,-0.258396
18-Jan-2025 14:40:01.589,-0.04948,0.789238,-0.46609
18-Jan-2025 14:40:01.605,-0.050702,0.975552,-0.722043
18-Jan-2025 14:40:01.621,0.042761,0.989602,-0.76969
18-Jan-2025 14:40:01.637,0.166155,0.929737,-0.688445
18-Jan-2025 14:40:01.654,0.219911,0.79779,-0.442877
18-Jan-2025 14:40:01.670,0.186314,0.693332,-0.189979
18-Jan-2025 14:40:01.686,0.072082,0.51557,0.086132
18-Jan-2025 14:40:01.702,0.008552,0.448986,0.200975
18-Jan-2025 14:40:01.718,-0.03543,0.488692,0.244346
18-Jan-2025 14:40:01.734,-0.051313,0.567494,0.229074
18-Jan-2025 14:40:01.750,-0.045815,0.693332,0.12706
18-Jan-2025 14:40:01.767,-0.050091,0.815505,0
18-Jan-2025 14:40:01.783,-0.113621,1.018923,-0.13439
18-Jan-2025 14:40:01.799,-0.203418,1.123992,-0.171042
18-Jan-2025 14:40:01.815,-0.293826,1.184468,-0.168599
18-Jan-2025 14:40:01.831,-0.313374,1.207681,-0.172875
18-Jan-2025 14:40:01.847,-0.290161,1.267545,-0.171042
18-Jan-2025 14:40:01.863,-0.246179,1.340849,-0.133169
18-Jan-2025 14:40:01.879,-0.17654,1.420262,-0.10568
18-Jan-2025 14:40:01.896,-0.078191,1.464244,0.001222
18-Jan-2025 14:40:01.912,-0.036041,1.456914,0.117897
18-Jan-2025 14:40:01.928,0.050091,1.282817,0.175318
18-Jan-2025 14:40:01.944,0.11973,1.109942,0.206472
18-Jan-2025 14:40:01.960,0.229685,0.93157,0.214414
18-Jan-2025 14:40:01.976,0.288939,0.934013,0.168599
18-Jan-2025 14:40:01.992,0.361632,0.977995,0.059865
18-Jan-2025 14:40:02.009,0.389732,0.999986,-0.020769
18-Jan-2025 14:40:02.025,0.3598,1.004873,-0.09163
18-Jan-2025 14:40:02.041,0.302378,0.976163,-0.09896
18-Jan-2025 14:40:02.057,0.216857,0.873537,-0.069028
18-Jan-2025 14:40:02.073,0.161268,0.847881,-0.078802
18-Jan-2025 14:40:02.089,0.117286,1.048856,-0.222966
18-Jan-2025 14:40:02.105,0.086132,1.190576,-0.365908
18-Jan-2025 14:40:02.121,0.085521,1.077566,-0.51557
18-Jan-2025 14:40:02.138,0.060476,0.912022,-0.545503
18-Jan-2025 14:40:02.154,-0.036041,0.839329,-0.454484
18-Jan-2025 14:40:02.170,-0.182038,0.851546,-0.206472
18-Jan-2025 14:40:02.186,-0.213803,0.843605,-0.045204
18-Jan-2025 14:40:02.202,-0.170431,0.855211,-0.016493
18-Jan-2025 14:40:02.218,-0.117897,0.958448,-0.109956
18-Jan-2025 14:40:02.234,-0.034819,1.149037,-0.266948
18-Jan-2025 14:40:02.250,0.021991,1.204015,-0.306654
18-Jan-2025 14:40:02.267,0.06353,1.139875,-0.130114
18-Jan-2025 14:40:02.283,0.050702,1.058019,0.095295
18-Jan-2025 14:40:02.299,0.027489,0.952339,0.40256
18-Jan-2025 14:40:02.315,0.061087,0.927293,0.547946
18-Jan-2025 14:40:02.331,0.113621,0.977384,0.639576
18-Jan-2025 14:40:02.347,0.122784,1.050077,0.62858
18-Jan-2025 14:40:02.364,0.109956,1.152703,0.486249
18-Jan-2025 14:40:02.380,0.092241,1.244943,0.369573
18-Jan-2025 14:40:02.395,0.076358,1.34146,0.263283
18-Jan-2025 14:40:02.412,0.073304,1.364673,0.177151
18-Jan-2025 14:40:02.428,0.073304,1.322523,0.133169
18-Jan-2025 14:40:02.444,0.018326,1.252885,0.090408
18-Jan-2025 14:40:02.460,-0.060476,1.205848,0.09163
18-Jan-2025 14:40:02.476,-0.184481,1.126436,0.152716
18-Jan-2025 14:40:02.493,-0.222355,1.051299,0.185092
18-Jan-2025 14:40:02.509,-0.171042,0.988991,0.172264
18-Jan-2025 14:40:02.525,-0.107512,0.956004,0.098349
18-Jan-2025 14:40:02.541,-0.085521,0.941954,0
18-Jan-2025 14:40:02.557,-0.116064,0.969443,-0.017104
18-Jan-2025 14:40:02.573,-0.171042,0.999986,-0.01405
18-Jan-2025 14:40:02.589,-0.175318,0.963335,0.013439
18-Jan-2025 14:40:02.606,-0.083078,0.885144,0.042761
18-Jan-2025 14:40:02.622,0.018326,0.81184,0.058643
18-Jan-2025 14:40:02.638,0.154549,0.68478,0.114232
18-Jan-2025 14:40:02.654,0.262672,0.592539,0.158825
18-Jan-2025 14:40:02.670,0.357356,0.547335,0.191201
18-Jan-2025 14:40:02.686,0.40256,0.503964,0.251066
18-Jan-2025 14:40:02.702,0.38851,0.432493,0.3036
18-Jan-2025 14:40:02.718,0.337198,0.299324,0.378126
18-Jan-2025 14:40:02.735,0.333532,0.249233,0.358578
18-Jan-2025 14:40:02.751,0.369573,0.172875,0.271835
18-Jan-2025 14:40:02.767,0.387289,0.065973,0.198531
18-Jan-2025 14:40:02.783,0.332311,-0.109345,0.138666
18-Jan-2025 14:40:02.799,0.200364,-0.249233,0.121562
18-Jan-2025 14:40:02.816,-0.041539,-0.429438,0.139888
18-Jan-2025 14:40:02.831,-0.204029,-0.527788,0.128282
18-Jan-2025 14:40:02.848,-0.321926,-0.500299,-0.00733
18-Jan-2025 14:40:02.864,-0.348193,-0.348804,-0.180816
18-Jan-2025 14:40:02.880,-0.300546,-0.029932,-0.425773
18-Jan-2025 14:40:02.896,-0.206472,0.210138,-0.583376
18-Jan-2025 14:40:02.912,-0.043371,0.344528,-0.621861
18-Jan-2025 14:40:02.928,0.044593,0.237016,-0.475864
18-Jan-2025 14:40:02.945,0.106901,0.048869,-0.292604
18-Jan-2025 14:40:02.961,0.206472,-0.158214,-0.004276
18-Jan-2025 14:40:02.977,0.279165,-0.269392,0.161879
18-Jan-2025 14:40:02.993,0.340863,-0.288328,0.277333
18-Jan-2025 14:40:03.009,0.332922,-0.210138,0.308487
18-Jan-2025 14:40:03.025,0.199142,0.088575,0.235183
18-Jan-2025 14:40:03.041,0.039095,0.394619,0.116675
18-Jan-2025 14:40:03.058,-0.184481,0.697608,-0.106291
18-Jan-2025 14:40:03.073,-0.320093,0.807564,-0.276722
18-Jan-2025 14:40:03.090,-0.447764,0.839329,-0.448375
18-Jan-2025 14:40:03.106,-0.539394,0.915687,-0.536951
18-Jan-2025 14:40:03.122,-0.688445,1.156979,-0.59987
18-Jan-2025 14:40:03.138,-0.778242,1.378723,-0.599259
18-Jan-2025 14:40:03.154,-0.825279,1.527163,-0.544281
18-Jan-2025 14:40:03.170,-0.807564,1.534493,-0.485638
18-Jan-2025 14:40:03.186,-0.743423,1.44042,-0.39523
18-Jan-2025 14:40:03.202,-0.629191,1.202183,-0.215025
18-Jan-2025 14:40:03.219,-0.535118,1.01648,-0.100182
18-Jan-2025 14:40:03.235,-0.38118,0.817338,0.025045
18-Jan-2025 14:40:03.251,-0.2474,0.73426,0.11973
18-Jan-2025 14:40:03.267,-0.064141,0.651182,0.237627
18-Jan-2025 14:40:03.283,0.092852,0.615752,0.273668
18-Jan-2025 14:40:03.300,0.259007,0.612087,0.258396
18-Jan-2025 14:40:03.315,0.340863,0.647517,0.196699
18-Jan-2025 14:40:03.332,0.379347,0.700052,0.11301
18-Jan-2025 14:40:03.348,0.356745,0.770301,0.081856
18-Jan-2025 14:40:03.364,0.312152,0.886976,0.017104
18-Jan-2025 14:40:03.380,0.295048,0.989602,-0.031154
18-Jan-2025 14:40:03.396,0.251676,1.118494,-0.045204
18-Jan-2025 14:40:03.412,0.233961,1.207681,-0.025656
18-Jan-2025 14:40:03.428,0.262061,1.238835,0.043371
18-Jan-2025 14:40:03.445,0.277333,1.237613,0.083689
18-Jan-2025 14:40:03.461,0.255342,1.197907,0.128282
18-Jan-2025 14:40:03.477,0.210138,1.141707,0.129503
18-Jan-2025 14:40:03.493,0.143553,1.096503,0.103847
18-Jan-2025 14:40:03.509,0.009163,1.096503,0.054978
18-Jan-2025 14:40:03.525,-0.106901,1.151481,0.025656
18-Jan-2025 14:40:03.542,-0.244957,1.300532,0.009163
18-Jan-2025 14:40:03.558,-0.301767,1.463022,0.017715
18-Jan-2025 14:40:03.574,-0.318261,1.641395,0.054367
18-Jan-2025 14:40:03.590,-0.316428,1.660332,0.129503
18-Jan-2025 14:40:03.606,-0.291383,1.550987,0.270002
18-Jan-2025 14:40:03.622,-0.263894,1.46119,0.397062
18-Jan-2025 14:40:03.638,-0.194255,1.329854,0.54367
18-Jan-2025 14:40:03.655,-0.11301,1.230283,0.61453
18-Jan-2025 14:40:03.671,-0.069639,1.10872,0.712269
18-Jan-2025 14:40:03.687,-0.07086,1.025643,0.764803
18-Jan-2025 14:40:03.703,-0.102014,0.959669,0.761749
18-Jan-2025 14:40:03.719,-0.151495,0.970054,0.733038
18-Jan-2025 14:40:03.735,-0.224798,1.02381,0.698219
18-Jan-2025 14:40:03.751,-0.29627,1.134988,0.633467
18-Jan-2025 14:40:03.767,-0.318872,1.24983,0.590707
18-Jan-2025 14:40:03.784,-0.273668,1.435533,0.500299
18-Jan-2025 14:40:03.800,-0.165544,1.51067,0.392175
18-Jan-2025 14:40:03.816,0.037874,1.470963,0.237627
18-Jan-2025 14:40:03.832,0.129503,1.422705,0.187536
18-Jan-2025 14:40:03.848,0.200364,1.361619,0.172264
18-Jan-2025 14:40:03.864,0.252898,1.258993,0.19792
18-Jan-2025 14:40:03.880,0.302989,1.136209,0.249844
18-Jan-2025 14:40:03.896,0.323759,1.080621,0.291994
18-Jan-2025 14:40:03.913,0.330478,1.070236,0.352469
18-Jan-2025 14:40:03.929,0.367741,1.053743,0.354302
18-Jan-2025 14:40:03.945,0.412334,0.923628,0.317039
18-Jan-2025 14:40:03.961,0.441045,0.747699,0.226631
18-Jan-2025 14:40:03.977,0.478307,0.574213,0.081245
18-Jan-2025 14:40:03.993,0.43066,0.413556,-0.075136
18-Jan-2025 14:40:04.009,0.3317,0.377515,-0.126449
18-Jan-2025 14:40:04.026,0.142942,0.280998,-0.085521
18-Jan-2025 14:40:04.042,0.015882,0.130725,-0.024435
18-Jan-2025 14:40:04.058,-0.007941,-0.029322,-0.008552
18-Jan-2025 14:40:04.074,0.045815,-0.139888,-0.003054
18-Jan-2025 14:40:04.090,0.171042,-0.235183,-0.00672
18-Jan-2025 14:40:04.106,0.295048,-0.290161,0.009163
18-Jan-2025 14:40:04.122,0.420886,-0.379347,0.07758
18-Jan-2025 14:40:04.138,0.433103,-0.507018,0.150884
18-Jan-2025 14:40:04.155,0.382402,-0.808175,0.205862
18-Jan-2025 14:40:04.171,0.35308,-1.100779,0.175929
18-Jan-2025 14:40:04.187,0.278555,-1.332297,0.062919
18-Jan-2025 14:40:04.203,0.142942,-1.247998,-0.078191
18-Jan-2025 14:40:04.219,-0.039095,-0.959669,-0.327424
18-Jan-2025 14:40:04.235,-0.137445,-0.72021,-0.479529
18-Jan-2025 14:40:04.251,-0.19792,-0.542448,-0.542448
18-Jan-2025 14:40:04.268,-0.243735,-0.378126,-0.51557
18-Jan-2025 14:40:04.284,-0.228464,-0.34575,-0.425162
18-Jan-2025 14:40:04.300,-0.117286,-0.411112,-0.248622
18-Jan-2025 14:40:04.316,0.001222,-0.488692,-0.098349
18-Jan-2025 14:40:04.332,0.139277,-0.624304,0.094073
18-Jan-2025 14:40:04.348,0.200975,-0.722043,0.216857
18-Jan-2025 14:40:04.364,0.24007,-0.723264,0.315817
18-Jan-2025 14:40:04.381,0.244957,-0.637743,0.336587
18-Jan-2025 14:40:04.397,0.21197,-0.504575,0.324369
18-Jan-2025 14:40:04.413,0.16921,-0.399506,0.28222
18-Jan-2025 14:40:04.429,0.133169,-0.199142,0.149051
18-Jan-2025 14:40:04.445,0.133779,-0.038485,0.012217
18-Jan-2025 14:40:04.461,0.110567,0.210749,-0.166766
18-Jan-2025 14:40:04.477,0.078802,0.429438,-0.276111
18-Jan-2025 14:40:04.493,0.061087,0.517403,-0.384234
18-Jan-2025 14:40:04.510,0.061087,0.554055,-0.458149
18-Jan-2025 14:40:04.526,0.080023,0.469145,-0.394619
18-Jan-2025 14:40:04.542,0.144164,0.365297,-0.243735
18-Jan-2025 14:40:04.558,0.216857,0.386067,-0.152105
18-Jan-2025 14:40:04.574,0.32498,0.397673,-0.110567
18-Jan-2025 14:40:04.590,0.433103,0.369573,-0.087965
18-Jan-2025 14:40:04.606,0.602924,0.156992,-0.067806
18-Jan-2025 14:40:04.622,0.723264,-0.01405,-0.0562
18-Jan-2025 14:40:04.639,0.830777,-0.243735,-0.034819
18-Jan-2025 14:40:04.655,0.852157,-0.353691,-0.023213
18-Jan-2025 14:40:04.671,0.763582,-0.22602,-0.061697
18-Jan-2025 14:40:04.687,0.612087,0.07758,-0.15516
18-Jan-2025 14:40:04.703,0.432493,0.473421,-0.312152
18-Jan-2025 14:40:04.719,0.358578,0.596815,-0.384845
18-Jan-2025 14:40:04.735,0.299935,0.521068,-0.362243
18-Jan-2025 14:40:04.752,0.17654,0.034819,-0.107512
18-Jan-2025 14:40:04.768,0.07025,-0.428217,0.145386
18-Jan-2025 14:40:04.784,0.07025,-0.85399,0.270613
18-Jan-2025 14:40:04.800,0.129503,-0.929737,0.198531
18-Jan-2025 14:40:04.816,0.166766,-0.728151,-0.080634
18-Jan-2025 14:40:04.832,0.124006,-0.427606,-0.26145
18-Jan-2025 14:40:04.848,-0.129503,-0.07086,-0.334143
18-Jan-2025 14:40:04.864,-0.356745,0.130725,-0.3036
18-Jan-2025 14:40:04.880,-0.518625,0.161268,-0.156382
18-Jan-2025 14:40:04.896,-0.493579,0.019548,0.03543
18-Jan-2025 14:40:04.913,-0.368963,-0.364076,0.314596
18-Jan-2025 14:40:04.929,-0.246179,-0.738536,0.543059
18-Jan-2025 14:40:04.945,-0.003054,-1.213789,0.817338
18-Jan-2025 14:40:04.961,0.243124,-1.448362,0.887587
18-Jan-2025 14:40:04.977,0.452651,-1.494787,0.83322
18-Jan-2025 14:40:04.994,0.502742,-1.217454,0.64263
18-Jan-2025 14:40:05.009,0.365908,-0.984715,0.419054
18-Jan-2025 14:40:05.026,0.144164,-0.806953,0.086743
18-Jan-2025 14:40:05.042,-0.064141,-0.808786,-0.03543
18-Jan-2025 14:40:05.058,-0.326813,-0.89675,-0.04948
18-Jan-2025 14:40:05.074,-0.511905,-0.98166,-0.045204
18-Jan-2025 14:40:05.090,-0.674395,-1.133766,0.031765
18-Jan-2025 14:40:05.106,-0.720821,-1.345125,0.085521
18-Jan-2025 14:40:05.122,-0.689056,-1.604132,0.11301
18-Jan-2025 14:40:05.138,-0.646295,-1.780672,0.147219
18-Jan-2025 14:40:05.155,-0.577268,-1.914452,0.223577
18-Jan-2025 14:40:05.171,-0.507629,-1.970651,0.287107
18-Jan-2025 14:40:05.187,-0.389732,-2.023186,0.314596
18-Jan-2025 14:40:05.203,-0.295048,-2.030516,0.285885
18-Jan-2025 14:40:05.219,-0.227242,-1.985923,0.234572
18-Jan-2025 14:40:05.235,-0.217468,-1.822822,0.167988
18-Jan-2025 14:40:05.251,-0.283441,-1.656667,0.128893
18-Jan-2025 14:40:05.268,-0.35308,-1.486846,0.121562
18-Jan-2025 14:40:05.284,-0.309709,-1.421483,0.106901
18-Jan-2025 14:40:05.300,-0.200975,-1.403157,0.074526
18-Jan-2025 14:40:05.316,-0.142332,-1.356121,0.025045
18-Jan-2025 14:40:05.332,-0.145386,-1.191798,-0.095906
18-Jan-2025 14:40:05.348,-0.244957,-0.934013,-0.218079
18-Jan-2025 14:40:05.364,-0.499077,-0.429438,-0.378736
18-Jan-2025 14:40:05.380,-0.739147,-0.136223,-0.456316
18-Jan-2025 14:40:05.397,-1.127657,-0.246179,-0.322537
18-Jan-2025 14:40:05.413,-1.329243,-0.875981,-0.078191
18-Jan-2025 14:40:05.429,-1.223563,-1.735468,0.106901
18-Jan-2025 14:40:05.445,-1.029308,-1.919339,0.18387
18-Jan-2025 14:40:05.461,-0.764192,-1.703092,0.111788
18-Jan-2025 14:40:05.477,-0.238237,-0.922406,-0.180205
18-Jan-2025 14:40:05.493,0.150884,-0.517403,-0.368352
18-Jan-2025 14:40:05.509,0.420886,-0.608422,-0.401949
18-Jan-2025 14:40:05.525,0.455705,-0.782518,-0.328645
18-Jan-2025 14:40:05.542,0.343917,-1.092838,-0.067806
18-Jan-2025 14:40:05.558,0.17654,-1.418429,0.235794
18-Jan-2025 14:40:05.574,-0.003665,-1.705536,0.469145
18-Jan-2025 14:40:05.590,-0.087965,-1.711644,0.421497
18-Jan-2025 14:40:05.606,-0.220522,-1.466077,0.193033
18-Jan-2025 14:40:05.622,-0.312152,-1.147816,0.002443
18-Jan-2025 14:40:05.639,-0.422719,-0.789849,-0.174707
18-Jan-2025 14:40:05.655,-0.451429,-0.621861,-0.314596
18-Jan-2025 14:40:05.671,-0.476475,-0.461814,-0.45204
18-Jan-2025 14:40:05.687,-0.475864,-0.345139,-0.468534
18-Jan-2025 14:40:05.703,-0.412945,-0.326202,-0.431271
18-Jan-2025 14:40:05.719,-0.250455,-0.474031,-0.361632
18-Jan-2025 14:40:05.735,-0.07758,-0.745256,-0.295659
18-Jan-2025 14:40:05.751,0.114232,-1.027475,-0.199753
18-Jan-2025 14:40:05.767,0.195477,-1.112996,-0.157603
18-Jan-2025 14:40:05.784,0.221133,-1.151481,-0.164934
18-Jan-2025 14:40:05.800,0.21869,-1.138653,-0.205862
18-Jan-2025 14:40:05.816,0.220522,-1.047023,-0.290161
18-Jan-2025 14:40:05.832,0.215635,-0.92485,-0.387289
18-Jan-2025 14:40:05.848,0.200975,-0.725097,-0.492357
18-Jan-2025 14:40:05.864,0.233961,-0.564439,-0.532064
18-Jan-2025 14:40:05.881,0.387899,-0.378736,-0.593761
18-Jan-2025 14:40:05.897,0.519846,-0.295659,-0.640187
18-Jan-2025 14:40:05.913,0.548557,-0.469755,-0.565661
18-Jan-2025 14:40:05.929,0.455095,-0.862542,-0.45204
18-Jan-2025 14:40:05.945,0.197309,-1.38361,-0.328035
18-Jan-2025 14:40:05.961,0.047037,-1.455692,-0.32498
18-Jan-2025 14:40:05.977,0.030543,-1.307252,-0.326202
18-Jan-2025 14:40:05.993,0.219301,-1.05924,-0.251676
18-Jan-2025 14:40:06.009,0.447153,-1.064738,-0.116675
18-Jan-2025 14:40:06.026,0.612698,-1.192409,0.044593
18-Jan-2025 14:40:06.042,0.555277,-1.182635,0.149662
18-Jan-2025 14:40:06.058,0.304211,-1.046412,0.23274
18-Jan-2025 14:40:06.074,0.062919,-1.039082,0.201586
18-Jan-2025 14:40:06.090,-0.163101,-1.116662,0.135001
18-Jan-2025 14:40:06.106,-0.259618,-1.154535,0.09896
18-Jan-2025 14:40:06.122,-0.318261,-1.149037,0.120951
18-Jan-2025 14:40:06.138,-0.309709,-1.13682,0.169821
18-Jan-2025 14:40:06.155,-0.222966,-1.218676,0.23274
18-Jan-2025 14:40:06.171,-0.089186,-1.38361,0.242514
18-Jan-2025 14:40:06.187,0.168599,-1.731192,0.244346
18-Jan-2025 14:40:06.203,0.293826,-1.956601,0.265116
18-Jan-2025 14:40:06.219,0.330478,-2.098933,0.315206
18-Jan-2025 14:40:06.235,0.201586,-1.977982,0.397673
18-Jan-2025 14:40:06.251,0.036041,-1.817935,0.427606
18-Jan-2025 14:40:06.267,-0.117897,-1.683545,0.419664
18-Jan-2025 14:40:06.284,-0.157603,-1.653612,0.419664
18-Jan-2025 14:40:06.300,-0.147219,-1.667051,0.403171
18-Jan-2025 14:40:06.316,-0.167377,-1.657277,0.375071
18-Jan-2025 14:40:06.332,-0.276111,-1.656667,0.319483
18-Jan-2025 14:40:06.348,-0.420886,-1.662775,0.283441
18-Jan-2025 14:40:06.364,-0.584598,-1.644449,0.250455
18-Jan-2025 14:40:06.380,-0.615752,-1.638951,0.257174
18-Jan-2025 14:40:06.397,-0.524733,-1.697595,0.293215
18-Jan-2025 14:40:06.413,-0.421497,-1.728749,0.31765
18-Jan-2025 14:40:06.429,-0.304211,-1.684155,0.343306
18-Jan-2025 14:40:06.445,-0.237016,-1.632232,0.380569
18-Jan-2025 14:40:06.461,-0.108734,-1.65911,0.433714
18-Jan-2025 14:40:06.477,-0.010996,-1.706147,0.451429
18-Jan-2025 14:40:06.493,0.045815,-1.709812,0.454484
18-Jan-2025 14:40:06.510,0.039095,-1.759903,0.468534
18-Jan-2025 14:40:06.526,0.040928,-1.797776,0.446543
18-Jan-2025 14:40:06.542,0.118508,-1.747075,0.320093
18-Jan-2025 14:40:06.558,0.133169,-1.668273,0.220522
18-Jan-2025 14:40:06.574,-0.000611,-1.509448,0.144164
18-Jan-2025 14:40:06.590,-0.174097,-1.350012,0.118508
18-Jan-2025 14:40:06.607,-0.450208,-1.322523,0.167988
18-Jan-2025 14:40:06.623,-0.520457,-1.464855,0.171042
18-Jan-2025 14:40:06.639,-0.436158,-1.733025,0.029322
18-Jan-2025 14:40:06.655,-0.350026,-1.794111,-0.109345
18-Jan-2025 14:40:06.671,-0.342695,-1.53938,-0.291383
18-Jan-2025 14:40:06.687,-0.350637,-1.319469,-0.386067
18-Jan-2025 14:40:06.703,-0.349415,-1.241278,-0.469145
18-Jan-2025 14:40:06.719,-0.378736,-1.252885,-0.445321
18-Jan-2025 14:40:06.735,-0.44471,-1.234559,-0.366519
18-Jan-2025 14:40:06.752,-0.441045,-1.240056,-0.353691
18-Jan-2025 14:40:06.768,-0.418443,-1.229672,-0.3598
18-Jan-2025 14:40:06.784,-0.425773,-1.2144,-0.419664
18-Jan-2025 14:40:06.800,-0.404393,-1.201572,-0.434325
18-Jan-2025 14:40:06.816,-0.43066,-1.064738,-0.434936
18-Jan-2025 14:40:06.832,-0.405615,-0.945619,-0.425773
18-Jan-2025 14:40:06.849,-0.244346,-0.801455,-0.40928
18-Jan-2025 14:40:06.864,-0.108734,-0.703106,-0.373239
18-Jan-2025 14:40:06.881,-0.034819,-0.516792,-0.320704
18-Jan-2025 14:40:06.897,-0.080634,-0.356134,-0.262061
18-Jan-2025 14:40:06.913,-0.205251,-0.203418,-0.143553
18-Jan-2025 14:40:06.929,-0.271224,-0.124006,-0.085521
18-Jan-2025 14:40:06.945,-0.263894,-0.001222,-0.038485
18-Jan-2025 14:40:06.961,-0.196699,0.150884,0.02138
18-Jan-2025 14:40:06.977,-0.080023,0.287107,0.107512
18-Jan-2025 14:40:06.993,0.117897,0.350026,0.278555
18-Jan-2025 14:40:07.010,0.260229,0.332922,0.394619
18-Jan-2025 14:40:07.026,0.37385,0.335976,0.440434
18-Jan-2025 14:40:07.042,0.350637,0.415999,0.387289
18-Jan-2025 14:40:07.058,0.232129,0.644463,0.250455
18-Jan-2025 14:40:07.074,0.133779,0.818559,0.152716
18-Jan-2025 14:40:07.089,0.076969,0.975552,0.029932
18-Jan-2025 14:40:07.106,0.094073,1.04458,-0.07025
18-Jan-2025 14:40:07.123,0.136834,1.169807,-0.182038
18-Jan-2025 14:40:07.139,0.127671,1.29198,-0.248011
18-Jan-2025 14:40:07.155,0.043371,1.538159,-0.346361
18-Jan-2025 14:40:07.171,-0.0281,1.780672,-0.473421
18-Jan-2025 14:40:07.187,-0.18387,2.034181,-0.522901
18-Jan-2025 14:40:07.203,-0.302989,2.108707,-0.505796
18-Jan-2025 14:40:07.219,-0.337198,2.049453,-0.464868
18-Jan-2025 14:40:07.235,-0.243124,1.982258,-0.427606
18-Jan-2025 14:40:07.252,-0.080634,2.013412,-0.383013
18-Jan-2025 14:40:07.268,0.125838,2.036014,-0.309098
18-Jan-2025 14:40:07.284,0.24007,2.288912,-0.277333
18-Jan-2025 14:40:07.300,0.434325,2.566245,-0.312152
18-Jan-2025 14:40:07.316,0.542448,2.729957,-0.364687
18-Jan-2025 14:40:07.332,0.503964,2.820365,-0.356745
18-Jan-2025 14:40:07.348,0.351858,2.871067,-0.233351
18-Jan-2025 14:40:07.365,0.091019,2.829528,0.097128
18-Jan-2025 14:40:07.381,-0.003054,2.78188,0.357967
18-Jan-2025 14:40:07.397,0.117286,2.54853,0.612698
18-Jan-2025 14:40:07.413,0.291383,2.365881,0.67806
18-Jan-2025 14:40:07.429,0.493579,2.141083,0.668287
18-Jan-2025 14:40:07.445,0.552833,1.986534,0.577879
18-Jan-2025 14:40:07.461,0.488081,1.916284,0.403782
18-Jan-2025 14:40:07.477,0.377515,1.952325,0.23274
18-Jan-2025 14:40:07.494,0.245568,2.043955,0.079412
18-Jan-2025 14:40:07.510,0.094684,2.150246,-0.033598
18-Jan-2025 14:40:07.526,0.029932,2.147802,-0.03543
18-Jan-2025 14:40:07.542,0.036652,2.085494,0
18-Jan-2025 14:40:07.558,0.089186,1.979203,0.065363
18-Jan-2025 14:40:07.574,0.196699,1.77945,0.160658
18-Jan-2025 14:40:07.590,0.268781,1.658499,0.196699
18-Jan-2025 14:40:07.606,0.254731,1.527774,0.229685
18-Jan-2025 14:40:07.622,0.207694,1.427592,0.252898
18-Jan-2025 14:40:07.639,0.172264,1.285871,0.236405
18-Jan-2025 14:40:07.655,0.147829,1.174083,0.201586
18-Jan-2025 14:40:07.671,0.106901,0.997543,0.171042
18-Jan-2025 14:40:07.687,0.087354,0.845438,0.174097
18-Jan-2025 14:40:07.703,0.107512,0.629191,0.199142
18-Jan-2025 14:40:07.719,0.144164,0.522901,0.214414
18-Jan-2025 14:40:07.736,0.170431,0.439212,0.244346
18-Jan-2025 14:40:07.751,0.159436,0.248622,0.301767
18-Jan-2025 14:40:07.768,0.108734,0.033598,0.363465
18-Jan-2025 14:40:07.784,0.069639,-0.23274,0.434936
18-Jan-2025 14:40:07.800,0.062919,-0.366519,0.414167
18-Jan-2025 14:40:07.816,0.041539,-0.41661,0.302989
18-Jan-2025 14:40:07.832,0.055589,-0.371406,0.227242
18-Jan-2025 14:40:07.848,0.097738,-0.401338,0.094073
18-Jan-2025 14:40:07.864,0.036652,-0.511294,0.016493
18-Jan-2025 14:40:07.880,-0.161879,-0.648739,-0.053756
18-Jan-2025 14:40:07.897,-0.263283,-0.696386,-0.149662
18-Jan-2025 14:40:07.913,-0.265116,-0.631635,-0.299935
18-Jan-2025 14:40:07.929,-0.159436,-0.48747,-0.464868
18-Jan-2025 14:40:07.945,0.10568,-0.194255,-0.6353
18-Jan-2025 14:40:07.961,0.257174,-0.040928,-0.630413
18-Jan-2025 14:40:07.977,0.365297,0.095906,-0.51557
18-Jan-2025 14:40:07.993,0.456927,0.225409,-0.255342
18-Jan-2025 14:40:08.010,0.490525,0.279776,-0.010385
18-Jan-2025 14:40:08.026,0.525955,0.182038,0.257174
18-Jan-2025 14:40:08.042,0.551611,0.04215,0.421497
18-Jan-2025 14:40:08.058,0.527177,-0.130725,0.558331
18-Jan-2025 14:40:08.074,0.486249,-0.14111,0.568105
18-Jan-2025 14:40:08.090,0.390954,0.047647,0.40928
18-Jan-2025 14:40:08.106,0.265726,0.305433,0.147219
18-Jan-2025 14:40:08.121,0.02138,0.688445,-0.231518
18-Jan-2025 14:40:08.139,-0.151495,0.852768,-0.364076
18-Jan-2025 14:40:08.155,-0.24679,0.912022,-0.42333
18-Jan-2025 14:40:08.171,-0.227242,0.871705,-0.384234
18-Jan-2025 14:40:08.187,-0.099571,0.769079,-0.270613
18-Jan-2025 14:40:08.203,0.040317,0.697608,-0.161268
18-Jan-2025 14:40:08.219,0.158825,0.679282,-0.061697
18-Jan-2025 14:40:08.235,0.23274,0.715934,0.051924
18-Jan-2025 14:40:08.251,0.223577,0.762971,0.099571
18-Jan-2025 14:40:08.268,0.212581,0.783129,0.092852
18-Jan-2025 14:40:08.284,0.233351,0.803288,0.032376
18-Jan-2025 14:40:08.300,0.24679,0.80451,-0.061087
18-Jan-2025 14:40:08.316,0.237627,0.802066,-0.108734
18-Jan-2025 14:40:08.332,0.208916,0.807564,-0.160047
18-Jan-2025 14:40:08.348,0.195477,0.814283,-0.173486
18-Jan-2025 14:40:08.364,0.186925,0.842383,-0.178984
18-Jan-2025 14:40:08.381,0.172264,0.821003,-0.194255
18-Jan-2025 14:40:08.396,0.103847,0.772745,-0.254731
18-Jan-2025 14:40:08.413,0.023213,0.752586,-0.321315
18-Jan-2025 14:40:08.429,0.012828,0.814894,-0.418443
18-Jan-2025 14:40:08.445,0.069028,0.85399,-0.43738
18-Jan-2025 14:40:08.461,0.125838,0.821003,-0.332922
18-Jan-2025 14:40:08.477,0.210749,0.524733,0.004887
18-Jan-2025 14:40:08.493,0.308487,0.267559,0.24679
18-Jan-2025 14:40:08.509,0.496633,-0.015272,0.222966
18-Jan-2025 14:40:08.525,0.558331,0.001222,-0.059865
18-Jan-2025 14:40:08.542,0.355524,0.314596,-0.496633
18-Jan-2025 14:40:08.558,0.020769,0.704938,-0.742201
18-Jan-2025 14:40:08.574,-0.400117,1.177748,-0.9389
18-Jan-2025 14:40:08.590,-0.551,1.375669,-0.991434
18-Jan-2025 14:40:08.606,-0.549168,1.357953,-0.84727
18-Jan-2025 14:40:08.622,-0.417221,1.211957,-0.62125
18-Jan-2025 14:40:08.638,-0.136834,0.958448,-0.262672
18-Jan-2025 14:40:08.654,0.064752,0.739758,0.04215
18-Jan-2025 14:40:08.671,0.237627,0.497855,0.379347
18-Jan-2025 14:40:08.687,0.291383,0.354302,0.559553
18-Jan-2025 14:40:08.703,0.318872,0.219301,0.671341
18-Jan-2025 14:40:08.719,0.308487,0.025656,0.64935
18-Jan-2025 14:40:08.735,0.226631,-0.020159,0.534507
18-Jan-2025 14:40:08.751,-0.019548,0.083689,0.31032
18-Jan-2025 14:40:08.767,-0.235183,0.256563,0.102625
18-Jan-2025 14:40:08.784,-0.481362,0.431882,-0.055589
18-Jan-2025 14:40:08.800,-0.554666,0.401949,-0.090408
18-Jan-2025 14:40:08.816,-0.499077,0.191812,-0.076969
18-Jan-2025 14:40:08.832,-0.389121,-0.045204,-0.011606
18-Jan-2025 14:40:08.848,-0.235794,-0.265116,0.069639
18-Jan-2025 14:40:08.864,-0.193033,-0.302989,0.103236
18-Jan-2025 14:40:08.880,-0.200364,-0.277944,0.121562
18-Jan-2025 14:40:08.896,-0.194866,-0.304822,0.136223
18-Jan-2025 14:40:08.913,-0.152716,-0.42333,0.167988
18-Jan-2025 14:40:08.929,-0.100182,-0.541837,0.188757
18-Jan-2025 14:40:08.945,-0.062919,-0.641409,0.182649
18-Jan-2025 14:40:08.961,-0.092852,-0.645074,0.152105
18-Jan-2025 14:40:08.977,-0.156992,-0.645074,0.130114
18-Jan-2025 14:40:08.993,-0.206472,-0.652404,0.106901
18-Jan-2025 14:40:09.009,-0.237627,-0.691499,0.105069
18-Jan-2025 14:40:09.026,-0.257174,-0.781297,0.105069
18-Jan-2025 14:40:09.042,-0.270613,-0.864985,0.104458
18-Jan-2025 14:40:09.058,-0.302378,-0.992656,0.066584
18-Jan-2025 14:40:09.074,-0.321926,-1.042747,0.081245
18-Jan-2025 14:40:09.090,-0.344528,-1.111164,0.086743
18-Jan-2025 14:40:09.106,-0.336587,-1.147816,0.069639
18-Jan-2025 14:40:09.122,-0.3598,-1.277319,-0.031154
18-Jan-2025 14:40:09.138,-0.42333,-1.316415,-0.126449
18-Jan-2025 14:40:09.153,-0.565661,-1.436755,-0.191812
18-Jan-2025 14:40:09.171,-0.653015,-1.584584,-0.253509
18-Jan-2025 14:40:09.187,-0.758084,-1.551598,-0.364076
18-Jan-2025 14:40:09.203,-0.929126,-1.586417,-0.449597
18-Jan-2025 14:40:09.219,-1.085508,-1.4899,-0.473421
18-Jan-2025 14:40:09.235,-1.469131,-1.477072,-0.386067
18-Jan-2025 14:40:09.251,-1.837483,-1.509448,-0.290161
18-Jan-2025 14:40:09.268,-2.456289,-1.576643,-0.204029
18-Jan-2025 14:40:09.284,-2.945592,-1.470353,-0.158825
18-Jan-2025 14:40:09.300,-3.484986,-1.260215,-0.199753
18-Jan-2025 14:40:09.316,-3.744604,-0.957837,-0.329867
18-Jan-2025 14:40:09.332,-3.981009,-0.359189,-0.503964
18-Jan-2025 14:40:09.348,-3.915646,-0.065363,-0.651182
18-Jan-2025 14:40:09.364,-3.421456,-0.332311,-0.816116
18-Jan-2025 14:40:09.381,-2.842967,-0.760527,-0.888809
18-Jan-2025 14:40:09.397,-1.794111,-0.948674,-0.855211
18-Jan-2025 14:40:09.413,-1.22173,-1.10872,-0.781297
18-Jan-2025 14:40:09.429,-0.899194,-1.257771,-0.67073
18-Jan-2025 14:40:09.445,-0.885755,-1.266935,-0.580322
18-Jan-2025 14:40:09.461,-1.021367,-1.244333,-0.469145
18-Jan-2025 14:40:09.477,-1.29931,-1.092838,-0.318261
18-Jan-2025 14:40:09.493,-1.503339,-0.952339,-0.281609
18-Jan-2025 14:40:09.510,-1.582752,-0.780686,-0.425773
18-Jan-2025 14:40:09.526,-1.59558,-0.711047,-0.542448
18-Jan-2025 14:40:09.542,-1.509448,-0.450819,-0.719599
18-Jan-2025 14:40:09.558,-1.357343,-0.368963,-0.837496
18-Jan-2025 14:40:09.574,-1.111164,-0.258396,-0.957837
18-Jan-2025 14:40:09.591,-0.950506,-0.167377,-0.979828
18-Jan-2025 14:40:09.606,-0.643241,-0.188757,-0.905302
18-Jan-2025 14:40:09.623,-0.408058,-0.229074,-0.766025
18-Jan-2025 14:40:09.639,-0.194255,-0.351858,-0.583376
18-Jan-2025 14:40:09.655,-0.076358,-0.370184,-0.475253
18-Jan-2025 14:40:09.671,-0.032987,-0.482584,-0.432493
18-Jan-2025 14:40:09.687,0.050702,-0.556498,-0.428217
18-Jan-2025 14:40:09.703,0.172875,-0.59315,-0.397062
18-Jan-2025 14:40:09.719,0.248011,-0.497855,-0.332922
18-Jan-2025 14:40:09.736,0.252898,-0.378736,-0.274889
18-Jan-2025 14:40:09.752,0.127671,-0.372017,-0.265116
18-Jan-2025 14:40:09.768,-0.018937,-0.468534,-0.341474
18-Jan-2025 14:40:09.784,-0.223577,-0.57177,-0.494801
18-Jan-2025 14:40:09.800,-0.368963,-0.623083,-0.574213
18-Jan-2025 14:40:09.816,-0.478918,-0.572381,-0.6072
18-Jan-2025 14:40:09.833,-0.441045,-0.465479,-0.574824
18-Jan-2025 14:40:09.848,-0.282831,-0.397673,-0.505186
18-Jan-2025 14:40:09.864,-0.121562,-0.439212,-0.39523
18-Jan-2025 14:40:09.881,0.045815,-0.571159,-0.263894
18-Jan-2025 14:40:09.897,0.131336,-0.673173,-0.205862
18-Jan-2025 14:40:09.913,0.161879,-0.808175,-0.20464
18-Jan-2025 14:40:09.929,0.170431,-0.803288,-0.221744
18-Jan-2025 14:40:09.945,0.07025,-0.691499,-0.207694
18-Jan-2025 14:40:09.962,-0.030543,-0.645685,-0.212581
18-Jan-2025 14:40:09.978,-0.045815,-0.43799,-0.200364
18-Jan-2025 14:40:09.994,-0.004276,-0.191201,-0.196699
18-Jan-2025 14:40:10.010,0.029322,-0.104458,-0.21869
18-Jan-2025 14:40:10.026,0.093462,-0.221744,-0.307265
18-Jan-2025 14:40:10.042,0.10568,-0.325591,-0.404393
18-Jan-2025 14:40:10.058,-0.01405,-0.216857,-0.48747
18-Jan-2025 14:40:10.075,-0.109956,-0.024435,-0.438601
18-Jan-2025 14:40:10.090,-0.12706,0.07025,-0.299935
18-Jan-2025 14:40:10.107,-0.051924,0.052534,-0.18326
18-Jan-2025 14:40:10.123,0.099571,-0.034819,-0.058643
18-Jan-2025 14:40:10.139,0.194866,-0.113621,-0.00672
18-Jan-2025 14:40:10.155,0.288328,-0.235794,-0.003665
18-Jan-2025 14:40:10.171,0.312763,-0.293826,-0.017104
18-Jan-2025 14:40:10.187,0.266337,-0.269392,0.01405
18-Jan-2025 14:40:10.203,0.20464,-0.263894,0.044593
18-Jan-2025 14:40:10.220,0.174097,-0.264505,0.045204
18-Jan-2025 14:40:10.236,0.205251,-0.252287,0.036652
18-Jan-2025 14:40:10.252,0.209527,-0.222355,0.039706
18-Jan-2025 14:40:10.268,0.178373,-0.242514,0.050702
18-Jan-2025 14:40:10.284,0.223577,-0.295048,0.055589
18-Jan-2025 14:40:10.300,0.375682,-0.418443,0.095906
18-Jan-2025 14:40:10.317,0.272446,-0.307876,0.126449
18-Jan-2025 14:40:10.333,0.003054,0.008552,0.122173
18-Jan-2025 14:40:10.349,-0.24679,0.214414,0.07758
18-Jan-2025 14:40:10.365,-0.37385,0.37446,-0.014661
18-Jan-2025 14:40:10.381,-0.265116,0.244957,-0.036041
